Unity Editor version:    6000.5.4f1 (d550df8bd089)
Branch:                  6000.5/staging
Build type:              Release
Batch mode:              YES
macOS version:           Version 15.2 (Build 24C101)
Darwin version:          24.2.0
Architecture:            arm64
Running under Rosetta:   NO
Available memory:        16384 MB
Date:                    2026-08-26T03:22:50Z
[Licensing::Module] Trying to connect to existing licensing client channel...
[Licensing::IpcConnector] Channel LicenseClient-tuantu doesn't exist
Launching external process: /Applications/Unity/Hub/Editor/6000.5.4f1/Unity.app/Contents/Helpers/UnityLicensingClient.app/Contents/MacOS/Unity.Licensing.Client
[Licensing::Module] Successfully launched the LicensingClient (PId: 46598)
Launching external process: /Applications/Unity/Hub/Editor/6000.5.4f1/Unity.app/Contents/Helpers/PackageManager/Server/UnityPackageManager

COMMAND LINE ARGUMENTS:
/Applications/Unity/Hub/Editor/6000.5.4f1/Unity.app/Contents/MacOS/Unity
-batchmode
-quit
-projectPath
/Users/tuantu/Desktop/dev/AI/mobile/game_df/LaMuralla
-logFile
/Users/tuantu/Desktop/dev/AI/mobile/game_df/admob-package-unity.log
Successfully changed project path to: /Users/tuantu/Desktop/dev/AI/mobile/game_df/LaMuralla
/Users/tuantu/Desktop/dev/AI/mobile/game_df/LaMuralla
[UnityMemory] Configuration Parameters - Can be set up in boot.config
    "memorysetup-temp-allocator-size-gi-baking-worker=262144"
    "memorysetup-temp-allocator-size-gi-baking-worker=262144"
    "memorysetup-temp-allocator-size-gi-baking-worker=262144"
    "memorysetup-temp-allocator-size-gi-baking-worker=262144"
    "memorysetup-temp-allocator-size-gi-baking-worker=262144"
    "memorysetup-temp-allocator-size-nav-mesh-worker=65536"
    "memorysetup-temp-allocator-size-audio-worker=65536"
    "memorysetup-temp-allocator-size-cloud-worker=32768"
    "memorysetup-allocator-temp-initial-block-size-main=262144"
    "memorysetup-allocator-temp-initial-block-size-worker=262144"
    "memorysetup-temp-allocator-size-preload-manager=33554432"
    "memorysetup-temp-allocator-size-gfx=262144"
    "memorysetup-temp-allocator-size-background-worker=32768"
    "memorysetup-temp-allocator-size-job-worker=262144"
    "memorysetup-bucket-allocator-granularity=16"
    "memorysetup-bucket-allocator-bucket-count=8"
    "memorysetup-bucket-allocator-block-size=33554432"
    "memorysetup-bucket-allocator-block-count=8"
    "memorysetup-main-allocator-block-size=16777216"
    "memorysetup-thread-allocator-block-size=16777216"
    "memorysetup-main-allocator-mimalloc-enabled=0"
    "memorysetup-gfx-main-allocator-block-size=16777216"
    "memorysetup-gfx-thread-allocator-block-size=16777216"
    "memorysetup-cache-allocator-block-size=4194304"
    "memorysetup-typetree-allocator-block-size=2097152"
    "memorysetup-profiler-bucket-allocator-granularity=16"
    "memorysetup-profiler-bucket-allocator-bucket-count=8"
    "memorysetup-profiler-bucket-allocator-block-size=33554432"
    "memorysetup-profiler-bucket-allocator-block-count=8"
    "memorysetup-profiler-allocator-block-size=16777216"
    "memorysetup-profiler-editor-allocator-block-size=1048576"
    "memorysetup-temp-allocator-size-main=16777216"
    "memorysetup-job-temp-allocator-block-size=2097152"
    "memorysetup-job-temp-allocator-block-size-background=1048576"
    "memorysetup-job-temp-allocator-reduction-small-platforms=262144"
Logging is directed to a specific file, skipping project log.Player connection [8314307136]  Target information:

Player connection [8314307136]  * "[IP] 192.168.1.29 [Port] 55504 [Flags] 2 [Guid] 4257445352 [EditorId] 4257445352 [Version] 1048832 [Id] OSXEditor(0,Mac-mini-cua-Le.local) [Debug] 1 [PackageName] OSXEditor [ProjectName] Editor" 

Player connection [8314307136] Host joined multi-casting on [225.0.0.222:54997]...
Player connection [8314307136] Host joined alternative multi-casting on [225.0.0.222:34997]...
Input System module state changed to: Initialized.
[Physics::Module] Initialized fallback backend.
[Physics::Module] Id: 0xdecafbad
[Licensing::IpcConnector] Successfully connected to: "LicenseClient-tuantu" at "2026-08-26T03:22:51.255539Z"
[Package Manager] Connected to IPC stream "Upm-46597" after 0.2 seconds.
[Licensing::Module] Licensing is not yet initialized.
[Licensing::Client] Handshaking with LicensingClient:
  Version:                 1.18.1+9fbee8e
  Session Id:              6e7a7cf61db84fa6aa5f8c9b1cca8e90
  Correlation Id:          801e0538501c409bbd5d2c41eb23a35c
  External correlation Id: 1263224299003130564
  Machine Id:              tZ6ndV0Sv7z2pvARXWdt0M81v+k=
[Licensing::Module] Successfully connected to LicensingClient on channel: "LicenseClient-tuantu" (connect: 0.38s, validation: 0.03s, handshake: 0.29s)
[Licensing::IpcConnector] Successfully connected to: "LicenseClient-tuantu-notifications" at "2026-08-26T03:22:51.570497Z"
[Licensing::Module] Connected to LicensingClient (PId: 46598, launch time: 0.00, total connection time: 0.70s)
[Licensing::Module] Error: Access token is unavailable; failed to update
[Licensing::Client] Successfully resolved entitlement details
[Licensing::Module] License group:
  Id: 18968467365468-UnityPersXXXX
  Product: Unity Personal
  Type: Assigned
  Expiration: Unlimited
[Licensing::Client] Successfully updated license, isAsync: True, time: 0.00
[Licensing::Client] Successfully resolved entitlement details
[Licensing::Module] Licensing Background thread has ended after 0.71s
[Licensing::Module] Licensing is initialized (took 0.26s).
[Licensing::Client] Successfully resolved entitlement details
Library Redirect Path: Library/
[Physics::Module] Selected backend.
[Physics::Module] Name: PhysX
[Physics::Module] Id: 0xf2b8ea05
[Physics::Module] SDK Version: 4.1.2
[Physics::Module] Integration Version: 1.0.0
[Physics::Module] Threading Mode: Multi-Threaded
[Licensing::Client] Successfully resolved entitlement details
Initialize engine version: 6000.5.4f1 (d550df8bd089)
[Subsystems] Discovering subsystems at path /Applications/Unity/Hub/Editor/6000.5.4f1/Unity.app/Contents/Resources/UnitySubsystems
[Subsystems] Discovering subsystems at path /Users/tuantu/Desktop/dev/AI/mobile/game_df/LaMuralla/Assets
GfxDevice: creating device client; kGfxThreadingModeNonThreaded
 preferred device: Apple M4 (high power)
Metal devices available: 1
0: Apple M4 (high power)
Using device Apple M4 (high power)
Initializing Metal device caps: Apple M4
Mac GPU Family: 2
Apple GPU Family: 9
MSL Version: 3.0
Has Float MSAA: 1
Has Float Filtering: 1
ReadWrite Texture Tier: 2
Initialize mono
Mono path[0] = '/Applications/Unity/Hub/Editor/6000.5.4f1/Unity.app/Contents/Resources/Scripting/Managed'
Mono path[1] = '/Applications/Unity/Hub/Editor/6000.5.4f1/Unity.app/Contents/Resources/Scripting/BCLExtensions/runtime/netstandard2.1'
Mono path[2] = '/Applications/Unity/Hub/Editor/6000.5.4f1/Unity.app/Contents/Resources/Scripting/MonoBleedingEdge/lib/mono/unityjit-macos'
Mono config path = '/Applications/Unity/Hub/Editor/6000.5.4f1/Unity.app/Contents/Resources/Scripting/MonoBleedingEdge/etc'
Using monoOptions --debugger-agent=transport=dt_socket,embedding=1,server=y,suspend=n,address=127.0.0.1:56597
CodeReloadManager initialized
ImportWorker Server TCP listen port: 0
AcceleratorClientConnectionCallback - disconnected - :0
Begin MonoManager ReloadAssembly
Registering precompiled unity dll's ...
Register platform support module: /Applications/Unity/Hub/Editor/6000.5.4f1/PlaybackEngines/MacStandaloneSupport/UnityEditor.OSXStandalone.Extensions.dll
Register platform support module: /Applications/Unity/Hub/Editor/6000.5.4f1/PlaybackEngines/iOSSupport/UnityEditor.iOS.Extensions.dll
Registered in 0.001289 seconds.
[usbmuxd] Start listen thread
[usbmuxd] Listen thread started
[usbmuxd] Send listen message
Native extension for iOS target not found
Native extension for OSXStandalone target not found
Package Manager log level set to [2]
ScheduleIndexationOnStartup MainProcess:False IndexOnStartup:True
Mono: successfully reloaded assembly
- Finished resetting the current domain, in  0.286 seconds
Domain Reload Profiling: 658ms
	BeginReloadAssembly (111ms)
		CreateAndSetChildDomain (16ms)
	RebuildCommonClasses (4ms)
	RebuildNativeTypeToScriptingClass (17ms)
	initialDomainReloadingComplete (39ms)
	LoadAllAssembliesAndSetupDomain (200ms)
		LoadAssemblies (95ms)
		AnalyzeDomain (154ms)
			TypeCache.Refresh (153ms)
				TypeCache.ScanAssembly (141ms)
	FinalizeReload (286ms)
		SetupLoadedEditorAssemblies (0ms)
			InitializePlatformSupportModulesInManaged (59ms)
			BeforeProcessingInitializeOnLoad (49ms)
			ProcessInitializeOnLoadAttributes (58ms)
			ProcessInitializeOnLoadMethodAttributes (81ms)
[Licensing::Client] Successfully resolved entitlement details
[Licensing::Client] Successfully resolved entitlement details
Application.AssetDatabase Initial Refresh Start
[Package Manager] Restoring resolved packages state from cache
[Licensing::Client] Successfully resolved entitlement details
[Package Manager] Registered 33 packages:
  Packages from [https://packages.unity.com]:
    com.unity.inputsystem@1.19.0 (location: /Users/tuantu/Desktop/dev/AI/mobile/game_df/LaMuralla/Library/PackageCache/com.unity.inputsystem@21a28c3a6c83)
    com.unity.ide.rider@3.0.38 (location: /Users/tuantu/Desktop/dev/AI/mobile/game_df/LaMuralla/Library/PackageCache/com.unity.ide.rider@1f60b3138684)
    com.unity.ide.visualstudio@2.0.26 (location: /Users/tuantu/Desktop/dev/AI/mobile/game_df/LaMuralla/Library/PackageCache/com.unity.ide.visualstudio@a99d56dec63f)
    com.unity.searcher@4.9.4 (location: /Users/tuantu/Desktop/dev/AI/mobile/game_df/LaMuralla/Library/PackageCache/com.unity.searcher@d45a78918735)
    com.unity.burst@1.8.29 (location: /Users/tuantu/Desktop/dev/AI/mobile/game_df/LaMuralla/Library/PackageCache/com.unity.burst@6bb9aca3ef38)
    com.unity.nuget.mono-cecil@1.11.6 (location: /Users/tuantu/Desktop/dev/AI/mobile/game_df/LaMuralla/Library/PackageCache/com.unity.nuget.mono-cecil@ecb9724e46ff)
    com.unity.test-framework.performance@3.5.0 (location: /Users/tuantu/Desktop/dev/AI/mobile/game_df/LaMuralla/Library/PackageCache/com.unity.test-framework.performance@8b56083ec0f0)
  Built-in packages:
    com.unity.2d.sprite@1.0.0 (location: /Users/tuantu/Desktop/dev/AI/mobile/game_df/LaMuralla/Library/PackageCache/com.unity.2d.sprite@053a968eab56)
    com.unity.render-pipelines.universal@17.5.0 (location: /Users/tuantu/Desktop/dev/AI/mobile/game_df/LaMuralla/Library/PackageCache/com.unity.render-pipelines.universal@e38be786c41e)
    com.unity.test-framework@1.7.0 (location: /Users/tuantu/Desktop/dev/AI/mobile/game_df/LaMuralla/Library/PackageCache/com.unity.test-framework@1405238725ab)
    com.unity.ugui@2.5.0 (location: /Users/tuantu/Desktop/dev/AI/mobile/game_df/LaMuralla/Library/PackageCache/com.unity.ugui@f2d87ebaaa32)
    com.unity.modules.animation@1.0.0 (location: /Users/tuantu/Desktop/dev/AI/mobile/game_df/LaMuralla/Library/PackageCache/com.unity.modules.animation)
    com.unity.modules.audio@1.0.0 (location: /Users/tuantu/Desktop/dev/AI/mobile/game_df/LaMuralla/Library/PackageCache/com.unity.modules.audio)
    com.unity.modules.director@1.0.0 (location: /Users/tuantu/Desktop/dev/AI/mobile/game_df/LaMuralla/Library/PackageCache/com.unity.modules.director)
    com.unity.modules.imageconversion@1.0.0 (location: /Users/tuantu/Desktop/dev/AI/mobile/game_df/LaMuralla/Library/PackageCache/com.unity.modules.imageconversion)
    com.unity.modules.imgui@1.0.0 (location: /Users/tuantu/Desktop/dev/AI/mobile/game_df/LaMuralla/Library/PackageCache/com.unity.modules.imgui)
    com.unity.modules.jsonserialize@1.0.0 (location: /Users/tuantu/Desktop/dev/AI/mobile/game_df/LaMuralla/Library/PackageCache/com.unity.modules.jsonserialize)
    com.unity.modules.particlesystem@1.0.0 (location: /Users/tuantu/Desktop/dev/AI/mobile/game_df/LaMuralla/Library/PackageCache/com.unity.modules.particlesystem)
    com.unity.modules.physics2d@1.0.0 (location: /Users/tuantu/Desktop/dev/AI/mobile/game_df/LaMuralla/Library/PackageCache/com.unity.modules.physics2d)
    com.unity.modules.physicscore2d@1.0.0 (location: /Users/tuantu/Desktop/dev/AI/mobile/game_df/LaMuralla/Library/PackageCache/com.unity.modules.physicscore2d)
    com.unity.modules.screencapture@1.0.0 (location: /Users/tuantu/Desktop/dev/AI/mobile/game_df/LaMuralla/Library/PackageCache/com.unity.modules.screencapture)
    com.unity.modules.ui@1.0.0 (location: /Users/tuantu/Desktop/dev/AI/mobile/game_df/LaMuralla/Library/PackageCache/com.unity.modules.ui)
    com.unity.modules.uielements@1.0.0 (location: /Users/tuantu/Desktop/dev/AI/mobile/game_df/LaMuralla/Library/PackageCache/com.unity.modules.uielements)
    com.unity.modules.unitywebrequest@1.0.0 (location: /Users/tuantu/Desktop/dev/AI/mobile/game_df/LaMuralla/Library/PackageCache/com.unity.modules.unitywebrequest)
    com.unity.modules.hierarchycore@1.0.0 (location: /Users/tuantu/Desktop/dev/AI/mobile/game_df/LaMuralla/Library/PackageCache/com.unity.modules.hierarchycore)
    com.unity.modules.physics@1.0.0 (location: /Users/tuantu/Desktop/dev/AI/mobile/game_df/LaMuralla/Library/PackageCache/com.unity.modules.physics)
    com.unity.ext.nunit@2.1.0 (location: /Users/tuantu/Desktop/dev/AI/mobile/game_df/LaMuralla/Library/PackageCache/com.unity.ext.nunit@44f7d31723bd)
    com.unity.render-pipelines.core@17.5.0 (location: /Users/tuantu/Desktop/dev/AI/mobile/game_df/LaMuralla/Library/PackageCache/com.unity.render-pipelines.core@539ef1c759fb)
    com.unity.shadergraph@17.5.0 (location: /Users/tuantu/Desktop/dev/AI/mobile/game_df/LaMuralla/Library/PackageCache/com.unity.shadergraph@636559dc59a3)
    com.unity.render-pipelines.universal-config@17.5.0 (location: /Users/tuantu/Desktop/dev/AI/mobile/game_df/LaMuralla/Library/PackageCache/com.unity.render-pipelines.universal-config@fdda01c80fe3)
    com.unity.collections@6.5.0 (location: /Users/tuantu/Desktop/dev/AI/mobile/game_df/LaMuralla/Library/PackageCache/com.unity.collections@a43cabe808ca)
    com.unity.modules.terrain@1.0.0 (location: /Users/tuantu/Desktop/dev/AI/mobile/game_df/LaMuralla/Library/PackageCache/com.unity.modules.terrain)
    com.unity.mathematics@1.4.0 (location: /Users/tuantu/Desktop/dev/AI/mobile/game_df/LaMuralla/Library/PackageCache/com.unity.mathematics@981956d94fb6)
[Subsystems] No new subsystems found in resolved package list.
[Package Manager] Done registering packages in 0.01 seconds
[Package Manager] Done resolving packages in 8.28 seconds
[Licensing::Client] Successfully resolved entitlement details
[Package Manager] Lock file was modified
2 packages have been installed without signatures. For more details, check the Package Manager window (Window > Package Management -> Package Manager).
[Package Manager] Registered 36 packages:
  Packages from [https://package.openupm.com]:
    com.google.ads.mobile@11.3.0 (location: /Users/tuantu/Desktop/dev/AI/mobile/game_df/LaMuralla/Library/PackageCache/com.google.ads.mobile@d3eae59ba596)
    com.google.external-dependency-manager@1.2.187 (location: /Users/tuantu/Desktop/dev/AI/mobile/game_df/LaMuralla/Library/PackageCache/com.google.external-dependency-manager@f5312a5700af)
  Packages from [https://packages.unity.com]:
    com.unity.inputsystem@1.19.0 (location: /Users/tuantu/Desktop/dev/AI/mobile/game_df/LaMuralla/Library/PackageCache/com.unity.inputsystem@21a28c3a6c83)
    com.unity.ide.rider@3.0.38 (location: /Users/tuantu/Desktop/dev/AI/mobile/game_df/LaMuralla/Library/PackageCache/com.unity.ide.rider@1f60b3138684)
    com.unity.ide.visualstudio@2.0.26 (location: /Users/tuantu/Desktop/dev/AI/mobile/game_df/LaMuralla/Library/PackageCache/com.unity.ide.visualstudio@a99d56dec63f)
    com.unity.searcher@4.9.4 (location: /Users/tuantu/Desktop/dev/AI/mobile/game_df/LaMuralla/Library/PackageCache/com.unity.searcher@d45a78918735)
    com.unity.burst@1.8.29 (location: /Users/tuantu/Desktop/dev/AI/mobile/game_df/LaMuralla/Library/PackageCache/com.unity.burst@6bb9aca3ef38)
    com.unity.nuget.mono-cecil@1.11.6 (location: /Users/tuantu/Desktop/dev/AI/mobile/game_df/LaMuralla/Library/PackageCache/com.unity.nuget.mono-cecil@ecb9724e46ff)
    com.unity.test-framework.performance@3.5.0 (location: /Users/tuantu/Desktop/dev/AI/mobile/game_df/LaMuralla/Library/PackageCache/com.unity.test-framework.performance@8b56083ec0f0)
  Built-in packages:
    com.unity.2d.sprite@1.0.0 (location: /Users/tuantu/Desktop/dev/AI/mobile/game_df/LaMuralla/Library/PackageCache/com.unity.2d.sprite@053a968eab56)
    com.unity.render-pipelines.universal@17.5.0 (location: /Users/tuantu/Desktop/dev/AI/mobile/game_df/LaMuralla/Library/PackageCache/com.unity.render-pipelines.universal@e38be786c41e)
    com.unity.test-framework@1.7.0 (location: /Users/tuantu/Desktop/dev/AI/mobile/game_df/LaMuralla/Library/PackageCache/com.unity.test-framework@1405238725ab)
    com.unity.ugui@2.5.0 (location: /Users/tuantu/Desktop/dev/AI/mobile/game_df/LaMuralla/Library/PackageCache/com.unity.ugui@f2d87ebaaa32)
    com.unity.modules.animation@1.0.0 (location: /Users/tuantu/Desktop/dev/AI/mobile/game_df/LaMuralla/Library/PackageCache/com.unity.modules.animation)
    com.unity.modules.audio@1.0.0 (location: /Users/tuantu/Desktop/dev/AI/mobile/game_df/LaMuralla/Library/PackageCache/com.unity.modules.audio)
    com.unity.modules.director@1.0.0 (location: /Users/tuantu/Desktop/dev/AI/mobile/game_df/LaMuralla/Library/PackageCache/com.unity.modules.director)
    com.unity.modules.imageconversion@1.0.0 (location: /Users/tuantu/Desktop/dev/AI/mobile/game_df/LaMuralla/Library/PackageCache/com.unity.modules.imageconversion)
    com.unity.modules.imgui@1.0.0 (location: /Users/tuantu/Desktop/dev/AI/mobile/game_df/LaMuralla/Library/PackageCache/com.unity.modules.imgui)
    com.unity.modules.jsonserialize@1.0.0 (location: /Users/tuantu/Desktop/dev/AI/mobile/game_df/LaMuralla/Library/PackageCache/com.unity.modules.jsonserialize)
    com.unity.modules.particlesystem@1.0.0 (location: /Users/tuantu/Desktop/dev/AI/mobile/game_df/LaMuralla/Library/PackageCache/com.unity.modules.particlesystem)
    com.unity.modules.physics2d@1.0.0 (location: /Users/tuantu/Desktop/dev/AI/mobile/game_df/LaMuralla/Library/PackageCache/com.unity.modules.physics2d)
    com.unity.modules.physicscore2d@1.0.0 (location: /Users/tuantu/Desktop/dev/AI/mobile/game_df/LaMuralla/Library/PackageCache/com.unity.modules.physicscore2d)
    com.unity.modules.screencapture@1.0.0 (location: /Users/tuantu/Desktop/dev/AI/mobile/game_df/LaMuralla/Library/PackageCache/com.unity.modules.screencapture)
    com.unity.modules.ui@1.0.0 (location: /Users/tuantu/Desktop/dev/AI/mobile/game_df/LaMuralla/Library/PackageCache/com.unity.modules.ui)
    com.unity.modules.uielements@1.0.0 (location: /Users/tuantu/Desktop/dev/AI/mobile/game_df/LaMuralla/Library/PackageCache/com.unity.modules.uielements)
    com.unity.modules.unitywebrequest@1.0.0 (location: /Users/tuantu/Desktop/dev/AI/mobile/game_df/LaMuralla/Library/PackageCache/com.unity.modules.unitywebrequest)
    com.unity.modules.hierarchycore@1.0.0 (location: /Users/tuantu/Desktop/dev/AI/mobile/game_df/LaMuralla/Library/PackageCache/com.unity.modules.hierarchycore)
    com.unity.modules.physics@1.0.0 (location: /Users/tuantu/Desktop/dev/AI/mobile/game_df/LaMuralla/Library/PackageCache/com.unity.modules.physics)
    com.unity.ext.nunit@2.1.0 (location: /Users/tuantu/Desktop/dev/AI/mobile/game_df/LaMuralla/Library/PackageCache/com.unity.ext.nunit@44f7d31723bd)
    com.unity.render-pipelines.core@17.5.0 (location: /Users/tuantu/Desktop/dev/AI/mobile/game_df/LaMuralla/Library/PackageCache/com.unity.render-pipelines.core@539ef1c759fb)
    com.unity.shadergraph@17.5.0 (location: /Users/tuantu/Desktop/dev/AI/mobile/game_df/LaMuralla/Library/PackageCache/com.unity.shadergraph@636559dc59a3)
    com.unity.render-pipelines.universal-config@17.5.0 (location: /Users/tuantu/Desktop/dev/AI/mobile/game_df/LaMuralla/Library/PackageCache/com.unity.render-pipelines.universal-config@fdda01c80fe3)
    com.unity.modules.androidjni@1.0.0 (location: /Users/tuantu/Desktop/dev/AI/mobile/game_df/LaMuralla/Library/PackageCache/com.unity.modules.androidjni)
    com.unity.collections@6.5.0 (location: /Users/tuantu/Desktop/dev/AI/mobile/game_df/LaMuralla/Library/PackageCache/com.unity.collections@a43cabe808ca)
    com.unity.modules.terrain@1.0.0 (location: /Users/tuantu/Desktop/dev/AI/mobile/game_df/LaMuralla/Library/PackageCache/com.unity.modules.terrain)
    com.unity.mathematics@1.4.0 (location: /Users/tuantu/Desktop/dev/AI/mobile/game_df/LaMuralla/Library/PackageCache/com.unity.mathematics@981956d94fb6)
[Subsystems] No new subsystems found in resolved package list.
[Package Manager] Done registering packages in 0.00 seconds
[Licensing::Client] Successfully resolved entitlement details
[Licensing::Client] Successfully resolved entitlement details
[Licensing::Client] Successfully resolved entitlement details
[Licensing::Client] Successfully resolved entitlement details
[Licensing::Client] Successfully resolved entitlement details
[Licensing::Client] Successfully resolved entitlement details
[Licensing::Client] Successfully resolved entitlement details
[Licensing::Client] Successfully resolved entitlement details
[Licensing::Client] Successfully resolved entitlement details
[Licensing::Client] Successfully resolved entitlement details
[Licensing::Client] Successfully resolved entitlement details
[Licensing::Client] Successfully resolved entitlement details
[Licensing::Client] Successfully resolved entitlement details
[Licensing::Client] Successfully resolved entitlement details
[Licensing::Client] Successfully resolved entitlement details
Filename: /Applications/Unity/Hub/Editor/6000.5.4f1/Unity.app/Contents/Resources/Scripting/DotNetSdk/dotnet
Arguments: "/Applications/Unity/Hub/Editor/6000.5.4f1/Unity.app/Contents/Resources/BuildPipeline/Compilation/ApiUpdater/AssemblyUpdater.dll" checkupdaterconfigs -a "/Users/tuantu/Desktop/dev/AI/mobile/game_df/LaMuralla/Library/PackageCache/com.google.external-dependency-manager@f5312a5700af/ExternalDependencyManager/Editor/1.2.187/Google.JarResolver.dll" --timestamp 639233365821112510  -s "/Applications/Unity/Hub/Editor/6000.5.4f1/Unity.app/Contents/Resources/Scripting/NetStandard/ref/2.1.0:/Applications/Unity/Hub/Editor/6000.5.4f1/Unity.app/Contents/Resources/Scripting/NetStandard/compat/2.1.0/shims/netstandard:/Applications/Unity/Hub/Editor/6000.5.4f1/Unity.app/Contents/Resources/Scripting/NetStandard/compat/2.1.0/shims/netfx:+/Users/tuantu/Desktop/dev/AI/mobile/game_df/LaMuralla/Assets:+/Users/tuantu/Desktop/dev/AI/mobile/game_df/LaMuralla/Library/PackageCache/com.google.ads.mobile@d3eae59ba596:+/Users/tuantu/Desktop/dev/AI/mobile/game_df/LaMuralla/Library/PackageCache/com.unity.2d.sprite@053a968eab56:+/Users/tuantu/Desktop/dev/AI/mobile/game_df/LaMuralla/Library/PackageCache/com.unity.inputsystem@21a28c3a6c83:+/Users/tuantu/Desktop/dev/AI/mobile/game_df/LaMuralla/Library/PackageCache/com.unity.render-pipelines.universal@e38be786c41e:+/Users/tuantu/Desktop/dev/AI/mobile/game_df/LaMuralla/Library/PackageCache/com.unity.test-framework@1405238725ab:+/Users/tuantu/Desktop/dev/AI/mobile/game_df/LaMuralla/Library/PackageCache/com.unity.ugui@f2d87ebaaa32:+/Users/tuantu/Desktop/dev/AI/mobile/game_df/LaMuralla/Library/PackageCache/com.unity.ide.rider@1f60b3138684:+/Users/tuantu/Desktop/dev/AI/mobile/game_df/LaMuralla/Library/PackageCache/com.unity.ide.visualstudio@a99d56dec63f:+/Users/tuantu/Desktop/dev/AI/mobile/game_df/LaMuralla/Library/PackageCache/com.unity.modules.animation:+/Users/tuantu/Desktop/dev/AI/mobile/game_df/LaMuralla/Library/PackageCache/com.unity.modules.audio:+/Users/tuantu/Desktop/dev/AI/mobile/game_df/LaMuralla/Library/PackageCache/com.unity.modules.director:+/Users/tuantu/Desktop/dev/AI/mobile/game_df/LaMuralla/Library/PackageCache/com.unity.modules.imageconversion:+/Users/tuantu/Desktop/dev/AI/mobile/game_df/LaMuralla/Library/PackageCache/com.unity.modules.imgui:+/Users/tuantu/Desktop/dev/AI/mobile/game_df/LaMuralla/Library/PackageCache/com.unity.modules.jsonserialize:+/Users/tuantu/Desktop/dev/AI/mobile/game_df/LaMuralla/Library/PackageCache/com.unity.modules.particlesystem:+/Users/tuantu/Desktop/dev/AI/mobile/game_df/LaMuralla/Library/PackageCache/com.unity.modules.physics2d:+/Users/tuantu/Desktop/dev/AI/mobile/game_df/LaMuralla/Library/PackageCache/com.unity.modules.physicscore2d:+/Users/tuantu/Desktop/dev/AI/mobile/game_df/LaMuralla/Library/PackageCache/com.unity.modules.screencapture:+/Users/tuantu/Desktop/dev/AI/mobile/game_df/LaMuralla/Library/PackageCache/com.unity.modules.ui:+/Users/tuantu/Desktop/dev/AI/mobile/game_df/LaMuralla/Library/PackageCache/com.unity.modules.uielements:+/Users/tuantu/Desktop/dev/AI/mobile/game_df/LaMuralla/Library/PackageCache/com.unity.modules.unitywebrequest:+/Users/tuantu/Desktop/dev/AI/mobile/game_df/LaMuralla/Library/PackageCache/com.unity.modules.hierarchycore:+/Users/tuantu/Desktop/dev/AI/mobile/game_df/LaMuralla/Library/PackageCache/com.unity.modules.physics:+/Users/tuantu/Desktop/dev/AI/mobile/game_df/LaMuralla/Library/PackageCache/com.unity.ext.nunit@44f7d31723bd:+/Users/tuantu/Desktop/dev/AI/mobile/game_df/LaMuralla/Library/PackageCache/com.unity.render-pipelines.core@539ef1c759fb:+/Users/tuantu/Desktop/dev/AI/mobile/game_df/LaMuralla/Library/PackageCache/com.unity.shadergraph@636559dc59a3:+/Users/tuantu/Desktop/dev/AI/mobile/game_df/LaMuralla/Library/PackageCache/com.unity.render-pipelines.universal-config@fdda01c80fe3:+/Users/tuantu/Desktop/dev/AI/mobile/game_df/LaMuralla/Library/PackageCache/com.google.external-dependency-manager@f5312a5700af:+/Users/tuantu/Desktop/dev/AI/mobile/game_df/LaMuralla/Library/PackageCache/com.unity.modules.androidjni:+/Users/tuantu/Desktop/dev/AI/mobile/game_df/LaMuralla/Library/PackageCache/com.unity.searcher@d45a78918735:+/Users/tuantu/Desktop/dev/AI/mobile/game_df/LaMuralla/Library/PackageCache/com.unity.burst@6bb9aca3ef38:+/Users/tuantu/Desktop/dev/AI/mobile/game_df/LaMuralla/Library/PackageCache/com.unity.collections@a43cabe808ca:+/Users/tuantu/Desktop/dev/AI/mobile/game_df/LaMuralla/Library/PackageCache/com.unity.modules.terrain:+/Users/tuantu/Desktop/dev/AI/mobile/game_df/LaMuralla/Library/PackageCache/com.unity.nuget.mono-cecil@ecb9724e46ff:+/Users/tuantu/Desktop/dev/AI/mobile/game_df/LaMuralla/Library/PackageCache/com.unity.test-framework.performance@8b56083ec0f0:+/Users/tuantu/Desktop/dev/AI/mobile/game_df/LaMuralla/Library/PackageCache/com.unity.mathematics@981956d94fb6:Library/ScriptAssemblies"
Filename: /Applications/Unity/Hub/Editor/6000.5.4f1/Unity.app/Contents/Resources/Scripting/DotNetSdk/dotnet
Arguments: "/Applications/Unity/Hub/Editor/6000.5.4f1/Unity.app/Contents/Resources/BuildPipeline/Compilation/ApiUpdater/AssemblyUpdater.dll" checkupdaterconfigs -a "/Users/tuantu/Desktop/dev/AI/mobile/game_df/LaMuralla/Library/PackageCache/com.google.ads.mobile@d3eae59ba596/GoogleMobileAds/GoogleMobileAds.iOS.dll" --timestamp 639233365824494970  -s "/Applications/Unity/Hub/Editor/6000.5.4f1/Unity.app/Contents/Resources/Scripting/NetStandard/ref/2.1.0:/Applications/Unity/Hub/Editor/6000.5.4f1/Unity.app/Contents/Resources/Scripting/NetStandard/compat/2.1.0/shims/netstandard:/Applications/Unity/Hub/Editor/6000.5.4f1/Unity.app/Contents/Resources/Scripting/NetStandard/compat/2.1.0/shims/netfx:+/Users/tuantu/Desktop/dev/AI/mobile/game_df/LaMuralla/Assets:+/Users/tuantu/Desktop/dev/AI/mobile/game_df/LaMuralla/Library/PackageCache/com.google.ads.mobile@d3eae59ba596:+/Users/tuantu/Desktop/dev/AI/mobile/game_df/LaMuralla/Library/PackageCache/com.unity.2d.sprite@053a968eab56:+/Users/tuantu/Desktop/dev/AI/mobile/game_df/LaMuralla/Library/PackageCache/com.unity.inputsystem@21a28c3a6c83:+/Users/tuantu/Desktop/dev/AI/mobile/game_df/LaMuralla/Library/PackageCache/com.unity.render-pipelines.universal@e38be786c41e:+/Users/tuantu/Desktop/dev/AI/mobile/game_df/LaMuralla/Library/PackageCache/com.unity.test-framework@1405238725ab:+/Users/tuantu/Desktop/dev/AI/mobile/game_df/LaMuralla/Library/PackageCache/com.unity.ugui@f2d87ebaaa32:+/Users/tuantu/Desktop/dev/AI/mobile/game_df/LaMuralla/Library/PackageCache/com.unity.ide.rider@1f60b3138684:+/Users/tuantu/Desktop/dev/AI/mobile/game_df/LaMuralla/Library/PackageCache/com.unity.ide.visualstudio@a99d56dec63f:+/Users/tuantu/Desktop/dev/AI/mobile/game_df/LaMuralla/Library/PackageCache/com.unity.modules.animation:+/Users/tuantu/Desktop/dev/AI/mobile/game_df/LaMuralla/Library/PackageCache/com.unity.modules.audio:+/Users/tuantu/Desktop/dev/AI/mobile/game_df/LaMuralla/Library/PackageCache/com.unity.modules.director:+/Users/tuantu/Desktop/dev/AI/mobile/game_df/LaMuralla/Library/PackageCache/com.unity.modules.imageconversion:+/Users/tuantu/Desktop/dev/AI/mobile/game_df/LaMuralla/Library/PackageCache/com.unity.modules.imgui:+/Users/tuantu/Desktop/dev/AI/mobile/game_df/LaMuralla/Library/PackageCache/com.unity.modules.jsonserialize:+/Users/tuantu/Desktop/dev/AI/mobile/game_df/LaMuralla/Library/PackageCache/com.unity.modules.particlesystem:+/Users/tuantu/Desktop/dev/AI/mobile/game_df/LaMuralla/Library/PackageCache/com.unity.modules.physics2d:+/Users/tuantu/Desktop/dev/AI/mobile/game_df/LaMuralla/Library/PackageCache/com.unity.modules.physicscore2d:+/Users/tuantu/Desktop/dev/AI/mobile/game_df/LaMuralla/Library/PackageCache/com.unity.modules.screencapture:+/Users/tuantu/Desktop/dev/AI/mobile/game_df/LaMuralla/Library/PackageCache/com.unity.modules.ui:+/Users/tuantu/Desktop/dev/AI/mobile/game_df/LaMuralla/Library/PackageCache/com.unity.modules.uielements:+/Users/tuantu/Desktop/dev/AI/mobile/game_df/LaMuralla/Library/PackageCache/com.unity.modules.unitywebrequest:+/Users/tuantu/Desktop/dev/AI/mobile/game_df/LaMuralla/Library/PackageCache/com.unity.modules.hierarchycore:+/Users/tuantu/Desktop/dev/AI/mobile/game_df/LaMuralla/Library/PackageCache/com.unity.modules.physics:+/Users/tuantu/Desktop/dev/AI/mobile/game_df/LaMuralla/Library/PackageCache/com.unity.ext.nunit@44f7d31723bd:+/Users/tuantu/Desktop/dev/AI/mobile/game_df/LaMuralla/Library/PackageCache/com.unity.render-pipelines.core@539ef1c759fb:+/Users/tuantu/Desktop/dev/AI/mobile/game_df/LaMuralla/Library/PackageCache/com.unity.shadergraph@636559dc59a3:+/Users/tuantu/Desktop/dev/AI/mobile/game_df/LaMuralla/Library/PackageCache/com.unity.render-pipelines.universal-config@fdda01c80fe3:+/Users/tuantu/Desktop/dev/AI/mobile/game_df/LaMuralla/Library/PackageCache/com.google.external-dependency-manager@f5312a5700af:+/Users/tuantu/Desktop/dev/AI/mobile/game_df/LaMuralla/Library/PackageCache/com.unity.modules.androidjni:+/Users/tuantu/Desktop/dev/AI/mobile/game_df/LaMuralla/Library/PackageCache/com.unity.searcher@d45a78918735:+/Users/tuantu/Desktop/dev/AI/mobile/game_df/LaMuralla/Library/PackageCache/com.unity.burst@6bb9aca3ef38:+/Users/tuantu/Desktop/dev/AI/mobile/game_df/LaMuralla/Library/PackageCache/com.unity.collections@a43cabe808ca:+/Users/tuantu/Desktop/dev/AI/mobile/game_df/LaMuralla/Library/PackageCache/com.unity.modules.terrain:+/Users/tuantu/Desktop/dev/AI/mobile/game_df/LaMuralla/Library/PackageCache/com.unity.nuget.mono-cecil@ecb9724e46ff:+/Users/tuantu/Desktop/dev/AI/mobile/game_df/LaMuralla/Library/PackageCache/com.unity.test-framework.performance@8b56083ec0f0:+/Users/tuantu/Desktop/dev/AI/mobile/game_df/LaMuralla/Library/PackageCache/com.unity.mathematics@981956d94fb6:Library/ScriptAssemblies"
Filename: /Applications/Unity/Hub/Editor/6000.5.4f1/Unity.app/Contents/Resources/Scripting/DotNetSdk/dotnet
Arguments: "/Applications/Unity/Hub/Editor/6000.5.4f1/Unity.app/Contents/Resources/BuildPipeline/Compilation/ApiUpdater/AssemblyUpdater.dll" checkupdaterconfigs -a "/Users/tuantu/Desktop/dev/AI/mobile/game_df/LaMuralla/Library/PackageCache/com.google.ads.mobile@d3eae59ba596/GoogleMobileAds/GoogleMobileAds.Unity.dll" --timestamp 639233365826215620  -s "/Applications/Unity/Hub/Editor/6000.5.4f1/Unity.app/Contents/Resources/Scripting/NetStandard/ref/2.1.0:/Applications/Unity/Hub/Editor/6000.5.4f1/Unity.app/Contents/Resources/Scripting/NetStandard/compat/2.1.0/shims/netstandard:/Applications/Unity/Hub/Editor/6000.5.4f1/Unity.app/Contents/Resources/Scripting/NetStandard/compat/2.1.0/shims/netfx:+/Users/tuantu/Desktop/dev/AI/mobile/game_df/LaMuralla/Assets:+/Users/tuantu/Desktop/dev/AI/mobile/game_df/LaMuralla/Library/PackageCache/com.google.ads.mobile@d3eae59ba596:+/Users/tuantu/Desktop/dev/AI/mobile/game_df/LaMuralla/Library/PackageCache/com.unity.2d.sprite@053a968eab56:+/Users/tuantu/Desktop/dev/AI/mobile/game_df/LaMuralla/Library/PackageCache/com.unity.inputsystem@21a28c3a6c83:+/Users/tuantu/Desktop/dev/AI/mobile/game_df/LaMuralla/Library/PackageCache/com.unity.render-pipelines.universal@e38be786c41e:+/Users/tuantu/Desktop/dev/AI/mobile/game_df/LaMuralla/Library/PackageCache/com.unity.test-framework@1405238725ab:+/Users/tuantu/Desktop/dev/AI/mobile/game_df/LaMuralla/Library/PackageCache/com.unity.ugui@f2d87ebaaa32:+/Users/tuantu/Desktop/dev/AI/mobile/game_df/LaMuralla/Library/PackageCache/com.unity.ide.rider@1f60b3138684:+/Users/tuantu/Desktop/dev/AI/mobile/game_df/LaMuralla/Library/PackageCache/com.unity.ide.visualstudio@a99d56dec63f:+/Users/tuantu/Desktop/dev/AI/mobile/game_df/LaMuralla/Library/PackageCache/com.unity.modules.animation:+/Users/tuantu/Desktop/dev/AI/mobile/game_df/LaMuralla/Library/PackageCache/com.unity.modules.audio:+/Users/tuantu/Desktop/dev/AI/mobile/game_df/LaMuralla/Library/PackageCache/com.unity.modules.director:+/Users/tuantu/Desktop/dev/AI/mobile/game_df/LaMuralla/Library/PackageCache/com.unity.modules.imageconversion:+/Users/tuantu/Desktop/dev/AI/mobile/game_df/LaMuralla/Library/PackageCache/com.unity.modules.imgui:+/Users/tuantu/Desktop/dev/AI/mobile/game_df/LaMuralla/Library/PackageCache/com.unity.modules.jsonserialize:+/Users/tuantu/Desktop/dev/AI/mobile/game_df/LaMuralla/Library/PackageCache/com.unity.modules.particlesystem:+/Users/tuantu/Desktop/dev/AI/mobile/game_df/LaMuralla/Library/PackageCache/com.unity.modules.physics2d:+/Users/tuantu/Desktop/dev/AI/mobile/game_df/LaMuralla/Library/PackageCache/com.unity.modules.physicscore2d:+/Users/tuantu/Desktop/dev/AI/mobile/game_df/LaMuralla/Library/PackageCache/com.unity.modules.screencapture:+/Users/tuantu/Desktop/dev/AI/mobile/game_df/LaMuralla/Library/PackageCache/com.unity.modules.ui:+/Users/tuantu/Desktop/dev/AI/mobile/game_df/LaMuralla/Library/PackageCache/com.unity.modules.uielements:+/Users/tuantu/Desktop/dev/AI/mobile/game_df/LaMuralla/Library/PackageCache/com.unity.modules.unitywebrequest:+/Users/tuantu/Desktop/dev/AI/mobile/game_df/LaMuralla/Library/PackageCache/com.unity.modules.hierarchycore:+/Users/tuantu/Desktop/dev/AI/mobile/game_df/LaMuralla/Library/PackageCache/com.unity.modules.physics:+/Users/tuantu/Desktop/dev/AI/mobile/game_df/LaMuralla/Library/PackageCache/com.unity.ext.nunit@44f7d31723bd:+/Users/tuantu/Desktop/dev/AI/mobile/game_df/LaMuralla/Library/PackageCache/com.unity.render-pipelines.core@539ef1c759fb:+/Users/tuantu/Desktop/dev/AI/mobile/game_df/LaMuralla/Library/PackageCache/com.unity.shadergraph@636559dc59a3:+/Users/tuantu/Desktop/dev/AI/mobile/game_df/LaMuralla/Library/PackageCache/com.unity.render-pipelines.universal-config@fdda01c80fe3:+/Users/tuantu/Desktop/dev/AI/mobile/game_df/LaMuralla/Library/PackageCache/com.google.external-dependency-manager@f5312a5700af:+/Users/tuantu/Desktop/dev/AI/mobile/game_df/LaMuralla/Library/PackageCache/com.unity.modules.androidjni:+/Users/tuantu/Desktop/dev/AI/mobile/game_df/LaMuralla/Library/PackageCache/com.unity.searcher@d45a78918735:+/Users/tuantu/Desktop/dev/AI/mobile/game_df/LaMuralla/Library/PackageCache/com.unity.burst@6bb9aca3ef38:+/Users/tuantu/Desktop/dev/AI/mobile/game_df/LaMuralla/Library/PackageCache/com.unity.collections@a43cabe808ca:+/Users/tuantu/Desktop/dev/AI/mobile/game_df/LaMuralla/Library/PackageCache/com.unity.modules.terrain:+/Users/tuantu/Desktop/dev/AI/mobile/game_df/LaMuralla/Library/PackageCache/com.unity.nuget.mono-cecil@ecb9724e46ff:+/Users/tuantu/Desktop/dev/AI/mobile/game_df/LaMuralla/Library/PackageCache/com.unity.test-framework.performance@8b56083ec0f0:+/Users/tuantu/Desktop/dev/AI/mobile/game_df/LaMuralla/Library/PackageCache/com.unity.mathematics@981956d94fb6:Library/ScriptAssemblies"
Filename: /Applications/Unity/Hub/Editor/6000.5.4f1/Unity.app/Contents/Resources/Scripting/DotNetSdk/dotnet
Arguments: "/Applications/Unity/Hub/Editor/6000.5.4f1/Unity.app/Contents/Resources/BuildPipeline/Compilation/ApiUpdater/AssemblyUpdater.dll" checkupdaterconfigs -a "/Users/tuantu/Desktop/dev/AI/mobile/game_df/LaMuralla/Library/PackageCache/com.google.external-dependency-manager@f5312a5700af/ExternalDependencyManager/Editor/1.2.187/Google.IOSResolver.dll" --timestamp 639233365822812700  -s "/Applications/Unity/Hub/Editor/6000.5.4f1/Unity.app/Contents/Resources/Scripting/NetStandard/ref/2.1.0:/Applications/Unity/Hub/Editor/6000.5.4f1/Unity.app/Contents/Resources/Scripting/NetStandard/compat/2.1.0/shims/netstandard:/Applications/Unity/Hub/Editor/6000.5.4f1/Unity.app/Contents/Resources/Scripting/NetStandard/compat/2.1.0/shims/netfx:+/Users/tuantu/Desktop/dev/AI/mobile/game_df/LaMuralla/Assets:+/Users/tuantu/Desktop/dev/AI/mobile/game_df/LaMuralla/Library/PackageCache/com.google.ads.mobile@d3eae59ba596:+/Users/tuantu/Desktop/dev/AI/mobile/game_df/LaMuralla/Library/PackageCache/com.unity.2d.sprite@053a968eab56:+/Users/tuantu/Desktop/dev/AI/mobile/game_df/LaMuralla/Library/PackageCache/com.unity.inputsystem@21a28c3a6c83:+/Users/tuantu/Desktop/dev/AI/mobile/game_df/LaMuralla/Library/PackageCache/com.unity.render-pipelines.universal@e38be786c41e:+/Users/tuantu/Desktop/dev/AI/mobile/game_df/LaMuralla/Library/PackageCache/com.unity.test-framework@1405238725ab:+/Users/tuantu/Desktop/dev/AI/mobile/game_df/LaMuralla/Library/PackageCache/com.unity.ugui@f2d87ebaaa32:+/Users/tuantu/Desktop/dev/AI/mobile/game_df/LaMuralla/Library/PackageCache/com.unity.ide.rider@1f60b3138684:+/Users/tuantu/Desktop/dev/AI/mobile/game_df/LaMuralla/Library/PackageCache/com.unity.ide.visualstudio@a99d56dec63f:+/Users/tuantu/Desktop/dev/AI/mobile/game_df/LaMuralla/Library/PackageCache/com.unity.modules.animation:+/Users/tuantu/Desktop/dev/AI/mobile/game_df/LaMuralla/Library/PackageCache/com.unity.modules.audio:+/Users/tuantu/Desktop/dev/AI/mobile/game_df/LaMuralla/Library/PackageCache/com.unity.modules.director:+/Users/tuantu/Desktop/dev/AI/mobile/game_df/LaMuralla/Library/PackageCache/com.unity.modules.imageconversion:+/Users/tuantu/Desktop/dev/AI/mobile/game_df/LaMuralla/Library/PackageCache/com.unity.modules.imgui:+/Users/tuantu/Desktop/dev/AI/mobile/game_df/LaMuralla/Library/PackageCache/com.unity.modules.jsonserialize:+/Users/tuantu/Desktop/dev/AI/mobile/game_df/LaMuralla/Library/PackageCache/com.unity.modules.particlesystem:+/Users/tuantu/Desktop/dev/AI/mobile/game_df/LaMuralla/Library/PackageCache/com.unity.modules.physics2d:+/Users/tuantu/Desktop/dev/AI/mobile/game_df/LaMuralla/Library/PackageCache/com.unity.modules.physicscore2d:+/Users/tuantu/Desktop/dev/AI/mobile/game_df/LaMuralla/Library/PackageCache/com.unity.modules.screencapture:+/Users/tuantu/Desktop/dev/AI/mobile/game_df/LaMuralla/Library/PackageCache/com.unity.modules.ui:+/Users/tuantu/Desktop/dev/AI/mobile/game_df/LaMuralla/Library/PackageCache/com.unity.modules.uielements:+/Users/tuantu/Desktop/dev/AI/mobile/game_df/LaMuralla/Library/PackageCache/com.unity.modules.unitywebrequest:+/Users/tuantu/Desktop/dev/AI/mobile/game_df/LaMuralla/Library/PackageCache/com.unity.modules.hierarchycore:+/Users/tuantu/Desktop/dev/AI/mobile/game_df/LaMuralla/Library/PackageCache/com.unity.modules.physics:+/Users/tuantu/Desktop/dev/AI/mobile/game_df/LaMuralla/Library/PackageCache/com.unity.ext.nunit@44f7d31723bd:+/Users/tuantu/Desktop/dev/AI/mobile/game_df/LaMuralla/Library/PackageCache/com.unity.render-pipelines.core@539ef1c759fb:+/Users/tuantu/Desktop/dev/AI/mobile/game_df/LaMuralla/Library/PackageCache/com.unity.shadergraph@636559dc59a3:+/Users/tuantu/Desktop/dev/AI/mobile/game_df/LaMuralla/Library/PackageCache/com.unity.render-pipelines.universal-config@fdda01c80fe3:+/Users/tuantu/Desktop/dev/AI/mobile/game_df/LaMuralla/Library/PackageCache/com.google.external-dependency-manager@f5312a5700af:+/Users/tuantu/Desktop/dev/AI/mobile/game_df/LaMuralla/Library/PackageCache/com.unity.modules.androidjni:+/Users/tuantu/Desktop/dev/AI/mobile/game_df/LaMuralla/Library/PackageCache/com.unity.searcher@d45a78918735:+/Users/tuantu/Desktop/dev/AI/mobile/game_df/LaMuralla/Library/PackageCache/com.unity.burst@6bb9aca3ef38:+/Users/tuantu/Desktop/dev/AI/mobile/game_df/LaMuralla/Library/PackageCache/com.unity.collections@a43cabe808ca:+/Users/tuantu/Desktop/dev/AI/mobile/game_df/LaMuralla/Library/PackageCache/com.unity.modules.terrain:+/Users/tuantu/Desktop/dev/AI/mobile/game_df/LaMuralla/Library/PackageCache/com.unity.nuget.mono-cecil@ecb9724e46ff:+/Users/tuantu/Desktop/dev/AI/mobile/game_df/LaMuralla/Library/PackageCache/com.unity.test-framework.performance@8b56083ec0f0:+/Users/tuantu/Desktop/dev/AI/mobile/game_df/LaMuralla/Library/PackageCache/com.unity.mathematics@981956d94fb6:Library/ScriptAssemblies"
Filename: /Applications/Unity/Hub/Editor/6000.5.4f1/Unity.app/Contents/Resources/Scripting/DotNetSdk/dotnet
Arguments: "/Applications/Unity/Hub/Editor/6000.5.4f1/Unity.app/Contents/Resources/BuildPipeline/Compilation/ApiUpdater/AssemblyUpdater.dll" checkupdaterconfigs -a "/Users/tuantu/Desktop/dev/AI/mobile/game_df/LaMuralla/Library/PackageCache/com.google.ads.mobile@d3eae59ba596/GoogleMobileAds/GoogleMobileAds.Core.dll" --timestamp 639233365814229580  -s "/Applications/Unity/Hub/Editor/6000.5.4f1/Unity.app/Contents/Resources/Scripting/NetStandard/ref/2.1.0:/Applications/Unity/Hub/Editor/6000.5.4f1/Unity.app/Contents/Resources/Scripting/NetStandard/compat/2.1.0/shims/netstandard:/Applications/Unity/Hub/Editor/6000.5.4f1/Unity.app/Contents/Resources/Scripting/NetStandard/compat/2.1.0/shims/netfx:+/Users/tuantu/Desktop/dev/AI/mobile/game_df/LaMuralla/Assets:+/Users/tuantu/Desktop/dev/AI/mobile/game_df/LaMuralla/Library/PackageCache/com.google.ads.mobile@d3eae59ba596:+/Users/tuantu/Desktop/dev/AI/mobile/game_df/LaMuralla/Library/PackageCache/com.unity.2d.sprite@053a968eab56:+/Users/tuantu/Desktop/dev/AI/mobile/game_df/LaMuralla/Library/PackageCache/com.unity.inputsystem@21a28c3a6c83:+/Users/tuantu/Desktop/dev/AI/mobile/game_df/LaMuralla/Library/PackageCache/com.unity.render-pipelines.universal@e38be786c41e:+/Users/tuantu/Desktop/dev/AI/mobile/game_df/LaMuralla/Library/PackageCache/com.unity.test-framework@1405238725ab:+/Users/tuantu/Desktop/dev/AI/mobile/game_df/LaMuralla/Library/PackageCache/com.unity.ugui@f2d87ebaaa32:+/Users/tuantu/Desktop/dev/AI/mobile/game_df/LaMuralla/Library/PackageCache/com.unity.ide.rider@1f60b3138684:+/Users/tuantu/Desktop/dev/AI/mobile/game_df/LaMuralla/Library/PackageCache/com.unity.ide.visualstudio@a99d56dec63f:+/Users/tuantu/Desktop/dev/AI/mobile/game_df/LaMuralla/Library/PackageCache/com.unity.modules.animation:+/Users/tuantu/Desktop/dev/AI/mobile/game_df/LaMuralla/Library/PackageCache/com.unity.modules.audio:+/Users/tuantu/Desktop/dev/AI/mobile/game_df/LaMuralla/Library/PackageCache/com.unity.modules.director:+/Users/tuantu/Desktop/dev/AI/mobile/game_df/LaMuralla/Library/PackageCache/com.unity.modules.imageconversion:+/Users/tuantu/Desktop/dev/AI/mobile/game_df/LaMuralla/Library/PackageCache/com.unity.modules.imgui:+/Users/tuantu/Desktop/dev/AI/mobile/game_df/LaMuralla/Library/PackageCache/com.unity.modules.jsonserialize:+/Users/tuantu/Desktop/dev/AI/mobile/game_df/LaMuralla/Library/PackageCache/com.unity.modules.particlesystem:+/Users/tuantu/Desktop/dev/AI/mobile/game_df/LaMuralla/Library/PackageCache/com.unity.modules.physics2d:+/Users/tuantu/Desktop/dev/AI/mobile/game_df/LaMuralla/Library/PackageCache/com.unity.modules.physicscore2d:+/Users/tuantu/Desktop/dev/AI/mobile/game_df/LaMuralla/Library/PackageCache/com.unity.modules.screencapture:+/Users/tuantu/Desktop/dev/AI/mobile/game_df/LaMuralla/Library/PackageCache/com.unity.modules.ui:+/Users/tuantu/Desktop/dev/AI/mobile/game_df/LaMuralla/Library/PackageCache/com.unity.modules.uielements:+/Users/tuantu/Desktop/dev/AI/mobile/game_df/LaMuralla/Library/PackageCache/com.unity.modules.unitywebrequest:+/Users/tuantu/Desktop/dev/AI/mobile/game_df/LaMuralla/Library/PackageCache/com.unity.modules.hierarchycore:+/Users/tuantu/Desktop/dev/AI/mobile/game_df/LaMuralla/Library/PackageCache/com.unity.modules.physics:+/Users/tuantu/Desktop/dev/AI/mobile/game_df/LaMuralla/Library/PackageCache/com.unity.ext.nunit@44f7d31723bd:+/Users/tuantu/Desktop/dev/AI/mobile/game_df/LaMuralla/Library/PackageCache/com.unity.render-pipelines.core@539ef1c759fb:+/Users/tuantu/Desktop/dev/AI/mobile/game_df/LaMuralla/Library/PackageCache/com.unity.shadergraph@636559dc59a3:+/Users/tuantu/Desktop/dev/AI/mobile/game_df/LaMuralla/Library/PackageCache/com.unity.render-pipelines.universal-config@fdda01c80fe3:+/Users/tuantu/Desktop/dev/AI/mobile/game_df/LaMuralla/Library/PackageCache/com.google.external-dependency-manager@f5312a5700af:+/Users/tuantu/Desktop/dev/AI/mobile/game_df/LaMuralla/Library/PackageCache/com.unity.modules.androidjni:+/Users/tuantu/Desktop/dev/AI/mobile/game_df/LaMuralla/Library/PackageCache/com.unity.searcher@d45a78918735:+/Users/tuantu/Desktop/dev/AI/mobile/game_df/LaMuralla/Library/PackageCache/com.unity.burst@6bb9aca3ef38:+/Users/tuantu/Desktop/dev/AI/mobile/game_df/LaMuralla/Library/PackageCache/com.unity.collections@a43cabe808ca:+/Users/tuantu/Desktop/dev/AI/mobile/game_df/LaMuralla/Library/PackageCache/com.unity.modules.terrain:+/Users/tuantu/Desktop/dev/AI/mobile/game_df/LaMuralla/Library/PackageCache/com.unity.nuget.mono-cecil@ecb9724e46ff:+/Users/tuantu/Desktop/dev/AI/mobile/game_df/LaMuralla/Library/PackageCache/com.unity.test-framework.performance@8b56083ec0f0:+/Users/tuantu/Desktop/dev/AI/mobile/game_df/LaMuralla/Library/PackageCache/com.unity.mathematics@981956d94fb6:Library/ScriptAssemblies"
Filename: /Applications/Unity/Hub/Editor/6000.5.4f1/Unity.app/Contents/Resources/Scripting/DotNetSdk/dotnet
Arguments: "/Applications/Unity/Hub/Editor/6000.5.4f1/Unity.app/Contents/Resources/BuildPipeline/Compilation/ApiUpdater/AssemblyUpdater.dll" checkupdaterconfigs -a "/Users/tuantu/Desktop/dev/AI/mobile/game_df/LaMuralla/Library/PackageCache/com.google.external-dependency-manager@f5312a5700af/ExternalDependencyManager/Editor/1.2.187/Google.VersionHandlerImpl.dll" --timestamp 639233365817756260  -s "/Applications/Unity/Hub/Editor/6000.5.4f1/Unity.app/Contents/Resources/Scripting/NetStandard/ref/2.1.0:/Applications/Unity/Hub/Editor/6000.5.4f1/Unity.app/Contents/Resources/Scripting/NetStandard/compat/2.1.0/shims/netstandard:/Applications/Unity/Hub/Editor/6000.5.4f1/Unity.app/Contents/Resources/Scripting/NetStandard/compat/2.1.0/shims/netfx:+/Users/tuantu/Desktop/dev/AI/mobile/game_df/LaMuralla/Assets:+/Users/tuantu/Desktop/dev/AI/mobile/game_df/LaMuralla/Library/PackageCache/com.google.ads.mobile@d3eae59ba596:+/Users/tuantu/Desktop/dev/AI/mobile/game_df/LaMuralla/Library/PackageCache/com.unity.2d.sprite@053a968eab56:+/Users/tuantu/Desktop/dev/AI/mobile/game_df/LaMuralla/Library/PackageCache/com.unity.inputsystem@21a28c3a6c83:+/Users/tuantu/Desktop/dev/AI/mobile/game_df/LaMuralla/Library/PackageCache/com.unity.render-pipelines.universal@e38be786c41e:+/Users/tuantu/Desktop/dev/AI/mobile/game_df/LaMuralla/Library/PackageCache/com.unity.test-framework@1405238725ab:+/Users/tuantu/Desktop/dev/AI/mobile/game_df/LaMuralla/Library/PackageCache/com.unity.ugui@f2d87ebaaa32:+/Users/tuantu/Desktop/dev/AI/mobile/game_df/LaMuralla/Library/PackageCache/com.unity.ide.rider@1f60b3138684:+/Users/tuantu/Desktop/dev/AI/mobile/game_df/LaMuralla/Library/PackageCache/com.unity.ide.visualstudio@a99d56dec63f:+/Users/tuantu/Desktop/dev/AI/mobile/game_df/LaMuralla/Library/PackageCache/com.unity.modules.animation:+/Users/tuantu/Desktop/dev/AI/mobile/game_df/LaMuralla/Library/PackageCache/com.unity.modules.audio:+/Users/tuantu/Desktop/dev/AI/mobile/game_df/LaMuralla/Library/PackageCache/com.unity.modules.director:+/Users/tuantu/Desktop/dev/AI/mobile/game_df/LaMuralla/Library/PackageCache/com.unity.modules.imageconversion:+/Users/tuantu/Desktop/dev/AI/mobile/game_df/LaMuralla/Library/PackageCache/com.unity.modules.imgui:+/Users/tuantu/Desktop/dev/AI/mobile/game_df/LaMuralla/Library/PackageCache/com.unity.modules.jsonserialize:+/Users/tuantu/Desktop/dev/AI/mobile/game_df/LaMuralla/Library/PackageCache/com.unity.modules.particlesystem:+/Users/tuantu/Desktop/dev/AI/mobile/game_df/LaMuralla/Library/PackageCache/com.unity.modules.physics2d:+/Users/tuantu/Desktop/dev/AI/mobile/game_df/LaMuralla/Library/PackageCache/com.unity.modules.physicscore2d:+/Users/tuantu/Desktop/dev/AI/mobile/game_df/LaMuralla/Library/PackageCache/com.unity.modules.screencapture:+/Users/tuantu/Desktop/dev/AI/mobile/game_df/LaMuralla/Library/PackageCache/com.unity.modules.ui:+/Users/tuantu/Desktop/dev/AI/mobile/game_df/LaMuralla/Library/PackageCache/com.unity.modules.uielements:+/Users/tuantu/Desktop/dev/AI/mobile/game_df/LaMuralla/Library/PackageCache/com.unity.modules.unitywebrequest:+/Users/tuantu/Desktop/dev/AI/mobile/game_df/LaMuralla/Library/PackageCache/com.unity.modules.hierarchycore:+/Users/tuantu/Desktop/dev/AI/mobile/game_df/LaMuralla/Library/PackageCache/com.unity.modules.physics:+/Users/tuantu/Desktop/dev/AI/mobile/game_df/LaMuralla/Library/PackageCache/com.unity.ext.nunit@44f7d31723bd:+/Users/tuantu/Desktop/dev/AI/mobile/game_df/LaMuralla/Library/PackageCache/com.unity.render-pipelines.core@539ef1c759fb:+/Users/tuantu/Desktop/dev/AI/mobile/game_df/LaMuralla/Library/PackageCache/com.unity.shadergraph@636559dc59a3:+/Users/tuantu/Desktop/dev/AI/mobile/game_df/LaMuralla/Library/PackageCache/com.unity.render-pipelines.universal-config@fdda01c80fe3:+/Users/tuantu/Desktop/dev/AI/mobile/game_df/LaMuralla/Library/PackageCache/com.google.external-dependency-manager@f5312a5700af:+/Users/tuantu/Desktop/dev/AI/mobile/game_df/LaMuralla/Library/PackageCache/com.unity.modules.androidjni:+/Users/tuantu/Desktop/dev/AI/mobile/game_df/LaMuralla/Library/PackageCache/com.unity.searcher@d45a78918735:+/Users/tuantu/Desktop/dev/AI/mobile/game_df/LaMuralla/Library/PackageCache/com.unity.burst@6bb9aca3ef38:+/Users/tuantu/Desktop/dev/AI/mobile/game_df/LaMuralla/Library/PackageCache/com.unity.collections@a43cabe808ca:+/Users/tuantu/Desktop/dev/AI/mobile/game_df/LaMuralla/Library/PackageCache/com.unity.modules.terrain:+/Users/tuantu/Desktop/dev/AI/mobile/game_df/LaMuralla/Library/PackageCache/com.unity.nuget.mono-cecil@ecb9724e46ff:+/Users/tuantu/Desktop/dev/AI/mobile/game_df/LaMuralla/Library/PackageCache/com.unity.test-framework.performance@8b56083ec0f0:+/Users/tuantu/Desktop/dev/AI/mobile/game_df/LaMuralla/Library/PackageCache/com.unity.mathematics@981956d94fb6:Library/ScriptAssemblies"
Filename: /Applications/Unity/Hub/Editor/6000.5.4f1/Unity.app/Contents/Resources/Scripting/DotNetSdk/dotnet
Arguments: "/Applications/Unity/Hub/Editor/6000.5.4f1/Unity.app/Contents/Resources/BuildPipeline/Compilation/ApiUpdater/AssemblyUpdater.dll" checkupdaterconfigs -a "/Users/tuantu/Desktop/dev/AI/mobile/game_df/LaMuralla/Library/PackageCache/com.google.ads.mobile@d3eae59ba596/GoogleMobileAds/GoogleMobileAds.dll" --timestamp 639233365829491080  -s "/Applications/Unity/Hub/Editor/6000.5.4f1/Unity.app/Contents/Resources/Scripting/NetStandard/ref/2.1.0:/Applications/Unity/Hub/Editor/6000.5.4f1/Unity.app/Contents/Resources/Scripting/NetStandard/compat/2.1.0/shims/netstandard:/Applications/Unity/Hub/Editor/6000.5.4f1/Unity.app/Contents/Resources/Scripting/NetStandard/compat/2.1.0/shims/netfx:+/Users/tuantu/Desktop/dev/AI/mobile/game_df/LaMuralla/Assets:+/Users/tuantu/Desktop/dev/AI/mobile/game_df/LaMuralla/Library/PackageCache/com.google.ads.mobile@d3eae59ba596:+/Users/tuantu/Desktop/dev/AI/mobile/game_df/LaMuralla/Library/PackageCache/com.unity.2d.sprite@053a968eab56:+/Users/tuantu/Desktop/dev/AI/mobile/game_df/LaMuralla/Library/PackageCache/com.unity.inputsystem@21a28c3a6c83:+/Users/tuantu/Desktop/dev/AI/mobile/game_df/LaMuralla/Library/PackageCache/com.unity.render-pipelines.universal@e38be786c41e:+/Users/tuantu/Desktop/dev/AI/mobile/game_df/LaMuralla/Library/PackageCache/com.unity.test-framework@1405238725ab:+/Users/tuantu/Desktop/dev/AI/mobile/game_df/LaMuralla/Library/PackageCache/com.unity.ugui@f2d87ebaaa32:+/Users/tuantu/Desktop/dev/AI/mobile/game_df/LaMuralla/Library/PackageCache/com.unity.ide.rider@1f60b3138684:+/Users/tuantu/Desktop/dev/AI/mobile/game_df/LaMuralla/Library/PackageCache/com.unity.ide.visualstudio@a99d56dec63f:+/Users/tuantu/Desktop/dev/AI/mobile/game_df/LaMuralla/Library/PackageCache/com.unity.modules.animation:+/Users/tuantu/Desktop/dev/AI/mobile/game_df/LaMuralla/Library/PackageCache/com.unity.modules.audio:+/Users/tuantu/Desktop/dev/AI/mobile/game_df/LaMuralla/Library/PackageCache/com.unity.modules.director:+/Users/tuantu/Desktop/dev/AI/mobile/game_df/LaMuralla/Library/PackageCache/com.unity.modules.imageconversion:+/Users/tuantu/Desktop/dev/AI/mobile/game_df/LaMuralla/Library/PackageCache/com.unity.modules.imgui:+/Users/tuantu/Desktop/dev/AI/mobile/game_df/LaMuralla/Library/PackageCache/com.unity.modules.jsonserialize:+/Users/tuantu/Desktop/dev/AI/mobile/game_df/LaMuralla/Library/PackageCache/com.unity.modules.particlesystem:+/Users/tuantu/Desktop/dev/AI/mobile/game_df/LaMuralla/Library/PackageCache/com.unity.modules.physics2d:+/Users/tuantu/Desktop/dev/AI/mobile/game_df/LaMuralla/Library/PackageCache/com.unity.modules.physicscore2d:+/Users/tuantu/Desktop/dev/AI/mobile/game_df/LaMuralla/Library/PackageCache/com.unity.modules.screencapture:+/Users/tuantu/Desktop/dev/AI/mobile/game_df/LaMuralla/Library/PackageCache/com.unity.modules.ui:+/Users/tuantu/Desktop/dev/AI/mobile/game_df/LaMuralla/Library/PackageCache/com.unity.modules.uielements:+/Users/tuantu/Desktop/dev/AI/mobile/game_df/LaMuralla/Library/PackageCache/com.unity.modules.unitywebrequest:+/Users/tuantu/Desktop/dev/AI/mobile/game_df/LaMuralla/Library/PackageCache/com.unity.modules.hierarchycore:+/Users/tuantu/Desktop/dev/AI/mobile/game_df/LaMuralla/Library/PackageCache/com.unity.modules.physics:+/Users/tuantu/Desktop/dev/AI/mobile/game_df/LaMuralla/Library/PackageCache/com.unity.ext.nunit@44f7d31723bd:+/Users/tuantu/Desktop/dev/AI/mobile/game_df/LaMuralla/Library/PackageCache/com.unity.render-pipelines.core@539ef1c759fb:+/Users/tuantu/Desktop/dev/AI/mobile/game_df/LaMuralla/Library/PackageCache/com.unity.shadergraph@636559dc59a3:+/Users/tuantu/Desktop/dev/AI/mobile/game_df/LaMuralla/Library/PackageCache/com.unity.render-pipelines.universal-config@fdda01c80fe3:+/Users/tuantu/Desktop/dev/AI/mobile/game_df/LaMuralla/Library/PackageCache/com.google.external-dependency-manager@f5312a5700af:+/Users/tuantu/Desktop/dev/AI/mobile/game_df/LaMuralla/Library/PackageCache/com.unity.modules.androidjni:+/Users/tuantu/Desktop/dev/AI/mobile/game_df/LaMuralla/Library/PackageCache/com.unity.searcher@d45a78918735:+/Users/tuantu/Desktop/dev/AI/mobile/game_df/LaMuralla/Library/PackageCache/com.unity.burst@6bb9aca3ef38:+/Users/tuantu/Desktop/dev/AI/mobile/game_df/LaMuralla/Library/PackageCache/com.unity.collections@a43cabe808ca:+/Users/tuantu/Desktop/dev/AI/mobile/game_df/LaMuralla/Library/PackageCache/com.unity.modules.terrain:+/Users/tuantu/Desktop/dev/AI/mobile/game_df/LaMuralla/Library/PackageCache/com.unity.nuget.mono-cecil@ecb9724e46ff:+/Users/tuantu/Desktop/dev/AI/mobile/game_df/LaMuralla/Library/PackageCache/com.unity.test-framework.performance@8b56083ec0f0:+/Users/tuantu/Desktop/dev/AI/mobile/game_df/LaMuralla/Library/PackageCache/com.unity.mathematics@981956d94fb6:Library/ScriptAssemblies"
Filename: /Applications/Unity/Hub/Editor/6000.5.4f1/Unity.app/Contents/Resources/Scripting/DotNetSdk/dotnet
Arguments: "/Applications/Unity/Hub/Editor/6000.5.4f1/Unity.app/Contents/Resources/BuildPipeline/Compilation/ApiUpdater/AssemblyUpdater.dll" checkupdaterconfigs -a "/Users/tuantu/Desktop/dev/AI/mobile/game_df/LaMuralla/Library/PackageCache/com.google.ads.mobile@d3eae59ba596/GoogleMobileAds/GoogleMobileAds.Common.dll" --timestamp 639233365819458190  -s "/Applications/Unity/Hub/Editor/6000.5.4f1/Unity.app/Contents/Resources/Scripting/NetStandard/ref/2.1.0:/Applications/Unity/Hub/Editor/6000.5.4f1/Unity.app/Contents/Resources/Scripting/NetStandard/compat/2.1.0/shims/netstandard:/Applications/Unity/Hub/Editor/6000.5.4f1/Unity.app/Contents/Resources/Scripting/NetStandard/compat/2.1.0/shims/netfx:+/Users/tuantu/Desktop/dev/AI/mobile/game_df/LaMuralla/Assets:+/Users/tuantu/Desktop/dev/AI/mobile/game_df/LaMuralla/Library/PackageCache/com.google.ads.mobile@d3eae59ba596:+/Users/tuantu/Desktop/dev/AI/mobile/game_df/LaMuralla/Library/PackageCache/com.unity.2d.sprite@053a968eab56:+/Users/tuantu/Desktop/dev/AI/mobile/game_df/LaMuralla/Library/PackageCache/com.unity.inputsystem@21a28c3a6c83:+/Users/tuantu/Desktop/dev/AI/mobile/game_df/LaMuralla/Library/PackageCache/com.unity.render-pipelines.universal@e38be786c41e:+/Users/tuantu/Desktop/dev/AI/mobile/game_df/LaMuralla/Library/PackageCache/com.unity.test-framework@1405238725ab:+/Users/tuantu/Desktop/dev/AI/mobile/game_df/LaMuralla/Library/PackageCache/com.unity.ugui@f2d87ebaaa32:+/Users/tuantu/Desktop/dev/AI/mobile/game_df/LaMuralla/Library/PackageCache/com.unity.ide.rider@1f60b3138684:+/Users/tuantu/Desktop/dev/AI/mobile/game_df/LaMuralla/Library/PackageCache/com.unity.ide.visualstudio@a99d56dec63f:+/Users/tuantu/Desktop/dev/AI/mobile/game_df/LaMuralla/Library/PackageCache/com.unity.modules.animation:+/Users/tuantu/Desktop/dev/AI/mobile/game_df/LaMuralla/Library/PackageCache/com.unity.modules.audio:+/Users/tuantu/Desktop/dev/AI/mobile/game_df/LaMuralla/Library/PackageCache/com.unity.modules.director:+/Users/tuantu/Desktop/dev/AI/mobile/game_df/LaMuralla/Library/PackageCache/com.unity.modules.imageconversion:+/Users/tuantu/Desktop/dev/AI/mobile/game_df/LaMuralla/Library/PackageCache/com.unity.modules.imgui:+/Users/tuantu/Desktop/dev/AI/mobile/game_df/LaMuralla/Library/PackageCache/com.unity.modules.jsonserialize:+/Users/tuantu/Desktop/dev/AI/mobile/game_df/LaMuralla/Library/PackageCache/com.unity.modules.particlesystem:+/Users/tuantu/Desktop/dev/AI/mobile/game_df/LaMuralla/Library/PackageCache/com.unity.modules.physics2d:+/Users/tuantu/Desktop/dev/AI/mobile/game_df/LaMuralla/Library/PackageCache/com.unity.modules.physicscore2d:+/Users/tuantu/Desktop/dev/AI/mobile/game_df/LaMuralla/Library/PackageCache/com.unity.modules.screencapture:+/Users/tuantu/Desktop/dev/AI/mobile/game_df/LaMuralla/Library/PackageCache/com.unity.modules.ui:+/Users/tuantu/Desktop/dev/AI/mobile/game_df/LaMuralla/Library/PackageCache/com.unity.modules.uielements:+/Users/tuantu/Desktop/dev/AI/mobile/game_df/LaMuralla/Library/PackageCache/com.unity.modules.unitywebrequest:+/Users/tuantu/Desktop/dev/AI/mobile/game_df/LaMuralla/Library/PackageCache/com.unity.modules.hierarchycore:+/Users/tuantu/Desktop/dev/AI/mobile/game_df/LaMuralla/Library/PackageCache/com.unity.modules.physics:+/Users/tuantu/Desktop/dev/AI/mobile/game_df/LaMuralla/Library/PackageCache/com.unity.ext.nunit@44f7d31723bd:+/Users/tuantu/Desktop/dev/AI/mobile/game_df/LaMuralla/Library/PackageCache/com.unity.render-pipelines.core@539ef1c759fb:+/Users/tuantu/Desktop/dev/AI/mobile/game_df/LaMuralla/Library/PackageCache/com.unity.shadergraph@636559dc59a3:+/Users/tuantu/Desktop/dev/AI/mobile/game_df/LaMuralla/Library/PackageCache/com.unity.render-pipelines.universal-config@fdda01c80fe3:+/Users/tuantu/Desktop/dev/AI/mobile/game_df/LaMuralla/Library/PackageCache/com.google.external-dependency-manager@f5312a5700af:+/Users/tuantu/Desktop/dev/AI/mobile/game_df/LaMuralla/Library/PackageCache/com.unity.modules.androidjni:+/Users/tuantu/Desktop/dev/AI/mobile/game_df/LaMuralla/Library/PackageCache/com.unity.searcher@d45a78918735:+/Users/tuantu/Desktop/dev/AI/mobile/game_df/LaMuralla/Library/PackageCache/com.unity.burst@6bb9aca3ef38:+/Users/tuantu/Desktop/dev/AI/mobile/game_df/LaMuralla/Library/PackageCache/com.unity.collections@a43cabe808ca:+/Users/tuantu/Desktop/dev/AI/mobile/game_df/LaMuralla/Library/PackageCache/com.unity.modules.terrain:+/Users/tuantu/Desktop/dev/AI/mobile/game_df/LaMuralla/Library/PackageCache/com.unity.nuget.mono-cecil@ecb9724e46ff:+/Users/tuantu/Desktop/dev/AI/mobile/game_df/LaMuralla/Library/PackageCache/com.unity.test-framework.performance@8b56083ec0f0:+/Users/tuantu/Desktop/dev/AI/mobile/game_df/LaMuralla/Library/PackageCache/com.unity.mathematics@981956d94fb6:Library/ScriptAssemblies"
Filename: /Applications/Unity/Hub/Editor/6000.5.4f1/Unity.app/Contents/Resources/Scripting/DotNetSdk/dotnet
Arguments: "/Applications/Unity/Hub/Editor/6000.5.4f1/Unity.app/Contents/Resources/BuildPipeline/Compilation/ApiUpdater/AssemblyUpdater.dll" checkupdaterconfigs -a "/Users/tuantu/Desktop/dev/AI/mobile/game_df/LaMuralla/Library/PackageCache/com.google.ads.mobile@d3eae59ba596/GoogleMobileAds/GoogleMobileAds.Android.dll" --timestamp 639233365827793690  -s "/Applications/Unity/Hub/Editor/6000.5.4f1/Unity.app/Contents/Resources/Scripting/NetStandard/ref/2.1.0:/Applications/Unity/Hub/Editor/6000.5.4f1/Unity.app/Contents/Resources/Scripting/NetStandard/compat/2.1.0/shims/netstandard:/Applications/Unity/Hub/Editor/6000.5.4f1/Unity.app/Contents/Resources/Scripting/NetStandard/compat/2.1.0/shims/netfx:+/Users/tuantu/Desktop/dev/AI/mobile/game_df/LaMuralla/Assets:+/Users/tuantu/Desktop/dev/AI/mobile/game_df/LaMuralla/Library/PackageCache/com.google.ads.mobile@d3eae59ba596:+/Users/tuantu/Desktop/dev/AI/mobile/game_df/LaMuralla/Library/PackageCache/com.unity.2d.sprite@053a968eab56:+/Users/tuantu/Desktop/dev/AI/mobile/game_df/LaMuralla/Library/PackageCache/com.unity.inputsystem@21a28c3a6c83:+/Users/tuantu/Desktop/dev/AI/mobile/game_df/LaMuralla/Library/PackageCache/com.unity.render-pipelines.universal@e38be786c41e:+/Users/tuantu/Desktop/dev/AI/mobile/game_df/LaMuralla/Library/PackageCache/com.unity.test-framework@1405238725ab:+/Users/tuantu/Desktop/dev/AI/mobile/game_df/LaMuralla/Library/PackageCache/com.unity.ugui@f2d87ebaaa32:+/Users/tuantu/Desktop/dev/AI/mobile/game_df/LaMuralla/Library/PackageCache/com.unity.ide.rider@1f60b3138684:+/Users/tuantu/Desktop/dev/AI/mobile/game_df/LaMuralla/Library/PackageCache/com.unity.ide.visualstudio@a99d56dec63f:+/Users/tuantu/Desktop/dev/AI/mobile/game_df/LaMuralla/Library/PackageCache/com.unity.modules.animation:+/Users/tuantu/Desktop/dev/AI/mobile/game_df/LaMuralla/Library/PackageCache/com.unity.modules.audio:+/Users/tuantu/Desktop/dev/AI/mobile/game_df/LaMuralla/Library/PackageCache/com.unity.modules.director:+/Users/tuantu/Desktop/dev/AI/mobile/game_df/LaMuralla/Library/PackageCache/com.unity.modules.imageconversion:+/Users/tuantu/Desktop/dev/AI/mobile/game_df/LaMuralla/Library/PackageCache/com.unity.modules.imgui:+/Users/tuantu/Desktop/dev/AI/mobile/game_df/LaMuralla/Library/PackageCache/com.unity.modules.jsonserialize:+/Users/tuantu/Desktop/dev/AI/mobile/game_df/LaMuralla/Library/PackageCache/com.unity.modules.particlesystem:+/Users/tuantu/Desktop/dev/AI/mobile/game_df/LaMuralla/Library/PackageCache/com.unity.modules.physics2d:+/Users/tuantu/Desktop/dev/AI/mobile/game_df/LaMuralla/Library/PackageCache/com.unity.modules.physicscore2d:+/Users/tuantu/Desktop/dev/AI/mobile/game_df/LaMuralla/Library/PackageCache/com.unity.modules.screencapture:+/Users/tuantu/Desktop/dev/AI/mobile/game_df/LaMuralla/Library/PackageCache/com.unity.modules.ui:+/Users/tuantu/Desktop/dev/AI/mobile/game_df/LaMuralla/Library/PackageCache/com.unity.modules.uielements:+/Users/tuantu/Desktop/dev/AI/mobile/game_df/LaMuralla/Library/PackageCache/com.unity.modules.unitywebrequest:+/Users/tuantu/Desktop/dev/AI/mobile/game_df/LaMuralla/Library/PackageCache/com.unity.modules.hierarchycore:+/Users/tuantu/Desktop/dev/AI/mobile/game_df/LaMuralla/Library/PackageCache/com.unity.modules.physics:+/Users/tuantu/Desktop/dev/AI/mobile/game_df/LaMuralla/Library/PackageCache/com.unity.ext.nunit@44f7d31723bd:+/Users/tuantu/Desktop/dev/AI/mobile/game_df/LaMuralla/Library/PackageCache/com.unity.render-pipelines.core@539ef1c759fb:+/Users/tuantu/Desktop/dev/AI/mobile/game_df/LaMuralla/Library/PackageCache/com.unity.shadergraph@636559dc59a3:+/Users/tuantu/Desktop/dev/AI/mobile/game_df/LaMuralla/Library/PackageCache/com.unity.render-pipelines.universal-config@fdda01c80fe3:+/Users/tuantu/Desktop/dev/AI/mobile/game_df/LaMuralla/Library/PackageCache/com.google.external-dependency-manager@f5312a5700af:+/Users/tuantu/Desktop/dev/AI/mobile/game_df/LaMuralla/Library/PackageCache/com.unity.modules.androidjni:+/Users/tuantu/Desktop/dev/AI/mobile/game_df/LaMuralla/Library/PackageCache/com.unity.searcher@d45a78918735:+/Users/tuantu/Desktop/dev/AI/mobile/game_df/LaMuralla/Library/PackageCache/com.unity.burst@6bb9aca3ef38:+/Users/tuantu/Desktop/dev/AI/mobile/game_df/LaMuralla/Library/PackageCache/com.unity.collections@a43cabe808ca:+/Users/tuantu/Desktop/dev/AI/mobile/game_df/LaMuralla/Library/PackageCache/com.unity.modules.terrain:+/Users/tuantu/Desktop/dev/AI/mobile/game_df/LaMuralla/Library/PackageCache/com.unity.nuget.mono-cecil@ecb9724e46ff:+/Users/tuantu/Desktop/dev/AI/mobile/game_df/LaMuralla/Library/PackageCache/com.unity.test-framework.performance@8b56083ec0f0:+/Users/tuantu/Desktop/dev/AI/mobile/game_df/LaMuralla/Library/PackageCache/com.unity.mathematics@981956d94fb6:Library/ScriptAssemblies"
Filename: /Applications/Unity/Hub/Editor/6000.5.4f1/Unity.app/Contents/Resources/Scripting/DotNetSdk/dotnet
Arguments: "/Applications/Unity/Hub/Editor/6000.5.4f1/Unity.app/Contents/Resources/BuildPipeline/Compilation/ApiUpdater/AssemblyUpdater.dll" checkupdaterconfigs -a "/Users/tuantu/Desktop/dev/AI/mobile/game_df/LaMuralla/Library/PackageCache/com.google.ads.mobile@d3eae59ba596/GoogleMobileAds/GoogleMobileAds.Ump.Android.dll" --timestamp 639233365816078680  -s "/Applications/Unity/Hub/Editor/6000.5.4f1/Unity.app/Contents/Resources/Scripting/NetStandard/ref/2.1.0:/Applications/Unity/Hub/Editor/6000.5.4f1/Unity.app/Contents/Resources/Scripting/NetStandard/compat/2.1.0/shims/netstandard:/Applications/Unity/Hub/Editor/6000.5.4f1/Unity.app/Contents/Resources/Scripting/NetStandard/compat/2.1.0/shims/netfx:+/Users/tuantu/Desktop/dev/AI/mobile/game_df/LaMuralla/Assets:+/Users/tuantu/Desktop/dev/AI/mobile/game_df/LaMuralla/Library/PackageCache/com.google.ads.mobile@d3eae59ba596:+/Users/tuantu/Desktop/dev/AI/mobile/game_df/LaMuralla/Library/PackageCache/com.unity.2d.sprite@053a968eab56:+/Users/tuantu/Desktop/dev/AI/mobile/game_df/LaMuralla/Library/PackageCache/com.unity.inputsystem@21a28c3a6c83:+/Users/tuantu/Desktop/dev/AI/mobile/game_df/LaMuralla/Library/PackageCache/com.unity.render-pipelines.universal@e38be786c41e:+/Users/tuantu/Desktop/dev/AI/mobile/game_df/LaMuralla/Library/PackageCache/com.unity.test-framework@1405238725ab:+/Users/tuantu/Desktop/dev/AI/mobile/game_df/LaMuralla/Library/PackageCache/com.unity.ugui@f2d87ebaaa32:+/Users/tuantu/Desktop/dev/AI/mobile/game_df/LaMuralla/Library/PackageCache/com.unity.ide.rider@1f60b3138684:+/Users/tuantu/Desktop/dev/AI/mobile/game_df/LaMuralla/Library/PackageCache/com.unity.ide.visualstudio@a99d56dec63f:+/Users/tuantu/Desktop/dev/AI/mobile/game_df/LaMuralla/Library/PackageCache/com.unity.modules.animation:+/Users/tuantu/Desktop/dev/AI/mobile/game_df/LaMuralla/Library/PackageCache/com.unity.modules.audio:+/Users/tuantu/Desktop/dev/AI/mobile/game_df/LaMuralla/Library/PackageCache/com.unity.modules.director:+/Users/tuantu/Desktop/dev/AI/mobile/game_df/LaMuralla/Library/PackageCache/com.unity.modules.imageconversion:+/Users/tuantu/Desktop/dev/AI/mobile/game_df/LaMuralla/Library/PackageCache/com.unity.modules.imgui:+/Users/tuantu/Desktop/dev/AI/mobile/game_df/LaMuralla/Library/PackageCache/com.unity.modules.jsonserialize:+/Users/tuantu/Desktop/dev/AI/mobile/game_df/LaMuralla/Library/PackageCache/com.unity.modules.particlesystem:+/Users/tuantu/Desktop/dev/AI/mobile/game_df/LaMuralla/Library/PackageCache/com.unity.modules.physics2d:+/Users/tuantu/Desktop/dev/AI/mobile/game_df/LaMuralla/Library/PackageCache/com.unity.modules.physicscore2d:+/Users/tuantu/Desktop/dev/AI/mobile/game_df/LaMuralla/Library/PackageCache/com.unity.modules.screencapture:+/Users/tuantu/Desktop/dev/AI/mobile/game_df/LaMuralla/Library/PackageCache/com.unity.modules.ui:+/Users/tuantu/Desktop/dev/AI/mobile/game_df/LaMuralla/Library/PackageCache/com.unity.modules.uielements:+/Users/tuantu/Desktop/dev/AI/mobile/game_df/LaMuralla/Library/PackageCache/com.unity.modules.unitywebrequest:+/Users/tuantu/Desktop/dev/AI/mobile/game_df/LaMuralla/Library/PackageCache/com.unity.modules.hierarchycore:+/Users/tuantu/Desktop/dev/AI/mobile/game_df/LaMuralla/Library/PackageCache/com.unity.modules.physics:+/Users/tuantu/Desktop/dev/AI/mobile/game_df/LaMuralla/Library/PackageCache/com.unity.ext.nunit@44f7d31723bd:+/Users/tuantu/Desktop/dev/AI/mobile/game_df/LaMuralla/Library/PackageCache/com.unity.render-pipelines.core@539ef1c759fb:+/Users/tuantu/Desktop/dev/AI/mobile/game_df/LaMuralla/Library/PackageCache/com.unity.shadergraph@636559dc59a3:+/Users/tuantu/Desktop/dev/AI/mobile/game_df/LaMuralla/Library/PackageCache/com.unity.render-pipelines.universal-config@fdda01c80fe3:+/Users/tuantu/Desktop/dev/AI/mobile/game_df/LaMuralla/Library/PackageCache/com.google.external-dependency-manager@f5312a5700af:+/Users/tuantu/Desktop/dev/AI/mobile/game_df/LaMuralla/Library/PackageCache/com.unity.modules.androidjni:+/Users/tuantu/Desktop/dev/AI/mobile/game_df/LaMuralla/Library/PackageCache/com.unity.searcher@d45a78918735:+/Users/tuantu/Desktop/dev/AI/mobile/game_df/LaMuralla/Library/PackageCache/com.unity.burst@6bb9aca3ef38:+/Users/tuantu/Desktop/dev/AI/mobile/game_df/LaMuralla/Library/PackageCache/com.unity.collections@a43cabe808ca:+/Users/tuantu/Desktop/dev/AI/mobile/game_df/LaMuralla/Library/PackageCache/com.unity.modules.terrain:+/Users/tuantu/Desktop/dev/AI/mobile/game_df/LaMuralla/Library/PackageCache/com.unity.nuget.mono-cecil@ecb9724e46ff:+/Users/tuantu/Desktop/dev/AI/mobile/game_df/LaMuralla/Library/PackageCache/com.unity.test-framework.performance@8b56083ec0f0:+/Users/tuantu/Desktop/dev/AI/mobile/game_df/LaMuralla/Library/PackageCache/com.unity.mathematics@981956d94fb6:Library/ScriptAssemblies"
Filename: /Applications/Unity/Hub/Editor/6000.5.4f1/Unity.app/Contents/Resources/Scripting/DotNetSdk/dotnet
Arguments: "/Applications/Unity/Hub/Editor/6000.5.4f1/Unity.app/Contents/Resources/BuildPipeline/Compilation/ApiUpdater/AssemblyUpdater.dll" checkupdaterconfigs -a "/Users/tuantu/Desktop/dev/AI/mobile/game_df/LaMuralla/Library/PackageCache/com.google.external-dependency-manager@f5312a5700af/ExternalDependencyManager/Editor/1.2.187/Google.PackageManagerResolver.dll" --timestamp 639233365837901200  -s "/Applications/Unity/Hub/Editor/6000.5.4f1/Unity.app/Contents/Resources/Scripting/NetStandard/ref/2.1.0:/Applications/Unity/Hub/Editor/6000.5.4f1/Unity.app/Contents/Resources/Scripting/NetStandard/compat/2.1.0/shims/netstandard:/Applications/Unity/Hub/Editor/6000.5.4f1/Unity.app/Contents/Resources/Scripting/NetStandard/compat/2.1.0/shims/netfx:+/Users/tuantu/Desktop/dev/AI/mobile/game_df/LaMuralla/Assets:+/Users/tuantu/Desktop/dev/AI/mobile/game_df/LaMuralla/Library/PackageCache/com.google.ads.mobile@d3eae59ba596:+/Users/tuantu/Desktop/dev/AI/mobile/game_df/LaMuralla/Library/PackageCache/com.unity.2d.sprite@053a968eab56:+/Users/tuantu/Desktop/dev/AI/mobile/game_df/LaMuralla/Library/PackageCache/com.unity.inputsystem@21a28c3a6c83:+/Users/tuantu/Desktop/dev/AI/mobile/game_df/LaMuralla/Library/PackageCache/com.unity.render-pipelines.universal@e38be786c41e:+/Users/tuantu/Desktop/dev/AI/mobile/game_df/LaMuralla/Library/PackageCache/com.unity.test-framework@1405238725ab:+/Users/tuantu/Desktop/dev/AI/mobile/game_df/LaMuralla/Library/PackageCache/com.unity.ugui@f2d87ebaaa32:+/Users/tuantu/Desktop/dev/AI/mobile/game_df/LaMuralla/Library/PackageCache/com.unity.ide.rider@1f60b3138684:+/Users/tuantu/Desktop/dev/AI/mobile/game_df/LaMuralla/Library/PackageCache/com.unity.ide.visualstudio@a99d56dec63f:+/Users/tuantu/Desktop/dev/AI/mobile/game_df/LaMuralla/Library/PackageCache/com.unity.modules.animation:+/Users/tuantu/Desktop/dev/AI/mobile/game_df/LaMuralla/Library/PackageCache/com.unity.modules.audio:+/Users/tuantu/Desktop/dev/AI/mobile/game_df/LaMuralla/Library/PackageCache/com.unity.modules.director:+/Users/tuantu/Desktop/dev/AI/mobile/game_df/LaMuralla/Library/PackageCache/com.unity.modules.imageconversion:+/Users/tuantu/Desktop/dev/AI/mobile/game_df/LaMuralla/Library/PackageCache/com.unity.modules.imgui:+/Users/tuantu/Desktop/dev/AI/mobile/game_df/LaMuralla/Library/PackageCache/com.unity.modules.jsonserialize:+/Users/tuantu/Desktop/dev/AI/mobile/game_df/LaMuralla/Library/PackageCache/com.unity.modules.particlesystem:+/Users/tuantu/Desktop/dev/AI/mobile/game_df/LaMuralla/Library/PackageCache/com.unity.modules.physics2d:+/Users/tuantu/Desktop/dev/AI/mobile/game_df/LaMuralla/Library/PackageCache/com.unity.modules.physicscore2d:+/Users/tuantu/Desktop/dev/AI/mobile/game_df/LaMuralla/Library/PackageCache/com.unity.modules.screencapture:+/Users/tuantu/Desktop/dev/AI/mobile/game_df/LaMuralla/Library/PackageCache/com.unity.modules.ui:+/Users/tuantu/Desktop/dev/AI/mobile/game_df/LaMuralla/Library/PackageCache/com.unity.modules.uielements:+/Users/tuantu/Desktop/dev/AI/mobile/game_df/LaMuralla/Library/PackageCache/com.unity.modules.unitywebrequest:+/Users/tuantu/Desktop/dev/AI/mobile/game_df/LaMuralla/Library/PackageCache/com.unity.modules.hierarchycore:+/Users/tuantu/Desktop/dev/AI/mobile/game_df/LaMuralla/Library/PackageCache/com.unity.modules.physics:+/Users/tuantu/Desktop/dev/AI/mobile/game_df/LaMuralla/Library/PackageCache/com.unity.ext.nunit@44f7d31723bd:+/Users/tuantu/Desktop/dev/AI/mobile/game_df/LaMuralla/Library/PackageCache/com.unity.render-pipelines.core@539ef1c759fb:+/Users/tuantu/Desktop/dev/AI/mobile/game_df/LaMuralla/Library/PackageCache/com.unity.shadergraph@636559dc59a3:+/Users/tuantu/Desktop/dev/AI/mobile/game_df/LaMuralla/Library/PackageCache/com.unity.render-pipelines.universal-config@fdda01c80fe3:+/Users/tuantu/Desktop/dev/AI/mobile/game_df/LaMuralla/Library/PackageCache/com.google.external-dependency-manager@f5312a5700af:+/Users/tuantu/Desktop/dev/AI/mobile/game_df/LaMuralla/Library/PackageCache/com.unity.modules.androidjni:+/Users/tuantu/Desktop/dev/AI/mobile/game_df/LaMuralla/Library/PackageCache/com.unity.searcher@d45a78918735:+/Users/tuantu/Desktop/dev/AI/mobile/game_df/LaMuralla/Library/PackageCache/com.unity.burst@6bb9aca3ef38:+/Users/tuantu/Desktop/dev/AI/mobile/game_df/LaMuralla/Library/PackageCache/com.unity.collections@a43cabe808ca:+/Users/tuantu/Desktop/dev/AI/mobile/game_df/LaMuralla/Library/PackageCache/com.unity.modules.terrain:+/Users/tuantu/Desktop/dev/AI/mobile/game_df/LaMuralla/Library/PackageCache/com.unity.nuget.mono-cecil@ecb9724e46ff:+/Users/tuantu/Desktop/dev/AI/mobile/game_df/LaMuralla/Library/PackageCache/com.unity.test-framework.performance@8b56083ec0f0:+/Users/tuantu/Desktop/dev/AI/mobile/game_df/LaMuralla/Library/PackageCache/com.unity.mathematics@981956d94fb6:Library/ScriptAssemblies"
Filename: /Applications/Unity/Hub/Editor/6000.5.4f1/Unity.app/Contents/Resources/Scripting/DotNetSdk/dotnet
Arguments: "/Applications/Unity/Hub/Editor/6000.5.4f1/Unity.app/Contents/Resources/BuildPipeline/Compilation/ApiUpdater/AssemblyUpdater.dll" checkupdaterconfigs -a "/Users/tuantu/Desktop/dev/AI/mobile/game_df/LaMuralla/Library/PackageCache/com.google.external-dependency-manager@f5312a5700af/ExternalDependencyManager/Editor/Google.VersionHandler.dll" --timestamp 639233365836219660  -s "/Applications/Unity/Hub/Editor/6000.5.4f1/Unity.app/Contents/Resources/Scripting/NetStandard/ref/2.1.0:/Applications/Unity/Hub/Editor/6000.5.4f1/Unity.app/Contents/Resources/Scripting/NetStandard/compat/2.1.0/shims/netstandard:/Applications/Unity/Hub/Editor/6000.5.4f1/Unity.app/Contents/Resources/Scripting/NetStandard/compat/2.1.0/shims/netfx:+/Users/tuantu/Desktop/dev/AI/mobile/game_df/LaMuralla/Assets:+/Users/tuantu/Desktop/dev/AI/mobile/game_df/LaMuralla/Library/PackageCache/com.google.ads.mobile@d3eae59ba596:+/Users/tuantu/Desktop/dev/AI/mobile/game_df/LaMuralla/Library/PackageCache/com.unity.2d.sprite@053a968eab56:+/Users/tuantu/Desktop/dev/AI/mobile/game_df/LaMuralla/Library/PackageCache/com.unity.inputsystem@21a28c3a6c83:+/Users/tuantu/Desktop/dev/AI/mobile/game_df/LaMuralla/Library/PackageCache/com.unity.render-pipelines.universal@e38be786c41e:+/Users/tuantu/Desktop/dev/AI/mobile/game_df/LaMuralla/Library/PackageCache/com.unity.test-framework@1405238725ab:+/Users/tuantu/Desktop/dev/AI/mobile/game_df/LaMuralla/Library/PackageCache/com.unity.ugui@f2d87ebaaa32:+/Users/tuantu/Desktop/dev/AI/mobile/game_df/LaMuralla/Library/PackageCache/com.unity.ide.rider@1f60b3138684:+/Users/tuantu/Desktop/dev/AI/mobile/game_df/LaMuralla/Library/PackageCache/com.unity.ide.visualstudio@a99d56dec63f:+/Users/tuantu/Desktop/dev/AI/mobile/game_df/LaMuralla/Library/PackageCache/com.unity.modules.animation:+/Users/tuantu/Desktop/dev/AI/mobile/game_df/LaMuralla/Library/PackageCache/com.unity.modules.audio:+/Users/tuantu/Desktop/dev/AI/mobile/game_df/LaMuralla/Library/PackageCache/com.unity.modules.director:+/Users/tuantu/Desktop/dev/AI/mobile/game_df/LaMuralla/Library/PackageCache/com.unity.modules.imageconversion:+/Users/tuantu/Desktop/dev/AI/mobile/game_df/LaMuralla/Library/PackageCache/com.unity.modules.imgui:+/Users/tuantu/Desktop/dev/AI/mobile/game_df/LaMuralla/Library/PackageCache/com.unity.modules.jsonserialize:+/Users/tuantu/Desktop/dev/AI/mobile/game_df/LaMuralla/Library/PackageCache/com.unity.modules.particlesystem:+/Users/tuantu/Desktop/dev/AI/mobile/game_df/LaMuralla/Library/PackageCache/com.unity.modules.physics2d:+/Users/tuantu/Desktop/dev/AI/mobile/game_df/LaMuralla/Library/PackageCache/com.unity.modules.physicscore2d:+/Users/tuantu/Desktop/dev/AI/mobile/game_df/LaMuralla/Library/PackageCache/com.unity.modules.screencapture:+/Users/tuantu/Desktop/dev/AI/mobile/game_df/LaMuralla/Library/PackageCache/com.unity.modules.ui:+/Users/tuantu/Desktop/dev/AI/mobile/game_df/LaMuralla/Library/PackageCache/com.unity.modules.uielements:+/Users/tuantu/Desktop/dev/AI/mobile/game_df/LaMuralla/Library/PackageCache/com.unity.modules.unitywebrequest:+/Users/tuantu/Desktop/dev/AI/mobile/game_df/LaMuralla/Library/PackageCache/com.unity.modules.hierarchycore:+/Users/tuantu/Desktop/dev/AI/mobile/game_df/LaMuralla/Library/PackageCache/com.unity.modules.physics:+/Users/tuantu/Desktop/dev/AI/mobile/game_df/LaMuralla/Library/PackageCache/com.unity.ext.nunit@44f7d31723bd:+/Users/tuantu/Desktop/dev/AI/mobile/game_df/LaMuralla/Library/PackageCache/com.unity.render-pipelines.core@539ef1c759fb:+/Users/tuantu/Desktop/dev/AI/mobile/game_df/LaMuralla/Library/PackageCache/com.unity.shadergraph@636559dc59a3:+/Users/tuantu/Desktop/dev/AI/mobile/game_df/LaMuralla/Library/PackageCache/com.unity.render-pipelines.universal-config@fdda01c80fe3:+/Users/tuantu/Desktop/dev/AI/mobile/game_df/LaMuralla/Library/PackageCache/com.google.external-dependency-manager@f5312a5700af:+/Users/tuantu/Desktop/dev/AI/mobile/game_df/LaMuralla/Library/PackageCache/com.unity.modules.androidjni:+/Users/tuantu/Desktop/dev/AI/mobile/game_df/LaMuralla/Library/PackageCache/com.unity.searcher@d45a78918735:+/Users/tuantu/Desktop/dev/AI/mobile/game_df/LaMuralla/Library/PackageCache/com.unity.burst@6bb9aca3ef38:+/Users/tuantu/Desktop/dev/AI/mobile/game_df/LaMuralla/Library/PackageCache/com.unity.collections@a43cabe808ca:+/Users/tuantu/Desktop/dev/AI/mobile/game_df/LaMuralla/Library/PackageCache/com.unity.modules.terrain:+/Users/tuantu/Desktop/dev/AI/mobile/game_df/LaMuralla/Library/PackageCache/com.unity.nuget.mono-cecil@ecb9724e46ff:+/Users/tuantu/Desktop/dev/AI/mobile/game_df/LaMuralla/Library/PackageCache/com.unity.test-framework.performance@8b56083ec0f0:+/Users/tuantu/Desktop/dev/AI/mobile/game_df/LaMuralla/Library/PackageCache/com.unity.mathematics@981956d94fb6:Library/ScriptAssemblies"
Filename: /Applications/Unity/Hub/Editor/6000.5.4f1/Unity.app/Contents/Resources/Scripting/DotNetSdk/dotnet
Arguments: "/Applications/Unity/Hub/Editor/6000.5.4f1/Unity.app/Contents/Resources/BuildPipeline/Compilation/ApiUpdater/AssemblyUpdater.dll" checkupdaterconfigs -a "/Users/tuantu/Desktop/dev/AI/mobile/game_df/LaMuralla/Library/PackageCache/com.google.ads.mobile@d3eae59ba596/GoogleMobileAds/GoogleMobileAds.Ump.Unity.dll" --timestamp 639233365834540820  -s "/Applications/Unity/Hub/Editor/6000.5.4f1/Unity.app/Contents/Resources/Scripting/NetStandard/ref/2.1.0:/Applications/Unity/Hub/Editor/6000.5.4f1/Unity.app/Contents/Resources/Scripting/NetStandard/compat/2.1.0/shims/netstandard:/Applications/Unity/Hub/Editor/6000.5.4f1/Unity.app/Contents/Resources/Scripting/NetStandard/compat/2.1.0/shims/netfx:+/Users/tuantu/Desktop/dev/AI/mobile/game_df/LaMuralla/Assets:+/Users/tuantu/Desktop/dev/AI/mobile/game_df/LaMuralla/Library/PackageCache/com.google.ads.mobile@d3eae59ba596:+/Users/tuantu/Desktop/dev/AI/mobile/game_df/LaMuralla/Library/PackageCache/com.unity.2d.sprite@053a968eab56:+/Users/tuantu/Desktop/dev/AI/mobile/game_df/LaMuralla/Library/PackageCache/com.unity.inputsystem@21a28c3a6c83:+/Users/tuantu/Desktop/dev/AI/mobile/game_df/LaMuralla/Library/PackageCache/com.unity.render-pipelines.universal@e38be786c41e:+/Users/tuantu/Desktop/dev/AI/mobile/game_df/LaMuralla/Library/PackageCache/com.unity.test-framework@1405238725ab:+/Users/tuantu/Desktop/dev/AI/mobile/game_df/LaMuralla/Library/PackageCache/com.unity.ugui@f2d87ebaaa32:+/Users/tuantu/Desktop/dev/AI/mobile/game_df/LaMuralla/Library/PackageCache/com.unity.ide.rider@1f60b3138684:+/Users/tuantu/Desktop/dev/AI/mobile/game_df/LaMuralla/Library/PackageCache/com.unity.ide.visualstudio@a99d56dec63f:+/Users/tuantu/Desktop/dev/AI/mobile/game_df/LaMuralla/Library/PackageCache/com.unity.modules.animation:+/Users/tuantu/Desktop/dev/AI/mobile/game_df/LaMuralla/Library/PackageCache/com.unity.modules.audio:+/Users/tuantu/Desktop/dev/AI/mobile/game_df/LaMuralla/Library/PackageCache/com.unity.modules.director:+/Users/tuantu/Desktop/dev/AI/mobile/game_df/LaMuralla/Library/PackageCache/com.unity.modules.imageconversion:+/Users/tuantu/Desktop/dev/AI/mobile/game_df/LaMuralla/Library/PackageCache/com.unity.modules.imgui:+/Users/tuantu/Desktop/dev/AI/mobile/game_df/LaMuralla/Library/PackageCache/com.unity.modules.jsonserialize:+/Users/tuantu/Desktop/dev/AI/mobile/game_df/LaMuralla/Library/PackageCache/com.unity.modules.particlesystem:+/Users/tuantu/Desktop/dev/AI/mobile/game_df/LaMuralla/Library/PackageCache/com.unity.modules.physics2d:+/Users/tuantu/Desktop/dev/AI/mobile/game_df/LaMuralla/Library/PackageCache/com.unity.modules.physicscore2d:+/Users/tuantu/Desktop/dev/AI/mobile/game_df/LaMuralla/Library/PackageCache/com.unity.modules.screencapture:+/Users/tuantu/Desktop/dev/AI/mobile/game_df/LaMuralla/Library/PackageCache/com.unity.modules.ui:+/Users/tuantu/Desktop/dev/AI/mobile/game_df/LaMuralla/Library/PackageCache/com.unity.modules.uielements:+/Users/tuantu/Desktop/dev/AI/mobile/game_df/LaMuralla/Library/PackageCache/com.unity.modules.unitywebrequest:+/Users/tuantu/Desktop/dev/AI/mobile/game_df/LaMuralla/Library/PackageCache/com.unity.modules.hierarchycore:+/Users/tuantu/Desktop/dev/AI/mobile/game_df/LaMuralla/Library/PackageCache/com.unity.modules.physics:+/Users/tuantu/Desktop/dev/AI/mobile/game_df/LaMuralla/Library/PackageCache/com.unity.ext.nunit@44f7d31723bd:+/Users/tuantu/Desktop/dev/AI/mobile/game_df/LaMuralla/Library/PackageCache/com.unity.render-pipelines.core@539ef1c759fb:+/Users/tuantu/Desktop/dev/AI/mobile/game_df/LaMuralla/Library/PackageCache/com.unity.shadergraph@636559dc59a3:+/Users/tuantu/Desktop/dev/AI/mobile/game_df/LaMuralla/Library/PackageCache/com.unity.render-pipelines.universal-config@fdda01c80fe3:+/Users/tuantu/Desktop/dev/AI/mobile/game_df/LaMuralla/Library/PackageCache/com.google.external-dependency-manager@f5312a5700af:+/Users/tuantu/Desktop/dev/AI/mobile/game_df/LaMuralla/Library/PackageCache/com.unity.modules.androidjni:+/Users/tuantu/Desktop/dev/AI/mobile/game_df/LaMuralla/Library/PackageCache/com.unity.searcher@d45a78918735:+/Users/tuantu/Desktop/dev/AI/mobile/game_df/LaMuralla/Library/PackageCache/com.unity.burst@6bb9aca3ef38:+/Users/tuantu/Desktop/dev/AI/mobile/game_df/LaMuralla/Library/PackageCache/com.unity.collections@a43cabe808ca:+/Users/tuantu/Desktop/dev/AI/mobile/game_df/LaMuralla/Library/PackageCache/com.unity.modules.terrain:+/Users/tuantu/Desktop/dev/AI/mobile/game_df/LaMuralla/Library/PackageCache/com.unity.nuget.mono-cecil@ecb9724e46ff:+/Users/tuantu/Desktop/dev/AI/mobile/game_df/LaMuralla/Library/PackageCache/com.unity.test-framework.performance@8b56083ec0f0:+/Users/tuantu/Desktop/dev/AI/mobile/game_df/LaMuralla/Library/PackageCache/com.unity.mathematics@981956d94fb6:Library/ScriptAssemblies"
Filename: /Applications/Unity/Hub/Editor/6000.5.4f1/Unity.app/Contents/Resources/Scripting/DotNetSdk/dotnet
Arguments: "/Applications/Unity/Hub/Editor/6000.5.4f1/Unity.app/Contents/Resources/BuildPipeline/Compilation/ApiUpdater/AssemblyUpdater.dll" checkupdaterconfigs -a "/Users/tuantu/Desktop/dev/AI/mobile/game_df/LaMuralla/Library/PackageCache/com.google.ads.mobile@d3eae59ba596/GoogleMobileAds/GoogleMobileAds.Ump.iOS.dll" --timestamp 639233365832892490  -s "/Applications/Unity/Hub/Editor/6000.5.4f1/Unity.app/Contents/Resources/Scripting/NetStandard/ref/2.1.0:/Applications/Unity/Hub/Editor/6000.5.4f1/Unity.app/Contents/Resources/Scripting/NetStandard/compat/2.1.0/shims/netstandard:/Applications/Unity/Hub/Editor/6000.5.4f1/Unity.app/Contents/Resources/Scripting/NetStandard/compat/2.1.0/shims/netfx:+/Users/tuantu/Desktop/dev/AI/mobile/game_df/LaMuralla/Assets:+/Users/tuantu/Desktop/dev/AI/mobile/game_df/LaMuralla/Library/PackageCache/com.google.ads.mobile@d3eae59ba596:+/Users/tuantu/Desktop/dev/AI/mobile/game_df/LaMuralla/Library/PackageCache/com.unity.2d.sprite@053a968eab56:+/Users/tuantu/Desktop/dev/AI/mobile/game_df/LaMuralla/Library/PackageCache/com.unity.inputsystem@21a28c3a6c83:+/Users/tuantu/Desktop/dev/AI/mobile/game_df/LaMuralla/Library/PackageCache/com.unity.render-pipelines.universal@e38be786c41e:+/Users/tuantu/Desktop/dev/AI/mobile/game_df/LaMuralla/Library/PackageCache/com.unity.test-framework@1405238725ab:+/Users/tuantu/Desktop/dev/AI/mobile/game_df/LaMuralla/Library/PackageCache/com.unity.ugui@f2d87ebaaa32:+/Users/tuantu/Desktop/dev/AI/mobile/game_df/LaMuralla/Library/PackageCache/com.unity.ide.rider@1f60b3138684:+/Users/tuantu/Desktop/dev/AI/mobile/game_df/LaMuralla/Library/PackageCache/com.unity.ide.visualstudio@a99d56dec63f:+/Users/tuantu/Desktop/dev/AI/mobile/game_df/LaMuralla/Library/PackageCache/com.unity.modules.animation:+/Users/tuantu/Desktop/dev/AI/mobile/game_df/LaMuralla/Library/PackageCache/com.unity.modules.audio:+/Users/tuantu/Desktop/dev/AI/mobile/game_df/LaMuralla/Library/PackageCache/com.unity.modules.director:+/Users/tuantu/Desktop/dev/AI/mobile/game_df/LaMuralla/Library/PackageCache/com.unity.modules.imageconversion:+/Users/tuantu/Desktop/dev/AI/mobile/game_df/LaMuralla/Library/PackageCache/com.unity.modules.imgui:+/Users/tuantu/Desktop/dev/AI/mobile/game_df/LaMuralla/Library/PackageCache/com.unity.modules.jsonserialize:+/Users/tuantu/Desktop/dev/AI/mobile/game_df/LaMuralla/Library/PackageCache/com.unity.modules.particlesystem:+/Users/tuantu/Desktop/dev/AI/mobile/game_df/LaMuralla/Library/PackageCache/com.unity.modules.physics2d:+/Users/tuantu/Desktop/dev/AI/mobile/game_df/LaMuralla/Library/PackageCache/com.unity.modules.physicscore2d:+/Users/tuantu/Desktop/dev/AI/mobile/game_df/LaMuralla/Library/PackageCache/com.unity.modules.screencapture:+/Users/tuantu/Desktop/dev/AI/mobile/game_df/LaMuralla/Library/PackageCache/com.unity.modules.ui:+/Users/tuantu/Desktop/dev/AI/mobile/game_df/LaMuralla/Library/PackageCache/com.unity.modules.uielements:+/Users/tuantu/Desktop/dev/AI/mobile/game_df/LaMuralla/Library/PackageCache/com.unity.modules.unitywebrequest:+/Users/tuantu/Desktop/dev/AI/mobile/game_df/LaMuralla/Library/PackageCache/com.unity.modules.hierarchycore:+/Users/tuantu/Desktop/dev/AI/mobile/game_df/LaMuralla/Library/PackageCache/com.unity.modules.physics:+/Users/tuantu/Desktop/dev/AI/mobile/game_df/LaMuralla/Library/PackageCache/com.unity.ext.nunit@44f7d31723bd:+/Users/tuantu/Desktop/dev/AI/mobile/game_df/LaMuralla/Library/PackageCache/com.unity.render-pipelines.core@539ef1c759fb:+/Users/tuantu/Desktop/dev/AI/mobile/game_df/LaMuralla/Library/PackageCache/com.unity.shadergraph@636559dc59a3:+/Users/tuantu/Desktop/dev/AI/mobile/game_df/LaMuralla/Library/PackageCache/com.unity.render-pipelines.universal-config@fdda01c80fe3:+/Users/tuantu/Desktop/dev/AI/mobile/game_df/LaMuralla/Library/PackageCache/com.google.external-dependency-manager@f5312a5700af:+/Users/tuantu/Desktop/dev/AI/mobile/game_df/LaMuralla/Library/PackageCache/com.unity.modules.androidjni:+/Users/tuantu/Desktop/dev/AI/mobile/game_df/LaMuralla/Library/PackageCache/com.unity.searcher@d45a78918735:+/Users/tuantu/Desktop/dev/AI/mobile/game_df/LaMuralla/Library/PackageCache/com.unity.burst@6bb9aca3ef38:+/Users/tuantu/Desktop/dev/AI/mobile/game_df/LaMuralla/Library/PackageCache/com.unity.collections@a43cabe808ca:+/Users/tuantu/Desktop/dev/AI/mobile/game_df/LaMuralla/Library/PackageCache/com.unity.modules.terrain:+/Users/tuantu/Desktop/dev/AI/mobile/game_df/LaMuralla/Library/PackageCache/com.unity.nuget.mono-cecil@ecb9724e46ff:+/Users/tuantu/Desktop/dev/AI/mobile/game_df/LaMuralla/Library/PackageCache/com.unity.test-framework.performance@8b56083ec0f0:+/Users/tuantu/Desktop/dev/AI/mobile/game_df/LaMuralla/Library/PackageCache/com.unity.mathematics@981956d94fb6:Library/ScriptAssemblies"
Filename: /Applications/Unity/Hub/Editor/6000.5.4f1/Unity.app/Contents/Resources/Scripting/DotNetSdk/dotnet
Arguments: "/Applications/Unity/Hub/Editor/6000.5.4f1/Unity.app/Contents/Resources/BuildPipeline/Compilation/ApiUpdater/AssemblyUpdater.dll" checkupdaterconfigs -a "/Users/tuantu/Desktop/dev/AI/mobile/game_df/LaMuralla/Library/PackageCache/com.google.ads.mobile@d3eae59ba596/GoogleMobileAds/GoogleMobileAds.Ump.dll" --timestamp 639233365831204540  -s "/Applications/Unity/Hub/Editor/6000.5.4f1/Unity.app/Contents/Resources/Scripting/NetStandard/ref/2.1.0:/Applications/Unity/Hub/Editor/6000.5.4f1/Unity.app/Contents/Resources/Scripting/NetStandard/compat/2.1.0/shims/netstandard:/Applications/Unity/Hub/Editor/6000.5.4f1/Unity.app/Contents/Resources/Scripting/NetStandard/compat/2.1.0/shims/netfx:+/Users/tuantu/Desktop/dev/AI/mobile/game_df/LaMuralla/Assets:+/Users/tuantu/Desktop/dev/AI/mobile/game_df/LaMuralla/Library/PackageCache/com.google.ads.mobile@d3eae59ba596:+/Users/tuantu/Desktop/dev/AI/mobile/game_df/LaMuralla/Library/PackageCache/com.unity.2d.sprite@053a968eab56:+/Users/tuantu/Desktop/dev/AI/mobile/game_df/LaMuralla/Library/PackageCache/com.unity.inputsystem@21a28c3a6c83:+/Users/tuantu/Desktop/dev/AI/mobile/game_df/LaMuralla/Library/PackageCache/com.unity.render-pipelines.universal@e38be786c41e:+/Users/tuantu/Desktop/dev/AI/mobile/game_df/LaMuralla/Library/PackageCache/com.unity.test-framework@1405238725ab:+/Users/tuantu/Desktop/dev/AI/mobile/game_df/LaMuralla/Library/PackageCache/com.unity.ugui@f2d87ebaaa32:+/Users/tuantu/Desktop/dev/AI/mobile/game_df/LaMuralla/Library/PackageCache/com.unity.ide.rider@1f60b3138684:+/Users/tuantu/Desktop/dev/AI/mobile/game_df/LaMuralla/Library/PackageCache/com.unity.ide.visualstudio@a99d56dec63f:+/Users/tuantu/Desktop/dev/AI/mobile/game_df/LaMuralla/Library/PackageCache/com.unity.modules.animation:+/Users/tuantu/Desktop/dev/AI/mobile/game_df/LaMuralla/Library/PackageCache/com.unity.modules.audio:+/Users/tuantu/Desktop/dev/AI/mobile/game_df/LaMuralla/Library/PackageCache/com.unity.modules.director:+/Users/tuantu/Desktop/dev/AI/mobile/game_df/LaMuralla/Library/PackageCache/com.unity.modules.imageconversion:+/Users/tuantu/Desktop/dev/AI/mobile/game_df/LaMuralla/Library/PackageCache/com.unity.modules.imgui:+/Users/tuantu/Desktop/dev/AI/mobile/game_df/LaMuralla/Library/PackageCache/com.unity.modules.jsonserialize:+/Users/tuantu/Desktop/dev/AI/mobile/game_df/LaMuralla/Library/PackageCache/com.unity.modules.particlesystem:+/Users/tuantu/Desktop/dev/AI/mobile/game_df/LaMuralla/Library/PackageCache/com.unity.modules.physics2d:+/Users/tuantu/Desktop/dev/AI/mobile/game_df/LaMuralla/Library/PackageCache/com.unity.modules.physicscore2d:+/Users/tuantu/Desktop/dev/AI/mobile/game_df/LaMuralla/Library/PackageCache/com.unity.modules.screencapture:+/Users/tuantu/Desktop/dev/AI/mobile/game_df/LaMuralla/Library/PackageCache/com.unity.modules.ui:+/Users/tuantu/Desktop/dev/AI/mobile/game_df/LaMuralla/Library/PackageCache/com.unity.modules.uielements:+/Users/tuantu/Desktop/dev/AI/mobile/game_df/LaMuralla/Library/PackageCache/com.unity.modules.unitywebrequest:+/Users/tuantu/Desktop/dev/AI/mobile/game_df/LaMuralla/Library/PackageCache/com.unity.modules.hierarchycore:+/Users/tuantu/Desktop/dev/AI/mobile/game_df/LaMuralla/Library/PackageCache/com.unity.modules.physics:+/Users/tuantu/Desktop/dev/AI/mobile/game_df/LaMuralla/Library/PackageCache/com.unity.ext.nunit@44f7d31723bd:+/Users/tuantu/Desktop/dev/AI/mobile/game_df/LaMuralla/Library/PackageCache/com.unity.render-pipelines.core@539ef1c759fb:+/Users/tuantu/Desktop/dev/AI/mobile/game_df/LaMuralla/Library/PackageCache/com.unity.shadergraph@636559dc59a3:+/Users/tuantu/Desktop/dev/AI/mobile/game_df/LaMuralla/Library/PackageCache/com.unity.render-pipelines.universal-config@fdda01c80fe3:+/Users/tuantu/Desktop/dev/AI/mobile/game_df/LaMuralla/Library/PackageCache/com.google.external-dependency-manager@f5312a5700af:+/Users/tuantu/Desktop/dev/AI/mobile/game_df/LaMuralla/Library/PackageCache/com.unity.modules.androidjni:+/Users/tuantu/Desktop/dev/AI/mobile/game_df/LaMuralla/Library/PackageCache/com.unity.searcher@d45a78918735:+/Users/tuantu/Desktop/dev/AI/mobile/game_df/LaMuralla/Library/PackageCache/com.unity.burst@6bb9aca3ef38:+/Users/tuantu/Desktop/dev/AI/mobile/game_df/LaMuralla/Library/PackageCache/com.unity.collections@a43cabe808ca:+/Users/tuantu/Desktop/dev/AI/mobile/game_df/LaMuralla/Library/PackageCache/com.unity.modules.terrain:+/Users/tuantu/Desktop/dev/AI/mobile/game_df/LaMuralla/Library/PackageCache/com.unity.nuget.mono-cecil@ecb9724e46ff:+/Users/tuantu/Desktop/dev/AI/mobile/game_df/LaMuralla/Library/PackageCache/com.unity.test-framework.performance@8b56083ec0f0:+/Users/tuantu/Desktop/dev/AI/mobile/game_df/LaMuralla/Library/PackageCache/com.unity.mathematics@981956d94fb6:Library/ScriptAssemblies"
[API Updater] Processing imported assemblies took 2912 ms (15/15 assembly(ies)).
[Licensing::Client] Successfully resolved entitlement details
[Licensing::Client] Successfully resolved entitlement details
[Licensing::Client] Successfully resolved entitlement details
[Licensing::Client] Successfully resolved entitlement details
[Licensing::Client] Successfully resolved entitlement details
[Licensing::Client] Successfully resolved entitlement details
[Licensing::Client] Successfully resolved entitlement details
[Licensing::Client] Successfully resolved entitlement details
[Licensing::Client] Successfully resolved entitlement details
[Licensing::Client] Successfully resolved entitlement details
[Licensing::Client] Successfully resolved entitlement details
[Licensing::Client] Successfully resolved entitlement details
[Licensing::Client] Successfully resolved entitlement details
[Licensing::Client] Successfully resolved entitlement details
[Licensing::Client] Successfully resolved entitlement details
Filename: /Applications/Unity/Hub/Editor/6000.5.4f1/Unity.app/Contents/Resources/Scripting/DotNetSdk/dotnet
Arguments: "/Applications/Unity/Hub/Editor/6000.5.4f1/Unity.app/Contents/Resources/BuildPipeline/Compilation/ApiUpdater/AssemblyUpdater.dll" update -a "/Users/tuantu/Desktop/dev/AI/mobile/game_df/LaMuralla/Library/PackageCache/com.google.ads.mobile@d3eae59ba596/GoogleMobileAds/GoogleMobileAds.Core.dll" --output "/var/folders/lv/6wld7yhs6qb6t4bdzr7pyrc40000gn/T/tmp4dc4c380.tmp" --api-version 6000.5.4f1  -s "/Applications/Unity/Hub/Editor/6000.5.4f1/Unity.app/Contents/Resources/Scripting/NetStandard/ref/2.1.0:/Applications/Unity/Hub/Editor/6000.5.4f1/Unity.app/Contents/Resources/Scripting/NetStandard/compat/2.1.0/shims/netstandard:/Applications/Unity/Hub/Editor/6000.5.4f1/Unity.app/Contents/Resources/Scripting/NetStandard/compat/2.1.0/shims/netfx:+/Users/tuantu/Desktop/dev/AI/mobile/game_df/LaMuralla/Assets:+/Users/tuantu/Desktop/dev/AI/mobile/game_df/LaMuralla/Library/PackageCache/com.google.ads.mobile@d3eae59ba596:+/Users/tuantu/Desktop/dev/AI/mobile/game_df/LaMuralla/Library/PackageCache/com.unity.2d.sprite@053a968eab56:+/Users/tuantu/Desktop/dev/AI/mobile/game_df/LaMuralla/Library/PackageCache/com.unity.inputsystem@21a28c3a6c83:+/Users/tuantu/Desktop/dev/AI/mobile/game_df/LaMuralla/Library/PackageCache/com.unity.render-pipelines.universal@e38be786c41e:+/Users/tuantu/Desktop/dev/AI/mobile/game_df/LaMuralla/Library/PackageCache/com.unity.test-framework@1405238725ab:+/Users/tuantu/Desktop/dev/AI/mobile/game_df/LaMuralla/Library/PackageCache/com.unity.ugui@f2d87ebaaa32:+/Users/tuantu/Desktop/dev/AI/mobile/game_df/LaMuralla/Library/PackageCache/com.unity.ide.rider@1f60b3138684:+/Users/tuantu/Desktop/dev/AI/mobile/game_df/LaMuralla/Library/PackageCache/com.unity.ide.visualstudio@a99d56dec63f:+/Users/tuantu/Desktop/dev/AI/mobile/game_df/LaMuralla/Library/PackageCache/com.unity.modules.animation:+/Users/tuantu/Desktop/dev/AI/mobile/game_df/LaMuralla/Library/PackageCache/com.unity.modules.audio:+/Users/tuantu/Desktop/dev/AI/mobile/game_df/LaMuralla/Library/PackageCache/com.unity.modules.director:+/Users/tuantu/Desktop/dev/AI/mobile/game_df/LaMuralla/Library/PackageCache/com.unity.modules.imageconversion:+/Users/tuantu/Desktop/dev/AI/mobile/game_df/LaMuralla/Library/PackageCache/com.unity.modules.imgui:+/Users/tuantu/Desktop/dev/AI/mobile/game_df/LaMuralla/Library/PackageCache/com.unity.modules.jsonserialize:+/Users/tuantu/Desktop/dev/AI/mobile/game_df/LaMuralla/Library/PackageCache/com.unity.modules.particlesystem:+/Users/tuantu/Desktop/dev/AI/mobile/game_df/LaMuralla/Library/PackageCache/com.unity.modules.physics2d:+/Users/tuantu/Desktop/dev/AI/mobile/game_df/LaMuralla/Library/PackageCache/com.unity.modules.physicscore2d:+/Users/tuantu/Desktop/dev/AI/mobile/game_df/LaMuralla/Library/PackageCache/com.unity.modules.screencapture:+/Users/tuantu/Desktop/dev/AI/mobile/game_df/LaMuralla/Library/PackageCache/com.unity.modules.ui:+/Users/tuantu/Desktop/dev/AI/mobile/game_df/LaMuralla/Library/PackageCache/com.unity.modules.uielements:+/Users/tuantu/Desktop/dev/AI/mobile/game_df/LaMuralla/Library/PackageCache/com.unity.modules.unitywebrequest:+/Users/tuantu/Desktop/dev/AI/mobile/game_df/LaMuralla/Library/PackageCache/com.unity.modules.hierarchycore:+/Users/tuantu/Desktop/dev/AI/mobile/game_df/LaMuralla/Library/PackageCache/com.unity.modules.physics:+/Users/tuantu/Desktop/dev/AI/mobile/game_df/LaMuralla/Library/PackageCache/com.unity.ext.nunit@44f7d31723bd:+/Users/tuantu/Desktop/dev/AI/mobile/game_df/LaMuralla/Library/PackageCache/com.unity.render-pipelines.core@539ef1c759fb:+/Users/tuantu/Desktop/dev/AI/mobile/game_df/LaMuralla/Library/PackageCache/com.unity.shadergraph@636559dc59a3:+/Users/tuantu/Desktop/dev/AI/mobile/game_df/LaMuralla/Library/PackageCache/com.unity.render-pipelines.universal-config@fdda01c80fe3:+/Users/tuantu/Desktop/dev/AI/mobile/game_df/LaMuralla/Library/PackageCache/com.google.external-dependency-manager@f5312a5700af:+/Users/tuantu/Desktop/dev/AI/mobile/game_df/LaMuralla/Library/PackageCache/com.unity.modules.androidjni:+/Users/tuantu/Desktop/dev/AI/mobile/game_df/LaMuralla/Library/PackageCache/com.unity.searcher@d45a78918735:+/Users/tuantu/Desktop/dev/AI/mobile/game_df/LaMuralla/Library/PackageCache/com.unity.burst@6bb9aca3ef38:+/Users/tuantu/Desktop/dev/AI/mobile/game_df/LaMuralla/Library/PackageCache/com.unity.collections@a43cabe808ca:+/Users/tuantu/Desktop/dev/AI/mobile/game_df/LaMuralla/Library/PackageCache/com.unity.modules.terrain:+/Users/tuantu/Desktop/dev/AI/mobile/game_df/LaMuralla/Library/PackageCache/com.unity.nuget.mono-cecil@ecb9724e46ff:+/Users/tuantu/Desktop/dev/AI/mobile/game_df/LaMuralla/Library/PackageCache/com.unity.test-framework.performance@8b56083ec0f0:+/Users/tuantu/Desktop/dev/AI/mobile/game_df/LaMuralla/Library/PackageCache/com.unity.mathematics@981956d94fb6:Library/ScriptAssemblies:+/Applications/Unity/Hub/Editor/6000.5.4f1/Unity.app/Contents/Resources/Scripting/Managed/UnityEngine" "/Applications/Unity/Hub/Editor/6000.5.4f1/Unity.app/Contents/Resources/Scripting/Managed/UnityEngine/UnityEngine.CoreModule.dll"
Filename: /Applications/Unity/Hub/Editor/6000.5.4f1/Unity.app/Contents/Resources/Scripting/DotNetSdk/dotnet
Arguments: "/Applications/Unity/Hub/Editor/6000.5.4f1/Unity.app/Contents/Resources/BuildPipeline/Compilation/ApiUpdater/AssemblyUpdater.dll" update -a "/Users/tuantu/Desktop/dev/AI/mobile/game_df/LaMuralla/Library/PackageCache/com.google.ads.mobile@d3eae59ba596/GoogleMobileAds/GoogleMobileAds.Common.dll" --output "/var/folders/lv/6wld7yhs6qb6t4bdzr7pyrc40000gn/T/tmp33674ee9.tmp" --api-version 6000.5.4f1  -s "/Applications/Unity/Hub/Editor/6000.5.4f1/Unity.app/Contents/Resources/Scripting/NetStandard/ref/2.1.0:/Applications/Unity/Hub/Editor/6000.5.4f1/Unity.app/Contents/Resources/Scripting/NetStandard/compat/2.1.0/shims/netstandard:/Applications/Unity/Hub/Editor/6000.5.4f1/Unity.app/Contents/Resources/Scripting/NetStandard/compat/2.1.0/shims/netfx:+/Users/tuantu/Desktop/dev/AI/mobile/game_df/LaMuralla/Assets:+/Users/tuantu/Desktop/dev/AI/mobile/game_df/LaMuralla/Library/PackageCache/com.google.ads.mobile@d3eae59ba596:+/Users/tuantu/Desktop/dev/AI/mobile/game_df/LaMuralla/Library/PackageCache/com.unity.2d.sprite@053a968eab56:+/Users/tuantu/Desktop/dev/AI/mobile/game_df/LaMuralla/Library/PackageCache/com.unity.inputsystem@21a28c3a6c83:+/Users/tuantu/Desktop/dev/AI/mobile/game_df/LaMuralla/Library/PackageCache/com.unity.render-pipelines.universal@e38be786c41e:+/Users/tuantu/Desktop/dev/AI/mobile/game_df/LaMuralla/Library/PackageCache/com.unity.test-framework@1405238725ab:+/Users/tuantu/Desktop/dev/AI/mobile/game_df/LaMuralla/Library/PackageCache/com.unity.ugui@f2d87ebaaa32:+/Users/tuantu/Desktop/dev/AI/mobile/game_df/LaMuralla/Library/PackageCache/com.unity.ide.rider@1f60b3138684:+/Users/tuantu/Desktop/dev/AI/mobile/game_df/LaMuralla/Library/PackageCache/com.unity.ide.visualstudio@a99d56dec63f:+/Users/tuantu/Desktop/dev/AI/mobile/game_df/LaMuralla/Library/PackageCache/com.unity.modules.animation:+/Users/tuantu/Desktop/dev/AI/mobile/game_df/LaMuralla/Library/PackageCache/com.unity.modules.audio:+/Users/tuantu/Desktop/dev/AI/mobile/game_df/LaMuralla/Library/PackageCache/com.unity.modules.director:+/Users/tuantu/Desktop/dev/AI/mobile/game_df/LaMuralla/Library/PackageCache/com.unity.modules.imageconversion:+/Users/tuantu/Desktop/dev/AI/mobile/game_df/LaMuralla/Library/PackageCache/com.unity.modules.imgui:+/Users/tuantu/Desktop/dev/AI/mobile/game_df/LaMuralla/Library/PackageCache/com.unity.modules.jsonserialize:+/Users/tuantu/Desktop/dev/AI/mobile/game_df/LaMuralla/Library/PackageCache/com.unity.modules.particlesystem:+/Users/tuantu/Desktop/dev/AI/mobile/game_df/LaMuralla/Library/PackageCache/com.unity.modules.physics2d:+/Users/tuantu/Desktop/dev/AI/mobile/game_df/LaMuralla/Library/PackageCache/com.unity.modules.physicscore2d:+/Users/tuantu/Desktop/dev/AI/mobile/game_df/LaMuralla/Library/PackageCache/com.unity.modules.screencapture:+/Users/tuantu/Desktop/dev/AI/mobile/game_df/LaMuralla/Library/PackageCache/com.unity.modules.ui:+/Users/tuantu/Desktop/dev/AI/mobile/game_df/LaMuralla/Library/PackageCache/com.unity.modules.uielements:+/Users/tuantu/Desktop/dev/AI/mobile/game_df/LaMuralla/Library/PackageCache/com.unity.modules.unitywebrequest:+/Users/tuantu/Desktop/dev/AI/mobile/game_df/LaMuralla/Library/PackageCache/com.unity.modules.hierarchycore:+/Users/tuantu/Desktop/dev/AI/mobile/game_df/LaMuralla/Library/PackageCache/com.unity.modules.physics:+/Users/tuantu/Desktop/dev/AI/mobile/game_df/LaMuralla/Library/PackageCache/com.unity.ext.nunit@44f7d31723bd:+/Users/tuantu/Desktop/dev/AI/mobile/game_df/LaMuralla/Library/PackageCache/com.unity.render-pipelines.core@539ef1c759fb:+/Users/tuantu/Desktop/dev/AI/mobile/game_df/LaMuralla/Library/PackageCache/com.unity.shadergraph@636559dc59a3:+/Users/tuantu/Desktop/dev/AI/mobile/game_df/LaMuralla/Library/PackageCache/com.unity.render-pipelines.universal-config@fdda01c80fe3:+/Users/tuantu/Desktop/dev/AI/mobile/game_df/LaMuralla/Library/PackageCache/com.google.external-dependency-manager@f5312a5700af:+/Users/tuantu/Desktop/dev/AI/mobile/game_df/LaMuralla/Library/PackageCache/com.unity.modules.androidjni:+/Users/tuantu/Desktop/dev/AI/mobile/game_df/LaMuralla/Library/PackageCache/com.unity.searcher@d45a78918735:+/Users/tuantu/Desktop/dev/AI/mobile/game_df/LaMuralla/Library/PackageCache/com.unity.burst@6bb9aca3ef38:+/Users/tuantu/Desktop/dev/AI/mobile/game_df/LaMuralla/Library/PackageCache/com.unity.collections@a43cabe808ca:+/Users/tuantu/Desktop/dev/AI/mobile/game_df/LaMuralla/Library/PackageCache/com.unity.modules.terrain:+/Users/tuantu/Desktop/dev/AI/mobile/game_df/LaMuralla/Library/PackageCache/com.unity.nuget.mono-cecil@ecb9724e46ff:+/Users/tuantu/Desktop/dev/AI/mobile/game_df/LaMuralla/Library/PackageCache/com.unity.test-framework.performance@8b56083ec0f0:+/Users/tuantu/Desktop/dev/AI/mobile/game_df/LaMuralla/Library/PackageCache/com.unity.mathematics@981956d94fb6:Library/ScriptAssemblies:+/Applications/Unity/Hub/Editor/6000.5.4f1/Unity.app/Contents/Resources/Scripting/Managed/UnityEngine" "/Applications/Unity/Hub/Editor/6000.5.4f1/Unity.app/Contents/Resources/Scripting/Managed/UnityEngine/UnityEngine.CoreModule.dll" "/Applications/Unity/Hub/Editor/6000.5.4f1/Unity.app/Contents/Resources/Scripting/Managed/UnityEngine/UnityEngine.JSONSerializeModule.dll" "/Applications/Unity/Hub/Editor/6000.5.4f1/Unity.app/Contents/Resources/Scripting/Managed/UnityEngine/UnityEngine.UnityWebRequestModule.dll" "/Applications/Unity/Hub/Editor/6000.5.4f1/Unity.app/Contents/Resources/Scripting/Managed/UnityEngine/UnityEngine.ImageConversionModule.dll"
Filename: /Applications/Unity/Hub/Editor/6000.5.4f1/Unity.app/Contents/Resources/Scripting/DotNetSdk/dotnet
Arguments: "/Applications/Unity/Hub/Editor/6000.5.4f1/Unity.app/Contents/Resources/BuildPipeline/Compilation/ApiUpdater/AssemblyUpdater.dll" update -a "/Users/tuantu/Desktop/dev/AI/mobile/game_df/LaMuralla/Library/PackageCache/com.google.ads.mobile@d3eae59ba596/GoogleMobileAds/GoogleMobileAds.Ump.dll" --output "/var/folders/lv/6wld7yhs6qb6t4bdzr7pyrc40000gn/T/tmp5c78e7e8.tmp" --api-version 6000.5.4f1  -s "/Applications/Unity/Hub/Editor/6000.5.4f1/Unity.app/Contents/Resources/Scripting/NetStandard/ref/2.1.0:/Applications/Unity/Hub/Editor/6000.5.4f1/Unity.app/Contents/Resources/Scripting/NetStandard/compat/2.1.0/shims/netstandard:/Applications/Unity/Hub/Editor/6000.5.4f1/Unity.app/Contents/Resources/Scripting/NetStandard/compat/2.1.0/shims/netfx:+/Users/tuantu/Desktop/dev/AI/mobile/game_df/LaMuralla/Assets:+/Users/tuantu/Desktop/dev/AI/mobile/game_df/LaMuralla/Library/PackageCache/com.google.ads.mobile@d3eae59ba596:+/Users/tuantu/Desktop/dev/AI/mobile/game_df/LaMuralla/Library/PackageCache/com.unity.2d.sprite@053a968eab56:+/Users/tuantu/Desktop/dev/AI/mobile/game_df/LaMuralla/Library/PackageCache/com.unity.inputsystem@21a28c3a6c83:+/Users/tuantu/Desktop/dev/AI/mobile/game_df/LaMuralla/Library/PackageCache/com.unity.render-pipelines.universal@e38be786c41e:+/Users/tuantu/Desktop/dev/AI/mobile/game_df/LaMuralla/Library/PackageCache/com.unity.test-framework@1405238725ab:+/Users/tuantu/Desktop/dev/AI/mobile/game_df/LaMuralla/Library/PackageCache/com.unity.ugui@f2d87ebaaa32:+/Users/tuantu/Desktop/dev/AI/mobile/game_df/LaMuralla/Library/PackageCache/com.unity.ide.rider@1f60b3138684:+/Users/tuantu/Desktop/dev/AI/mobile/game_df/LaMuralla/Library/PackageCache/com.unity.ide.visualstudio@a99d56dec63f:+/Users/tuantu/Desktop/dev/AI/mobile/game_df/LaMuralla/Library/PackageCache/com.unity.modules.animation:+/Users/tuantu/Desktop/dev/AI/mobile/game_df/LaMuralla/Library/PackageCache/com.unity.modules.audio:+/Users/tuantu/Desktop/dev/AI/mobile/game_df/LaMuralla/Library/PackageCache/com.unity.modules.director:+/Users/tuantu/Desktop/dev/AI/mobile/game_df/LaMuralla/Library/PackageCache/com.unity.modules.imageconversion:+/Users/tuantu/Desktop/dev/AI/mobile/game_df/LaMuralla/Library/PackageCache/com.unity.modules.imgui:+/Users/tuantu/Desktop/dev/AI/mobile/game_df/LaMuralla/Library/PackageCache/com.unity.modules.jsonserialize:+/Users/tuantu/Desktop/dev/AI/mobile/game_df/LaMuralla/Library/PackageCache/com.unity.modules.particlesystem:+/Users/tuantu/Desktop/dev/AI/mobile/game_df/LaMuralla/Library/PackageCache/com.unity.modules.physics2d:+/Users/tuantu/Desktop/dev/AI/mobile/game_df/LaMuralla/Library/PackageCache/com.unity.modules.physicscore2d:+/Users/tuantu/Desktop/dev/AI/mobile/game_df/LaMuralla/Library/PackageCache/com.unity.modules.screencapture:+/Users/tuantu/Desktop/dev/AI/mobile/game_df/LaMuralla/Library/PackageCache/com.unity.modules.ui:+/Users/tuantu/Desktop/dev/AI/mobile/game_df/LaMuralla/Library/PackageCache/com.unity.modules.uielements:+/Users/tuantu/Desktop/dev/AI/mobile/game_df/LaMuralla/Library/PackageCache/com.unity.modules.unitywebrequest:+/Users/tuantu/Desktop/dev/AI/mobile/game_df/LaMuralla/Library/PackageCache/com.unity.modules.hierarchycore:+/Users/tuantu/Desktop/dev/AI/mobile/game_df/LaMuralla/Library/PackageCache/com.unity.modules.physics:+/Users/tuantu/Desktop/dev/AI/mobile/game_df/LaMuralla/Library/PackageCache/com.unity.ext.nunit@44f7d31723bd:+/Users/tuantu/Desktop/dev/AI/mobile/game_df/LaMuralla/Library/PackageCache/com.unity.render-pipelines.core@539ef1c759fb:+/Users/tuantu/Desktop/dev/AI/mobile/game_df/LaMuralla/Library/PackageCache/com.unity.shadergraph@636559dc59a3:+/Users/tuantu/Desktop/dev/AI/mobile/game_df/LaMuralla/Library/PackageCache/com.unity.render-pipelines.universal-config@fdda01c80fe3:+/Users/tuantu/Desktop/dev/AI/mobile/game_df/LaMuralla/Library/PackageCache/com.google.external-dependency-manager@f5312a5700af:+/Users/tuantu/Desktop/dev/AI/mobile/game_df/LaMuralla/Library/PackageCache/com.unity.modules.androidjni:+/Users/tuantu/Desktop/dev/AI/mobile/game_df/LaMuralla/Library/PackageCache/com.unity.searcher@d45a78918735:+/Users/tuantu/Desktop/dev/AI/mobile/game_df/LaMuralla/Library/PackageCache/com.unity.burst@6bb9aca3ef38:+/Users/tuantu/Desktop/dev/AI/mobile/game_df/LaMuralla/Library/PackageCache/com.unity.collections@a43cabe808ca:+/Users/tuantu/Desktop/dev/AI/mobile/game_df/LaMuralla/Library/PackageCache/com.unity.modules.terrain:+/Users/tuantu/Desktop/dev/AI/mobile/game_df/LaMuralla/Library/PackageCache/com.unity.nuget.mono-cecil@ecb9724e46ff:+/Users/tuantu/Desktop/dev/AI/mobile/game_df/LaMuralla/Library/PackageCache/com.unity.test-framework.performance@8b56083ec0f0:+/Users/tuantu/Desktop/dev/AI/mobile/game_df/LaMuralla/Library/PackageCache/com.unity.mathematics@981956d94fb6:Library/ScriptAssemblies:+/Applications/Unity/Hub/Editor/6000.5.4f1/Unity.app/Contents/Resources/Scripting/Managed/UnityEngine" "/Applications/Unity/Hub/Editor/6000.5.4f1/Unity.app/Contents/Resources/Scripting/Managed/UnityEngine/UnityEngine.CoreModule.dll"
Filename: /Applications/Unity/Hub/Editor/6000.5.4f1/Unity.app/Contents/Resources/Scripting/DotNetSdk/dotnet
Arguments: "/Applications/Unity/Hub/Editor/6000.5.4f1/Unity.app/Contents/Resources/BuildPipeline/Compilation/ApiUpdater/AssemblyUpdater.dll" update -a "/Users/tuantu/Desktop/dev/AI/mobile/game_df/LaMuralla/Library/PackageCache/com.google.ads.mobile@d3eae59ba596/GoogleMobileAds/GoogleMobileAds.Ump.Android.dll" --output "/var/folders/lv/6wld7yhs6qb6t4bdzr7pyrc40000gn/T/tmp44cefd49.tmp" --api-version 6000.5.4f1  -s "/Applications/Unity/Hub/Editor/6000.5.4f1/Unity.app/Contents/Resources/Scripting/NetStandard/ref/2.1.0:/Applications/Unity/Hub/Editor/6000.5.4f1/Unity.app/Contents/Resources/Scripting/NetStandard/compat/2.1.0/shims/netstandard:/Applications/Unity/Hub/Editor/6000.5.4f1/Unity.app/Contents/Resources/Scripting/NetStandard/compat/2.1.0/shims/netfx:+/Users/tuantu/Desktop/dev/AI/mobile/game_df/LaMuralla/Assets:+/Users/tuantu/Desktop/dev/AI/mobile/game_df/LaMuralla/Library/PackageCache/com.google.ads.mobile@d3eae59ba596:+/Users/tuantu/Desktop/dev/AI/mobile/game_df/LaMuralla/Library/PackageCache/com.unity.2d.sprite@053a968eab56:+/Users/tuantu/Desktop/dev/AI/mobile/game_df/LaMuralla/Library/PackageCache/com.unity.inputsystem@21a28c3a6c83:+/Users/tuantu/Desktop/dev/AI/mobile/game_df/LaMuralla/Library/PackageCache/com.unity.render-pipelines.universal@e38be786c41e:+/Users/tuantu/Desktop/dev/AI/mobile/game_df/LaMuralla/Library/PackageCache/com.unity.test-framework@1405238725ab:+/Users/tuantu/Desktop/dev/AI/mobile/game_df/LaMuralla/Library/PackageCache/com.unity.ugui@f2d87ebaaa32:+/Users/tuantu/Desktop/dev/AI/mobile/game_df/LaMuralla/Library/PackageCache/com.unity.ide.rider@1f60b3138684:+/Users/tuantu/Desktop/dev/AI/mobile/game_df/LaMuralla/Library/PackageCache/com.unity.ide.visualstudio@a99d56dec63f:+/Users/tuantu/Desktop/dev/AI/mobile/game_df/LaMuralla/Library/PackageCache/com.unity.modules.animation:+/Users/tuantu/Desktop/dev/AI/mobile/game_df/LaMuralla/Library/PackageCache/com.unity.modules.audio:+/Users/tuantu/Desktop/dev/AI/mobile/game_df/LaMuralla/Library/PackageCache/com.unity.modules.director:+/Users/tuantu/Desktop/dev/AI/mobile/game_df/LaMuralla/Library/PackageCache/com.unity.modules.imageconversion:+/Users/tuantu/Desktop/dev/AI/mobile/game_df/LaMuralla/Library/PackageCache/com.unity.modules.imgui:+/Users/tuantu/Desktop/dev/AI/mobile/game_df/LaMuralla/Library/PackageCache/com.unity.modules.jsonserialize:+/Users/tuantu/Desktop/dev/AI/mobile/game_df/LaMuralla/Library/PackageCache/com.unity.modules.particlesystem:+/Users/tuantu/Desktop/dev/AI/mobile/game_df/LaMuralla/Library/PackageCache/com.unity.modules.physics2d:+/Users/tuantu/Desktop/dev/AI/mobile/game_df/LaMuralla/Library/PackageCache/com.unity.modules.physicscore2d:+/Users/tuantu/Desktop/dev/AI/mobile/game_df/LaMuralla/Library/PackageCache/com.unity.modules.screencapture:+/Users/tuantu/Desktop/dev/AI/mobile/game_df/LaMuralla/Library/PackageCache/com.unity.modules.ui:+/Users/tuantu/Desktop/dev/AI/mobile/game_df/LaMuralla/Library/PackageCache/com.unity.modules.uielements:+/Users/tuantu/Desktop/dev/AI/mobile/game_df/LaMuralla/Library/PackageCache/com.unity.modules.unitywebrequest:+/Users/tuantu/Desktop/dev/AI/mobile/game_df/LaMuralla/Library/PackageCache/com.unity.modules.hierarchycore:+/Users/tuantu/Desktop/dev/AI/mobile/game_df/LaMuralla/Library/PackageCache/com.unity.modules.physics:+/Users/tuantu/Desktop/dev/AI/mobile/game_df/LaMuralla/Library/PackageCache/com.unity.ext.nunit@44f7d31723bd:+/Users/tuantu/Desktop/dev/AI/mobile/game_df/LaMuralla/Library/PackageCache/com.unity.render-pipelines.core@539ef1c759fb:+/Users/tuantu/Desktop/dev/AI/mobile/game_df/LaMuralla/Library/PackageCache/com.unity.shadergraph@636559dc59a3:+/Users/tuantu/Desktop/dev/AI/mobile/game_df/LaMuralla/Library/PackageCache/com.unity.render-pipelines.universal-config@fdda01c80fe3:+/Users/tuantu/Desktop/dev/AI/mobile/game_df/LaMuralla/Library/PackageCache/com.google.external-dependency-manager@f5312a5700af:+/Users/tuantu/Desktop/dev/AI/mobile/game_df/LaMuralla/Library/PackageCache/com.unity.modules.androidjni:+/Users/tuantu/Desktop/dev/AI/mobile/game_df/LaMuralla/Library/PackageCache/com.unity.searcher@d45a78918735:+/Users/tuantu/Desktop/dev/AI/mobile/game_df/LaMuralla/Library/PackageCache/com.unity.burst@6bb9aca3ef38:+/Users/tuantu/Desktop/dev/AI/mobile/game_df/LaMuralla/Library/PackageCache/com.unity.collections@a43cabe808ca:+/Users/tuantu/Desktop/dev/AI/mobile/game_df/LaMuralla/Library/PackageCache/com.unity.modules.terrain:+/Users/tuantu/Desktop/dev/AI/mobile/game_df/LaMuralla/Library/PackageCache/com.unity.nuget.mono-cecil@ecb9724e46ff:+/Users/tuantu/Desktop/dev/AI/mobile/game_df/LaMuralla/Library/PackageCache/com.unity.test-framework.performance@8b56083ec0f0:+/Users/tuantu/Desktop/dev/AI/mobile/game_df/LaMuralla/Library/PackageCache/com.unity.mathematics@981956d94fb6:Library/ScriptAssemblies:+/Applications/Unity/Hub/Editor/6000.5.4f1/Unity.app/Contents/Resources/Scripting/Managed/UnityEngine" "/Applications/Unity/Hub/Editor/6000.5.4f1/Unity.app/Contents/Resources/Scripting/Managed/UnityEngine/UnityEngine.AndroidJNIModule.dll" "/Applications/Unity/Hub/Editor/6000.5.4f1/Unity.app/Contents/Resources/Scripting/Managed/UnityEngine/UnityEngine.CoreModule.dll"
Filename: /Applications/Unity/Hub/Editor/6000.5.4f1/Unity.app/Contents/Resources/Scripting/DotNetSdk/dotnet
Arguments: "/Applications/Unity/Hub/Editor/6000.5.4f1/Unity.app/Contents/Resources/BuildPipeline/Compilation/ApiUpdater/AssemblyUpdater.dll" update -a "/Users/tuantu/Desktop/dev/AI/mobile/game_df/LaMuralla/Library/PackageCache/com.google.external-dependency-manager@f5312a5700af/ExternalDependencyManager/Editor/1.2.187/Google.JarResolver.dll" --output "/var/folders/lv/6wld7yhs6qb6t4bdzr7pyrc40000gn/T/tmp7b2ea932.tmp" --api-version 6000.5.4f1  -s "/Applications/Unity/Hub/Editor/6000.5.4f1/Unity.app/Contents/Resources/Scripting/NetStandard/ref/2.1.0:/Applications/Unity/Hub/Editor/6000.5.4f1/Unity.app/Contents/Resources/Scripting/NetStandard/compat/2.1.0/shims/netstandard:/Applications/Unity/Hub/Editor/6000.5.4f1/Unity.app/Contents/Resources/Scripting/NetStandard/compat/2.1.0/shims/netfx:+/Users/tuantu/Desktop/dev/AI/mobile/game_df/LaMuralla/Assets:+/Users/tuantu/Desktop/dev/AI/mobile/game_df/LaMuralla/Library/PackageCache/com.google.ads.mobile@d3eae59ba596:+/Users/tuantu/Desktop/dev/AI/mobile/game_df/LaMuralla/Library/PackageCache/com.unity.2d.sprite@053a968eab56:+/Users/tuantu/Desktop/dev/AI/mobile/game_df/LaMuralla/Library/PackageCache/com.unity.inputsystem@21a28c3a6c83:+/Users/tuantu/Desktop/dev/AI/mobile/game_df/LaMuralla/Library/PackageCache/com.unity.render-pipelines.universal@e38be786c41e:+/Users/tuantu/Desktop/dev/AI/mobile/game_df/LaMuralla/Library/PackageCache/com.unity.test-framework@1405238725ab:+/Users/tuantu/Desktop/dev/AI/mobile/game_df/LaMuralla/Library/PackageCache/com.unity.ugui@f2d87ebaaa32:+/Users/tuantu/Desktop/dev/AI/mobile/game_df/LaMuralla/Library/PackageCache/com.unity.ide.rider@1f60b3138684:+/Users/tuantu/Desktop/dev/AI/mobile/game_df/LaMuralla/Library/PackageCache/com.unity.ide.visualstudio@a99d56dec63f:+/Users/tuantu/Desktop/dev/AI/mobile/game_df/LaMuralla/Library/PackageCache/com.unity.modules.animation:+/Users/tuantu/Desktop/dev/AI/mobile/game_df/LaMuralla/Library/PackageCache/com.unity.modules.audio:+/Users/tuantu/Desktop/dev/AI/mobile/game_df/LaMuralla/Library/PackageCache/com.unity.modules.director:+/Users/tuantu/Desktop/dev/AI/mobile/game_df/LaMuralla/Library/PackageCache/com.unity.modules.imageconversion:+/Users/tuantu/Desktop/dev/AI/mobile/game_df/LaMuralla/Library/PackageCache/com.unity.modules.imgui:+/Users/tuantu/Desktop/dev/AI/mobile/game_df/LaMuralla/Library/PackageCache/com.unity.modules.jsonserialize:+/Users/tuantu/Desktop/dev/AI/mobile/game_df/LaMuralla/Library/PackageCache/com.unity.modules.particlesystem:+/Users/tuantu/Desktop/dev/AI/mobile/game_df/LaMuralla/Library/PackageCache/com.unity.modules.physics2d:+/Users/tuantu/Desktop/dev/AI/mobile/game_df/LaMuralla/Library/PackageCache/com.unity.modules.physicscore2d:+/Users/tuantu/Desktop/dev/AI/mobile/game_df/LaMuralla/Library/PackageCache/com.unity.modules.screencapture:+/Users/tuantu/Desktop/dev/AI/mobile/game_df/LaMuralla/Library/PackageCache/com.unity.modules.ui:+/Users/tuantu/Desktop/dev/AI/mobile/game_df/LaMuralla/Library/PackageCache/com.unity.modules.uielements:+/Users/tuantu/Desktop/dev/AI/mobile/game_df/LaMuralla/Library/PackageCache/com.unity.modules.unitywebrequest:+/Users/tuantu/Desktop/dev/AI/mobile/game_df/LaMuralla/Library/PackageCache/com.unity.modules.hierarchycore:+/Users/tuantu/Desktop/dev/AI/mobile/game_df/LaMuralla/Library/PackageCache/com.unity.modules.physics:+/Users/tuantu/Desktop/dev/AI/mobile/game_df/LaMuralla/Library/PackageCache/com.unity.ext.nunit@44f7d31723bd:+/Users/tuantu/Desktop/dev/AI/mobile/game_df/LaMuralla/Library/PackageCache/com.unity.render-pipelines.core@539ef1c759fb:+/Users/tuantu/Desktop/dev/AI/mobile/game_df/LaMuralla/Library/PackageCache/com.unity.shadergraph@636559dc59a3:+/Users/tuantu/Desktop/dev/AI/mobile/game_df/LaMuralla/Library/PackageCache/com.unity.render-pipelines.universal-config@fdda01c80fe3:+/Users/tuantu/Desktop/dev/AI/mobile/game_df/LaMuralla/Library/PackageCache/com.google.external-dependency-manager@f5312a5700af:+/Users/tuantu/Desktop/dev/AI/mobile/game_df/LaMuralla/Library/PackageCache/com.unity.modules.androidjni:+/Users/tuantu/Desktop/dev/AI/mobile/game_df/LaMuralla/Library/PackageCache/com.unity.searcher@d45a78918735:+/Users/tuantu/Desktop/dev/AI/mobile/game_df/LaMuralla/Library/PackageCache/com.unity.burst@6bb9aca3ef38:+/Users/tuantu/Desktop/dev/AI/mobile/game_df/LaMuralla/Library/PackageCache/com.unity.collections@a43cabe808ca:+/Users/tuantu/Desktop/dev/AI/mobile/game_df/LaMuralla/Library/PackageCache/com.unity.modules.terrain:+/Users/tuantu/Desktop/dev/AI/mobile/game_df/LaMuralla/Library/PackageCache/com.unity.nuget.mono-cecil@ecb9724e46ff:+/Users/tuantu/Desktop/dev/AI/mobile/game_df/LaMuralla/Library/PackageCache/com.unity.test-framework.performance@8b56083ec0f0:+/Users/tuantu/Desktop/dev/AI/mobile/game_df/LaMuralla/Library/PackageCache/com.unity.mathematics@981956d94fb6:Library/ScriptAssemblies:+/Applications/Unity/Hub/Editor/6000.5.4f1/Unity.app/Contents/Resources/Scripting/Managed" "/Applications/Unity/Hub/Editor/6000.5.4f1/Unity.app/Contents/Resources/Scripting/Managed/UnityEngine.dll" "/Applications/Unity/Hub/Editor/6000.5.4f1/Unity.app/Contents/Resources/Scripting/Managed/UnityEditor.dll"
Filename: /Applications/Unity/Hub/Editor/6000.5.4f1/Unity.app/Contents/Resources/Scripting/DotNetSdk/dotnet
Arguments: "/Applications/Unity/Hub/Editor/6000.5.4f1/Unity.app/Contents/Resources/BuildPipeline/Compilation/ApiUpdater/AssemblyUpdater.dll" update -a "/Users/tuantu/Desktop/dev/AI/mobile/game_df/LaMuralla/Library/PackageCache/com.google.ads.mobile@d3eae59ba596/GoogleMobileAds/GoogleMobileAds.iOS.dll" --output "/var/folders/lv/6wld7yhs6qb6t4bdzr7pyrc40000gn/T/tmp3f94caa1.tmp" --api-version 6000.5.4f1  -s "/Applications/Unity/Hub/Editor/6000.5.4f1/Unity.app/Contents/Resources/Scripting/NetStandard/ref/2.1.0:/Applications/Unity/Hub/Editor/6000.5.4f1/Unity.app/Contents/Resources/Scripting/NetStandard/compat/2.1.0/shims/netstandard:/Applications/Unity/Hub/Editor/6000.5.4f1/Unity.app/Contents/Resources/Scripting/NetStandard/compat/2.1.0/shims/netfx:+/Users/tuantu/Desktop/dev/AI/mobile/game_df/LaMuralla/Assets:+/Users/tuantu/Desktop/dev/AI/mobile/game_df/LaMuralla/Library/PackageCache/com.google.ads.mobile@d3eae59ba596:+/Users/tuantu/Desktop/dev/AI/mobile/game_df/LaMuralla/Library/PackageCache/com.unity.2d.sprite@053a968eab56:+/Users/tuantu/Desktop/dev/AI/mobile/game_df/LaMuralla/Library/PackageCache/com.unity.inputsystem@21a28c3a6c83:+/Users/tuantu/Desktop/dev/AI/mobile/game_df/LaMuralla/Library/PackageCache/com.unity.render-pipelines.universal@e38be786c41e:+/Users/tuantu/Desktop/dev/AI/mobile/game_df/LaMuralla/Library/PackageCache/com.unity.test-framework@1405238725ab:+/Users/tuantu/Desktop/dev/AI/mobile/game_df/LaMuralla/Library/PackageCache/com.unity.ugui@f2d87ebaaa32:+/Users/tuantu/Desktop/dev/AI/mobile/game_df/LaMuralla/Library/PackageCache/com.unity.ide.rider@1f60b3138684:+/Users/tuantu/Desktop/dev/AI/mobile/game_df/LaMuralla/Library/PackageCache/com.unity.ide.visualstudio@a99d56dec63f:+/Users/tuantu/Desktop/dev/AI/mobile/game_df/LaMuralla/Library/PackageCache/com.unity.modules.animation:+/Users/tuantu/Desktop/dev/AI/mobile/game_df/LaMuralla/Library/PackageCache/com.unity.modules.audio:+/Users/tuantu/Desktop/dev/AI/mobile/game_df/LaMuralla/Library/PackageCache/com.unity.modules.director:+/Users/tuantu/Desktop/dev/AI/mobile/game_df/LaMuralla/Library/PackageCache/com.unity.modules.imageconversion:+/Users/tuantu/Desktop/dev/AI/mobile/game_df/LaMuralla/Library/PackageCache/com.unity.modules.imgui:+/Users/tuantu/Desktop/dev/AI/mobile/game_df/LaMuralla/Library/PackageCache/com.unity.modules.jsonserialize:+/Users/tuantu/Desktop/dev/AI/mobile/game_df/LaMuralla/Library/PackageCache/com.unity.modules.particlesystem:+/Users/tuantu/Desktop/dev/AI/mobile/game_df/LaMuralla/Library/PackageCache/com.unity.modules.physics2d:+/Users/tuantu/Desktop/dev/AI/mobile/game_df/LaMuralla/Library/PackageCache/com.unity.modules.physicscore2d:+/Users/tuantu/Desktop/dev/AI/mobile/game_df/LaMuralla/Library/PackageCache/com.unity.modules.screencapture:+/Users/tuantu/Desktop/dev/AI/mobile/game_df/LaMuralla/Library/PackageCache/com.unity.modules.ui:+/Users/tuantu/Desktop/dev/AI/mobile/game_df/LaMuralla/Library/PackageCache/com.unity.modules.uielements:+/Users/tuantu/Desktop/dev/AI/mobile/game_df/LaMuralla/Library/PackageCache/com.unity.modules.unitywebrequest:+/Users/tuantu/Desktop/dev/AI/mobile/game_df/LaMuralla/Library/PackageCache/com.unity.modules.hierarchycore:+/Users/tuantu/Desktop/dev/AI/mobile/game_df/LaMuralla/Library/PackageCache/com.unity.modules.physics:+/Users/tuantu/Desktop/dev/AI/mobile/game_df/LaMuralla/Library/PackageCache/com.unity.ext.nunit@44f7d31723bd:+/Users/tuantu/Desktop/dev/AI/mobile/game_df/LaMuralla/Library/PackageCache/com.unity.render-pipelines.core@539ef1c759fb:+/Users/tuantu/Desktop/dev/AI/mobile/game_df/LaMuralla/Library/PackageCache/com.unity.shadergraph@636559dc59a3:+/Users/tuantu/Desktop/dev/AI/mobile/game_df/LaMuralla/Library/PackageCache/com.unity.render-pipelines.universal-config@fdda01c80fe3:+/Users/tuantu/Desktop/dev/AI/mobile/game_df/LaMuralla/Library/PackageCache/com.google.external-dependency-manager@f5312a5700af:+/Users/tuantu/Desktop/dev/AI/mobile/game_df/LaMuralla/Library/PackageCache/com.unity.modules.androidjni:+/Users/tuantu/Desktop/dev/AI/mobile/game_df/LaMuralla/Library/PackageCache/com.unity.searcher@d45a78918735:+/Users/tuantu/Desktop/dev/AI/mobile/game_df/LaMuralla/Library/PackageCache/com.unity.burst@6bb9aca3ef38:+/Users/tuantu/Desktop/dev/AI/mobile/game_df/LaMuralla/Library/PackageCache/com.unity.collections@a43cabe808ca:+/Users/tuantu/Desktop/dev/AI/mobile/game_df/LaMuralla/Library/PackageCache/com.unity.modules.terrain:+/Users/tuantu/Desktop/dev/AI/mobile/game_df/LaMuralla/Library/PackageCache/com.unity.nuget.mono-cecil@ecb9724e46ff:+/Users/tuantu/Desktop/dev/AI/mobile/game_df/LaMuralla/Library/PackageCache/com.unity.test-framework.performance@8b56083ec0f0:+/Users/tuantu/Desktop/dev/AI/mobile/game_df/LaMuralla/Library/PackageCache/com.unity.mathematics@981956d94fb6:Library/ScriptAssemblies:+/Applications/Unity/Hub/Editor/6000.5.4f1/Unity.app/Contents/Resources/Scripting/Managed/UnityEngine" "/Applications/Unity/Hub/Editor/6000.5.4f1/Unity.app/Contents/Resources/Scripting/Managed/UnityEngine/UnityEngine.CoreModule.dll"
Filename: /Applications/Unity/Hub/Editor/6000.5.4f1/Unity.app/Contents/Resources/Scripting/DotNetSdk/dotnet
Filename: /Applications/Unity/Hub/Editor/6000.5.4f1/Unity.app/Contents/Resources/Scripting/DotNetSdk/dotnet
Arguments: "/Applications/Unity/Hub/Editor/6000.5.4f1/Unity.app/Contents/Resources/BuildPipeline/Compilation/ApiUpdater/AssemblyUpdater.dll" update -a "/Users/tuantu/Desktop/dev/AI/mobile/game_df/LaMuralla/Library/PackageCache/com.google.external-dependency-manager@f5312a5700af/ExternalDependencyManager/Editor/1.2.187/Google.VersionHandlerImpl.dll" --output "/var/folders/lv/6wld7yhs6qb6t4bdzr7pyrc40000gn/T/tmp7b154524.tmp" --api-version 6000.5.4f1  -s "/Applications/Unity/Hub/Editor/6000.5.4f1/Unity.app/Contents/Resources/Scripting/NetStandard/ref/2.1.0:/Applications/Unity/Hub/Editor/6000.5.4f1/Unity.app/Contents/Resources/Scripting/NetStandard/compat/2.1.0/shims/netstandard:/Applications/Unity/Hub/Editor/6000.5.4f1/Unity.app/Contents/Resources/Scripting/NetStandard/compat/2.1.0/shims/netfx:+/Users/tuantu/Desktop/dev/AI/mobile/game_df/LaMuralla/Assets:+/Users/tuantu/Desktop/dev/AI/mobile/game_df/LaMuralla/Library/PackageCache/com.google.ads.mobile@d3eae59ba596:+/Users/tuantu/Desktop/dev/AI/mobile/game_df/LaMuralla/Library/PackageCache/com.unity.2d.sprite@053a968eab56:+/Users/tuantu/Desktop/dev/AI/mobile/game_df/LaMuralla/Library/PackageCache/com.unity.inputsystem@21a28c3a6c83:+/Users/tuantu/Desktop/dev/AI/mobile/game_df/LaMuralla/Library/PackageCache/com.unity.render-pipelines.universal@e38be786c41e:+/Users/tuantu/Desktop/dev/AI/mobile/game_df/LaMuralla/Library/PackageCache/com.unity.test-framework@1405238725ab:+/Users/tuantu/Desktop/dev/AI/mobile/game_df/LaMuralla/Library/PackageCache/com.unity.ugui@f2d87ebaaa32:+/Users/tuantu/Desktop/dev/AI/mobile/game_df/LaMuralla/Library/PackageCache/com.unity.ide.rider@1f60b3138684:+/Users/tuantu/Desktop/dev/AI/mobile/game_df/LaMuralla/Library/PackageCache/com.unity.ide.visualstudio@a99d56dec63f:+/Users/tuantu/Desktop/dev/AI/mobile/game_df/LaMuralla/Library/PackageCache/com.unity.modules.animation:+/Users/tuantu/Desktop/dev/AI/mobile/game_df/LaMuralla/Library/PackageCache/com.unity.modules.audio:+/Users/tuantu/Desktop/dev/AI/mobile/game_df/LaMuralla/Library/PackageCache/com.unity.modules.director:+/Users/tuantu/Desktop/dev/AI/mobile/game_df/LaMuralla/Library/PackageCache/com.unity.modules.imageconversion:+/Users/tuantu/Desktop/dev/AI/mobile/game_df/LaMuralla/Library/PackageCache/com.unity.modules.imgui:+/Users/tuantu/Desktop/dev/AI/mobile/game_df/LaMuralla/Library/PackageCache/com.unity.modules.jsonserialize:+/Users/tuantu/Desktop/dev/AI/mobile/game_df/LaMuralla/Library/PackageCache/com.unity.modules.particlesystem:+/Users/tuantu/Desktop/dev/AI/mobile/game_df/LaMuralla/Library/PackageCache/com.unity.modules.physics2d:+/Users/tuantu/Desktop/dev/AI/mobile/game_df/LaMuralla/Library/PackageCache/com.unity.modules.physicscore2d:+/Users/tuantu/Desktop/dev/AI/mobile/game_df/LaMuralla/Library/PackageCache/com.unity.modules.screencapture:+/Users/tuantu/Desktop/dev/AI/mobile/game_df/LaMuralla/Library/PackageCache/com.unity.modules.ui:+/Users/tuantu/Desktop/dev/AI/mobile/game_df/LaMuralla/Library/PackageCache/com.unity.modules.uielements:+/Users/tuantu/Desktop/dev/AI/mobile/game_df/LaMuralla/Library/PackageCache/com.unity.modules.unitywebrequest:+/Users/tuantu/Desktop/dev/AI/mobile/game_df/LaMuralla/Library/PackageCache/com.unity.modules.hierarchycore:+/Users/tuantu/Desktop/dev/AI/mobile/game_df/LaMuralla/Library/PackageCache/com.unity.modules.physics:+/Users/tuantu/Desktop/dev/AI/mobile/game_df/LaMuralla/Library/PackageCache/com.unity.ext.nunit@44f7d31723bd:+/Users/tuantu/Desktop/dev/AI/mobile/game_df/LaMuralla/Library/PackageCache/com.unity.render-pipelines.core@539ef1c759fb:+/Users/tuantu/Desktop/dev/AI/mobile/game_df/LaMuralla/Library/PackageCache/com.unity.shadergraph@636559dc59a3:+/Users/tuantu/Desktop/dev/AI/mobile/game_df/LaMuralla/Library/PackageCache/com.unity.render-pipelines.universal-config@fdda01c80fe3:+/Users/tuantu/Desktop/dev/AI/mobile/game_df/LaMuralla/Library/PackageCache/com.google.external-dependency-manager@f5312a5700af:+/Users/tuantu/Desktop/dev/AI/mobile/game_df/LaMuralla/Library/PackageCache/com.unity.modules.androidjni:+/Users/tuantu/Desktop/dev/AI/mobile/game_df/LaMuralla/Library/PackageCache/com.unity.searcher@d45a78918735:+/Users/tuantu/Desktop/dev/AI/mobile/game_df/LaMuralla/Library/PackageCache/com.unity.burst@6bb9aca3ef38:+/Users/tuantu/Desktop/dev/AI/mobile/game_df/LaMuralla/Library/PackageCache/com.unity.collections@a43cabe808ca:+/Users/tuantu/Desktop/dev/AI/mobile/game_df/LaMuralla/Library/PackageCache/com.unity.modules.terrain:+/Users/tuantu/Desktop/dev/AI/mobile/game_df/LaMuralla/Library/PackageCache/com.unity.nuget.mono-cecil@ecb9724e46ff:+/Users/tuantu/Desktop/dev/AI/mobile/game_df/LaMuralla/Library/PackageCache/com.unity.test-framework.performance@8b56083ec0f0:+/Users/tuantu/Desktop/dev/AI/mobile/game_df/LaMuralla/Library/PackageCache/com.unity.mathematics@981956d94fb6:Library/ScriptAssemblies:+/Applications/Unity/Hub/Editor/6000.5.4f1/Unity.app/Contents/Resources/Scripting/Managed" "/Applications/Unity/Hub/Editor/6000.5.4f1/Unity.app/Contents/Resources/Scripting/Managed/UnityEditor.dll" "/Applications/Unity/Hub/Editor/6000.5.4f1/Unity.app/Contents/Resources/Scripting/Managed/UnityEngine.dll"
Arguments: "/Applications/Unity/Hub/Editor/6000.5.4f1/Unity.app/Contents/Resources/BuildPipeline/Compilation/ApiUpdater/AssemblyUpdater.dll" update -a "/Users/tuantu/Desktop/dev/AI/mobile/game_df/LaMuralla/Library/PackageCache/com.google.ads.mobile@d3eae59ba596/GoogleMobileAds/GoogleMobileAds.Unity.dll" --output "/var/folders/lv/6wld7yhs6qb6t4bdzr7pyrc40000gn/T/tmpecdeaa.tmp" --api-version 6000.5.4f1  -s "/Applications/Unity/Hub/Editor/6000.5.4f1/Unity.app/Contents/Resources/Scripting/NetStandard/ref/2.1.0:/Applications/Unity/Hub/Editor/6000.5.4f1/Unity.app/Contents/Resources/Scripting/NetStandard/compat/2.1.0/shims/netstandard:/Applications/Unity/Hub/Editor/6000.5.4f1/Unity.app/Contents/Resources/Scripting/NetStandard/compat/2.1.0/shims/netfx:+/Users/tuantu/Desktop/dev/AI/mobile/game_df/LaMuralla/Assets:+/Users/tuantu/Desktop/dev/AI/mobile/game_df/LaMuralla/Library/PackageCache/com.google.ads.mobile@d3eae59ba596:+/Users/tuantu/Desktop/dev/AI/mobile/game_df/LaMuralla/Library/PackageCache/com.unity.2d.sprite@053a968eab56:+/Users/tuantu/Desktop/dev/AI/mobile/game_df/LaMuralla/Library/PackageCache/com.unity.inputsystem@21a28c3a6c83:+/Users/tuantu/Desktop/dev/AI/mobile/game_df/LaMuralla/Library/PackageCache/com.unity.render-pipelines.universal@e38be786c41e:+/Users/tuantu/Desktop/dev/AI/mobile/game_df/LaMuralla/Library/PackageCache/com.unity.test-framework@1405238725ab:+/Users/tuantu/Desktop/dev/AI/mobile/game_df/LaMuralla/Library/PackageCache/com.unity.ugui@f2d87ebaaa32:+/Users/tuantu/Desktop/dev/AI/mobile/game_df/LaMuralla/Library/PackageCache/com.unity.ide.rider@1f60b3138684:+/Users/tuantu/Desktop/dev/AI/mobile/game_df/LaMuralla/Library/PackageCache/com.unity.ide.visualstudio@a99d56dec63f:+/Users/tuantu/Desktop/dev/AI/mobile/game_df/LaMuralla/Library/PackageCache/com.unity.modules.animation:+/Users/tuantu/Desktop/dev/AI/mobile/game_df/LaMuralla/Library/PackageCache/com.unity.modules.audio:+/Users/tuantu/Desktop/dev/AI/mobile/game_df/LaMuralla/Library/PackageCache/com.unity.modules.director:+/Users/tuantu/Desktop/dev/AI/mobile/game_df/LaMuralla/Library/PackageCache/com.unity.modules.imageconversion:+/Users/tuantu/Desktop/dev/AI/mobile/game_df/LaMuralla/Library/PackageCache/com.unity.modules.imgui:+/Users/tuantu/Desktop/dev/AI/mobile/game_df/LaMuralla/Library/PackageCache/com.unity.modules.jsonserialize:+/Users/tuantu/Desktop/dev/AI/mobile/game_df/LaMuralla/Library/PackageCache/com.unity.modules.particlesystem:+/Users/tuantu/Desktop/dev/AI/mobile/game_df/LaMuralla/Library/PackageCache/com.unity.modules.physics2d:+/Users/tuantu/Desktop/dev/AI/mobile/game_df/LaMuralla/Library/PackageCache/com.unity.modules.physicscore2d:+/Users/tuantu/Desktop/dev/AI/mobile/game_df/LaMuralla/Library/PackageCache/com.unity.modules.screencapture:+/Users/tuantu/Desktop/dev/AI/mobile/game_df/LaMuralla/Library/PackageCache/com.unity.modules.ui:+/Users/tuantu/Desktop/dev/AI/mobile/game_df/LaMuralla/Library/PackageCache/com.unity.modules.uielements:+/Users/tuantu/Desktop/dev/AI/mobile/game_df/LaMuralla/Library/PackageCache/com.unity.modules.unitywebrequest:+/Users/tuantu/Desktop/dev/AI/mobile/game_df/LaMuralla/Library/PackageCache/com.unity.modules.hierarchycore:+/Users/tuantu/Desktop/dev/AI/mobile/game_df/LaMuralla/Library/PackageCache/com.unity.modules.physics:+/Users/tuantu/Desktop/dev/AI/mobile/game_df/LaMuralla/Library/PackageCache/com.unity.ext.nunit@44f7d31723bd:+/Users/tuantu/Desktop/dev/AI/mobile/game_df/LaMuralla/Library/PackageCache/com.unity.render-pipelines.core@539ef1c759fb:+/Users/tuantu/Desktop/dev/AI/mobile/game_df/LaMuralla/Library/PackageCache/com.unity.shadergraph@636559dc59a3:+/Users/tuantu/Desktop/dev/AI/mobile/game_df/LaMuralla/Library/PackageCache/com.unity.render-pipelines.universal-config@fdda01c80fe3:+/Users/tuantu/Desktop/dev/AI/mobile/game_df/LaMuralla/Library/PackageCache/com.google.external-dependency-manager@f5312a5700af:+/Users/tuantu/Desktop/dev/AI/mobile/game_df/LaMuralla/Library/PackageCache/com.unity.modules.androidjni:+/Users/tuantu/Desktop/dev/AI/mobile/game_df/LaMuralla/Library/PackageCache/com.unity.searcher@d45a78918735:+/Users/tuantu/Desktop/dev/AI/mobile/game_df/LaMuralla/Library/PackageCache/com.unity.burst@6bb9aca3ef38:+/Users/tuantu/Desktop/dev/AI/mobile/game_df/LaMuralla/Library/PackageCache/com.unity.collections@a43cabe808ca:+/Users/tuantu/Desktop/dev/AI/mobile/game_df/LaMuralla/Library/PackageCache/com.unity.modules.terrain:+/Users/tuantu/Desktop/dev/AI/mobile/game_df/LaMuralla/Library/PackageCache/com.unity.nuget.mono-cecil@ecb9724e46ff:+/Users/tuantu/Desktop/dev/AI/mobile/game_df/LaMuralla/Library/PackageCache/com.unity.test-framework.performance@8b56083ec0f0:+/Users/tuantu/Desktop/dev/AI/mobile/game_df/LaMuralla/Library/PackageCache/com.unity.mathematics@981956d94fb6:Library/ScriptAssemblies:+/Applications/Unity/Hub/Editor/6000.5.4f1/Unity.app/Contents/Resources/Scripting/Managed/UnityEngine" "/Applications/Unity/Hub/Editor/6000.5.4f1/Unity.app/Contents/Resources/Scripting/Managed/UnityEngine/UnityEngine.CoreModule.dll" "/Applications/Unity/Hub/Editor/6000.5.4f1/Unity.app/Contents/Resources/Scripting/Managed/UnityEngine/UnityEngine.UIModule.dll"
Filename: /Applications/Unity/Hub/Editor/6000.5.4f1/Unity.app/Contents/Resources/Scripting/DotNetSdk/dotnet
Arguments: "/Applications/Unity/Hub/Editor/6000.5.4f1/Unity.app/Contents/Resources/BuildPipeline/Compilation/ApiUpdater/AssemblyUpdater.dll" update -a "/Users/tuantu/Desktop/dev/AI/mobile/game_df/LaMuralla/Library/PackageCache/com.google.ads.mobile@d3eae59ba596/GoogleMobileAds/GoogleMobileAds.Ump.Unity.dll" --output "/var/folders/lv/6wld7yhs6qb6t4bdzr7pyrc40000gn/T/tmp5b2e3650.tmp" --api-version 6000.5.4f1  -s "/Applications/Unity/Hub/Editor/6000.5.4f1/Unity.app/Contents/Resources/Scripting/NetStandard/ref/2.1.0:/Applications/Unity/Hub/Editor/6000.5.4f1/Unity.app/Contents/Resources/Scripting/NetStandard/compat/2.1.0/shims/netstandard:/Applications/Unity/Hub/Editor/6000.5.4f1/Unity.app/Contents/Resources/Scripting/NetStandard/compat/2.1.0/shims/netfx:+/Users/tuantu/Desktop/dev/AI/mobile/game_df/LaMuralla/Assets:+/Users/tuantu/Desktop/dev/AI/mobile/game_df/LaMuralla/Library/PackageCache/com.google.ads.mobile@d3eae59ba596:+/Users/tuantu/Desktop/dev/AI/mobile/game_df/LaMuralla/Library/PackageCache/com.unity.2d.sprite@053a968eab56:+/Users/tuantu/Desktop/dev/AI/mobile/game_df/LaMuralla/Library/PackageCache/com.unity.inputsystem@21a28c3a6c83:+/Users/tuantu/Desktop/dev/AI/mobile/game_df/LaMuralla/Library/PackageCache/com.unity.render-pipelines.universal@e38be786c41e:+/Users/tuantu/Desktop/dev/AI/mobile/game_df/LaMuralla/Library/PackageCache/com.unity.test-framework@1405238725ab:+/Users/tuantu/Desktop/dev/AI/mobile/game_df/LaMuralla/Library/PackageCache/com.unity.ugui@f2d87ebaaa32:+/Users/tuantu/Desktop/dev/AI/mobile/game_df/LaMuralla/Library/PackageCache/com.unity.ide.rider@1f60b3138684:+/Users/tuantu/Desktop/dev/AI/mobile/game_df/LaMuralla/Library/PackageCache/com.unity.ide.visualstudio@a99d56dec63f:+/Users/tuantu/Desktop/dev/AI/mobile/game_df/LaMuralla/Library/PackageCache/com.unity.modules.animation:+/Users/tuantu/Desktop/dev/AI/mobile/game_df/LaMuralla/Library/PackageCache/com.unity.modules.audio:+/Users/tuantu/Desktop/dev/AI/mobile/game_df/LaMuralla/Library/PackageCache/com.unity.modules.director:+/Users/tuantu/Desktop/dev/AI/mobile/game_df/LaMuralla/Library/PackageCache/com.unity.modules.imageconversion:+/Users/tuantu/Desktop/dev/AI/mobile/game_df/LaMuralla/Library/PackageCache/com.unity.modules.imgui:+/Users/tuantu/Desktop/dev/AI/mobile/game_df/LaMuralla/Library/PackageCache/com.unity.modules.jsonserialize:+/Users/tuantu/Desktop/dev/AI/mobile/game_df/LaMuralla/Library/PackageCache/com.unity.modules.particlesystem:+/Users/tuantu/Desktop/dev/AI/mobile/game_df/LaMuralla/Library/PackageCache/com.unity.modules.physics2d:+/Users/tuantu/Desktop/dev/AI/mobile/game_df/LaMuralla/Library/PackageCache/com.unity.modules.physicscore2d:+/Users/tuantu/Desktop/dev/AI/mobile/game_df/LaMuralla/Library/PackageCache/com.unity.modules.screencapture:+/Users/tuantu/Desktop/dev/AI/mobile/game_df/LaMuralla/Library/PackageCache/com.unity.modules.ui:+/Users/tuantu/Desktop/dev/AI/mobile/game_df/LaMuralla/Library/PackageCache/com.unity.modules.uielements:+/Users/tuantu/Desktop/dev/AI/mobile/game_df/LaMuralla/Library/PackageCache/com.unity.modules.unitywebrequest:+/Users/tuantu/Desktop/dev/AI/mobile/game_df/LaMuralla/Library/PackageCache/com.unity.modules.hierarchycore:+/Users/tuantu/Desktop/dev/AI/mobile/game_df/LaMuralla/Library/PackageCache/com.unity.modules.physics:+/Users/tuantu/Desktop/dev/AI/mobile/game_df/LaMuralla/Library/PackageCache/com.unity.ext.nunit@44f7d31723bd:+/Users/tuantu/Desktop/dev/AI/mobile/game_df/LaMuralla/Library/PackageCache/com.unity.render-pipelines.core@539ef1c759fb:+/Users/tuantu/Desktop/dev/AI/mobile/game_df/LaMuralla/Library/PackageCache/com.unity.shadergraph@636559dc59a3:+/Users/tuantu/Desktop/dev/AI/mobile/game_df/LaMuralla/Library/PackageCache/com.unity.render-pipelines.universal-config@fdda01c80fe3:+/Users/tuantu/Desktop/dev/AI/mobile/game_df/LaMuralla/Library/PackageCache/com.google.external-dependency-manager@f5312a5700af:+/Users/tuantu/Desktop/dev/AI/mobile/game_df/LaMuralla/Library/PackageCache/com.unity.modules.androidjni:+/Users/tuantu/Desktop/dev/AI/mobile/game_df/LaMuralla/Library/PackageCache/com.unity.searcher@d45a78918735:+/Users/tuantu/Desktop/dev/AI/mobile/game_df/LaMuralla/Library/PackageCache/com.unity.burst@6bb9aca3ef38:+/Users/tuantu/Desktop/dev/AI/mobile/game_df/LaMuralla/Library/PackageCache/com.unity.collections@a43cabe808ca:+/Users/tuantu/Desktop/dev/AI/mobile/game_df/LaMuralla/Library/PackageCache/com.unity.modules.terrain:+/Users/tuantu/Desktop/dev/AI/mobile/game_df/LaMuralla/Library/PackageCache/com.unity.nuget.mono-cecil@ecb9724e46ff:+/Users/tuantu/Desktop/dev/AI/mobile/game_df/LaMuralla/Library/PackageCache/com.unity.test-framework.performance@8b56083ec0f0:+/Users/tuantu/Desktop/dev/AI/mobile/game_df/LaMuralla/Library/PackageCache/com.unity.mathematics@981956d94fb6:Library/ScriptAssemblies:+/Applications/Unity/Hub/Editor/6000.5.4f1/Unity.app/Contents/Resources/Scripting/Managed/UnityEngine" "/Applications/Unity/Hub/Editor/6000.5.4f1/Unity.app/Contents/Resources/Scripting/Managed/UnityEngine/UnityEngine.CoreModule.dll"
Filename: /Applications/Unity/Hub/Editor/6000.5.4f1/Unity.app/Contents/Resources/Scripting/DotNetSdk/dotnet
Arguments: "/Applications/Unity/Hub/Editor/6000.5.4f1/Unity.app/Contents/Resources/BuildPipeline/Compilation/ApiUpdater/AssemblyUpdater.dll" update -a "/Users/tuantu/Desktop/dev/AI/mobile/game_df/LaMuralla/Library/PackageCache/com.google.external-dependency-manager@f5312a5700af/ExternalDependencyManager/Editor/1.2.187/Google.IOSResolver.dll" --output "/var/folders/lv/6wld7yhs6qb6t4bdzr7pyrc40000gn/T/tmp3f8509b5.tmp" --api-version 6000.5.4f1  -s "/Applications/Unity/Hub/Editor/6000.5.4f1/Unity.app/Contents/Resources/Scripting/NetStandard/ref/2.1.0:/Applications/Unity/Hub/Editor/6000.5.4f1/Unity.app/Contents/Resources/Scripting/NetStandard/compat/2.1.0/shims/netstandard:/Applications/Unity/Hub/Editor/6000.5.4f1/Unity.app/Contents/Resources/Scripting/NetStandard/compat/2.1.0/shims/netfx:+/Users/tuantu/Desktop/dev/AI/mobile/game_df/LaMuralla/Assets:+/Users/tuantu/Desktop/dev/AI/mobile/game_df/LaMuralla/Library/PackageCache/com.google.ads.mobile@d3eae59ba596:+/Users/tuantu/Desktop/dev/AI/mobile/game_df/LaMuralla/Library/PackageCache/com.unity.2d.sprite@053a968eab56:+/Users/tuantu/Desktop/dev/AI/mobile/game_df/LaMuralla/Library/PackageCache/com.unity.inputsystem@21a28c3a6c83:+/Users/tuantu/Desktop/dev/AI/mobile/game_df/LaMuralla/Library/PackageCache/com.unity.render-pipelines.universal@e38be786c41e:+/Users/tuantu/Desktop/dev/AI/mobile/game_df/LaMuralla/Library/PackageCache/com.unity.test-framework@1405238725ab:+/Users/tuantu/Desktop/dev/AI/mobile/game_df/LaMuralla/Library/PackageCache/com.unity.ugui@f2d87ebaaa32:+/Users/tuantu/Desktop/dev/AI/mobile/game_df/LaMuralla/Library/PackageCache/com.unity.ide.rider@1f60b3138684:+/Users/tuantu/Desktop/dev/AI/mobile/game_df/LaMuralla/Library/PackageCache/com.unity.ide.visualstudio@a99d56dec63f:+/Users/tuantu/Desktop/dev/AI/mobile/game_df/LaMuralla/Library/PackageCache/com.unity.modules.animation:+/Users/tuantu/Desktop/dev/AI/mobile/game_df/LaMuralla/Library/PackageCache/com.unity.modules.audio:+/Users/tuantu/Desktop/dev/AI/mobile/game_df/LaMuralla/Library/PackageCache/com.unity.modules.director:+/Users/tuantu/Desktop/dev/AI/mobile/game_df/LaMuralla/Library/PackageCache/com.unity.modules.imageconversion:+/Users/tuantu/Desktop/dev/AI/mobile/game_df/LaMuralla/Library/PackageCache/com.unity.modules.imgui:+/Users/tuantu/Desktop/dev/AI/mobile/game_df/LaMuralla/Library/PackageCache/com.unity.modules.jsonserialize:+/Users/tuantu/Desktop/dev/AI/mobile/game_df/LaMuralla/Library/PackageCache/com.unity.modules.particlesystem:+/Users/tuantu/Desktop/dev/AI/mobile/game_df/LaMuralla/Library/PackageCache/com.unity.modules.physics2d:+/Users/tuantu/Desktop/dev/AI/mobile/game_df/LaMuralla/Library/PackageCache/com.unity.modules.physicscore2d:+/Users/tuantu/Desktop/dev/AI/mobile/game_df/LaMuralla/Library/PackageCache/com.unity.modules.screencapture:+/Users/tuantu/Desktop/dev/AI/mobile/game_df/LaMuralla/Library/PackageCache/com.unity.modules.ui:+/Users/tuantu/Desktop/dev/AI/mobile/game_df/LaMuralla/Library/PackageCache/com.unity.modules.uielements:+/Users/tuantu/Desktop/dev/AI/mobile/game_df/LaMuralla/Library/PackageCache/com.unity.modules.unitywebrequest:+/Users/tuantu/Desktop/dev/AI/mobile/game_df/LaMuralla/Library/PackageCache/com.unity.modules.hierarchycore:+/Users/tuantu/Desktop/dev/AI/mobile/game_df/LaMuralla/Library/PackageCache/com.unity.modules.physics:+/Users/tuantu/Desktop/dev/AI/mobile/game_df/LaMuralla/Library/PackageCache/com.unity.ext.nunit@44f7d31723bd:+/Users/tuantu/Desktop/dev/AI/mobile/game_df/LaMuralla/Library/PackageCache/com.unity.render-pipelines.core@539ef1c759fb:+/Users/tuantu/Desktop/dev/AI/mobile/game_df/LaMuralla/Library/PackageCache/com.unity.shadergraph@636559dc59a3:+/Users/tuantu/Desktop/dev/AI/mobile/game_df/LaMuralla/Library/PackageCache/com.unity.render-pipelines.universal-config@fdda01c80fe3:+/Users/tuantu/Desktop/dev/AI/mobile/game_df/LaMuralla/Library/PackageCache/com.google.external-dependency-manager@f5312a5700af:+/Users/tuantu/Desktop/dev/AI/mobile/game_df/LaMuralla/Library/PackageCache/com.unity.modules.androidjni:+/Users/tuantu/Desktop/dev/AI/mobile/game_df/LaMuralla/Library/PackageCache/com.unity.searcher@d45a78918735:+/Users/tuantu/Desktop/dev/AI/mobile/game_df/LaMuralla/Library/PackageCache/com.unity.burst@6bb9aca3ef38:+/Users/tuantu/Desktop/dev/AI/mobile/game_df/LaMuralla/Library/PackageCache/com.unity.collections@a43cabe808ca:+/Users/tuantu/Desktop/dev/AI/mobile/game_df/LaMuralla/Library/PackageCache/com.unity.modules.terrain:+/Users/tuantu/Desktop/dev/AI/mobile/game_df/LaMuralla/Library/PackageCache/com.unity.nuget.mono-cecil@ecb9724e46ff:+/Users/tuantu/Desktop/dev/AI/mobile/game_df/LaMuralla/Library/PackageCache/com.unity.test-framework.performance@8b56083ec0f0:+/Users/tuantu/Desktop/dev/AI/mobile/game_df/LaMuralla/Library/PackageCache/com.unity.mathematics@981956d94fb6:Library/ScriptAssemblies:+/Applications/Unity/Hub/Editor/6000.5.4f1/Unity.app/Contents/Resources/Scripting/Managed" "/Applications/Unity/Hub/Editor/6000.5.4f1/Unity.app/Contents/Resources/Scripting/Managed/UnityEditor.dll" "/Applications/Unity/Hub/Editor/6000.5.4f1/Unity.app/Contents/Resources/Scripting/Managed/UnityEngine.dll"
Filename: /Applications/Unity/Hub/Editor/6000.5.4f1/Unity.app/Contents/Resources/Scripting/DotNetSdk/dotnet
Arguments: "/Applications/Unity/Hub/Editor/6000.5.4f1/Unity.app/Contents/Resources/BuildPipeline/Compilation/ApiUpdater/AssemblyUpdater.dll" update -a "/Users/tuantu/Desktop/dev/AI/mobile/game_df/LaMuralla/Library/PackageCache/com.google.ads.mobile@d3eae59ba596/GoogleMobileAds/GoogleMobileAds.Android.dll" --output "/var/folders/lv/6wld7yhs6qb6t4bdzr7pyrc40000gn/T/tmp5833b2f7.tmp" --api-version 6000.5.4f1  -s "/Applications/Unity/Hub/Editor/6000.5.4f1/Unity.app/Contents/Resources/Scripting/NetStandard/ref/2.1.0:/Applications/Unity/Hub/Editor/6000.5.4f1/Unity.app/Contents/Resources/Scripting/NetStandard/compat/2.1.0/shims/netstandard:/Applications/Unity/Hub/Editor/6000.5.4f1/Unity.app/Contents/Resources/Scripting/NetStandard/compat/2.1.0/shims/netfx:+/Users/tuantu/Desktop/dev/AI/mobile/game_df/LaMuralla/Assets:+/Users/tuantu/Desktop/dev/AI/mobile/game_df/LaMuralla/Library/PackageCache/com.google.ads.mobile@d3eae59ba596:+/Users/tuantu/Desktop/dev/AI/mobile/game_df/LaMuralla/Library/PackageCache/com.unity.2d.sprite@053a968eab56:+/Users/tuantu/Desktop/dev/AI/mobile/game_df/LaMuralla/Library/PackageCache/com.unity.inputsystem@21a28c3a6c83:+/Users/tuantu/Desktop/dev/AI/mobile/game_df/LaMuralla/Library/PackageCache/com.unity.render-pipelines.universal@e38be786c41e:+/Users/tuantu/Desktop/dev/AI/mobile/game_df/LaMuralla/Library/PackageCache/com.unity.test-framework@1405238725ab:+/Users/tuantu/Desktop/dev/AI/mobile/game_df/LaMuralla/Library/PackageCache/com.unity.ugui@f2d87ebaaa32:+/Users/tuantu/Desktop/dev/AI/mobile/game_df/LaMuralla/Library/PackageCache/com.unity.ide.rider@1f60b3138684:+/Users/tuantu/Desktop/dev/AI/mobile/game_df/LaMuralla/Library/PackageCache/com.unity.ide.visualstudio@a99d56dec63f:+/Users/tuantu/Desktop/dev/AI/mobile/game_df/LaMuralla/Library/PackageCache/com.unity.modules.animation:+/Users/tuantu/Desktop/dev/AI/mobile/game_df/LaMuralla/Library/PackageCache/com.unity.modules.audio:+/Users/tuantu/Desktop/dev/AI/mobile/game_df/LaMuralla/Library/PackageCache/com.unity.modules.director:+/Users/tuantu/Desktop/dev/AI/mobile/game_df/LaMuralla/Library/PackageCache/com.unity.modules.imageconversion:+/Users/tuantu/Desktop/dev/AI/mobile/game_df/LaMuralla/Library/PackageCache/com.unity.modules.imgui:+/Users/tuantu/Desktop/dev/AI/mobile/game_df/LaMuralla/Library/PackageCache/com.unity.modules.jsonserialize:+/Users/tuantu/Desktop/dev/AI/mobile/game_df/LaMuralla/Library/PackageCache/com.unity.modules.particlesystem:+/Users/tuantu/Desktop/dev/AI/mobile/game_df/LaMuralla/Library/PackageCache/com.unity.modules.physics2d:+/Users/tuantu/Desktop/dev/AI/mobile/game_df/LaMuralla/Library/PackageCache/com.unity.modules.physicscore2d:+/Users/tuantu/Desktop/dev/AI/mobile/game_df/LaMuralla/Library/PackageCache/com.unity.modules.screencapture:+/Users/tuantu/Desktop/dev/AI/mobile/game_df/LaMuralla/Library/PackageCache/com.unity.modules.ui:+/Users/tuantu/Desktop/dev/AI/mobile/game_df/LaMuralla/Library/PackageCache/com.unity.modules.uielements:+/Users/tuantu/Desktop/dev/AI/mobile/game_df/LaMuralla/Library/PackageCache/com.unity.modules.unitywebrequest:+/Users/tuantu/Desktop/dev/AI/mobile/game_df/LaMuralla/Library/PackageCache/com.unity.modules.hierarchycore:+/Users/tuantu/Desktop/dev/AI/mobile/game_df/LaMuralla/Library/PackageCache/com.unity.modules.physics:+/Users/tuantu/Desktop/dev/AI/mobile/game_df/LaMuralla/Library/PackageCache/com.unity.ext.nunit@44f7d31723bd:+/Users/tuantu/Desktop/dev/AI/mobile/game_df/LaMuralla/Library/PackageCache/com.unity.render-pipelines.core@539ef1c759fb:+/Users/tuantu/Desktop/dev/AI/mobile/game_df/LaMuralla/Library/PackageCache/com.unity.shadergraph@636559dc59a3:+/Users/tuantu/Desktop/dev/AI/mobile/game_df/LaMuralla/Library/PackageCache/com.unity.render-pipelines.universal-config@fdda01c80fe3:+/Users/tuantu/Desktop/dev/AI/mobile/game_df/LaMuralla/Library/PackageCache/com.google.external-dependency-manager@f5312a5700af:+/Users/tuantu/Desktop/dev/AI/mobile/game_df/LaMuralla/Library/PackageCache/com.unity.modules.androidjni:+/Users/tuantu/Desktop/dev/AI/mobile/game_df/LaMuralla/Library/PackageCache/com.unity.searcher@d45a78918735:+/Users/tuantu/Desktop/dev/AI/mobile/game_df/LaMuralla/Library/PackageCache/com.unity.burst@6bb9aca3ef38:+/Users/tuantu/Desktop/dev/AI/mobile/game_df/LaMuralla/Library/PackageCache/com.unity.collections@a43cabe808ca:+/Users/tuantu/Desktop/dev/AI/mobile/game_df/LaMuralla/Library/PackageCache/com.unity.modules.terrain:+/Users/tuantu/Desktop/dev/AI/mobile/game_df/LaMuralla/Library/PackageCache/com.unity.nuget.mono-cecil@ecb9724e46ff:+/Users/tuantu/Desktop/dev/AI/mobile/game_df/LaMuralla/Library/PackageCache/com.unity.test-framework.performance@8b56083ec0f0:+/Users/tuantu/Desktop/dev/AI/mobile/game_df/LaMuralla/Library/PackageCache/com.unity.mathematics@981956d94fb6:Library/ScriptAssemblies:+/Applications/Unity/Hub/Editor/6000.5.4f1/Unity.app/Contents/Resources/Scripting/Managed/UnityEngine" "/Applications/Unity/Hub/Editor/6000.5.4f1/Unity.app/Contents/Resources/Scripting/Managed/UnityEngine/UnityEngine.AndroidJNIModule.dll" "/Applications/Unity/Hub/Editor/6000.5.4f1/Unity.app/Contents/Resources/Scripting/Managed/UnityEngine/UnityEngine.CoreModule.dll"
Filename: /Applications/Unity/Hub/Editor/6000.5.4f1/Unity.app/Contents/Resources/Scripting/DotNetSdk/dotnet
Arguments: "/Applications/Unity/Hub/Editor/6000.5.4f1/Unity.app/Contents/Resources/BuildPipeline/Compilation/ApiUpdater/AssemblyUpdater.dll" update -a "/Users/tuantu/Desktop/dev/AI/mobile/game_df/LaMuralla/Library/PackageCache/com.google.ads.mobile@d3eae59ba596/GoogleMobileAds/GoogleMobileAds.Ump.iOS.dll" --output "/var/folders/lv/6wld7yhs6qb6t4bdzr7pyrc40000gn/T/tmp2d2aa632.tmp" --api-version 6000.5.4f1  -s "/Applications/Unity/Hub/Editor/6000.5.4f1/Unity.app/Contents/Resources/Scripting/NetStandard/ref/2.1.0:/Applications/Unity/Hub/Editor/6000.5.4f1/Unity.app/Contents/Resources/Scripting/NetStandard/compat/2.1.0/shims/netstandard:/Applications/Unity/Hub/Editor/6000.5.4f1/Unity.app/Contents/Resources/Scripting/NetStandard/compat/2.1.0/shims/netfx:+/Users/tuantu/Desktop/dev/AI/mobile/game_df/LaMuralla/Assets:+/Users/tuantu/Desktop/dev/AI/mobile/game_df/LaMuralla/Library/PackageCache/com.google.ads.mobile@d3eae59ba596:+/Users/tuantu/Desktop/dev/AI/mobile/game_df/LaMuralla/Library/PackageCache/com.unity.2d.sprite@053a968eab56:+/Users/tuantu/Desktop/dev/AI/mobile/game_df/LaMuralla/Library/PackageCache/com.unity.inputsystem@21a28c3a6c83:+/Users/tuantu/Desktop/dev/AI/mobile/game_df/LaMuralla/Library/PackageCache/com.unity.render-pipelines.universal@e38be786c41e:+/Users/tuantu/Desktop/dev/AI/mobile/game_df/LaMuralla/Library/PackageCache/com.unity.test-framework@1405238725ab:+/Users/tuantu/Desktop/dev/AI/mobile/game_df/LaMuralla/Library/PackageCache/com.unity.ugui@f2d87ebaaa32:+/Users/tuantu/Desktop/dev/AI/mobile/game_df/LaMuralla/Library/PackageCache/com.unity.ide.rider@1f60b3138684:+/Users/tuantu/Desktop/dev/AI/mobile/game_df/LaMuralla/Library/PackageCache/com.unity.ide.visualstudio@a99d56dec63f:+/Users/tuantu/Desktop/dev/AI/mobile/game_df/LaMuralla/Library/PackageCache/com.unity.modules.animation:+/Users/tuantu/Desktop/dev/AI/mobile/game_df/LaMuralla/Library/PackageCache/com.unity.modules.audio:+/Users/tuantu/Desktop/dev/AI/mobile/game_df/LaMuralla/Library/PackageCache/com.unity.modules.director:+/Users/tuantu/Desktop/dev/AI/mobile/game_df/LaMuralla/Library/PackageCache/com.unity.modules.imageconversion:+/Users/tuantu/Desktop/dev/AI/mobile/game_df/LaMuralla/Library/PackageCache/com.unity.modules.imgui:+/Users/tuantu/Desktop/dev/AI/mobile/game_df/LaMuralla/Library/PackageCache/com.unity.modules.jsonserialize:+/Users/tuantu/Desktop/dev/AI/mobile/game_df/LaMuralla/Library/PackageCache/com.unity.modules.particlesystem:+/Users/tuantu/Desktop/dev/AI/mobile/game_df/LaMuralla/Library/PackageCache/com.unity.modules.physics2d:+/Users/tuantu/Desktop/dev/AI/mobile/game_df/LaMuralla/Library/PackageCache/com.unity.modules.physicscore2d:+/Users/tuantu/Desktop/dev/AI/mobile/game_df/LaMuralla/Library/PackageCache/com.unity.modules.screencapture:+/Users/tuantu/Desktop/dev/AI/mobile/game_df/LaMuralla/Library/PackageCache/com.unity.modules.ui:+/Users/tuantu/Desktop/dev/AI/mobile/game_df/LaMuralla/Library/PackageCache/com.unity.modules.uielements:+/Users/tuantu/Desktop/dev/AI/mobile/game_df/LaMuralla/Library/PackageCache/com.unity.modules.unitywebrequest:+/Users/tuantu/Desktop/dev/AI/mobile/game_df/LaMuralla/Library/PackageCache/com.unity.modules.hierarchycore:+/Users/tuantu/Desktop/dev/AI/mobile/game_df/LaMuralla/Library/PackageCache/com.unity.modules.physics:+/Users/tuantu/Desktop/dev/AI/mobile/game_df/LaMuralla/Library/PackageCache/com.unity.ext.nunit@44f7d31723bd:+/Users/tuantu/Desktop/dev/AI/mobile/game_df/LaMuralla/Library/PackageCache/com.unity.render-pipelines.core@539ef1c759fb:+/Users/tuantu/Desktop/dev/AI/mobile/game_df/LaMuralla/Library/PackageCache/com.unity.shadergraph@636559dc59a3:+/Users/tuantu/Desktop/dev/AI/mobile/game_df/LaMuralla/Library/PackageCache/com.unity.render-pipelines.universal-config@fdda01c80fe3:+/Users/tuantu/Desktop/dev/AI/mobile/game_df/LaMuralla/Library/PackageCache/com.google.external-dependency-manager@f5312a5700af:+/Users/tuantu/Desktop/dev/AI/mobile/game_df/LaMuralla/Library/PackageCache/com.unity.modules.androidjni:+/Users/tuantu/Desktop/dev/AI/mobile/game_df/LaMuralla/Library/PackageCache/com.unity.searcher@d45a78918735:+/Users/tuantu/Desktop/dev/AI/mobile/game_df/LaMuralla/Library/PackageCache/com.unity.burst@6bb9aca3ef38:+/Users/tuantu/Desktop/dev/AI/mobile/game_df/LaMuralla/Library/PackageCache/com.unity.collections@a43cabe808ca:+/Users/tuantu/Desktop/dev/AI/mobile/game_df/LaMuralla/Library/PackageCache/com.unity.modules.terrain:+/Users/tuantu/Desktop/dev/AI/mobile/game_df/LaMuralla/Library/PackageCache/com.unity.nuget.mono-cecil@ecb9724e46ff:+/Users/tuantu/Desktop/dev/AI/mobile/game_df/LaMuralla/Library/PackageCache/com.unity.test-framework.performance@8b56083ec0f0:+/Users/tuantu/Desktop/dev/AI/mobile/game_df/LaMuralla/Library/PackageCache/com.unity.mathematics@981956d94fb6:Library/ScriptAssemblies:+/Applications/Unity/Hub/Editor/6000.5.4f1/Unity.app/Contents/Resources/Scripting/Managed/UnityEngine" "/Applications/Unity/Hub/Editor/6000.5.4f1/Unity.app/Contents/Resources/Scripting/Managed/UnityEngine/UnityEngine.CoreModule.dll"
Filename: /Applications/Unity/Hub/Editor/6000.5.4f1/Unity.app/Contents/Resources/Scripting/DotNetSdk/dotnet
Arguments: "/Applications/Unity/Hub/Editor/6000.5.4f1/Unity.app/Contents/Resources/BuildPipeline/Compilation/ApiUpdater/AssemblyUpdater.dll" update -a "/Users/tuantu/Desktop/dev/AI/mobile/game_df/LaMuralla/Library/PackageCache/com.google.ads.mobile@d3eae59ba596/GoogleMobileAds/GoogleMobileAds.dll" --output "/var/folders/lv/6wld7yhs6qb6t4bdzr7pyrc40000gn/T/tmp702c0b60.tmp" --api-version 6000.5.4f1  -s "/Applications/Unity/Hub/Editor/6000.5.4f1/Unity.app/Contents/Resources/Scripting/NetStandard/ref/2.1.0:/Applications/Unity/Hub/Editor/6000.5.4f1/Unity.app/Contents/Resources/Scripting/NetStandard/compat/2.1.0/shims/netstandard:/Applications/Unity/Hub/Editor/6000.5.4f1/Unity.app/Contents/Resources/Scripting/NetStandard/compat/2.1.0/shims/netfx:+/Users/tuantu/Desktop/dev/AI/mobile/game_df/LaMuralla/Assets:+/Users/tuantu/Desktop/dev/AI/mobile/game_df/LaMuralla/Library/PackageCache/com.google.ads.mobile@d3eae59ba596:+/Users/tuantu/Desktop/dev/AI/mobile/game_df/LaMuralla/Library/PackageCache/com.unity.2d.sprite@053a968eab56:+/Users/tuantu/Desktop/dev/AI/mobile/game_df/LaMuralla/Library/PackageCache/com.unity.inputsystem@21a28c3a6c83:+/Users/tuantu/Desktop/dev/AI/mobile/game_df/LaMuralla/Library/PackageCache/com.unity.render-pipelines.universal@e38be786c41e:+/Users/tuantu/Desktop/dev/AI/mobile/game_df/LaMuralla/Library/PackageCache/com.unity.test-framework@1405238725ab:+/Users/tuantu/Desktop/dev/AI/mobile/game_df/LaMuralla/Library/PackageCache/com.unity.ugui@f2d87ebaaa32:+/Users/tuantu/Desktop/dev/AI/mobile/game_df/LaMuralla/Library/PackageCache/com.unity.ide.rider@1f60b3138684:+/Users/tuantu/Desktop/dev/AI/mobile/game_df/LaMuralla/Library/PackageCache/com.unity.ide.visualstudio@a99d56dec63f:+/Users/tuantu/Desktop/dev/AI/mobile/game_df/LaMuralla/Library/PackageCache/com.unity.modules.animation:+/Users/tuantu/Desktop/dev/AI/mobile/game_df/LaMuralla/Library/PackageCache/com.unity.modules.audio:+/Users/tuantu/Desktop/dev/AI/mobile/game_df/LaMuralla/Library/PackageCache/com.unity.modules.director:+/Users/tuantu/Desktop/dev/AI/mobile/game_df/LaMuralla/Library/PackageCache/com.unity.modules.imageconversion:+/Users/tuantu/Desktop/dev/AI/mobile/game_df/LaMuralla/Library/PackageCache/com.unity.modules.imgui:+/Users/tuantu/Desktop/dev/AI/mobile/game_df/LaMuralla/Library/PackageCache/com.unity.modules.jsonserialize:+/Users/tuantu/Desktop/dev/AI/mobile/game_df/LaMuralla/Library/PackageCache/com.unity.modules.particlesystem:+/Users/tuantu/Desktop/dev/AI/mobile/game_df/LaMuralla/Library/PackageCache/com.unity.modules.physics2d:+/Users/tuantu/Desktop/dev/AI/mobile/game_df/LaMuralla/Library/PackageCache/com.unity.modules.physicscore2d:+/Users/tuantu/Desktop/dev/AI/mobile/game_df/LaMuralla/Library/PackageCache/com.unity.modules.screencapture:+/Users/tuantu/Desktop/dev/AI/mobile/game_df/LaMuralla/Library/PackageCache/com.unity.modules.ui:+/Users/tuantu/Desktop/dev/AI/mobile/game_df/LaMuralla/Library/PackageCache/com.unity.modules.uielements:+/Users/tuantu/Desktop/dev/AI/mobile/game_df/LaMuralla/Library/PackageCache/com.unity.modules.unitywebrequest:+/Users/tuantu/Desktop/dev/AI/mobile/game_df/LaMuralla/Library/PackageCache/com.unity.modules.hierarchycore:+/Users/tuantu/Desktop/dev/AI/mobile/game_df/LaMuralla/Library/PackageCache/com.unity.modules.physics:+/Users/tuantu/Desktop/dev/AI/mobile/game_df/LaMuralla/Library/PackageCache/com.unity.ext.nunit@44f7d31723bd:+/Users/tuantu/Desktop/dev/AI/mobile/game_df/LaMuralla/Library/PackageCache/com.unity.render-pipelines.core@539ef1c759fb:+/Users/tuantu/Desktop/dev/AI/mobile/game_df/LaMuralla/Library/PackageCache/com.unity.shadergraph@636559dc59a3:+/Users/tuantu/Desktop/dev/AI/mobile/game_df/LaMuralla/Library/PackageCache/com.unity.render-pipelines.universal-config@fdda01c80fe3:+/Users/tuantu/Desktop/dev/AI/mobile/game_df/LaMuralla/Library/PackageCache/com.google.external-dependency-manager@f5312a5700af:+/Users/tuantu/Desktop/dev/AI/mobile/game_df/LaMuralla/Library/PackageCache/com.unity.modules.androidjni:+/Users/tuantu/Desktop/dev/AI/mobile/game_df/LaMuralla/Library/PackageCache/com.unity.searcher@d45a78918735:+/Users/tuantu/Desktop/dev/AI/mobile/game_df/LaMuralla/Library/PackageCache/com.unity.burst@6bb9aca3ef38:+/Users/tuantu/Desktop/dev/AI/mobile/game_df/LaMuralla/Library/PackageCache/com.unity.collections@a43cabe808ca:+/Users/tuantu/Desktop/dev/AI/mobile/game_df/LaMuralla/Library/PackageCache/com.unity.modules.terrain:+/Users/tuantu/Desktop/dev/AI/mobile/game_df/LaMuralla/Library/PackageCache/com.unity.nuget.mono-cecil@ecb9724e46ff:+/Users/tuantu/Desktop/dev/AI/mobile/game_df/LaMuralla/Library/PackageCache/com.unity.test-framework.performance@8b56083ec0f0:+/Users/tuantu/Desktop/dev/AI/mobile/game_df/LaMuralla/Library/PackageCache/com.unity.mathematics@981956d94fb6:Library/ScriptAssemblies:+/Applications/Unity/Hub/Editor/6000.5.4f1/Unity.app/Contents/Resources/Scripting/Managed/UnityEngine" "/Applications/Unity/Hub/Editor/6000.5.4f1/Unity.app/Contents/Resources/Scripting/Managed/UnityEngine/UnityEngine.CoreModule.dll"
Filename: /Applications/Unity/Hub/Editor/6000.5.4f1/Unity.app/Contents/Resources/Scripting/DotNetSdk/dotnet
Arguments: "/Applications/Unity/Hub/Editor/6000.5.4f1/Unity.app/Contents/Resources/BuildPipeline/Compilation/ApiUpdater/AssemblyUpdater.dll" update -a "/Users/tuantu/Desktop/dev/AI/mobile/game_df/LaMuralla/Library/PackageCache/com.google.external-dependency-manager@f5312a5700af/ExternalDependencyManager/Editor/Google.VersionHandler.dll" --output "/var/folders/lv/6wld7yhs6qb6t4bdzr7pyrc40000gn/T/tmp68480de1.tmp" --api-version 6000.5.4f1  -s "/Applications/Unity/Hub/Editor/6000.5.4f1/Unity.app/Contents/Resources/Scripting/NetStandard/ref/2.1.0:/Applications/Unity/Hub/Editor/6000.5.4f1/Unity.app/Contents/Resources/Scripting/NetStandard/compat/2.1.0/shims/netstandard:/Applications/Unity/Hub/Editor/6000.5.4f1/Unity.app/Contents/Resources/Scripting/NetStandard/compat/2.1.0/shims/netfx:+/Users/tuantu/Desktop/dev/AI/mobile/game_df/LaMuralla/Assets:+/Users/tuantu/Desktop/dev/AI/mobile/game_df/LaMuralla/Library/PackageCache/com.google.ads.mobile@d3eae59ba596:+/Users/tuantu/Desktop/dev/AI/mobile/game_df/LaMuralla/Library/PackageCache/com.unity.2d.sprite@053a968eab56:+/Users/tuantu/Desktop/dev/AI/mobile/game_df/LaMuralla/Library/PackageCache/com.unity.inputsystem@21a28c3a6c83:+/Users/tuantu/Desktop/dev/AI/mobile/game_df/LaMuralla/Library/PackageCache/com.unity.render-pipelines.universal@e38be786c41e:+/Users/tuantu/Desktop/dev/AI/mobile/game_df/LaMuralla/Library/PackageCache/com.unity.test-framework@1405238725ab:+/Users/tuantu/Desktop/dev/AI/mobile/game_df/LaMuralla/Library/PackageCache/com.unity.ugui@f2d87ebaaa32:+/Users/tuantu/Desktop/dev/AI/mobile/game_df/LaMuralla/Library/PackageCache/com.unity.ide.rider@1f60b3138684:+/Users/tuantu/Desktop/dev/AI/mobile/game_df/LaMuralla/Library/PackageCache/com.unity.ide.visualstudio@a99d56dec63f:+/Users/tuantu/Desktop/dev/AI/mobile/game_df/LaMuralla/Library/PackageCache/com.unity.modules.animation:+/Users/tuantu/Desktop/dev/AI/mobile/game_df/LaMuralla/Library/PackageCache/com.unity.modules.audio:+/Users/tuantu/Desktop/dev/AI/mobile/game_df/LaMuralla/Library/PackageCache/com.unity.modules.director:+/Users/tuantu/Desktop/dev/AI/mobile/game_df/LaMuralla/Library/PackageCache/com.unity.modules.imageconversion:+/Users/tuantu/Desktop/dev/AI/mobile/game_df/LaMuralla/Library/PackageCache/com.unity.modules.imgui:+/Users/tuantu/Desktop/dev/AI/mobile/game_df/LaMuralla/Library/PackageCache/com.unity.modules.jsonserialize:+/Users/tuantu/Desktop/dev/AI/mobile/game_df/LaMuralla/Library/PackageCache/com.unity.modules.particlesystem:+/Users/tuantu/Desktop/dev/AI/mobile/game_df/LaMuralla/Library/PackageCache/com.unity.modules.physics2d:+/Users/tuantu/Desktop/dev/AI/mobile/game_df/LaMuralla/Library/PackageCache/com.unity.modules.physicscore2d:+/Users/tuantu/Desktop/dev/AI/mobile/game_df/LaMuralla/Library/PackageCache/com.unity.modules.screencapture:+/Users/tuantu/Desktop/dev/AI/mobile/game_df/LaMuralla/Library/PackageCache/com.unity.modules.ui:+/Users/tuantu/Desktop/dev/AI/mobile/game_df/LaMuralla/Library/PackageCache/com.unity.modules.uielements:+/Users/tuantu/Desktop/dev/AI/mobile/game_df/LaMuralla/Library/PackageCache/com.unity.modules.unitywebrequest:+/Users/tuantu/Desktop/dev/AI/mobile/game_df/LaMuralla/Library/PackageCache/com.unity.modules.hierarchycore:+/Users/tuantu/Desktop/dev/AI/mobile/game_df/LaMuralla/Library/PackageCache/com.unity.modules.physics:+/Users/tuantu/Desktop/dev/AI/mobile/game_df/LaMuralla/Library/PackageCache/com.unity.ext.nunit@44f7d31723bd:+/Users/tuantu/Desktop/dev/AI/mobile/game_df/LaMuralla/Library/PackageCache/com.unity.render-pipelines.core@539ef1c759fb:+/Users/tuantu/Desktop/dev/AI/mobile/game_df/LaMuralla/Library/PackageCache/com.unity.shadergraph@636559dc59a3:+/Users/tuantu/Desktop/dev/AI/mobile/game_df/LaMuralla/Library/PackageCache/com.unity.render-pipelines.universal-config@fdda01c80fe3:+/Users/tuantu/Desktop/dev/AI/mobile/game_df/LaMuralla/Library/PackageCache/com.google.external-dependency-manager@f5312a5700af:+/Users/tuantu/Desktop/dev/AI/mobile/game_df/LaMuralla/Library/PackageCache/com.unity.modules.androidjni:+/Users/tuantu/Desktop/dev/AI/mobile/game_df/LaMuralla/Library/PackageCache/com.unity.searcher@d45a78918735:+/Users/tuantu/Desktop/dev/AI/mobile/game_df/LaMuralla/Library/PackageCache/com.unity.burst@6bb9aca3ef38:+/Users/tuantu/Desktop/dev/AI/mobile/game_df/LaMuralla/Library/PackageCache/com.unity.collections@a43cabe808ca:+/Users/tuantu/Desktop/dev/AI/mobile/game_df/LaMuralla/Library/PackageCache/com.unity.modules.terrain:+/Users/tuantu/Desktop/dev/AI/mobile/game_df/LaMuralla/Library/PackageCache/com.unity.nuget.mono-cecil@ecb9724e46ff:+/Users/tuantu/Desktop/dev/AI/mobile/game_df/LaMuralla/Library/PackageCache/com.unity.test-framework.performance@8b56083ec0f0:+/Users/tuantu/Desktop/dev/AI/mobile/game_df/LaMuralla/Library/PackageCache/com.unity.mathematics@981956d94fb6:Library/ScriptAssemblies:+/Applications/Unity/Hub/Editor/6000.5.4f1/Unity.app/Contents/Resources/Scripting/Managed" "/Applications/Unity/Hub/Editor/6000.5.4f1/Unity.app/Contents/Resources/Scripting/Managed/UnityEditor.dll" "/Applications/Unity/Hub/Editor/6000.5.4f1/Unity.app/Contents/Resources/Scripting/Managed/UnityEngine.dll"
Filename: /Applications/Unity/Hub/Editor/6000.5.4f1/Unity.app/Contents/Resources/Scripting/DotNetSdk/dotnet
Arguments: "/Applications/Unity/Hub/Editor/6000.5.4f1/Unity.app/Contents/Resources/BuildPipeline/Compilation/ApiUpdater/AssemblyUpdater.dll" update -a "/Users/tuantu/Desktop/dev/AI/mobile/game_df/LaMuralla/Library/PackageCache/com.google.external-dependency-manager@f5312a5700af/ExternalDependencyManager/Editor/1.2.187/Google.PackageManagerResolver.dll" --output "/var/folders/lv/6wld7yhs6qb6t4bdzr7pyrc40000gn/T/tmp7e61cc6e.tmp" --api-version 6000.5.4f1  -s "/Applications/Unity/Hub/Editor/6000.5.4f1/Unity.app/Contents/Resources/Scripting/NetStandard/ref/2.1.0:/Applications/Unity/Hub/Editor/6000.5.4f1/Unity.app/Contents/Resources/Scripting/NetStandard/compat/2.1.0/shims/netstandard:/Applications/Unity/Hub/Editor/6000.5.4f1/Unity.app/Contents/Resources/Scripting/NetStandard/compat/2.1.0/shims/netfx:+/Users/tuantu/Desktop/dev/AI/mobile/game_df/LaMuralla/Assets:+/Users/tuantu/Desktop/dev/AI/mobile/game_df/LaMuralla/Library/PackageCache/com.google.ads.mobile@d3eae59ba596:+/Users/tuantu/Desktop/dev/AI/mobile/game_df/LaMuralla/Library/PackageCache/com.unity.2d.sprite@053a968eab56:+/Users/tuantu/Desktop/dev/AI/mobile/game_df/LaMuralla/Library/PackageCache/com.unity.inputsystem@21a28c3a6c83:+/Users/tuantu/Desktop/dev/AI/mobile/game_df/LaMuralla/Library/PackageCache/com.unity.render-pipelines.universal@e38be786c41e:+/Users/tuantu/Desktop/dev/AI/mobile/game_df/LaMuralla/Library/PackageCache/com.unity.test-framework@1405238725ab:+/Users/tuantu/Desktop/dev/AI/mobile/game_df/LaMuralla/Library/PackageCache/com.unity.ugui@f2d87ebaaa32:+/Users/tuantu/Desktop/dev/AI/mobile/game_df/LaMuralla/Library/PackageCache/com.unity.ide.rider@1f60b3138684:+/Users/tuantu/Desktop/dev/AI/mobile/game_df/LaMuralla/Library/PackageCache/com.unity.ide.visualstudio@a99d56dec63f:+/Users/tuantu/Desktop/dev/AI/mobile/game_df/LaMuralla/Library/PackageCache/com.unity.modules.animation:+/Users/tuantu/Desktop/dev/AI/mobile/game_df/LaMuralla/Library/PackageCache/com.unity.modules.audio:+/Users/tuantu/Desktop/dev/AI/mobile/game_df/LaMuralla/Library/PackageCache/com.unity.modules.director:+/Users/tuantu/Desktop/dev/AI/mobile/game_df/LaMuralla/Library/PackageCache/com.unity.modules.imageconversion:+/Users/tuantu/Desktop/dev/AI/mobile/game_df/LaMuralla/Library/PackageCache/com.unity.modules.imgui:+/Users/tuantu/Desktop/dev/AI/mobile/game_df/LaMuralla/Library/PackageCache/com.unity.modules.jsonserialize:+/Users/tuantu/Desktop/dev/AI/mobile/game_df/LaMuralla/Library/PackageCache/com.unity.modules.particlesystem:+/Users/tuantu/Desktop/dev/AI/mobile/game_df/LaMuralla/Library/PackageCache/com.unity.modules.physics2d:+/Users/tuantu/Desktop/dev/AI/mobile/game_df/LaMuralla/Library/PackageCache/com.unity.modules.physicscore2d:+/Users/tuantu/Desktop/dev/AI/mobile/game_df/LaMuralla/Library/PackageCache/com.unity.modules.screencapture:+/Users/tuantu/Desktop/dev/AI/mobile/game_df/LaMuralla/Library/PackageCache/com.unity.modules.ui:+/Users/tuantu/Desktop/dev/AI/mobile/game_df/LaMuralla/Library/PackageCache/com.unity.modules.uielements:+/Users/tuantu/Desktop/dev/AI/mobile/game_df/LaMuralla/Library/PackageCache/com.unity.modules.unitywebrequest:+/Users/tuantu/Desktop/dev/AI/mobile/game_df/LaMuralla/Library/PackageCache/com.unity.modules.hierarchycore:+/Users/tuantu/Desktop/dev/AI/mobile/game_df/LaMuralla/Library/PackageCache/com.unity.modules.physics:+/Users/tuantu/Desktop/dev/AI/mobile/game_df/LaMuralla/Library/PackageCache/com.unity.ext.nunit@44f7d31723bd:+/Users/tuantu/Desktop/dev/AI/mobile/game_df/LaMuralla/Library/PackageCache/com.unity.render-pipelines.core@539ef1c759fb:+/Users/tuantu/Desktop/dev/AI/mobile/game_df/LaMuralla/Library/PackageCache/com.unity.shadergraph@636559dc59a3:+/Users/tuantu/Desktop/dev/AI/mobile/game_df/LaMuralla/Library/PackageCache/com.unity.render-pipelines.universal-config@fdda01c80fe3:+/Users/tuantu/Desktop/dev/AI/mobile/game_df/LaMuralla/Library/PackageCache/com.google.external-dependency-manager@f5312a5700af:+/Users/tuantu/Desktop/dev/AI/mobile/game_df/LaMuralla/Library/PackageCache/com.unity.modules.androidjni:+/Users/tuantu/Desktop/dev/AI/mobile/game_df/LaMuralla/Library/PackageCache/com.unity.searcher@d45a78918735:+/Users/tuantu/Desktop/dev/AI/mobile/game_df/LaMuralla/Library/PackageCache/com.unity.burst@6bb9aca3ef38:+/Users/tuantu/Desktop/dev/AI/mobile/game_df/LaMuralla/Library/PackageCache/com.unity.collections@a43cabe808ca:+/Users/tuantu/Desktop/dev/AI/mobile/game_df/LaMuralla/Library/PackageCache/com.unity.modules.terrain:+/Users/tuantu/Desktop/dev/AI/mobile/game_df/LaMuralla/Library/PackageCache/com.unity.nuget.mono-cecil@ecb9724e46ff:+/Users/tuantu/Desktop/dev/AI/mobile/game_df/LaMuralla/Library/PackageCache/com.unity.test-framework.performance@8b56083ec0f0:+/Users/tuantu/Desktop/dev/AI/mobile/game_df/LaMuralla/Library/PackageCache/com.unity.mathematics@981956d94fb6:Library/ScriptAssemblies:+/Applications/Unity/Hub/Editor/6000.5.4f1/Unity.app/Contents/Resources/Scripting/Managed" "/Applications/Unity/Hub/Editor/6000.5.4f1/Unity.app/Contents/Resources/Scripting/Managed/UnityEditor.dll" "/Applications/Unity/Hub/Editor/6000.5.4f1/Unity.app/Contents/Resources/Scripting/Managed/UnityEngine.dll"
[API Updater] Assemblies not requiring updates:
[API Updater] Packages/com.google.ads.mobile/GoogleMobileAds/GoogleMobileAds.Core.dll
[API Updater] Packages/com.google.ads.mobile/GoogleMobileAds/GoogleMobileAds.Ump.Android.dll
[API Updater] Packages/com.google.external-dependency-manager/ExternalDependencyManager/Editor/1.2.187/Google.VersionHandlerImpl.dll
[API Updater] Packages/com.google.ads.mobile/GoogleMobileAds/GoogleMobileAds.Common.dll
[API Updater] Packages/com.google.external-dependency-manager/ExternalDependencyManager/Editor/1.2.187/Google.JarResolver.dll
[API Updater] Packages/com.google.external-dependency-manager/ExternalDependencyManager/Editor/1.2.187/Google.IOSResolver.dll
[API Updater] Packages/com.google.ads.mobile/GoogleMobileAds/GoogleMobileAds.iOS.dll
[API Updater] Packages/com.google.ads.mobile/GoogleMobileAds/GoogleMobileAds.Unity.dll
[API Updater] Packages/com.google.ads.mobile/GoogleMobileAds/GoogleMobileAds.Android.dll
[API Updater] Packages/com.google.ads.mobile/GoogleMobileAds/GoogleMobileAds.dll
[API Updater] Packages/com.google.ads.mobile/GoogleMobileAds/GoogleMobileAds.Ump.dll
[API Updater] Packages/com.google.ads.mobile/GoogleMobileAds/GoogleMobileAds.Ump.iOS.dll
[API Updater] Packages/com.google.ads.mobile/GoogleMobileAds/GoogleMobileAds.Ump.Unity.dll
[API Updater] Packages/com.google.external-dependency-manager/ExternalDependencyManager/Editor/Google.VersionHandler.dll
[API Updater] Packages/com.google.external-dependency-manager/ExternalDependencyManager/Editor/1.2.187/Google.PackageManagerResolver.dll
[API Updater] Update finished with success in 3662 ms (0/15 assembly(ies) updated).
Assembly Updater Post Process Assets time: 6.576813s
[ScriptCompilation] Requested script compilation because: Assembly Definition File(s) changed
[ScriptCompilation] Requested script compilation because: AssetDatabase observed changes in script compilation related files
info: Microsoft.Hosting.Lifetime[14]
      Now listening on: http://unix:/tmp/ilpp.sock-98c753a53bcdc717560c8df2da6dc7cd
info: Microsoft.Hosting.Lifetime[0]
      Application started. Press Ctrl+C to shut down.
info: Microsoft.Hosting.Lifetime[0]
      Hosting environment: Production
info: Microsoft.Hosting.Lifetime[0]
      Content root path: /Users/tuantu/Desktop/dev/AI/mobile/game_df/LaMuralla
info: Microsoft.AspNetCore.Hosting.Diagnostics[1]
      Request starting HTTP/2 POST http://ilpp/UnityILPP.PostProcessing/Ping - application/grpc -
info: Microsoft.AspNetCore.Routing.EndpointMiddleware[0]
      Executing endpoint 'gRPC - /UnityILPP.PostProcessing/Ping'
info: Microsoft.AspNetCore.Routing.EndpointMiddleware[1]
      Executed endpoint 'gRPC - /UnityILPP.PostProcessing/Ping'
info: Microsoft.AspNetCore.Hosting.Diagnostics[2]
      Request finished HTTP/2 POST http://ilpp/UnityILPP.PostProcessing/Ping - 200 - application/grpc 19.7419ms
Starting: /Applications/Unity/Hub/Editor/6000.5.4f1/Unity.app/Contents/Resources/BuildPipeline/bee_backend --ipc --defer-dag-verification --dagfile="Library/Bee/900b0aE.dag" --continue-on-failure --profile="Library/Bee/backend1.traceevents" ScriptAssemblies
WorkingDir: /Users/tuantu/Desktop/dev/AI/mobile/game_df/LaMuralla
DisplayProgressbar: Compiling Scripts
ExitCode: 4 Duration: 1s558ms
Rebuilding DAG because FileSignature timestamp changed: Library/Bee/900b0aE-inputdata.json
*** Tundra requires additional run (1.55 seconds), 1 items updated, 334 evaluated
Starting: /Applications/Unity/Hub/Editor/6000.5.4f1/Unity.app/Contents/Resources/Scripting/netcorerun/netcorerun "/Applications/Unity/Hub/Editor/6000.5.4f1/Unity.app/Contents/Resources/BuildPipeline/ScriptCompilationBuildProgram.exe" "Library/Bee/900b0aE.dag.json" "Library/Bee/900b0aE-inputdata.json" "Library/Bee/buildprogram0.traceevents"
WorkingDir: /Users/tuantu/Desktop/dev/AI/mobile/game_df/LaMuralla
ExitCode: 0 Duration: 0s794ms
Starting: /Applications/Unity/Hub/Editor/6000.5.4f1/Unity.app/Contents/Resources/BuildPipeline/bee_backend --ipc --defer-dag-verification --dagfile="Library/Bee/900b0aE.dag" --continue-on-failure --dagfilejson="Library/Bee/900b0aE.dag.json" --profile="Library/Bee/backend2.traceevents" ScriptAssemblies
WorkingDir: /Users/tuantu/Desktop/dev/AI/mobile/game_df/LaMuralla
info: Microsoft.AspNetCore.Hosting.Diagnostics[1]
      Request starting HTTP/2 POST http://ilpp/UnityILPP.PostProcessing/ConfigurePostProcessors - application/grpc -
info: Microsoft.AspNetCore.Routing.EndpointMiddleware[0]
      Executing endpoint 'gRPC - /UnityILPP.PostProcessing/ConfigurePostProcessors'
warn: Unity.ILPP.Runner.PostProcessingAssemblyLoadContext[0]
      Assembly unityeditor.ios.extensions.xcode has duplicate hint path. Ignoring "/Applications/Unity/Hub/Editor/6000.5.4f1/PlaybackEngines/iOSSupport/UnityEditor.iOS.Extensions.Xcode.dll" in favor of "/Applications/Unity/Hub/Editor/6000.5.4f1/PlaybackEngines/MacStandaloneSupport/UnityEditor.iOS.Extensions.Xcode.dll"
warn: Unity.ILPP.Runner.PostProcessingAssemblyLoadContext[0]
      Assembly system.runtime.interopservices.windowsruntime has duplicate hint path. Ignoring "/Applications/Unity/Hub/Editor/6000.5.4f1/Unity.app/Contents/Resources/Scripting/UnityReferenceAssemblies/unity-4.8-api/Facades/System.Runtime.InteropServices.WindowsRuntime.dll" in favor of "/Applications/Unity/Hub/Editor/6000.5.4f1/Unity.app/Contents/Resources/Scripting/NetStandard/Extensions/2.0.0/System.Runtime.InteropServices.WindowsRuntime.dll"
warn: Unity.ILPP.Runner.PostProcessingAssemblyLoadContext[0]
      Assembly system.componentmodel.composition has duplicate hint path. Ignoring "/Applications/Unity/Hub/Editor/6000.5.4f1/Unity.app/Contents/Resources/Scripting/UnityReferenceAssemblies/unity-4.8-api/System.ComponentModel.Composition.dll" in favor of "/Applications/Unity/Hub/Editor/6000.5.4f1/Unity.app/Contents/Resources/Scripting/NetStandard/compat/2.1.0/shims/netfx/System.ComponentModel.Composition.dll"
info: Unity.ILPP.Runner.PostProcessingAssemblyLoadContext[0]
      Resolved Unity.Burst.Cecil, Version=0.11.6.0, Culture=neutral, PublicKeyToken=50cebf1cceb9d05e with Library/PackageCache/com.unity.burst@6bb9aca3ef38/Unity.Burst.CodeGen/Unity.Burst.Cecil.dll
info: Unity.ILPP.Runner.PostProcessingAssemblyLoadContext[0]
      Resolved Mono.Cecil, Version=0.11.5.0, Culture=neutral, PublicKeyToken=50cebf1cceb9d05e with Library/PackageCache/com.unity.nuget.mono-cecil@ecb9724e46ff/Mono.Cecil.dll
info: Microsoft.AspNetCore.Routing.EndpointMiddleware[1]
      Executed endpoint 'gRPC - /UnityILPP.PostProcessing/ConfigurePostProcessors'
info: Microsoft.AspNetCore.Hosting.Diagnostics[2]
      Request finished HTTP/2 POST http://ilpp/UnityILPP.PostProcessing/ConfigurePostProcessors - 200 - application/grpc 41.2584ms
info: Microsoft.AspNetCore.Hosting.Diagnostics[1]
      Request starting HTTP/2 POST http://ilpp/UnityILPP.PostProcessing/PostProcessAssembly - application/grpc -
info: Microsoft.AspNetCore.Routing.EndpointMiddleware[0]
      Executing endpoint 'gRPC - /UnityILPP.PostProcessing/PostProcessAssembly'
info: Microsoft.AspNetCore.Hosting.Diagnostics[1]
      Request starting HTTP/2 POST http://ilpp/UnityILPP.PostProcessing/PostProcessAssembly - application/grpc -
info: Microsoft.AspNetCore.Routing.EndpointMiddleware[0]
      Executing endpoint 'gRPC - /UnityILPP.PostProcessing/PostProcessAssembly'
info: Unity.ILPP.Runner.PostProcessingPipeline[0]
      Processing assembly Library/Bee/artifacts/900b0aE.dag/Unity.Collections.dll, with 146 defines and 280 references
info: Unity.ILPP.Runner.PostProcessingPipeline[0]
      Processing assembly Library/Bee/artifacts/900b0aE.dag/Unity.RenderPipelines.ShaderGraph.ShaderGraphLibrary.dll, with 144 defines and 278 references
info: Unity.ILPP.Runner.PostProcessingPipeline[0]
      processors: Unity.Jobs.CodeGen.JobsILPostProcessor, zzzUnity.Burst.CodeGen.BurstILPostProcessor
info: Unity.ILPP.Runner.PostProcessingPipeline[0]
      processors: Unity.Jobs.CodeGen.JobsILPostProcessor, zzzUnity.Burst.CodeGen.BurstILPostProcessor
info: Unity.ILPP.Runner.PostProcessingPipeline[0]
      running Unity.Jobs.CodeGen.JobsILPostProcessor
info: Unity.ILPP.Runner.PostProcessingPipeline[0]
      running zzzUnity.Burst.CodeGen.BurstILPostProcessor
info: Unity.ILPP.Runner.PostProcessingPipeline[0]
      running Unity.Jobs.CodeGen.JobsILPostProcessor
info: Unity.ILPP.Runner.PostProcessingAssemblyLoadContext[0]
      Resolved Unity.Collections, Version=0.0.0.0, Culture=neutral, PublicKeyToken=null with Library/Bee/artifacts/900b0aE.dag/Unity.Collections.dll
info: Microsoft.AspNetCore.Routing.EndpointMiddleware[1]
      Executed endpoint 'gRPC - /UnityILPP.PostProcessing/PostProcessAssembly'
info: Microsoft.AspNetCore.Hosting.Diagnostics[2]
      Request finished HTTP/2 POST http://ilpp/UnityILPP.PostProcessing/PostProcessAssembly - 200 - application/grpc 23.7147ms
info: Microsoft.AspNetCore.Hosting.Diagnostics[1]
      Request starting HTTP/2 POST http://ilpp/UnityILPP.PostProcessing/PostProcessAssembly - application/grpc -
info: Microsoft.AspNetCore.Routing.EndpointMiddleware[0]
      Executing endpoint 'gRPC - /UnityILPP.PostProcessing/PostProcessAssembly'
info: Unity.ILPP.Runner.PostProcessingPipeline[0]
      Processing assembly Library/Bee/artifacts/900b0aE.dag/UnityEngine.UI.dll, with 149 defines and 276 references
info: Unity.ILPP.Runner.PostProcessingPipeline[0]
      processors: Unity.Jobs.CodeGen.JobsILPostProcessor, zzzUnity.Burst.CodeGen.BurstILPostProcessor
info: Unity.ILPP.Runner.PostProcessingPipeline[0]
      running Unity.Jobs.CodeGen.JobsILPostProcessor
info: Unity.ILPP.Runner.PostProcessingPipeline[0]
      running zzzUnity.Burst.CodeGen.BurstILPostProcessor
info: Microsoft.AspNetCore.Hosting.Diagnostics[1]
      Request starting HTTP/2 POST http://ilpp/UnityILPP.PostProcessing/PostProcessAssembly - application/grpc -
info: Microsoft.AspNetCore.Routing.EndpointMiddleware[0]
      Executing endpoint 'gRPC - /UnityILPP.PostProcessing/PostProcessAssembly'
info: Microsoft.AspNetCore.Hosting.Diagnostics[1]
      Request starting HTTP/2 POST http://ilpp/UnityILPP.PostProcessing/PostProcessAssembly - application/grpc -
info: Microsoft.AspNetCore.Routing.EndpointMiddleware[0]
      Executing endpoint 'gRPC - /UnityILPP.PostProcessing/PostProcessAssembly'
info: Microsoft.AspNetCore.Routing.EndpointMiddleware[1]
      Executed endpoint 'gRPC - /UnityILPP.PostProcessing/PostProcessAssembly'
info: Microsoft.AspNetCore.Hosting.Diagnostics[2]
      Request finished HTTP/2 POST http://ilpp/UnityILPP.PostProcessing/PostProcessAssembly - 200 - application/grpc 22.2328ms
info: Microsoft.AspNetCore.Hosting.Diagnostics[1]
      Request starting HTTP/2 POST http://ilpp/UnityILPP.PostProcessing/PostProcessAssembly - application/grpc -
info: Microsoft.AspNetCore.Routing.EndpointMiddleware[0]
      Executing endpoint 'gRPC - /UnityILPP.PostProcessing/PostProcessAssembly'
info: Microsoft.AspNetCore.Hosting.Diagnostics[1]
      Request starting HTTP/2 POST http://ilpp/UnityILPP.PostProcessing/PostProcessAssembly - application/grpc -
info: Microsoft.AspNetCore.Routing.EndpointMiddleware[0]
      Executing endpoint 'gRPC - /UnityILPP.PostProcessing/PostProcessAssembly'
info: Unity.ILPP.Runner.PostProcessingPipeline[0]
      Processing assembly Library/Bee/artifacts/900b0aE.dag/Unity.Burst.dll, with 144 defines and 265 references
info: Unity.ILPP.Runner.PostProcessingPipeline[0]
      processors: Unity.Jobs.CodeGen.JobsILPostProcessor, zzzUnity.Burst.CodeGen.BurstILPostProcessor
info: Unity.ILPP.Runner.PostProcessingPipeline[0]
      Processing assembly Library/Bee/artifacts/900b0aE.dag/Unity.Mathematics.dll, with 144 defines and 278 references
info: Unity.ILPP.Runner.PostProcessingPipeline[0]
      processors: Unity.Jobs.CodeGen.JobsILPostProcessor, zzzUnity.Burst.CodeGen.BurstILPostProcessor
info: Unity.ILPP.Runner.PostProcessingPipeline[0]
      running Unity.Jobs.CodeGen.JobsILPostProcessor
info: Unity.ILPP.Runner.PostProcessingPipeline[0]
      running zzzUnity.Burst.CodeGen.BurstILPostProcessor
info: Unity.ILPP.Runner.PostProcessingPipeline[0]
      running Unity.Jobs.CodeGen.JobsILPostProcessor
info: Unity.ILPP.Runner.PostProcessingPipeline[0]
      running zzzUnity.Burst.CodeGen.BurstILPostProcessor
info: Microsoft.AspNetCore.Routing.EndpointMiddleware[1]
      Executed endpoint 'gRPC - /UnityILPP.PostProcessing/PostProcessAssembly'
info: Microsoft.AspNetCore.Hosting.Diagnostics[2]
      Request finished HTTP/2 POST http://ilpp/UnityILPP.PostProcessing/PostProcessAssembly - 200 - application/grpc 26.3289ms
info: Unity.ILPP.Runner.PostProcessingPipeline[0]
      Processing assembly Library/Bee/artifacts/900b0aE.dag/Unity.PerformanceTesting.dll, with 145 defines and 263 references
info: Unity.ILPP.Runner.PostProcessingPipeline[0]
      processors: Unity.Jobs.CodeGen.JobsILPostProcessor, zzzUnity.Burst.CodeGen.BurstILPostProcessor
info: Unity.ILPP.Runner.PostProcessingPipeline[0]
      running Unity.Jobs.CodeGen.JobsILPostProcessor
info: Unity.ILPP.Runner.PostProcessingPipeline[0]
      running zzzUnity.Burst.CodeGen.BurstILPostProcessor
info: Microsoft.AspNetCore.Routing.EndpointMiddleware[1]
      Executed endpoint 'gRPC - /UnityILPP.PostProcessing/PostProcessAssembly'
info: Microsoft.AspNetCore.Hosting.Diagnostics[2]
      Request finished HTTP/2 POST http://ilpp/UnityILPP.PostProcessing/PostProcessAssembly - 200 - application/grpc 13.4218ms
info: Unity.ILPP.Runner.PostProcessingPipeline[0]
      Processing assembly Library/Bee/artifacts/900b0aE.dag/Unity.RenderPipelines.Universal.Shaders.dll, with 144 defines and 278 references
info: Unity.ILPP.Runner.PostProcessingPipeline[0]
      processors: Unity.Jobs.CodeGen.JobsILPostProcessor, zzzUnity.Burst.CodeGen.BurstILPostProcessor
info: Unity.ILPP.Runner.PostProcessingPipeline[0]
      running Unity.Jobs.CodeGen.JobsILPostProcessor
info: Unity.ILPP.Runner.PostProcessingPipeline[0]
      running zzzUnity.Burst.CodeGen.BurstILPostProcessor
info: Microsoft.AspNetCore.Routing.EndpointMiddleware[1]
      Executed endpoint 'gRPC - /UnityILPP.PostProcessing/PostProcessAssembly'
info: Microsoft.AspNetCore.Hosting.Diagnostics[2]
      Request finished HTTP/2 POST http://ilpp/UnityILPP.PostProcessing/PostProcessAssembly - 200 - application/grpc 20.1284ms
info: Microsoft.AspNetCore.Hosting.Diagnostics[1]
      Request starting HTTP/2 POST http://ilpp/UnityILPP.PostProcessing/PostProcessAssembly - application/grpc -
info: Microsoft.AspNetCore.Routing.EndpointMiddleware[0]
      Executing endpoint 'gRPC - /UnityILPP.PostProcessing/PostProcessAssembly'
info: Unity.ILPP.Runner.PostProcessingPipeline[0]
      Processing assembly Library/Bee/artifacts/900b0aE.dag/Unity.InputSystem.dll, with 154 defines and 278 references
info: Unity.ILPP.Runner.PostProcessingPipeline[0]
      processors: Unity.Jobs.CodeGen.JobsILPostProcessor, zzzUnity.Burst.CodeGen.BurstILPostProcessor
info: Unity.ILPP.Runner.PostProcessingPipeline[0]
      running Unity.Jobs.CodeGen.JobsILPostProcessor
info: Unity.ILPP.Runner.PostProcessingPipeline[0]
      running zzzUnity.Burst.CodeGen.BurstILPostProcessor
info: Microsoft.AspNetCore.Routing.EndpointMiddleware[1]
      Executed endpoint 'gRPC - /UnityILPP.PostProcessing/PostProcessAssembly'
info: Microsoft.AspNetCore.Hosting.Diagnostics[2]
      Request finished HTTP/2 POST http://ilpp/UnityILPP.PostProcessing/PostProcessAssembly - 200 - application/grpc 7.1039ms
info: Unity.ILPP.Runner.PostProcessingAssemblyLoadContext[0]
      Resolved UnityEditor.CoreModule, Version=0.0.0.0, Culture=neutral, PublicKeyToken=null with /Applications/Unity/Hub/Editor/6000.5.4f1/Unity.app/Contents/Resources/Scripting/Managed/UnityEngine/UnityEditor.CoreModule.dll
info: Unity.ILPP.Runner.PostProcessingAssemblyLoadContext[0]
      Resolved UnityEngine.CoreModule, Version=0.0.0.0, Culture=neutral, PublicKeyToken=null with /Applications/Unity/Hub/Editor/6000.5.4f1/Unity.app/Contents/Resources/Scripting/Managed/UnityEngine/UnityEngine.CoreModule.dll
info: Unity.ILPP.Runner.PostProcessingAssemblyLoadContext[0]
      Resolved Unity.Scripting, Version=0.0.0.0, Culture=neutral, PublicKeyToken=null with /Applications/Unity/Hub/Editor/6000.5.4f1/Unity.app/Contents/Resources/Scripting/Managed/UnityEngine/Unity.Scripting.dll
info: Unity.ILPP.Runner.PostProcessingAssemblyLoadContext[0]
      Resolved Mono.Cecil.Rocks, Version=0.11.5.0, Culture=neutral, PublicKeyToken=50cebf1cceb9d05e with Library/PackageCache/com.unity.nuget.mono-cecil@ecb9724e46ff/Mono.Cecil.Rocks.dll
info: Unity.ILPP.Runner.PostProcessingAssemblyLoadContext[0]
      Resolved Unity.Burst.Cecil.Rocks, Version=0.11.6.0, Culture=neutral, PublicKeyToken=50cebf1cceb9d05e with Library/PackageCache/com.unity.burst@6bb9aca3ef38/Unity.Burst.CodeGen/Unity.Burst.Cecil.Rocks.dll
info: Microsoft.AspNetCore.Hosting.Diagnostics[1]
      Request starting HTTP/2 POST http://ilpp/UnityILPP.PostProcessing/PostProcessAssembly - application/grpc -
info: Microsoft.AspNetCore.Routing.EndpointMiddleware[0]
      Executing endpoint 'gRPC - /UnityILPP.PostProcessing/PostProcessAssembly'
info: Microsoft.AspNetCore.Hosting.Diagnostics[1]
      Request starting HTTP/2 POST http://ilpp/UnityILPP.PostProcessing/PostProcessAssembly - application/grpc -
info: Microsoft.AspNetCore.Routing.EndpointMiddleware[0]
      Executing endpoint 'gRPC - /UnityILPP.PostProcessing/PostProcessAssembly'
info: Microsoft.AspNetCore.Hosting.Diagnostics[1]
      Request starting HTTP/2 POST http://ilpp/UnityILPP.PostProcessing/PostProcessAssembly - application/grpc -
info: Microsoft.AspNetCore.Routing.EndpointMiddleware[0]
      Executing endpoint 'gRPC - /UnityILPP.PostProcessing/PostProcessAssembly'
info: Microsoft.AspNetCore.Hosting.Diagnostics[1]
      Request starting HTTP/2 POST http://ilpp/UnityILPP.PostProcessing/PostProcessAssembly - application/grpc -
info: Microsoft.AspNetCore.Routing.EndpointMiddleware[0]
      Executing endpoint 'gRPC - /UnityILPP.PostProcessing/PostProcessAssembly'
info: Unity.ILPP.Runner.PostProcessingPipeline[0]
      Processing assembly Library/Bee/artifacts/900b0aE.dag/LaMuralla.Core.dll, with 144 defines and 150 references
info: Unity.ILPP.Runner.PostProcessingPipeline[0]
      processors: Unity.Jobs.CodeGen.JobsILPostProcessor, zzzUnity.Burst.CodeGen.BurstILPostProcessor
info: Unity.ILPP.Runner.PostProcessingPipeline[0]
      running Unity.Jobs.CodeGen.JobsILPostProcessor
info: Unity.ILPP.Runner.PostProcessingPipeline[0]
      running zzzUnity.Burst.CodeGen.BurstILPostProcessor
info: Microsoft.AspNetCore.Routing.EndpointMiddleware[1]
      Executed endpoint 'gRPC - /UnityILPP.PostProcessing/PostProcessAssembly'
info: Microsoft.AspNetCore.Hosting.Diagnostics[2]
      Request finished HTTP/2 POST http://ilpp/UnityILPP.PostProcessing/PostProcessAssembly - 200 - application/grpc 51.8933ms
info: Microsoft.AspNetCore.Hosting.Diagnostics[1]
      Request starting HTTP/2 POST http://ilpp/UnityILPP.PostProcessing/PostProcessAssembly - application/grpc -
info: Microsoft.AspNetCore.Routing.EndpointMiddleware[0]
      Executing endpoint 'gRPC - /UnityILPP.PostProcessing/PostProcessAssembly'
info: Unity.ILPP.Runner.PostProcessingPipeline[0]
      Processing assembly Library/Bee/artifacts/900b0aE.dag/Unity.UnifiedRayTracing.Runtime.dll, with 144 defines and 281 references
info: Unity.ILPP.Runner.PostProcessingPipeline[0]
      processors: Unity.Jobs.CodeGen.JobsILPostProcessor, zzzUnity.Burst.CodeGen.BurstILPostProcessor
info: Unity.ILPP.Runner.PostProcessingPipeline[0]
      running Unity.Jobs.CodeGen.JobsILPostProcessor
info: Microsoft.AspNetCore.Hosting.Diagnostics[1]
      Request starting HTTP/2 POST http://ilpp/UnityILPP.PostProcessing/PostProcessAssembly - application/grpc -
info: Microsoft.AspNetCore.Routing.EndpointMiddleware[0]
      Executing endpoint 'gRPC - /UnityILPP.PostProcessing/PostProcessAssembly'
info: Unity.ILPP.Runner.PostProcessingPipeline[0]
      Processing assembly Library/Bee/artifacts/900b0aE.dag/LaMuralla.Unity.dll, with 144 defines and 280 references
info: Unity.ILPP.Runner.PostProcessingPipeline[0]
      processors: Unity.Jobs.CodeGen.JobsILPostProcessor, zzzUnity.Burst.CodeGen.BurstILPostProcessor
info: Unity.ILPP.Runner.PostProcessingPipeline[0]
      running Unity.Jobs.CodeGen.JobsILPostProcessor
info: Unity.ILPP.Runner.PostProcessingPipeline[0]
      running zzzUnity.Burst.CodeGen.BurstILPostProcessor
info: Microsoft.AspNetCore.Routing.EndpointMiddleware[1]
      Executed endpoint 'gRPC - /UnityILPP.PostProcessing/PostProcessAssembly'
info: Microsoft.AspNetCore.Hosting.Diagnostics[2]
      Request finished HTTP/2 POST http://ilpp/UnityILPP.PostProcessing/PostProcessAssembly - 200 - application/grpc 89.3969ms
info: Unity.ILPP.Runner.PostProcessingPipeline[0]
      Processing assembly Library/Bee/artifacts/900b0aE.dag/Unity.InternalAPIEngineBridge.004.dll, with 144 defines and 278 references
info: Unity.ILPP.Runner.PostProcessingPipeline[0]
      processors: Unity.Jobs.CodeGen.JobsILPostProcessor, zzzUnity.Burst.CodeGen.BurstILPostProcessor
info: Unity.ILPP.Runner.PostProcessingPipeline[0]
      running Unity.Jobs.CodeGen.JobsILPostProcessor
info: Unity.ILPP.Runner.PostProcessingPipeline[0]
      running zzzUnity.Burst.CodeGen.BurstILPostProcessor
info: Microsoft.AspNetCore.Routing.EndpointMiddleware[1]
      Executed endpoint 'gRPC - /UnityILPP.PostProcessing/PostProcessAssembly'
info: Microsoft.AspNetCore.Hosting.Diagnostics[2]
      Request finished HTTP/2 POST http://ilpp/UnityILPP.PostProcessing/PostProcessAssembly - 200 - application/grpc 55.5930ms
info: Unity.ILPP.Runner.PostProcessingPipeline[0]
      Processing assembly Library/Bee/artifacts/900b0aE.dag/Unity.RenderPipelines.Core.ShaderLibrary.dll, with 144 defines and 278 references
info: Unity.ILPP.Runner.PostProcessingPipeline[0]
      processors: Unity.Jobs.CodeGen.JobsILPostProcessor, zzzUnity.Burst.CodeGen.BurstILPostProcessor
info: Unity.ILPP.Runner.PostProcessingPipeline[0]
      running Unity.Jobs.CodeGen.JobsILPostProcessor
info: Unity.ILPP.Runner.PostProcessingPipeline[0]
      running zzzUnity.Burst.CodeGen.BurstILPostProcessor
info: Microsoft.AspNetCore.Routing.EndpointMiddleware[1]
      Executed endpoint 'gRPC - /UnityILPP.PostProcessing/PostProcessAssembly'
info: Microsoft.AspNetCore.Hosting.Diagnostics[2]
      Request finished HTTP/2 POST http://ilpp/UnityILPP.PostProcessing/PostProcessAssembly - 200 - application/grpc 35.8252ms
info: Unity.ILPP.Runner.PostProcessingPipeline[0]
      Processing assembly Library/Bee/artifacts/900b0aE.dag/Unity.InputSystem.TestFramework.dll, with 145 defines and 265 references
info: Unity.ILPP.Runner.PostProcessingPipeline[0]
      processors: Unity.Jobs.CodeGen.JobsILPostProcessor, zzzUnity.Burst.CodeGen.BurstILPostProcessor
info: Unity.ILPP.Runner.PostProcessingPipeline[0]
      running Unity.Jobs.CodeGen.JobsILPostProcessor
info: Unity.ILPP.Runner.PostProcessingPipeline[0]
      running zzzUnity.Burst.CodeGen.BurstILPostProcessor
info: Microsoft.AspNetCore.Routing.EndpointMiddleware[1]
      Executed endpoint 'gRPC - /UnityILPP.PostProcessing/PostProcessAssembly'
info: Microsoft.AspNetCore.Hosting.Diagnostics[2]
      Request finished HTTP/2 POST http://ilpp/UnityILPP.PostProcessing/PostProcessAssembly - 200 - application/grpc 48.3303ms
info: Microsoft.AspNetCore.Hosting.Diagnostics[1]
      Request starting HTTP/2 POST http://ilpp/UnityILPP.PostProcessing/PostProcessAssembly - application/grpc -
info: Microsoft.AspNetCore.Routing.EndpointMiddleware[0]
      Executing endpoint 'gRPC - /UnityILPP.PostProcessing/PostProcessAssembly'
info: Unity.ILPP.Runner.PostProcessingPipeline[0]
      Processing assembly Library/Bee/artifacts/900b0aE.dag/Unity.TextMeshPro.dll, with 145 defines and 279 references
info: Unity.ILPP.Runner.PostProcessingPipeline[0]
      processors: Unity.Jobs.CodeGen.JobsILPostProcessor, zzzUnity.Burst.CodeGen.BurstILPostProcessor
info: Unity.ILPP.Runner.PostProcessingPipeline[0]
      running Unity.Jobs.CodeGen.JobsILPostProcessor
info: Unity.ILPP.Runner.PostProcessingPipeline[0]
      running zzzUnity.Burst.CodeGen.BurstILPostProcessor
info: Microsoft.AspNetCore.Hosting.Diagnostics[1]
      Request starting HTTP/2 POST http://ilpp/UnityILPP.PostProcessing/PostProcessAssembly - application/grpc -
info: Microsoft.AspNetCore.Routing.EndpointMiddleware[1]
      Executed endpoint 'gRPC - /UnityILPP.PostProcessing/PostProcessAssembly'
info: Microsoft.AspNetCore.Routing.EndpointMiddleware[0]
      Executing endpoint 'gRPC - /UnityILPP.PostProcessing/PostProcessAssembly'
info: Microsoft.AspNetCore.Hosting.Diagnostics[2]
      Request finished HTTP/2 POST http://ilpp/UnityILPP.PostProcessing/PostProcessAssembly - 200 - application/grpc 1.9456ms
info: Unity.ILPP.Runner.PostProcessingPipeline[0]
      Processing assembly Library/Bee/artifacts/900b0aE.dag/Unity.InternalAPIEngineBridge.RenderPipelines.Core.Runtime.Shared.dll, with 144 defines and 278 references
info: Unity.ILPP.Runner.PostProcessingPipeline[0]
      processors: Unity.Jobs.CodeGen.JobsILPostProcessor, zzzUnity.Burst.CodeGen.BurstILPostProcessor
info: Unity.ILPP.Runner.PostProcessingPipeline[0]
      running Unity.Jobs.CodeGen.JobsILPostProcessor
info: Unity.ILPP.Runner.PostProcessingPipeline[0]
      running zzzUnity.Burst.CodeGen.BurstILPostProcessor
info: Microsoft.AspNetCore.Routing.EndpointMiddleware[1]
      Executed endpoint 'gRPC - /UnityILPP.PostProcessing/PostProcessAssembly'
info: Microsoft.AspNetCore.Hosting.Diagnostics[2]
      Request finished HTTP/2 POST http://ilpp/UnityILPP.PostProcessing/PostProcessAssembly - 200 - application/grpc 37.9671ms
info: Unity.ILPP.Runner.PostProcessingPipeline[0]
      running zzzUnity.Burst.CodeGen.BurstILPostProcessor
info: Microsoft.AspNetCore.Hosting.Diagnostics[1]
      Request starting HTTP/2 POST http://ilpp/UnityILPP.PostProcessing/PostProcessAssembly - application/grpc -
info: Microsoft.AspNetCore.Routing.EndpointMiddleware[0]
      Executing endpoint 'gRPC - /UnityILPP.PostProcessing/PostProcessAssembly'
info: Unity.ILPP.Runner.PostProcessingPipeline[0]
      running zzzUnity.Burst.CodeGen.BurstILPostProcessor
info: Microsoft.AspNetCore.Routing.EndpointMiddleware[1]
      Executed endpoint 'gRPC - /UnityILPP.PostProcessing/PostProcessAssembly'
info: Microsoft.AspNetCore.Hosting.Diagnostics[2]
      Request finished HTTP/2 POST http://ilpp/UnityILPP.PostProcessing/PostProcessAssembly - 200 - application/grpc 325.6676ms
info: Unity.ILPP.Runner.PostProcessingPipeline[0]
      Processing assembly Library/Bee/artifacts/900b0aE.dag/Unity.InputSystem.ForUI.dll, with 144 defines and 279 references
info: Unity.ILPP.Runner.PostProcessingPipeline[0]
      processors: Unity.Jobs.CodeGen.JobsILPostProcessor, zzzUnity.Burst.CodeGen.BurstILPostProcessor
info: Unity.ILPP.Runner.PostProcessingPipeline[0]
      running Unity.Jobs.CodeGen.JobsILPostProcessor
info: Unity.ILPP.Runner.PostProcessingPipeline[0]
      running zzzUnity.Burst.CodeGen.BurstILPostProcessor
info: Microsoft.AspNetCore.Routing.EndpointMiddleware[1]
      Executed endpoint 'gRPC - /UnityILPP.PostProcessing/PostProcessAssembly'
info: Microsoft.AspNetCore.Hosting.Diagnostics[2]
      Request finished HTTP/2 POST http://ilpp/UnityILPP.PostProcessing/PostProcessAssembly - 200 - application/grpc 42.2030ms
info: Microsoft.AspNetCore.Hosting.Diagnostics[1]
      Request starting HTTP/2 POST http://ilpp/UnityILPP.PostProcessing/PostProcessAssembly - application/grpc -
info: Microsoft.AspNetCore.Routing.EndpointMiddleware[0]
      Executing endpoint 'gRPC - /UnityILPP.PostProcessing/PostProcessAssembly'
info: Microsoft.AspNetCore.Hosting.Diagnostics[1]
      Request starting HTTP/2 POST http://ilpp/UnityILPP.PostProcessing/PostProcessAssembly - application/grpc -
info: Microsoft.AspNetCore.Routing.EndpointMiddleware[0]
      Executing endpoint 'gRPC - /UnityILPP.PostProcessing/PostProcessAssembly'
info: Unity.ILPP.Runner.PostProcessingPipeline[0]
      Processing assembly Library/Bee/artifacts/900b0aE.dag/Unity.Rendering.LightTransport.Editor.dll, with 142 defines and 309 references
info: Unity.ILPP.Runner.PostProcessingPipeline[0]
      processors: Unity.Jobs.CodeGen.JobsILPostProcessor, zzzUnity.Burst.CodeGen.BurstILPostProcessor
info: Unity.ILPP.Runner.PostProcessingPipeline[0]
      Processing assembly Library/Bee/artifacts/900b0aE.dag/UnityEditor.UI.Analytics.dll, with 142 defines and 310 references
info: Unity.ILPP.Runner.PostProcessingPipeline[0]
      processors: Unity.Jobs.CodeGen.JobsILPostProcessor, zzzUnity.Burst.CodeGen.BurstILPostProcessor
info: Unity.ILPP.Runner.PostProcessingPipeline[0]
      running Unity.Jobs.CodeGen.JobsILPostProcessor
info: Unity.ILPP.Runner.PostProcessingPipeline[0]
      running zzzUnity.Burst.CodeGen.BurstILPostProcessor
info: Microsoft.AspNetCore.Routing.EndpointMiddleware[1]
      Executed endpoint 'gRPC - /UnityILPP.PostProcessing/PostProcessAssembly'
info: Microsoft.AspNetCore.Hosting.Diagnostics[2]
      Request finished HTTP/2 POST http://ilpp/UnityILPP.PostProcessing/PostProcessAssembly - 200 - application/grpc 6.4932ms
info: Unity.ILPP.Runner.PostProcessingPipeline[0]
      running Unity.Jobs.CodeGen.JobsILPostProcessor
info: Unity.ILPP.Runner.PostProcessingPipeline[0]
      running zzzUnity.Burst.CodeGen.BurstILPostProcessor
info: Microsoft.AspNetCore.Routing.EndpointMiddleware[1]
      Executed endpoint 'gRPC - /UnityILPP.PostProcessing/PostProcessAssembly'
info: Microsoft.AspNetCore.Hosting.Diagnostics[2]
      Request finished HTTP/2 POST http://ilpp/UnityILPP.PostProcessing/PostProcessAssembly - 200 - application/grpc 11.7894ms
info: Microsoft.AspNetCore.Hosting.Diagnostics[1]
      Request starting HTTP/2 POST http://ilpp/UnityILPP.PostProcessing/PostProcessAssembly - application/grpc -
info: Microsoft.AspNetCore.Routing.EndpointMiddleware[0]
      Executing endpoint 'gRPC - /UnityILPP.PostProcessing/PostProcessAssembly'
info: Microsoft.AspNetCore.Hosting.Diagnostics[1]
      Request starting HTTP/2 POST http://ilpp/UnityILPP.PostProcessing/PostProcessAssembly - application/grpc -
info: Microsoft.AspNetCore.Routing.EndpointMiddleware[0]
      Executing endpoint 'gRPC - /UnityILPP.PostProcessing/PostProcessAssembly'
info: Microsoft.AspNetCore.Hosting.Diagnostics[1]
      Request starting HTTP/2 POST http://ilpp/UnityILPP.PostProcessing/PostProcessAssembly - application/grpc -
info: Microsoft.AspNetCore.Routing.EndpointMiddleware[0]
      Executing endpoint 'gRPC - /UnityILPP.PostProcessing/PostProcessAssembly'
info: Unity.ILPP.Runner.PostProcessingPipeline[0]
      Processing assembly Library/Bee/artifacts/900b0aE.dag/Unity.ShaderGraph.Utilities.dll, with 142 defines and 309 references
info: Unity.ILPP.Runner.PostProcessingPipeline[0]
      processors: Unity.Jobs.CodeGen.JobsILPostProcessor, zzzUnity.Burst.CodeGen.BurstILPostProcessor
info: Unity.ILPP.Runner.PostProcessingPipeline[0]
      Processing assembly Library/Bee/artifacts/900b0aE.dag/Unity.Searcher.Editor.dll, with 142 defines and 309 references
info: Unity.ILPP.Runner.PostProcessingPipeline[0]
      processors: Unity.Jobs.CodeGen.JobsILPostProcessor, zzzUnity.Burst.CodeGen.BurstILPostProcessor
info: Unity.ILPP.Runner.PostProcessingPipeline[0]
      running Unity.Jobs.CodeGen.JobsILPostProcessor
info: Unity.ILPP.Runner.PostProcessingPipeline[0]
      running Unity.Jobs.CodeGen.JobsILPostProcessor
info: Unity.ILPP.Runner.PostProcessingPipeline[0]
      running zzzUnity.Burst.CodeGen.BurstILPostProcessor
info: Unity.ILPP.Runner.PostProcessingPipeline[0]
      running zzzUnity.Burst.CodeGen.BurstILPostProcessor
info: Microsoft.AspNetCore.Hosting.Diagnostics[1]
      Request starting HTTP/2 POST http://ilpp/UnityILPP.PostProcessing/PostProcessAssembly - application/grpc -
info: Microsoft.AspNetCore.Routing.EndpointMiddleware[0]
      Executing endpoint 'gRPC - /UnityILPP.PostProcessing/PostProcessAssembly'
info: Microsoft.AspNetCore.Routing.EndpointMiddleware[1]
      Executed endpoint 'gRPC - /UnityILPP.PostProcessing/PostProcessAssembly'
info: Unity.ILPP.Runner.PostProcessingPipeline[0]
      Processing assembly Library/Bee/artifacts/900b0aE.dag/UnityEditor.UI.dll, with 145 defines and 308 references
info: Unity.ILPP.Runner.PostProcessingPipeline[0]
      processors: Unity.Jobs.CodeGen.JobsILPostProcessor, zzzUnity.Burst.CodeGen.BurstILPostProcessor
info: Microsoft.AspNetCore.Hosting.Diagnostics[2]
      Request finished HTTP/2 POST http://ilpp/UnityILPP.PostProcessing/PostProcessAssembly - 200 - application/grpc 58.1746ms
info: Unity.ILPP.Runner.PostProcessingPipeline[0]
      running Unity.Jobs.CodeGen.JobsILPostProcessor
info: Unity.ILPP.Runner.PostProcessingPipeline[0]
      running zzzUnity.Burst.CodeGen.BurstILPostProcessor
info: Microsoft.AspNetCore.Routing.EndpointMiddleware[1]
      Executed endpoint 'gRPC - /UnityILPP.PostProcessing/PostProcessAssembly'
info: Microsoft.AspNetCore.Hosting.Diagnostics[2]
      Request finished HTTP/2 POST http://ilpp/UnityILPP.PostProcessing/PostProcessAssembly - 200 - application/grpc 5.9282ms
info: Microsoft.AspNetCore.Routing.EndpointMiddleware[1]
      Executed endpoint 'gRPC - /UnityILPP.PostProcessing/PostProcessAssembly'
info: Microsoft.AspNetCore.Hosting.Diagnostics[2]
      Request finished HTTP/2 POST http://ilpp/UnityILPP.PostProcessing/PostProcessAssembly - 200 - application/grpc 57.7285ms
info: Unity.ILPP.Runner.PostProcessingPipeline[0]
      Processing assembly Library/Bee/artifacts/900b0aE.dag/GoogleMobileAds.Editor.dll, with 142 defines and 309 references
info: Unity.ILPP.Runner.PostProcessingPipeline[0]
      processors: Unity.Jobs.CodeGen.JobsILPostProcessor, zzzUnity.Burst.CodeGen.BurstILPostProcessor
info: Unity.ILPP.Runner.PostProcessingPipeline[0]
      running Unity.Jobs.CodeGen.JobsILPostProcessor
info: Unity.ILPP.Runner.PostProcessingPipeline[0]
      running zzzUnity.Burst.CodeGen.BurstILPostProcessor
info: Microsoft.AspNetCore.Routing.EndpointMiddleware[1]
      Executed endpoint 'gRPC - /UnityILPP.PostProcessing/PostProcessAssembly'
info: Microsoft.AspNetCore.Hosting.Diagnostics[2]
      Request finished HTTP/2 POST http://ilpp/UnityILPP.PostProcessing/PostProcessAssembly - 200 - application/grpc 80.7384ms
info: Microsoft.AspNetCore.Routing.EndpointMiddleware[1]
      Executed endpoint 'gRPC - /UnityILPP.PostProcessing/PostProcessAssembly'
info: Microsoft.AspNetCore.Hosting.Diagnostics[2]
      Request finished HTTP/2 POST http://ilpp/UnityILPP.PostProcessing/PostProcessAssembly - 200 - application/grpc 1117.6442ms
info: Microsoft.AspNetCore.Routing.EndpointMiddleware[1]
      Executed endpoint 'gRPC - /UnityILPP.PostProcessing/PostProcessAssembly'
info: Microsoft.AspNetCore.Hosting.Diagnostics[2]
      Request finished HTTP/2 POST http://ilpp/UnityILPP.PostProcessing/PostProcessAssembly - 200 - application/grpc 1185.4755ms
info: Microsoft.AspNetCore.Hosting.Diagnostics[1]
      Request starting HTTP/2 POST http://ilpp/UnityILPP.PostProcessing/PostProcessAssembly - application/grpc -
info: Microsoft.AspNetCore.Routing.EndpointMiddleware[0]
      Executing endpoint 'gRPC - /UnityILPP.PostProcessing/PostProcessAssembly'
info: Unity.ILPP.Runner.PostProcessingPipeline[0]
      Processing assembly Library/Bee/artifacts/900b0aE.dag/Unity.InternalAPIEditorBridge.ShaderGraph.Editor.dll, with 142 defines and 309 references
info: Unity.ILPP.Runner.PostProcessingPipeline[0]
      processors: Unity.Jobs.CodeGen.JobsILPostProcessor, zzzUnity.Burst.CodeGen.BurstILPostProcessor
info: Unity.ILPP.Runner.PostProcessingPipeline[0]
      running Unity.Jobs.CodeGen.JobsILPostProcessor
info: Unity.ILPP.Runner.PostProcessingPipeline[0]
      running zzzUnity.Burst.CodeGen.BurstILPostProcessor
info: Microsoft.AspNetCore.Routing.EndpointMiddleware[1]
      Executed endpoint 'gRPC - /UnityILPP.PostProcessing/PostProcessAssembly'
info: Microsoft.AspNetCore.Hosting.Diagnostics[2]
      Request finished HTTP/2 POST http://ilpp/UnityILPP.PostProcessing/PostProcessAssembly - 200 - application/grpc 19.9300ms
info: Microsoft.AspNetCore.Hosting.Diagnostics[1]
      Request starting HTTP/2 POST http://ilpp/UnityILPP.PostProcessing/PostProcessAssembly - application/grpc -
info: Microsoft.AspNetCore.Routing.EndpointMiddleware[0]
      Executing endpoint 'gRPC - /UnityILPP.PostProcessing/PostProcessAssembly'
info: Unity.ILPP.Runner.PostProcessingPipeline[0]
      Processing assembly Library/Bee/artifacts/900b0aE.dag/Unity.2D.Sprite.Editor.dll, with 142 defines and 309 references
info: Unity.ILPP.Runner.PostProcessingPipeline[0]
      processors: Unity.Jobs.CodeGen.JobsILPostProcessor, zzzUnity.Burst.CodeGen.BurstILPostProcessor
info: Unity.ILPP.Runner.PostProcessingPipeline[0]
      running Unity.Jobs.CodeGen.JobsILPostProcessor
info: Unity.ILPP.Runner.PostProcessingPipeline[0]
      running zzzUnity.Burst.CodeGen.BurstILPostProcessor
info: Microsoft.AspNetCore.Routing.EndpointMiddleware[1]
      Executed endpoint 'gRPC - /UnityILPP.PostProcessing/PostProcessAssembly'
info: Microsoft.AspNetCore.Hosting.Diagnostics[2]
      Request finished HTTP/2 POST http://ilpp/UnityILPP.PostProcessing/PostProcessAssembly - 200 - application/grpc 3.6950ms
info: Microsoft.AspNetCore.Hosting.Diagnostics[1]
      Request starting HTTP/2 POST http://ilpp/UnityILPP.PostProcessing/PostProcessAssembly - application/grpc -
info: Microsoft.AspNetCore.Routing.EndpointMiddleware[0]
      Executing endpoint 'gRPC - /UnityILPP.PostProcessing/PostProcessAssembly'
info: Unity.ILPP.Runner.PostProcessingPipeline[0]
      Processing assembly Library/Bee/artifacts/900b0aE.dag/Unity.InputSystem.DocCodeSamples.dll, with 142 defines and 296 references
info: Unity.ILPP.Runner.PostProcessingPipeline[0]
      processors: Unity.Jobs.CodeGen.JobsILPostProcessor, zzzUnity.Burst.CodeGen.BurstILPostProcessor
info: Unity.ILPP.Runner.PostProcessingPipeline[0]
      running Unity.Jobs.CodeGen.JobsILPostProcessor
info: Unity.ILPP.Runner.PostProcessingPipeline[0]
      running zzzUnity.Burst.CodeGen.BurstILPostProcessor
info: Microsoft.AspNetCore.Routing.EndpointMiddleware[1]
      Executed endpoint 'gRPC - /UnityILPP.PostProcessing/PostProcessAssembly'
info: Microsoft.AspNetCore.Hosting.Diagnostics[2]
      Request finished HTTP/2 POST http://ilpp/UnityILPP.PostProcessing/PostProcessAssembly - 200 - application/grpc 12.6765ms
info: Microsoft.AspNetCore.Hosting.Diagnostics[1]
      Request starting HTTP/2 POST http://ilpp/UnityILPP.PostProcessing/PostProcessAssembly - application/grpc -
info: Microsoft.AspNetCore.Hosting.Diagnostics[1]
      Request starting HTTP/2 POST http://ilpp/UnityILPP.PostProcessing/PostProcessAssembly - application/grpc -
info: Microsoft.AspNetCore.Routing.EndpointMiddleware[0]
      Executing endpoint 'gRPC - /UnityILPP.PostProcessing/PostProcessAssembly'
info: Microsoft.AspNetCore.Routing.EndpointMiddleware[0]
      Executing endpoint 'gRPC - /UnityILPP.PostProcessing/PostProcessAssembly'
info: Unity.ILPP.Runner.PostProcessingPipeline[0]
      Processing assembly Library/Bee/artifacts/900b0aE.dag/LaMuralla.Editor.dll, with 142 defines and 312 references
info: Unity.ILPP.Runner.PostProcessingPipeline[0]
      processors: Unity.Jobs.CodeGen.JobsILPostProcessor, zzzUnity.Burst.CodeGen.BurstILPostProcessor
info: Unity.ILPP.Runner.PostProcessingPipeline[0]
      running Unity.Jobs.CodeGen.JobsILPostProcessor
info: Unity.ILPP.Runner.PostProcessingPipeline[0]
      running zzzUnity.Burst.CodeGen.BurstILPostProcessor
info: Microsoft.AspNetCore.Routing.EndpointMiddleware[1]
      Executed endpoint 'gRPC - /UnityILPP.PostProcessing/PostProcessAssembly'
info: Microsoft.AspNetCore.Hosting.Diagnostics[2]
      Request finished HTTP/2 POST http://ilpp/UnityILPP.PostProcessing/PostProcessAssembly - 200 - application/grpc 4.9050ms
info: Unity.ILPP.Runner.PostProcessingPipeline[0]
      Processing assembly Library/Bee/artifacts/900b0aE.dag/Unity.Collections.Editor.dll, with 143 defines and 310 references
info: Unity.ILPP.Runner.PostProcessingPipeline[0]
      processors: Unity.Jobs.CodeGen.JobsILPostProcessor, zzzUnity.Burst.CodeGen.BurstILPostProcessor
info: Unity.ILPP.Runner.PostProcessingPipeline[0]
      running Unity.Jobs.CodeGen.JobsILPostProcessor
info: Unity.ILPP.Runner.PostProcessingPipeline[0]
      running zzzUnity.Burst.CodeGen.BurstILPostProcessor
info: Microsoft.AspNetCore.Hosting.Diagnostics[1]
      Request starting HTTP/2 POST http://ilpp/UnityILPP.PostProcessing/PostProcessAssembly - application/grpc -
info: Microsoft.AspNetCore.Hosting.Diagnostics[1]
      Request starting HTTP/2 POST http://ilpp/UnityILPP.PostProcessing/PostProcessAssembly - application/grpc -
info: Microsoft.AspNetCore.Routing.EndpointMiddleware[0]
      Executing endpoint 'gRPC - /UnityILPP.PostProcessing/PostProcessAssembly'
info: Microsoft.AspNetCore.Routing.EndpointMiddleware[0]
      Executing endpoint 'gRPC - /UnityILPP.PostProcessing/PostProcessAssembly'
info: Microsoft.AspNetCore.Routing.EndpointMiddleware[1]
      Executed endpoint 'gRPC - /UnityILPP.PostProcessing/PostProcessAssembly'
info: Microsoft.AspNetCore.Hosting.Diagnostics[2]
      Request finished HTTP/2 POST http://ilpp/UnityILPP.PostProcessing/PostProcessAssembly - 200 - application/grpc 17.6728ms
info: Unity.ILPP.Runner.PostProcessingPipeline[0]
      Processing assembly Library/Bee/artifacts/900b0aE.dag/Unity.InternalAPIEngineBridge.RenderPipelines.Core.Editor.dll, with 142 defines and 309 references
info: Unity.ILPP.Runner.PostProcessingPipeline[0]
      Processing assembly Library/Bee/artifacts/900b0aE.dag/Unity.PerformanceTesting.Editor.dll, with 143 defines and 296 references
info: Unity.ILPP.Runner.PostProcessingPipeline[0]
      processors: Unity.Jobs.CodeGen.JobsILPostProcessor, zzzUnity.Burst.CodeGen.BurstILPostProcessor
info: Unity.ILPP.Runner.PostProcessingPipeline[0]
      processors: Unity.Jobs.CodeGen.JobsILPostProcessor, zzzUnity.Burst.CodeGen.BurstILPostProcessor
info: Unity.ILPP.Runner.PostProcessingPipeline[0]
      running Unity.Jobs.CodeGen.JobsILPostProcessor
info: Unity.ILPP.Runner.PostProcessingPipeline[0]
      running zzzUnity.Burst.CodeGen.BurstILPostProcessor
info: Unity.ILPP.Runner.PostProcessingPipeline[0]
      running Unity.Jobs.CodeGen.JobsILPostProcessor
info: Unity.ILPP.Runner.PostProcessingPipeline[0]
      running zzzUnity.Burst.CodeGen.BurstILPostProcessor
info: Microsoft.AspNetCore.Routing.EndpointMiddleware[1]
      Executed endpoint 'gRPC - /UnityILPP.PostProcessing/PostProcessAssembly'
info: Microsoft.AspNetCore.Hosting.Diagnostics[2]
      Request finished HTTP/2 POST http://ilpp/UnityILPP.PostProcessing/PostProcessAssembly - 200 - application/grpc 9.6218ms
info: Microsoft.AspNetCore.Routing.EndpointMiddleware[1]
      Executed endpoint 'gRPC - /UnityILPP.PostProcessing/PostProcessAssembly'
info: Microsoft.AspNetCore.Hosting.Diagnostics[2]
      Request finished HTTP/2 POST http://ilpp/UnityILPP.PostProcessing/PostProcessAssembly - 200 - application/grpc 9.7058ms
info: Microsoft.AspNetCore.Hosting.Diagnostics[1]
      Request starting HTTP/2 POST http://ilpp/UnityILPP.PostProcessing/PostProcessAssembly - application/grpc -
info: Microsoft.AspNetCore.Routing.EndpointMiddleware[0]
      Executing endpoint 'gRPC - /UnityILPP.PostProcessing/PostProcessAssembly'
info: Microsoft.AspNetCore.Hosting.Diagnostics[1]
      Request starting HTTP/2 POST http://ilpp/UnityILPP.PostProcessing/PostProcessAssembly - application/grpc -
info: Microsoft.AspNetCore.Routing.EndpointMiddleware[0]
      Executing endpoint 'gRPC - /UnityILPP.PostProcessing/PostProcessAssembly'
info: Unity.ILPP.Runner.PostProcessingPipeline[0]
      Processing assembly Library/Bee/artifacts/900b0aE.dag/Unity.RenderPipelines.Core.Runtime.dll, with 147 defines and 282 references
info: Unity.ILPP.Runner.PostProcessingPipeline[0]
      processors: Unity.Jobs.CodeGen.JobsILPostProcessor, zzzUnity.Burst.CodeGen.BurstILPostProcessor
info: Unity.ILPP.Runner.PostProcessingPipeline[0]
      Processing assembly Library/Bee/artifacts/900b0aE.dag/Unity.Burst.Editor.dll, with 142 defines and 310 references
info: Unity.ILPP.Runner.PostProcessingPipeline[0]
      processors: Unity.Jobs.CodeGen.JobsILPostProcessor, zzzUnity.Burst.CodeGen.BurstILPostProcessor
info: Unity.ILPP.Runner.PostProcessingPipeline[0]
      running Unity.Jobs.CodeGen.JobsILPostProcessor
info: Unity.ILPP.Runner.PostProcessingPipeline[0]
      running Unity.Jobs.CodeGen.JobsILPostProcessor
info: Unity.ILPP.Runner.PostProcessingPipeline[0]
      running zzzUnity.Burst.CodeGen.BurstILPostProcessor
info: Microsoft.AspNetCore.Routing.EndpointMiddleware[1]
      Executed endpoint 'gRPC - /UnityILPP.PostProcessing/PostProcessAssembly'
info: Microsoft.AspNetCore.Hosting.Diagnostics[2]
      Request finished HTTP/2 POST http://ilpp/UnityILPP.PostProcessing/PostProcessAssembly - 200 - application/grpc 52.5795ms
info: Unity.ILPP.Runner.PostProcessingPipeline[0]
      running zzzUnity.Burst.CodeGen.BurstILPostProcessor
info: Microsoft.AspNetCore.Routing.EndpointMiddleware[1]
      Executed endpoint 'gRPC - /UnityILPP.PostProcessing/PostProcessAssembly'
info: Microsoft.AspNetCore.Hosting.Diagnostics[2]
      Request finished HTTP/2 POST http://ilpp/UnityILPP.PostProcessing/PostProcessAssembly - 200 - application/grpc 131.7725ms
info: Microsoft.AspNetCore.Hosting.Diagnostics[1]
      Request starting HTTP/2 POST http://ilpp/UnityILPP.PostProcessing/PostProcessAssembly - application/grpc -
info: Microsoft.AspNetCore.Routing.EndpointMiddleware[0]
      Executing endpoint 'gRPC - /UnityILPP.PostProcessing/PostProcessAssembly'
info: Unity.ILPP.Runner.PostProcessingPipeline[0]
      Processing assembly Library/Bee/artifacts/900b0aE.dag/Unity.RenderPipeline.Universal.ShaderLibrary.dll, with 144 defines and 279 references
info: Unity.ILPP.Runner.PostProcessingPipeline[0]
      processors: Unity.Jobs.CodeGen.JobsILPostProcessor, zzzUnity.Burst.CodeGen.BurstILPostProcessor
info: Unity.ILPP.Runner.PostProcessingPipeline[0]
      running Unity.Jobs.CodeGen.JobsILPostProcessor
info: Unity.ILPP.Runner.PostProcessingPipeline[0]
      running zzzUnity.Burst.CodeGen.BurstILPostProcessor
info: Microsoft.AspNetCore.Hosting.Diagnostics[1]
      Request starting HTTP/2 POST http://ilpp/UnityILPP.PostProcessing/PostProcessAssembly - application/grpc -
info: Microsoft.AspNetCore.Routing.EndpointMiddleware[0]
      Executing endpoint 'gRPC - /UnityILPP.PostProcessing/PostProcessAssembly'
info: Microsoft.AspNetCore.Routing.EndpointMiddleware[1]
      Executed endpoint 'gRPC - /UnityILPP.PostProcessing/PostProcessAssembly'
info: Microsoft.AspNetCore.Hosting.Diagnostics[2]
      Request finished HTTP/2 POST http://ilpp/UnityILPP.PostProcessing/PostProcessAssembly - 200 - application/grpc 18.4701ms
info: Unity.ILPP.Runner.PostProcessingPipeline[0]
      Processing assembly Library/Bee/artifacts/900b0aE.dag/Unity.RenderPipelines.Core.Runtime.Shared.dll, with 144 defines and 281 references
info: Unity.ILPP.Runner.PostProcessingPipeline[0]
      processors: Unity.Jobs.CodeGen.JobsILPostProcessor, zzzUnity.Burst.CodeGen.BurstILPostProcessor
info: Unity.ILPP.Runner.PostProcessingPipeline[0]
      running Unity.Jobs.CodeGen.JobsILPostProcessor
info: Unity.ILPP.Runner.PostProcessingPipeline[0]
      running zzzUnity.Burst.CodeGen.BurstILPostProcessor
info: Microsoft.AspNetCore.Routing.EndpointMiddleware[1]
      Executed endpoint 'gRPC - /UnityILPP.PostProcessing/PostProcessAssembly'
info: Microsoft.AspNetCore.Hosting.Diagnostics[2]
      Request finished HTTP/2 POST http://ilpp/UnityILPP.PostProcessing/PostProcessAssembly - 200 - application/grpc 6.4787ms
info: Microsoft.AspNetCore.Hosting.Diagnostics[1]
      Request starting HTTP/2 POST http://ilpp/UnityILPP.PostProcessing/PostProcessAssembly - application/grpc -
info: Microsoft.AspNetCore.Routing.EndpointMiddleware[0]
      Executing endpoint 'gRPC - /UnityILPP.PostProcessing/PostProcessAssembly'
info: Unity.ILPP.Runner.PostProcessingPipeline[0]
      Processing assembly Library/Bee/artifacts/900b0aE.dag/Unity.RenderPipelines.GPUDriven.Runtime.dll, with 144 defines and 282 references
info: Unity.ILPP.Runner.PostProcessingPipeline[0]
      processors: Unity.Jobs.CodeGen.JobsILPostProcessor, zzzUnity.Burst.CodeGen.BurstILPostProcessor
info: Unity.ILPP.Runner.PostProcessingPipeline[0]
      running Unity.Jobs.CodeGen.JobsILPostProcessor
info: Microsoft.AspNetCore.Hosting.Diagnostics[1]
      Request starting HTTP/2 POST http://ilpp/UnityILPP.PostProcessing/PostProcessAssembly - application/grpc -
info: Microsoft.AspNetCore.Routing.EndpointMiddleware[0]
      Executing endpoint 'gRPC - /UnityILPP.PostProcessing/PostProcessAssembly'
info: Unity.ILPP.Runner.PostProcessingPipeline[0]
      Processing assembly Library/Bee/artifacts/900b0aE.dag/Unity.TextMeshPro.Editor.dll, with 142 defines and 311 references
info: Unity.ILPP.Runner.PostProcessingPipeline[0]
      processors: Unity.Jobs.CodeGen.JobsILPostProcessor, zzzUnity.Burst.CodeGen.BurstILPostProcessor
info: Microsoft.AspNetCore.Hosting.Diagnostics[1]
      Request starting HTTP/2 POST http://ilpp/UnityILPP.PostProcessing/PostProcessAssembly - application/grpc -
info: Microsoft.AspNetCore.Routing.EndpointMiddleware[0]
      Executing endpoint 'gRPC - /UnityILPP.PostProcessing/PostProcessAssembly'
info: Microsoft.AspNetCore.Hosting.Diagnostics[1]
      Request starting HTTP/2 POST http://ilpp/UnityILPP.PostProcessing/PostProcessAssembly - application/grpc -
info: Microsoft.AspNetCore.Routing.EndpointMiddleware[0]
      Executing endpoint 'gRPC - /UnityILPP.PostProcessing/PostProcessAssembly'
info: Unity.ILPP.Runner.PostProcessingPipeline[0]
      running Unity.Jobs.CodeGen.JobsILPostProcessor
info: Unity.ILPP.Runner.PostProcessingPipeline[0]
      running zzzUnity.Burst.CodeGen.BurstILPostProcessor
info: Microsoft.AspNetCore.Routing.EndpointMiddleware[1]
      Executed endpoint 'gRPC - /UnityILPP.PostProcessing/PostProcessAssembly'
info: Microsoft.AspNetCore.Hosting.Diagnostics[2]
      Request finished HTTP/2 POST http://ilpp/UnityILPP.PostProcessing/PostProcessAssembly - 200 - application/grpc 14.6746ms
info: Unity.ILPP.Runner.PostProcessingPipeline[0]
      Processing assembly Library/Bee/artifacts/900b0aE.dag/Unity.PathTracing.Runtime.dll, with 145 defines and 282 references
info: Unity.ILPP.Runner.PostProcessingPipeline[0]
      Processing assembly Library/Bee/artifacts/900b0aE.dag/Unity.RenderPipelines.Universal.Config.Runtime.dll, with 144 defines and 279 references
info: Unity.ILPP.Runner.PostProcessingPipeline[0]
      processors: Unity.Jobs.CodeGen.JobsILPostProcessor, zzzUnity.Burst.CodeGen.BurstILPostProcessor
info: Unity.ILPP.Runner.PostProcessingPipeline[0]
      processors: Unity.Jobs.CodeGen.JobsILPostProcessor, zzzUnity.Burst.CodeGen.BurstILPostProcessor
info: Unity.ILPP.Runner.PostProcessingPipeline[0]
      running Unity.Jobs.CodeGen.JobsILPostProcessor
info: Unity.ILPP.Runner.PostProcessingPipeline[0]
      running Unity.Jobs.CodeGen.JobsILPostProcessor
info: Unity.ILPP.Runner.PostProcessingPipeline[0]
      running zzzUnity.Burst.CodeGen.BurstILPostProcessor
info: Microsoft.AspNetCore.Routing.EndpointMiddleware[1]
      Executed endpoint 'gRPC - /UnityILPP.PostProcessing/PostProcessAssembly'
info: Microsoft.AspNetCore.Hosting.Diagnostics[2]
      Request finished HTTP/2 POST http://ilpp/UnityILPP.PostProcessing/PostProcessAssembly - 200 - application/grpc 14.3269ms
info: Unity.ILPP.Runner.PostProcessingPipeline[0]
      running zzzUnity.Burst.CodeGen.BurstILPostProcessor
info: Unity.ILPP.Runner.PostProcessingPipeline[0]
      running zzzUnity.Burst.CodeGen.BurstILPostProcessor
info: Microsoft.AspNetCore.Routing.EndpointMiddleware[1]
      Executed endpoint 'gRPC - /UnityILPP.PostProcessing/PostProcessAssembly'
info: Microsoft.AspNetCore.Hosting.Diagnostics[2]
      Request finished HTTP/2 POST http://ilpp/UnityILPP.PostProcessing/PostProcessAssembly - 200 - application/grpc 71.3822ms
info: Microsoft.AspNetCore.Routing.EndpointMiddleware[1]
      Executed endpoint 'gRPC - /UnityILPP.PostProcessing/PostProcessAssembly'
info: Microsoft.AspNetCore.Hosting.Diagnostics[2]
      Request finished HTTP/2 POST http://ilpp/UnityILPP.PostProcessing/PostProcessAssembly - 200 - application/grpc 145.8060ms
info: Microsoft.AspNetCore.Hosting.Diagnostics[1]
      Request starting HTTP/2 POST http://ilpp/UnityILPP.PostProcessing/PostProcessAssembly - application/grpc -
info: Microsoft.AspNetCore.Routing.EndpointMiddleware[0]
      Executing endpoint 'gRPC - /UnityILPP.PostProcessing/PostProcessAssembly'
info: Unity.ILPP.Runner.PostProcessingPipeline[0]
      Processing assembly Library/Bee/artifacts/900b0aE.dag/Unity.SurfaceCache.Runtime.dll, with 144 defines and 282 references
info: Unity.ILPP.Runner.PostProcessingPipeline[0]
      processors: Unity.Jobs.CodeGen.JobsILPostProcessor, zzzUnity.Burst.CodeGen.BurstILPostProcessor
info: Unity.ILPP.Runner.PostProcessingPipeline[0]
      running Unity.Jobs.CodeGen.JobsILPostProcessor
info: Unity.ILPP.Runner.PostProcessingPipeline[0]
      running zzzUnity.Burst.CodeGen.BurstILPostProcessor
info: Microsoft.AspNetCore.Routing.EndpointMiddleware[1]
      Executed endpoint 'gRPC - /UnityILPP.PostProcessing/PostProcessAssembly'
info: Microsoft.AspNetCore.Hosting.Diagnostics[2]
      Request finished HTTP/2 POST http://ilpp/UnityILPP.PostProcessing/PostProcessAssembly - 200 - application/grpc 2.6870ms
info: Microsoft.AspNetCore.Hosting.Diagnostics[1]
      Request starting HTTP/2 POST http://ilpp/UnityILPP.PostProcessing/PostProcessAssembly - application/grpc -
info: Microsoft.AspNetCore.Routing.EndpointMiddleware[0]
      Executing endpoint 'gRPC - /UnityILPP.PostProcessing/PostProcessAssembly'
info: Unity.ILPP.Runner.PostProcessingPipeline[0]
      Processing assembly Library/Bee/artifacts/900b0aE.dag/Unity.PathTracing.Editor.dll, with 143 defines and 313 references
info: Unity.ILPP.Runner.PostProcessingPipeline[0]
      processors: Unity.Jobs.CodeGen.JobsILPostProcessor, zzzUnity.Burst.CodeGen.BurstILPostProcessor
info: Unity.ILPP.Runner.PostProcessingPipeline[0]
      running Unity.Jobs.CodeGen.JobsILPostProcessor
info: Unity.ILPP.Runner.PostProcessingPipeline[0]
      running zzzUnity.Burst.CodeGen.BurstILPostProcessor
info: Microsoft.AspNetCore.Routing.EndpointMiddleware[1]
      Executed endpoint 'gRPC - /UnityILPP.PostProcessing/PostProcessAssembly'
info: Microsoft.AspNetCore.Hosting.Diagnostics[2]
      Request finished HTTP/2 POST http://ilpp/UnityILPP.PostProcessing/PostProcessAssembly - 200 - application/grpc 7.0977ms
info: Microsoft.AspNetCore.Hosting.Diagnostics[1]
      Request starting HTTP/2 POST http://ilpp/UnityILPP.PostProcessing/PostProcessAssembly - application/grpc -
info: Microsoft.AspNetCore.Routing.EndpointMiddleware[0]
      Executing endpoint 'gRPC - /UnityILPP.PostProcessing/PostProcessAssembly'
info: Unity.ILPP.Runner.PostProcessingPipeline[0]
      Processing assembly Library/Bee/artifacts/900b0aE.dag/Unity.RenderPipelines.Universal.Runtime.dll, with 148 defines and 288 references
info: Unity.ILPP.Runner.PostProcessingPipeline[0]
      processors: Unity.Jobs.CodeGen.JobsILPostProcessor, zzzUnity.Burst.CodeGen.BurstILPostProcessor
info: Unity.ILPP.Runner.PostProcessingPipeline[0]
      running Unity.Jobs.CodeGen.JobsILPostProcessor
info: Unity.ILPP.Runner.PostProcessingPipeline[0]
      running zzzUnity.Burst.CodeGen.BurstILPostProcessor
info: Microsoft.AspNetCore.Routing.EndpointMiddleware[1]
      Executed endpoint 'gRPC - /UnityILPP.PostProcessing/PostProcessAssembly'
info: Microsoft.AspNetCore.Hosting.Diagnostics[2]
      Request finished HTTP/2 POST http://ilpp/UnityILPP.PostProcessing/PostProcessAssembly - 200 - application/grpc 66.5706ms
info: Microsoft.AspNetCore.Hosting.Diagnostics[1]
      Request starting HTTP/2 POST http://ilpp/UnityILPP.PostProcessing/PostProcessAssembly - application/grpc -
info: Microsoft.AspNetCore.Routing.EndpointMiddleware[0]
      Executing endpoint 'gRPC - /UnityILPP.PostProcessing/PostProcessAssembly'
info: Unity.ILPP.Runner.PostProcessingPipeline[0]
      Processing assembly Library/Bee/artifacts/900b0aE.dag/Unity.RenderPipelines.Core.Editor.dll, with 145 defines and 318 references
info: Unity.ILPP.Runner.PostProcessingPipeline[0]
      processors: Unity.Jobs.CodeGen.JobsILPostProcessor, zzzUnity.Burst.CodeGen.BurstILPostProcessor
info: Unity.ILPP.Runner.PostProcessingPipeline[0]
      running Unity.Jobs.CodeGen.JobsILPostProcessor
info: Unity.ILPP.Runner.PostProcessingPipeline[0]
      running zzzUnity.Burst.CodeGen.BurstILPostProcessor
info: Microsoft.AspNetCore.Routing.EndpointMiddleware[1]
      Executed endpoint 'gRPC - /UnityILPP.PostProcessing/PostProcessAssembly'
info: Microsoft.AspNetCore.Hosting.Diagnostics[2]
      Request finished HTTP/2 POST http://ilpp/UnityILPP.PostProcessing/PostProcessAssembly - 200 - application/grpc 214.7153ms
info: Microsoft.AspNetCore.Hosting.Diagnostics[1]
      Request starting HTTP/2 POST http://ilpp/UnityILPP.PostProcessing/PostProcessAssembly - application/grpc -
info: Microsoft.AspNetCore.Routing.EndpointMiddleware[0]
      Executing endpoint 'gRPC - /UnityILPP.PostProcessing/PostProcessAssembly'
info: Unity.ILPP.Runner.PostProcessingPipeline[0]
      Processing assembly Library/Bee/artifacts/900b0aE.dag/Unity.RenderPipelines.Universal.2D.Runtime.dll, with 145 defines and 283 references
info: Unity.ILPP.Runner.PostProcessingPipeline[0]
      processors: Unity.Jobs.CodeGen.JobsILPostProcessor, zzzUnity.Burst.CodeGen.BurstILPostProcessor
info: Unity.ILPP.Runner.PostProcessingPipeline[0]
      running Unity.Jobs.CodeGen.JobsILPostProcessor
info: Unity.ILPP.Runner.PostProcessingPipeline[0]
      running zzzUnity.Burst.CodeGen.BurstILPostProcessor
info: Microsoft.AspNetCore.Routing.EndpointMiddleware[1]
      Executed endpoint 'gRPC - /UnityILPP.PostProcessing/PostProcessAssembly'
info: Microsoft.AspNetCore.Hosting.Diagnostics[2]
      Request finished HTTP/2 POST http://ilpp/UnityILPP.PostProcessing/PostProcessAssembly - 200 - application/grpc 36.8755ms
info: Microsoft.AspNetCore.Hosting.Diagnostics[1]
      Request starting HTTP/2 POST http://ilpp/UnityILPP.PostProcessing/PostProcessAssembly - application/grpc -
info: Microsoft.AspNetCore.Routing.EndpointMiddleware[0]
      Executing endpoint 'gRPC - /UnityILPP.PostProcessing/PostProcessAssembly'
info: Unity.ILPP.Runner.PostProcessingPipeline[0]
      Processing assembly Library/Bee/artifacts/900b0aE.dag/Unity.RenderPipelines.Core.Editor.Shared.dll, with 142 defines and 316 references
info: Unity.ILPP.Runner.PostProcessingPipeline[0]
      processors: Unity.Jobs.CodeGen.JobsILPostProcessor, zzzUnity.Burst.CodeGen.BurstILPostProcessor
info: Unity.ILPP.Runner.PostProcessingPipeline[0]
      running Unity.Jobs.CodeGen.JobsILPostProcessor
info: Unity.ILPP.Runner.PostProcessingPipeline[0]
      running zzzUnity.Burst.CodeGen.BurstILPostProcessor
info: Microsoft.AspNetCore.Routing.EndpointMiddleware[1]
      Executed endpoint 'gRPC - /UnityILPP.PostProcessing/PostProcessAssembly'
info: Microsoft.AspNetCore.Hosting.Diagnostics[2]
      Request finished HTTP/2 POST http://ilpp/UnityILPP.PostProcessing/PostProcessAssembly - 200 - application/grpc 4.5979ms
info: Microsoft.AspNetCore.Hosting.Diagnostics[1]
      Request starting HTTP/2 POST http://ilpp/UnityILPP.PostProcessing/PostProcessAssembly - application/grpc -
info: Microsoft.AspNetCore.Routing.EndpointMiddleware[0]
      Executing endpoint 'gRPC - /UnityILPP.PostProcessing/PostProcessAssembly'
info: Unity.ILPP.Runner.PostProcessingPipeline[0]
      Processing assembly Library/Bee/artifacts/900b0aE.dag/Unity.ShaderGraph.Editor.dll, with 142 defines and 314 references
info: Unity.ILPP.Runner.PostProcessingPipeline[0]
      processors: Unity.Jobs.CodeGen.JobsILPostProcessor, zzzUnity.Burst.CodeGen.BurstILPostProcessor
info: Unity.ILPP.Runner.PostProcessingPipeline[0]
      running Unity.Jobs.CodeGen.JobsILPostProcessor
info: Unity.ILPP.Runner.PostProcessingPipeline[0]
      running zzzUnity.Burst.CodeGen.BurstILPostProcessor
info: Microsoft.AspNetCore.Routing.EndpointMiddleware[1]
      Executed endpoint 'gRPC - /UnityILPP.PostProcessing/PostProcessAssembly'
info: Microsoft.AspNetCore.Hosting.Diagnostics[2]
      Request finished HTTP/2 POST http://ilpp/UnityILPP.PostProcessing/PostProcessAssembly - 200 - application/grpc 3.6050ms
info: Microsoft.AspNetCore.Hosting.Diagnostics[1]
      Request starting HTTP/2 POST http://ilpp/UnityILPP.PostProcessing/PostProcessAssembly - application/grpc -
info: Microsoft.AspNetCore.Routing.EndpointMiddleware[0]
      Executing endpoint 'gRPC - /UnityILPP.PostProcessing/PostProcessAssembly'
info: Unity.ILPP.Runner.PostProcessingPipeline[0]
      Processing assembly Library/Bee/artifacts/900b0aE.dag/Unity.RenderPipelines.Universal.2D.Editor.Overrides.dll, with 142 defines and 318 references
info: Unity.ILPP.Runner.PostProcessingPipeline[0]
      processors: Unity.Jobs.CodeGen.JobsILPostProcessor, zzzUnity.Burst.CodeGen.BurstILPostProcessor
info: Unity.ILPP.Runner.PostProcessingPipeline[0]
      running Unity.Jobs.CodeGen.JobsILPostProcessor
info: Unity.ILPP.Runner.PostProcessingPipeline[0]
      running zzzUnity.Burst.CodeGen.BurstILPostProcessor
info: Microsoft.AspNetCore.Routing.EndpointMiddleware[1]
      Executed endpoint 'gRPC - /UnityILPP.PostProcessing/PostProcessAssembly'
info: Microsoft.AspNetCore.Hosting.Diagnostics[2]
      Request finished HTTP/2 POST http://ilpp/UnityILPP.PostProcessing/PostProcessAssembly - 200 - application/grpc 1.9666ms
info: Microsoft.AspNetCore.Hosting.Diagnostics[1]
      Request starting HTTP/2 POST http://ilpp/UnityILPP.PostProcessing/PostProcessAssembly - application/grpc -
info: Microsoft.AspNetCore.Routing.EndpointMiddleware[0]
      Executing endpoint 'gRPC - /UnityILPP.PostProcessing/PostProcessAssembly'
info: Unity.ILPP.Runner.PostProcessingPipeline[0]
      Processing assembly Library/Bee/artifacts/900b0aE.dag/Unity.RenderPipelines.Universal.Editor.dll, with 142 defines and 322 references
info: Unity.ILPP.Runner.PostProcessingPipeline[0]
      processors: Unity.Jobs.CodeGen.JobsILPostProcessor, zzzUnity.Burst.CodeGen.BurstILPostProcessor
info: Unity.ILPP.Runner.PostProcessingPipeline[0]
      running Unity.Jobs.CodeGen.JobsILPostProcessor
info: Unity.ILPP.Runner.PostProcessingPipeline[0]
      running zzzUnity.Burst.CodeGen.BurstILPostProcessor
info: Microsoft.AspNetCore.Routing.EndpointMiddleware[1]
      Executed endpoint 'gRPC - /UnityILPP.PostProcessing/PostProcessAssembly'
info: Microsoft.AspNetCore.Hosting.Diagnostics[2]
      Request finished HTTP/2 POST http://ilpp/UnityILPP.PostProcessing/PostProcessAssembly - 200 - application/grpc 3.0041ms
ExitCode: 0 Duration: 13s
Finished compiling graph: 670 nodes, 11786 flattened edges (9998 ToBuild, 106 ToUse), maximum node priority 719
[161/667    0s] WriteText Library/Bee/artifacts/900b0aE.dag/UnityEngine.TestRunner.rsp
[162/667    0s] WriteText Library/Bee/artifacts/900b0aE.dag/UnityEngine.UI.rsp
[163/667    0s] WriteText Library/Bee/artifacts/900b0aE.dag/UnityEngine.TestRunner.dll.mvfrm.rsp
[164/667    0s] WriteText Library/Bee/artifacts/900b0aE.dag/UnityEngine.UI.dll.mvfrm.rsp
[181/667    0s] WriteText Library/Bee/artifacts/900b0aE.dag/UnityEditor.UI.rsp
[182/667    0s] WriteText Library/Bee/artifacts/900b0aE.dag/Unity.Mathematics.dll.mvfrm.rsp
[184/667    0s] WriteText Library/Bee/artifacts/900b0aE.dag/Unity.Burst.dll.mvfrm.rsp
[189/667    0s] WriteText Library/Bee/artifacts/900b0aE.dag/Unity.Burst.rsp
[193/667    0s] WriteText Library/Bee/artifacts/900b0aE.dag/Unity.Collections.dll.mvfrm.rsp
[194/667    0s] WriteText Library/Bee/artifacts/900b0aE.dag/Unity.InputSystem.rsp
[201/667    0s] WriteText Library/Bee/artifacts/900b0aE.dag/Unity.Mathematics.rsp
[202/667    0s] WriteText Library/Bee/artifacts/900b0aE.dag/Unity.Collections.rsp
[207/667    0s] WriteText Library/Bee/artifacts/900b0aE.dag/Unity.RenderPipelines.Core.Runtime.dll.mvfrm.rsp
[209/667    0s] WriteText Library/Bee/artifacts/900b0aE.dag/Unity.InputSystem.dll.mvfrm.rsp
[216/667    0s] WriteText Library/Bee/artifacts/900b0aE.dag/Unity.UnifiedRayTracing.Runtime.dll.mvfrm.rsp
[219/667    0s] WriteText Library/Bee/artifacts/900b0aE.dag/Unity.UnifiedRayTracing.Runtime.rsp
[221/667    0s] WriteText Library/Bee/artifacts/900b0aE.dag/Unity.InternalAPIEngineBridge.RenderPipelines.Core.Runtime.Shared.dll.mvfrm.rsp
[224/667    0s] WriteText Library/Bee/artifacts/900b0aE.dag/Unity.RenderPipelines.Core.Runtime.rsp
[232/667    0s] WriteText Library/Bee/artifacts/900b0aE.dag/Unity.RenderPipelines.GPUDriven.Runtime.dll.mvfrm.rsp
[233/667    0s] WriteText Library/Bee/artifacts/900b0aE.dag/Unity.PathTracing.Runtime.dll.mvfrm.rsp
[234/667    0s] WriteText Library/Bee/artifacts/900b0aE.dag/Unity.InternalAPIEngineBridge.RenderPipelines.Core.Runtime.Shared.rsp
[235/667    0s] WriteText Library/Bee/artifacts/900b0aE.dag/Unity.PathTracing.Runtime.rsp
[236/667    0s] WriteText Library/Bee/artifacts/900b0aE.dag/Unity.RenderPipelines.GPUDriven.Runtime.rsp
[237/667    0s] WriteText Library/Bee/artifacts/900b0aE.dag/Unity.SurfaceCache.Runtime.dll.mvfrm.rsp
[238/667    0s] WriteText Library/Bee/artifacts/900b0aE.dag/Unity.PathTracing.Editor.rsp
[241/667    0s] WriteText Library/Bee/artifacts/900b0aE.dag/Unity.RenderPipelines.Universal.Config.Runtime.dll.mvfrm.rsp
[245/667    0s] WriteText Library/Bee/artifacts/900b0aE.dag/Unity.RenderPipelines.Universal.Config.Runtime.rsp
[248/667    0s] WriteText Library/Bee/artifacts/900b0aE.dag/Unity.RenderPipeline.Universal.ShaderLibrary.rsp
[255/667    0s] WriteText Library/Bee/artifacts/900b0aE.dag/Unity.SurfaceCache.Runtime.rsp
[256/667    0s] WriteText Library/Bee/artifacts/900b0aE.dag/Unity.RenderPipelines.Core.Runtime.Shared.rsp
[257/667    0s] WriteText Library/Bee/artifacts/900b0aE.dag/Unity.RenderPipeline.Universal.ShaderLibrary.dll.mvfrm.rsp
[261/667    0s] WriteText Library/Bee/artifacts/900b0aE.dag/Unity.RenderPipelines.Core.Runtime.Shared.dll.mvfrm.rsp
[262/667    0s] WriteText Library/Bee/artifacts/900b0aE.dag/Unity.RenderPipelines.Universal.Runtime.dll.mvfrm.rsp
[263/667    0s] WriteText Library/Bee/artifacts/900b0aE.dag/Unity.InternalAPIEngineBridge.RenderPipelines.Core.Editor.rsp
[265/667    0s] WriteText Library/Bee/artifacts/900b0aE.dag/Unity.InternalAPIEngineBridge.004.rsp
[269/667    0s] WriteText Library/Bee/artifacts/900b0aE.dag/Unity.ShaderGraph.Utilities.rsp
[270/667    0s] WriteText Library/Bee/artifacts/900b0aE.dag/Unity.InternalAPIEditorBridge.ShaderGraph.Editor.rsp
[271/667    0s] WriteText Library/Bee/artifacts/900b0aE.dag/Unity.InternalAPIEngineBridge.004.dll.mvfrm.rsp
[272/667    0s] WriteText Library/Bee/artifacts/900b0aE.dag/Unity.Searcher.Editor.rsp
[273/667    0s] WriteText Library/Bee/artifacts/900b0aE.dag/Unity.RenderPipelines.Universal.Runtime.rsp
[289/667    0s] WriteText Library/Bee/artifacts/900b0aE.dag/Unity.RenderPipelines.Core.Editor.rsp
[291/667    0s] WriteText Library/Bee/artifacts/900b0aE.dag/Unity.TextMeshPro.dll.mvfrm.rsp
[294/667    0s] WriteText Library/Bee/artifacts/900b0aE.dag/Unity.RenderPipelines.Universal.2D.Runtime.dll.mvfrm.rsp
[295/667    0s] WriteText Library/Bee/artifacts/900b0aE.dag/Unity.PerformanceTesting.dll.mvfrm.rsp
[296/667    0s] WriteText Library/Bee/artifacts/900b0aE.dag/Unity.2D.Sprite.Editor.rsp
[297/667    0s] WriteText Library/Bee/artifacts/900b0aE.dag/Unity.RenderPipelines.Universal.2D.Runtime.rsp
[300/667    0s] WriteText Library/Bee/artifacts/900b0aE.dag/LaMuralla.Core.rsp
[301/667    0s] WriteText Library/Bee/artifacts/900b0aE.dag/Unity.RenderPipelines.Core.Editor.Shared.rsp
[302/667    0s] WriteText Library/Bee/artifacts/900b0aE.dag/Unity.ShaderGraph.Editor.rsp
[303/667    0s] WriteText Library/Bee/artifacts/900b0aE.dag/Unity.Burst.Editor.rsp
[304/667    0s] WriteText Library/Bee/artifacts/900b0aE.dag/Unity.TextMeshPro.rsp
[305/667    0s] WriteText Library/Bee/artifacts/900b0aE.dag/Unity.PerformanceTesting.rsp
[306/667    0s] WriteText Library/Bee/artifacts/900b0aE.dag/Unity.RenderPipelines.Universal.Shaders.dll.mvfrm.rsp
[309/667    0s] WriteText Library/Bee/artifacts/900b0aE.dag/Unity.InputSystem.ForUI.dll.mvfrm.rsp
[321/667    0s] WriteText Library/Bee/artifacts/900b0aE.dag/LaMuralla.Unity.dll.mvfrm.rsp
[329/667    0s] WriteText Library/Bee/artifacts/900b0aE.dag/Unity.RenderPipelines.ShaderGraph.ShaderGraphLibrary.dll.mvfrm.rsp
[331/667    0s] WriteText Library/Bee/artifacts/900b0aE.dag/Unity.RenderPipelines.Core.ShaderLibrary.dll.mvfrm.rsp
[332/667    0s] WriteText Library/Bee/artifacts/900b0aE.dag/GoogleMobileAds.Editor.dll.mvfrm.rsp
[335/667    0s] WriteText Library/Bee/artifacts/900b0aE.dag/LaMuralla.Unity.rsp
[337/667    0s] WriteText Library/Bee/artifacts/900b0aE.dag/Unity.InputSystem.TestFramework.dll.mvfrm.rsp
[339/667    0s] WriteText Library/Bee/artifacts/900b0aE.dag/GoogleMobileAds.Editor.rsp2
[347/667    0s] WriteText Library/Bee/artifacts/900b0aE.dag/Unity.RenderPipelines.Universal.Shaders.rsp
[352/667    0s] WriteText Library/Bee/artifacts/900b0aE.dag/Unity.InputSystem.ForUI.rsp
[353/667    0s] WriteText Library/Bee/artifacts/900b0aE.dag/Unity.RenderPipelines.ShaderGraph.ShaderGraphLibrary.rsp
[354/667    0s] WriteText Library/Bee/artifacts/900b0aE.dag/GoogleMobileAds.Editor.UnityAdditionalFile.txt
[359/667    0s] WriteText Library/Bee/artifacts/900b0aE.dag/Unity.RenderPipelines.Core.ShaderLibrary.rsp
[363/667    0s] WriteText Library/Bee/artifacts/900b0aE.dag/Unity.InputSystem.TestFramework.rsp
[364/667    0s] WriteText Library/Bee/artifacts/900b0aE.dag/Unity.Collections.Editor.rsp
[365/667    0s] WriteText Library/Bee/artifacts/900b0aE.dag/Unity.TextMeshPro.Editor.rsp
[370/667    0s] WriteText Library/Bee/artifacts/900b0aE.dag/GoogleMobileAds.Editor.rsp
[371/667    0s] WriteText Library/Bee/artifacts/900b0aE.dag/Unity.Rendering.LightTransport.Editor.rsp
[372/667    0s] WriteText Library/Bee/artifacts/900b0aE.dag/Unity.RenderPipelines.Universal.2D.Editor.Overrides.rsp
[373/667    0s] WriteText Library/Bee/artifacts/900b0aE.dag/LaMuralla.Editor.rsp
[374/667    0s] WriteText Library/Bee/artifacts/900b0aE.dag/UnityEditor.UI.Analytics.rsp
[375/667    0s] WriteText Library/Bee/artifacts/900b0aE.dag/Unity.RenderPipelines.Universal.Editor.rsp
[376/667    0s] MovedFromExtractor-Combine Library/Bee/artifacts/900b0aE.dag/UnityEngine.TestRunner.dll.mvfrm
[377/667    0s] MovedFromExtractor-Combine Library/Bee/artifacts/900b0aE.dag/UnityEngine.UI.dll.mvfrm
[           0s] Csc Library/Bee/artifacts/900b0aE.dag/UnityEngine.TestRunner.dll (+2 others) [CacheMiss 899ef9f0f4c2ca3a51de862a808545a700000000000000000000000000000006]
[           0s] Csc Library/Bee/artifacts/900b0aE.dag/UnityEngine.UI.dll (+2 others) [CacheMiss 2b5e017ca367740cce662daf9638b47b00000000000000000000000000000006]
[378/667    0s] Csc Library/Bee/artifacts/900b0aE.dag/LaMuralla.Core.dll (+2 others)
Assets/_Project/Core/Match/AttackPlan.cs(47,22): warning CS8632: The annotation for nullable reference types should only be used in code within a '#nullable' annotations context.
Assets/_Project/Core/Match/GoalHealth.cs(51,45): warning CS8632: The annotation for nullable reference types should only be used in code within a '#nullable' annotations context.
Assets/_Project/Core/Match/GoalHealth.cs(52,28): warning CS8632: The annotation for nullable reference types should only be used in code within a '#nullable' annotations context.
Assets/_Project/Core/Match/AttackPlan.cs(51,58): warning CS8632: The annotation for nullable reference types should only be used in code within a '#nullable' annotations context.
Assets/_Project/Core/Config/ConfigModel.cs(75,26): warning CS8632: The annotation for nullable reference types should only be used in code within a '#nullable' annotations context.
Assets/_Project/Core/Match/EconomyService.cs(115,74): warning CS8632: The annotation for nullable reference types should only be used in code within a '#nullable' annotations context.
Assets/_Project/Core/Match/DamageSystem.cs(83,38): warning CS8632: The annotation for nullable reference types should only be used in code within a '#nullable' annotations context.
Assets/_Project/Core/Json/JsonValue.cs(61,25): warning CS8632: The annotation for nullable reference types should only be used in code within a '#nullable' annotations context.
Assets/_Project/Core/Match/DamageSystem.cs(111,69): warning CS8632: The annotation for nullable reference types should only be used in code within a '#nullable' annotations context.
Assets/_Project/Core/Match/DamageSystem.cs(15,22): warning CS8632: The annotation for nullable reference types should only be used in code within a '#nullable' annotations context.
Assets/_Project/Core/Match/DamageSystem.cs(24,44): warning CS8632: The annotation for nullable reference types should only be used in code within a '#nullable' annotations context.
Assets/_Project/Core/Match/EconomyService.cs(129,86): warning CS8632: The annotation for nullable reference types should only be used in code within a '#nullable' annotations context.
Assets/_Project/Core/Match/EconomyService.cs(176,48): warning CS8632: The annotation for nullable reference types should only be used in code within a '#nullable' annotations context.
Assets/_Project/Core/Config/ConfigModel.cs(155,22): warning CS8632: The annotation for nullable reference types should only be used in code within a '#nullable' annotations context.
Assets/_Project/Core/Match/MatchController.cs(142,33): warning CS8632: The annotation for nullable reference types should only be used in code within a '#nullable' annotations context.
Assets/_Project/Core/Match/MatchController.cs(143,33): warning CS8632: The annotation for nullable reference types should only be used in code within a '#nullable' annotations context.
Assets/_Project/Core/Match/MatchController.cs(144,40): warning CS8632: The annotation for nullable reference types should only be used in code within a '#nullable' annotations context.
Assets/_Project/Core/Match/MatchController.cs(148,52): warning CS8632: The annotation for nullable reference types should only be used in code within a '#nullable' annotations context.
Assets/_Project/Core/Match/MatchController.cs(537,39): warning CS8632: The annotation for nullable reference types should only be used in code within a '#nullable' annotations context.
Assets/_Project/Core/Match/MatchController.cs(542,39): warning CS8632: The annotation for nullable reference types should only be used in code within a '#nullable' annotations context.
Assets/_Project/Core/Match/MatchController.cs(546,50): warning CS8632: The annotation for nullable reference types should only be used in code within a '#nullable' annotations context.
Assets/_Project/Core/Match/MatchController.cs(551,48): warning CS8632: The annotation for nullable reference types should only be used in code within a '#nullable' annotations context.
Assets/_Project/Core/Match/UpgradeService.cs(42,69): warning CS8632: The annotation for nullable reference types should only be used in code within a '#nullable' annotations context.
Assets/_Project/Core/Match/UpgradeService.cs(57,57): warning CS8632: The annotation for nullable reference types should only be used in code within a '#nullable' annotations context.
Assets/_Project/Core/Match/UpgradeService.cs(111,26): warning CS8632: The annotation for nullable reference types should only be used in code within a '#nullable' annotations context.
Assets/_Project/Core/Match/TargetingSystem.cs(95,24): warning CS8632: The annotation for nullable reference types should only be used in code within a '#nullable' annotations context.
Assets/_Project/Core/Match/MatchController.cs(703,22): warning CS8632: The annotation for nullable reference types should only be used in code within a '#nullable' annotations context.
Assets/_Project/Core/Match/RewardedRecovery.cs(36,53): warning CS8632: The annotation for nullable reference types should only be used in code within a '#nullable' annotations context.
Assets/_Project/Core/Match/SlotManager.cs(116,29): warning CS8632: The annotation for nullable reference types should only be used in code within a '#nullable' annotations context.
Assets/_Project/Core/Match/SlotManager.cs(129,71): warning CS8632: The annotation for nullable reference types should only be used in code within a '#nullable' annotations context.
Assets/_Project/Core/Match/Vec2.cs(36,43): warning CS8632: The annotation for nullable reference types should only be used in code within a '#nullable' annotations context.
Assets/_Project/Core/Json/JsonValue.cs(56,50): warning CS8632: The annotation for nullable reference types should only be used in code within a '#nullable' annotations context.
Assets/_Project/Core/Json/JsonValue.cs(61,83): warning CS8632: The annotation for nullable reference types should only be used in code within a '#nullable' annotations context.
Assets/_Project/Core/Config/ConfigValidator.cs(57,52): warning CS8632: The annotation for nullable reference types should only be used in code within a '#nullable' annotations context.
Assets/_Project/Core/Match/WaveSpawner.cs(70,69): warning CS8632: The annotation for nullable reference types should only be used in code within a '#nullable' annotations context.
Assets/_Project/Core/Config/ConfigMapper.cs(121,22): warning CS8632: The annotation for nullable reference types should only be used in code within a '#nullable' annotations context.
Assets/_Project/Core/Match/MatchController.cs(70,61): warning CS8632: The annotation for nullable reference types should only be used in code within a '#nullable' annotations context.
Assets/_Project/Core/Match/MatchController.cs(188,18): warning CS8632: The annotation for nullable reference types should only be used in code within a '#nullable' annotations context.
Assets/_Project/Core/Match/SlotManager.cs(112,51): warning CS8632: The annotation for nullable reference types should only be used in code within a '#nullable' annotations context.
Assets/_Project/Core/Match/SlotManager.cs(117,60): warning CS8632: The annotation for nullable reference types should only be used in code within a '#nullable' annotations context.
Assets/_Project/Core/Match/SlotManager.cs(131,56): warning CS8632: The annotation for nullable reference types should only be used in code within a '#nullable' annotations context.
Assets/_Project/Core/Match/TargetingSystem.cs(101,14): warning CS8632: The annotation for nullable reference types should only be used in code within a '#nullable' annotations context.
Assets/_Project/Core/Match/SlowStack.cs(78,25): warning CS8632: The annotation for nullable reference types should only be used in code within a '#nullable' annotations context.
Assets/_Project/Core/Match/SlotManager.cs(166,52): warning CS8632: The annotation for nullable reference types should only be used in code within a '#nullable' annotations context.
Assets/_Project/Core/Match/SlotManager.cs(178,65): warning CS8632: The annotation for nullable reference types should only be used in code within a '#nullable' annotations context.
Assets/_Project/Core/Match/UpgradeService.cs(59,26): warning CS8632: The annotation for nullable reference types should only be used in code within a '#nullable' annotations context.
Assets/_Project/Core/Match/WaveSpawner.cs(151,23): warning CS8632: The annotation for nullable reference types should only be used in code within a '#nullable' annotations context.
Assets/_Project/Core/Match/UpgradeService.cs(96,26): warning CS8632: The annotation for nullable reference types should only be used in code within a '#nullable' annotations context.
Assets/_Project/Core/Match/UpgradeService.cs(113,26): warning CS8632: The annotation for nullable reference types should only be used in code within a '#nullable' annotations context.
Assets/_Project/Core/Config/ConfigValidator.cs(224,58): warning CS8632: The annotation for nullable reference types should only be used in code within a '#nullable' annotations context.
Assets/_Project/Core/Config/ConfigValidator.cs(260,74): warning CS8632: The annotation for nullable reference types should only be used in code within a '#nullable' annotations context.
Assets/_Project/Core/Match/AbilityEngine.cs(38,23): warning CS8632: The annotation for nullable reference types should only be used in code within a '#nullable' annotations context.
Assets/_Project/Core/Config/ConfigValidator.cs(280,69): warning CS8632: The annotation for nullable reference types should only be used in code within a '#nullable' annotations context.
Assets/_Project/Core/Config/ConfigValidator.cs(294,89): warning CS8632: The annotation for nullable reference types should only be used in code within a '#nullable' annotations context.
Assets/_Project/Core/Match/AbilityEngine.cs(200,58): warning CS8632: The annotation for nullable reference types should only be used in code within a '#nullable' annotations context.
Assets/_Project/Core/Match/MatchController.cs(304,57): warning CS8632: The annotation for nullable reference types should only be used in code within a '#nullable' annotations context.
Assets/_Project/Core/Config/ConfigValidator.cs(338,81): warning CS8632: The annotation for nullable reference types should only be used in code within a '#nullable' annotations context.
Assets/_Project/Core/Config/ConfigValidator.cs(368,78): warning CS8632: The annotation for nullable reference types should only be used in code within a '#nullable' annotations context.
Assets/_Project/Core/Match/MatchController.cs(379,27): warning CS8632: The annotation for nullable reference types should only be used in code within a '#nullable' annotations context.
Assets/_Project/Core/Match/MatchController.cs(439,18): warning CS8632: The annotation for nullable reference types should only be used in code within a '#nullable' annotations context.
Assets/_Project/Core/Match/MatchController.cs(459,23): warning CS8632: The annotation for nullable reference types should only be used in code within a '#nullable' annotations context.
Assets/_Project/Core/Match/MatchController.cs(469,23): warning CS8632: The annotation for nullable reference types should only be used in code within a '#nullable' annotations context.
Assets/_Project/Core/Match/MatchController.cs(475,18): warning CS8632: The annotation for nullable reference types should only be used in code within a '#nullable' annotations context.
Assets/_Project/Core/Match/MatchController.cs(506,18): warning CS8632: The annotation for nullable reference types should only be used in code within a '#nullable' annotations context.
Assets/_Project/Core/Match/MatchController.cs(570,26): warning CS8632: The annotation for nullable reference types should only be used in code within a '#nullable' annotations context.
Assets/_Project/Core/Match/MatchController.cs(621,27): warning CS8632: The annotation for nullable reference types should only be used in code within a '#nullable' annotations context.
Assets/_Project/Core/Match/MatchController.cs(652,22): warning CS8632: The annotation for nullable reference types should only be used in code within a '#nullable' annotations context.
Assets/_Project/Core/Match/MatchController.cs(703,71): warning CS8632: The annotation for nullable reference types should only be used in code within a '#nullable' annotations context.
Assets/_Project/Core/Match/MatchController.cs(707,49): warning CS8632: The annotation for nullable reference types should only be used in code within a '#nullable' annotations context.
Assets/_Project/Core/Match/MatchController.cs(675,35): warning CS8632: The annotation for nullable reference types should only be used in code within a '#nullable' annotations context.
Assets/_Project/Core/Match/MatchController.cs(727,53): warning CS8632: The annotation for nullable reference types should only be used in code within a '#nullable' annotations context.
Assets/_Project/Core/Match/MatchController.cs(730,53): warning CS8632: The annotation for nullable reference types should only be used in code within a '#nullable' annotations context.
[379/667    0s] Csc Library/Bee/artifacts/900b0aE.dag/UnityEngine.TestRunner.dll (+2 others)
[380/667    0s] Csc Library/Bee/artifacts/900b0aE.dag/UnityEngine.UI.dll (+2 others)
[           0s] Csc Library/Bee/artifacts/900b0aE.dag/UnityEngine.UI.dll (+2 others) [CacheWrite 2b5e017ca367740cce662daf9638b47b00000000000000000000000000000006]
[           0s] Csc Library/Bee/artifacts/900b0aE.dag/UnityEngine.TestRunner.dll (+2 others) [CacheWrite 899ef9f0f4c2ca3a51de862a808545a700000000000000000000000000000006]
[384/667    0s] CopyFiles Library/ScriptAssemblies/UnityEngine.TestRunner.pdb
[385/667    0s] CopyFiles Library/ScriptAssemblies/UnityEngine.TestRunner.dll
[389/667    0s] CopyFiles Library/ScriptAssemblies/UnityEditor.TestRunner.pdb
[390/667    0s] CopyFiles Library/ScriptAssemblies/UnityEditor.TestRunner.dll
[           0s] Csc Library/Bee/artifacts/900b0aE.dag/UnityEditor.UI.dll (+2 others) [CacheMiss 7d3d490a23e74fdf3d2a7972d5dc640300000000000000000000000000000006]
[391/667    0s] Csc Library/Bee/artifacts/900b0aE.dag/UnityEditor.UI.dll (+2 others)
[           0s] Csc Library/Bee/artifacts/900b0aE.dag/UnityEditor.UI.dll (+2 others) [CacheWrite 7d3d490a23e74fdf3d2a7972d5dc640300000000000000000000000000000006]
[           0s] Csc Library/Bee/artifacts/900b0aE.dag/Unity.InternalAPIEngineBridge.RenderPipelines.Core.Editor.dll (+2 others) [CacheMiss 1ba4c0f9a8b307a41a23ebd8f6ee00c100000000000000000000000000000006]
[           0s] Csc Library/Bee/artifacts/900b0aE.dag/Unity.ShaderGraph.Utilities.dll (+2 others) [CacheMiss bde21d3ba0bdd7a87883afe8b72d387800000000000000000000000000000006]
[           0s] Csc Library/Bee/artifacts/900b0aE.dag/Unity.InternalAPIEditorBridge.ShaderGraph.Editor.dll (+2 others) [CacheMiss 4731dce10b4891b744a72ded34b1249c00000000000000000000000000000006]
[           0s] Csc Library/Bee/artifacts/900b0aE.dag/Unity.Searcher.Editor.dll (+2 others) [CacheMiss 9b5ead4a45ee7edf19f3df31b258c05100000000000000000000000000000006]
[397/667    0s] MovedFromExtractor-Combine Library/Bee/artifacts/900b0aE.dag/Unity.InternalAPIEngineBridge.004.dll.mvfrm
[           0s] Csc Library/Bee/artifacts/900b0aE.dag/Unity.InternalAPIEngineBridge.004.dll (+2 others) [CacheMiss 663faaf57d780ed594883777c68b474d00000000000000000000000000000006]
[398/667    0s] MovedFromExtractor-Combine Library/Bee/artifacts/900b0aE.dag/Unity.PerformanceTesting.dll.mvfrm
[399/667    0s] MovedFromExtractor-Combine Library/Bee/artifacts/900b0aE.dag/Unity.InternalAPIEngineBridge.RenderPipelines.Core.Runtime.Shared.dll.mvfrm
[400/667    0s] MovedFromExtractor-Combine Library/Bee/artifacts/900b0aE.dag/Unity.Mathematics.dll.mvfrm
[402/667    0s] MovedFromExtractor-Combine Library/Bee/artifacts/900b0aE.dag/Unity.InputSystem.dll.mvfrm
[403/667    0s] MovedFromExtractor-Combine Library/Bee/artifacts/900b0aE.dag/Unity.Burst.dll.mvfrm
[           0s] Csc Library/Bee/artifacts/900b0aE.dag/Unity.InternalAPIEngineBridge.RenderPipelines.Core.Runtime.Shared.dll (+2 others) [CacheMiss 61ec37778db7ddd2898b7361b4fe6ad300000000000000000000000000000006]
[           0s] Csc Library/Bee/artifacts/900b0aE.dag/Unity.Mathematics.dll (+2 others) [CacheMiss 5d834ec8e159fd5fc139319356891f5f00000000000000000000000000000006]
[           0s] Csc Library/Bee/artifacts/900b0aE.dag/Unity.2D.Sprite.Editor.dll (+2 others) [CacheMiss 34ce894c78c810a1d6445bb88ec9a60a00000000000000000000000000000006]
[           0s] Csc Library/Bee/artifacts/900b0aE.dag/Unity.Burst.dll (+2 others) [CacheMiss ee04b736673997dd21c3384fdae228d100000000000000000000000000000006]
[           0s] Csc Library/Bee/artifacts/900b0aE.dag/Unity.InputSystem.dll (+2 others) [CacheMiss 6c7b42aa2dd1e1804c0f62e80ec3c85200000000000000000000000000000006]
[404/667    0s] Csc Library/Bee/artifacts/900b0aE.dag/Unity.InternalAPIEngineBridge.004.dll (+2 others)
[           0s] Csc Library/Bee/artifacts/900b0aE.dag/Unity.InternalAPIEngineBridge.004.dll (+2 others) [CacheWrite 663faaf57d780ed594883777c68b474d00000000000000000000000000000006]
[406/667    0s] Csc Library/Bee/artifacts/900b0aE.dag/Unity.InternalAPIEditorBridge.ShaderGraph.Editor.dll (+2 others)
[407/667    0s] Csc Library/Bee/artifacts/900b0aE.dag/Unity.Searcher.Editor.dll (+2 others)
[           0s] Csc Library/Bee/artifacts/900b0aE.dag/Unity.InternalAPIEditorBridge.ShaderGraph.Editor.dll (+2 others) [CacheWrite 4731dce10b4891b744a72ded34b1249c00000000000000000000000000000006]
[           0s] Csc Library/Bee/artifacts/900b0aE.dag/Unity.Searcher.Editor.dll (+2 others) [CacheWrite 9b5ead4a45ee7edf19f3df31b258c05100000000000000000000000000000006]
[410/667    0s] MovedFromExtractor-Combine Library/Bee/artifacts/900b0aE.dag/Unity.TextMeshPro.dll.mvfrm
[           0s] Csc Library/Bee/artifacts/900b0aE.dag/Unity.TextMeshPro.dll (+2 others) [CacheMiss dfb881a71099e2d965b578c79f0576b900000000000000000000000000000006]
[           0s] Csc Library/Bee/artifacts/900b0aE.dag/Unity.PerformanceTesting.dll (+2 others) [CacheMiss 1a1d9d04b4f21977c6061ac8f83760a500000000000000000000000000000006]
[411/667    0s] MovedFromExtractor-Combine Library/Bee/artifacts/900b0aE.dag/Unity.RenderPipelines.Universal.Shaders.dll.mvfrm
[412/667    0s] Csc Library/Bee/artifacts/900b0aE.dag/Unity.InternalAPIEngineBridge.RenderPipelines.Core.Editor.dll (+2 others)
[           0s] Csc Library/Bee/artifacts/900b0aE.dag/Unity.InternalAPIEngineBridge.RenderPipelines.Core.Editor.dll (+2 others) [CacheWrite 1ba4c0f9a8b307a41a23ebd8f6ee00c100000000000000000000000000000006]
[414/667    0s] Csc Library/Bee/artifacts/900b0aE.dag/Unity.ShaderGraph.Utilities.dll (+2 others)
[415/667    0s] Csc Library/Bee/artifacts/900b0aE.dag/Unity.Mathematics.dll (+2 others)
[           0s] Csc Library/Bee/artifacts/900b0aE.dag/Unity.Mathematics.dll (+2 others) [CacheWrite 5d834ec8e159fd5fc139319356891f5f00000000000000000000000000000006]
[           0s] Csc Library/Bee/artifacts/900b0aE.dag/Unity.ShaderGraph.Utilities.dll (+2 others) [CacheWrite bde21d3ba0bdd7a87883afe8b72d387800000000000000000000000000000006]
[           0s] Csc Library/Bee/artifacts/900b0aE.dag/Unity.RenderPipelines.Universal.Shaders.dll (+2 others) [CacheMiss 807b0cd0bf2b6b0060b93d9903b58c5000000000000000000000000000000006]
[419/667    0s] MovedFromExtractor-Combine Library/Bee/artifacts/900b0aE.dag/Unity.RenderPipelines.ShaderGraph.ShaderGraphLibrary.dll.mvfrm
[           0s] Csc Library/Bee/artifacts/900b0aE.dag/Unity.RenderPipelines.ShaderGraph.ShaderGraphLibrary.dll (+2 others) [CacheMiss 698103aff11d56b061327c65b94cc97e00000000000000000000000000000006]
[420/667    0s] MovedFromExtractor-Combine Library/Bee/artifacts/900b0aE.dag/GoogleMobileAds.Editor.dll.mvfrm
[           0s] Csc Library/Bee/artifacts/900b0aE.dag/GoogleMobileAds.Editor.dll (+2 others) [CacheMiss a04c8f189106bbdc1978d703d8d252ec00000000000000000000000000000006]
[421/667    0s] Csc Library/Bee/artifacts/900b0aE.dag/Unity.PerformanceTesting.dll (+2 others)
[422/667    0s] MovedFromExtractor-Combine Library/Bee/artifacts/900b0aE.dag/Unity.RenderPipelines.Core.ShaderLibrary.dll.mvfrm
[           0s] Csc Library/Bee/artifacts/900b0aE.dag/Unity.RenderPipelines.Core.ShaderLibrary.dll (+2 others) [CacheMiss f274d3665b60989909354409fd98192500000000000000000000000000000006]
[           0s] Csc Library/Bee/artifacts/900b0aE.dag/Unity.PerformanceTesting.dll (+2 others) [CacheWrite 1a1d9d04b4f21977c6061ac8f83760a500000000000000000000000000000006]
[           0s] Csc Library/Bee/artifacts/900b0aE.dag/Unity.Rendering.LightTransport.Editor.dll (+2 others) [CacheMiss ff9105d97b3922be76ef9449c28116f900000000000000000000000000000006]
[426/667    0s] Csc Library/Bee/artifacts/900b0aE.dag/Unity.RenderPipelines.Universal.Shaders.dll (+2 others)
[           0s] Csc Library/Bee/artifacts/900b0aE.dag/Unity.RenderPipelines.Universal.Shaders.dll (+2 others) [CacheWrite 807b0cd0bf2b6b0060b93d9903b58c5000000000000000000000000000000006]
[431/667    0s] CopyFiles Library/ScriptAssemblies/Unity.Rider.Editor.pdb
[432/667    0s] CopyFiles Library/ScriptAssemblies/Unity.Rider.Editor.dll
[433/667    0s] CopyFiles Library/ScriptAssemblies/Unity.VisualStudio.Editor.pdb
[434/667    0s] CopyFiles Library/ScriptAssemblies/Unity.VisualStudio.Editor.dll
[435/667    0s] Csc Library/Bee/artifacts/900b0aE.dag/Unity.RenderPipelines.ShaderGraph.ShaderGraphLibrary.dll (+2 others)
[           0s] Csc Library/Bee/artifacts/900b0aE.dag/Unity.RenderPipelines.ShaderGraph.ShaderGraphLibrary.dll (+2 others) [CacheWrite 698103aff11d56b061327c65b94cc97e00000000000000000000000000000006]
[436/667    0s] Csc Library/Bee/artifacts/900b0aE.dag/Unity.RenderPipelines.Core.ShaderLibrary.dll (+2 others)
[           0s] Csc Library/Bee/artifacts/900b0aE.dag/Unity.RenderPipelines.Core.ShaderLibrary.dll (+2 others) [CacheWrite f274d3665b60989909354409fd98192500000000000000000000000000000006]
[437/667    0s] Csc Library/Bee/artifacts/900b0aE.dag/Unity.Rendering.LightTransport.Editor.dll (+2 others)
[           0s] Csc Library/Bee/artifacts/900b0aE.dag/Unity.Rendering.LightTransport.Editor.dll (+2 others) [CacheWrite ff9105d97b3922be76ef9449c28116f900000000000000000000000000000006]
[438/667    0s] Csc Library/Bee/artifacts/900b0aE.dag/GoogleMobileAds.Editor.dll (+2 others)
[           0s] Csc Library/Bee/artifacts/900b0aE.dag/GoogleMobileAds.Editor.dll (+2 others) [CacheWrite a04c8f189106bbdc1978d703d8d252ec00000000000000000000000000000006]
[439/667    1s] Csc Library/Bee/artifacts/900b0aE.dag/Unity.InternalAPIEngineBridge.RenderPipelines.Core.Runtime.Shared.dll (+2 others)
[           0s] Csc Library/Bee/artifacts/900b0aE.dag/Unity.InternalAPIEngineBridge.RenderPipelines.Core.Runtime.Shared.dll (+2 others) [CacheWrite 61ec37778db7ddd2898b7361b4fe6ad300000000000000000000000000000006]
[441/667    1s] Csc Library/Bee/artifacts/900b0aE.dag/Unity.2D.Sprite.Editor.dll (+2 others)
[           0s] Csc Library/Bee/artifacts/900b0aE.dag/Unity.2D.Sprite.Editor.dll (+2 others) [CacheWrite 34ce894c78c810a1d6445bb88ec9a60a00000000000000000000000000000006]
[444/667    2s] Csc Library/Bee/artifacts/900b0aE.dag/Unity.Burst.dll (+2 others)
[           0s] Csc Library/Bee/artifacts/900b0aE.dag/Unity.Burst.dll (+2 others) [CacheWrite ee04b736673997dd21c3384fdae228d100000000000000000000000000000006]
[449/667    0s] CopyFiles Library/ScriptAssemblies/Unity.Burst.CodeGen.pdb
[450/667    0s] CopyFiles Library/ScriptAssemblies/Unity.Burst.CodeGen.dll
[           0s] Csc Library/Bee/artifacts/900b0aE.dag/Unity.Burst.Editor.dll (+2 others) [CacheMiss 8314c6e26e8841da33753bcdf9d406a800000000000000000000000000000006]
[451/667    0s] MovedFromExtractor-Combine Library/Bee/artifacts/900b0aE.dag/Unity.Collections.dll.mvfrm
[           0s] Csc Library/Bee/artifacts/900b0aE.dag/Unity.Collections.dll (+2 others) [CacheMiss dce1ec71c567fd8412ad8d75ca0ebf7d00000000000000000000000000000006]
[452/667    1s] Csc Library/Bee/artifacts/900b0aE.dag/Unity.TextMeshPro.dll (+2 others)
[           0s] Csc Library/Bee/artifacts/900b0aE.dag/Unity.TextMeshPro.dll (+2 others) [CacheWrite dfb881a71099e2d965b578c79f0576b900000000000000000000000000000006]
[           0s] Csc Library/Bee/artifacts/900b0aE.dag/UnityEditor.UI.Analytics.dll (+2 others) [CacheMiss 50e91c9fbc51f2054deda6ef9d8332ee00000000000000000000000000000006]
[455/667    0s] Csc Library/Bee/artifacts/900b0aE.dag/UnityEditor.UI.Analytics.dll (+2 others)
[           0s] Csc Library/Bee/artifacts/900b0aE.dag/UnityEditor.UI.Analytics.dll (+2 others) [CacheWrite 50e91c9fbc51f2054deda6ef9d8332ee00000000000000000000000000000006]
[456/667    4s] Csc Library/Bee/artifacts/900b0aE.dag/Unity.InputSystem.dll (+2 others)
[           0s] Csc Library/Bee/artifacts/900b0aE.dag/Unity.InputSystem.dll (+2 others) [CacheWrite 6c7b42aa2dd1e1804c0f62e80ec3c85200000000000000000000000000000006]
[460/667    0s] MovedFromExtractor-Combine Library/Bee/artifacts/900b0aE.dag/LaMuralla.Unity.dll.mvfrm
[461/667    0s] MovedFromExtractor-Combine Library/Bee/artifacts/900b0aE.dag/Unity.InputSystem.TestFramework.dll.mvfrm
[462/667    0s] MovedFromExtractor-Combine Library/Bee/artifacts/900b0aE.dag/Unity.InputSystem.ForUI.dll.mvfrm
[           0s] Csc Library/Bee/artifacts/900b0aE.dag/Unity.InputSystem.ForUI.dll (+2 others) [CacheMiss 2ecc855cc44ab79586eab572614a103300000000000000000000000000000006]
[           0s] Csc Library/Bee/artifacts/900b0aE.dag/Unity.InputSystem.TestFramework.dll (+2 others) [CacheMiss 20e59901780582f16f11e445948098fc00000000000000000000000000000006]
[463/667    0s] Csc Library/Bee/artifacts/900b0aE.dag/Unity.InputSystem.TestFramework.dll (+2 others)
[           0s] Csc Library/Bee/artifacts/900b0aE.dag/Unity.InputSystem.TestFramework.dll (+2 others) [CacheWrite 20e59901780582f16f11e445948098fc00000000000000000000000000000006]
[464/667    0s] Csc Library/Bee/artifacts/900b0aE.dag/LaMuralla.Unity.dll (+2 others)
Assets/_Project/Unity/AudioService.cs(25,37): warning CS8632: The annotation for nullable reference types should only be used in code within a '#nullable' annotations context.
Assets/_Project/Unity/Draw.cs(88,61): warning CS8632: The annotation for nullable reference types should only be used in code within a '#nullable' annotations context.
Assets/_Project/Unity/BakedConfig.cs(48,22): warning CS8632: The annotation for nullable reference types should only be used in code within a '#nullable' annotations context.
Assets/_Project/Unity/Draw.cs(101,74): warning CS8632: The annotation for nullable reference types should only be used in code within a '#nullable' annotations context.
Assets/_Project/Unity/Draw.cs(15,42): warning CS8632: The annotation for nullable reference types should only be used in code within a '#nullable' annotations context.
Assets/_Project/Unity/AudioService.cs(93,26): warning CS8632: The annotation for nullable reference types should only be used in code within a '#nullable' annotations context.
Assets/_Project/Unity/Draw.cs(16,42): warning CS8632: The annotation for nullable reference types should only be used in code within a '#nullable' annotations context.
Assets/_Project/Unity/Draw.cs(17,30): warning CS8632: The annotation for nullable reference types should only be used in code within a '#nullable' annotations context.
Assets/_Project/Unity/Draw.cs(50,32): warning CS8632: The annotation for nullable reference types should only be used in code within a '#nullable' annotations context.
Assets/_Project/Unity/Icons.cs(33,61): warning CS8632: The annotation for nullable reference types should only be used in code within a '#nullable' annotations context.
Assets/_Project/Unity/MapProgress.cs(67,29): warning CS8632: The annotation for nullable reference types should only be used in code within a '#nullable' annotations context.
Assets/_Project/Unity/AudioService.cs(33,54): warning CS8632: The annotation for nullable reference types should only be used in code within a '#nullable' annotations context.
Assets/_Project/Unity/Hud.cs(464,26): warning CS8632: The annotation for nullable reference types should only be used in code within a '#nullable' annotations context.
Assets/_Project/Unity/Hud.cs(506,38): warning CS8632: The annotation for nullable reference types should only be used in code within a '#nullable' annotations context.
Assets/_Project/Unity/Hud.cs(598,36): warning CS8632: The annotation for nullable reference types should only be used in code within a '#nullable' annotations context.
Assets/_Project/Unity/MapSelect.cs(154,100): warning CS8632: The annotation for nullable reference types should only be used in code within a '#nullable' annotations context.
Assets/_Project/Unity/MapSelect.cs(18,29): warning CS8632: The annotation for nullable reference types should only be used in code within a '#nullable' annotations context.
Assets/_Project/Unity/Hud.cs(26,23): warning CS8632: The annotation for nullable reference types should only be used in code within a '#nullable' annotations context.
Assets/_Project/Unity/Hud.cs(30,25): warning CS8632: The annotation for nullable reference types should only be used in code within a '#nullable' annotations context.
Assets/_Project/Unity/MapSelect.cs(25,26): warning CS8632: The annotation for nullable reference types should only be used in code within a '#nullable' annotations context.
Assets/_Project/Unity/Hud.cs(40,32): warning CS8632: The annotation for nullable reference types should only be used in code within a '#nullable' annotations context.
Assets/_Project/Unity/MapSelect.cs(26,26): warning CS8632: The annotation for nullable reference types should only be used in code within a '#nullable' annotations context.
Assets/_Project/Unity/Hud.cs(41,32): warning CS8632: The annotation for nullable reference types should only be used in code within a '#nullable' annotations context.
Assets/_Project/Unity/MapSelect.cs(27,21): warning CS8632: The annotation for nullable reference types should only be used in code within a '#nullable' annotations context.
Assets/_Project/Unity/MapSelect.cs(28,21): warning CS8632: The annotation for nullable reference types should only be used in code within a '#nullable' annotations context.
Assets/_Project/Unity/MapSelect.cs(30,25): warning CS8632: The annotation for nullable reference types should only be used in code within a '#nullable' annotations context.
Assets/_Project/Unity/MapSelect.cs(31,25): warning CS8632: The annotation for nullable reference types should only be used in code within a '#nullable' annotations context.
Assets/_Project/Unity/MapSelect.cs(32,25): warning CS8632: The annotation for nullable reference types should only be used in code within a '#nullable' annotations context.
Assets/_Project/Unity/MapSelect.cs(33,25): warning CS8632: The annotation for nullable reference types should only be used in code within a '#nullable' annotations context.
Assets/_Project/Unity/MapSelect.cs(34,25): warning CS8632: The annotation for nullable reference types should only be used in code within a '#nullable' annotations context.
Assets/_Project/Unity/MapSelect.cs(35,25): warning CS8632: The annotation for nullable reference types should only be used in code within a '#nullable' annotations context.
Assets/_Project/Unity/MapSelect.cs(36,25): warning CS8632: The annotation for nullable reference types should only be used in code within a '#nullable' annotations context.
Assets/_Project/Unity/MapSelect.cs(37,25): warning CS8632: The annotation for nullable reference types should only be used in code within a '#nullable' annotations context.
Assets/_Project/Unity/MatchView.cs(693,60): warning CS8632: The annotation for nullable reference types should only be used in code within a '#nullable' annotations context.
Assets/_Project/Unity/PerfHud.cs(41,25): warning CS8632: The annotation for nullable reference types should only be used in code within a '#nullable' annotations context.
Assets/_Project/Unity/MatchView.cs(1239,42): warning CS8632: The annotation for nullable reference types should only be used in code within a '#nullable' annotations context.
Assets/_Project/Unity/Pitch.cs(201,33): warning CS8632: The annotation for nullable reference types should only be used in code within a '#nullable' annotations context.
Assets/_Project/Unity/Pitch.cs(242,30): warning CS8632: The annotation for nullable reference types should only be used in code within a '#nullable' annotations context.
Assets/_Project/Unity/MatchView.cs(1444,54): warning CS8632: The annotation for nullable reference types should only be used in code within a '#nullable' annotations context.
Assets/_Project/Unity/PerfHud.cs(44,27): warning CS8632: The annotation for nullable reference types should only be used in code within a '#nullable' annotations context.
Assets/_Project/Unity/MatchView.cs(1518,24): warning CS8632: The annotation for nullable reference types should only be used in code within a '#nullable' annotations context.
Assets/_Project/Unity/MatchView.cs(1520,36): warning CS8632: The annotation for nullable reference types should only be used in code within a '#nullable' annotations context.
Assets/_Project/Unity/MatchView.cs(1542,45): warning CS8632: The annotation for nullable reference types should only be used in code within a '#nullable' annotations context.
Assets/_Project/Unity/MatchView.cs(1560,24): warning CS8632: The annotation for nullable reference types should only be used in code within a '#nullable' annotations context.
Assets/_Project/Unity/MatchView.cs(1571,24): warning CS8632: The annotation for nullable reference types should only be used in code within a '#nullable' annotations context.
Assets/_Project/Unity/MatchView.cs(75,30): warning CS8632: The annotation for nullable reference types should only be used in code within a '#nullable' annotations context.
Assets/_Project/Unity/MatchView.cs(76,30): warning CS8632: The annotation for nullable reference types should only be used in code within a '#nullable' annotations context.
Assets/_Project/Unity/MatchView.cs(77,30): warning CS8632: The annotation for nullable reference types should only be used in code within a '#nullable' annotations context.
Assets/_Project/Unity/MatchView.cs(78,30): warning CS8632: The annotation for nullable reference types should only be used in code within a '#nullable' annotations context.
Assets/_Project/Unity/MatchView.cs(87,29): warning CS8632: The annotation for nullable reference types should only be used in code within a '#nullable' annotations context.
Assets/_Project/Unity/MatchView.cs(544,32): warning CS8632: The annotation for nullable reference types should only be used in code within a '#nullable' annotations context.
Assets/_Project/Unity/Hud.cs(42,32): warning CS8632: The annotation for nullable reference types should only be used in code within a '#nullable' annotations context.
Assets/_Project/Unity/Hud.cs(43,32): warning CS8632: The annotation for nullable reference types should only be used in code within a '#nullable' annotations context.
Assets/_Project/Unity/Hud.cs(92,28): warning CS8632: The annotation for nullable reference types should only be used in code within a '#nullable' annotations context.
Assets/_Project/Unity/MatchView.cs(1226,70): warning CS8632: The annotation for nullable reference types should only be used in code within a '#nullable' annotations context.
Assets/_Project/Unity/Hud.cs(462,54): warning CS8632: The annotation for nullable reference types should only be used in code within a '#nullable' annotations context.
Assets/_Project/Unity/Hud.cs(822,32): warning CS8632: The annotation for nullable reference types should only be used in code within a '#nullable' annotations context.
Assets/_Project/Unity/Hud.cs(365,37): warning CS8632: The annotation for nullable reference types should only be used in code within a '#nullable' annotations context.
Assets/_Project/Unity/Icons.cs(39,54): warning CS8632: The annotation for nullable reference types should only be used in code within a '#nullable' annotations context.
Assets/_Project/Unity/AudioService.cs(83,22): warning CS8632: The annotation for nullable reference types should only be used in code within a '#nullable' annotations context.
Assets/_Project/Unity/AudioService.cs(95,54): warning CS8632: The annotation for nullable reference types should only be used in code within a '#nullable' annotations context.
Assets/_Project/Unity/MatchView.cs(220,19): warning CS8632: The annotation for nullable reference types should only be used in code within a '#nullable' annotations context.
Assets/_Project/Unity/Draw.cs(159,64): warning CS8632: The annotation for nullable reference types should only be used in code within a '#nullable' annotations context.
Assets/_Project/Unity/Hud.cs(466,56): warning CS8632: The annotation for nullable reference types should only be used in code within a '#nullable' annotations context.
Assets/_Project/Unity/MatchView.cs(485,26): warning CS8632: The annotation for nullable reference types should only be used in code within a '#nullable' annotations context.
Assets/_Project/Unity/MatchView.cs(824,64): warning CS8632: The annotation for nullable reference types should only be used in code within a '#nullable' annotations context.
Assets/_Project/Unity/MatchView.cs(840,60): warning CS8632: The annotation for nullable reference types should only be used in code within a '#nullable' annotations context.
Assets/_Project/Unity/Hud.cs(691,19): warning CS8632: The annotation for nullable reference types should only be used in code within a '#nullable' annotations context.
Assets/_Project/Unity/Hud.cs(705,26): warning CS8632: The annotation for nullable reference types should only be used in code within a '#nullable' annotations context.
Assets/_Project/Unity/Hud.cs(758,26): warning CS8632: The annotation for nullable reference types should only be used in code within a '#nullable' annotations context.
Assets/_Project/Unity/Hud.cs(784,23): warning CS8632: The annotation for nullable reference types should only be used in code within a '#nullable' annotations context.
Assets/_Project/Unity/MatchView.cs(861,61): warning CS8632: The annotation for nullable reference types should only be used in code within a '#nullable' annotations context.
Assets/_Project/Unity/Hud.cs(865,23): warning CS8632: The annotation for nullable reference types should only be used in code within a '#nullable' annotations context.
Assets/_Project/Unity/Hud.cs(866,87): warning CS8632: The annotation for nullable reference types should only be used in code within a '#nullable' annotations context.
Assets/_Project/Unity/Hud.cs(868,81): warning CS8632: The annotation for nullable reference types should only be used in code within a '#nullable' annotations context.
Assets/_Project/Unity/MatchView.cs(906,61): warning CS8632: The annotation for nullable reference types should only be used in code within a '#nullable' annotations context.
Assets/_Project/Unity/MatchView.cs(911,62): warning CS8632: The annotation for nullable reference types should only be used in code within a '#nullable' annotations context.
Assets/_Project/Unity/Hud.cs(893,22): warning CS8632: The annotation for nullable reference types should only be used in code within a '#nullable' annotations context.
Assets/_Project/Unity/MatchView.cs(1154,63): warning CS8632: The annotation for nullable reference types should only be used in code within a '#nullable' annotations context.
Assets/_Project/Unity/MatchView.cs(1170,66): warning CS8632: The annotation for nullable reference types should only be used in code within a '#nullable' annotations context.
Assets/_Project/Unity/MatchView.cs(1241,73): warning CS8632: The annotation for nullable reference types should only be used in code within a '#nullable' annotations context.
Assets/_Project/Unity/MatchView.cs(1306,64): warning CS8632: The annotation for nullable reference types should only be used in code within a '#nullable' annotations context.
Assets/_Project/Unity/MatchView.cs(1318,67): warning CS8632: The annotation for nullable reference types should only be used in code within a '#nullable' annotations context.
Assets/_Project/Unity/MatchView.cs(1326,73): warning CS8632: The annotation for nullable reference types should only be used in code within a '#nullable' annotations context.
Assets/_Project/Unity/MatchView.cs(1348,63): warning CS8632: The annotation for nullable reference types should only be used in code within a '#nullable' annotations context.
Assets/_Project/Unity/MatchView.cs(1349,61): warning CS8632: The annotation for nullable reference types should only be used in code within a '#nullable' annotations context.
Assets/_Project/Unity/MatchView.cs(1367,64): warning CS8632: The annotation for nullable reference types should only be used in code within a '#nullable' annotations context.
Assets/_Project/Unity/MatchView.cs(1376,69): warning CS8632: The annotation for nullable reference types should only be used in code within a '#nullable' annotations context.
Assets/_Project/Unity/MatchView.cs(1425,68): warning CS8632: The annotation for nullable reference types should only be used in code within a '#nullable' annotations context.
Assets/_Project/Unity/MatchView.cs(1482,66): warning CS8632: The annotation for nullable reference types should only be used in code within a '#nullable' annotations context.
Assets/_Project/Unity/MatchView.cs(1512,20): warning CS8632: The annotation for nullable reference types should only be used in code within a '#nullable' annotations context.
Assets/_Project/Unity/MatchView.cs(1547,26): warning CS8632: The annotation for nullable reference types should only be used in code within a '#nullable' annotations context.
Assets/_Project/Unity/MatchView.cs(1574,20): warning CS8632: The annotation for nullable reference types should only be used in code within a '#nullable' annotations context.
Assets/_Project/Unity/MatchView.cs(1707,60): warning CS8632: The annotation for nullable reference types should only be used in code within a '#nullable' annotations context.
[465/667    0s] Csc Library/Bee/artifacts/900b0aE.dag/Unity.InputSystem.ForUI.dll (+2 others)
[466/667    2s] Csc Library/Bee/artifacts/900b0aE.dag/Unity.Collections.dll (+2 others)
[           0s] Csc Library/Bee/artifacts/900b0aE.dag/Unity.InputSystem.ForUI.dll (+2 others) [CacheWrite 2ecc855cc44ab79586eab572614a103300000000000000000000000000000006]
[           0s] Csc Library/Bee/artifacts/900b0aE.dag/Unity.Collections.dll (+2 others) [CacheWrite dce1ec71c567fd8412ad8d75ca0ebf7d00000000000000000000000000000006]
[471/667    0s] CopyFiles Library/ScriptAssemblies/Unity.Collections.CodeGen.dll
[472/667    0s] CopyFiles Library/ScriptAssemblies/Unity.Collections.CodeGen.pdb
[           0s] Csc Library/Bee/artifacts/900b0aE.dag/Unity.Collections.Editor.dll (+2 others) [CacheMiss 6418e040caf0f1f0fa1fedb67780410200000000000000000000000000000006]
[473/667    0s] MovedFromExtractor-Combine Library/Bee/artifacts/900b0aE.dag/Unity.UnifiedRayTracing.Runtime.dll.mvfrm
[           0s] Csc Library/Bee/artifacts/900b0aE.dag/Unity.UnifiedRayTracing.Runtime.dll (+2 others) [CacheMiss 9097a08614f54df4630820c57274b7d300000000000000000000000000000006]
[474/667    0s] MovedFromExtractor-Combine Library/Bee/artifacts/900b0aE.dag/Unity.RenderPipelines.Core.Runtime.dll.mvfrm
[           0s] Csc Library/Bee/artifacts/900b0aE.dag/Unity.RenderPipelines.Core.Runtime.dll (+2 others) [CacheMiss 3073cf70a99567d6f74060f95b8344b700000000000000000000000000000006]
[475/667    0s] Csc Library/Bee/artifacts/900b0aE.dag/Unity.Collections.Editor.dll (+2 others)
[476/667    0s] Csc Library/Bee/artifacts/900b0aE.dag/LaMuralla.Editor.dll (+2 others)
Assets/_Project/Editor/PlayModeGuard.cs(33,17): warning CS0618: 'Object.FindFirstObjectByType<T>()' is obsolete: 'FindFirstObjectByType has been deprecated because it relies on instance ID ordering. Use FindAnyObjectByType instead, which does not depend on ordering.'
Assets/_Project/Editor/ConfigBaker.cs(57,23): warning CS8632: The annotation for nullable reference types should only be used in code within a '#nullable' annotations context.
[           0s] Csc Library/Bee/artifacts/900b0aE.dag/Unity.Collections.Editor.dll (+2 others) [CacheWrite 6418e040caf0f1f0fa1fedb67780410200000000000000000000000000000006]
[477/667    0s] ILPP-Configuration Library/ilpp-configuration.nevergeneratedoutput
[478/667    0s] ILPostProcess Library/Bee/artifacts/900b0aE.dag/post-processed/Unity.RenderPipelines.ShaderGraph.ShaderGraphLibrary.dll (+pdb)
Processing assembly Library/Bee/artifacts/900b0aE.dag/Unity.RenderPipelines.ShaderGraph.ShaderGraphLibrary.dll, with 144 defines and 278 references
processors: Unity.Jobs.CodeGen.JobsILPostProcessor, zzzUnity.Burst.CodeGen.BurstILPostProcessor
running Unity.Jobs.CodeGen.JobsILPostProcessor
running zzzUnity.Burst.CodeGen.BurstILPostProcessor
[479/667    0s] ILPostProcess Library/Bee/artifacts/900b0aE.dag/post-processed/Unity.Mathematics.dll (+pdb)
Processing assembly Library/Bee/artifacts/900b0aE.dag/Unity.Mathematics.dll, with 144 defines and 278 references
processors: Unity.Jobs.CodeGen.JobsILPostProcessor, zzzUnity.Burst.CodeGen.BurstILPostProcessor
running Unity.Jobs.CodeGen.JobsILPostProcessor
running zzzUnity.Burst.CodeGen.BurstILPostProcessor
[480/667    0s] ILPostProcess Library/Bee/artifacts/900b0aE.dag/post-processed/Unity.PerformanceTesting.dll (+pdb)
Processing assembly Library/Bee/artifacts/900b0aE.dag/Unity.PerformanceTesting.dll, with 145 defines and 263 references
processors: Unity.Jobs.CodeGen.JobsILPostProcessor, zzzUnity.Burst.CodeGen.BurstILPostProcessor
running Unity.Jobs.CodeGen.JobsILPostProcessor
running zzzUnity.Burst.CodeGen.BurstILPostProcessor
[481/667    0s] ILPostProcess Library/Bee/artifacts/900b0aE.dag/post-processed/UnityEngine.UI.dll (+pdb)
Processing assembly Library/Bee/artifacts/900b0aE.dag/UnityEngine.UI.dll, with 149 defines and 276 references
processors: Unity.Jobs.CodeGen.JobsILPostProcessor, zzzUnity.Burst.CodeGen.BurstILPostProcessor
running Unity.Jobs.CodeGen.JobsILPostProcessor
running zzzUnity.Burst.CodeGen.BurstILPostProcessor
[482/667    0s] ILPostProcess Library/Bee/artifacts/900b0aE.dag/post-processed/Unity.RenderPipelines.Universal.Shaders.dll (+pdb)
Processing assembly Library/Bee/artifacts/900b0aE.dag/Unity.RenderPipelines.Universal.Shaders.dll, with 144 defines and 278 references
processors: Unity.Jobs.CodeGen.JobsILPostProcessor, zzzUnity.Burst.CodeGen.BurstILPostProcessor
running Unity.Jobs.CodeGen.JobsILPostProcessor
running zzzUnity.Burst.CodeGen.BurstILPostProcessor
[483/667    0s] Csc Library/Bee/artifacts/900b0aE.dag/Unity.UnifiedRayTracing.Runtime.dll (+2 others)
[           0s] Csc Library/Bee/artifacts/900b0aE.dag/Unity.UnifiedRayTracing.Runtime.dll (+2 others) [CacheWrite 9097a08614f54df4630820c57274b7d300000000000000000000000000000006]
[485/667    0s] ILPostProcess Library/Bee/artifacts/900b0aE.dag/post-processed/Unity.InputSystem.dll (+pdb)
Processing assembly Library/Bee/artifacts/900b0aE.dag/Unity.InputSystem.dll, with 154 defines and 278 references
processors: Unity.Jobs.CodeGen.JobsILPostProcessor, zzzUnity.Burst.CodeGen.BurstILPostProcessor
running Unity.Jobs.CodeGen.JobsILPostProcessor
running zzzUnity.Burst.CodeGen.BurstILPostProcessor
[486/667    0s] ILPostProcess Library/Bee/artifacts/900b0aE.dag/post-processed/LaMuralla.Core.dll (+pdb)
Processing assembly Library/Bee/artifacts/900b0aE.dag/LaMuralla.Core.dll, with 144 defines and 150 references
processors: Unity.Jobs.CodeGen.JobsILPostProcessor, zzzUnity.Burst.CodeGen.BurstILPostProcessor
running Unity.Jobs.CodeGen.JobsILPostProcessor
running zzzUnity.Burst.CodeGen.BurstILPostProcessor
[487/667    0s] ILPostProcess Library/Bee/artifacts/900b0aE.dag/post-processed/LaMuralla.Unity.dll (+pdb)
Processing assembly Library/Bee/artifacts/900b0aE.dag/LaMuralla.Unity.dll, with 144 defines and 280 references
processors: Unity.Jobs.CodeGen.JobsILPostProcessor, zzzUnity.Burst.CodeGen.BurstILPostProcessor
running Unity.Jobs.CodeGen.JobsILPostProcessor
running zzzUnity.Burst.CodeGen.BurstILPostProcessor
[488/667    0s] ILPostProcess Library/Bee/artifacts/900b0aE.dag/post-processed/Unity.InternalAPIEngineBridge.004.dll (+pdb)
Processing assembly Library/Bee/artifacts/900b0aE.dag/Unity.InternalAPIEngineBridge.004.dll, with 144 defines and 278 references
processors: Unity.Jobs.CodeGen.JobsILPostProcessor, zzzUnity.Burst.CodeGen.BurstILPostProcessor
running Unity.Jobs.CodeGen.JobsILPostProcessor
running zzzUnity.Burst.CodeGen.BurstILPostProcessor
[489/667    0s] ILPostProcess Library/Bee/artifacts/900b0aE.dag/post-processed/Unity.RenderPipelines.Core.ShaderLibrary.dll (+pdb)
Processing assembly Library/Bee/artifacts/900b0aE.dag/Unity.RenderPipelines.Core.ShaderLibrary.dll, with 144 defines and 278 references
processors: Unity.Jobs.CodeGen.JobsILPostProcessor, zzzUnity.Burst.CodeGen.BurstILPostProcessor
running Unity.Jobs.CodeGen.JobsILPostProcessor
running zzzUnity.Burst.CodeGen.BurstILPostProcessor
[490/667    0s] ILPostProcess Library/Bee/artifacts/900b0aE.dag/post-processed/Unity.InputSystem.TestFramework.dll (+pdb)
Processing assembly Library/Bee/artifacts/900b0aE.dag/Unity.InputSystem.TestFramework.dll, with 145 defines and 265 references
processors: Unity.Jobs.CodeGen.JobsILPostProcessor, zzzUnity.Burst.CodeGen.BurstILPostProcessor
running Unity.Jobs.CodeGen.JobsILPostProcessor
running zzzUnity.Burst.CodeGen.BurstILPostProcessor
[491/667    0s] ILPostProcess Library/Bee/artifacts/900b0aE.dag/post-processed/Unity.TextMeshPro.dll (+pdb)
Processing assembly Library/Bee/artifacts/900b0aE.dag/Unity.TextMeshPro.dll, with 145 defines and 279 references
processors: Unity.Jobs.CodeGen.JobsILPostProcessor, zzzUnity.Burst.CodeGen.BurstILPostProcessor
running Unity.Jobs.CodeGen.JobsILPostProcessor
running zzzUnity.Burst.CodeGen.BurstILPostProcessor
[492/667    0s] ILPostProcess Library/Bee/artifacts/900b0aE.dag/post-processed/Unity.InternalAPIEngineBridge.RenderPipelines.Core.Runtime.Shared.dll (+pdb)
Processing assembly Library/Bee/artifacts/900b0aE.dag/Unity.InternalAPIEngineBridge.RenderPipelines.Core.Runtime.Shared.dll, with 144 defines and 278 references
processors: Unity.Jobs.CodeGen.JobsILPostProcessor, zzzUnity.Burst.CodeGen.BurstILPostProcessor
running Unity.Jobs.CodeGen.JobsILPostProcessor
running zzzUnity.Burst.CodeGen.BurstILPostProcessor
[493/667    0s] ILPostProcess Library/Bee/artifacts/900b0aE.dag/post-processed/Unity.UnifiedRayTracing.Runtime.dll (+pdb)
Processing assembly Library/Bee/artifacts/900b0aE.dag/Unity.UnifiedRayTracing.Runtime.dll, with 144 defines and 281 references
processors: Unity.Jobs.CodeGen.JobsILPostProcessor, zzzUnity.Burst.CodeGen.BurstILPostProcessor
running Unity.Jobs.CodeGen.JobsILPostProcessor
running zzzUnity.Burst.CodeGen.BurstILPostProcessor
[494/667    0s] ILPostProcess Library/Bee/artifacts/900b0aE.dag/post-processed/Unity.InputSystem.ForUI.dll (+pdb)
Processing assembly Library/Bee/artifacts/900b0aE.dag/Unity.InputSystem.ForUI.dll, with 144 defines and 279 references
processors: Unity.Jobs.CodeGen.JobsILPostProcessor, zzzUnity.Burst.CodeGen.BurstILPostProcessor
running Unity.Jobs.CodeGen.JobsILPostProcessor
running zzzUnity.Burst.CodeGen.BurstILPostProcessor
[495/667    0s] ILPostProcess Library/Bee/artifacts/900b0aE.dag/post-processed/UnityEditor.UI.Analytics.dll (+pdb)
Processing assembly Library/Bee/artifacts/900b0aE.dag/UnityEditor.UI.Analytics.dll, with 142 defines and 310 references
processors: Unity.Jobs.CodeGen.JobsILPostProcessor, zzzUnity.Burst.CodeGen.BurstILPostProcessor
running Unity.Jobs.CodeGen.JobsILPostProcessor
running zzzUnity.Burst.CodeGen.BurstILPostProcessor
[496/667    0s] ILPostProcess Library/Bee/artifacts/900b0aE.dag/post-processed/Unity.Rendering.LightTransport.Editor.dll (+pdb)
Processing assembly Library/Bee/artifacts/900b0aE.dag/Unity.Rendering.LightTransport.Editor.dll, with 142 defines and 309 references
processors: Unity.Jobs.CodeGen.JobsILPostProcessor, zzzUnity.Burst.CodeGen.BurstILPostProcessor
running Unity.Jobs.CodeGen.JobsILPostProcessor
running zzzUnity.Burst.CodeGen.BurstILPostProcessor
[497/667    0s] ILPostProcess Library/Bee/artifacts/900b0aE.dag/post-processed/Unity.ShaderGraph.Utilities.dll (+pdb)
Processing assembly Library/Bee/artifacts/900b0aE.dag/Unity.ShaderGraph.Utilities.dll, with 142 defines and 309 references
processors: Unity.Jobs.CodeGen.JobsILPostProcessor, zzzUnity.Burst.CodeGen.BurstILPostProcessor
running Unity.Jobs.CodeGen.JobsILPostProcessor
running zzzUnity.Burst.CodeGen.BurstILPostProcessor
[498/667    0s] ILPostProcess Library/Bee/artifacts/900b0aE.dag/post-processed/Unity.Searcher.Editor.dll (+pdb)
Processing assembly Library/Bee/artifacts/900b0aE.dag/Unity.Searcher.Editor.dll, with 142 defines and 309 references
processors: Unity.Jobs.CodeGen.JobsILPostProcessor, zzzUnity.Burst.CodeGen.BurstILPostProcessor
running Unity.Jobs.CodeGen.JobsILPostProcessor
running zzzUnity.Burst.CodeGen.BurstILPostProcessor
[499/667    0s] ILPostProcess Library/Bee/artifacts/900b0aE.dag/post-processed/UnityEditor.UI.dll (+pdb)
Processing assembly Library/Bee/artifacts/900b0aE.dag/UnityEditor.UI.dll, with 145 defines and 308 references
processors: Unity.Jobs.CodeGen.JobsILPostProcessor, zzzUnity.Burst.CodeGen.BurstILPostProcessor
running Unity.Jobs.CodeGen.JobsILPostProcessor
running zzzUnity.Burst.CodeGen.BurstILPostProcessor
[500/667    0s] ILPostProcess Library/Bee/artifacts/900b0aE.dag/post-processed/GoogleMobileAds.Editor.dll (+pdb)
Processing assembly Library/Bee/artifacts/900b0aE.dag/GoogleMobileAds.Editor.dll, with 142 defines and 309 references
processors: Unity.Jobs.CodeGen.JobsILPostProcessor, zzzUnity.Burst.CodeGen.BurstILPostProcessor
running Unity.Jobs.CodeGen.JobsILPostProcessor
running zzzUnity.Burst.CodeGen.BurstILPostProcessor
[501/667    1s] ILPostProcess Library/Bee/artifacts/900b0aE.dag/post-processed/Unity.Collections.dll (+pdb)
Processing assembly Library/Bee/artifacts/900b0aE.dag/Unity.Collections.dll, with 146 defines and 280 references
processors: Unity.Jobs.CodeGen.JobsILPostProcessor, zzzUnity.Burst.CodeGen.BurstILPostProcessor
running Unity.Jobs.CodeGen.JobsILPostProcessor
running zzzUnity.Burst.CodeGen.BurstILPostProcessor
[502/667    1s] ILPostProcess Library/Bee/artifacts/900b0aE.dag/post-processed/Unity.Burst.dll (+pdb)
Processing assembly Library/Bee/artifacts/900b0aE.dag/Unity.Burst.dll, with 144 defines and 265 references
processors: Unity.Jobs.CodeGen.JobsILPostProcessor, zzzUnity.Burst.CodeGen.BurstILPostProcessor
running Unity.Jobs.CodeGen.JobsILPostProcessor
running zzzUnity.Burst.CodeGen.BurstILPostProcessor
[503/667    0s] ILPostProcess Library/Bee/artifacts/900b0aE.dag/post-processed/Unity.InternalAPIEditorBridge.ShaderGraph.Editor.dll (+pdb)
Processing assembly Library/Bee/artifacts/900b0aE.dag/Unity.InternalAPIEditorBridge.ShaderGraph.Editor.dll, with 142 defines and 309 references
processors: Unity.Jobs.CodeGen.JobsILPostProcessor, zzzUnity.Burst.CodeGen.BurstILPostProcessor
running Unity.Jobs.CodeGen.JobsILPostProcessor
running zzzUnity.Burst.CodeGen.BurstILPostProcessor
[504/667    0s] ILPostProcess Library/Bee/artifacts/900b0aE.dag/post-processed/Unity.2D.Sprite.Editor.dll (+pdb)
Processing assembly Library/Bee/artifacts/900b0aE.dag/Unity.2D.Sprite.Editor.dll, with 142 defines and 309 references
processors: Unity.Jobs.CodeGen.JobsILPostProcessor, zzzUnity.Burst.CodeGen.BurstILPostProcessor
running Unity.Jobs.CodeGen.JobsILPostProcessor
running zzzUnity.Burst.CodeGen.BurstILPostProcessor
[505/667    0s] CopyFiles Library/ScriptAssemblies/Unity.Burst.dll
[506/667    0s] CopyFiles Library/ScriptAssemblies/Unity.InputSystem.ForUI.dll
[507/667    0s] CopyFiles Library/ScriptAssemblies/Unity.PerformanceTesting.dll
[508/667    0s] CopyFiles Library/ScriptAssemblies/Unity.Collections.dll
[509/667    0s] CopyFiles Library/ScriptAssemblies/Unity.InternalAPIEngineBridge.RenderPipelines.Core.Runtime.Shared.dll
[510/667    0s] CopyFiles Library/ScriptAssemblies/Unity.UnifiedRayTracing.Runtime.dll
[511/667    0s] CopyFiles Library/ScriptAssemblies/Unity.TextMeshPro.dll
[512/667    0s] CopyFiles Library/ScriptAssemblies/Unity.InputSystem.dll
[513/667    0s] CopyFiles Library/ScriptAssemblies/Unity.Mathematics.dll
[514/667    0s] CopyFiles Library/ScriptAssemblies/Unity.RenderPipelines.Universal.Shaders.dll
[515/667    0s] CopyFiles Library/ScriptAssemblies/LaMuralla.Core.dll
[516/667    0s] CopyFiles Library/ScriptAssemblies/Unity.InternalAPIEngineBridge.004.dll
[517/667    0s] CopyFiles Library/ScriptAssemblies/Unity.InputSystem.TestFramework.dll
[518/667    0s] CopyFiles Library/ScriptAssemblies/UnityEngine.UI.dll
[519/667    0s] CopyFiles Library/ScriptAssemblies/Unity.RenderPipelines.ShaderGraph.ShaderGraphLibrary.dll
[520/667    0s] CopyFiles Library/ScriptAssemblies/LaMuralla.Unity.dll
[521/667    0s] CopyFiles Library/ScriptAssemblies/Unity.RenderPipelines.Core.ShaderLibrary.dll
[522/667    0s] CopyFiles Library/ScriptAssemblies/Unity.Burst.pdb
[523/667    0s] CopyFiles Library/ScriptAssemblies/Unity.InternalAPIEditorBridge.ShaderGraph.Editor.dll
[524/667    0s] CopyFiles Library/ScriptAssemblies/Unity.InternalAPIEditorBridge.ShaderGraph.Editor.pdb
[525/667    0s] CopyFiles Library/ScriptAssemblies/Unity.Collections.pdb
[526/667    0s] CopyFiles Library/ScriptAssemblies/GoogleMobileAds.Editor.dll
[527/667    0s] CopyFiles Library/ScriptAssemblies/GoogleMobileAds.Editor.pdb
[528/667    0s] CopyFiles Library/ScriptAssemblies/UnityEditor.UI.dll
[529/667    0s] CopyFiles Library/ScriptAssemblies/UnityEditor.UI.pdb
[530/667    0s] CopyFiles Library/ScriptAssemblies/Unity.Searcher.Editor.pdb
[531/667    0s] CopyFiles Library/ScriptAssemblies/Unity.Searcher.Editor.dll
[532/667    0s] CopyFiles Library/ScriptAssemblies/Unity.ShaderGraph.Utilities.pdb
[533/667    0s] CopyFiles Library/ScriptAssemblies/Unity.ShaderGraph.Utilities.dll
[534/667    0s] CopyFiles Library/ScriptAssemblies/Unity.Rendering.LightTransport.Editor.dll
[535/667    0s] CopyFiles Library/ScriptAssemblies/Unity.Rendering.LightTransport.Editor.pdb
[536/667    0s] CopyFiles Library/ScriptAssemblies/UnityEditor.UI.Analytics.pdb
[537/667    0s] CopyFiles Library/ScriptAssemblies/Unity.2D.Sprite.Editor.pdb
[538/667    0s] CopyFiles Library/ScriptAssemblies/Unity.2D.Sprite.Editor.dll
[539/667    0s] CopyFiles Library/ScriptAssemblies/Unity.InputSystem.ForUI.pdb
[540/667    0s] CopyFiles Library/ScriptAssemblies/Unity.UnifiedRayTracing.Runtime.pdb
[541/667    0s] CopyFiles Library/ScriptAssemblies/UnityEditor.UI.Analytics.dll
[542/667    0s] CopyFiles Library/ScriptAssemblies/Unity.InternalAPIEngineBridge.RenderPipelines.Core.Runtime.Shared.pdb
[543/667    0s] CopyFiles Library/ScriptAssemblies/Unity.InputSystem.TestFramework.pdb
[544/667    0s] CopyFiles Library/ScriptAssemblies/Unity.RenderPipelines.Core.ShaderLibrary.pdb
[545/667    0s] CopyFiles Library/ScriptAssemblies/Unity.InternalAPIEngineBridge.004.pdb
[546/667    0s] CopyFiles Library/ScriptAssemblies/LaMuralla.Unity.pdb
[547/667    0s] CopyFiles Library/ScriptAssemblies/LaMuralla.Core.pdb
[548/667    0s] CopyFiles Library/ScriptAssemblies/Unity.InputSystem.pdb
[549/667    0s] CopyFiles Library/ScriptAssemblies/Unity.RenderPipelines.Universal.Shaders.pdb
[550/667    0s] CopyFiles Library/ScriptAssemblies/Unity.TextMeshPro.pdb
[551/667    0s] CopyFiles Library/ScriptAssemblies/UnityEngine.UI.pdb
[552/667    0s] CopyFiles Library/ScriptAssemblies/Unity.PerformanceTesting.pdb
[553/667    0s] CopyFiles Library/ScriptAssemblies/Unity.RenderPipelines.ShaderGraph.ShaderGraphLibrary.pdb
[554/667    0s] CopyFiles Library/ScriptAssemblies/Unity.Mathematics.pdb
[555/667    0s] ILPostProcess Library/Bee/artifacts/900b0aE.dag/post-processed/Unity.InputSystem.DocCodeSamples.dll (+pdb)
Processing assembly Library/Bee/artifacts/900b0aE.dag/Unity.InputSystem.DocCodeSamples.dll, with 142 defines and 296 references
processors: Unity.Jobs.CodeGen.JobsILPostProcessor, zzzUnity.Burst.CodeGen.BurstILPostProcessor
running Unity.Jobs.CodeGen.JobsILPostProcessor
running zzzUnity.Burst.CodeGen.BurstILPostProcessor
[556/667    0s] CopyFiles Library/ScriptAssemblies/Unity.InputSystem.DocCodeSamples.pdb
[557/667    0s] CopyFiles Library/ScriptAssemblies/Unity.InputSystem.DocCodeSamples.dll
[558/667    0s] ILPostProcess Library/Bee/artifacts/900b0aE.dag/post-processed/LaMuralla.Editor.dll (+pdb)
Processing assembly Library/Bee/artifacts/900b0aE.dag/LaMuralla.Editor.dll, with 142 defines and 312 references
processors: Unity.Jobs.CodeGen.JobsILPostProcessor, zzzUnity.Burst.CodeGen.BurstILPostProcessor
running Unity.Jobs.CodeGen.JobsILPostProcessor
running zzzUnity.Burst.CodeGen.BurstILPostProcessor
[559/667    0s] ILPostProcess Library/Bee/artifacts/900b0aE.dag/post-processed/Unity.Collections.Editor.dll (+pdb)
Processing assembly Library/Bee/artifacts/900b0aE.dag/Unity.Collections.Editor.dll, with 143 defines and 310 references
processors: Unity.Jobs.CodeGen.JobsILPostProcessor, zzzUnity.Burst.CodeGen.BurstILPostProcessor
running Unity.Jobs.CodeGen.JobsILPostProcessor
running zzzUnity.Burst.CodeGen.BurstILPostProcessor
[560/667    1s] Csc Library/Bee/artifacts/900b0aE.dag/Unity.RenderPipelines.Core.Runtime.dll (+2 others)
[561/667    0s] ILPostProcess Library/Bee/artifacts/900b0aE.dag/post-processed/Unity.InternalAPIEngineBridge.RenderPipelines.Core.Editor.dll (+pdb)
Processing assembly Library/Bee/artifacts/900b0aE.dag/Unity.InternalAPIEngineBridge.RenderPipelines.Core.Editor.dll, with 142 defines and 309 references
processors: Unity.Jobs.CodeGen.JobsILPostProcessor, zzzUnity.Burst.CodeGen.BurstILPostProcessor
running Unity.Jobs.CodeGen.JobsILPostProcessor
running zzzUnity.Burst.CodeGen.BurstILPostProcessor
[562/667    0s] ILPostProcess Library/Bee/artifacts/900b0aE.dag/post-processed/Unity.PerformanceTesting.Editor.dll (+pdb)
Processing assembly Library/Bee/artifacts/900b0aE.dag/Unity.PerformanceTesting.Editor.dll, with 143 defines and 296 references
processors: Unity.Jobs.CodeGen.JobsILPostProcessor, zzzUnity.Burst.CodeGen.BurstILPostProcessor
running Unity.Jobs.CodeGen.JobsILPostProcessor
running zzzUnity.Burst.CodeGen.BurstILPostProcessor
[           0s] Csc Library/Bee/artifacts/900b0aE.dag/Unity.RenderPipelines.Core.Runtime.dll (+2 others) [CacheWrite 3073cf70a99567d6f74060f95b8344b700000000000000000000000000000006]
[563/667    0s] CopyFiles Library/ScriptAssemblies/LaMuralla.Editor.dll
[564/667    0s] CopyFiles Library/ScriptAssemblies/LaMuralla.Editor.pdb
[566/667    4s] Csc Library/Bee/artifacts/900b0aE.dag/Unity.Burst.Editor.dll (+2 others)
[568/667    0s] CopyFiles Library/ScriptAssemblies/Unity.PerformanceTesting.Editor.pdb
[569/667    0s] CopyFiles Library/ScriptAssemblies/Unity.InternalAPIEngineBridge.RenderPipelines.Core.Editor.pdb
[570/667    0s] CopyFiles Library/ScriptAssemblies/Unity.InternalAPIEngineBridge.RenderPipelines.Core.Editor.dll
[571/667    0s] CopyFiles Library/ScriptAssemblies/Unity.Collections.Editor.dll
[572/667    0s] CopyFiles Library/ScriptAssemblies/Unity.Collections.Editor.pdb
[573/667    0s] CopyFiles Library/ScriptAssemblies/Unity.PerformanceTesting.Editor.dll
[           0s] Csc Library/Bee/artifacts/900b0aE.dag/Unity.Burst.Editor.dll (+2 others) [CacheWrite 8314c6e26e8841da33753bcdf9d406a800000000000000000000000000000006]
[           0s] Csc Library/Bee/artifacts/900b0aE.dag/Unity.TextMeshPro.Editor.dll (+2 others) [CacheMiss 657540f2447429bc227cd30752257a2d00000000000000000000000000000006]
[575/667    0s] MovedFromExtractor-Combine Library/Bee/artifacts/900b0aE.dag/Unity.PathTracing.Runtime.dll.mvfrm
[576/667    0s] MovedFromExtractor-Combine Library/Bee/artifacts/900b0aE.dag/Unity.RenderPipelines.GPUDriven.Runtime.dll.mvfrm
[577/667    0s] MovedFromExtractor-Combine Library/Bee/artifacts/900b0aE.dag/Unity.RenderPipelines.Universal.Config.Runtime.dll.mvfrm
[578/667    0s] MovedFromExtractor-Combine Library/Bee/artifacts/900b0aE.dag/Unity.RenderPipeline.Universal.ShaderLibrary.dll.mvfrm
[579/667    0s] MovedFromExtractor-Combine Library/Bee/artifacts/900b0aE.dag/Unity.RenderPipelines.Core.Runtime.Shared.dll.mvfrm
[           0s] Csc Library/Bee/artifacts/900b0aE.dag/Unity.RenderPipelines.GPUDriven.Runtime.dll (+2 others) [CacheMiss 78063bd61f38c0011430d7ff271a7e7d00000000000000000000000000000006]
[           0s] Csc Library/Bee/artifacts/900b0aE.dag/Unity.RenderPipelines.Universal.Config.Runtime.dll (+2 others) [CacheMiss b47b45f7de4566f702166a7a9d22782e00000000000000000000000000000006]
[           0s] Csc Library/Bee/artifacts/900b0aE.dag/Unity.PathTracing.Runtime.dll (+2 others) [CacheMiss ca4502394dcbc60428ff74d5900acfe700000000000000000000000000000006]
[           0s] Csc Library/Bee/artifacts/900b0aE.dag/Unity.RenderPipelines.Core.Runtime.Shared.dll (+2 others) [CacheMiss 0e40ae537932684825b5d3cccfdd0bd300000000000000000000000000000006]
[           0s] Csc Library/Bee/artifacts/900b0aE.dag/Unity.RenderPipeline.Universal.ShaderLibrary.dll (+2 others) [CacheMiss bbf895ac3b0aed78405809fd3d422c3b00000000000000000000000000000006]
[580/667    0s] ILPostProcess Library/Bee/artifacts/900b0aE.dag/post-processed/Unity.Burst.Editor.dll (+pdb)
Processing assembly Library/Bee/artifacts/900b0aE.dag/Unity.Burst.Editor.dll, with 142 defines and 310 references
processors: Unity.Jobs.CodeGen.JobsILPostProcessor, zzzUnity.Burst.CodeGen.BurstILPostProcessor
running Unity.Jobs.CodeGen.JobsILPostProcessor
running zzzUnity.Burst.CodeGen.BurstILPostProcessor
[581/667    0s] CopyFiles Library/ScriptAssemblies/Unity.Burst.Editor.pdb
[582/667    0s] CopyFiles Library/ScriptAssemblies/Unity.Burst.Editor.dll
[583/667    0s] ILPostProcess Library/Bee/artifacts/900b0aE.dag/post-processed/Unity.RenderPipelines.Core.Runtime.dll (+pdb)
Processing assembly Library/Bee/artifacts/900b0aE.dag/Unity.RenderPipelines.Core.Runtime.dll, with 147 defines and 282 references
processors: Unity.Jobs.CodeGen.JobsILPostProcessor, zzzUnity.Burst.CodeGen.BurstILPostProcessor
running Unity.Jobs.CodeGen.JobsILPostProcessor
running zzzUnity.Burst.CodeGen.BurstILPostProcessor
[584/667    0s] CopyFiles Library/ScriptAssemblies/Unity.RenderPipelines.Core.Runtime.dll
[585/667    0s] CopyFiles Library/ScriptAssemblies/Unity.RenderPipelines.Core.Runtime.pdb
[586/667    0s] Csc Library/Bee/artifacts/900b0aE.dag/Unity.RenderPipeline.Universal.ShaderLibrary.dll (+2 others)
[587/667    0s] Csc Library/Bee/artifacts/900b0aE.dag/Unity.RenderPipelines.Core.Runtime.Shared.dll (+2 others)
[           0s] Csc Library/Bee/artifacts/900b0aE.dag/Unity.RenderPipeline.Universal.ShaderLibrary.dll (+2 others) [CacheWrite bbf895ac3b0aed78405809fd3d422c3b00000000000000000000000000000006]
[           0s] Csc Library/Bee/artifacts/900b0aE.dag/Unity.RenderPipelines.Core.Runtime.Shared.dll (+2 others) [CacheWrite 0e40ae537932684825b5d3cccfdd0bd300000000000000000000000000000006]
[590/667    0s] Csc Library/Bee/artifacts/900b0aE.dag/Unity.RenderPipelines.GPUDriven.Runtime.dll (+2 others)
[           0s] Csc Library/Bee/artifacts/900b0aE.dag/Unity.RenderPipelines.GPUDriven.Runtime.dll (+2 others) [CacheWrite 78063bd61f38c0011430d7ff271a7e7d00000000000000000000000000000006]
[592/667    0s] ILPostProcess Library/Bee/artifacts/900b0aE.dag/post-processed/Unity.RenderPipeline.Universal.ShaderLibrary.dll (+pdb)
Processing assembly Library/Bee/artifacts/900b0aE.dag/Unity.RenderPipeline.Universal.ShaderLibrary.dll, with 144 defines and 279 references
processors: Unity.Jobs.CodeGen.JobsILPostProcessor, zzzUnity.Burst.CodeGen.BurstILPostProcessor
running Unity.Jobs.CodeGen.JobsILPostProcessor
running zzzUnity.Burst.CodeGen.BurstILPostProcessor
[593/667    0s] CopyFiles Library/ScriptAssemblies/Unity.RenderPipeline.Universal.ShaderLibrary.dll
[594/667    0s] CopyFiles Library/ScriptAssemblies/Unity.RenderPipeline.Universal.ShaderLibrary.pdb
[595/667    0s] Csc Library/Bee/artifacts/900b0aE.dag/Unity.TextMeshPro.Editor.dll (+2 others)
[596/667    0s] ILPostProcess Library/Bee/artifacts/900b0aE.dag/post-processed/Unity.RenderPipelines.Core.Runtime.Shared.dll (+pdb)
Processing assembly Library/Bee/artifacts/900b0aE.dag/Unity.RenderPipelines.Core.Runtime.Shared.dll, with 144 defines and 281 references
processors: Unity.Jobs.CodeGen.JobsILPostProcessor, zzzUnity.Burst.CodeGen.BurstILPostProcessor
running Unity.Jobs.CodeGen.JobsILPostProcessor
running zzzUnity.Burst.CodeGen.BurstILPostProcessor
[597/667    0s] CopyFiles Library/ScriptAssemblies/Unity.RenderPipelines.Core.Runtime.Shared.dll
[           0s] Csc Library/Bee/artifacts/900b0aE.dag/Unity.TextMeshPro.Editor.dll (+2 others) [CacheWrite 657540f2447429bc227cd30752257a2d00000000000000000000000000000006]
[598/667    0s] CopyFiles Library/ScriptAssemblies/Unity.RenderPipelines.Core.Runtime.Shared.pdb
[599/667    0s] Csc Library/Bee/artifacts/900b0aE.dag/Unity.RenderPipelines.Universal.Config.Runtime.dll (+2 others)
[600/667    0s] Csc Library/Bee/artifacts/900b0aE.dag/Unity.PathTracing.Runtime.dll (+2 others)
[           0s] Csc Library/Bee/artifacts/900b0aE.dag/Unity.RenderPipelines.Universal.Config.Runtime.dll (+2 others) [CacheWrite b47b45f7de4566f702166a7a9d22782e00000000000000000000000000000006]
[           0s] Csc Library/Bee/artifacts/900b0aE.dag/Unity.PathTracing.Runtime.dll (+2 others) [CacheWrite ca4502394dcbc60428ff74d5900acfe700000000000000000000000000000006]
[           0s] Csc Library/Bee/artifacts/900b0aE.dag/Unity.PathTracing.Editor.dll (+2 others) [CacheMiss fc2ca2680ff72ef1096142cc073ad14300000000000000000000000000000006]
[604/667    0s] MovedFromExtractor-Combine Library/Bee/artifacts/900b0aE.dag/Unity.SurfaceCache.Runtime.dll.mvfrm
[           0s] Csc Library/Bee/artifacts/900b0aE.dag/Unity.SurfaceCache.Runtime.dll (+2 others) [CacheMiss b4b24f236f03221d91129c8b244b1cc100000000000000000000000000000006]
[605/667    0s] ILPostProcess Library/Bee/artifacts/900b0aE.dag/post-processed/Unity.TextMeshPro.Editor.dll (+pdb)
Processing assembly Library/Bee/artifacts/900b0aE.dag/Unity.TextMeshPro.Editor.dll, with 142 defines and 311 references
processors: Unity.Jobs.CodeGen.JobsILPostProcessor, zzzUnity.Burst.CodeGen.BurstILPostProcessor
running Unity.Jobs.CodeGen.JobsILPostProcessor
running zzzUnity.Burst.CodeGen.BurstILPostProcessor
[606/667    0s] CopyFiles Library/ScriptAssemblies/Unity.TextMeshPro.Editor.dll
[607/667    0s] CopyFiles Library/ScriptAssemblies/Unity.TextMeshPro.Editor.pdb
[608/667    0s] ILPostProcess Library/Bee/artifacts/900b0aE.dag/post-processed/Unity.RenderPipelines.Universal.Config.Runtime.dll (+pdb)
Processing assembly Library/Bee/artifacts/900b0aE.dag/Unity.RenderPipelines.Universal.Config.Runtime.dll, with 144 defines and 279 references
processors: Unity.Jobs.CodeGen.JobsILPostProcessor, zzzUnity.Burst.CodeGen.BurstILPostProcessor
running Unity.Jobs.CodeGen.JobsILPostProcessor
running zzzUnity.Burst.CodeGen.BurstILPostProcessor
[609/667    0s] CopyFiles Library/ScriptAssemblies/Unity.RenderPipelines.Universal.Config.Runtime.dll
[610/667    0s] CopyFiles Library/ScriptAssemblies/Unity.RenderPipelines.Universal.Config.Runtime.pdb
[611/667    0s] ILPostProcess Library/Bee/artifacts/900b0aE.dag/post-processed/Unity.PathTracing.Runtime.dll (+pdb)
Processing assembly Library/Bee/artifacts/900b0aE.dag/Unity.PathTracing.Runtime.dll, with 145 defines and 282 references
processors: Unity.Jobs.CodeGen.JobsILPostProcessor, zzzUnity.Burst.CodeGen.BurstILPostProcessor
running Unity.Jobs.CodeGen.JobsILPostProcessor
running zzzUnity.Burst.CodeGen.BurstILPostProcessor
[612/667    0s] CopyFiles Library/ScriptAssemblies/Unity.PathTracing.Runtime.pdb
[613/667    0s] CopyFiles Library/ScriptAssemblies/Unity.PathTracing.Runtime.dll
[614/667    0s] Csc Library/Bee/artifacts/900b0aE.dag/Unity.SurfaceCache.Runtime.dll (+2 others)
[           0s] Csc Library/Bee/artifacts/900b0aE.dag/Unity.SurfaceCache.Runtime.dll (+2 others) [CacheWrite b4b24f236f03221d91129c8b244b1cc100000000000000000000000000000006]
[616/667    0s] ILPostProcess Library/Bee/artifacts/900b0aE.dag/post-processed/Unity.RenderPipelines.GPUDriven.Runtime.dll (+pdb)
Processing assembly Library/Bee/artifacts/900b0aE.dag/Unity.RenderPipelines.GPUDriven.Runtime.dll, with 144 defines and 282 references
processors: Unity.Jobs.CodeGen.JobsILPostProcessor, zzzUnity.Burst.CodeGen.BurstILPostProcessor
running Unity.Jobs.CodeGen.JobsILPostProcessor
running zzzUnity.Burst.CodeGen.BurstILPostProcessor
[617/667    0s] CopyFiles Library/ScriptAssemblies/Unity.RenderPipelines.GPUDriven.Runtime.dll
[618/667    0s] CopyFiles Library/ScriptAssemblies/Unity.RenderPipelines.GPUDriven.Runtime.pdb
[619/667    0s] MovedFromExtractor-Combine Library/Bee/artifacts/900b0aE.dag/Unity.RenderPipelines.Universal.Runtime.dll.mvfrm
[           0s] Csc Library/Bee/artifacts/900b0aE.dag/Unity.RenderPipelines.Universal.Runtime.dll (+2 others) [CacheMiss ecb82ef8398147d1e2d8f0a896b866fe00000000000000000000000000000006]
[620/667    0s] Csc Library/Bee/artifacts/900b0aE.dag/Unity.PathTracing.Editor.dll (+2 others)
[           0s] Csc Library/Bee/artifacts/900b0aE.dag/Unity.PathTracing.Editor.dll (+2 others) [CacheWrite fc2ca2680ff72ef1096142cc073ad14300000000000000000000000000000006]
[           0s] Csc Library/Bee/artifacts/900b0aE.dag/Unity.RenderPipelines.Core.Editor.dll (+2 others) [CacheMiss dd5a4de64fb70081e52a756194badb2100000000000000000000000000000006]
[623/667    0s] ILPostProcess Library/Bee/artifacts/900b0aE.dag/post-processed/Unity.SurfaceCache.Runtime.dll (+pdb)
Processing assembly Library/Bee/artifacts/900b0aE.dag/Unity.SurfaceCache.Runtime.dll, with 144 defines and 282 references
processors: Unity.Jobs.CodeGen.JobsILPostProcessor, zzzUnity.Burst.CodeGen.BurstILPostProcessor
running Unity.Jobs.CodeGen.JobsILPostProcessor
running zzzUnity.Burst.CodeGen.BurstILPostProcessor
[624/667    0s] CopyFiles Library/ScriptAssemblies/Unity.SurfaceCache.Runtime.dll
[625/667    0s] CopyFiles Library/ScriptAssemblies/Unity.SurfaceCache.Runtime.pdb
[626/667    0s] ILPostProcess Library/Bee/artifacts/900b0aE.dag/post-processed/Unity.PathTracing.Editor.dll (+pdb)
Processing assembly Library/Bee/artifacts/900b0aE.dag/Unity.PathTracing.Editor.dll, with 143 defines and 313 references
processors: Unity.Jobs.CodeGen.JobsILPostProcessor, zzzUnity.Burst.CodeGen.BurstILPostProcessor
running Unity.Jobs.CodeGen.JobsILPostProcessor
running zzzUnity.Burst.CodeGen.BurstILPostProcessor
[627/667    0s] CopyFiles Library/ScriptAssemblies/Unity.PathTracing.Editor.dll
[628/667    0s] CopyFiles Library/ScriptAssemblies/Unity.PathTracing.Editor.pdb
[629/667    1s] Csc Library/Bee/artifacts/900b0aE.dag/Unity.RenderPipelines.Universal.Runtime.dll (+2 others)
[           0s] Csc Library/Bee/artifacts/900b0aE.dag/Unity.RenderPipelines.Universal.Runtime.dll (+2 others) [CacheWrite ecb82ef8398147d1e2d8f0a896b866fe00000000000000000000000000000006]
[631/667    0s] MovedFromExtractor-Combine Library/Bee/artifacts/900b0aE.dag/Unity.RenderPipelines.Universal.2D.Runtime.dll.mvfrm
[           0s] Csc Library/Bee/artifacts/900b0aE.dag/Unity.RenderPipelines.Universal.2D.Runtime.dll (+2 others) [CacheMiss 7cf4d23b1797e1f986931c714d8fb8df00000000000000000000000000000006]
[632/667    1s] Csc Library/Bee/artifacts/900b0aE.dag/Unity.RenderPipelines.Core.Editor.dll (+2 others)
[           0s] Csc Library/Bee/artifacts/900b0aE.dag/Unity.RenderPipelines.Core.Editor.dll (+2 others) [CacheWrite dd5a4de64fb70081e52a756194badb2100000000000000000000000000000006]
[           0s] Csc Library/Bee/artifacts/900b0aE.dag/Unity.RenderPipelines.Core.Editor.Shared.dll (+2 others) [CacheMiss 63c95fa3d74a1712247e308552ec09dc00000000000000000000000000000006]
[           0s] Csc Library/Bee/artifacts/900b0aE.dag/Unity.ShaderGraph.Editor.dll (+2 others) [CacheMiss ae5a708194e5a5615c185a5f07b413a100000000000000000000000000000006]
[636/667    0s] ILPostProcess Library/Bee/artifacts/900b0aE.dag/post-processed/Unity.RenderPipelines.Universal.Runtime.dll (+pdb)
Processing assembly Library/Bee/artifacts/900b0aE.dag/Unity.RenderPipelines.Universal.Runtime.dll, with 148 defines and 288 references
processors: Unity.Jobs.CodeGen.JobsILPostProcessor, zzzUnity.Burst.CodeGen.BurstILPostProcessor
running Unity.Jobs.CodeGen.JobsILPostProcessor
running zzzUnity.Burst.CodeGen.BurstILPostProcessor
[637/667    0s] CopyFiles Library/ScriptAssemblies/Unity.RenderPipelines.Universal.Runtime.pdb
[638/667    0s] CopyFiles Library/ScriptAssemblies/Unity.RenderPipelines.Universal.Runtime.dll
[639/667    0s] ILPostProcess Library/Bee/artifacts/900b0aE.dag/post-processed/Unity.RenderPipelines.Core.Editor.dll (+pdb)
Processing assembly Library/Bee/artifacts/900b0aE.dag/Unity.RenderPipelines.Core.Editor.dll, with 145 defines and 318 references
processors: Unity.Jobs.CodeGen.JobsILPostProcessor, zzzUnity.Burst.CodeGen.BurstILPostProcessor
running Unity.Jobs.CodeGen.JobsILPostProcessor
running zzzUnity.Burst.CodeGen.BurstILPostProcessor
[640/667    0s] CopyFiles Library/ScriptAssemblies/Unity.RenderPipelines.Core.Editor.dll
[641/667    0s] CopyFiles Library/ScriptAssemblies/Unity.RenderPipelines.Core.Editor.pdb
[642/667    0s] Csc Library/Bee/artifacts/900b0aE.dag/Unity.RenderPipelines.Universal.2D.Runtime.dll (+2 others)
[           0s] Csc Library/Bee/artifacts/900b0aE.dag/Unity.RenderPipelines.Universal.2D.Runtime.dll (+2 others) [CacheWrite 7cf4d23b1797e1f986931c714d8fb8df00000000000000000000000000000006]
[644/667    0s] ILPostProcess Library/Bee/artifacts/900b0aE.dag/post-processed/Unity.RenderPipelines.Universal.2D.Runtime.dll (+pdb)
Processing assembly Library/Bee/artifacts/900b0aE.dag/Unity.RenderPipelines.Universal.2D.Runtime.dll, with 145 defines and 283 references
processors: Unity.Jobs.CodeGen.JobsILPostProcessor, zzzUnity.Burst.CodeGen.BurstILPostProcessor
running Unity.Jobs.CodeGen.JobsILPostProcessor
running zzzUnity.Burst.CodeGen.BurstILPostProcessor
[645/667    0s] CopyFiles Library/ScriptAssemblies/Unity.RenderPipelines.Universal.2D.Runtime.pdb
[646/667    0s] CopyFiles Library/ScriptAssemblies/Unity.RenderPipelines.Universal.2D.Runtime.dll
[647/667    1s] Csc Library/Bee/artifacts/900b0aE.dag/Unity.RenderPipelines.Core.Editor.Shared.dll (+2 others)
[           0s] Csc Library/Bee/artifacts/900b0aE.dag/Unity.RenderPipelines.Core.Editor.Shared.dll (+2 others) [CacheWrite 63c95fa3d74a1712247e308552ec09dc00000000000000000000000000000006]
[649/667    0s] ILPostProcess Library/Bee/artifacts/900b0aE.dag/post-processed/Unity.RenderPipelines.Core.Editor.Shared.dll (+pdb)
Processing assembly Library/Bee/artifacts/900b0aE.dag/Unity.RenderPipelines.Core.Editor.Shared.dll, with 142 defines and 316 references
processors: Unity.Jobs.CodeGen.JobsILPostProcessor, zzzUnity.Burst.CodeGen.BurstILPostProcessor
running Unity.Jobs.CodeGen.JobsILPostProcessor
running zzzUnity.Burst.CodeGen.BurstILPostProcessor
[650/667    0s] CopyFiles Library/ScriptAssemblies/Unity.RenderPipelines.Core.Editor.Shared.pdb
[651/667    0s] CopyFiles Library/ScriptAssemblies/Unity.RenderPipelines.Core.Editor.Shared.dll
[652/667    2s] Csc Library/Bee/artifacts/900b0aE.dag/Unity.ShaderGraph.Editor.dll (+2 others)
[           0s] Csc Library/Bee/artifacts/900b0aE.dag/Unity.ShaderGraph.Editor.dll (+2 others) [CacheWrite ae5a708194e5a5615c185a5f07b413a100000000000000000000000000000006]
[           0s] Csc Library/Bee/artifacts/900b0aE.dag/Unity.RenderPipelines.Universal.2D.Editor.Overrides.dll (+2 others) [CacheMiss 21e874bb6c507fc3cbc04fa593f6494e00000000000000000000000000000006]
[           0s] Csc Library/Bee/artifacts/900b0aE.dag/Unity.RenderPipelines.Universal.Editor.dll (+2 others) [CacheMiss 10e77b5687725f8ebb65020588b15a5a00000000000000000000000000000006]
[656/667    0s] ILPostProcess Library/Bee/artifacts/900b0aE.dag/post-processed/Unity.ShaderGraph.Editor.dll (+pdb)
Processing assembly Library/Bee/artifacts/900b0aE.dag/Unity.ShaderGraph.Editor.dll, with 142 defines and 314 references
processors: Unity.Jobs.CodeGen.JobsILPostProcessor, zzzUnity.Burst.CodeGen.BurstILPostProcessor
running Unity.Jobs.CodeGen.JobsILPostProcessor
running zzzUnity.Burst.CodeGen.BurstILPostProcessor
[657/667    0s] CopyFiles Library/ScriptAssemblies/Unity.ShaderGraph.Editor.pdb
[658/667    0s] CopyFiles Library/ScriptAssemblies/Unity.ShaderGraph.Editor.dll
[659/667    0s] Csc Library/Bee/artifacts/900b0aE.dag/Unity.RenderPipelines.Universal.2D.Editor.Overrides.dll (+2 others)
[           0s] Csc Library/Bee/artifacts/900b0aE.dag/Unity.RenderPipelines.Universal.2D.Editor.Overrides.dll (+2 others) [CacheWrite 21e874bb6c507fc3cbc04fa593f6494e00000000000000000000000000000006]
[660/667    0s] ILPostProcess Library/Bee/artifacts/900b0aE.dag/post-processed/Unity.RenderPipelines.Universal.2D.Editor.Overrides.dll (+pdb)
Processing assembly Library/Bee/artifacts/900b0aE.dag/Unity.RenderPipelines.Universal.2D.Editor.Overrides.dll, with 142 defines and 318 references
processors: Unity.Jobs.CodeGen.JobsILPostProcessor, zzzUnity.Burst.CodeGen.BurstILPostProcessor
running Unity.Jobs.CodeGen.JobsILPostProcessor
running zzzUnity.Burst.CodeGen.BurstILPostProcessor
[661/667    0s] CopyFiles Library/ScriptAssemblies/Unity.RenderPipelines.Universal.2D.Editor.Overrides.dll
[662/667    0s] CopyFiles Library/ScriptAssemblies/Unity.RenderPipelines.Universal.2D.Editor.Overrides.pdb
[663/667    0s] Csc Library/Bee/artifacts/900b0aE.dag/Unity.RenderPipelines.Universal.Editor.dll (+2 others)
[           0s] Csc Library/Bee/artifacts/900b0aE.dag/Unity.RenderPipelines.Universal.Editor.dll (+2 others) [CacheWrite 10e77b5687725f8ebb65020588b15a5a00000000000000000000000000000006]
[664/667    0s] ILPostProcess Library/Bee/artifacts/900b0aE.dag/post-processed/Unity.RenderPipelines.Universal.Editor.dll (+pdb)
Processing assembly Library/Bee/artifacts/900b0aE.dag/Unity.RenderPipelines.Universal.Editor.dll, with 142 defines and 322 references
processors: Unity.Jobs.CodeGen.JobsILPostProcessor, zzzUnity.Burst.CodeGen.BurstILPostProcessor
running Unity.Jobs.CodeGen.JobsILPostProcessor
running zzzUnity.Burst.CodeGen.BurstILPostProcessor
[665/667    0s] CopyFiles Library/ScriptAssemblies/Unity.RenderPipelines.Universal.Editor.pdb
[666/667    0s] CopyFiles Library/ScriptAssemblies/Unity.RenderPipelines.Universal.Editor.dll
*** Tundra build success (13.14 seconds), 302 items updated, 667 evaluated
Assets/_Project/Core/Match/AttackPlan.cs(47,22): warning CS8632: The annotation for nullable reference types should only be used in code within a '#nullable' annotations context.
Assets/_Project/Core/Match/GoalHealth.cs(51,45): warning CS8632: The annotation for nullable reference types should only be used in code within a '#nullable' annotations context.
Assets/_Project/Core/Match/GoalHealth.cs(52,28): warning CS8632: The annotation for nullable reference types should only be used in code within a '#nullable' annotations context.
Assets/_Project/Core/Match/AttackPlan.cs(51,58): warning CS8632: The annotation for nullable reference types should only be used in code within a '#nullable' annotations context.
Assets/_Project/Core/Config/ConfigModel.cs(75,26): warning CS8632: The annotation for nullable reference types should only be used in code within a '#nullable' annotations context.
Assets/_Project/Core/Match/EconomyService.cs(115,74): warning CS8632: The annotation for nullable reference types should only be used in code within a '#nullable' annotations context.
Assets/_Project/Core/Match/DamageSystem.cs(83,38): warning CS8632: The annotation for nullable reference types should only be used in code within a '#nullable' annotations context.
Assets/_Project/Core/Json/JsonValue.cs(61,25): warning CS8632: The annotation for nullable reference types should only be used in code within a '#nullable' annotations context.
Assets/_Project/Core/Match/DamageSystem.cs(111,69): warning CS8632: The annotation for nullable reference types should only be used in code within a '#nullable' annotations context.
Assets/_Project/Core/Match/DamageSystem.cs(15,22): warning CS8632: The annotation for nullable reference types should only be used in code within a '#nullable' annotations context.
Assets/_Project/Core/Match/DamageSystem.cs(24,44): warning CS8632: The annotation for nullable reference types should only be used in code within a '#nullable' annotations context.
Assets/_Project/Core/Match/EconomyService.cs(129,86): warning CS8632: The annotation for nullable reference types should only be used in code within a '#nullable' annotations context.
Assets/_Project/Core/Match/EconomyService.cs(176,48): warning CS8632: The annotation for nullable reference types should only be used in code within a '#nullable' annotations context.
Assets/_Project/Core/Config/ConfigModel.cs(155,22): warning CS8632: The annotation for nullable reference types should only be used in code within a '#nullable' annotations context.
Assets/_Project/Core/Match/MatchController.cs(142,33): warning CS8632: The annotation for nullable reference types should only be used in code within a '#nullable' annotations context.
Assets/_Project/Core/Match/MatchController.cs(143,33): warning CS8632: The annotation for nullable reference types should only be used in code within a '#nullable' annotations context.
Assets/_Project/Core/Match/MatchController.cs(144,40): warning CS8632: The annotation for nullable reference types should only be used in code within a '#nullable' annotations context.
Assets/_Project/Core/Match/MatchController.cs(148,52): warning CS8632: The annotation for nullable reference types should only be used in code within a '#nullable' annotations context.
Assets/_Project/Core/Match/MatchController.cs(537,39): warning CS8632: The annotation for nullable reference types should only be used in code within a '#nullable' annotations context.
Assets/_Project/Core/Match/MatchController.cs(542,39): warning CS8632: The annotation for nullable reference types should only be used in code within a '#nullable' annotations context.
Assets/_Project/Core/Match/MatchController.cs(546,50): warning CS8632: The annotation for nullable reference types should only be used in code within a '#nullable' annotations context.
Assets/_Project/Core/Match/MatchController.cs(551,48): warning CS8632: The annotation for nullable reference types should only be used in code within a '#nullable' annotations context.
Assets/_Project/Core/Match/UpgradeService.cs(42,69): warning CS8632: The annotation for nullable reference types should only be used in code within a '#nullable' annotations context.
Assets/_Project/Core/Match/UpgradeService.cs(57,57): warning CS8632: The annotation for nullable reference types should only be used in code within a '#nullable' annotations context.
Assets/_Project/Core/Match/UpgradeService.cs(111,26): warning CS8632: The annotation for nullable reference types should only be used in code within a '#nullable' annotations context.
Assets/_Project/Core/Match/TargetingSystem.cs(95,24): warning CS8632: The annotation for nullable reference types should only be used in code within a '#nullable' annotations context.
Assets/_Project/Core/Match/MatchController.cs(703,22): warning CS8632: The annotation for nullable reference types should only be used in code within a '#nullable' annotations context.
Assets/_Project/Core/Match/RewardedRecovery.cs(36,53): warning CS8632: The annotation for nullable reference types should only be used in code within a '#nullable' annotations context.
Assets/_Project/Core/Match/SlotManager.cs(116,29): warning CS8632: The annotation for nullable reference types should only be used in code within a '#nullable' annotations context.
Assets/_Project/Core/Match/SlotManager.cs(129,71): warning CS8632: The annotation for nullable reference types should only be used in code within a '#nullable' annotations context.
Assets/_Project/Core/Match/Vec2.cs(36,43): warning CS8632: The annotation for nullable reference types should only be used in code within a '#nullable' annotations context.
Assets/_Project/Core/Json/JsonValue.cs(56,50): warning CS8632: The annotation for nullable reference types should only be used in code within a '#nullable' annotations context.
Assets/_Project/Core/Json/JsonValue.cs(61,83): warning CS8632: The annotation for nullable reference types should only be used in code within a '#nullable' annotations context.
Assets/_Project/Core/Config/ConfigValidator.cs(57,52): warning CS8632: The annotation for nullable reference types should only be used in code within a '#nullable' annotations context.
Assets/_Project/Core/Match/WaveSpawner.cs(70,69): warning CS8632: The annotation for nullable reference types should only be used in code within a '#nullable' annotations context.
Assets/_Project/Core/Config/ConfigMapper.cs(121,22): warning CS8632: The annotation for nullable reference types should only be used in code within a '#nullable' annotations context.
Assets/_Project/Core/Match/MatchController.cs(70,61): warning CS8632: The annotation for nullable reference types should only be used in code within a '#nullable' annotations context.
Assets/_Project/Core/Match/MatchController.cs(188,18): warning CS8632: The annotation for nullable reference types should only be used in code within a '#nullable' annotations context.
Assets/_Project/Core/Match/SlotManager.cs(112,51): warning CS8632: The annotation for nullable reference types should only be used in code within a '#nullable' annotations context.
Assets/_Project/Core/Match/SlotManager.cs(117,60): warning CS8632: The annotation for nullable reference types should only be used in code within a '#nullable' annotations context.
Assets/_Project/Core/Match/SlotManager.cs(131,56): warning CS8632: The annotation for nullable reference types should only be used in code within a '#nullable' annotations context.
Assets/_Project/Core/Match/TargetingSystem.cs(101,14): warning CS8632: The annotation for nullable reference types should only be used in code within a '#nullable' annotations context.
Assets/_Project/Core/Match/SlowStack.cs(78,25): warning CS8632: The annotation for nullable reference types should only be used in code within a '#nullable' annotations context.
Assets/_Project/Core/Match/SlotManager.cs(166,52): warning CS8632: The annotation for nullable reference types should only be used in code within a '#nullable' annotations context.
Assets/_Project/Core/Match/SlotManager.cs(178,65): warning CS8632: The annotation for nullable reference types should only be used in code within a '#nullable' annotations context.
Assets/_Project/Core/Match/UpgradeService.cs(59,26): warning CS8632: The annotation for nullable reference types should only be used in code within a '#nullable' annotations context.
Assets/_Project/Core/Match/WaveSpawner.cs(151,23): warning CS8632: The annotation for nullable reference types should only be used in code within a '#nullable' annotations context.
Assets/_Project/Core/Match/UpgradeService.cs(96,26): warning CS8632: The annotation for nullable reference types should only be used in code within a '#nullable' annotations context.
Assets/_Project/Core/Match/UpgradeService.cs(113,26): warning CS8632: The annotation for nullable reference types should only be used in code within a '#nullable' annotations context.
Assets/_Project/Core/Config/ConfigValidator.cs(224,58): warning CS8632: The annotation for nullable reference types should only be used in code within a '#nullable' annotations context.
Assets/_Project/Core/Config/ConfigValidator.cs(260,74): warning CS8632: The annotation for nullable reference types should only be used in code within a '#nullable' annotations context.
Assets/_Project/Core/Match/AbilityEngine.cs(38,23): warning CS8632: The annotation for nullable reference types should only be used in code within a '#nullable' annotations context.
Assets/_Project/Core/Config/ConfigValidator.cs(280,69): warning CS8632: The annotation for nullable reference types should only be used in code within a '#nullable' annotations context.
Assets/_Project/Core/Config/ConfigValidator.cs(294,89): warning CS8632: The annotation for nullable reference types should only be used in code within a '#nullable' annotations context.
Assets/_Project/Core/Match/AbilityEngine.cs(200,58): warning CS8632: The annotation for nullable reference types should only be used in code within a '#nullable' annotations context.
Assets/_Project/Core/Match/MatchController.cs(304,57): warning CS8632: The annotation for nullable reference types should only be used in code within a '#nullable' annotations context.
Assets/_Project/Core/Config/ConfigValidator.cs(338,81): warning CS8632: The annotation for nullable reference types should only be used in code within a '#nullable' annotations context.
Assets/_Project/Core/Config/ConfigValidator.cs(368,78): warning CS8632: The annotation for nullable reference types should only be used in code within a '#nullable' annotations context.
Assets/_Project/Core/Match/MatchController.cs(379,27): warning CS8632: The annotation for nullable reference types should only be used in code within a '#nullable' annotations context.
Assets/_Project/Core/Match/MatchController.cs(439,18): warning CS8632: The annotation for nullable reference types should only be used in code within a '#nullable' annotations context.
Assets/_Project/Core/Match/MatchController.cs(459,23): warning CS8632: The annotation for nullable reference types should only be used in code within a '#nullable' annotations context.
Assets/_Project/Core/Match/MatchController.cs(469,23): warning CS8632: The annotation for nullable reference types should only be used in code within a '#nullable' annotations context.
Assets/_Project/Core/Match/MatchController.cs(475,18): warning CS8632: The annotation for nullable reference types should only be used in code within a '#nullable' annotations context.
Assets/_Project/Core/Match/MatchController.cs(506,18): warning CS8632: The annotation for nullable reference types should only be used in code within a '#nullable' annotations context.
Assets/_Project/Core/Match/MatchController.cs(570,26): warning CS8632: The annotation for nullable reference types should only be used in code within a '#nullable' annotations context.
Assets/_Project/Core/Match/MatchController.cs(621,27): warning CS8632: The annotation for nullable reference types should only be used in code within a '#nullable' annotations context.
Assets/_Project/Core/Match/MatchController.cs(652,22): warning CS8632: The annotation for nullable reference types should only be used in code within a '#nullable' annotations context.
Assets/_Project/Core/Match/MatchController.cs(703,71): warning CS8632: The annotation for nullable reference types should only be used in code within a '#nullable' annotations context.
Assets/_Project/Core/Match/MatchController.cs(707,49): warning CS8632: The annotation for nullable reference types should only be used in code within a '#nullable' annotations context.
Assets/_Project/Core/Match/MatchController.cs(675,35): warning CS8632: The annotation for nullable reference types should only be used in code within a '#nullable' annotations context.
Assets/_Project/Core/Match/MatchController.cs(727,53): warning CS8632: The annotation for nullable reference types should only be used in code within a '#nullable' annotations context.
Assets/_Project/Core/Match/MatchController.cs(730,53): warning CS8632: The annotation for nullable reference types should only be used in code within a '#nullable' annotations context.
Assets/_Project/Unity/AudioService.cs(25,37): warning CS8632: The annotation for nullable reference types should only be used in code within a '#nullable' annotations context.
Assets/_Project/Unity/Draw.cs(88,61): warning CS8632: The annotation for nullable reference types should only be used in code within a '#nullable' annotations context.
Assets/_Project/Unity/BakedConfig.cs(48,22): warning CS8632: The annotation for nullable reference types should only be used in code within a '#nullable' annotations context.
Assets/_Project/Unity/Draw.cs(101,74): warning CS8632: The annotation for nullable reference types should only be used in code within a '#nullable' annotations context.
Assets/_Project/Unity/Draw.cs(15,42): warning CS8632: The annotation for nullable reference types should only be used in code within a '#nullable' annotations context.
Assets/_Project/Unity/AudioService.cs(93,26): warning CS8632: The annotation for nullable reference types should only be used in code within a '#nullable' annotations context.
Assets/_Project/Unity/Draw.cs(16,42): warning CS8632: The annotation for nullable reference types should only be used in code within a '#nullable' annotations context.
Assets/_Project/Unity/Draw.cs(17,30): warning CS8632: The annotation for nullable reference types should only be used in code within a '#nullable' annotations context.
Assets/_Project/Unity/Draw.cs(50,32): warning CS8632: The annotation for nullable reference types should only be used in code within a '#nullable' annotations context.
Assets/_Project/Unity/Icons.cs(33,61): warning CS8632: The annotation for nullable reference types should only be used in code within a '#nullable' annotations context.
Assets/_Project/Unity/MapProgress.cs(67,29): warning CS8632: The annotation for nullable reference types should only be used in code within a '#nullable' annotations context.
Assets/_Project/Unity/AudioService.cs(33,54): warning CS8632: The annotation for nullable reference types should only be used in code within a '#nullable' annotations context.
Assets/_Project/Unity/Hud.cs(464,26): warning CS8632: The annotation for nullable reference types should only be used in code within a '#nullable' annotations context.
Assets/_Project/Unity/Hud.cs(506,38): warning CS8632: The annotation for nullable reference types should only be used in code within a '#nullable' annotations context.
Assets/_Project/Unity/Hud.cs(598,36): warning CS8632: The annotation for nullable reference types should only be used in code within a '#nullable' annotations context.
Assets/_Project/Unity/MapSelect.cs(154,100): warning CS8632: The annotation for nullable reference types should only be used in code within a '#nullable' annotations context.
Assets/_Project/Unity/MapSelect.cs(18,29): warning CS8632: The annotation for nullable reference types should only be used in code within a '#nullable' annotations context.
Assets/_Project/Unity/Hud.cs(26,23): warning CS8632: The annotation for nullable reference types should only be used in code within a '#nullable' annotations context.
Assets/_Project/Unity/Hud.cs(30,25): warning CS8632: The annotation for nullable reference types should only be used in code within a '#nullable' annotations context.
Assets/_Project/Unity/MapSelect.cs(25,26): warning CS8632: The annotation for nullable reference types should only be used in code within a '#nullable' annotations context.
Assets/_Project/Unity/Hud.cs(40,32): warning CS8632: The annotation for nullable reference types should only be used in code within a '#nullable' annotations context.
Assets/_Project/Unity/MapSelect.cs(26,26): warning CS8632: The annotation for nullable reference types should only be used in code within a '#nullable' annotations context.
Assets/_Project/Unity/Hud.cs(41,32): warning CS8632: The annotation for nullable reference types should only be used in code within a '#nullable' annotations context.
Assets/_Project/Unity/MapSelect.cs(27,21): warning CS8632: The annotation for nullable reference types should only be used in code within a '#nullable' annotations context.
Assets/_Project/Unity/MapSelect.cs(28,21): warning CS8632: The annotation for nullable reference types should only be used in code within a '#nullable' annotations context.
Assets/_Project/Unity/MapSelect.cs(30,25): warning CS8632: The annotation for nullable reference types should only be used in code within a '#nullable' annotations context.
Assets/_Project/Unity/MapSelect.cs(31,25): warning CS8632: The annotation for nullable reference types should only be used in code within a '#nullable' annotations context.
Assets/_Project/Unity/MapSelect.cs(32,25): warning CS8632: The annotation for nullable reference types should only be used in code within a '#nullable' annotations context.
Assets/_Project/Unity/MapSelect.cs(33,25): warning CS8632: The annotation for nullable reference types should only be used in code within a '#nullable' annotations context.
Assets/_Project/Unity/MapSelect.cs(34,25): warning CS8632: The annotation for nullable reference types should only be used in code within a '#nullable' annotations context.
Assets/_Project/Unity/MapSelect.cs(35,25): warning CS8632: The annotation for nullable reference types should only be used in code within a '#nullable' annotations context.
Assets/_Project/Unity/MapSelect.cs(36,25): warning CS8632: The annotation for nullable reference types should only be used in code within a '#nullable' annotations context.
Assets/_Project/Unity/MapSelect.cs(37,25): warning CS8632: The annotation for nullable reference types should only be used in code within a '#nullable' annotations context.
Assets/_Project/Unity/MatchView.cs(693,60): warning CS8632: The annotation for nullable reference types should only be used in code within a '#nullable' annotations context.
Assets/_Project/Unity/PerfHud.cs(41,25): warning CS8632: The annotation for nullable reference types should only be used in code within a '#nullable' annotations context.
Assets/_Project/Unity/MatchView.cs(1239,42): warning CS8632: The annotation for nullable reference types should only be used in code within a '#nullable' annotations context.
Assets/_Project/Unity/Pitch.cs(201,33): warning CS8632: The annotation for nullable reference types should only be used in code within a '#nullable' annotations context.
Assets/_Project/Unity/Pitch.cs(242,30): warning CS8632: The annotation for nullable reference types should only be used in code within a '#nullable' annotations context.
Assets/_Project/Unity/MatchView.cs(1444,54): warning CS8632: The annotation for nullable reference types should only be used in code within a '#nullable' annotations context.
Assets/_Project/Unity/PerfHud.cs(44,27): warning CS8632: The annotation for nullable reference types should only be used in code within a '#nullable' annotations context.
Assets/_Project/Unity/MatchView.cs(1518,24): warning CS8632: The annotation for nullable reference types should only be used in code within a '#nullable' annotations context.
Assets/_Project/Unity/MatchView.cs(1520,36): warning CS8632: The annotation for nullable reference types should only be used in code within a '#nullable' annotations context.
Assets/_Project/Unity/MatchView.cs(1542,45): warning CS8632: The annotation for nullable reference types should only be used in code within a '#nullable' annotations context.
Assets/_Project/Unity/MatchView.cs(1560,24): warning CS8632: The annotation for nullable reference types should only be used in code within a '#nullable' annotations context.
Assets/_Project/Unity/MatchView.cs(1571,24): warning CS8632: The annotation for nullable reference types should only be used in code within a '#nullable' annotations context.
Assets/_Project/Unity/MatchView.cs(75,30): warning CS8632: The annotation for nullable reference types should only be used in code within a '#nullable' annotations context.
Assets/_Project/Unity/MatchView.cs(76,30): warning CS8632: The annotation for nullable reference types should only be used in code within a '#nullable' annotations context.
Assets/_Project/Unity/MatchView.cs(77,30): warning CS8632: The annotation for nullable reference types should only be used in code within a '#nullable' annotations context.
Assets/_Project/Unity/MatchView.cs(78,30): warning CS8632: The annotation for nullable reference types should only be used in code within a '#nullable' annotations context.
Assets/_Project/Unity/MatchView.cs(87,29): warning CS8632: The annotation for nullable reference types should only be used in code within a '#nullable' annotations context.
Assets/_Project/Unity/MatchView.cs(544,32): warning CS8632: The annotation for nullable reference types should only be used in code within a '#nullable' annotations context.
Assets/_Project/Unity/Hud.cs(42,32): warning CS8632: The annotation for nullable reference types should only be used in code within a '#nullable' annotations context.
Assets/_Project/Unity/Hud.cs(43,32): warning CS8632: The annotation for nullable reference types should only be used in code within a '#nullable' annotations context.
Assets/_Project/Unity/Hud.cs(92,28): warning CS8632: The annotation for nullable reference types should only be used in code within a '#nullable' annotations context.
Assets/_Project/Unity/MatchView.cs(1226,70): warning CS8632: The annotation for nullable reference types should only be used in code within a '#nullable' annotations context.
Assets/_Project/Unity/Hud.cs(462,54): warning CS8632: The annotation for nullable reference types should only be used in code within a '#nullable' annotations context.
Assets/_Project/Unity/Hud.cs(822,32): warning CS8632: The annotation for nullable reference types should only be used in code within a '#nullable' annotations context.
Assets/_Project/Unity/Hud.cs(365,37): warning CS8632: The annotation for nullable reference types should only be used in code within a '#nullable' annotations context.
Assets/_Project/Unity/Icons.cs(39,54): warning CS8632: The annotation for nullable reference types should only be used in code within a '#nullable' annotations context.
Assets/_Project/Unity/AudioService.cs(83,22): warning CS8632: The annotation for nullable reference types should only be used in code within a '#nullable' annotations context.
Assets/_Project/Unity/AudioService.cs(95,54): warning CS8632: The annotation for nullable reference types should only be used in code within a '#nullable' annotations context.
Assets/_Project/Unity/MatchView.cs(220,19): warning CS8632: The annotation for nullable reference types should only be used in code within a '#nullable' annotations context.
Assets/_Project/Unity/Draw.cs(159,64): warning CS8632: The annotation for nullable reference types should only be used in code within a '#nullable' annotations context.
Assets/_Project/Unity/Hud.cs(466,56): warning CS8632: The annotation for nullable reference types should only be used in code within a '#nullable' annotations context.
Assets/_Project/Unity/MatchView.cs(485,26): warning CS8632: The annotation for nullable reference types should only be used in code within a '#nullable' annotations context.
Assets/_Project/Unity/MatchView.cs(824,64): warning CS8632: The annotation for nullable reference types should only be used in code within a '#nullable' annotations context.
Assets/_Project/Unity/MatchView.cs(840,60): warning CS8632: The annotation for nullable reference types should only be used in code within a '#nullable' annotations context.
Assets/_Project/Unity/Hud.cs(691,19): warning CS8632: The annotation for nullable reference types should only be used in code within a '#nullable' annotations context.
Assets/_Project/Unity/Hud.cs(705,26): warning CS8632: The annotation for nullable reference types should only be used in code within a '#nullable' annotations context.
Assets/_Project/Unity/Hud.cs(758,26): warning CS8632: The annotation for nullable reference types should only be used in code within a '#nullable' annotations context.
Assets/_Project/Unity/Hud.cs(784,23): warning CS8632: The annotation for nullable reference types should only be used in code within a '#nullable' annotations context.
Assets/_Project/Unity/MatchView.cs(861,61): warning CS8632: The annotation for nullable reference types should only be used in code within a '#nullable' annotations context.
Assets/_Project/Unity/Hud.cs(865,23): warning CS8632: The annotation for nullable reference types should only be used in code within a '#nullable' annotations context.
Assets/_Project/Unity/Hud.cs(866,87): warning CS8632: The annotation for nullable reference types should only be used in code within a '#nullable' annotations context.
Assets/_Project/Unity/Hud.cs(868,81): warning CS8632: The annotation for nullable reference types should only be used in code within a '#nullable' annotations context.
Assets/_Project/Unity/MatchView.cs(906,61): warning CS8632: The annotation for nullable reference types should only be used in code within a '#nullable' annotations context.
Assets/_Project/Unity/MatchView.cs(911,62): warning CS8632: The annotation for nullable reference types should only be used in code within a '#nullable' annotations context.
Assets/_Project/Unity/Hud.cs(893,22): warning CS8632: The annotation for nullable reference types should only be used in code within a '#nullable' annotations context.
Assets/_Project/Unity/MatchView.cs(1154,63): warning CS8632: The annotation for nullable reference types should only be used in code within a '#nullable' annotations context.
Assets/_Project/Unity/MatchView.cs(1170,66): warning CS8632: The annotation for nullable reference types should only be used in code within a '#nullable' annotations context.
Assets/_Project/Unity/MatchView.cs(1241,73): warning CS8632: The annotation for nullable reference types should only be used in code within a '#nullable' annotations context.
Assets/_Project/Unity/MatchView.cs(1306,64): warning CS8632: The annotation for nullable reference types should only be used in code within a '#nullable' annotations context.
Assets/_Project/Unity/MatchView.cs(1318,67): warning CS8632: The annotation for nullable reference types should only be used in code within a '#nullable' annotations context.
Assets/_Project/Unity/MatchView.cs(1326,73): warning CS8632: The annotation for nullable reference types should only be used in code within a '#nullable' annotations context.
Assets/_Project/Unity/MatchView.cs(1348,63): warning CS8632: The annotation for nullable reference types should only be used in code within a '#nullable' annotations context.
Assets/_Project/Unity/MatchView.cs(1349,61): warning CS8632: The annotation for nullable reference types should only be used in code within a '#nullable' annotations context.
Assets/_Project/Unity/MatchView.cs(1367,64): warning CS8632: The annotation for nullable reference types should only be used in code within a '#nullable' annotations context.
Assets/_Project/Unity/MatchView.cs(1376,69): warning CS8632: The annotation for nullable reference types should only be used in code within a '#nullable' annotations context.
Assets/_Project/Unity/MatchView.cs(1425,68): warning CS8632: The annotation for nullable reference types should only be used in code within a '#nullable' annotations context.
Assets/_Project/Unity/MatchView.cs(1482,66): warning CS8632: The annotation for nullable reference types should only be used in code within a '#nullable' annotations context.
Assets/_Project/Unity/MatchView.cs(1512,20): warning CS8632: The annotation for nullable reference types should only be used in code within a '#nullable' annotations context.
Assets/_Project/Unity/MatchView.cs(1547,26): warning CS8632: The annotation for nullable reference types should only be used in code within a '#nullable' annotations context.
Assets/_Project/Unity/MatchView.cs(1574,20): warning CS8632: The annotation for nullable reference types should only be used in code within a '#nullable' annotations context.
Assets/_Project/Unity/MatchView.cs(1707,60): warning CS8632: The annotation for nullable reference types should only be used in code within a '#nullable' annotations context.
Assets/_Project/Editor/PlayModeGuard.cs(33,17): warning CS0618: 'Object.FindFirstObjectByType<T>()' is obsolete: 'FindFirstObjectByType has been deprecated because it relies on instance ID ordering. Use FindAnyObjectByType instead, which does not depend on ordering.'
Assets/_Project/Editor/ConfigBaker.cs(57,23): warning CS8632: The annotation for nullable reference types should only be used in code within a '#nullable' annotations context.
Assets/_Project/Unity/BakedConfig.cs(48,22): warning CS8632: The annotation for nullable reference types should only be used in code within a '#nullable' annotations context.
Assets/_Project/Unity/Draw.cs(101,74): warning CS8632: The annotation for nullable reference types should only be used in code within a '#nullable' annotations context.
Assets/_Project/Unity/Draw.cs(15,42): warning CS8632: The annotation for nullable reference types should only be used in code within a '#nullable' annotations context.
Assets/_Project/Unity/AudioService.cs(93,26): warning CS8632: The annotation for nullable reference types should only be used in code within a '#nullable' annotations context.
Assets/_Project/Unity/Draw.cs(16,42): warning CS8632: The annotation for nullable reference types should only be used in code within a '#nullable' annotations context.
Assets/_Project/Unity/Draw.cs(17,30): warning CS8632: The annotation for nullable reference types should only be used in code within a '#nullable' annotations context.
Assets/_Project/Unity/Draw.cs(50,32): warning CS8632: The annotation for nullable reference types should only be used in code within a '#nullable' annotations context.
Assets/_Project/Unity/MatchView.cs(1482,66): warning CS8632: The annotation for nullable reference types should only be used in code within a '#nullable' annotations context.
Assets/_Project/Unity/MatchView.cs(1512,20): warning CS8632: The annotation for nullable reference types should only be used in code within a '#nullable' annotations context.
Assets/_Project/Unity/MatchView.cs(1547,26): warning CS8632: The annotation for nullable reference types should only be used in code within a '#nullable' annotations context.
Assets/_Project/Unity/MatchView.cs(1574,20): warning CS8632: The annotation for nullable reference types should only be used in code within a '#nullable' annotations context.
Assets/_Project/Unity/MatchView.cs(1707,60): warning CS8632: The annotation for nullable reference types should only be used in code within a '#nullable' annotations context.
AssetDatabase: script compilation time: 16.044967s
Begin MonoManager ReloadAssembly
Importing 'GUID: 995c08a3305ff9f0dab5e86f340bd9a7 - Path: Packages/com.unity.modules.androidjni' with importer (DefaultImporter)
Imported 'GUID: 995c08a3305ff9f0dab5e86f340bd9a7' -> (Import Result ID: '7b492b591b9d3584a296b7b0684c5401') in 0.015 seconds [static dependencies only]. Details - ImportResultOutputID=30c3e7dc197ceabd471c943bc8eba608 DependenciesID=faf61f76801951cfa59516412b2b13b1 StaticDependenciesID=7fd9f0004f17629d4d9d9feca2f3e278 
Importing 'GUID: eb6da92b34b15b3fb1caa5bc702c5a6e - Path: Packages/com.google.external-dependency-manager' with importer (DefaultImporter)
Imported 'GUID: eb6da92b34b15b3fb1caa5bc702c5a6e' -> (Import Result ID: 'b81b7006a837d8c3dcdf1e8a6e43c997') in 0.004 seconds [static dependencies only]. Details - ImportResultOutputID=58deb2f3f43290011063afdfee331d62 DependenciesID=9aa66c9694fb58fc22b9949a07cd7bef StaticDependenciesID=01275e1b6479cdf2f7116abfd22faaf7 
Importing 'GUID: ec7a18ddb432f6ce905d49086e31794e - Path: Packages/com.google.ads.mobile' with importer (DefaultImporter)
Imported 'GUID: ec7a18ddb432f6ce905d49086e31794e' -> (Import Result ID: '0e504bf9cf8c0d8c980ecd03caff1aa7') in 0.000 seconds [static dependencies only]. Details - ImportResultOutputID=6b0521fd325060d35b25de49d9e13032 DependenciesID=cf7f16dc9eeb2e9049d3a2bddccc3a6f StaticDependenciesID=0d188196d1b16bea99632ba7b720c198 
Importing 'GUID: 541dad78aea344fca3a7ed86207da8ef - Path: Packages/com.google.ads.mobile/Plugins' with importer (DefaultImporter)
Imported 'GUID: 541dad78aea344fca3a7ed86207da8ef' -> (Import Result ID: '841222e0ebe67f0ef5f54eeef9542873') in 0.000 seconds [static dependencies only]. Details - ImportResultOutputID=0ba7a2368f4260f0ee4366726080c1c5 DependenciesID=5cbcb2125a0f3821aae4a097af179007 StaticDependenciesID=49120cccb6ca3e46a51bcdef6385e225 
Importing 'GUID: 8477fda4149141e98f5c0b6fcd0ef572 - Path: Packages/com.google.ads.mobile/GoogleMobileAds' with importer (DefaultImporter)
Imported 'GUID: 8477fda4149141e98f5c0b6fcd0ef572' -> (Import Result ID: 'd93e40d4e00055f8c92e8eea0ea86b3e') in 0.000 seconds [static dependencies only]. Details - ImportResultOutputID=4163c5dfa4cfa2974ca40fd32a9e9744 DependenciesID=2e48cfa86ec4a3ce726ac9cdc4f3f1c7 StaticDependenciesID=ed270a9d030f31a7f9f799f766a03a31 
Importing 'GUID: 46f5870ddbde4a6091f50656dcd5573e - Path: Packages/com.google.external-dependency-manager/ExternalDependencyManager' with importer (DefaultImporter)
Imported 'GUID: 46f5870ddbde4a6091f50656dcd5573e' -> (Import Result ID: '1cb29f637a3aa547daf340d71967b64d') in 0.000 seconds [static dependencies only]. Details - ImportResultOutputID=521f4682d3c224952006f5cf8f4d0235 DependenciesID=08776876ba27f828a974ad4a93b098ab StaticDependenciesID=797c6b9a37795a8680035d71417f7745 
Importing 'GUID: d8a7bfba241b4cb3b9f02269baf8857a - Path: Packages/com.google.ads.mobile/Plugins/Android' with importer (DefaultImporter)
Imported 'GUID: d8a7bfba241b4cb3b9f02269baf8857a' -> (Import Result ID: '28c0597c00bf0a3542d8c4be01fd1564') in 0.000 seconds [static dependencies only]. Details - ImportResultOutputID=e8f9b0d97231004c5e3ad187ac825ef7 DependenciesID=51c89f9134f9e1153d627ee8d59257e7 StaticDependenciesID=9599651b4b8d0dc39ef2228fbcb6a139 
Importing 'GUID: d84f0ba3e4e34e5faed73162b541eeb4 - Path: Packages/com.google.ads.mobile/GoogleMobileAds/Editor' with importer (DefaultImporter)
Imported 'GUID: d84f0ba3e4e34e5faed73162b541eeb4' -> (Import Result ID: '5c3e668c0bb9b77a9d34a54bf33a6016') in 0.000 seconds [static dependencies only]. Details - ImportResultOutputID=cac3bc6c989a208cfd80c022c09d2f2f DependenciesID=190367e93e30a57b4faa9b2979c96d83 StaticDependenciesID=8038b19383ea9558987c6fb8023fac1a 
Importing 'GUID: fae5c299386e4420a9687f9378ab7393 - Path: Packages/com.google.ads.mobile/Plugins/iOS' with importer (DefaultImporter)
Imported 'GUID: fae5c299386e4420a9687f9378ab7393' -> (Import Result ID: '63c140939536d6e75adc8959c499fa95') in 0.000 seconds [static dependencies only]. Details - ImportResultOutputID=a7429eedd70f800f96449b55531d1bb4 DependenciesID=b8b5d3922de5c9b4e9f828d3d17ada88 StaticDependenciesID=598562ad012593d21c765ab5ff5fa85e 
Importing 'GUID: 1f23cd25474841f6ad7555705b4807e9 - Path: Packages/com.google.external-dependency-manager/ExternalDependencyManager/Editor' with importer (DefaultImporter)
Imported 'GUID: 1f23cd25474841f6ad7555705b4807e9' -> (Import Result ID: '8c8ac20c992744374cd404ce68f575dc') in 0.000 seconds [static dependencies only]. Details - ImportResultOutputID=adf3d0e33f2d53e9de99afe2a3d66bd5 DependenciesID=bd8281c0c72dba4fb3c90693556e453b StaticDependenciesID=f61ed8cb1bd959e86a9eb55d7f238797 
Importing 'GUID: 110780d945e04427a1f2798b5946d775 - Path: Packages/com.google.ads.mobile/GoogleMobileAds/Editor/Resources' with importer (DefaultImporter)
Imported 'GUID: 110780d945e04427a1f2798b5946d775' -> (Import Result ID: '9edb1fbbecdd8010de4eddab20a72dfb') in 0.000 seconds [static dependencies only]. Details - ImportResultOutputID=4507b995900c6c59925efd4d4771c5de DependenciesID=20ebd25f8f91bf644b207ef6b1b651aa StaticDependenciesID=9fbe6c4578c10c87e9dfd38cf2626453 
Importing 'GUID: 1316bb75c13d4deb89c349af5f0f0a58 - Path: Packages/com.google.external-dependency-manager/ExternalDependencyManager/Editor/1.2.187' with importer (DefaultImporter)
Imported 'GUID: 1316bb75c13d4deb89c349af5f0f0a58' -> (Import Result ID: '0de0dc80c4fce8c963ae54bc747e8bae') in 0.001 seconds [static dependencies only]. Details - ImportResultOutputID=d2a1560f648d34ae3032b35dc63f58f7 DependenciesID=50f7f333da806fcc695311da2a794522 StaticDependenciesID=7bbc33ab04a9fbf82423df2ebe26dc00 
Importing 'GUID: a59919d0fed24042973018cc9c269a0b - Path: Packages/com.google.ads.mobile/Plugins/iOS/NativeTemplates' with importer (DefaultImporter)
Imported 'GUID: a59919d0fed24042973018cc9c269a0b' -> (Import Result ID: '734fdf1fbabee4ba5b4e5973590608b9') in 0.000 seconds [static dependencies only]. Details - ImportResultOutputID=58d69688293fb3e7c327d6d72a5b24a5 DependenciesID=a3bad4246e42533452423b2db5185ed4 StaticDependenciesID=04ea9b6101bc51279117636d60ec9bdf 
Importing 'GUID: 040d36684f144c4cba6eeca7b51bd1e0 - Path: Packages/com.google.ads.mobile/GoogleMobileAds/Editor/Resources/PlaceholderAds' with importer (DefaultImporter)
Imported 'GUID: 040d36684f144c4cba6eeca7b51bd1e0' -> (Import Result ID: '91686e8ab194eb95e38d21a6719ca5f1') in 0.000 seconds [static dependencies only]. Details - ImportResultOutputID=2e8f1eb54ed32dc46a360bd2418fc125 DependenciesID=4d041f926f3d13eb1ae2a36e0d762f7b StaticDependenciesID=b6ceed99d2da261d58dae11bb6043198 
Importing 'GUID: 8c2fad1ee6464e1aa4f5d4b47f6242fe - Path: Packages/com.google.ads.mobile/GoogleMobileAds/Editor/Resources/Ump' with importer (DefaultImporter)
Imported 'GUID: 8c2fad1ee6464e1aa4f5d4b47f6242fe' -> (Import Result ID: '2580139c66d63844a436d5533fee9943') in 0.000 seconds [static dependencies only]. Details - ImportResultOutputID=1bc1f78d22ee3ea66bc6b6de718474bf DependenciesID=cbf3660a392cb96e2ef70ce67c1f11a7 StaticDependenciesID=ef88440d8d6d1c4a6ddeb7317e56b215 
Importing 'GUID: 415732547048424ea1f5bbdac4ff0bd3 - Path: Packages/com.google.ads.mobile/GoogleMobileAds/Editor/Resources/PlaceholderAds/AdInspector' with importer (DefaultImporter)
Imported 'GUID: 415732547048424ea1f5bbdac4ff0bd3' -> (Import Result ID: 'ae0400281eb7795c53091fdc6f23bd42') in 0.000 seconds [static dependencies only]. Details - ImportResultOutputID=679b973a998dc121d4f1c60bea4f3716 DependenciesID=e80d2ed9f7689871a8d55c9cd2b24170 StaticDependenciesID=5baf59aef51dcaf1bc60095ee0c95e51 
Importing 'GUID: e11448f71f6a484d8e2bbf96ed9adac8 - Path: Packages/com.google.ads.mobile/GoogleMobileAds/Editor/Resources/PlaceholderAds/AdImages' with importer (DefaultImporter)
Imported 'GUID: e11448f71f6a484d8e2bbf96ed9adac8' -> (Import Result ID: 'a5499fa6989584f1e0bc44683ed3cc44') in 0.000 seconds [static dependencies only]. Details - ImportResultOutputID=8d91bfc20072e339a2997f2ee0d41fb0 DependenciesID=180d6f94d1f7e286e6fa915f42fe1ce8 StaticDependenciesID=efaad6ea89381ecde8e7952178dcaee1 
Importing 'GUID: 9220924e2ff14d4f87a22ce791b354c0 - Path: Packages/com.google.ads.mobile/GoogleMobileAds/Editor/Resources/PlaceholderAds/Rewarded' with importer (DefaultImporter)
Imported 'GUID: 9220924e2ff14d4f87a22ce791b354c0' -> (Import Result ID: '214d3f613a0e6936a57d72bca142300d') in 0.001 seconds [static dependencies only]. Details - ImportResultOutputID=30a26670e5efb18effb24e999649dd6f DependenciesID=c7f6ad67927de0297946288ad255a2de StaticDependenciesID=8b20915a67aeef7c94b77782453fcb7d 
Importing 'GUID: a5a1401e022e4a1ca64d8d630505274b - Path: Packages/com.google.ads.mobile/GoogleMobileAds/Editor/Resources/PlaceholderAds/AppOpen' with importer (DefaultImporter)
Imported 'GUID: a5a1401e022e4a1ca64d8d630505274b' -> (Import Result ID: '0707992b4336bcbeeaa56f228d28e75d') in 0.000 seconds [static dependencies only]. Details - ImportResultOutputID=f9a8ab5ff8400d3ffa09d4ccab08576a DependenciesID=34eb801717825b3e37b7673516e207be StaticDependenciesID=81292c90268e68f3f27fae315a7da04e 
Importing 'GUID: 26964d218457489b8be87288b2cace01 - Path: Packages/com.google.ads.mobile/GoogleMobileAds/Editor/Resources/PlaceholderAds/Interstitials' with importer (DefaultImporter)
Imported 'GUID: 26964d218457489b8be87288b2cace01' -> (Import Result ID: 'd7fcb2cc853c553ae8d36fd41ad6753a') in 0.000 seconds [static dependencies only]. Details - ImportResultOutputID=344932f464ce57c40f2686b527dd4cfa DependenciesID=2006359d4462f8467ae66100f6319d57 StaticDependenciesID=b81ed98eb2985fd58b5e3692d771c16a 
Importing 'GUID: 8e28a6fd340945b8a301bcc00c2fbc98 - Path: Packages/com.google.ads.mobile/GoogleMobileAds/Editor/Resources/PlaceholderAds/Banners' with importer (DefaultImporter)
Imported 'GUID: 8e28a6fd340945b8a301bcc00c2fbc98' -> (Import Result ID: 'f4d60face8b9b6d663a82777dfb3a281') in 0.000 seconds [static dependencies only]. Details - ImportResultOutputID=f8bc6eeca66d76812cf69689ca2d8069 DependenciesID=a6a90f35fd212da461c108bf38829bb3 StaticDependenciesID=67d37083979ea8e7849b6e8af14fef8b 
Importing 'GUID: cbb42e4cfd9484f52972c8f05e1c3252 - Path: Packages/com.google.ads.mobile/GoogleMobileAds/Editor/GoogleMobileAds.Editor.asmdef' with importer (AssemblyDefinitionImporter)
Imported 'GUID: cbb42e4cfd9484f52972c8f05e1c3252' -> (Import Result ID: '78bb291c3ad2e70af76124c71db026ca') in 0.001 seconds [static dependencies only]. Details - ImportResultOutputID=e64b48ccc2e3e215ca65f5917bd42d59 DependenciesID=ffed853c2ab87d7834dcfebd39a822d8 StaticDependenciesID=02cebde9f84c1e10137a69b3775a7a52 
Importing 'GUID: c82e859b16636ddd2ca4a1f63fd34938 - Path: Packages/com.unity.modules.androidjni/package.ModuleCompilationTrigger' with importer (DefaultImporter)
Imported 'GUID: c82e859b16636ddd2ca4a1f63fd34938' -> (Import Result ID: '1f7bd7b9ff84e0c63a1f30c0158813f6') in 0.927 seconds [static dependencies only]. Details - ImportResultOutputID=6a7f1eafcdb81a627586a74a505019b9 DependenciesID=7588d1a84adbbe84b3d276918e369fb4 StaticDependenciesID=00e8d98cc8487c72fc0bb1d83327e9f8 
Native extension for iOS target not found
Native extension for OSXStandalone target not found
ScheduleIndexationOnStartup MainProcess:True IndexOnStartup:True
Mono: successfully reloaded assembly
- Finished resetting the current domain, in  1.815 seconds
Domain Reload Profiling: 2617ms
	BeginReloadAssembly (513ms)
		DisableScriptedObjects (275ms)
		CreateAndSetChildDomain (149ms)
	RebuildCommonClasses (5ms)
	RebuildNativeTypeToScriptingClass (9ms)
	initialDomainReloadingComplete (25ms)
	LoadAllAssembliesAndSetupDomain (250ms)
		LoadAssemblies (190ms)
		AnalyzeDomain (76ms)
			TypeCache.Refresh (56ms)
				TypeCache.ScanAssembly (50ms)
			BuildScriptInfoCaches (15ms)
			ResolveRequiredComponents (3ms)
	FinalizeReload (1815ms)
		SetupLoadedEditorAssemblies (0ms)
			InitializePlatformSupportModulesInManaged (7ms)
			BeforeProcessingInitializeOnLoad (46ms)
			ProcessInitializeOnLoadAttributes (1335ms)
			ProcessInitializeOnLoadMethodAttributes (304ms)
		AwakeInstancesAfterBackupRestoration (14ms)
Importing 'GUID: dced4676809d4fd080dc99cc6b32b2ab - Path: Packages/com.google.ads.mobile/GoogleMobileAds/LICENSE' with importer (DefaultImporter)
Imported 'GUID: dced4676809d4fd080dc99cc6b32b2ab' -> (Import Result ID: '8532a6edf8d7552c103eeb24a214db4c') in 0.001 seconds [static dependencies only]. Details - ImportResultOutputID=642fd2807d843181c1359f5bf97904d0 DependenciesID=76bf2ecf8523bef3f56c0f2543a7eaa1 StaticDependenciesID=58f455efcf6c1162d7303f29bd319d93 
Importing 'GUID: cbab6e3b50154cd08ced6efe6a0140a5 - Path: Packages/com.google.external-dependency-manager/ExternalDependencyManager/Editor/Google.VersionHandler.pdb' with importer (DefaultImporter)
Imported 'GUID: cbab6e3b50154cd08ced6efe6a0140a5' -> (Import Result ID: '1f86860dbe74ac71efbd534892c19663') in 0.235 seconds [static dependencies only]. Details - ImportResultOutputID=9ad070dcf36e7ea85345ed12a49f5cc1 DependenciesID=726e0bfefb38d9d9c8d9bd8ef4f85327 StaticDependenciesID=adb617b7aa3b37ca2243e33df389624d 
Importing 'GUID: 41c90e40b1f446e3a7a78511ec9dc29a - Path: Packages/com.google.external-dependency-manager/ExternalDependencyManager/Editor/1.2.187/Google.IOSResolver.pdb' with importer (DefaultImporter)
Imported 'GUID: 41c90e40b1f446e3a7a78511ec9dc29a' -> (Import Result ID: '5c08da94063af1aeb15803e067351ba8') in 0.003 seconds [static dependencies only]. Details - ImportResultOutputID=8dbe09f0afc7c885f4d0f3f5f5c08092 DependenciesID=68cff342e1f6abe5232f5460b8283ba1 StaticDependenciesID=551acca3c024033c03e30db427a6a8be 
Importing 'GUID: 631695c6f49c48f98c72b46e1ab6c1f7 - Path: Packages/com.google.external-dependency-manager/ExternalDependencyManager/Editor/1.2.187/Google.VersionHandlerImpl.pdb' with importer (DefaultImporter)
Imported 'GUID: 631695c6f49c48f98c72b46e1ab6c1f7' -> (Import Result ID: '86c5a5beebf0ad8e1106414ff3eabf1e') in 0.001 seconds [static dependencies only]. Details - ImportResultOutputID=7bb1367cf900f00540620cc6a272af20 DependenciesID=822403b62ad4bbd6e73b54791d22485e StaticDependenciesID=aeca5688db208361c7aa32d33d042cff 
Importing 'GUID: fc3a620e92284458bd5f6f314dcaaf06 - Path: Packages/com.google.external-dependency-manager/ExternalDependencyManager/Editor/1.2.187/Google.JarResolver.pdb' with importer (DefaultImporter)
Imported 'GUID: fc3a620e92284458bd5f6f314dcaaf06' -> (Import Result ID: '193500e589def947b07d0950728a93d9') in 0.001 seconds [static dependencies only]. Details - ImportResultOutputID=e1a232a5097cdea93fffae622b8c6e04 DependenciesID=5dcf0dd5ddd431b31a75e9f076fd0f2a StaticDependenciesID=82fa62c7007750fddce94d8073ea145d 
Importing 'GUID: dfe1264154774d709896e750e01d4d14 - Path: Packages/com.google.external-dependency-manager/ExternalDependencyManager/Editor/1.2.187/Google.PackageManagerResolver.pdb' with importer (DefaultImporter)
Imported 'GUID: dfe1264154774d709896e750e01d4d14' -> (Import Result ID: '67d55f20a2d283de25ab4e97d9ed09c7') in 0.001 seconds [static dependencies only]. Details - ImportResultOutputID=5e94016444f84621e048ac9e871bd3c4 DependenciesID=b6b3acfc23a70193cb79ffc78c71dc43 StaticDependenciesID=ccc650fe9989cac3b31e841ba1af71be 
Importing 'GUID: d271d6a1aed6848559ecad6252e333b1 - Path: Packages/com.google.ads.mobile/GoogleMobileAds/Editor/Resources/PlaceholderAds/AdImages/AdInspectorHome.png' with importer (TextureImporter)
Imported 'GUID: d271d6a1aed6848559ecad6252e333b1' -> (Import Result ID: 'b266f9af9845a95023920430da20f557') in 0.048 seconds [static and dynamic dependencies]. Details - ImportResultOutputID=bdd3813d73c77cf75e610735effda169 DependenciesID=491425f934838dc7e8d5049d753e2aaa StaticDependenciesID=8717fc8f8385332a87821cc952adbbd6 
Importing 'GUID: d30303c99ba3f4b9b9924da34e6d742d - Path: Packages/com.google.ads.mobile/GoogleMobileAds/Editor/Resources/PlaceholderAds/AdImages/480x320.png' with importer (TextureImporter)
Imported 'GUID: d30303c99ba3f4b9b9924da34e6d742d' -> (Import Result ID: 'c230485bab8e4b36ca1fa77345ba247c') in 0.086 seconds [static and dynamic dependencies]. Details - ImportResultOutputID=52c62f9c8b83c53d123616c14872f3a9 DependenciesID=cbc230daf7960d5086a6cce4a3d3e755 StaticDependenciesID=a86d6c77e2684ec99bbf7e4ceced6a93 
Importing 'GUID: 74358f5fb13a549aabac4a5a7ac76739 - Path: Packages/com.google.ads.mobile/GoogleMobileAds/Editor/Resources/PlaceholderAds/AdImages/468x60.png' with importer (TextureImporter)
Imported 'GUID: 74358f5fb13a549aabac4a5a7ac76739' -> (Import Result ID: 'cfc3ae97be415ca1c8f83bd8c9aa87b2') in 0.004 seconds [static and dynamic dependencies]. Details - ImportResultOutputID=cb75c6270409e22e413668506e9aee7e DependenciesID=3abc90f017bc45129f593b8a054eb130 StaticDependenciesID=c14f9d169acf7ab1cd5c4cabbef5cb4b 
Importing 'GUID: 77d9c04b43d404f44ab60d7159b279bb - Path: Packages/com.google.ads.mobile/GoogleMobileAds/Editor/Resources/PlaceholderAds/AdImages/320x480.png' with importer (TextureImporter)
Imported 'GUID: 77d9c04b43d404f44ab60d7159b279bb' -> (Import Result ID: '7de79a5096ce71de57ebb7dd248d8cc5') in 0.009 seconds [static and dynamic dependencies]. Details - ImportResultOutputID=31de8ca98d0939fbbc84474eb5308c5e DependenciesID=7b7db619345645cc61f44672cc4f0674 StaticDependenciesID=da7a6fb34ba7e8e34622abc97aa78b60 
Importing 'GUID: 898f886a39d714db5b90d2c36676c894 - Path: Packages/com.google.ads.mobile/GoogleMobileAds/Editor/Resources/PlaceholderAds/AdImages/300x250.png' with importer (TextureImporter)
Imported 'GUID: 898f886a39d714db5b90d2c36676c894' -> (Import Result ID: '31c159e178d261a3d985be75c0519b0d') in 0.006 seconds [static and dynamic dependencies]. Details - ImportResultOutputID=147bb1a71edef9abfa35ef859090d8a3 DependenciesID=3a252260050dc86d892db45d8f87c0da StaticDependenciesID=577a121519d5a808825733ea3ba31122 
Importing 'GUID: 1a2723ddf964e4565a408007ab387283 - Path: Packages/com.google.ads.mobile/GoogleMobileAds/Editor/Resources/PlaceholderAds/AdImages/320x100.png' with importer (TextureImporter)
Imported 'GUID: 1a2723ddf964e4565a408007ab387283' -> (Import Result ID: '641d82043b23a4edde34c51a6058aab0') in 0.004 seconds [static and dynamic dependencies]. Details - ImportResultOutputID=741a98fba7a05edfac09707462214bc5 DependenciesID=77b52befc6271da1e7d596647368a390 StaticDependenciesID=10cdb82435a52b9137457c0cefbcfd80 
Importing 'GUID: 5a6531d4c9c484d679a2d6f9e6fefed5 - Path: Packages/com.google.ads.mobile/GoogleMobileAds/Editor/Resources/PlaceholderAds/AdImages/320x50.png' with importer (TextureImporter)
Imported 'GUID: 5a6531d4c9c484d679a2d6f9e6fefed5' -> (Import Result ID: '60cb8fe18873024439750af81dc829c3') in 0.003 seconds [static and dynamic dependencies]. Details - ImportResultOutputID=0810e77be4f9fc47a25cabbffdec3e51 DependenciesID=679485944a6a34d780e19d6bcfc9b69e StaticDependenciesID=a4f1a47482dffc41ad3409a1962a18a7 
Importing 'GUID: 8a53f9c63a5e94b14a98698a7b07365b - Path: Packages/com.google.ads.mobile/GoogleMobileAds/Editor/Resources/PlaceholderAds/AdImages/768x1024.png' with importer (TextureImporter)
Imported 'GUID: 8a53f9c63a5e94b14a98698a7b07365b' -> (Import Result ID: 'edb544831256f05897b237c0c72d024d') in 0.035 seconds [static and dynamic dependencies]. Details - ImportResultOutputID=f28f57cd23390f3504efbfe8378620a6 DependenciesID=d186f2f7a3bcec2d9c9363aa553dea16 StaticDependenciesID=f0baa4784560f4230bb3a2ea8f3c039b 
Importing 'GUID: cb0d255b8cd434556a80e3ae50b24b9c - Path: Packages/com.google.ads.mobile/GoogleMobileAds/Editor/Resources/Ump/ConsentForm.png' with importer (TextureImporter)
Imported 'GUID: cb0d255b8cd434556a80e3ae50b24b9c' -> (Import Result ID: '072fdfad577e8b337d3d8436a4561683') in 0.070 seconds [static and dynamic dependencies]. Details - ImportResultOutputID=8abd46fb99baebf32b8333aaeb35082f DependenciesID=69477269102e3468b6f7037a110fa648 StaticDependenciesID=444c4a0a1c5ff99bb46f0b78faeb4d4a 
Importing 'GUID: 4c69db43dbd474a2987be5807129b4cc - Path: Packages/com.google.ads.mobile/GoogleMobileAds/Editor/Resources/PlaceholderAds/AdImages/1024x768.png' with importer (TextureImporter)
Imported 'GUID: 4c69db43dbd474a2987be5807129b4cc' -> (Import Result ID: '9ad25fe5912b8624bb3bea0b9458275b') in 0.038 seconds [static and dynamic dependencies]. Details - ImportResultOutputID=582138a3db22d75b9f553d4eb874faa3 DependenciesID=77c1ce6be333bc56906a4813b8c650e5 StaticDependenciesID=e7c4f83da8f0d79bca62f4828ad479ea 
Importing 'GUID: cfead63ff9d9d48e2b4ba3c2dee7cea9 - Path: Packages/com.google.ads.mobile/GoogleMobileAds/Editor/Resources/PlaceholderAds/AdImages/728x90.png' with importer (TextureImporter)
Imported 'GUID: cfead63ff9d9d48e2b4ba3c2dee7cea9' -> (Import Result ID: '094b0a40bf346edd7157d2a7ae2282c2') in 0.006 seconds [static and dynamic dependencies]. Details - ImportResultOutputID=8d8ba5ee6efc8b1e95e9129f5575425d DependenciesID=5df99d62a7eb7cfb708a45f5a647c5e2 StaticDependenciesID=a383df766a44157f031f7f3ac0eb314c 
Importing 'GUID: 1142bbad8b9e8c44c83a9775ff120d37 - Path: Packages/com.unity.render-pipelines.core/Tests/Editor/UnifiedRayTracing/TraceRays.urtshader' with importer (ScriptedImporter : Unity.Rendering.LightTransport.Editor:UnityEditor.Rendering.UnifiedRayTracing:UnifiedRTShaderImporter)
Launching external process: /Applications/Unity/Hub/Editor/6000.5.4f1/Unity.app/Contents/Helpers/UnityShaderCompiler
Launched and connected shader compiler UnityShaderCompiler after 0.05 seconds
Imported 'GUID: 1142bbad8b9e8c44c83a9775ff120d37' -> (Import Result ID: '0b8c972304a6eada5d1c5d1f29c58a1e') in 0.067 seconds [static and dynamic dependencies]. Details - ImportResultOutputID=38976ebc7232f6e9ad6e1836fcb09fa0 DependenciesID=518eee4ef7d84fad7667cef84c82a964 StaticDependenciesID=83382896bf2194e2afb7a814a9f914cd 
Importing 'GUID: 7116baadf3e542399d530046786beb96 - Path: Packages/com.google.ads.mobile/README.md' with importer (TextScriptImporter)
Imported 'GUID: 7116baadf3e542399d530046786beb96' -> (Import Result ID: 'c62bb7c09091c7e493464cf499a8b0b9') in 0.001 seconds [static dependencies only]. Details - ImportResultOutputID=3d7a4d846e174586925582c5cc604c1b DependenciesID=7ae54111638ef974636de188b81b0afe StaticDependenciesID=a487b5f54271ca76c169b61faa560066 
Importing 'GUID: b18ecf64be00344e7b039c69e9af56bf - Path: Packages/com.google.ads.mobile/GoogleMobileAds/Editor/GoogleMobileAdsSKAdNetworkItems.xml' with importer (TextScriptImporter)
Imported 'GUID: b18ecf64be00344e7b039c69e9af56bf' -> (Import Result ID: '6251b154dedc6a63bbb211051aa20b88') in 0.001 seconds [static dependencies only]. Details - ImportResultOutputID=2a2201846386b5a2277a198d450efbe9 DependenciesID=8409954a58255677775608a66197489d StaticDependenciesID=1fa77260be1d26c2aeb83ba1238c43af 
Importing 'GUID: d19f4f8a13b6edb48b986a47ec96402e - Path: Packages/com.unity.render-pipelines.core/Runtime/PathTracing/Shaders/LightmapShadowMaskIntegration.urtshader' with importer (ScriptedImporter : Unity.Rendering.LightTransport.Editor:UnityEditor.Rendering.UnifiedRayTracing:UnifiedRTShaderImporter)
Imported 'GUID: d19f4f8a13b6edb48b986a47ec96402e' -> (Import Result ID: '7258e501123400936e684ef622002fc1') in 0.013 seconds [static and dynamic dependencies]. Details - ImportResultOutputID=25239743472664b2cda07ef901c820d9 DependenciesID=561c2d0ba453eafd68c19845d2f4fd45 StaticDependenciesID=14c19d6e640993fbe77b1f068828bf12 
Importing 'GUID: 3394fce7993e47d8a7336833f7326252 - Path: Packages/com.google.ads.mobile/package.json' with importer (PackageManifestImporter)
Imported 'GUID: 3394fce7993e47d8a7336833f7326252' -> (Import Result ID: 'e50c5282e4efae6fcb4617ce3ac818f3') in 0.001 seconds [static dependencies only]. Details - ImportResultOutputID=d2482d62445bc043195346768e359dd1 DependenciesID=f5087c9b783ff00272cbcadc14187703 StaticDependenciesID=cbf48cd0bffefbb4dcc1fb4b8138a67b 
Importing 'GUID: 737a1597422c12547a8714d76a9406ec - Path: Packages/com.unity.render-pipelines.core/Runtime/PathTracing/Shaders/LightmapGBufferDebug.urtshader' with importer (ScriptedImporter : Unity.Rendering.LightTransport.Editor:UnityEditor.Rendering.UnifiedRayTracing:UnifiedRTShaderImporter)
Imported 'GUID: 737a1597422c12547a8714d76a9406ec' -> (Import Result ID: 'c598fa91bc24c5c470afac99cb8c2c73') in 0.002 seconds [static and dynamic dependencies]. Details - ImportResultOutputID=648872f53d5e74c7a5e60f80d2dfdaa2 DependenciesID=3ba88f4311ebc74459778507f16af0d8 StaticDependenciesID=8d11f009385b3a4cea3b53c3339efefb 
Importing 'GUID: 83a3846a658ae46219b050c8451aabfe - Path: Packages/com.google.ads.mobile/GoogleMobileAds/Editor/gma_settings_editor_localization_data.json' with importer (TextScriptImporter)
Imported 'GUID: 83a3846a658ae46219b050c8451aabfe' -> (Import Result ID: '8590d6a840098219191174329dd392c7') in 0.001 seconds [static dependencies only]. Details - ImportResultOutputID=56d1538ab25f80f541c6769685604902 DependenciesID=712fc058126be4ab83f82fd00c27cbea StaticDependenciesID=edf870179f24cc8c7dcf1c16f9c6c3f3 
Importing 'GUID: f32463968f29423cad25aee15a14b9f1 - Path: Packages/com.unity.render-pipelines.core/Runtime/Lighting/SurfaceCache/PunctualLightSampling.urtshader' with importer (ScriptedImporter : Unity.Rendering.LightTransport.Editor:UnityEditor.Rendering.UnifiedRayTracing:UnifiedRTShaderImporter)
Imported 'GUID: f32463968f29423cad25aee15a14b9f1' -> (Import Result ID: '222df7e34d2864c0d3097a35fdc5e885') in 0.005 seconds [static and dynamic dependencies]. Details - ImportResultOutputID=937ce9fe5dc7037b62cdbeca19ed395a DependenciesID=19ec905c6b71f60b408b0123e89abe07 StaticDependenciesID=fae2d39a41418b21bab2b70cd0d272f0 
Importing 'GUID: 1451d029813b192429211be28181beab - Path: Packages/com.unity.render-pipelines.core/Runtime/PathTracing/Shaders/LightmapNormalIntegration.urtshader' with importer (ScriptedImporter : Unity.Rendering.LightTransport.Editor:UnityEditor.Rendering.UnifiedRayTracing:UnifiedRTShaderImporter)
Imported 'GUID: 1451d029813b192429211be28181beab' -> (Import Result ID: '204b05b7ae948a25b10fdbae80c4561c') in 0.003 seconds [static and dynamic dependencies]. Details - ImportResultOutputID=f7001b6bb22f5c6e6c1ee9be2f01b191 DependenciesID=3c4ae6ff1402d72dbefa37c547f2feb2 StaticDependenciesID=6695b2a8ac591a9580bdd3907887ec37 
Importing 'GUID: 94a070d33e408384bafc1dea4a565df9 - Path: Packages/com.unity.render-pipelines.core/Editor/Lighting/ProbeVolume/RenderingLayerMask/TraceRenderingLayerMask.urtshader' with importer (ScriptedImporter : Unity.Rendering.LightTransport.Editor:UnityEditor.Rendering.UnifiedRayTracing:UnifiedRTShaderImporter)
Imported 'GUID: 94a070d33e408384bafc1dea4a565df9' -> (Import Result ID: 'f4aafb4aeee29afe268f7d995593e881') in 0.002 seconds [static and dynamic dependencies]. Details - ImportResultOutputID=10235e7b64613aabe9fa9261705e2b0e DependenciesID=541d6806d958aeabee4e37c0e5c39328 StaticDependenciesID=76c56abbfe1dea1698b482e1c311a1b3 
Importing 'GUID: 94a39d12848d8d64ca962a72b74e7c50 - Path: Packages/com.unity.render-pipelines.core/Runtime/Lighting/SurfaceCache/Estimation.urtshader' with importer (ScriptedImporter : Unity.Rendering.LightTransport.Editor:UnityEditor.Rendering.UnifiedRayTracing:UnifiedRTShaderImporter)
Imported 'GUID: 94a39d12848d8d64ca962a72b74e7c50' -> (Import Result ID: '19824e7417d76fc1e486dbd54079f9c5') in 0.002 seconds [static and dynamic dependencies]. Details - ImportResultOutputID=f6e9c0561fb4f9151c3f10ec0cdc321f DependenciesID=722119569d7bc0f375ea171a72dbed71 StaticDependenciesID=3d83c90598d39b20511fc2d468edef81 
Importing 'GUID: 6513c3b892e933c4f8d00c19d5c47532 - Path: Packages/com.unity.render-pipelines.core/Tests/Editor/UnifiedRayTracing/TraceTransparentRays.urtshader' with importer (ScriptedImporter : Unity.Rendering.LightTransport.Editor:UnityEditor.Rendering.UnifiedRayTracing:UnifiedRTShaderImporter)
Imported 'GUID: 6513c3b892e933c4f8d00c19d5c47532' -> (Import Result ID: '287bbad6640fe5f41b6b02c97e12188e') in 0.001 seconds [static and dynamic dependencies]. Details - ImportResultOutputID=7e5ecbf32a4a678431b1714e1e27aa21 DependenciesID=da71fb85b3f750e9e38c854b9e38d2ce StaticDependenciesID=8372fb0bb36e1468fa9601c49a86d0e6 
Importing 'GUID: 161c4904cd2045a1bf046453a58a9d7b - Path: Packages/com.google.ads.mobile/GoogleMobileAds/CHANGELOG.md' with importer (TextScriptImporter)
Imported 'GUID: 161c4904cd2045a1bf046453a58a9d7b' -> (Import Result ID: '4bbca9e5941c50c4a48c4c1c05d92c99') in 0.001 seconds [static dependencies only]. Details - ImportResultOutputID=09dc265263d2680057ec81233f99b440 DependenciesID=e5c613cc3817ac9f7d4d5019bbb95e83 StaticDependenciesID=559577420c8aaee651b1ce926bc4bb11 
Importing 'GUID: 7624adbeb148b5c48ab5ab660cc2602a - Path: Packages/com.unity.render-pipelines.core/Runtime/PathTracing/Shaders/LightmapIndirectIntegration.urtshader' with importer (ScriptedImporter : Unity.Rendering.LightTransport.Editor:UnityEditor.Rendering.UnifiedRayTracing:UnifiedRTShaderImporter)
Imported 'GUID: 7624adbeb148b5c48ab5ab660cc2602a' -> (Import Result ID: '6c873b203987bebc05d8a58ba7593cb2') in 0.002 seconds [static and dynamic dependencies]. Details - ImportResultOutputID=b6575f0bc18f2c178bb971d12df31436 DependenciesID=5b3fdfc5e73d2d03680fd30a529a19b0 StaticDependenciesID=67a45332e0f51102f9bb9c93a750d036 
Importing 'GUID: d6461f9591d240498f49453b73a48552 - Path: Packages/com.google.ads.mobile/GoogleMobileAds/link.xml' with importer (TextScriptImporter)
Imported 'GUID: d6461f9591d240498f49453b73a48552' -> (Import Result ID: 'b78aec6e72e7edced62095c1c0b680d9') in 0.000 seconds [static dependencies only]. Details - ImportResultOutputID=a580853bf5906cc6ef4e85af24a967bc DependenciesID=0dfbedea1e25aca0f1df25383d092855 StaticDependenciesID=869b3549c455647c5ab90261c0a1475a 
Importing 'GUID: f61a1c8e753b496bb696e77d7eedfb95 - Path: Packages/com.google.external-dependency-manager/LICENSE.md' with importer (TextScriptImporter)
Imported 'GUID: f61a1c8e753b496bb696e77d7eedfb95' -> (Import Result ID: '0a49d1d14b2fbf06c24a7ed51b48a2e7') in 0.001 seconds [static dependencies only]. Details - ImportResultOutputID=d321011d16921122649274e556f5777c DependenciesID=646909ba059c304d5851351b588d4cd5 StaticDependenciesID=c5cb99a663281c0a8fab28e4ced7fda0 
Importing 'GUID: f7225ce7103aa4556994e2c2be08cd37 - Path: Packages/com.google.ads.mobile/GoogleMobileAds/Editor/GoogleUmpDependencies.xml' with importer (TextScriptImporter)
Imported 'GUID: f7225ce7103aa4556994e2c2be08cd37' -> (Import Result ID: 'f485e80447c4c7d08e8d16ca0b2122b0') in 0.000 seconds [static dependencies only]. Details - ImportResultOutputID=c1fc0fbd1ac399b5d75b3bfe39bb608d DependenciesID=0e81af6f88fa92da314f69472d137df2 StaticDependenciesID=55b4aa49f84e7b16891dff2bb24076c1 
Importing 'GUID: e9f4de6d1e07fb94f9a60d35b618f724 - Path: Packages/com.unity.render-pipelines.core/Runtime/PathTracing/Shaders/LightmapGBufferIntegration.urtshader' with importer (ScriptedImporter : Unity.Rendering.LightTransport.Editor:UnityEditor.Rendering.UnifiedRayTracing:UnifiedRTShaderImporter)
Imported 'GUID: e9f4de6d1e07fb94f9a60d35b618f724' -> (Import Result ID: '8407fa56976e73f2e2fc6fe4f4b4112d') in 0.002 seconds [static and dynamic dependencies]. Details - ImportResultOutputID=ca0fef8c54bcb36cb9d8285c794f233d DependenciesID=a62e92c48ad19274e931591ed2a1ef14 StaticDependenciesID=8b26c93a6e3373b36ba430a420b17d9a 
Importing 'GUID: 5a2a534753fbdb44e96c3c78b5a6999d - Path: Packages/com.unity.render-pipelines.core/Editor/Lighting/ProbeVolume/DynamicGI/DynamicGISkyOcclusion.urtshader' with importer (ScriptedImporter : Unity.Rendering.LightTransport.Editor:UnityEditor.Rendering.UnifiedRayTracing:UnifiedRTShaderImporter)
Imported 'GUID: 5a2a534753fbdb44e96c3c78b5a6999d' -> (Import Result ID: 'df18509d71626b9342037078d5f98d85') in 0.002 seconds [static and dynamic dependencies]. Details - ImportResultOutputID=3888cfad2b26896aacba9e32030532f4 DependenciesID=71fa0ecc9fcff195e88aed6c8d3d5b79 StaticDependenciesID=41b936436a30154af8a3b61f441fd564 
Importing 'GUID: 5bbebdef5916845478fcef13fa10d89f - Path: Packages/com.unity.render-pipelines.core/Runtime/PathTracing/Shaders/LightmapDirectIntegration.urtshader' with importer (ScriptedImporter : Unity.Rendering.LightTransport.Editor:UnityEditor.Rendering.UnifiedRayTracing:UnifiedRTShaderImporter)
Imported 'GUID: 5bbebdef5916845478fcef13fa10d89f' -> (Import Result ID: 'be663b27801ed7f9d91edc5f08e7649e') in 0.002 seconds [static and dynamic dependencies]. Details - ImportResultOutputID=51c15e6655665fbb0afce2a5131a67e4 DependenciesID=2b6182bf4d14d12ee660fac60bfff16f StaticDependenciesID=49e7ce722dcdec23942b360d8297bad5 
Importing 'GUID: 9bed450d5c03481d87e61b61431cf00a - Path: Packages/com.google.external-dependency-manager/package.json' with importer (PackageManifestImporter)
Imported 'GUID: 9bed450d5c03481d87e61b61431cf00a' -> (Import Result ID: 'a56925ae52c3789c48cedc3cb2e16a81') in 0.001 seconds [static dependencies only]. Details - ImportResultOutputID=985ac5fa4ebcdc6914635cc8320e0f8e DependenciesID=ab321e672e4dfeb6280ffeccc54a11f4 StaticDependenciesID=e3eb8c0b61dce9cfa67922966fed888a 
Importing 'GUID: cbbebcaa6ecb4b9582dce440a386de75 - Path: Packages/com.google.external-dependency-manager/README.md' with importer (TextScriptImporter)
Imported 'GUID: cbbebcaa6ecb4b9582dce440a386de75' -> (Import Result ID: '0d919f16aa89b9bb39e0d61a1657715d') in 0.001 seconds [static dependencies only]. Details - ImportResultOutputID=59f00e5340aac39b359454e6d95e05ff DependenciesID=35db58639d460fefdc7e12679ee2e426 StaticDependenciesID=bdc1a11c162346fc00f29930de74e4f0 
Importing 'GUID: fbc59f55df2416344b008dc23753cae2 - Path: Packages/com.unity.render-pipelines.core/Tests/Editor/UnifiedRayTracing/TraceRaysAndFetchAttributes.urtshader' with importer (ScriptedImporter : Unity.Rendering.LightTransport.Editor:UnityEditor.Rendering.UnifiedRayTracing:UnifiedRTShaderImporter)
Imported 'GUID: fbc59f55df2416344b008dc23753cae2' -> (Import Result ID: '5c7746ab6004dde7c2d3c366b0292b1d') in 0.001 seconds [static and dynamic dependencies]. Details - ImportResultOutputID=504e8ec5ee8fd2493a57e1c271e398e9 DependenciesID=8be3e5a0f9cb0fc8538eacb7142978b1 StaticDependenciesID=8530ce6573ae9a6cd0b7e3b83f0a29ad 
Importing 'GUID: 0cae5296254c41678b4f18590c8ffe86 - Path: Packages/com.google.ads.mobile/GoogleMobileAds/GoogleMobileAds_version-11.3.0_manifest.txt' with importer (TextScriptImporter)
Imported 'GUID: 0cae5296254c41678b4f18590c8ffe86' -> (Import Result ID: '11a64ae7c77a67e3315e7f4d453781c7') in 0.001 seconds [static dependencies only]. Details - ImportResultOutputID=2265932277245ecfe517de03f38ebee3 DependenciesID=f046b01d24d521882d5a11497d53969a StaticDependenciesID=4e25e56d56130c82d2c818556a95ccc6 
Importing 'GUID: 1c410815c01ce1d4d82c645c0cd45747 - Path: Packages/com.unity.render-pipelines.core/Runtime/PathTracing/Shaders/LightmapAOIntegration.urtshader' with importer (ScriptedImporter : Unity.Rendering.LightTransport.Editor:UnityEditor.Rendering.UnifiedRayTracing:UnifiedRTShaderImporter)
Imported 'GUID: 1c410815c01ce1d4d82c645c0cd45747' -> (Import Result ID: '625c3374476fd6935ffd621ff09b1972') in 0.002 seconds [static and dynamic dependencies]. Details - ImportResultOutputID=31a7571cd21617b9fdaf7d7ef1cc01c4 DependenciesID=68bf5de3824b4ec5983dba41c53f4c02 StaticDependenciesID=750dfd3ce8976c275bbe79cdc0d3127f 
Importing 'GUID: 2c32233d92a2d0745930664c087c5c9a - Path: Packages/com.unity.render-pipelines.core/Runtime/PathTracing/Shaders/ProbeIntegrationValidity.urtshader' with importer (ScriptedImporter : Unity.Rendering.LightTransport.Editor:UnityEditor.Rendering.UnifiedRayTracing:UnifiedRTShaderImporter)
Imported 'GUID: 2c32233d92a2d0745930664c087c5c9a' -> (Import Result ID: 'ee6cdde2858fc56a12362c8910a3ea15') in 0.002 seconds [static and dynamic dependencies]. Details - ImportResultOutputID=3aed45de9383859c93b2463d591d9583 DependenciesID=9cb2d906a8e1c10604ffe16fe6fcd3ff StaticDependenciesID=29b4a31e24ae88c796e0b3135dc8eb9b 
Importing 'GUID: 2c9357ed17521401bb7b6733145ebcd9 - Path: Packages/com.google.ads.mobile/GoogleMobileAds/Editor/GoogleMobileAdsDependencies.xml' with importer (TextScriptImporter)
Imported 'GUID: 2c9357ed17521401bb7b6733145ebcd9' -> (Import Result ID: '80541263fabd18bf396af7da842c9cb2') in 0.000 seconds [static dependencies only]. Details - ImportResultOutputID=acd14639a9ab734d541441053454c6d0 DependenciesID=202faf02ddd532f9dd49c8c36fe0a658 StaticDependenciesID=56176aa4c120351291ab6a21879dca97 
Importing 'GUID: ace95ac84e213794891b4bd7c9b3c158 - Path: Packages/com.unity.render-pipelines.core/Runtime/PathTracing/Shaders/LightmapValidityIntegration.urtshader' with importer (ScriptedImporter : Unity.Rendering.LightTransport.Editor:UnityEditor.Rendering.UnifiedRayTracing:UnifiedRTShaderImporter)
Imported 'GUID: ace95ac84e213794891b4bd7c9b3c158' -> (Import Result ID: '77dc4f20dbac5441fa4f55c476daee49') in 0.002 seconds [static and dynamic dependencies]. Details - ImportResultOutputID=d65120337dde904abd79e5f9a3f1077c DependenciesID=f7aa8db7fb886a6c6daa0de6bb574a67 StaticDependenciesID=ba52e4c5fecd98843b40eedfc4866f08 
Importing 'GUID: fc41f6dc6b8440f8877d9374a6d56957 - Path: Packages/com.google.ads.mobile/LICENSE.md' with importer (TextScriptImporter)
Imported 'GUID: fc41f6dc6b8440f8877d9374a6d56957' -> (Import Result ID: 'cb04e48159038e44a1a34ec25e7a176e') in 0.001 seconds [static dependencies only]. Details - ImportResultOutputID=39c88e16234600734e91edad003f530d DependenciesID=c1c603b0688c7693b0f0bf5375a381dd StaticDependenciesID=852e60cf2e634027b2e9fb0212b4d90e 
Importing 'GUID: bd1af0a6633ee94ae21c7d1d702cdc12 - Path: Packages/com.unity.modules.androidjni/package.json' with importer (PackageManifestImporter)
Imported 'GUID: bd1af0a6633ee94ae21c7d1d702cdc12' -> (Import Result ID: '2b2920b6dc0775a62b290e6127c26209') in 0.001 seconds [static dependencies only]. Details - ImportResultOutputID=f4e2b880b85d4b1b337e650ea054a573 DependenciesID=14b1cd389323a466b42ad37856fc83ac StaticDependenciesID=7fb24af0225a36d78f6998f727a4ed0e 
Importing 'GUID: dd6a29a412594aadb37d9698db325eca - Path: Packages/com.google.external-dependency-manager/CHANGELOG.md' with importer (TextScriptImporter)
Imported 'GUID: dd6a29a412594aadb37d9698db325eca' -> (Import Result ID: '828704c3ac941da69d0b872106ea642d') in 0.001 seconds [static dependencies only]. Details - ImportResultOutputID=26760b21eed0a51f52ce291899b89d29 DependenciesID=2f5f5bc868b807cf48b33299ce832ee6 StaticDependenciesID=85f7a5d59e1cc07c9fc0939a7cc9ef4a 
Importing 'GUID: 0eee29df3d9d43e6b60f5c5bec06affa - Path: Packages/com.google.ads.mobile/CHANGELOG.md' with importer (TextScriptImporter)
Imported 'GUID: 0eee29df3d9d43e6b60f5c5bec06affa' -> (Import Result ID: 'b32bc1fb6468b17b3d6cd827a39fab08') in 0.000 seconds [static dependencies only]. Details - ImportResultOutputID=ad73af5f236b9279d5e0dfca7f936999 DependenciesID=4f636a1b99346173ae271e4f13855e86 StaticDependenciesID=56ee5e035f976b922b5a5ae4fad978e0 
Importing 'GUID: 5ecdabd800f05984696f22ba95284516 - Path: Packages/com.unity.render-pipelines.core/Runtime/PathTracing/Shaders/ProbeIntegrationIndirect.urtshader' with importer (ScriptedImporter : Unity.Rendering.LightTransport.Editor:UnityEditor.Rendering.UnifiedRayTracing:UnifiedRTShaderImporter)
Imported 'GUID: 5ecdabd800f05984696f22ba95284516' -> (Import Result ID: '85637863c5b848722cf1d353e8121e9f') in 0.003 seconds [static and dynamic dependencies]. Details - ImportResultOutputID=f2e7cda47512c516a1853e191b19b509 DependenciesID=c468ab52e6ed7265632b217faf92c8e1 StaticDependenciesID=e2c127f94ccdcb83ca23463fb1f2a2e5 
Importing 'GUID: 6e0b547bab30a804c8123974120d583f - Path: Packages/com.unity.render-pipelines.core/Tests/Runtime/PathTracing/PathIteratorTest.urtshader' with importer (ScriptedImporter : Unity.Rendering.LightTransport.Editor:UnityEditor.Rendering.UnifiedRayTracing:UnifiedRTShaderImporter)
Imported 'GUID: 6e0b547bab30a804c8123974120d583f' -> (Import Result ID: 'b95c83e3853be0aaf1a674022e8c9e0f') in 0.003 seconds [static and dynamic dependencies]. Details - ImportResultOutputID=15a7ba87e9695e257f0ab04d49a1f8b6 DependenciesID=f8889b47117a380e0b9abc05444235e8 StaticDependenciesID=109768bf87f2aa9106ce5a61082f1a11 
Importing 'GUID: de3013e16d99f2746ab1735ec06a660b - Path: Packages/com.unity.render-pipelines.core/Runtime/PathTracing/Shaders/ProbeIntegrationOcclusion.urtshader' with importer (ScriptedImporter : Unity.Rendering.LightTransport.Editor:UnityEditor.Rendering.UnifiedRayTracing:UnifiedRTShaderImporter)
Imported 'GUID: de3013e16d99f2746ab1735ec06a660b' -> (Import Result ID: 'c6e59f3b0a684c80771ac20be578f198') in 0.003 seconds [static and dynamic dependencies]. Details - ImportResultOutputID=cde47fc8743744d8fcc11ab3f245669e DependenciesID=cb1ccbedc2721959c0c17a06d49dc0b1 StaticDependenciesID=b27c26bc9001d433eb4742192dec8cdb 
Importing 'GUID: 1f9bfe60b4ad75943a5281839c1a4e5c - Path: Packages/com.unity.render-pipelines.core/Runtime/PathTracing/Shaders/ProbeIntegrationDirect.urtshader' with importer (ScriptedImporter : Unity.Rendering.LightTransport.Editor:UnityEditor.Rendering.UnifiedRayTracing:UnifiedRTShaderImporter)
Imported 'GUID: 1f9bfe60b4ad75943a5281839c1a4e5c' -> (Import Result ID: 'dc70d95008b1b55721f2bed0379ca7a5') in 0.003 seconds [static and dynamic dependencies]. Details - ImportResultOutputID=b63cd3dda3134fca9a04f78165298399 DependenciesID=35aad981cb2764c1d34d93d667330ccc StaticDependenciesID=9976b23c91526db98b62402ee2637b09 
Importing 'GUID: 5fb8a7aa9dba440483d41094ce520bd5 - Path: Packages/com.google.external-dependency-manager/ExternalDependencyManager/Editor/external-dependency-manager_version-1.2.187_manifest.txt' with importer (TextScriptImporter)
Imported 'GUID: 5fb8a7aa9dba440483d41094ce520bd5' -> (Import Result ID: 'd177722c56d900c3689eef23e879f7a5') in 0.000 seconds [static dependencies only]. Details - ImportResultOutputID=d7a28fc5ef4c2a253905e7097efaebf7 DependenciesID=30c1472fd4c7f6f2a0e6918f93aa3754 StaticDependenciesID=868907a2fec138396097f202e2459cf5 
Importing 'GUID: ff2cbab5da58bf04d82c5f34037ed123 - Path: Packages/com.unity.render-pipelines.core/Editor/Lighting/ProbeVolume/VirtualOffset/TraceVirtualOffset.urtshader' with importer (ScriptedImporter : Unity.Rendering.LightTransport.Editor:UnityEditor.Rendering.UnifiedRayTracing:UnifiedRTShaderImporter)
Imported 'GUID: ff2cbab5da58bf04d82c5f34037ed123' -> (Import Result ID: '9209dd4dbee76325db2060d722347cb7') in 0.002 seconds [static and dynamic dependencies]. Details - ImportResultOutputID=0145d8aec987b5b02d2cba55b3db6b4d DependenciesID=4b8f72f20ad83b7f5edd3ff7d71defc6 StaticDependenciesID=bb01cef5f5bbfce7bb5614b4f3a2af7b 
Importing 'GUID: 30454d768d0994255b52eafa89dad8e2 - Path: Packages/com.google.ads.mobile/GoogleMobileAds/Editor/Resources/PlaceholderAds/AppOpen/1024x768.prefab' with importer (PrefabImporter)
Imported 'GUID: 30454d768d0994255b52eafa89dad8e2' -> (Import Result ID: '4427fda31785c0089949c499c16e6c46') in 0.010 seconds [static and dynamic dependencies]. Details - ImportResultOutputID=3dc5ed8ce375495ac63d63a8bbcdec15 DependenciesID=edde600fef4a0369050b407f0ed8dca2 StaticDependenciesID=ca8b6ba5201b7303d4db9e58a4156932 
Importing 'GUID: 60a76727b740d485fa446352e56931c5 - Path: Packages/com.google.ads.mobile/GoogleMobileAds/Editor/Resources/PlaceholderAds/Banners/LEADERBOARD.prefab' with importer (PrefabImporter)
Imported 'GUID: 60a76727b740d485fa446352e56931c5' -> (Import Result ID: 'df7053914ba605da3c13e72712794217') in 0.001 seconds [static and dynamic dependencies]. Details - ImportResultOutputID=f5275712adaebda590b32f136c4e4a7c DependenciesID=441890fc6fd59bb630883c50461a6a82 StaticDependenciesID=772d66bc71a762a9cd594142ae18d739 
Importing 'GUID: a01bd5a6d0f504aecb61dad504950abd - Path: Packages/com.google.ads.mobile/GoogleMobileAds/Editor/Resources/PlaceholderAds/Banners/FULL_BANNER.prefab' with importer (PrefabImporter)
Imported 'GUID: a01bd5a6d0f504aecb61dad504950abd' -> (Import Result ID: 'c7642e6656ce308dae5fd4e0720ab1b2') in 0.001 seconds [static and dynamic dependencies]. Details - ImportResultOutputID=a9b6f7a12a00b16a3939a659f8d0f82d DependenciesID=d3f9dc5eb04e25ca1a7c8c578b975ed6 StaticDependenciesID=67b7a866cbf4da2e266e52290d4c2a1e 
Importing 'GUID: d09dfea4c722a4e239e771200d3639cc - Path: Packages/com.google.ads.mobile/GoogleMobileAds/Editor/Resources/PlaceholderAds/AdInspector/768x1024.prefab' with importer (PrefabImporter)
Imported 'GUID: d09dfea4c722a4e239e771200d3639cc' -> (Import Result ID: '273650b0574d5dfd1b6bc96ec994133e') in 0.001 seconds [static and dynamic dependencies]. Details - ImportResultOutputID=4cec4abca54577bc6f9df9c25343ef90 DependenciesID=391b406fc6a2b26c5f9be11c82076bf8 StaticDependenciesID=69e32bf9199aa3f9e1a02e285d7c0e11 
Importing 'GUID: 32087445d9e7f4577ae9170a6b11f114 - Path: Packages/com.google.ads.mobile/GoogleMobileAds/Editor/Resources/Ump/ConsentForm.prefab' with importer (PrefabImporter)
Imported 'GUID: 32087445d9e7f4577ae9170a6b11f114' -> (Import Result ID: '250f784b3305be2af674861e4896ed62') in 0.001 seconds [static and dynamic dependencies]. Details - ImportResultOutputID=f7af5a13137f08cb2aeb1c14fc4056ec DependenciesID=83a8bbeb198b03cf773edfbbcbd73e2e StaticDependenciesID=a4df9cdbf51e2665e9ddecea272715b9 
Importing 'GUID: b2a3ea2f1837847d9981501e0eeca085 - Path: Packages/com.google.ads.mobile/GoogleMobileAds/Editor/Resources/PlaceholderAds/Banners/ADAPTIVE.prefab' with importer (PrefabImporter)
Imported 'GUID: b2a3ea2f1837847d9981501e0eeca085' -> (Import Result ID: '5715992c65cdf692c75d52833e17ecc1') in 0.001 seconds [static and dynamic dependencies]. Details - ImportResultOutputID=929e8706a30b42a06fd22372a8cc1221 DependenciesID=36667e83f01ffda65dc97b1de2c5fff0 StaticDependenciesID=ec6b41d8246f97bb0afae17591474b86 
Importing 'GUID: b2a8ac187bcca47a286cb00c8094da36 - Path: Packages/com.google.ads.mobile/GoogleMobileAds/Editor/Resources/PlaceholderAds/Banners/BANNER.prefab' with importer (PrefabImporter)
Imported 'GUID: b2a8ac187bcca47a286cb00c8094da36' -> (Import Result ID: 'a6507f5ea225b7ad7f9954863dade406') in 0.001 seconds [static and dynamic dependencies]. Details - ImportResultOutputID=0cad39a0e321680134943c135232d713 DependenciesID=157cc06197e3f126e678b5f7d3991a7f StaticDependenciesID=4e83bdd65a9355cdfb2d4c6b625b1e1c 
Importing 'GUID: 53084846ca7a14a878485a5db71fda00 - Path: Packages/com.google.ads.mobile/GoogleMobileAds/Editor/Resources/PlaceholderAds/Interstitials/1024x768.prefab' with importer (PrefabImporter)
Imported 'GUID: 53084846ca7a14a878485a5db71fda00' -> (Import Result ID: 'dcaaa4c7191ac595662fb141198f8988') in 0.001 seconds [static and dynamic dependencies]. Details - ImportResultOutputID=3ba7f18a55c7ff386541a98cad66de5f DependenciesID=3b1fcb2217452adc690aa81c12d0e2f1 StaticDependenciesID=e3b844b0c9928b4adb8654f0fd73f0be 
Importing 'GUID: 15069cdc38e2b41f7836116419a9187c - Path: Packages/com.google.ads.mobile/GoogleMobileAds/Editor/Resources/PlaceholderAds/Banners/SMART_BANNER.prefab' with importer (PrefabImporter)
Imported 'GUID: 15069cdc38e2b41f7836116419a9187c' -> (Import Result ID: '4623adf5a7ff1832697ca4527c534eeb') in 0.001 seconds [static and dynamic dependencies]. Details - ImportResultOutputID=51046f0f9c53b669e320a75b9716ff93 DependenciesID=90e2f04d26ff11a823d99728bc2d6506 StaticDependenciesID=d4078ec517e9ca65af4956cca66ed008 
Importing 'GUID: 452d0eeb28d68420d95c05a6712689be - Path: Packages/com.google.ads.mobile/GoogleMobileAds/Editor/Resources/PlaceholderAds/Banners/CENTER.prefab' with importer (PrefabImporter)
Imported 'GUID: 452d0eeb28d68420d95c05a6712689be' -> (Import Result ID: '3811e3163e2cd555515611612aeaee18') in 0.001 seconds [static and dynamic dependencies]. Details - ImportResultOutputID=1bcd458bed4bb3fdcd0c1110f02461e1 DependenciesID=fa424df39468da523b42d8c1fd58d76c StaticDependenciesID=ab13d6e3c48930d7c4a376e39ec49252 
Importing 'GUID: 2758392ec5c0c413886eaf50350c125e - Path: Packages/com.google.ads.mobile/GoogleMobileAds/Editor/Resources/PlaceholderAds/Banners/LARGE_BANNER.prefab' with importer (PrefabImporter)
Imported 'GUID: 2758392ec5c0c413886eaf50350c125e' -> (Import Result ID: '4d6f37e1d58a7cb2d7b5b1033f2e0123') in 0.001 seconds [static and dynamic dependencies]. Details - ImportResultOutputID=d49c0b04939822ff7f1f70182976493c DependenciesID=acb58d0cf1c4a6b7387cc181d344b698 StaticDependenciesID=20055f899bfae69141a9a0bd9f24a243 
Importing 'GUID: da3156337d5ca4d529cf72f8b467823b - Path: Packages/com.google.ads.mobile/GoogleMobileAds/Editor/Resources/PlaceholderAds/Banners/MEDIUM_RECTANGLE.prefab' with importer (PrefabImporter)
Imported 'GUID: da3156337d5ca4d529cf72f8b467823b' -> (Import Result ID: '345ee8e94b5f6600ca7658e1ef98e823') in 0.001 seconds [static and dynamic dependencies]. Details - ImportResultOutputID=a58823943bd082e204ee85d5ee3b4fb8 DependenciesID=bef13985279d1436bc8e207f9957e2cf StaticDependenciesID=b0e3b823ccb81983a1e7a0e2d69f8142 
Importing 'GUID: ac0a546bb4fb349229fc5824b288ec00 - Path: Packages/com.google.ads.mobile/GoogleMobileAds/Editor/Resources/PlaceholderAds/Rewarded/1024x768.prefab' with importer (PrefabImporter)
Imported 'GUID: ac0a546bb4fb349229fc5824b288ec00' -> (Import Result ID: 'fc232e790a430a1149f436678bf408b3') in 0.001 seconds [static and dynamic dependencies]. Details - ImportResultOutputID=4d24768ad214f691cf4ba324e9e599a2 DependenciesID=9367243a5d610b0973a16a7c6822f6b1 StaticDependenciesID=4217c14936c7dfee9153e639b3f87d0e 
Importing 'GUID: 7d86e5c9e525f4fadbbea7ee54246b94 - Path: Packages/com.google.ads.mobile/GoogleMobileAds/Editor/Resources/PlaceholderAds/AppOpen/768x1024.prefab' with importer (PrefabImporter)
Imported 'GUID: 7d86e5c9e525f4fadbbea7ee54246b94' -> (Import Result ID: '57fb03822178d5ee4446cf1f74f3772b') in 0.001 seconds [static and dynamic dependencies]. Details - ImportResultOutputID=d97864720ef6d6449305b756a3100dc7 DependenciesID=40f574522127a4cdd936ad799151a39a StaticDependenciesID=51b68eafa9102af2f21eb52fadfc4c7a 
Importing 'GUID: 4e3dd9a9607da46da8125b4b59a18db2 - Path: Packages/com.google.ads.mobile/GoogleMobileAds/Editor/Resources/PlaceholderAds/Rewarded/768x1024.prefab' with importer (PrefabImporter)
Imported 'GUID: 4e3dd9a9607da46da8125b4b59a18db2' -> (Import Result ID: '1919f5233266bcf050c9c9ef338a2b65') in 0.001 seconds [static and dynamic dependencies]. Details - ImportResultOutputID=b5ea420e882c03ecf80c42d771fc1c83 DependenciesID=46c199f23d0978210aa2b21d99002500 StaticDependenciesID=81fbbdb9980de87f7ff44b84e86edc93 
Importing 'GUID: 9e579ef4793d34e79be6a216c0b67d78 - Path: Packages/com.google.ads.mobile/GoogleMobileAds/Editor/Resources/PlaceholderAds/Interstitials/768x1024.prefab' with importer (PrefabImporter)
Imported 'GUID: 9e579ef4793d34e79be6a216c0b67d78' -> (Import Result ID: 'a104efee0120022ec91d15dfbce6d403') in 0.001 seconds [static and dynamic dependencies]. Details - ImportResultOutputID=48af2768456f94091e0ea9fe19f71702 DependenciesID=b70c3af93ebf096586e1f1d3cfe3831e StaticDependenciesID=6265069ea678c9653bf38cba03b6fec1 
Starting new worker id: 0 with log in /Users/tuantu/Desktop/dev/AI/mobile/game_df/LaMuralla/Logs/AssetImportWorkerHW0.log
No restricted APIs configured; Validation skipped.
Checking 15 assemblies for restricted APIs found 0 usage(s) in 2 ms

Asset Pipeline Refresh (id=71d41ee26335446a6a5729e24d64d849): Total: 36.482 seconds - Initiated by InitialRefreshV2(ForceSynchronousImport)
	(Values over 0.05ms)
	Summary:
		Imports: total=94 (actual=94, local cache=0, cache server=0)
		Asset DB Process Time: managed=83 ms, native=3979 ms
		Asset DB Callback time: managed=233 ms, native=8350 ms
		Scripting: domain reloads=1, domain reload time=1193 ms, compile time=22622 ms, other=18 ms
		Project Asset Count: scripts=887, non-scripts=1764
		Asset File Changes: new=106, changed=110, moved=0, deleted=0
		Scan Filter Count: 1
	InvokePackagesCallback: 8307.902ms
	ApplyChangesToAssetFolders: 0.325ms
	Scan: 357.481ms
	Collect global state as custom dependencies: 2.551ms
	OnSourceAssetsModified: 0.702ms
	CategorizeScriptCompilationAssets: 11.534ms
	ProcessAssetsWithTransientArtifactChanges: 23.378ms
	CategorizeAssets: 60.354ms
	CompileScripts: 22622.471ms
	ImportOutOfDateAssets: 3540.866ms (1822.595ms without children)
		ImportManagerImport: 1698.296ms (5.605ms without children)
			UpdateCategorizedAssets: 1.294ms
		UnloadImportedAssets: 0.725ms
		ReloadImportedAssets: 0.760ms
		EnsureUptoDateAssetsAreRegisteredWithGuidPM: 0.242ms
		ImportSchedulerStart: 18.986ms
	PostProcessAllAssets: 279.160ms
		ComputeShaderImportPostprocess 14.847ms
		AssemblyValidation.PostprocessAllAssets 12.521ms
		RaytracingShaderImportPostprocess 11.029ms
		VCAutoAddAssetPostprocess 1.798ms
		PostProcessCallbackCreateDeferredMaterials 0.738ms
		SpriteAtlasDatabase.OnAssetPostprocessCallback 0.295ms
		ShaderAssetModifiedCallback 0.278ms
		VersionControlSettings.HiddenFilePostprocess 0.106ms
		BlockShaderImporter.PostprocessAllAssets 0.104ms
		SpeedTreeImporter.PostprocessAllAssets 0.090ms
		LocalizationDatabase.AssetDatabasePostprocessCallback 0.085ms
		XRBuildSystem.XRAssetImported 0.061ms
		MonoPostProcessAllAssets: 232.445ms
			IOSResolver.OnPostprocessAllAssets 95.731ms
			SyncVS.PostprocessSyncProject 53.349ms
			PackageManagerResolver.OnPostprocessAllAssets 21.408ms
			AssetPostprocessor.OnPostprocessAllAssets 11.254ms
			StyleCatalogPostProcessor.OnPostprocessAllAssets 8.205ms
			UniversalRenderPipelineGlobalSettingsPostprocessor.OnPostprocessAllAssets 6.312ms
			SpriteSlicePostprocessor.OnPostprocessAllAssets 6.081ms
			ShaderGraphAssetPostProcessor.OnPostprocessAllAssets 4.258ms
			BuilderAssetPostprocessor.OnPostprocessAllAssets 3.716ms
			TextAssetPostProcessor.OnPostprocessAllAssets 1.588ms
			SpeedTree9Postprocessor.OnPostprocessAllAssets 1.122ms
			AssetChangedListener.OnPostprocessAllAssets 1.063ms
			WindowAssetPostprocessingWatcher.OnPostprocessAllAssets 1.013ms
			MaterialPostprocessor.OnPostprocessAllAssets 0.796ms
			RetainedModeAssetPostprocessor.OnPostprocessAllAssets 0.707ms
			PostProcessor.OnPostprocessAllAssets 0.682ms
			InputActionAssetPostprocessor.OnPostprocessAllAssets 0.641ms
			InputActionJsonNameModifierAssetProcessor.OnPostprocessAllAssets 0.558ms
			EditModeScopePostprocessor.OnPostprocessAllAssets 0.520ms
			ArtifactBrowserPostProcessor.OnPostprocessAllAssets 0.473ms
			SpriteEditorTexturePostprocessor.OnPostprocessAllAssets 0.396ms
			RenderPipelineGlobalSettingsPostprocessor.OnPostprocessAllAssets 0.380ms
			VersionHandlerImpl.OnPostprocessAllAssets 0.353ms
			AudioMixerPostprocessor.OnPostprocessAllAssets 0.267ms
			PlayServicesResolver.OnPostprocessAllAssets 0.216ms
			SampleDependencyImporterPostProcessor.OnPostprocessAllAssets 0.211ms
			TMPro_TexturePostProcessor.OnPostprocessAllAssets 0.162ms
			ShaderReflectionAssetPostProcessor.OnPostprocessAllAssets 0.153ms
			ReferencedClipsPostProcessor.OnPostprocessAllAssets 0.149ms
			AssetEvents.OnPostprocessAllAssets 0.131ms
			ProjectSettingsPostprocessor.OnPostprocessAllAssets 0.127ms
			TerrainToolbarOverlayPostProcessor.OnPostprocessAllAssets 0.124ms
			SpeedTreePostProcessor.OnPostprocessAllAssets 0.086ms
			AudioContainerPostProcessor.OnPostprocessAllAssets 0.076ms
			AssetDatabaseCallbacks.OnPostprocessAllAssets 0.066ms
			ConfigAssetsTracker.OnPostprocessAllAssets 0.051ms
	PostAssetChangesProfiler: 2.790ms
	UnloadStreamsBegin: 4.429ms
	PersistCurrentRevisions: 0.462ms
	GenerateScriptTypeHashes: 3.033ms
	GenerateScriptTypeSerializationHashes: 6.225ms
	Untracked: 1265.232ms

Application.AssetDatabase Initial Refresh End
Shader Hidden/ChartRasterizerHardware is not supported: GPU does not support conservative rasterization
Shader Hidden/ChartRasterizerHardware is not supported: GPU does not support conservative rasterization
Scanning for USB devices : 0.309ms
Initializing Unity extensions:
[MODES] ModeService[none].Initialize
[MODES] ModeService[none].LoadModes
[MODES] Loading mode Default (0) for mode-current-id-Football Tower Defense
2026-08-26 10:23:29.574 Unity[46597:439289] NSEventModifierFlagFunction specified to -setKeyEquivalentModifierMask: for item <NSMenuItem: 0x398520450 SDF, ke='Command-F12'>, but is only supported for system-provided menu items; will not be used
Unloading 121 Unused Serialized files (Serialized files now loaded: 0)
Unloading 3895 unused Assets / (7.8 MB). Loaded Objects now: 4677.
Memory consumption went from 257.8 MB to 250.0 MB.
Total: 9.387958 ms (FindLiveObjects: 0.292583 ms CreateObjectMapping: 0.564292 ms MarkObjects: 5.168166 ms  DeleteObjects: 3.361916 ms)

Curl error 7: Failed to connect to config.uca.cloud.unity3d.com port 443 after 23 ms: Error
2026-08-26 10:23:29.630 Unity[46597:439289] NSEventModifierFlagFunction specified to -setKeyEquivalentModifierMask: for item <NSMenuItem: 0x3132f7da0 SDF, ke='Command-F12'>, but is only supported for system-provided menu items; will not be used
Thread 0x3972bb000 may have been prematurely finalized
Batchmode quit successfully invoked - shutting down!
Curl error 7: Failed to connect to cdp.cloud.unity3d.com port 443 after 1 ms: Error
info: Microsoft.Hosting.Lifetime[0]
      Application is shutting down...
info: Unity.ILPP.Runner.PostProcessingAssemblyLoadContext[0]
      ALC ILPP context 1 is unloading
