Command line invocation:
    /Applications/Xcode.app/Contents/Developer/usr/bin/xcodebuild -project ios-build/Unity-iPhone.xcodeproj -scheme Unity-iPhone -configuration Debug -destination id=00008101-000E446C3CFA001E -derivedDataPath ios-build/DerivedData -allowProvisioningUpdates build

User defaults from command line:
    IDEDerivedDataPathOverride = /Users/tuantu/Desktop/dev/AI/mobile/game_df/ios-build/DerivedData
    IDEPackageSupportUseBuiltinSCM = YES

Prepare packages

ComputeTargetDependencyGraph
note: Building targets in dependency order
note: Target dependency graph (3 targets)
    Target 'Unity-iPhone' in project 'Unity-iPhone'
        ➜ Explicit dependency on target 'UnityFramework' in project 'Unity-iPhone'
    Target 'UnityFramework' in project 'Unity-iPhone'
        ➜ Explicit dependency on target 'GameAssembly' in project 'Unity-iPhone'
    Target 'GameAssembly' in project 'Unity-iPhone' (no dependencies)

GatherProvisioningInputs

CreateBuildDescription

ExecuteExternalTool /Applications/Xcode.app/Contents/Developer/Toolchains/XcodeDefault.xctoolchain/usr/bin/clang -v -E -dM -arch arm64 -isysroot /Applications/Xcode.app/Contents/Developer/Platforms/iPhoneOS.platform/Developer/SDKs/iPhoneOS18.2.sdk -x objective-c++ -c /dev/null

ExecuteExternalTool /Applications/Xcode.app/Contents/Developer/usr/bin/ibtool --version --output-format xml1

ExecuteExternalTool /Applications/Xcode.app/Contents/Developer/Toolchains/XcodeDefault.xctoolchain/usr/bin/clang -v -E -dM -isysroot /Applications/Xcode.app/Contents/Developer/Platforms/iPhoneOS.platform/Developer/SDKs/iPhoneOS18.2.sdk -x c -c /dev/null

ExecuteExternalTool /Applications/Xcode.app/Contents/Developer/usr/bin/actool --version --output-format xml1

ExecuteExternalTool /Applications/Xcode.app/Contents/Developer/Toolchains/XcodeDefault.xctoolchain/usr/bin/clang -v -E -dM -arch arm64 -isysroot /Applications/Xcode.app/Contents/Developer/Platforms/iPhoneOS.platform/Developer/SDKs/iPhoneOS18.2.sdk -x c++ -c /dev/null

ExecuteExternalTool /Applications/Xcode.app/Contents/Developer/Toolchains/XcodeDefault.xctoolchain/usr/bin/ld -version_details

ExecuteExternalTool /Applications/Xcode.app/Contents/Developer/Toolchains/XcodeDefault.xctoolchain/usr/bin/clang -v -E -dM -arch arm64 -isysroot /Applications/Xcode.app/Contents/Developer/Platforms/iPhoneOS.platform/Developer/SDKs/iPhoneOS18.2.sdk -x c -c /dev/null

ExecuteExternalTool /Applications/Xcode.app/Contents/Developer/Toolchains/XcodeDefault.xctoolchain/usr/bin/clang -v -E -dM -arch arm64 -isysroot /Applications/Xcode.app/Contents/Developer/Platforms/iPhoneOS.platform/Developer/SDKs/iPhoneOS18.2.sdk -x objective-c -c /dev/null

Build description signature: 4a4c7e6cdb672c682e16eb57eded7a1c
Build description path: /Users/tuantu/Desktop/dev/AI/mobile/game_df/ios-build/DerivedData/Build/Intermediates.noindex/XCBuildData/4a4c7e6cdb672c682e16eb57eded7a1c.xcbuilddata
CreateBuildDirectory /Users/tuantu/Desktop/dev/AI/mobile/game_df/ios-build/DerivedData/Build/Products
    cd /Users/tuantu/Desktop/dev/AI/mobile/game_df/ios-build/Unity-iPhone.xcodeproj
    builtin-create-build-directory /Users/tuantu/Desktop/dev/AI/mobile/game_df/ios-build/DerivedData/Build/Products

ClangStatCache /Applications/Xcode.app/Contents/Developer/Toolchains/XcodeDefault.xctoolchain/usr/bin/clang-stat-cache /Applications/Xcode.app/Contents/Developer/Platforms/iPhoneOS.platform/Developer/SDKs/iPhoneOS18.2.sdk /Users/tuantu/Desktop/dev/AI/mobile/game_df/ios-build/DerivedData/SDKStatCaches.noindex/iphoneos18.2-22C146-d5b9239ec3bf5b3adbecdf21472871e3.sdkstatcache
    cd /Users/tuantu/Desktop/dev/AI/mobile/game_df/ios-build/Unity-iPhone.xcodeproj
    /Applications/Xcode.app/Contents/Developer/Toolchains/XcodeDefault.xctoolchain/usr/bin/clang-stat-cache /Applications/Xcode.app/Contents/Developer/Platforms/iPhoneOS.platform/Developer/SDKs/iPhoneOS18.2.sdk -o /Users/tuantu/Desktop/dev/AI/mobile/game_df/ios-build/DerivedData/SDKStatCaches.noindex/iphoneos18.2-22C146-d5b9239ec3bf5b3adbecdf21472871e3.sdkstatcache

CreateBuildDirectory /Users/tuantu/Desktop/dev/AI/mobile/game_df/ios-build/DerivedData/Build/Intermediates.noindex
    cd /Users/tuantu/Desktop/dev/AI/mobile/game_df/ios-build/Unity-iPhone.xcodeproj
    builtin-create-build-directory /Users/tuantu/Desktop/dev/AI/mobile/game_df/ios-build/DerivedData/Build/Intermediates.noindex

WriteAuxiliaryFile /Users/tuantu/Desktop/dev/AI/mobile/game_df/ios-build/DerivedData/Build/Intermediates.noindex/Unity-iPhone.build/Debug-iphoneos/Unity-iPhone-4d46f0999f4e53d6791a1877ccf164d7-VFS-iphoneos/all-product-headers.yaml
    cd /Users/tuantu/Desktop/dev/AI/mobile/game_df/ios-build/Unity-iPhone.xcodeproj
    write-file /Users/tuantu/Desktop/dev/AI/mobile/game_df/ios-build/DerivedData/Build/Intermediates.noindex/Unity-iPhone.build/Debug-iphoneos/Unity-iPhone-4d46f0999f4e53d6791a1877ccf164d7-VFS-iphoneos/all-product-headers.yaml

CreateBuildDirectory /Users/tuantu/Desktop/dev/AI/mobile/game_df/ios-build/DerivedData/Build/Products/Debug-iphoneos
    cd /Users/tuantu/Desktop/dev/AI/mobile/game_df/ios-build/Unity-iPhone.xcodeproj
    builtin-create-build-directory /Users/tuantu/Desktop/dev/AI/mobile/game_df/ios-build/DerivedData/Build/Products/Debug-iphoneos

CreateBuildDirectory /Users/tuantu/Desktop/dev/AI/mobile/game_df/ios-build/DerivedData/Build/Intermediates.noindex/EagerLinkingTBDs/Debug-iphoneos
    cd /Users/tuantu/Desktop/dev/AI/mobile/game_df/ios-build/Unity-iPhone.xcodeproj
    builtin-create-build-directory /Users/tuantu/Desktop/dev/AI/mobile/game_df/ios-build/DerivedData/Build/Intermediates.noindex/EagerLinkingTBDs/Debug-iphoneos

WriteAuxiliaryFile /Users/tuantu/Desktop/dev/AI/mobile/game_df/ios-build/DerivedData/Build/Intermediates.noindex/Unity-iPhone.build/Debug-iphoneos/GameAssembly.build/Script-C62A2A42F32E085EF849CF0B.sh (in target 'GameAssembly' from project 'Unity-iPhone')
    cd /Users/tuantu/Desktop/dev/AI/mobile/game_df/ios-build
    write-file /Users/tuantu/Desktop/dev/AI/mobile/game_df/ios-build/DerivedData/Build/Intermediates.noindex/Unity-iPhone.build/Debug-iphoneos/GameAssembly.build/Script-C62A2A42F32E085EF849CF0B.sh

WriteAuxiliaryFile /Users/tuantu/Desktop/dev/AI/mobile/game_df/ios-build/DerivedData/Build/Intermediates.noindex/Unity-iPhone.build/Debug-iphoneos/Unity-iPhone.build/FootballTowerDefense.hmap (in target 'Unity-iPhone' from project 'Unity-iPhone')
    cd /Users/tuantu/Desktop/dev/AI/mobile/game_df/ios-build
    write-file /Users/tuantu/Desktop/dev/AI/mobile/game_df/ios-build/DerivedData/Build/Intermediates.noindex/Unity-iPhone.build/Debug-iphoneos/Unity-iPhone.build/FootballTowerDefense.hmap

WriteAuxiliaryFile /Users/tuantu/Desktop/dev/AI/mobile/game_df/ios-build/DerivedData/Build/Intermediates.noindex/Unity-iPhone.build/Debug-iphoneos/Unity-iPhone.build/FootballTowerDefense.DependencyMetadataFileList (in target 'Unity-iPhone' from project 'Unity-iPhone')
    cd /Users/tuantu/Desktop/dev/AI/mobile/game_df/ios-build
    write-file /Users/tuantu/Desktop/dev/AI/mobile/game_df/ios-build/DerivedData/Build/Intermediates.noindex/Unity-iPhone.build/Debug-iphoneos/Unity-iPhone.build/FootballTowerDefense.DependencyMetadataFileList

WriteAuxiliaryFile /Users/tuantu/Desktop/dev/AI/mobile/game_df/ios-build/DerivedData/Build/Intermediates.noindex/Unity-iPhone.build/Debug-iphoneos/Unity-iPhone.build/FootballTowerDefense-generated-files.hmap (in target 'Unity-iPhone' from project 'Unity-iPhone')
    cd /Users/tuantu/Desktop/dev/AI/mobile/game_df/ios-build
    write-file /Users/tuantu/Desktop/dev/AI/mobile/game_df/ios-build/DerivedData/Build/Intermediates.noindex/Unity-iPhone.build/Debug-iphoneos/Unity-iPhone.build/FootballTowerDefense-generated-files.hmap

WriteAuxiliaryFile /Users/tuantu/Desktop/dev/AI/mobile/game_df/ios-build/DerivedData/Build/Intermediates.noindex/Unity-iPhone.build/Debug-iphoneos/Unity-iPhone.build/FootballTowerDefense-own-target-headers.hmap (in target 'Unity-iPhone' from project 'Unity-iPhone')
    cd /Users/tuantu/Desktop/dev/AI/mobile/game_df/ios-build
    write-file /Users/tuantu/Desktop/dev/AI/mobile/game_df/ios-build/DerivedData/Build/Intermediates.noindex/Unity-iPhone.build/Debug-iphoneos/Unity-iPhone.build/FootballTowerDefense-own-target-headers.hmap

WriteAuxiliaryFile /Users/tuantu/Desktop/dev/AI/mobile/game_df/ios-build/DerivedData/Build/Intermediates.noindex/Unity-iPhone.build/Debug-iphoneos/Unity-iPhone.build/FootballTowerDefense-project-headers.hmap (in target 'Unity-iPhone' from project 'Unity-iPhone')
    cd /Users/tuantu/Desktop/dev/AI/mobile/game_df/ios-build
    write-file /Users/tuantu/Desktop/dev/AI/mobile/game_df/ios-build/DerivedData/Build/Intermediates.noindex/Unity-iPhone.build/Debug-iphoneos/Unity-iPhone.build/FootballTowerDefense-project-headers.hmap

WriteAuxiliaryFile /Users/tuantu/Desktop/dev/AI/mobile/game_df/ios-build/DerivedData/Build/Intermediates.noindex/Unity-iPhone.build/Debug-iphoneos/Unity-iPhone.build/Objects-normal/arm64/af3fcb34312c57c0f52879cdce924b91-common-args.resp (in target 'Unity-iPhone' from project 'Unity-iPhone')
    cd /Users/tuantu/Desktop/dev/AI/mobile/game_df/ios-build
    write-file /Users/tuantu/Desktop/dev/AI/mobile/game_df/ios-build/DerivedData/Build/Intermediates.noindex/Unity-iPhone.build/Debug-iphoneos/Unity-iPhone.build/Objects-normal/arm64/af3fcb34312c57c0f52879cdce924b91-common-args.resp
-target arm64-apple-ios15.0 '-std=gnu++17' '-stdlib=libc++' -fobjc-arc -fno-exceptions -fno-rtti '-fno-sanitize=vptr' '-D_LIBCPP_HARDENING_MODE=_LIBCPP_HARDENING_MODE_DEBUG' -fpascal-strings -O0 -fno-common '-DOBJC_OLD_DISPATCH_PROTOTYPES=0' -isysroot /Applications/Xcode.app/Contents/Developer/Platforms/iPhoneOS.platform/Developer/SDKs/iPhoneOS18.2.sdk -fno-objc-exceptions -g '-fvisibility=hidden' -fvisibility-inlines-hidden -iquote /Users/tuantu/Desktop/dev/AI/mobile/game_df/ios-build/DerivedData/Build/Intermediates.noindex/Unity-iPhone.build/Debug-iphoneos/Unity-iPhone.build/FootballTowerDefense-generated-files.hmap -I/Users/tuantu/Desktop/dev/AI/mobile/game_df/ios-build/DerivedData/Build/Intermediates.noindex/Unity-iPhone.build/Debug-iphoneos/Unity-iPhone.build/FootballTowerDefense-own-target-headers.hmap -I/Users/tuantu/Desktop/dev/AI/mobile/game_df/ios-build/DerivedData/Build/Intermediates.noindex/Unity-iPhone.build/Debug-iphoneos/Unity-iPhone.build/FootballTowerDefense-all-target-headers.hmap -iquote /Users/tuantu/Desktop/dev/AI/mobile/game_df/ios-build/DerivedData/Build/Intermediates.noindex/Unity-iPhone.build/Debug-iphoneos/Unity-iPhone.build/FootballTowerDefense-project-headers.hmap -I/Users/tuantu/Desktop/dev/AI/mobile/game_df/ios-build/DerivedData/Build/Products/Debug-iphoneos/include -I/Users/tuantu/Desktop/dev/AI/mobile/game_df/ios-build/DerivedData/Build/Intermediates.noindex/Unity-iPhone.build/Debug-iphoneos/Unity-iPhone.build/DerivedSources-normal/arm64 -I/Users/tuantu/Desktop/dev/AI/mobile/game_df/ios-build/DerivedData/Build/Intermediates.noindex/Unity-iPhone.build/Debug-iphoneos/Unity-iPhone.build/DerivedSources/arm64 -I/Users/tuantu/Desktop/dev/AI/mobile/game_df/ios-build/DerivedData/Build/Intermediates.noindex/Unity-iPhone.build/Debug-iphoneos/Unity-iPhone.build/DerivedSources -F/Users/tuantu/Desktop/dev/AI/mobile/game_df/ios-build/DerivedData/Build/Products/Debug-iphoneos -F/Users/tuantu/Desktop/dev/AI/mobile/game_df/ios-build/Frameworks

WriteAuxiliaryFile /Users/tuantu/Desktop/dev/AI/mobile/game_df/ios-build/DerivedData/Build/Intermediates.noindex/Unity-iPhone.build/Debug-iphoneos/UnityFramework.build/UnityFramework.hmap (in target 'UnityFramework' from project 'Unity-iPhone')
    cd /Users/tuantu/Desktop/dev/AI/mobile/game_df/ios-build
    write-file /Users/tuantu/Desktop/dev/AI/mobile/game_df/ios-build/DerivedData/Build/Intermediates.noindex/Unity-iPhone.build/Debug-iphoneos/UnityFramework.build/UnityFramework.hmap

WriteAuxiliaryFile /Users/tuantu/Desktop/dev/AI/mobile/game_df/ios-build/DerivedData/Build/Intermediates.noindex/Unity-iPhone.build/Debug-iphoneos/UnityFramework.build/module.modulemap (in target 'UnityFramework' from project 'Unity-iPhone')
    cd /Users/tuantu/Desktop/dev/AI/mobile/game_df/ios-build
    write-file /Users/tuantu/Desktop/dev/AI/mobile/game_df/ios-build/DerivedData/Build/Intermediates.noindex/Unity-iPhone.build/Debug-iphoneos/UnityFramework.build/module.modulemap

WriteAuxiliaryFile /Users/tuantu/Desktop/dev/AI/mobile/game_df/ios-build/DerivedData/Build/Intermediates.noindex/Unity-iPhone.build/Debug-iphoneos/UnityFramework.build/UnityFramework.DependencyMetadataFileList (in target 'UnityFramework' from project 'Unity-iPhone')
    cd /Users/tuantu/Desktop/dev/AI/mobile/game_df/ios-build
    write-file /Users/tuantu/Desktop/dev/AI/mobile/game_df/ios-build/DerivedData/Build/Intermediates.noindex/Unity-iPhone.build/Debug-iphoneos/UnityFramework.build/UnityFramework.DependencyMetadataFileList

WriteAuxiliaryFile /Users/tuantu/Desktop/dev/AI/mobile/game_df/ios-build/DerivedData/Build/Intermediates.noindex/Unity-iPhone.build/Debug-iphoneos/UnityFramework.build/UnityFramework-project-headers.hmap (in target 'UnityFramework' from project 'Unity-iPhone')
    cd /Users/tuantu/Desktop/dev/AI/mobile/game_df/ios-build
    write-file /Users/tuantu/Desktop/dev/AI/mobile/game_df/ios-build/DerivedData/Build/Intermediates.noindex/Unity-iPhone.build/Debug-iphoneos/UnityFramework.build/UnityFramework-project-headers.hmap

WriteAuxiliaryFile /Users/tuantu/Desktop/dev/AI/mobile/game_df/ios-build/DerivedData/Build/Intermediates.noindex/Unity-iPhone.build/Debug-iphoneos/UnityFramework.build/UnityFramework-own-target-headers.hmap (in target 'UnityFramework' from project 'Unity-iPhone')
    cd /Users/tuantu/Desktop/dev/AI/mobile/game_df/ios-build
    write-file /Users/tuantu/Desktop/dev/AI/mobile/game_df/ios-build/DerivedData/Build/Intermediates.noindex/Unity-iPhone.build/Debug-iphoneos/UnityFramework.build/UnityFramework-own-target-headers.hmap

WriteAuxiliaryFile /Users/tuantu/Desktop/dev/AI/mobile/game_df/ios-build/DerivedData/Build/Intermediates.noindex/Unity-iPhone.build/Debug-iphoneos/UnityFramework.build/UnityFramework-generated-files.hmap (in target 'UnityFramework' from project 'Unity-iPhone')
    cd /Users/tuantu/Desktop/dev/AI/mobile/game_df/ios-build
    write-file /Users/tuantu/Desktop/dev/AI/mobile/game_df/ios-build/DerivedData/Build/Intermediates.noindex/Unity-iPhone.build/Debug-iphoneos/UnityFramework.build/UnityFramework-generated-files.hmap

WriteAuxiliaryFile /Users/tuantu/Desktop/dev/AI/mobile/game_df/ios-build/DerivedData/Build/Intermediates.noindex/Unity-iPhone.build/Debug-iphoneos/UnityFramework.build/UnityFramework-all-target-headers.hmap (in target 'UnityFramework' from project 'Unity-iPhone')
    cd /Users/tuantu/Desktop/dev/AI/mobile/game_df/ios-build
    write-file /Users/tuantu/Desktop/dev/AI/mobile/game_df/ios-build/DerivedData/Build/Intermediates.noindex/Unity-iPhone.build/Debug-iphoneos/UnityFramework.build/UnityFramework-all-target-headers.hmap

WriteAuxiliaryFile /Users/tuantu/Desktop/dev/AI/mobile/game_df/ios-build/DerivedData/Build/Intermediates.noindex/Unity-iPhone.build/Debug-iphoneos/UnityFramework.build/UnityFramework-all-non-framework-target-headers.hmap (in target 'UnityFramework' from project 'Unity-iPhone')
    cd /Users/tuantu/Desktop/dev/AI/mobile/game_df/ios-build
    write-file /Users/tuantu/Desktop/dev/AI/mobile/game_df/ios-build/DerivedData/Build/Intermediates.noindex/Unity-iPhone.build/Debug-iphoneos/UnityFramework.build/UnityFramework-all-non-framework-target-headers.hmap

WriteAuxiliaryFile /Users/tuantu/Desktop/dev/AI/mobile/game_df/ios-build/DerivedData/Build/Intermediates.noindex/Unity-iPhone.build/Debug-iphoneos/UnityFramework.build/Objects-normal/arm64/af3fcb34312c57c0f52879cdce924b91-common-args.resp (in target 'UnityFramework' from project 'Unity-iPhone')
    cd /Users/tuantu/Desktop/dev/AI/mobile/game_df/ios-build
    write-file /Users/tuantu/Desktop/dev/AI/mobile/game_df/ios-build/DerivedData/Build/Intermediates.noindex/Unity-iPhone.build/Debug-iphoneos/UnityFramework.build/Objects-normal/arm64/af3fcb34312c57c0f52879cdce924b91-common-args.resp
-target arm64-apple-ios15.0 '-std=gnu++17' '-stdlib=libc++' -fobjc-arc -gmodules -fno-rtti '-fno-sanitize=vptr' '-D_LIBCPP_HARDENING_MODE=_LIBCPP_HARDENING_MODE_DEBUG' -fpascal-strings -O0 -fno-common '-DOBJC_OLD_DISPATCH_PROTOTYPES=0' -isysroot /Applications/Xcode.app/Contents/Developer/Platforms/iPhoneOS.platform/Developer/SDKs/iPhoneOS18.2.sdk -fno-objc-exceptions -g '-fvisibility=hidden' -fvisibility-inlines-hidden -iquote /Users/tuantu/Desktop/dev/AI/mobile/game_df/ios-build/DerivedData/Build/Intermediates.noindex/Unity-iPhone.build/Debug-iphoneos/UnityFramework.build/UnityFramework-generated-files.hmap -I/Users/tuantu/Desktop/dev/AI/mobile/game_df/ios-build/DerivedData/Build/Intermediates.noindex/Unity-iPhone.build/Debug-iphoneos/UnityFramework.build/UnityFramework-own-target-headers.hmap -I/Users/tuantu/Desktop/dev/AI/mobile/game_df/ios-build/DerivedData/Build/Intermediates.noindex/Unity-iPhone.build/Debug-iphoneos/UnityFramework.build/UnityFramework-all-target-headers.hmap -iquote /Users/tuantu/Desktop/dev/AI/mobile/game_df/ios-build/DerivedData/Build/Intermediates.noindex/Unity-iPhone.build/Debug-iphoneos/UnityFramework.build/UnityFramework-project-headers.hmap -I/Users/tuantu/Desktop/dev/AI/mobile/game_df/ios-build/DerivedData/Build/Products/Debug-iphoneos/include -I/Users/tuantu/Desktop/dev/AI/mobile/game_df/ios-build/Classes -I/Users/tuantu/Desktop/dev/AI/mobile/game_df/ios-build -I/Users/tuantu/Desktop/dev/AI/mobile/game_df/ios-build/Classes/Native -I/Users/tuantu/Desktop/dev/AI/mobile/game_df/ios-build/Libraries/bdwgc/include -I/Users/tuantu/Desktop/dev/AI/mobile/game_df/ios-build/Il2CppOutputProject/IL2CPP/libil2cpp -I/Users/tuantu/Desktop/dev/AI/mobile/game_df/ios-build/Il2CppOutputProject/IL2CPP/libil2cpp/pch -I/Users/tuantu/Desktop/dev/AI/mobile/game_df/ios-build/Il2CppOutputProject/IL2CPP/external/baselib/Include -I/Users/tuantu/Desktop/dev/AI/mobile/game_df/ios-build/Il2CppOutputProject/IL2CPP/external/baselib/Platforms/IOS/Include -I/Users/tuantu/Desktop/dev/AI/mobile/game_df/ios-build/Libraries/external/baselib/Platforms/IOS/Include -I/Users/tuantu/Desktop/dev/AI/mobile/game_df/ios-build/DerivedData/Build/Intermediates.noindex/Unity-iPhone.build/Debug-iphoneos/UnityFramework.build/DerivedSources-normal/arm64 -I/Users/tuantu/Desktop/dev/AI/mobile/game_df/ios-build/DerivedData/Build/Intermediates.noindex/Unity-iPhone.build/Debug-iphoneos/UnityFramework.build/DerivedSources/arm64 -I/Users/tuantu/Desktop/dev/AI/mobile/game_df/ios-build/DerivedData/Build/Intermediates.noindex/Unity-iPhone.build/Debug-iphoneos/UnityFramework.build/DerivedSources -F/Users/tuantu/Desktop/dev/AI/mobile/game_df/ios-build/DerivedData/Build/Products/Debug-iphoneos -F/Users/tuantu/Desktop/dev/AI/mobile/game_df/ios-build/Frameworks -fno-strict-overflow '-DUNITY_VERSION_VER=6000' '-DUNITY_VERSION_MAJ=5' '-DUNITY_VERSION_MIN=4'

WriteAuxiliaryFile /Users/tuantu/Desktop/dev/AI/mobile/game_df/ios-build/DerivedData/Build/Intermediates.noindex/Unity-iPhone.build/Debug-iphoneos/UnityFramework.build/Objects-normal/arm64/e6072d4f65d7061329687fe24e3d63a7-common-args.resp (in target 'UnityFramework' from project 'Unity-iPhone')
    cd /Users/tuantu/Desktop/dev/AI/mobile/game_df/ios-build
    write-file /Users/tuantu/Desktop/dev/AI/mobile/game_df/ios-build/DerivedData/Build/Intermediates.noindex/Unity-iPhone.build/Debug-iphoneos/UnityFramework.build/Objects-normal/arm64/e6072d4f65d7061329687fe24e3d63a7-common-args.resp
-target arm64-apple-ios15.0 '-std=gnu17' -fobjc-arc -gmodules -fpascal-strings -O0 -fno-common '-DOBJC_OLD_DISPATCH_PROTOTYPES=0' -isysroot /Applications/Xcode.app/Contents/Developer/Platforms/iPhoneOS.platform/Developer/SDKs/iPhoneOS18.2.sdk -fno-objc-exceptions -g '-fvisibility=hidden' -iquote /Users/tuantu/Desktop/dev/AI/mobile/game_df/ios-build/DerivedData/Build/Intermediates.noindex/Unity-iPhone.build/Debug-iphoneos/UnityFramework.build/UnityFramework-generated-files.hmap -I/Users/tuantu/Desktop/dev/AI/mobile/game_df/ios-build/DerivedData/Build/Intermediates.noindex/Unity-iPhone.build/Debug-iphoneos/UnityFramework.build/UnityFramework-own-target-headers.hmap -I/Users/tuantu/Desktop/dev/AI/mobile/game_df/ios-build/DerivedData/Build/Intermediates.noindex/Unity-iPhone.build/Debug-iphoneos/UnityFramework.build/UnityFramework-all-target-headers.hmap -iquote /Users/tuantu/Desktop/dev/AI/mobile/game_df/ios-build/DerivedData/Build/Intermediates.noindex/Unity-iPhone.build/Debug-iphoneos/UnityFramework.build/UnityFramework-project-headers.hmap -I/Users/tuantu/Desktop/dev/AI/mobile/game_df/ios-build/DerivedData/Build/Products/Debug-iphoneos/include -I/Users/tuantu/Desktop/dev/AI/mobile/game_df/ios-build/Classes -I/Users/tuantu/Desktop/dev/AI/mobile/game_df/ios-build -I/Users/tuantu/Desktop/dev/AI/mobile/game_df/ios-build/Classes/Native -I/Users/tuantu/Desktop/dev/AI/mobile/game_df/ios-build/Libraries/bdwgc/include -I/Users/tuantu/Desktop/dev/AI/mobile/game_df/ios-build/Il2CppOutputProject/IL2CPP/libil2cpp -I/Users/tuantu/Desktop/dev/AI/mobile/game_df/ios-build/Il2CppOutputProject/IL2CPP/libil2cpp/pch -I/Users/tuantu/Desktop/dev/AI/mobile/game_df/ios-build/Il2CppOutputProject/IL2CPP/external/baselib/Include -I/Users/tuantu/Desktop/dev/AI/mobile/game_df/ios-build/Il2CppOutputProject/IL2CPP/external/baselib/Platforms/IOS/Include -I/Users/tuantu/Desktop/dev/AI/mobile/game_df/ios-build/Libraries/external/baselib/Platforms/IOS/Include -I/Users/tuantu/Desktop/dev/AI/mobile/game_df/ios-build/DerivedData/Build/Intermediates.noindex/Unity-iPhone.build/Debug-iphoneos/UnityFramework.build/DerivedSources-normal/arm64 -I/Users/tuantu/Desktop/dev/AI/mobile/game_df/ios-build/DerivedData/Build/Intermediates.noindex/Unity-iPhone.build/Debug-iphoneos/UnityFramework.build/DerivedSources/arm64 -I/Users/tuantu/Desktop/dev/AI/mobile/game_df/ios-build/DerivedData/Build/Intermediates.noindex/Unity-iPhone.build/Debug-iphoneos/UnityFramework.build/DerivedSources -F/Users/tuantu/Desktop/dev/AI/mobile/game_df/ios-build/DerivedData/Build/Products/Debug-iphoneos -F/Users/tuantu/Desktop/dev/AI/mobile/game_df/ios-build/Frameworks -fno-strict-overflow '-DUNITY_VERSION_VER=6000' '-DUNITY_VERSION_MAJ=5' '-DUNITY_VERSION_MIN=4'

WriteAuxiliaryFile /Users/tuantu/Desktop/dev/AI/mobile/game_df/ios-build/DerivedData/Build/Intermediates.noindex/Unity-iPhone.build/Debug-iphoneos/UnityFramework.build/Objects-normal/arm64/UnityFramework.LinkFileList (in target 'UnityFramework' from project 'Unity-iPhone')
    cd /Users/tuantu/Desktop/dev/AI/mobile/game_df/ios-build
    write-file /Users/tuantu/Desktop/dev/AI/mobile/game_df/ios-build/DerivedData/Build/Intermediates.noindex/Unity-iPhone.build/Debug-iphoneos/UnityFramework.build/Objects-normal/arm64/UnityFramework.LinkFileList

WriteAuxiliaryFile /Users/tuantu/Desktop/dev/AI/mobile/game_df/ios-build/DerivedData/Build/Intermediates.noindex/Unity-iPhone.build/Debug-iphoneos/UnityFramework.build/Objects-normal/arm64/82b82416624d2658e5098eb0a28c15c5-common-args.resp (in target 'UnityFramework' from project 'Unity-iPhone')
    cd /Users/tuantu/Desktop/dev/AI/mobile/game_df/ios-build
    write-file /Users/tuantu/Desktop/dev/AI/mobile/game_df/ios-build/DerivedData/Build/Intermediates.noindex/Unity-iPhone.build/Debug-iphoneos/UnityFramework.build/Objects-normal/arm64/82b82416624d2658e5098eb0a28c15c5-common-args.resp
-target arm64-apple-ios15.0 '-std=gnu++17' '-stdlib=libc++' -gmodules -fno-rtti '-fno-sanitize=vptr' '-D_LIBCPP_HARDENING_MODE=_LIBCPP_HARDENING_MODE_DEBUG' -fpascal-strings -O0 -fno-common -isysroot /Applications/Xcode.app/Contents/Developer/Platforms/iPhoneOS.platform/Developer/SDKs/iPhoneOS18.2.sdk -g '-fvisibility=hidden' -fvisibility-inlines-hidden -iquote /Users/tuantu/Desktop/dev/AI/mobile/game_df/ios-build/DerivedData/Build/Intermediates.noindex/Unity-iPhone.build/Debug-iphoneos/UnityFramework.build/UnityFramework-generated-files.hmap -I/Users/tuantu/Desktop/dev/AI/mobile/game_df/ios-build/DerivedData/Build/Intermediates.noindex/Unity-iPhone.build/Debug-iphoneos/UnityFramework.build/UnityFramework-own-target-headers.hmap -I/Users/tuantu/Desktop/dev/AI/mobile/game_df/ios-build/DerivedData/Build/Intermediates.noindex/Unity-iPhone.build/Debug-iphoneos/UnityFramework.build/UnityFramework-all-target-headers.hmap -iquote /Users/tuantu/Desktop/dev/AI/mobile/game_df/ios-build/DerivedData/Build/Intermediates.noindex/Unity-iPhone.build/Debug-iphoneos/UnityFramework.build/UnityFramework-project-headers.hmap -I/Users/tuantu/Desktop/dev/AI/mobile/game_df/ios-build/DerivedData/Build/Products/Debug-iphoneos/include -I/Users/tuantu/Desktop/dev/AI/mobile/game_df/ios-build/Classes -I/Users/tuantu/Desktop/dev/AI/mobile/game_df/ios-build -I/Users/tuantu/Desktop/dev/AI/mobile/game_df/ios-build/Classes/Native -I/Users/tuantu/Desktop/dev/AI/mobile/game_df/ios-build/Libraries/bdwgc/include -I/Users/tuantu/Desktop/dev/AI/mobile/game_df/ios-build/Il2CppOutputProject/IL2CPP/libil2cpp -I/Users/tuantu/Desktop/dev/AI/mobile/game_df/ios-build/Il2CppOutputProject/IL2CPP/libil2cpp/pch -I/Users/tuantu/Desktop/dev/AI/mobile/game_df/ios-build/Il2CppOutputProject/IL2CPP/external/baselib/Include -I/Users/tuantu/Desktop/dev/AI/mobile/game_df/ios-build/Il2CppOutputProject/IL2CPP/external/baselib/Platforms/IOS/Include -I/Users/tuantu/Desktop/dev/AI/mobile/game_df/ios-build/Libraries/external/baselib/Platforms/IOS/Include -I/Users/tuantu/Desktop/dev/AI/mobile/game_df/ios-build/DerivedData/Build/Intermediates.noindex/Unity-iPhone.build/Debug-iphoneos/UnityFramework.build/DerivedSources-normal/arm64 -I/Users/tuantu/Desktop/dev/AI/mobile/game_df/ios-build/DerivedData/Build/Intermediates.noindex/Unity-iPhone.build/Debug-iphoneos/UnityFramework.build/DerivedSources/arm64 -I/Users/tuantu/Desktop/dev/AI/mobile/game_df/ios-build/DerivedData/Build/Intermediates.noindex/Unity-iPhone.build/Debug-iphoneos/UnityFramework.build/DerivedSources -F/Users/tuantu/Desktop/dev/AI/mobile/game_df/ios-build/DerivedData/Build/Products/Debug-iphoneos -F/Users/tuantu/Desktop/dev/AI/mobile/game_df/ios-build/Frameworks -fno-strict-overflow '-DUNITY_VERSION_VER=6000' '-DUNITY_VERSION_MAJ=5' '-DUNITY_VERSION_MIN=4'

CpHeader /Users/tuantu/Desktop/dev/AI/mobile/game_df/ios-build/DerivedData/Build/Products/Debug-iphoneos/UnityFramework.framework/Headers/UnityViewControllerListener.h /Users/tuantu/Desktop/dev/AI/mobile/game_df/ios-build/Classes/PluginBase/UnityViewControllerListener.h (in target 'UnityFramework' from project 'Unity-iPhone')
    cd /Users/tuantu/Desktop/dev/AI/mobile/game_df/ios-build
    builtin-copy -exclude .DS_Store -exclude CVS -exclude .svn -exclude .git -exclude .hg -resolve-src-symlinks /Users/tuantu/Desktop/dev/AI/mobile/game_df/ios-build/Classes/PluginBase/UnityViewControllerListener.h /Users/tuantu/Desktop/dev/AI/mobile/game_df/ios-build/DerivedData/Build/Products/Debug-iphoneos/UnityFramework.framework/Headers

CpHeader /Users/tuantu/Desktop/dev/AI/mobile/game_df/ios-build/DerivedData/Build/Products/Debug-iphoneos/UnityFramework.framework/Headers/UnityFramework.h /Users/tuantu/Desktop/dev/AI/mobile/game_df/ios-build/UnityFramework/UnityFramework.h (in target 'UnityFramework' from project 'Unity-iPhone')
    cd /Users/tuantu/Desktop/dev/AI/mobile/game_df/ios-build
    builtin-copy -exclude .DS_Store -exclude CVS -exclude .svn -exclude .git -exclude .hg -resolve-src-symlinks /Users/tuantu/Desktop/dev/AI/mobile/game_df/ios-build/UnityFramework/UnityFramework.h /Users/tuantu/Desktop/dev/AI/mobile/game_df/ios-build/DerivedData/Build/Products/Debug-iphoneos/UnityFramework.framework/Headers

CpHeader /Users/tuantu/Desktop/dev/AI/mobile/game_df/ios-build/DerivedData/Build/Products/Debug-iphoneos/UnityFramework.framework/Headers/UnityAppController.h /Users/tuantu/Desktop/dev/AI/mobile/game_df/ios-build/Classes/UnityAppController.h (in target 'UnityFramework' from project 'Unity-iPhone')
    cd /Users/tuantu/Desktop/dev/AI/mobile/game_df/ios-build
    builtin-copy -exclude .DS_Store -exclude CVS -exclude .svn -exclude .git -exclude .hg -resolve-src-symlinks /Users/tuantu/Desktop/dev/AI/mobile/game_df/ios-build/Classes/UnityAppController.h /Users/tuantu/Desktop/dev/AI/mobile/game_df/ios-build/DerivedData/Build/Products/Debug-iphoneos/UnityFramework.framework/Headers

CpHeader /Users/tuantu/Desktop/dev/AI/mobile/game_df/ios-build/DerivedData/Build/Products/Debug-iphoneos/UnityFramework.framework/Headers/UndefinePlatforms.h /Users/tuantu/Desktop/dev/AI/mobile/game_df/ios-build/Classes/UndefinePlatforms.h (in target 'UnityFramework' from project 'Unity-iPhone')
    cd /Users/tuantu/Desktop/dev/AI/mobile/game_df/ios-build
    builtin-copy -exclude .DS_Store -exclude CVS -exclude .svn -exclude .git -exclude .hg -resolve-src-symlinks /Users/tuantu/Desktop/dev/AI/mobile/game_df/ios-build/Classes/UndefinePlatforms.h /Users/tuantu/Desktop/dev/AI/mobile/game_df/ios-build/DerivedData/Build/Products/Debug-iphoneos/UnityFramework.framework/Headers

CpHeader /Users/tuantu/Desktop/dev/AI/mobile/game_df/ios-build/DerivedData/Build/Products/Debug-iphoneos/UnityFramework.framework/Headers/RenderPluginDelegate.h /Users/tuantu/Desktop/dev/AI/mobile/game_df/ios-build/Classes/PluginBase/RenderPluginDelegate.h (in target 'UnityFramework' from project 'Unity-iPhone')
    cd /Users/tuantu/Desktop/dev/AI/mobile/game_df/ios-build
    builtin-copy -exclude .DS_Store -exclude CVS -exclude .svn -exclude .git -exclude .hg -resolve-src-symlinks /Users/tuantu/Desktop/dev/AI/mobile/game_df/ios-build/Classes/PluginBase/RenderPluginDelegate.h /Users/tuantu/Desktop/dev/AI/mobile/game_df/ios-build/DerivedData/Build/Products/Debug-iphoneos/UnityFramework.framework/Headers

CpHeader /Users/tuantu/Desktop/dev/AI/mobile/game_df/ios-build/DerivedData/Build/Products/Debug-iphoneos/UnityFramework.framework/Headers/RedefinePlatforms.h /Users/tuantu/Desktop/dev/AI/mobile/game_df/ios-build/Classes/RedefinePlatforms.h (in target 'UnityFramework' from project 'Unity-iPhone')
    cd /Users/tuantu/Desktop/dev/AI/mobile/game_df/ios-build
    builtin-copy -exclude .DS_Store -exclude CVS -exclude .svn -exclude .git -exclude .hg -resolve-src-symlinks /Users/tuantu/Desktop/dev/AI/mobile/game_df/ios-build/Classes/RedefinePlatforms.h /Users/tuantu/Desktop/dev/AI/mobile/game_df/ios-build/DerivedData/Build/Products/Debug-iphoneos/UnityFramework.framework/Headers

CpHeader /Users/tuantu/Desktop/dev/AI/mobile/game_df/ios-build/DerivedData/Build/Products/Debug-iphoneos/UnityFramework.framework/Headers/LifeCycleListener.h /Users/tuantu/Desktop/dev/AI/mobile/game_df/ios-build/Classes/PluginBase/LifeCycleListener.h (in target 'UnityFramework' from project 'Unity-iPhone')
    cd /Users/tuantu/Desktop/dev/AI/mobile/game_df/ios-build
    builtin-copy -exclude .DS_Store -exclude CVS -exclude .svn -exclude .git -exclude .hg -resolve-src-symlinks /Users/tuantu/Desktop/dev/AI/mobile/game_df/ios-build/Classes/PluginBase/LifeCycleListener.h /Users/tuantu/Desktop/dev/AI/mobile/game_df/ios-build/DerivedData/Build/Products/Debug-iphoneos/UnityFramework.framework/Headers

CpHeader /Users/tuantu/Desktop/dev/AI/mobile/game_df/ios-build/DerivedData/Build/Products/Debug-iphoneos/UnityFramework.framework/Headers/AppDelegateListener.h /Users/tuantu/Desktop/dev/AI/mobile/game_df/ios-build/Classes/PluginBase/AppDelegateListener.h (in target 'UnityFramework' from project 'Unity-iPhone')
    cd /Users/tuantu/Desktop/dev/AI/mobile/game_df/ios-build
    builtin-copy -exclude .DS_Store -exclude CVS -exclude .svn -exclude .git -exclude .hg -resolve-src-symlinks /Users/tuantu/Desktop/dev/AI/mobile/game_df/ios-build/Classes/PluginBase/AppDelegateListener.h /Users/tuantu/Desktop/dev/AI/mobile/game_df/ios-build/DerivedData/Build/Products/Debug-iphoneos/UnityFramework.framework/Headers

WriteAuxiliaryFile /Users/tuantu/Desktop/dev/AI/mobile/game_df/ios-build/DerivedData/Build/Intermediates.noindex/Unity-iPhone.build/Debug-iphoneos/Unity-iPhone.build/Objects-normal/arm64/FootballTowerDefense.LinkFileList (in target 'Unity-iPhone' from project 'Unity-iPhone')
    cd /Users/tuantu/Desktop/dev/AI/mobile/game_df/ios-build
    write-file /Users/tuantu/Desktop/dev/AI/mobile/game_df/ios-build/DerivedData/Build/Intermediates.noindex/Unity-iPhone.build/Debug-iphoneos/Unity-iPhone.build/Objects-normal/arm64/FootballTowerDefense.LinkFileList

WriteAuxiliaryFile /Users/tuantu/Desktop/dev/AI/mobile/game_df/ios-build/DerivedData/Build/Intermediates.noindex/Unity-iPhone.build/Debug-iphoneos/Unity-iPhone.build/FootballTowerDefense-all-target-headers.hmap (in target 'Unity-iPhone' from project 'Unity-iPhone')
    cd /Users/tuantu/Desktop/dev/AI/mobile/game_df/ios-build
    write-file /Users/tuantu/Desktop/dev/AI/mobile/game_df/ios-build/DerivedData/Build/Intermediates.noindex/Unity-iPhone.build/Debug-iphoneos/Unity-iPhone.build/FootballTowerDefense-all-target-headers.hmap

WriteAuxiliaryFile /Users/tuantu/Desktop/dev/AI/mobile/game_df/ios-build/DerivedData/Build/Intermediates.noindex/Unity-iPhone.build/Debug-iphoneos/Unity-iPhone.build/FootballTowerDefense-all-non-framework-target-headers.hmap (in target 'Unity-iPhone' from project 'Unity-iPhone')
    cd /Users/tuantu/Desktop/dev/AI/mobile/game_df/ios-build
    write-file /Users/tuantu/Desktop/dev/AI/mobile/game_df/ios-build/DerivedData/Build/Intermediates.noindex/Unity-iPhone.build/Debug-iphoneos/Unity-iPhone.build/FootballTowerDefense-all-non-framework-target-headers.hmap

WriteAuxiliaryFile /Users/tuantu/Desktop/dev/AI/mobile/game_df/ios-build/DerivedData/Build/Intermediates.noindex/Unity-iPhone.build/Debug-iphoneos/Unity-iPhone.build/DerivedSources/Entitlements.plist (in target 'Unity-iPhone' from project 'Unity-iPhone')
    cd /Users/tuantu/Desktop/dev/AI/mobile/game_df/ios-build
    write-file /Users/tuantu/Desktop/dev/AI/mobile/game_df/ios-build/DerivedData/Build/Intermediates.noindex/Unity-iPhone.build/Debug-iphoneos/Unity-iPhone.build/DerivedSources/Entitlements.plist

WriteAuxiliaryFile /Users/tuantu/Desktop/dev/AI/mobile/game_df/ios-build/DerivedData/Build/Intermediates.noindex/Unity-iPhone.build/Debug-iphoneos/GameAssembly.build/GameAssembly.DependencyMetadataFileList (in target 'GameAssembly' from project 'Unity-iPhone')
    cd /Users/tuantu/Desktop/dev/AI/mobile/game_df/ios-build
    write-file /Users/tuantu/Desktop/dev/AI/mobile/game_df/ios-build/DerivedData/Build/Intermediates.noindex/Unity-iPhone.build/Debug-iphoneos/GameAssembly.build/GameAssembly.DependencyMetadataFileList

WriteAuxiliaryFile /Users/tuantu/Desktop/dev/AI/mobile/game_df/ios-build/DerivedData/Build/Intermediates.noindex/Unity-iPhone.build/Debug-iphoneos/GameAssembly.build/GameAssembly.hmap (in target 'GameAssembly' from project 'Unity-iPhone')
    cd /Users/tuantu/Desktop/dev/AI/mobile/game_df/ios-build
    write-file /Users/tuantu/Desktop/dev/AI/mobile/game_df/ios-build/DerivedData/Build/Intermediates.noindex/Unity-iPhone.build/Debug-iphoneos/GameAssembly.build/GameAssembly.hmap

WriteAuxiliaryFile /Users/tuantu/Desktop/dev/AI/mobile/game_df/ios-build/DerivedData/Build/Intermediates.noindex/Unity-iPhone.build/Debug-iphoneos/GameAssembly.build/GameAssembly-project-headers.hmap (in target 'GameAssembly' from project 'Unity-iPhone')
    cd /Users/tuantu/Desktop/dev/AI/mobile/game_df/ios-build
    write-file /Users/tuantu/Desktop/dev/AI/mobile/game_df/ios-build/DerivedData/Build/Intermediates.noindex/Unity-iPhone.build/Debug-iphoneos/GameAssembly.build/GameAssembly-project-headers.hmap

WriteAuxiliaryFile /Users/tuantu/Desktop/dev/AI/mobile/game_df/ios-build/DerivedData/Build/Intermediates.noindex/Unity-iPhone.build/Debug-iphoneos/GameAssembly.build/GameAssembly-own-target-headers.hmap (in target 'GameAssembly' from project 'Unity-iPhone')
    cd /Users/tuantu/Desktop/dev/AI/mobile/game_df/ios-build
    write-file /Users/tuantu/Desktop/dev/AI/mobile/game_df/ios-build/DerivedData/Build/Intermediates.noindex/Unity-iPhone.build/Debug-iphoneos/GameAssembly.build/GameAssembly-own-target-headers.hmap

WriteAuxiliaryFile /Users/tuantu/Desktop/dev/AI/mobile/game_df/ios-build/DerivedData/Build/Intermediates.noindex/Unity-iPhone.build/Debug-iphoneos/GameAssembly.build/GameAssembly-generated-files.hmap (in target 'GameAssembly' from project 'Unity-iPhone')
    cd /Users/tuantu/Desktop/dev/AI/mobile/game_df/ios-build
    write-file /Users/tuantu/Desktop/dev/AI/mobile/game_df/ios-build/DerivedData/Build/Intermediates.noindex/Unity-iPhone.build/Debug-iphoneos/GameAssembly.build/GameAssembly-generated-files.hmap

WriteAuxiliaryFile /Users/tuantu/Desktop/dev/AI/mobile/game_df/ios-build/DerivedData/Build/Intermediates.noindex/Unity-iPhone.build/Debug-iphoneos/GameAssembly.build/GameAssembly-all-target-headers.hmap (in target 'GameAssembly' from project 'Unity-iPhone')
    cd /Users/tuantu/Desktop/dev/AI/mobile/game_df/ios-build
    write-file /Users/tuantu/Desktop/dev/AI/mobile/game_df/ios-build/DerivedData/Build/Intermediates.noindex/Unity-iPhone.build/Debug-iphoneos/GameAssembly.build/GameAssembly-all-target-headers.hmap

WriteAuxiliaryFile /Users/tuantu/Desktop/dev/AI/mobile/game_df/ios-build/DerivedData/Build/Intermediates.noindex/Unity-iPhone.build/Debug-iphoneos/GameAssembly.build/GameAssembly-all-non-framework-target-headers.hmap (in target 'GameAssembly' from project 'Unity-iPhone')
    cd /Users/tuantu/Desktop/dev/AI/mobile/game_df/ios-build
    write-file /Users/tuantu/Desktop/dev/AI/mobile/game_df/ios-build/DerivedData/Build/Intermediates.noindex/Unity-iPhone.build/Debug-iphoneos/GameAssembly.build/GameAssembly-all-non-framework-target-headers.hmap

MkDir /Users/tuantu/Desktop/dev/AI/mobile/game_df/ios-build/DerivedData/Build/Products/Debug-iphoneos/UnityFramework.framework/Headers (in target 'UnityFramework' from project 'Unity-iPhone')
    cd /Users/tuantu/Desktop/dev/AI/mobile/game_df/ios-build
    /bin/mkdir -p /Users/tuantu/Desktop/dev/AI/mobile/game_df/ios-build/DerivedData/Build/Products/Debug-iphoneos/UnityFramework.framework/Headers

MkDir /Users/tuantu/Desktop/dev/AI/mobile/game_df/ios-build/DerivedData/Build/Products/Debug-iphoneos/UnityFramework.framework (in target 'UnityFramework' from project 'Unity-iPhone')
    cd /Users/tuantu/Desktop/dev/AI/mobile/game_df/ios-build
    /bin/mkdir -p /Users/tuantu/Desktop/dev/AI/mobile/game_df/ios-build/DerivedData/Build/Products/Debug-iphoneos/UnityFramework.framework

MkDir /Users/tuantu/Desktop/dev/AI/mobile/game_df/ios-build/DerivedData/Build/Products/Debug-iphoneos/FootballTowerDefense.app (in target 'Unity-iPhone' from project 'Unity-iPhone')
    cd /Users/tuantu/Desktop/dev/AI/mobile/game_df/ios-build
    /bin/mkdir -p /Users/tuantu/Desktop/dev/AI/mobile/game_df/ios-build/DerivedData/Build/Products/Debug-iphoneos/FootballTowerDefense.app

MkDir /Users/tuantu/Desktop/dev/AI/mobile/game_df/ios-build/DerivedData/Build/Products/Debug-iphoneos/FootballTowerDefense.app/Frameworks (in target 'Unity-iPhone' from project 'Unity-iPhone')
    cd /Users/tuantu/Desktop/dev/AI/mobile/game_df/ios-build
    /bin/mkdir -p /Users/tuantu/Desktop/dev/AI/mobile/game_df/ios-build/DerivedData/Build/Products/Debug-iphoneos/FootballTowerDefense.app/Frameworks

PhaseScriptExecution Run\ Script /Users/tuantu/Desktop/dev/AI/mobile/game_df/ios-build/DerivedData/Build/Intermediates.noindex/Unity-iPhone.build/Debug-iphoneos/GameAssembly.build/Script-C62A2A42F32E085EF849CF0B.sh (in target 'GameAssembly' from project 'Unity-iPhone')
    cd /Users/tuantu/Desktop/dev/AI/mobile/game_df/ios-build
    export ACTION\=build
    export AD_HOC_CODE_SIGNING_ALLOWED\=NO
    export ALLOW_BUILD_REQUEST_OVERRIDES\=NO
    export ALLOW_TARGET_PLATFORM_SPECIALIZATION\=NO
    export ALTERNATE_GROUP\=staff
    export ALTERNATE_MODE\=u+w,go-w,a+rX
    export ALTERNATE_OWNER\=tuantu
    export ALTERNATIVE_DISTRIBUTION_WEB\=NO
    export ALWAYS_EMBED_SWIFT_STANDARD_LIBRARIES\=NO
    export ALWAYS_SEARCH_USER_PATHS\=NO
    export ALWAYS_USE_SEPARATE_HEADERMAPS\=NO
    export APPLE_INTERNAL_DEVELOPER_DIR\=/AppleInternal/Developer
    export APPLE_INTERNAL_DIR\=/AppleInternal
    export APPLE_INTERNAL_DOCUMENTATION_DIR\=/AppleInternal/Documentation
    export APPLE_INTERNAL_LIBRARY_DIR\=/AppleInternal/Library
    export APPLE_INTERNAL_TOOLS\=/AppleInternal/Developer/Tools
    export APPLICATION_EXTENSION_API_ONLY\=NO
    export APPLY_RULES_IN_COPY_FILES\=NO
    export APPLY_RULES_IN_COPY_HEADERS\=NO
    export APP_SHORTCUTS_ENABLE_FLEXIBLE_MATCHING\=YES
    export ARCHS\=arm64
    export ARCHS_STANDARD\=arm64
    export ARCHS_STANDARD_32_64_BIT\=armv7\ arm64
    export ARCHS_STANDARD_32_BIT\=armv7
    export ARCHS_STANDARD_64_BIT\=arm64
    export ARCHS_STANDARD_INCLUDING_64_BIT\=arm64
    export ARCHS_UNIVERSAL_IPHONE_OS\=armv7\ arm64
    export ASSETCATALOG_COMPILER_GENERATE_ASSET_SYMBOLS\=YES
    export ASSETCATALOG_FILTER_FOR_DEVICE_MODEL\=iPhone13,2
    export ASSETCATALOG_FILTER_FOR_DEVICE_OS_VERSION\=18.2
    export ASSETCATALOG_FILTER_FOR_THINNING_DEVICE_CONFIGURATION\=iPhone13,2
    export AUTOMATICALLY_MERGE_DEPENDENCIES\=NO
    export AVAILABLE_PLATFORMS\=appletvos\ appletvsimulator\ driverkit\ iphoneos\ iphonesimulator\ macosx\ watchos\ watchsimulator\ xros\ xrsimulator
    export BITCODE_GENERATION_MODE\=marker
    export BUILD_ACTIVE_RESOURCES_ONLY\=YES
    export BUILD_COMPONENTS\=headers\ build
    export BUILD_DIR\=/Users/tuantu/Desktop/dev/AI/mobile/game_df/ios-build/DerivedData/Build/Products
    export BUILD_LIBRARY_FOR_DISTRIBUTION\=NO
    export BUILD_ROOT\=/Users/tuantu/Desktop/dev/AI/mobile/game_df/ios-build/DerivedData/Build/Products
    export BUILD_STYLE\=
    export BUILD_VARIANTS\=normal
    export BUILT_PRODUCTS_DIR\=/Users/tuantu/Desktop/dev/AI/mobile/game_df/ios-build/DerivedData/Build/Products/Debug-iphoneos
    export BUNDLE_CONTENTS_FOLDER_PATH_deep\=Contents/
    export BUNDLE_EXECUTABLE_FOLDER_NAME_deep\=MacOS
    export BUNDLE_EXTENSIONS_FOLDER_PATH\=Extensions
    export BUNDLE_FORMAT\=shallow
    export BUNDLE_FRAMEWORKS_FOLDER_PATH\=Frameworks
    export BUNDLE_PLUGINS_FOLDER_PATH\=PlugIns
    export BUNDLE_PRIVATE_HEADERS_FOLDER_PATH\=PrivateHeaders
    export BUNDLE_PUBLIC_HEADERS_FOLDER_PATH\=Headers
    export CACHE_ROOT\=/var/folders/lv/6wld7yhs6qb6t4bdzr7pyrc40000gn/C/com.apple.DeveloperTools/16.2-16C5032a/Xcode
    export CCHROOT\=/var/folders/lv/6wld7yhs6qb6t4bdzr7pyrc40000gn/C/com.apple.DeveloperTools/16.2-16C5032a/Xcode
    export CHMOD\=/bin/chmod
    export CHOWN\=/usr/sbin/chown
    export CLANG_ANALYZER_NONNULL\=YES
    export CLANG_ANALYZER_NUMBER_OBJECT_CONVERSION\=YES_AGGRESSIVE
    export CLANG_CACHE_FINE_GRAINED_OUTPUTS\=YES
    export CLANG_CXX_LANGUAGE_STANDARD\=gnu++17
    export CLANG_CXX_LIBRARY\=libc++
    export CLANG_ENABLE_EXPLICIT_MODULES\=YES
    export CLANG_ENABLE_MODULES\=YES
    export CLANG_ENABLE_MODULE_DEBUGGING\=NO
    export CLANG_ENABLE_OBJC_ARC\=YES
    export CLANG_ENABLE_OBJC_WEAK\=YES
    export CLANG_MODULES_BUILD_SESSION_FILE\=/Users/tuantu/Desktop/dev/AI/mobile/game_df/ios-build/DerivedData/ModuleCache.noindex/Session.modulevalidation
    export CLANG_WARN_BLOCK_CAPTURE_AUTORELEASING\=YES
    export CLANG_WARN_BOOL_CONVERSION\=YES
    export CLANG_WARN_COMMA\=YES
    export CLANG_WARN_CONSTANT_CONVERSION\=YES
    export CLANG_WARN_DEPRECATED_OBJC_IMPLEMENTATIONS\=YES
    export CLANG_WARN_DIRECT_OBJC_ISA_USAGE\=YES_ERROR
    export CLANG_WARN_DOCUMENTATION_COMMENTS\=YES
    export CLANG_WARN_EMPTY_BODY\=YES
    export CLANG_WARN_ENUM_CONVERSION\=YES
    export CLANG_WARN_INFINITE_RECURSION\=YES
    export CLANG_WARN_INT_CONVERSION\=YES
    export CLANG_WARN_NON_LITERAL_NULL_CONVERSION\=YES
    export CLANG_WARN_OBJC_IMPLICIT_RETAIN_SELF\=YES
    export CLANG_WARN_OBJC_LITERAL_CONVERSION\=YES
    export CLANG_WARN_OBJC_ROOT_CLASS\=YES_ERROR
    export CLANG_WARN_QUOTED_INCLUDE_IN_FRAMEWORK_HEADER\=YES
    export CLANG_WARN_RANGE_LOOP_ANALYSIS\=YES
    export CLANG_WARN_STRICT_PROTOTYPES\=YES
    export CLANG_WARN_SUSPICIOUS_MOVE\=YES
    export CLANG_WARN_UNGUARDED_AVAILABILITY\=YES_AGGRESSIVE
    export CLANG_WARN_UNREACHABLE_CODE\=YES
    export CLANG_WARN__DUPLICATE_METHOD_MATCH\=YES
    export CLASS_FILE_DIR\=/Users/tuantu/Desktop/dev/AI/mobile/game_df/ios-build/DerivedData/Build/Intermediates.noindex/Unity-iPhone.build/Debug-iphoneos/GameAssembly.build/JavaClasses
    export CLEAN_PRECOMPS\=YES
    export CLONE_HEADERS\=NO
    export CODESIGNING_FOLDER_PATH\=/Users/tuantu/Desktop/dev/AI/mobile/game_df/ios-build/DerivedData/Build/Products/Debug-iphoneos/libGameAssembly.a
    export CODE_SIGNING_ALLOWED\=NO
    export CODE_SIGNING_REQUIRED\=YES
    export CODE_SIGN_CONTEXT_CLASS\=XCiPhoneOSCodeSignContext
    export CODE_SIGN_IDENTITY\=iPhone\ Developer
    export CODE_SIGN_INJECT_BASE_ENTITLEMENTS\=YES
    export CODE_SIGN_STYLE\=Automatic
    export COLOR_DIAGNOSTICS\=NO
    export COMBINE_HIDPI_IMAGES\=NO
    export COMPILATION_CACHE_CAS_PATH\=/Users/tuantu/Desktop/dev/AI/mobile/game_df/ios-build/DerivedData/CompilationCache.noindex
    export COMPILATION_CACHE_KEEP_CAS_DIRECTORY\=YES
    export COMPILER_INDEX_STORE_ENABLE\=Default
    export COMPOSITE_SDK_DIRS\=/Users/tuantu/Desktop/dev/AI/mobile/game_df/ios-build/DerivedData/Build/Intermediates.noindex/CompositeSDKs
    export COMPRESS_PNG_FILES\=YES
    export CONFIGURATION\=Debug
    export CONFIGURATION_BUILD_DIR\=/Users/tuantu/Desktop/dev/AI/mobile/game_df/ios-build/DerivedData/Build/Products/Debug-iphoneos
    export CONFIGURATION_TEMP_DIR\=/Users/tuantu/Desktop/dev/AI/mobile/game_df/ios-build/DerivedData/Build/Intermediates.noindex/Unity-iPhone.build/Debug-iphoneos
    export COPYING_PRESERVES_HFS_DATA\=NO
    export COPY_HEADERS_RUN_UNIFDEF\=NO
    export COPY_PHASE_STRIP\=NO
    export CORRESPONDING_SIMULATOR_PLATFORM_DIR\=/Applications/Xcode.app/Contents/Developer/Platforms/iPhoneSimulator.platform
    export CORRESPONDING_SIMULATOR_PLATFORM_NAME\=iphonesimulator
    export CORRESPONDING_SIMULATOR_SDK_DIR\=/Applications/Xcode.app/Contents/Developer/Platforms/iPhoneSimulator.platform/Developer/SDKs/iPhoneSimulator18.2.sdk
    export CORRESPONDING_SIMULATOR_SDK_NAME\=iphonesimulator18.2
    export CP\=/bin/cp
    export CREATE_INFOPLIST_SECTION_IN_BINARY\=NO
    export CURRENT_ARCH\=undefined_arch
    export CURRENT_VARIANT\=normal
    export DEAD_CODE_STRIPPING\=YES
    export DEBUGGING_SYMBOLS\=YES
    export DEBUG_INFORMATION_FORMAT\=dwarf
    export DEBUG_INFORMATION_VERSION\=compiler-default
    export DEFAULT_COMPILER\=com.apple.compilers.llvm.clang.1_0
    export DEFAULT_DEXT_INSTALL_PATH\=/System/Library/DriverExtensions
    export DEFAULT_KEXT_INSTALL_PATH\=/System/Library/Extensions
    export DEFINES_MODULE\=NO
    export DEPLOYMENT_LOCATION\=NO
    export DEPLOYMENT_POSTPROCESSING\=NO
    export DEPLOYMENT_TARGET_SETTING_NAME\=IPHONEOS_DEPLOYMENT_TARGET
    export DEPLOYMENT_TARGET_SUGGESTED_VALUES\=12.0\ 12.1\ 12.2\ 12.3\ 12.4\ 13.0\ 13.1\ 13.2\ 13.3\ 13.4\ 13.5\ 13.6\ 14.0\ 14.1\ 14.2\ 14.3\ 14.4\ 14.5\ 14.6\ 14.7\ 15.0\ 15.1\ 15.2\ 15.3\ 15.4\ 15.5\ 15.6\ 16.0\ 16.1\ 16.2\ 16.3\ 16.4\ 16.5\ 16.6\ 17.0\ 17.1\ 17.2\ 17.3\ 17.4\ 17.5\ 17.6\ 18.0\ 18.1\ 18.2
    export DERIVED_FILES_DIR\=/Users/tuantu/Desktop/dev/AI/mobile/game_df/ios-build/DerivedData/Build/Intermediates.noindex/Unity-iPhone.build/Debug-iphoneos/GameAssembly.build/DerivedSources
    export DERIVED_FILE_DIR\=/Users/tuantu/Desktop/dev/AI/mobile/game_df/ios-build/DerivedData/Build/Intermediates.noindex/Unity-iPhone.build/Debug-iphoneos/GameAssembly.build/DerivedSources
    export DERIVED_SOURCES_DIR\=/Users/tuantu/Desktop/dev/AI/mobile/game_df/ios-build/DerivedData/Build/Intermediates.noindex/Unity-iPhone.build/Debug-iphoneos/GameAssembly.build/DerivedSources
    export DERIVE_MACCATALYST_PRODUCT_BUNDLE_IDENTIFIER\=NO
    export DEVELOPER_APPLICATIONS_DIR\=/Applications/Xcode.app/Contents/Developer/Applications
    export DEVELOPER_BIN_DIR\=/Applications/Xcode.app/Contents/Developer/usr/bin
    export DEVELOPER_DIR\=/Applications/Xcode.app/Contents/Developer
    export DEVELOPER_FRAMEWORKS_DIR\=/Applications/Xcode.app/Contents/Developer/Library/Frameworks
    export DEVELOPER_FRAMEWORKS_DIR_QUOTED\=/Applications/Xcode.app/Contents/Developer/Library/Frameworks
    export DEVELOPER_LIBRARY_DIR\=/Applications/Xcode.app/Contents/Developer/Library
    export DEVELOPER_SDK_DIR\=/Applications/Xcode.app/Contents/Developer/Platforms/MacOSX.platform/Developer/SDKs
    export DEVELOPER_TOOLS_DIR\=/Applications/Xcode.app/Contents/Developer/Tools
    export DEVELOPER_USR_DIR\=/Applications/Xcode.app/Contents/Developer/usr
    export DEVELOPMENT_LANGUAGE\=English
    export DIFF\=/usr/bin/diff
    export DONT_GENERATE_INFOPLIST_FILE\=NO
    export DSTROOT\=/tmp/Unity-iPhone.dst
    export DT_TOOLCHAIN_DIR\=/Applications/Xcode.app/Contents/Developer/Toolchains/XcodeDefault.xctoolchain
    export DWARF_DSYM_FILE_NAME\=libGameAssembly.a.dSYM
    export DWARF_DSYM_FILE_SHOULD_ACCOMPANY_PRODUCT\=NO
    export DWARF_DSYM_FOLDER_PATH\=/Users/tuantu/Desktop/dev/AI/mobile/game_df/ios-build/DerivedData/Build/Products/Debug-iphoneos
    export DYNAMIC_LIBRARY_EXTENSION\=dylib
    export EAGER_COMPILATION_ALLOW_SCRIPTS\=NO
    export EAGER_LINKING\=NO
    export EFFECTIVE_PLATFORM_NAME\=-iphoneos
    export EMBEDDED_CONTENT_CONTAINS_SWIFT\=NO
    export EMBEDDED_PROFILE_NAME\=embedded.mobileprovision
    export EMBED_ASSET_PACKS_IN_PRODUCT_BUNDLE\=NO
    export ENABLE_APP_SANDBOX\=NO
    export ENABLE_BITCODE\=NO
    export ENABLE_CODE_COVERAGE\=YES
    export ENABLE_DEBUG_DYLIB\=NO
    export ENABLE_DEFAULT_HEADER_SEARCH_PATHS\=YES
    export ENABLE_DEFAULT_SEARCH_PATHS\=YES
    export ENABLE_HARDENED_RUNTIME\=NO
    export ENABLE_HEADER_DEPENDENCIES\=YES
    export ENABLE_ON_DEMAND_RESOURCES\=NO
    export ENABLE_PREVIEWS\=NO
    export ENABLE_STRICT_OBJC_MSGSEND\=YES
    export ENABLE_TESTABILITY\=YES
    export ENABLE_TESTING_SEARCH_PATHS\=NO
    export ENABLE_USER_SCRIPT_SANDBOXING\=NO
    export ENABLE_XOJIT_PREVIEWS\=NO
    export ENTITLEMENTS_DESTINATION\=Signature
    export ENTITLEMENTS_REQUIRED\=YES
    export EXCLUDED_INSTALLSRC_SUBDIRECTORY_PATTERNS\=.DS_Store\ .svn\ .git\ .hg\ CVS
    export EXCLUDED_RECURSIVE_SEARCH_PATH_SUBDIRECTORIES\=\*.nib\ \*.lproj\ \*.framework\ \*.gch\ \*.xcode\*\ \*.xcassets\ \(\*\)\ .DS_Store\ CVS\ .svn\ .git\ .hg\ \*.pbproj\ \*.pbxproj
    export EXECUTABLE_EXTENSION\=a
    export EXECUTABLE_NAME\=libGameAssembly.a
    export EXECUTABLE_PATH\=libGameAssembly.a
    export EXECUTABLE_PREFIX\=lib
    export EXECUTABLE_SUFFIX\=.a
    export FILE_LIST\=/Users/tuantu/Desktop/dev/AI/mobile/game_df/ios-build/DerivedData/Build/Intermediates.noindex/Unity-iPhone.build/Debug-iphoneos/GameAssembly.build/Objects/LinkFileList
    export FIXED_FILES_DIR\=/Users/tuantu/Desktop/dev/AI/mobile/game_df/ios-build/DerivedData/Build/Intermediates.noindex/Unity-iPhone.build/Debug-iphoneos/GameAssembly.build/FixedFiles
    export FRAMEWORK_FLAG_PREFIX\=-framework
    export FRAMEWORK_SEARCH_PATHS\=/Users/tuantu/Desktop/dev/AI/mobile/game_df/ios-build/DerivedData/Build/Products/Debug-iphoneos\ 
    export FRAMEWORK_VERSION\=A
    export FULL_PRODUCT_NAME\=libGameAssembly.a
    export FUSE_BUILD_PHASES\=YES
    export FUSE_BUILD_SCRIPT_PHASES\=NO
    export GCC3_VERSION\=3.3
    export GCC_C_LANGUAGE_STANDARD\=gnu17
    export GCC_DYNAMIC_NO_PIC\=NO
    export GCC_ENABLE_CPP_EXCEPTIONS\=NO
    export GCC_ENABLE_CPP_RTTI\=NO
    export GCC_ENABLE_OBJC_EXCEPTIONS\=NO
    export GCC_NO_COMMON_BLOCKS\=YES
    export GCC_OPTIMIZATION_LEVEL\=0
    export GCC_PFE_FILE_C_DIALECTS\=c\ objective-c\ c++\ objective-c++
    export GCC_PREPROCESSOR_DEFINITIONS\=DEBUG\=1\ 
    export GCC_THUMB_SUPPORT\=NO
    export GCC_TREAT_WARNINGS_AS_ERRORS\=NO
    export GCC_VERSION\=com.apple.compilers.llvm.clang.1_0
    export GCC_VERSION_IDENTIFIER\=com_apple_compilers_llvm_clang_1_0
    export GCC_WARN_64_TO_32_BIT_CONVERSION\=YES
    export GCC_WARN_ABOUT_RETURN_TYPE\=YES_ERROR
    export GCC_WARN_UNDECLARED_SELECTOR\=YES
    export GCC_WARN_UNINITIALIZED_AUTOS\=YES_AGGRESSIVE
    export GCC_WARN_UNUSED_FUNCTION\=YES
    export GCC_WARN_UNUSED_VARIABLE\=YES
    export GENERATED_MODULEMAP_DIR\=/Users/tuantu/Desktop/dev/AI/mobile/game_df/ios-build/DerivedData/Build/Intermediates.noindex/GeneratedModuleMaps-iphoneos
    export GENERATE_INFOPLIST_FILE\=NO
    export GENERATE_INTERMEDIATE_TEXT_BASED_STUBS\=YES
    export GENERATE_MASTER_OBJECT_FILE\=NO
    export GENERATE_PKGINFO_FILE\=NO
    export GENERATE_PROFILING_CODE\=NO
    export GENERATE_TEXT_BASED_STUBS\=NO
    export GID\=20
    export GROUP\=staff
    export HEADERMAP_INCLUDES_FLAT_ENTRIES_FOR_TARGET_BEING_BUILT\=YES
    export HEADERMAP_INCLUDES_FRAMEWORK_ENTRIES_FOR_ALL_PRODUCT_TYPES\=YES
    export HEADERMAP_INCLUDES_FRAMEWORK_ENTRIES_FOR_TARGETS_NOT_BEING_BUILT\=YES
    export HEADERMAP_INCLUDES_NONPUBLIC_NONPRIVATE_HEADERS\=YES
    export HEADERMAP_INCLUDES_PROJECT_HEADERS\=YES
    export HEADERMAP_USES_FRAMEWORK_PREFIX_ENTRIES\=YES
    export HEADERMAP_USES_VFS\=NO
    export HEADER_SEARCH_PATHS\=/Users/tuantu/Desktop/dev/AI/mobile/game_df/ios-build/DerivedData/Build/Products/Debug-iphoneos/include\ 
    export HIDE_BITCODE_SYMBOLS\=YES
    export HOME\=/Users/tuantu
    export HOST_ARCH\=arm64
    export HOST_PLATFORM\=macosx
    export ICONV\=/usr/bin/iconv
    export IMPLICIT_DEPENDENCY_DOMAIN\=default
    export INFOPLIST_ENABLE_CFBUNDLEICONS_MERGE\=YES
    export INFOPLIST_EXPAND_BUILD_SETTINGS\=YES
    export INFOPLIST_OUTPUT_FORMAT\=binary
    export INFOPLIST_PREPROCESS\=NO
    export INLINE_PRIVATE_FRAMEWORKS\=NO
    export INSTALLHDRS_COPY_PHASE\=NO
    export INSTALLHDRS_SCRIPT_PHASE\=NO
    export INSTALL_DIR\=/tmp/Unity-iPhone.dst/usr/local/lib
    export INSTALL_GROUP\=staff
    export INSTALL_MODE_FLAG\=u+w,go-w,a+rX
    export INSTALL_OWNER\=tuantu
    export INSTALL_PATH\=/usr/local/lib
    export INSTALL_ROOT\=/tmp/Unity-iPhone.dst
    export IPHONEOS_DEPLOYMENT_TARGET\=15.0
    export IS_UNOPTIMIZED_BUILD\=YES
    export JAVAC_DEFAULT_FLAGS\=-J-Xms64m\ -J-XX:NewSize\=4M\ -J-Dfile.encoding\=UTF8
    export JAVA_APP_STUB\=/System/Library/Frameworks/JavaVM.framework/Resources/MacOS/JavaApplicationStub
    export JAVA_ARCHIVE_CLASSES\=YES
    export JAVA_ARCHIVE_TYPE\=JAR
    export JAVA_COMPILER\=/usr/bin/javac
    export JAVA_FRAMEWORK_RESOURCES_DIRS\=Resources
    export JAVA_JAR_FLAGS\=cv
    export JAVA_SOURCE_SUBDIR\=.
    export JAVA_USE_DEPENDENCIES\=YES
    export JAVA_ZIP_FLAGS\=-urg
    export JIKES_DEFAULT_FLAGS\=+E\ +OLDCSO
    export KASAN_CFLAGS_CLASSIC\=-DKASAN\=1\ -DKASAN_CLASSIC\=1\ -fsanitize\=address\ -mllvm\ -asan-globals-live-support\ -mllvm\ -asan-force-dynamic-shadow
    export KASAN_CFLAGS_TBI\=-DKASAN\=1\ -DKASAN_TBI\=1\ -fsanitize\=kernel-hwaddress\ -mllvm\ -hwasan-recover\=0\ -mllvm\ -hwasan-instrument-atomics\=0\ -mllvm\ -hwasan-instrument-stack\=1\ -mllvm\ -hwasan-generate-tags-with-calls\=1\ -mllvm\ -hwasan-instrument-with-calls\=1\ -mllvm\ -hwasan-use-short-granules\=0\ -mllvm\ -hwasan-memory-access-callback-prefix\=__asan_
    export KASAN_DEFAULT_CFLAGS\=-DKASAN\=1\ -DKASAN_CLASSIC\=1\ -fsanitize\=address\ -mllvm\ -asan-globals-live-support\ -mllvm\ -asan-force-dynamic-shadow
    export KEEP_PRIVATE_EXTERNS\=NO
    export LD_DEPENDENCY_INFO_FILE\=/Users/tuantu/Desktop/dev/AI/mobile/game_df/ios-build/DerivedData/Build/Intermediates.noindex/Unity-iPhone.build/Debug-iphoneos/GameAssembly.build/Objects-normal/undefined_arch/GameAssembly_dependency_info.dat
    export LD_EXPORT_SYMBOLS\=YES
    export LD_GENERATE_MAP_FILE\=NO
    export LD_MAP_FILE_PATH\=/Users/tuantu/Desktop/dev/AI/mobile/game_df/ios-build/DerivedData/Build/Intermediates.noindex/Unity-iPhone.build/Debug-iphoneos/GameAssembly.build/GameAssembly-LinkMap-normal-undefined_arch.txt
    export LD_NO_PIE\=NO
    export LD_QUOTE_LINKER_ARGUMENTS_FOR_COMPILER_DRIVER\=YES
    export LD_SHARED_CACHE_ELIGIBLE\=Automatic
    export LD_WARN_DUPLICATE_LIBRARIES\=NO
    export LD_WARN_UNUSED_DYLIBS\=NO
    export LEGACY_DEVELOPER_DIR\=/Applications/Xcode.app/Contents/PlugIns/Xcode3Core.ideplugin/Contents/SharedSupport/Developer
    export LEX\=lex
    export LIBRARY_DEXT_INSTALL_PATH\=/Library/DriverExtensions
    export LIBRARY_FLAG_NOSPACE\=YES
    export LIBRARY_FLAG_PREFIX\=-l
    export LIBRARY_KEXT_INSTALL_PATH\=/Library/Extensions
    export LIBRARY_SEARCH_PATHS\=/Users/tuantu/Desktop/dev/AI/mobile/game_df/ios-build/DerivedData/Build/Products/Debug-iphoneos\ 
    export LINKER_DISPLAYS_MANGLED_NAMES\=NO
    export LINK_FILE_LIST_normal_arm64\=/Users/tuantu/Desktop/dev/AI/mobile/game_df/ios-build/DerivedData/Build/Intermediates.noindex/Unity-iPhone.build/Debug-iphoneos/GameAssembly.build/Objects-normal/arm64/GameAssembly.LinkFileList
    export LINK_OBJC_RUNTIME\=YES
    export LINK_WITH_STANDARD_LIBRARIES\=YES
    export LLVM_TARGET_TRIPLE_OS_VERSION\=ios15.0
    export LLVM_TARGET_TRIPLE_VENDOR\=apple
    export LM_AUX_CONST_METADATA_LIST_PATH_normal_arm64\=/Users/tuantu/Desktop/dev/AI/mobile/game_df/ios-build/DerivedData/Build/Intermediates.noindex/Unity-iPhone.build/Debug-iphoneos/GameAssembly.build/Objects-normal/arm64/GameAssembly.SwiftConstValuesFileList
    export LOCALIZATION_EXPORT_SUPPORTED\=YES
    export LOCALIZATION_PREFERS_STRING_CATALOGS\=NO
    export LOCALIZED_STRING_MACRO_NAMES\=NSLocalizedString\ CFCopyLocalizedString
    export LOCALIZED_STRING_SWIFTUI_SUPPORT\=YES
    export LOCAL_ADMIN_APPS_DIR\=/Applications/Utilities
    export LOCAL_APPS_DIR\=/Applications
    export LOCAL_DEVELOPER_DIR\=/Library/Developer
    export LOCAL_LIBRARY_DIR\=/Library
    export LOCROOT\=/Users/tuantu/Desktop/dev/AI/mobile/game_df/ios-build
    export LOCSYMROOT\=/Users/tuantu/Desktop/dev/AI/mobile/game_df/ios-build
    export MACH_O_TYPE\=staticlib
    export MAC_OS_X_PRODUCT_BUILD_VERSION\=24C101
    export MAC_OS_X_VERSION_ACTUAL\=150200
    export MAC_OS_X_VERSION_MAJOR\=150000
    export MAC_OS_X_VERSION_MINOR\=150200
    export MAKE_MERGEABLE\=NO
    export MERGEABLE_LIBRARY\=NO
    export MERGED_BINARY_TYPE\=none
    export MERGE_LINKED_LIBRARIES\=NO
    export METAL_LIBRARY_FILE_BASE\=default
    export METAL_LIBRARY_OUTPUT_DIR\=/Users/tuantu/Desktop/dev/AI/mobile/game_df/ios-build/DerivedData/Build/Products/Debug-iphoneos/
    export MODULE_CACHE_DIR\=/Users/tuantu/Desktop/dev/AI/mobile/game_df/ios-build/DerivedData/ModuleCache.noindex
    export MTL_ENABLE_DEBUG_INFO\=INCLUDE_SOURCE
    export MTL_FAST_MATH\=YES
    export NATIVE_ARCH\=arm64
    export NATIVE_ARCH_32_BIT\=arm
    export NATIVE_ARCH_64_BIT\=arm64
    export NATIVE_ARCH_ACTUAL\=arm64
    export NO_COMMON\=YES
    export OBJECT_FILE_DIR\=/Users/tuantu/Desktop/dev/AI/mobile/game_df/ios-build/DerivedData/Build/Intermediates.noindex/Unity-iPhone.build/Debug-iphoneos/GameAssembly.build/Objects
    export OBJECT_FILE_DIR_normal\=/Users/tuantu/Desktop/dev/AI/mobile/game_df/ios-build/DerivedData/Build/Intermediates.noindex/Unity-iPhone.build/Debug-iphoneos/GameAssembly.build/Objects-normal
    export OBJROOT\=/Users/tuantu/Desktop/dev/AI/mobile/game_df/ios-build/DerivedData/Build/Intermediates.noindex
    export ONLY_ACTIVE_ARCH\=YES
    export OS\=MACOS
    export OSAC\=/usr/bin/osacompile
    export OTHER_LDFLAGS\=-ObjC
    export PACKAGE_TYPE\=com.apple.package-type.static-library
    export PASCAL_STRINGS\=YES
    export PATH\=/Applications/Xcode.app/Contents/SharedFrameworks/XCBuild.framework/Versions/A/PlugIns/XCBBuildService.bundle/Contents/PlugIns/XCBSpecifications.ideplugin/Contents/Resources:/Applications/Xcode.app/Contents/SharedFrameworks/XCBuild.framework/Versions/A/PlugIns/XCBBuildService.bundle/Contents/PlugIns/XCBSpecifications.ideplugin:/Applications/Xcode.app/Contents/Developer/Toolchains/XcodeDefault.xctoolchain/usr/bin:/Applications/Xcode.app/Contents/Developer/Toolchains/XcodeDefault.xctoolchain/usr/appleinternal/bin:/Applications/Xcode.app/Contents/Developer/Toolchains/XcodeDefault.xctoolchain/usr/local/bin:/Applications/Xcode.app/Contents/Developer/Toolchains/XcodeDefault.xctoolchain/usr/libexec:/Applications/Xcode.app/Contents/Developer/Platforms/iPhoneOS.platform/usr/bin:/Applications/Xcode.app/Contents/Developer/Platforms/iPhoneOS.platform/usr/appleinternal/bin:/Applications/Xcode.app/Contents/Developer/Platforms/iPhoneOS.platform/usr/local/bin:/Applications/Xcode.app/Contents/Developer/Platforms/iPhoneOS.platform/Developer/usr/bin:/Applications/Xcode.app/Contents/Developer/Platforms/iPhoneOS.platform/Developer/usr/local/bin:/Applications/Xcode.app/Contents/Developer/usr/bin:/Applications/Xcode.app/Contents/Developer/usr/local/bin:/opt/homebrew/bin:/opt/homebrew/sbin:/usr/local/bin:/System/Cryptexes/App/usr/bin:/usr/bin:/bin:/usr/sbin:/sbin:/var/run/com.apple.security.cryptexd/codex.system/bootstrap/usr/local/bin:/var/run/com.apple.security.cryptexd/codex.system/bootstrap/usr/bin:/var/run/com.apple.security.cryptexd/codex.system/bootstrap/usr/appleinternal/bin:/Library/Apple/usr/bin:/usr/local/share/dotnet:/usr/local/go/bin:/opt/homebrew/lib/node_modules/@openai/codex/node_modules/@openai/codex-darwin-arm64/vendor/aarch64-apple-darwin/codex-path:/Users/tuantu/.codex/tmp/arg0/codex-arg0RnUhj9:/Users/tuantu/.opencode/bin:/opt/homebrew/opt/php@8.2/sbin:/opt/homebrew/opt/php@8.2/bin:/opt/homebrew/opt/node@22/bin:/Users/tuantu/.codeium/windsurf/bin:/opt/homebrew/opt/php@7.4/sbin:/opt/homebrew/opt/php@7.4/bin:/opt/homebrew/opt/node@18bin:/Users/tuantu/Library/Application\ Support/Code/User/globalStorage/github.copilot-chat/debugCommand:/Users/tuantu/Library/Application\ Support/Code/User/globalStorage/github.copilot-chat/copilotCli:/Users/tuantu/.unity/bin:/Users/tuantu/Library/Android/sdk/tools:/Users/tuantu/Library/Android/sdk/platform-tools:/Users/tuantu/.config/composer/vendor/bin
    export PATH_PREFIXES_EXCLUDED_FROM_HEADER_DEPENDENCIES\=/usr/include\ /usr/local/include\ /System/Library/Frameworks\ /System/Library/PrivateFrameworks\ /Applications/Xcode.app/Contents/Developer/Headers\ /Applications/Xcode.app/Contents/Developer/SDKs\ /Applications/Xcode.app/Contents/Developer/Platforms
    export PER_ARCH_OBJECT_FILE_DIR\=/Users/tuantu/Desktop/dev/AI/mobile/game_df/ios-build/DerivedData/Build/Intermediates.noindex/Unity-iPhone.build/Debug-iphoneos/GameAssembly.build/Objects-normal/undefined_arch
    export PER_VARIANT_OBJECT_FILE_DIR\=/Users/tuantu/Desktop/dev/AI/mobile/game_df/ios-build/DerivedData/Build/Intermediates.noindex/Unity-iPhone.build/Debug-iphoneos/GameAssembly.build/Objects-normal
    export PKGINFO_FILE_PATH\=/Users/tuantu/Desktop/dev/AI/mobile/game_df/ios-build/DerivedData/Build/Intermediates.noindex/Unity-iPhone.build/Debug-iphoneos/GameAssembly.build/PkgInfo
    export PLATFORM_DEVELOPER_APPLICATIONS_DIR\=/Applications/Xcode.app/Contents/Developer/Platforms/iPhoneOS.platform/Developer/Applications
    export PLATFORM_DEVELOPER_BIN_DIR\=/Applications/Xcode.app/Contents/Developer/Platforms/iPhoneOS.platform/Developer/usr/bin
    export PLATFORM_DEVELOPER_LIBRARY_DIR\=/Applications/Xcode.app/Contents/Developer/Platforms/iPhoneOS.platform/Developer/Library
    export PLATFORM_DEVELOPER_SDK_DIR\=/Applications/Xcode.app/Contents/Developer/Platforms/iPhoneOS.platform/Developer/SDKs
    export PLATFORM_DEVELOPER_TOOLS_DIR\=/Applications/Xcode.app/Contents/Developer/Platforms/iPhoneOS.platform/Developer/Tools
    export PLATFORM_DEVELOPER_USR_DIR\=/Applications/Xcode.app/Contents/Developer/Platforms/iPhoneOS.platform/Developer/usr
    export PLATFORM_DIR\=/Applications/Xcode.app/Contents/Developer/Platforms/iPhoneOS.platform
    export PLATFORM_DISPLAY_NAME\=iOS
    export PLATFORM_FAMILY_NAME\=iOS
    export PLATFORM_NAME\=iphoneos
    export PLATFORM_PREFERRED_ARCH\=arm64
    export PLATFORM_PRODUCT_BUILD_VERSION\=22C146
    export PLIST_FILE_OUTPUT_FORMAT\=binary
    export PRECOMPS_INCLUDE_HEADERS_FROM_BUILT_PRODUCTS_DIR\=YES
    export PRECOMP_DESTINATION_DIR\=/Users/tuantu/Desktop/dev/AI/mobile/game_df/ios-build/DerivedData/Build/Intermediates.noindex/Unity-iPhone.build/Debug-iphoneos/GameAssembly.build/PrefixHeaders
    export PRIVATE_HEADERS_FOLDER_PATH\=/usr/local/include
    export PROCESSED_INFOPLIST_PATH\=/Users/tuantu/Desktop/dev/AI/mobile/game_df/ios-build/DerivedData/Build/Intermediates.noindex/Unity-iPhone.build/Debug-iphoneos/GameAssembly.build/Objects-normal/undefined_arch/Processed-Info.plist
    export PRODUCT_MODULE_NAME\=GameAssembly
    export PRODUCT_NAME\=GameAssembly
    export PRODUCT_NAME_APP\=FootballTowerDefense
    export PRODUCT_SETTINGS_PATH\=
    export PRODUCT_TYPE\=com.apple.product-type.library.static
    export PROFILING_CODE\=NO
    export PROJECT\=Unity-iPhone
    export PROJECT_DERIVED_FILE_DIR\=/Users/tuantu/Desktop/dev/AI/mobile/game_df/ios-build/DerivedData/Build/Intermediates.noindex/Unity-iPhone.build/DerivedSources
    export PROJECT_DIR\=/Users/tuantu/Desktop/dev/AI/mobile/game_df/ios-build
    export PROJECT_FILE_PATH\=/Users/tuantu/Desktop/dev/AI/mobile/game_df/ios-build/Unity-iPhone.xcodeproj
    export PROJECT_GUID\=4d46f0999f4e53d6791a1877ccf164d7
    export PROJECT_NAME\=Unity-iPhone
    export PROJECT_TEMP_DIR\=/Users/tuantu/Desktop/dev/AI/mobile/game_df/ios-build/DerivedData/Build/Intermediates.noindex/Unity-iPhone.build
    export PROJECT_TEMP_ROOT\=/Users/tuantu/Desktop/dev/AI/mobile/game_df/ios-build/DerivedData/Build/Intermediates.noindex
    export PUBLIC_HEADERS_FOLDER_PATH\=/usr/local/include
    export RECOMMENDED_IPHONEOS_DEPLOYMENT_TARGET\=15.0
    export RECURSIVE_SEARCH_PATHS_FOLLOW_SYMLINKS\=YES
    export REMOVE_CVS_FROM_RESOURCES\=YES
    export REMOVE_GIT_FROM_RESOURCES\=YES
    export REMOVE_HEADERS_FROM_EMBEDDED_BUNDLES\=YES
    export REMOVE_HG_FROM_RESOURCES\=YES
    export REMOVE_STATIC_EXECUTABLES_FROM_EMBEDDED_BUNDLES\=YES
    export REMOVE_SVN_FROM_RESOURCES\=YES
    export RESCHEDULE_INDEPENDENT_HEADERS_PHASES\=YES
    export REZ_COLLECTOR_DIR\=/Users/tuantu/Desktop/dev/AI/mobile/game_df/ios-build/DerivedData/Build/Intermediates.noindex/Unity-iPhone.build/Debug-iphoneos/GameAssembly.build/ResourceManagerResources
    export REZ_EXECUTABLE\=YES
    export REZ_OBJECTS_DIR\=/Users/tuantu/Desktop/dev/AI/mobile/game_df/ios-build/DerivedData/Build/Intermediates.noindex/Unity-iPhone.build/Debug-iphoneos/GameAssembly.build/ResourceManagerResources/Objects
    export REZ_SEARCH_PATHS\=/Users/tuantu/Desktop/dev/AI/mobile/game_df/ios-build/DerivedData/Build/Products/Debug-iphoneos\ 
    export SCAN_ALL_SOURCE_FILES_FOR_INCLUDES\=NO
    export SCRIPT_INPUT_FILE_COUNT\=0
    export SCRIPT_INPUT_FILE_LIST_COUNT\=0
    export SCRIPT_OUTPUT_FILE_COUNT\=0
    export SCRIPT_OUTPUT_FILE_LIST_COUNT\=0
    export SDKROOT\=/Applications/Xcode.app/Contents/Developer/Platforms/iPhoneOS.platform/Developer/SDKs/iPhoneOS18.2.sdk
    export SDK_DIR\=/Applications/Xcode.app/Contents/Developer/Platforms/iPhoneOS.platform/Developer/SDKs/iPhoneOS18.2.sdk
    export SDK_DIR_iphoneos\=/Applications/Xcode.app/Contents/Developer/Platforms/iPhoneOS.platform/Developer/SDKs/iPhoneOS18.2.sdk
    export SDK_DIR_iphoneos18_2\=/Applications/Xcode.app/Contents/Developer/Platforms/iPhoneOS.platform/Developer/SDKs/iPhoneOS18.2.sdk
    export SDK_NAME\=iphoneos18.2
    export SDK_NAMES\=iphoneos18.2
    export SDK_PRODUCT_BUILD_VERSION\=22C146
    export SDK_STAT_CACHE_DIR\=/Users/tuantu/Desktop/dev/AI/mobile/game_df/ios-build/DerivedData
    export SDK_STAT_CACHE_ENABLE\=YES
    export SDK_STAT_CACHE_PATH\=/Users/tuantu/Desktop/dev/AI/mobile/game_df/ios-build/DerivedData/SDKStatCaches.noindex/iphoneos18.2-22C146-d5b9239ec3bf5b3adbecdf21472871e3.sdkstatcache
    export SDK_VERSION\=18.2
    export SDK_VERSION_ACTUAL\=180200
    export SDK_VERSION_MAJOR\=180000
    export SDK_VERSION_MINOR\=180200
    export SED\=/usr/bin/sed
    export SEPARATE_STRIP\=NO
    export SEPARATE_SYMBOL_EDIT\=NO
    export SET_DIR_MODE_OWNER_GROUP\=YES
    export SET_FILE_MODE_OWNER_GROUP\=NO
    export SHALLOW_BUNDLE\=NO
    export SHARED_DERIVED_FILE_DIR\=/Users/tuantu/Desktop/dev/AI/mobile/game_df/ios-build/DerivedData/Build/Products/Debug-iphoneos/DerivedSources
    export SHARED_PRECOMPS_DIR\=/Users/tuantu/Desktop/dev/AI/mobile/game_df/ios-build/DerivedData/Build/Intermediates.noindex/PrecompiledHeaders
    export SKIP_INSTALL\=YES
    export SOURCE_ROOT\=/Users/tuantu/Desktop/dev/AI/mobile/game_df/ios-build
    export SRCROOT\=/Users/tuantu/Desktop/dev/AI/mobile/game_df/ios-build
    export STRINGSDATA_DIR\=/Users/tuantu/Desktop/dev/AI/mobile/game_df/ios-build/DerivedData/Build/Intermediates.noindex/Unity-iPhone.build/Debug-iphoneos/GameAssembly.build/Objects-normal/undefined_arch
    export STRINGSDATA_ROOT\=/Users/tuantu/Desktop/dev/AI/mobile/game_df/ios-build/DerivedData/Build/Intermediates.noindex/Unity-iPhone.build/Debug-iphoneos/GameAssembly.build
    export STRINGS_FILE_INFOPLIST_RENAME\=YES
    export STRINGS_FILE_OUTPUT_ENCODING\=binary
    export STRIP_BITCODE_FROM_COPIED_FILES\=YES
    export STRIP_INSTALLED_PRODUCT\=NO
    export STRIP_STYLE\=debugging
    export STRIP_SWIFT_SYMBOLS\=YES
    export SUPPORTED_DEVICE_FAMILIES\=1,2
    export SUPPORTED_PLATFORMS\=iphoneos
    export SUPPORTS_MACCATALYST\=YES
    export SUPPORTS_MAC_DESIGNED_FOR_IPHONE_IPAD\=YES
    export SUPPORTS_TEXT_BASED_API\=NO
    export SUPPORTS_XR_DESIGNED_FOR_IPHONE_IPAD\=YES
    export SUPPRESS_WARNINGS\=NO
    export SWIFT_EMIT_LOC_STRINGS\=NO
    export SWIFT_PLATFORM_TARGET_PREFIX\=ios
    export SWIFT_RESPONSE_FILE_PATH_normal_arm64\=/Users/tuantu/Desktop/dev/AI/mobile/game_df/ios-build/DerivedData/Build/Intermediates.noindex/Unity-iPhone.build/Debug-iphoneos/GameAssembly.build/Objects-normal/arm64/GameAssembly.SwiftFileList
    export SYMROOT\=/Users/tuantu/Desktop/dev/AI/mobile/game_df/ios-build/DerivedData/Build/Products
    export SYSTEM_ADMIN_APPS_DIR\=/Applications/Utilities
    export SYSTEM_APPS_DIR\=/Applications
    export SYSTEM_CORE_SERVICES_DIR\=/System/Library/CoreServices
    export SYSTEM_DEMOS_DIR\=/Applications/Extras
    export SYSTEM_DEVELOPER_APPS_DIR\=/Applications/Xcode.app/Contents/Developer/Applications
    export SYSTEM_DEVELOPER_BIN_DIR\=/Applications/Xcode.app/Contents/Developer/usr/bin
    export SYSTEM_DEVELOPER_DEMOS_DIR\=/Applications/Xcode.app/Contents/Developer/Applications/Utilities/Built\ Examples
    export SYSTEM_DEVELOPER_DIR\=/Applications/Xcode.app/Contents/Developer
    export SYSTEM_DEVELOPER_DOC_DIR\=/Applications/Xcode.app/Contents/Developer/ADC\ Reference\ Library
    export SYSTEM_DEVELOPER_GRAPHICS_TOOLS_DIR\=/Applications/Xcode.app/Contents/Developer/Applications/Graphics\ Tools
    export SYSTEM_DEVELOPER_JAVA_TOOLS_DIR\=/Applications/Xcode.app/Contents/Developer/Applications/Java\ Tools
    export SYSTEM_DEVELOPER_PERFORMANCE_TOOLS_DIR\=/Applications/Xcode.app/Contents/Developer/Applications/Performance\ Tools
    export SYSTEM_DEVELOPER_RELEASENOTES_DIR\=/Applications/Xcode.app/Contents/Developer/ADC\ Reference\ Library/releasenotes
    export SYSTEM_DEVELOPER_TOOLS\=/Applications/Xcode.app/Contents/Developer/Tools
    export SYSTEM_DEVELOPER_TOOLS_DOC_DIR\=/Applications/Xcode.app/Contents/Developer/ADC\ Reference\ Library/documentation/DeveloperTools
    export SYSTEM_DEVELOPER_TOOLS_RELEASENOTES_DIR\=/Applications/Xcode.app/Contents/Developer/ADC\ Reference\ Library/releasenotes/DeveloperTools
    export SYSTEM_DEVELOPER_USR_DIR\=/Applications/Xcode.app/Contents/Developer/usr
    export SYSTEM_DEVELOPER_UTILITIES_DIR\=/Applications/Xcode.app/Contents/Developer/Applications/Utilities
    export SYSTEM_DEXT_INSTALL_PATH\=/System/Library/DriverExtensions
    export SYSTEM_DOCUMENTATION_DIR\=/Library/Documentation
    export SYSTEM_KEXT_INSTALL_PATH\=/System/Library/Extensions
    export SYSTEM_LIBRARY_DIR\=/System/Library
    export TAPI_DEMANGLE\=YES
    export TAPI_ENABLE_PROJECT_HEADERS\=NO
    export TAPI_LANGUAGE\=objective-c
    export TAPI_LANGUAGE_STANDARD\=compiler-default
    export TAPI_USE_SRCROOT\=YES
    export TAPI_VERIFY_MODE\=Pedantic
    export TARGETED_DEVICE_FAMILY\=1,2
    export TARGETNAME\=GameAssembly
    export TARGET_BUILD_DIR\=/Users/tuantu/Desktop/dev/AI/mobile/game_df/ios-build/DerivedData/Build/Products/Debug-iphoneos
    export TARGET_DEVICE_IDENTIFIER\=00008101-000E446C3CFA001E
    export TARGET_DEVICE_MODEL\=iPhone13,2
    export TARGET_DEVICE_OS_VERSION\=18.2
    export TARGET_DEVICE_PLATFORM_NAME\=iphoneos
    export TARGET_NAME\=GameAssembly
    export TARGET_TEMP_DIR\=/Users/tuantu/Desktop/dev/AI/mobile/game_df/ios-build/DerivedData/Build/Intermediates.noindex/Unity-iPhone.build/Debug-iphoneos/GameAssembly.build
    export TEMP_DIR\=/Users/tuantu/Desktop/dev/AI/mobile/game_df/ios-build/DerivedData/Build/Intermediates.noindex/Unity-iPhone.build/Debug-iphoneos/GameAssembly.build
    export TEMP_FILES_DIR\=/Users/tuantu/Desktop/dev/AI/mobile/game_df/ios-build/DerivedData/Build/Intermediates.noindex/Unity-iPhone.build/Debug-iphoneos/GameAssembly.build
    export TEMP_FILE_DIR\=/Users/tuantu/Desktop/dev/AI/mobile/game_df/ios-build/DerivedData/Build/Intermediates.noindex/Unity-iPhone.build/Debug-iphoneos/GameAssembly.build
    export TEMP_ROOT\=/Users/tuantu/Desktop/dev/AI/mobile/game_df/ios-build/DerivedData/Build/Intermediates.noindex
    export TEST_FRAMEWORK_SEARCH_PATHS\=\ /Applications/Xcode.app/Contents/Developer/Platforms/iPhoneOS.platform/Developer/Library/Frameworks\ /Applications/Xcode.app/Contents/Developer/Platforms/iPhoneOS.platform/Developer/SDKs/iPhoneOS18.2.sdk/Developer/Library/Frameworks
    export TEST_LIBRARY_SEARCH_PATHS\=\ /Applications/Xcode.app/Contents/Developer/Platforms/iPhoneOS.platform/Developer/usr/lib
    export TOOLCHAINS\=com.apple.dt.toolchain.XcodeDefault
    export TOOLCHAIN_DIR\=/Applications/Xcode.app/Contents/Developer/Toolchains/XcodeDefault.xctoolchain
    export TREAT_MISSING_BASELINES_AS_TEST_FAILURES\=NO
    export TREAT_MISSING_SCRIPT_PHASE_OUTPUTS_AS_ERRORS\=NO
    export UID\=501
    export UNINSTALLED_PRODUCTS_DIR\=/Users/tuantu/Desktop/dev/AI/mobile/game_df/ios-build/DerivedData/Build/Intermediates.noindex/UninstalledProducts
    export UNSTRIPPED_PRODUCT\=NO
    export USER\=tuantu
    export USER_APPS_DIR\=/Users/tuantu/Applications
    export USER_LIBRARY_DIR\=/Users/tuantu/Library
    export USE_DYNAMIC_NO_PIC\=YES
    export USE_HEADERMAP\=YES
    export USE_HEADER_SYMLINKS\=NO
    export VALIDATE_DEVELOPMENT_ASSET_PATHS\=YES_ERROR
    export VALIDATE_PRODUCT\=NO
    export VALID_ARCHS\=arm64\ arm64e\ armv7\ armv7s
    export VERBOSE_PBXCP\=NO
    export VERSION_INFO_BUILDER\=tuantu
    export VERSION_INFO_FILE\=GameAssembly_vers.c
    export VERSION_INFO_STRING\=\"@\(\#\)PROGRAM:GameAssembly\ \ PROJECT:Unity-iPhone-\"
    export WORKSPACE_DIR\=/Users/tuantu/Desktop/dev/AI/mobile/game_df/ios-build/Unity-iPhone.xcodeproj
    export WRAP_ASSET_PACKS_IN_SEPARATE_DIRECTORIES\=NO
    export XCODE_APP_SUPPORT_DIR\=/Applications/Xcode.app/Contents/Developer/Library/Xcode
    export XCODE_PRODUCT_BUILD_VERSION\=16C5032a
    export XCODE_VERSION_ACTUAL\=1620
    export XCODE_VERSION_MAJOR\=1600
    export XCODE_VERSION_MINOR\=1620
    export XPCSERVICES_FOLDER_PATH\=/XPCServices
    export YACC\=yacc
    export arch\=undefined_arch
    export variant\=normal
    /bin/sh -c /Users/tuantu/Desktop/dev/AI/mobile/game_df/ios-build/DerivedData/Build/Intermediates.noindex/Unity-iPhone.build/Debug-iphoneos/GameAssembly.build/Script-C62A2A42F32E085EF849CF0B.sh
Lib arch: arm64
Host arch: arm64
Bee arch: arm64
/Users/tuantu/Desktop/dev/AI/mobile/game_df/ios-build/Il2CppOutputProject/IL2CPP/build/deploy_arm64/il2cpp --compile-cpp --platform=iOS --baselib-directory=Libraries --incremental-g-c-time-slice=3 --dotnetprofile=unityaot-macos --profiler-report --print-command-line --static-lib-il2-cpp --generatedcppdir=Il2CppOutputProject/Source/il2cppOutput --custom-il2-cpp-root=Il2CppOutputProject/IL2CPP --architecture=arm64 --outputpath=/Users/tuantu/Desktop/dev/AI/mobile/game_df/ios-build/DerivedData/Build/Products/Debug-iphoneos/libGameAssembly.a --cachedirectory=Il2CppTempDirArtifacts/Debug/artifacts/arm64 --configuration=Debug --tool-chain-path=/Applications/Xcode.app/Contents/Developer/Toolchains/XcodeDefault.xctoolchain --sysroot-path=/Applications/Xcode.app/Contents/Developer/Platforms/iPhoneOS.platform/Developer/SDKs/iPhoneOS18.2.sdk
Starting: /Users/tuantu/Desktop/dev/AI/mobile/game_df/ios-build/Il2CppOutputProject/IL2CPP/build/deploy_arm64/bee_backend/mac-arm64/bee_backend --verbose --threads=10 --ipc --dagfile="Il2CppTempDirArtifacts/Debug/artifacts/arm64/buildstate/bee.dag" --continue-on-failure --profile="Il2CppTempDirArtifacts/Debug/artifacts/arm64/buildstate/backend1.traceevents" FinalProgram
WorkingDir: /Users/tuantu/Desktop/dev/AI/mobile/game_df/ios-build
[             ] Require frontend run.  Il2CppTempDirArtifacts/Debug/artifacts/arm64/buildstate/bee.dag couldn't be loaded
ExitCode: 4 Duration: 0s301ms
Starting: /Users/tuantu/Desktop/dev/AI/mobile/game_df/ios-build/Il2CppOutputProject/IL2CPP/build/deploy_arm64/bee_backend/mac-arm64/bee_backend --verbose --threads=10 --ipc --dagfile="Il2CppTempDirArtifacts/Debug/artifacts/arm64/buildstate/bee.dag" --continue-on-failure --dagfilejson="Il2CppTempDirArtifacts/Debug/artifacts/arm64/buildstate/bee.dag.json" --profile="Il2CppTempDirArtifacts/Debug/artifacts/arm64/buildstate/backend2.traceevents" FinalProgram
WorkingDir: /Users/tuantu/Desktop/dev/AI/mobile/game_df/ios-build
Finished compiling graph: 603 nodes, 1206 flattened edges (1206 ToBuild, 3 ToUse), maximum node priority 12
[  1/410    0s] WriteText Il2CppTempDirArtifacts/Debug/artifacts/arm64/actx/_dummy_for_header_discovery
[  2/410    0s] CopyFiles /Users/tuantu/Desktop/dev/AI/mobile/game_df/ios-build/DerivedData/Build/Products/Debug-iphoneos/baselib.a
[  3/410    0s] C_iOS_arm64 Il2CppTempDirArtifacts/Debug/artifacts/arm64/actx/xo9oogc738zz.o
##### CommandLine
"/Applications/Xcode.app/Contents/Developer/Toolchains/XcodeDefault.xctoolchain/usr/bin/clang++" -Wswitch -Wno-trigraphs -Wno-tautological-compare -Wno-invalid-offsetof -Wno-implicitly-unsigned-literal -Wno-integer-overflow -Wno-shift-negative-value -Wno-unknown-attributes -Wno-implicit-function-declaration -Wno-null-conversion -Wno-missing-declarations -Wno-unused-value -Wno-pragma-once-outside-header -Wno-unknown-warning-option -Wno-undef-prefix -fvisibility=hidden -isysroot "/Applications/Xcode.app/Contents/Developer/Platforms/iPhoneOS.platform/Developer/SDKs/iPhoneOS18.2.sdk" -fexceptions -g -O0 -fno-strict-overflow -ffunction-sections -fdata-sections -fmessage-length=0 -pipe -DIL2CPP_DEBUG=1 -DHAVE_BDWGC_GC -DBASELIB_INLINE_NAMESPACE=il2cpp_baselib -DIL2CPP_MONO_DEBUGGER_DISABLED -DRUNTIME_IL2CPP -DTARGET_ARM64 -DIL2CPP_ENABLE_WRITE_BARRIERS=1 -DIL2CPP_INCREMENTAL_TIME_SLICE=3 -D_DEBUG -I"." -I"Il2CppOutputProject/Source/il2cppOutput" -I"Il2CppOutputProject/IL2CPP/libil2cpp/pch" -I"Il2CppOutputProject/IL2CPP/libil2cpp" -I"Il2CppOutputProject/IL2CPP/external/baselib/Include" -I"Il2CppOutputProject/IL2CPP/libil2cpp/os/ClassLibraryPAL/brotli/include" -I"Il2CppOutputProject/IL2CPP/external/baselib/Platforms/IOS/Include" -o "Il2CppTempDirArtifacts/Debug/artifacts/arm64/actx/xo9oogc738zz.o" -fcolor-diagnostics -arch arm64 -mios-version-min=11.0 -fno-strict-float-cast-overflow -c -x c "Il2CppOutputProject/Source/il2cppOutput/UnityEngine_CodeGen.c"
[  4/410    0s] C_iOS_arm64 Il2CppTempDirArtifacts/Debug/artifacts/arm64/actx/7vw94xo8bjao.o
##### CommandLine
"/Applications/Xcode.app/Contents/Developer/Toolchains/XcodeDefault.xctoolchain/usr/bin/clang++" -Wswitch -Wno-trigraphs -Wno-tautological-compare -Wno-invalid-offsetof -Wno-implicitly-unsigned-literal -Wno-integer-overflow -Wno-shift-negative-value -Wno-unknown-attributes -Wno-implicit-function-declaration -Wno-null-conversion -Wno-missing-declarations -Wno-unused-value -Wno-pragma-once-outside-header -Wno-unknown-warning-option -Wno-undef-prefix -fvisibility=hidden -isysroot "/Applications/Xcode.app/Contents/Developer/Platforms/iPhoneOS.platform/Developer/SDKs/iPhoneOS18.2.sdk" -fexceptions -g -O0 -fno-strict-overflow -ffunction-sections -fdata-sections -fmessage-length=0 -pipe -DIL2CPP_DEBUG=1 -DHAVE_BDWGC_GC -DBASELIB_INLINE_NAMESPACE=il2cpp_baselib -DIL2CPP_MONO_DEBUGGER_DISABLED -DRUNTIME_IL2CPP -DTARGET_ARM64 -DIL2CPP_ENABLE_WRITE_BARRIERS=1 -DIL2CPP_INCREMENTAL_TIME_SLICE=3 -D_DEBUG -I"." -I"Il2CppOutputProject/Source/il2cppOutput" -I"Il2CppOutputProject/IL2CPP/libil2cpp/pch" -I"Il2CppOutputProject/IL2CPP/libil2cpp" -I"Il2CppOutputProject/IL2CPP/external/baselib/Include" -I"Il2CppOutputProject/IL2CPP/libil2cpp/os/ClassLibraryPAL/brotli/include" -I"Il2CppOutputProject/IL2CPP/external/baselib/Platforms/IOS/Include" -o "Il2CppTempDirArtifacts/Debug/artifacts/arm64/actx/7vw94xo8bjao.o" -fcolor-diagnostics -arch arm64 -mios-version-min=11.0 -fno-strict-float-cast-overflow -c -x c "Il2CppOutputProject/Source/il2cppOutput/UnityEngine.VFXModule_CodeGen.c"
[  5/410    0s] C_iOS_arm64 Il2CppTempDirArtifacts/Debug/artifacts/arm64/actx/ekkdbdz00q4k.o
##### CommandLine
"/Applications/Xcode.app/Contents/Developer/Toolchains/XcodeDefault.xctoolchain/usr/bin/clang++" -Wswitch -Wno-trigraphs -Wno-tautological-compare -Wno-invalid-offsetof -Wno-implicitly-unsigned-literal -Wno-integer-overflow -Wno-shift-negative-value -Wno-unknown-attributes -Wno-implicit-function-declaration -Wno-null-conversion -Wno-missing-declarations -Wno-unused-value -Wno-pragma-once-outside-header -Wno-unknown-warning-option -Wno-undef-prefix -fvisibility=hidden -isysroot "/Applications/Xcode.app/Contents/Developer/Platforms/iPhoneOS.platform/Developer/SDKs/iPhoneOS18.2.sdk" -fexceptions -g -O0 -fno-strict-overflow -ffunction-sections -fdata-sections -fmessage-length=0 -pipe -DIL2CPP_DEBUG=1 -DHAVE_BDWGC_GC -DBASELIB_INLINE_NAMESPACE=il2cpp_baselib -DIL2CPP_MONO_DEBUGGER_DISABLED -DRUNTIME_IL2CPP -DTARGET_ARM64 -DIL2CPP_ENABLE_WRITE_BARRIERS=1 -DIL2CPP_INCREMENTAL_TIME_SLICE=3 -D_DEBUG -I"." -I"Il2CppOutputProject/Source/il2cppOutput" -I"Il2CppOutputProject/IL2CPP/libil2cpp/pch" -I"Il2CppOutputProject/IL2CPP/libil2cpp" -I"Il2CppOutputProject/IL2CPP/external/baselib/Include" -I"Il2CppOutputProject/IL2CPP/libil2cpp/os/ClassLibraryPAL/brotli/include" -I"Il2CppOutputProject/IL2CPP/external/baselib/Platforms/IOS/Include" -o "Il2CppTempDirArtifacts/Debug/artifacts/arm64/actx/ekkdbdz00q4k.o" -fcolor-diagnostics -arch arm64 -mios-version-min=11.0 -fno-strict-float-cast-overflow -c -x c "Il2CppOutputProject/Source/il2cppOutput/UnityEngine.TextRenderingModule_CodeGen.c"
[  6/410    0s] C_iOS_arm64 Il2CppTempDirArtifacts/Debug/artifacts/arm64/actx/dfhnw1sxry4d.o
##### CommandLine
"/Applications/Xcode.app/Contents/Developer/Toolchains/XcodeDefault.xctoolchain/usr/bin/clang++" -Wswitch -Wno-trigraphs -Wno-tautological-compare -Wno-invalid-offsetof -Wno-implicitly-unsigned-literal -Wno-integer-overflow -Wno-shift-negative-value -Wno-unknown-attributes -Wno-implicit-function-declaration -Wno-null-conversion -Wno-missing-declarations -Wno-unused-value -Wno-pragma-once-outside-header -Wno-unknown-warning-option -Wno-undef-prefix -fvisibility=hidden -isysroot "/Applications/Xcode.app/Contents/Developer/Platforms/iPhoneOS.platform/Developer/SDKs/iPhoneOS18.2.sdk" -fexceptions -g -O0 -fno-strict-overflow -ffunction-sections -fdata-sections -fmessage-length=0 -pipe -DIL2CPP_DEBUG=1 -DHAVE_BDWGC_GC -DBASELIB_INLINE_NAMESPACE=il2cpp_baselib -DIL2CPP_MONO_DEBUGGER_DISABLED -DRUNTIME_IL2CPP -DTARGET_ARM64 -DIL2CPP_ENABLE_WRITE_BARRIERS=1 -DIL2CPP_INCREMENTAL_TIME_SLICE=3 -D_DEBUG -I"." -I"Il2CppOutputProject/Source/il2cppOutput" -I"Il2CppOutputProject/IL2CPP/libil2cpp/pch" -I"Il2CppOutputProject/IL2CPP/libil2cpp" -I"Il2CppOutputProject/IL2CPP/external/baselib/Include" -I"Il2CppOutputProject/IL2CPP/libil2cpp/os/ClassLibraryPAL/brotli/include" -I"Il2CppOutputProject/IL2CPP/external/baselib/Platforms/IOS/Include" -o "Il2CppTempDirArtifacts/Debug/artifacts/arm64/actx/dfhnw1sxry4d.o" -fcolor-diagnostics -arch arm64 -mios-version-min=11.0 -fno-strict-float-cast-overflow -c -x c "Il2CppOutputProject/Source/il2cppOutput/__Generated_CodeGen.c"
[  7/410    0s] C_iOS_arm64 Il2CppTempDirArtifacts/Debug/artifacts/arm64/actx/0m6a5afodin0.o
##### CommandLine
"/Applications/Xcode.app/Contents/Developer/Toolchains/XcodeDefault.xctoolchain/usr/bin/clang++" -Wswitch -Wno-trigraphs -Wno-tautological-compare -Wno-invalid-offsetof -Wno-implicitly-unsigned-literal -Wno-integer-overflow -Wno-shift-negative-value -Wno-unknown-attributes -Wno-implicit-function-declaration -Wno-null-conversion -Wno-missing-declarations -Wno-unused-value -Wno-pragma-once-outside-header -Wno-unknown-warning-option -Wno-undef-prefix -fvisibility=hidden -isysroot "/Applications/Xcode.app/Contents/Developer/Platforms/iPhoneOS.platform/Developer/SDKs/iPhoneOS18.2.sdk" -fexceptions -g -O0 -fno-strict-overflow -ffunction-sections -fdata-sections -fmessage-length=0 -pipe -DIL2CPP_DEBUG=1 -DHAVE_BDWGC_GC -DBASELIB_INLINE_NAMESPACE=il2cpp_baselib -DIL2CPP_MONO_DEBUGGER_DISABLED -DRUNTIME_IL2CPP -DTARGET_ARM64 -DIL2CPP_ENABLE_WRITE_BARRIERS=1 -DIL2CPP_INCREMENTAL_TIME_SLICE=3 -D_DEBUG -I"." -I"Il2CppOutputProject/Source/il2cppOutput" -I"Il2CppOutputProject/IL2CPP/libil2cpp/pch" -I"Il2CppOutputProject/IL2CPP/libil2cpp" -I"Il2CppOutputProject/IL2CPP/external/baselib/Include" -I"Il2CppOutputProject/IL2CPP/libil2cpp/os/ClassLibraryPAL/brotli/include" -I"Il2CppOutputProject/IL2CPP/external/baselib/Platforms/IOS/Include" -o "Il2CppTempDirArtifacts/Debug/artifacts/arm64/actx/0m6a5afodin0.o" -fcolor-diagnostics -arch arm64 -mios-version-min=11.0 -fno-strict-float-cast-overflow -c -x c "Il2CppOutputProject/Source/il2cppOutput/UnityEngine.TextCoreFontEngineModule_CodeGen.c"
[  8/410    0s] C_iOS_arm64 Il2CppTempDirArtifacts/Debug/artifacts/arm64/actx/3vzczdul5bbh.o
##### CommandLine
"/Applications/Xcode.app/Contents/Developer/Toolchains/XcodeDefault.xctoolchain/usr/bin/clang++" -Wswitch -Wno-trigraphs -Wno-tautological-compare -Wno-invalid-offsetof -Wno-implicitly-unsigned-literal -Wno-integer-overflow -Wno-shift-negative-value -Wno-unknown-attributes -Wno-implicit-function-declaration -Wno-null-conversion -Wno-missing-declarations -Wno-unused-value -Wno-pragma-once-outside-header -Wno-unknown-warning-option -Wno-undef-prefix -fvisibility=hidden -isysroot "/Applications/Xcode.app/Contents/Developer/Platforms/iPhoneOS.platform/Developer/SDKs/iPhoneOS18.2.sdk" -fexceptions -g -O0 -fno-strict-overflow -ffunction-sections -fdata-sections -fmessage-length=0 -pipe -DIL2CPP_DEBUG=1 -DHAVE_BDWGC_GC -DBASELIB_INLINE_NAMESPACE=il2cpp_baselib -DIL2CPP_MONO_DEBUGGER_DISABLED -DRUNTIME_IL2CPP -DTARGET_ARM64 -DIL2CPP_ENABLE_WRITE_BARRIERS=1 -DIL2CPP_INCREMENTAL_TIME_SLICE=3 -D_DEBUG -I"." -I"Il2CppOutputProject/Source/il2cppOutput" -I"Il2CppOutputProject/IL2CPP/libil2cpp/pch" -I"Il2CppOutputProject/IL2CPP/libil2cpp" -I"Il2CppOutputProject/IL2CPP/external/baselib/Include" -I"Il2CppOutputProject/IL2CPP/libil2cpp/os/ClassLibraryPAL/brotli/include" -I"Il2CppOutputProject/IL2CPP/external/baselib/Platforms/IOS/Include" -o "Il2CppTempDirArtifacts/Debug/artifacts/arm64/actx/3vzczdul5bbh.o" -fcolor-diagnostics -arch arm64 -mios-version-min=11.0 -fno-strict-float-cast-overflow -c -x c "Il2CppOutputProject/Source/il2cppOutput/UnityEngine.UIModule_CodeGen.c"
[  9/410    0s] C_iOS_arm64 Il2CppTempDirArtifacts/Debug/artifacts/arm64/actx/e7akquosftmo.o
##### CommandLine
"/Applications/Xcode.app/Contents/Developer/Toolchains/XcodeDefault.xctoolchain/usr/bin/clang++" -Wswitch -Wno-trigraphs -Wno-tautological-compare -Wno-invalid-offsetof -Wno-implicitly-unsigned-literal -Wno-integer-overflow -Wno-shift-negative-value -Wno-unknown-attributes -Wno-implicit-function-declaration -Wno-null-conversion -Wno-missing-declarations -Wno-unused-value -Wno-pragma-once-outside-header -Wno-unknown-warning-option -Wno-undef-prefix -fvisibility=hidden -isysroot "/Applications/Xcode.app/Contents/Developer/Platforms/iPhoneOS.platform/Developer/SDKs/iPhoneOS18.2.sdk" -fexceptions -g -O0 -fno-strict-overflow -ffunction-sections -fdata-sections -fmessage-length=0 -pipe -DIL2CPP_DEBUG=1 -DHAVE_BDWGC_GC -DBASELIB_INLINE_NAMESPACE=il2cpp_baselib -DIL2CPP_MONO_DEBUGGER_DISABLED -DRUNTIME_IL2CPP -DTARGET_ARM64 -DIL2CPP_ENABLE_WRITE_BARRIERS=1 -DIL2CPP_INCREMENTAL_TIME_SLICE=3 -D_DEBUG -I"." -I"Il2CppOutputProject/Source/il2cppOutput" -I"Il2CppOutputProject/IL2CPP/libil2cpp/pch" -I"Il2CppOutputProject/IL2CPP/libil2cpp" -I"Il2CppOutputProject/IL2CPP/external/baselib/Include" -I"Il2CppOutputProject/IL2CPP/libil2cpp/os/ClassLibraryPAL/brotli/include" -I"Il2CppOutputProject/IL2CPP/external/baselib/Platforms/IOS/Include" -o "Il2CppTempDirArtifacts/Debug/artifacts/arm64/actx/e7akquosftmo.o" -fcolor-diagnostics -arch arm64 -mios-version-min=11.0 -fno-strict-float-cast-overflow -c -x c "Il2CppOutputProject/Source/il2cppOutput/UnityEngine.TextCoreTextEngineModule_CodeGen.c"
[ 10/410    0s] C_iOS_arm64 Il2CppTempDirArtifacts/Debug/artifacts/arm64/actx/nkxrbefawh45.o
##### CommandLine
"/Applications/Xcode.app/Contents/Developer/Toolchains/XcodeDefault.xctoolchain/usr/bin/clang++" -Wswitch -Wno-trigraphs -Wno-tautological-compare -Wno-invalid-offsetof -Wno-implicitly-unsigned-literal -Wno-integer-overflow -Wno-shift-negative-value -Wno-unknown-attributes -Wno-implicit-function-declaration -Wno-null-conversion -Wno-missing-declarations -Wno-unused-value -Wno-pragma-once-outside-header -Wno-unknown-warning-option -Wno-undef-prefix -fvisibility=hidden -isysroot "/Applications/Xcode.app/Contents/Developer/Platforms/iPhoneOS.platform/Developer/SDKs/iPhoneOS18.2.sdk" -fexceptions -g -O0 -fno-strict-overflow -ffunction-sections -fdata-sections -fmessage-length=0 -pipe -DIL2CPP_DEBUG=1 -DHAVE_BDWGC_GC -DBASELIB_INLINE_NAMESPACE=il2cpp_baselib -DIL2CPP_MONO_DEBUGGER_DISABLED -DRUNTIME_IL2CPP -DTARGET_ARM64 -DIL2CPP_ENABLE_WRITE_BARRIERS=1 -DIL2CPP_INCREMENTAL_TIME_SLICE=3 -D_DEBUG -I"." -I"Il2CppOutputProject/Source/il2cppOutput" -I"Il2CppOutputProject/IL2CPP/libil2cpp/pch" -I"Il2CppOutputProject/IL2CPP/libil2cpp" -I"Il2CppOutputProject/IL2CPP/external/baselib/Include" -I"Il2CppOutputProject/IL2CPP/libil2cpp/os/ClassLibraryPAL/brotli/include" -I"Il2CppOutputProject/IL2CPP/external/baselib/Platforms/IOS/Include" -o "Il2CppTempDirArtifacts/Debug/artifacts/arm64/actx/nkxrbefawh45.o" -fcolor-diagnostics -arch arm64 -mios-version-min=11.0 -fno-strict-float-cast-overflow -c -x c "Il2CppOutputProject/Source/il2cppOutput/UnityEngine.UI_CodeGen.c"
[ 11/410    0s] C_iOS_arm64 Il2CppTempDirArtifacts/Debug/artifacts/arm64/actx/slwopd8k0awa.o
##### CommandLine
"/Applications/Xcode.app/Contents/Developer/Toolchains/XcodeDefault.xctoolchain/usr/bin/clang++" -Wswitch -Wno-trigraphs -Wno-tautological-compare -Wno-invalid-offsetof -Wno-implicitly-unsigned-literal -Wno-integer-overflow -Wno-shift-negative-value -Wno-unknown-attributes -Wno-implicit-function-declaration -Wno-null-conversion -Wno-missing-declarations -Wno-unused-value -Wno-pragma-once-outside-header -Wno-unknown-warning-option -Wno-undef-prefix -fvisibility=hidden -isysroot "/Applications/Xcode.app/Contents/Developer/Platforms/iPhoneOS.platform/Developer/SDKs/iPhoneOS18.2.sdk" -fexceptions -g -O0 -fno-strict-overflow -ffunction-sections -fdata-sections -fmessage-length=0 -pipe -DIL2CPP_DEBUG=1 -DHAVE_BDWGC_GC -DBASELIB_INLINE_NAMESPACE=il2cpp_baselib -DIL2CPP_MONO_DEBUGGER_DISABLED -DRUNTIME_IL2CPP -DTARGET_ARM64 -DIL2CPP_ENABLE_WRITE_BARRIERS=1 -DIL2CPP_INCREMENTAL_TIME_SLICE=3 -D_DEBUG -I"." -I"Il2CppOutputProject/Source/il2cppOutput" -I"Il2CppOutputProject/IL2CPP/libil2cpp/pch" -I"Il2CppOutputProject/IL2CPP/libil2cpp" -I"Il2CppOutputProject/IL2CPP/external/baselib/Include" -I"Il2CppOutputProject/IL2CPP/libil2cpp/os/ClassLibraryPAL/brotli/include" -I"Il2CppOutputProject/IL2CPP/external/baselib/Platforms/IOS/Include" -o "Il2CppTempDirArtifacts/Debug/artifacts/arm64/actx/slwopd8k0awa.o" -fcolor-diagnostics -arch arm64 -mios-version-min=11.0 -fno-strict-float-cast-overflow -c -x c "Il2CppOutputProject/Source/il2cppOutput/UnityEngine.SpriteMaskModule_CodeGen.c"
[ 12/410    0s] C_iOS_arm64 Il2CppTempDirArtifacts/Debug/artifacts/arm64/actx/f3vmuhpu8fmg.o
##### CommandLine
"/Applications/Xcode.app/Contents/Developer/Toolchains/XcodeDefault.xctoolchain/usr/bin/clang++" -Wswitch -Wno-trigraphs -Wno-tautological-compare -Wno-invalid-offsetof -Wno-implicitly-unsigned-literal -Wno-integer-overflow -Wno-shift-negative-value -Wno-unknown-attributes -Wno-implicit-function-declaration -Wno-null-conversion -Wno-missing-declarations -Wno-unused-value -Wno-pragma-once-outside-header -Wno-unknown-warning-option -Wno-undef-prefix -fvisibility=hidden -isysroot "/Applications/Xcode.app/Contents/Developer/Platforms/iPhoneOS.platform/Developer/SDKs/iPhoneOS18.2.sdk" -fexceptions -g -O0 -fno-strict-overflow -ffunction-sections -fdata-sections -fmessage-length=0 -pipe -DIL2CPP_DEBUG=1 -DHAVE_BDWGC_GC -DBASELIB_INLINE_NAMESPACE=il2cpp_baselib -DIL2CPP_MONO_DEBUGGER_DISABLED -DRUNTIME_IL2CPP -DTARGET_ARM64 -DIL2CPP_ENABLE_WRITE_BARRIERS=1 -DIL2CPP_INCREMENTAL_TIME_SLICE=3 -D_DEBUG -I"." -I"Il2CppOutputProject/Source/il2cppOutput" -I"Il2CppOutputProject/IL2CPP/libil2cpp/pch" -I"Il2CppOutputProject/IL2CPP/libil2cpp" -I"Il2CppOutputProject/IL2CPP/external/baselib/Include" -I"Il2CppOutputProject/IL2CPP/libil2cpp/os/ClassLibraryPAL/brotli/include" -I"Il2CppOutputProject/IL2CPP/external/baselib/Platforms/IOS/Include" -o "Il2CppTempDirArtifacts/Debug/artifacts/arm64/actx/f3vmuhpu8fmg.o" -fcolor-diagnostics -arch arm64 -mios-version-min=11.0 -fno-strict-float-cast-overflow -c -x c "Il2CppOutputProject/Source/il2cppOutput/UnityEngine.SpriteShapeModule_CodeGen.c"
[ 13/410    0s] C_iOS_arm64 Il2CppTempDirArtifacts/Debug/artifacts/arm64/actx/8uzw0sp6pv7a.o
##### CommandLine
"/Applications/Xcode.app/Contents/Developer/Toolchains/XcodeDefault.xctoolchain/usr/bin/clang++" -Wswitch -Wno-trigraphs -Wno-tautological-compare -Wno-invalid-offsetof -Wno-implicitly-unsigned-literal -Wno-integer-overflow -Wno-shift-negative-value -Wno-unknown-attributes -Wno-implicit-function-declaration -Wno-null-conversion -Wno-missing-declarations -Wno-unused-value -Wno-pragma-once-outside-header -Wno-unknown-warning-option -Wno-undef-prefix -fvisibility=hidden -isysroot "/Applications/Xcode.app/Contents/Developer/Platforms/iPhoneOS.platform/Developer/SDKs/iPhoneOS18.2.sdk" -fexceptions -g -O0 -fno-strict-overflow -ffunction-sections -fdata-sections -fmessage-length=0 -pipe -DIL2CPP_DEBUG=1 -DHAVE_BDWGC_GC -DBASELIB_INLINE_NAMESPACE=il2cpp_baselib -DIL2CPP_MONO_DEBUGGER_DISABLED -DRUNTIME_IL2CPP -DTARGET_ARM64 -DIL2CPP_ENABLE_WRITE_BARRIERS=1 -DIL2CPP_INCREMENTAL_TIME_SLICE=3 -D_DEBUG -I"." -I"Il2CppOutputProject/Source/il2cppOutput" -I"Il2CppOutputProject/IL2CPP/libil2cpp/pch" -I"Il2CppOutputProject/IL2CPP/libil2cpp" -I"Il2CppOutputProject/IL2CPP/external/baselib/Include" -I"Il2CppOutputProject/IL2CPP/libil2cpp/os/ClassLibraryPAL/brotli/include" -I"Il2CppOutputProject/IL2CPP/external/baselib/Platforms/IOS/Include" -o "Il2CppTempDirArtifacts/Debug/artifacts/arm64/actx/8uzw0sp6pv7a.o" -fcolor-diagnostics -arch arm64 -mios-version-min=11.0 -fno-strict-float-cast-overflow -c -x c "Il2CppOutputProject/Source/il2cppOutput/UnityEngine.TerrainModule_CodeGen.c"
[ 14/410    0s] C_iOS_arm64 Il2CppTempDirArtifacts/Debug/artifacts/arm64/actx/sd5hoerd2ad5.o
##### CommandLine
"/Applications/Xcode.app/Contents/Developer/Toolchains/XcodeDefault.xctoolchain/usr/bin/clang++" -Wswitch -Wno-trigraphs -Wno-tautological-compare -Wno-invalid-offsetof -Wno-implicitly-unsigned-literal -Wno-integer-overflow -Wno-shift-negative-value -Wno-unknown-attributes -Wno-implicit-function-declaration -Wno-null-conversion -Wno-missing-declarations -Wno-unused-value -Wno-pragma-once-outside-header -Wno-unknown-warning-option -Wno-undef-prefix -fvisibility=hidden -isysroot "/Applications/Xcode.app/Contents/Developer/Platforms/iPhoneOS.platform/Developer/SDKs/iPhoneOS18.2.sdk" -fexceptions -g -O0 -fno-strict-overflow -ffunction-sections -fdata-sections -fmessage-length=0 -pipe -DIL2CPP_DEBUG=1 -DHAVE_BDWGC_GC -DBASELIB_INLINE_NAMESPACE=il2cpp_baselib -DIL2CPP_MONO_DEBUGGER_DISABLED -DRUNTIME_IL2CPP -DTARGET_ARM64 -DIL2CPP_ENABLE_WRITE_BARRIERS=1 -DIL2CPP_INCREMENTAL_TIME_SLICE=3 -D_DEBUG -I"." -I"Il2CppOutputProject/Source/il2cppOutput" -I"Il2CppOutputProject/IL2CPP/libil2cpp/pch" -I"Il2CppOutputProject/IL2CPP/libil2cpp" -I"Il2CppOutputProject/IL2CPP/external/baselib/Include" -I"Il2CppOutputProject/IL2CPP/libil2cpp/os/ClassLibraryPAL/brotli/include" -I"Il2CppOutputProject/IL2CPP/external/baselib/Platforms/IOS/Include" -o "Il2CppTempDirArtifacts/Debug/artifacts/arm64/actx/sd5hoerd2ad5.o" -fcolor-diagnostics -arch arm64 -mios-version-min=11.0 -fno-strict-float-cast-overflow -c -x c "Il2CppOutputProject/Source/il2cppOutput/UnityEngine.SharedInternalsModule_CodeGen.c"
[ 15/410    0s] C_iOS_arm64 Il2CppTempDirArtifacts/Debug/artifacts/arm64/actx/xi0223omvdp4.o
##### CommandLine
"/Applications/Xcode.app/Contents/Developer/Toolchains/XcodeDefault.xctoolchain/usr/bin/clang++" -Wswitch -Wno-trigraphs -Wno-tautological-compare -Wno-invalid-offsetof -Wno-implicitly-unsigned-literal -Wno-integer-overflow -Wno-shift-negative-value -Wno-unknown-attributes -Wno-implicit-function-declaration -Wno-null-conversion -Wno-missing-declarations -Wno-unused-value -Wno-pragma-once-outside-header -Wno-unknown-warning-option -Wno-undef-prefix -fvisibility=hidden -isysroot "/Applications/Xcode.app/Contents/Developer/Platforms/iPhoneOS.platform/Developer/SDKs/iPhoneOS18.2.sdk" -fexceptions -g -O0 -fno-strict-overflow -ffunction-sections -fdata-sections -fmessage-length=0 -pipe -DIL2CPP_DEBUG=1 -DHAVE_BDWGC_GC -DBASELIB_INLINE_NAMESPACE=il2cpp_baselib -DIL2CPP_MONO_DEBUGGER_DISABLED -DRUNTIME_IL2CPP -DTARGET_ARM64 -DIL2CPP_ENABLE_WRITE_BARRIERS=1 -DIL2CPP_INCREMENTAL_TIME_SLICE=3 -D_DEBUG -I"." -I"Il2CppOutputProject/Source/il2cppOutput" -I"Il2CppOutputProject/IL2CPP/libil2cpp/pch" -I"Il2CppOutputProject/IL2CPP/libil2cpp" -I"Il2CppOutputProject/IL2CPP/external/baselib/Include" -I"Il2CppOutputProject/IL2CPP/libil2cpp/os/ClassLibraryPAL/brotli/include" -I"Il2CppOutputProject/IL2CPP/external/baselib/Platforms/IOS/Include" -o "Il2CppTempDirArtifacts/Debug/artifacts/arm64/actx/xi0223omvdp4.o" -fcolor-diagnostics -arch arm64 -mios-version-min=11.0 -fno-strict-float-cast-overflow -c -x c "Il2CppOutputProject/Source/il2cppOutput/UnityEngine.RenderAs2DModule_CodeGen.c"
[ 16/410    0s] C_iOS_arm64 Il2CppTempDirArtifacts/Debug/artifacts/arm64/actx/il9or5p5trts.o
##### CommandLine
"/Applications/Xcode.app/Contents/Developer/Toolchains/XcodeDefault.xctoolchain/usr/bin/clang++" -Wswitch -Wno-trigraphs -Wno-tautological-compare -Wno-invalid-offsetof -Wno-implicitly-unsigned-literal -Wno-integer-overflow -Wno-shift-negative-value -Wno-unknown-attributes -Wno-implicit-function-declaration -Wno-null-conversion -Wno-missing-declarations -Wno-unused-value -Wno-pragma-once-outside-header -Wno-unknown-warning-option -Wno-undef-prefix -fvisibility=hidden -isysroot "/Applications/Xcode.app/Contents/Developer/Platforms/iPhoneOS.platform/Developer/SDKs/iPhoneOS18.2.sdk" -fexceptions -g -O0 -fno-strict-overflow -ffunction-sections -fdata-sections -fmessage-length=0 -pipe -DIL2CPP_DEBUG=1 -DHAVE_BDWGC_GC -DBASELIB_INLINE_NAMESPACE=il2cpp_baselib -DIL2CPP_MONO_DEBUGGER_DISABLED -DRUNTIME_IL2CPP -DTARGET_ARM64 -DIL2CPP_ENABLE_WRITE_BARRIERS=1 -DIL2CPP_INCREMENTAL_TIME_SLICE=3 -D_DEBUG -I"." -I"Il2CppOutputProject/Source/il2cppOutput" -I"Il2CppOutputProject/IL2CPP/libil2cpp/pch" -I"Il2CppOutputProject/IL2CPP/libil2cpp" -I"Il2CppOutputProject/IL2CPP/external/baselib/Include" -I"Il2CppOutputProject/IL2CPP/libil2cpp/os/ClassLibraryPAL/brotli/include" -I"Il2CppOutputProject/IL2CPP/external/baselib/Platforms/IOS/Include" -o "Il2CppTempDirArtifacts/Debug/artifacts/arm64/actx/il9or5p5trts.o" -fcolor-diagnostics -arch arm64 -mios-version-min=11.0 -fno-strict-float-cast-overflow -c -x c "Il2CppOutputProject/Source/il2cppOutput/UnityEngine.ScriptingModule_CodeGen.c"
[ 17/410    0s] C_iOS_arm64 Il2CppTempDirArtifacts/Debug/artifacts/arm64/actx/ei9of60aj7c9.o
##### CommandLine
"/Applications/Xcode.app/Contents/Developer/Toolchains/XcodeDefault.xctoolchain/usr/bin/clang++" -Wswitch -Wno-trigraphs -Wno-tautological-compare -Wno-invalid-offsetof -Wno-implicitly-unsigned-literal -Wno-integer-overflow -Wno-shift-negative-value -Wno-unknown-attributes -Wno-implicit-function-declaration -Wno-null-conversion -Wno-missing-declarations -Wno-unused-value -Wno-pragma-once-outside-header -Wno-unknown-warning-option -Wno-undef-prefix -fvisibility=hidden -isysroot "/Applications/Xcode.app/Contents/Developer/Platforms/iPhoneOS.platform/Developer/SDKs/iPhoneOS18.2.sdk" -fexceptions -g -O0 -fno-strict-overflow -ffunction-sections -fdata-sections -fmessage-length=0 -pipe -DIL2CPP_DEBUG=1 -DHAVE_BDWGC_GC -DBASELIB_INLINE_NAMESPACE=il2cpp_baselib -DIL2CPP_MONO_DEBUGGER_DISABLED -DRUNTIME_IL2CPP -DTARGET_ARM64 -DIL2CPP_ENABLE_WRITE_BARRIERS=1 -DIL2CPP_INCREMENTAL_TIME_SLICE=3 -D_DEBUG -I"." -I"Il2CppOutputProject/Source/il2cppOutput" -I"Il2CppOutputProject/IL2CPP/libil2cpp/pch" -I"Il2CppOutputProject/IL2CPP/libil2cpp" -I"Il2CppOutputProject/IL2CPP/external/baselib/Include" -I"Il2CppOutputProject/IL2CPP/libil2cpp/os/ClassLibraryPAL/brotli/include" -I"Il2CppOutputProject/IL2CPP/external/baselib/Platforms/IOS/Include" -o "Il2CppTempDirArtifacts/Debug/artifacts/arm64/actx/ei9of60aj7c9.o" -fcolor-diagnostics -arch arm64 -mios-version-min=11.0 -fno-strict-float-cast-overflow -c -x c "Il2CppOutputProject/Source/il2cppOutput/UnityEngine.PhysicsModule_CodeGen.c"
[ 18/410    0s] C_iOS_arm64 Il2CppTempDirArtifacts/Debug/artifacts/arm64/actx/ul44gf28shyc.o
##### CommandLine
"/Applications/Xcode.app/Contents/Developer/Toolchains/XcodeDefault.xctoolchain/usr/bin/clang++" -Wswitch -Wno-trigraphs -Wno-tautological-compare -Wno-invalid-offsetof -Wno-implicitly-unsigned-literal -Wno-integer-overflow -Wno-shift-negative-value -Wno-unknown-attributes -Wno-implicit-function-declaration -Wno-null-conversion -Wno-missing-declarations -Wno-unused-value -Wno-pragma-once-outside-header -Wno-unknown-warning-option -Wno-undef-prefix -fvisibility=hidden -isysroot "/Applications/Xcode.app/Contents/Developer/Platforms/iPhoneOS.platform/Developer/SDKs/iPhoneOS18.2.sdk" -fexceptions -g -O0 -fno-strict-overflow -ffunction-sections -fdata-sections -fmessage-length=0 -pipe -DIL2CPP_DEBUG=1 -DHAVE_BDWGC_GC -DBASELIB_INLINE_NAMESPACE=il2cpp_baselib -DIL2CPP_MONO_DEBUGGER_DISABLED -DRUNTIME_IL2CPP -DTARGET_ARM64 -DIL2CPP_ENABLE_WRITE_BARRIERS=1 -DIL2CPP_INCREMENTAL_TIME_SLICE=3 -D_DEBUG -I"." -I"Il2CppOutputProject/Source/il2cppOutput" -I"Il2CppOutputProject/IL2CPP/libil2cpp/pch" -I"Il2CppOutputProject/IL2CPP/libil2cpp" -I"Il2CppOutputProject/IL2CPP/external/baselib/Include" -I"Il2CppOutputProject/IL2CPP/libil2cpp/os/ClassLibraryPAL/brotli/include" -I"Il2CppOutputProject/IL2CPP/external/baselib/Platforms/IOS/Include" -o "Il2CppTempDirArtifacts/Debug/artifacts/arm64/actx/ul44gf28shyc.o" -fcolor-diagnostics -arch arm64 -mios-version-min=11.0 -fno-strict-float-cast-overflow -c -x c "Il2CppOutputProject/Source/il2cppOutput/UnityEngine.PropertiesModule_CodeGen.c"
[ 19/410    0s] C_iOS_arm64 Il2CppTempDirArtifacts/Debug/artifacts/arm64/actx/m1tfib96xuzv.o
##### CommandLine
"/Applications/Xcode.app/Contents/Developer/Toolchains/XcodeDefault.xctoolchain/usr/bin/clang++" -Wswitch -Wno-trigraphs -Wno-tautological-compare -Wno-invalid-offsetof -Wno-implicitly-unsigned-literal -Wno-integer-overflow -Wno-shift-negative-value -Wno-unknown-attributes -Wno-implicit-function-declaration -Wno-null-conversion -Wno-missing-declarations -Wno-unused-value -Wno-pragma-once-outside-header -Wno-unknown-warning-option -Wno-undef-prefix -fvisibility=hidden -isysroot "/Applications/Xcode.app/Contents/Developer/Platforms/iPhoneOS.platform/Developer/SDKs/iPhoneOS18.2.sdk" -fexceptions -g -O0 -fno-strict-overflow -ffunction-sections -fdata-sections -fmessage-length=0 -pipe -DIL2CPP_DEBUG=1 -DHAVE_BDWGC_GC -DBASELIB_INLINE_NAMESPACE=il2cpp_baselib -DIL2CPP_MONO_DEBUGGER_DISABLED -DRUNTIME_IL2CPP -DTARGET_ARM64 -DIL2CPP_ENABLE_WRITE_BARRIERS=1 -DIL2CPP_INCREMENTAL_TIME_SLICE=3 -D_DEBUG -I"." -I"Il2CppOutputProject/Source/il2cppOutput" -I"Il2CppOutputProject/IL2CPP/libil2cpp/pch" -I"Il2CppOutputProject/IL2CPP/libil2cpp" -I"Il2CppOutputProject/IL2CPP/external/baselib/Include" -I"Il2CppOutputProject/IL2CPP/libil2cpp/os/ClassLibraryPAL/brotli/include" -I"Il2CppOutputProject/IL2CPP/external/baselib/Platforms/IOS/Include" -o "Il2CppTempDirArtifacts/Debug/artifacts/arm64/actx/m1tfib96xuzv.o" -fcolor-diagnostics -arch arm64 -mios-version-min=11.0 -fno-strict-float-cast-overflow -c -x c "Il2CppOutputProject/Source/il2cppOutput/UnityEngine.UIElementsModule_CodeGen.c"
[ 20/410    0s] C_iOS_arm64 Il2CppTempDirArtifacts/Debug/artifacts/arm64/actx/w2s5qcd3xokf.o
##### CommandLine
"/Applications/Xcode.app/Contents/Developer/Toolchains/XcodeDefault.xctoolchain/usr/bin/clang++" -Wswitch -Wno-trigraphs -Wno-tautological-compare -Wno-invalid-offsetof -Wno-implicitly-unsigned-literal -Wno-integer-overflow -Wno-shift-negative-value -Wno-unknown-attributes -Wno-implicit-function-declaration -Wno-null-conversion -Wno-missing-declarations -Wno-unused-value -Wno-pragma-once-outside-header -Wno-unknown-warning-option -Wno-undef-prefix -fvisibility=hidden -isysroot "/Applications/Xcode.app/Contents/Developer/Platforms/iPhoneOS.platform/Developer/SDKs/iPhoneOS18.2.sdk" -fexceptions -g -O0 -fno-strict-overflow -ffunction-sections -fdata-sections -fmessage-length=0 -pipe -DIL2CPP_DEBUG=1 -DHAVE_BDWGC_GC -DBASELIB_INLINE_NAMESPACE=il2cpp_baselib -DIL2CPP_MONO_DEBUGGER_DISABLED -DRUNTIME_IL2CPP -DTARGET_ARM64 -DIL2CPP_ENABLE_WRITE_BARRIERS=1 -DIL2CPP_INCREMENTAL_TIME_SLICE=3 -D_DEBUG -I"." -I"Il2CppOutputProject/Source/il2cppOutput" -I"Il2CppOutputProject/IL2CPP/libil2cpp/pch" -I"Il2CppOutputProject/IL2CPP/libil2cpp" -I"Il2CppOutputProject/IL2CPP/external/baselib/Include" -I"Il2CppOutputProject/IL2CPP/libil2cpp/os/ClassLibraryPAL/brotli/include" -I"Il2CppOutputProject/IL2CPP/external/baselib/Platforms/IOS/Include" -o "Il2CppTempDirArtifacts/Debug/artifacts/arm64/actx/w2s5qcd3xokf.o" -fcolor-diagnostics -arch arm64 -mios-version-min=11.0 -fno-strict-float-cast-overflow -c -x c "Il2CppOutputProject/Source/il2cppOutput/UnityEngine.Physics2DModule_CodeGen.c"
[ 21/410    0s] C_iOS_arm64 Il2CppTempDirArtifacts/Debug/artifacts/arm64/actx/5n0xl1n8wm2w.o
##### CommandLine
"/Applications/Xcode.app/Contents/Developer/Toolchains/XcodeDefault.xctoolchain/usr/bin/clang++" -Wswitch -Wno-trigraphs -Wno-tautological-compare -Wno-invalid-offsetof -Wno-implicitly-unsigned-literal -Wno-integer-overflow -Wno-shift-negative-value -Wno-unknown-attributes -Wno-implicit-function-declaration -Wno-null-conversion -Wno-missing-declarations -Wno-unused-value -Wno-pragma-once-outside-header -Wno-unknown-warning-option -Wno-undef-prefix -fvisibility=hidden -isysroot "/Applications/Xcode.app/Contents/Developer/Platforms/iPhoneOS.platform/Developer/SDKs/iPhoneOS18.2.sdk" -fexceptions -g -O0 -fno-strict-overflow -ffunction-sections -fdata-sections -fmessage-length=0 -pipe -DIL2CPP_DEBUG=1 -DHAVE_BDWGC_GC -DBASELIB_INLINE_NAMESPACE=il2cpp_baselib -DIL2CPP_MONO_DEBUGGER_DISABLED -DRUNTIME_IL2CPP -DTARGET_ARM64 -DIL2CPP_ENABLE_WRITE_BARRIERS=1 -DIL2CPP_INCREMENTAL_TIME_SLICE=3 -D_DEBUG -I"." -I"Il2CppOutputProject/Source/il2cppOutput" -I"Il2CppOutputProject/IL2CPP/libil2cpp/pch" -I"Il2CppOutputProject/IL2CPP/libil2cpp" -I"Il2CppOutputProject/IL2CPP/external/baselib/Include" -I"Il2CppOutputProject/IL2CPP/libil2cpp/os/ClassLibraryPAL/brotli/include" -I"Il2CppOutputProject/IL2CPP/external/baselib/Platforms/IOS/Include" -o "Il2CppTempDirArtifacts/Debug/artifacts/arm64/actx/5n0xl1n8wm2w.o" -fcolor-diagnostics -arch arm64 -mios-version-min=11.0 -fno-strict-float-cast-overflow -c -x c "Il2CppOutputProject/Source/il2cppOutput/UnityEngine.MathematicsModule_CodeGen.c"
[ 22/410    0s] C_iOS_arm64 Il2CppTempDirArtifacts/Debug/artifacts/arm64/actx/fyf4raelekis.o
##### CommandLine
"/Applications/Xcode.app/Contents/Developer/Toolchains/XcodeDefault.xctoolchain/usr/bin/clang++" -Wswitch -Wno-trigraphs -Wno-tautological-compare -Wno-invalid-offsetof -Wno-implicitly-unsigned-literal -Wno-integer-overflow -Wno-shift-negative-value -Wno-unknown-attributes -Wno-implicit-function-declaration -Wno-null-conversion -Wno-missing-declarations -Wno-unused-value -Wno-pragma-once-outside-header -Wno-unknown-warning-option -Wno-undef-prefix -fvisibility=hidden -isysroot "/Applications/Xcode.app/Contents/Developer/Platforms/iPhoneOS.platform/Developer/SDKs/iPhoneOS18.2.sdk" -fexceptions -g -O0 -fno-strict-overflow -ffunction-sections -fdata-sections -fmessage-length=0 -pipe -DIL2CPP_DEBUG=1 -DHAVE_BDWGC_GC -DBASELIB_INLINE_NAMESPACE=il2cpp_baselib -DIL2CPP_MONO_DEBUGGER_DISABLED -DRUNTIME_IL2CPP -DTARGET_ARM64 -DIL2CPP_ENABLE_WRITE_BARRIERS=1 -DIL2CPP_INCREMENTAL_TIME_SLICE=3 -D_DEBUG -I"." -I"Il2CppOutputProject/Source/il2cppOutput" -I"Il2CppOutputProject/IL2CPP/libil2cpp/pch" -I"Il2CppOutputProject/IL2CPP/libil2cpp" -I"Il2CppOutputProject/IL2CPP/external/baselib/Include" -I"Il2CppOutputProject/IL2CPP/libil2cpp/os/ClassLibraryPAL/brotli/include" -I"Il2CppOutputProject/IL2CPP/external/baselib/Platforms/IOS/Include" -o "Il2CppTempDirArtifacts/Debug/artifacts/arm64/actx/fyf4raelekis.o" -fcolor-diagnostics -arch arm64 -mios-version-min=11.0 -fno-strict-float-cast-overflow -c -x c "Il2CppOutputProject/Source/il2cppOutput/UnityEngine.PhysicsCore2DModule_CodeGen.c"
[ 23/410    0s] C_iOS_arm64 Il2CppTempDirArtifacts/Debug/artifacts/arm64/actx/73gz4zcjmexy.o
##### CommandLine
"/Applications/Xcode.app/Contents/Developer/Toolchains/XcodeDefault.xctoolchain/usr/bin/clang++" -Wswitch -Wno-trigraphs -Wno-tautological-compare -Wno-invalid-offsetof -Wno-implicitly-unsigned-literal -Wno-integer-overflow -Wno-shift-negative-value -Wno-unknown-attributes -Wno-implicit-function-declaration -Wno-null-conversion -Wno-missing-declarations -Wno-unused-value -Wno-pragma-once-outside-header -Wno-unknown-warning-option -Wno-undef-prefix -fvisibility=hidden -isysroot "/Applications/Xcode.app/Contents/Developer/Platforms/iPhoneOS.platform/Developer/SDKs/iPhoneOS18.2.sdk" -fexceptions -g -O0 -fno-strict-overflow -ffunction-sections -fdata-sections -fmessage-length=0 -pipe -DIL2CPP_DEBUG=1 -DHAVE_BDWGC_GC -DBASELIB_INLINE_NAMESPACE=il2cpp_baselib -DIL2CPP_MONO_DEBUGGER_DISABLED -DRUNTIME_IL2CPP -DTARGET_ARM64 -DIL2CPP_ENABLE_WRITE_BARRIERS=1 -DIL2CPP_INCREMENTAL_TIME_SLICE=3 -D_DEBUG -I"." -I"Il2CppOutputProject/Source/il2cppOutput" -I"Il2CppOutputProject/IL2CPP/libil2cpp/pch" -I"Il2CppOutputProject/IL2CPP/libil2cpp" -I"Il2CppOutputProject/IL2CPP/external/baselib/Include" -I"Il2CppOutputProject/IL2CPP/libil2cpp/os/ClassLibraryPAL/brotli/include" -I"Il2CppOutputProject/IL2CPP/external/baselib/Platforms/IOS/Include" -o "Il2CppTempDirArtifacts/Debug/artifacts/arm64/actx/73gz4zcjmexy.o" -fcolor-diagnostics -arch arm64 -mios-version-min=11.0 -fno-strict-float-cast-overflow -c -x c "Il2CppOutputProject/Source/il2cppOutput/UnityEngine.JSONSerializeModule_CodeGen.c"
[ 24/410    0s] C_iOS_arm64 Il2CppTempDirArtifacts/Debug/artifacts/arm64/actx/9j8vni2p2t6j.o
##### CommandLine
"/Applications/Xcode.app/Contents/Developer/Toolchains/XcodeDefault.xctoolchain/usr/bin/clang++" -Wswitch -Wno-trigraphs -Wno-tautological-compare -Wno-invalid-offsetof -Wno-implicitly-unsigned-literal -Wno-integer-overflow -Wno-shift-negative-value -Wno-unknown-attributes -Wno-implicit-function-declaration -Wno-null-conversion -Wno-missing-declarations -Wno-unused-value -Wno-pragma-once-outside-header -Wno-unknown-warning-option -Wno-undef-prefix -fvisibility=hidden -isysroot "/Applications/Xcode.app/Contents/Developer/Platforms/iPhoneOS.platform/Developer/SDKs/iPhoneOS18.2.sdk" -fexceptions -g -O0 -fno-strict-overflow -ffunction-sections -fdata-sections -fmessage-length=0 -pipe -DIL2CPP_DEBUG=1 -DHAVE_BDWGC_GC -DBASELIB_INLINE_NAMESPACE=il2cpp_baselib -DIL2CPP_MONO_DEBUGGER_DISABLED -DRUNTIME_IL2CPP -DTARGET_ARM64 -DIL2CPP_ENABLE_WRITE_BARRIERS=1 -DIL2CPP_INCREMENTAL_TIME_SLICE=3 -D_DEBUG -I"." -I"Il2CppOutputProject/Source/il2cppOutput" -I"Il2CppOutputProject/IL2CPP/libil2cpp/pch" -I"Il2CppOutputProject/IL2CPP/libil2cpp" -I"Il2CppOutputProject/IL2CPP/external/baselib/Include" -I"Il2CppOutputProject/IL2CPP/libil2cpp/os/ClassLibraryPAL/brotli/include" -I"Il2CppOutputProject/IL2CPP/external/baselib/Platforms/IOS/Include" -o "Il2CppTempDirArtifacts/Debug/artifacts/arm64/actx/9j8vni2p2t6j.o" -fcolor-diagnostics -arch arm64 -mios-version-min=11.0 -fno-strict-float-cast-overflow -c -x c "Il2CppOutputProject/Source/il2cppOutput/UnityEngine.InputModule_CodeGen.c"
[ 25/410    0s] C_iOS_arm64 Il2CppTempDirArtifacts/Debug/artifacts/arm64/actx/edacl18a7qz2.o
##### CommandLine
"/Applications/Xcode.app/Contents/Developer/Toolchains/XcodeDefault.xctoolchain/usr/bin/clang++" -Wswitch -Wno-trigraphs -Wno-tautological-compare -Wno-invalid-offsetof -Wno-implicitly-unsigned-literal -Wno-integer-overflow -Wno-shift-negative-value -Wno-unknown-attributes -Wno-implicit-function-declaration -Wno-null-conversion -Wno-missing-declarations -Wno-unused-value -Wno-pragma-once-outside-header -Wno-unknown-warning-option -Wno-undef-prefix -fvisibility=hidden -isysroot "/Applications/Xcode.app/Contents/Developer/Platforms/iPhoneOS.platform/Developer/SDKs/iPhoneOS18.2.sdk" -fexceptions -g -O0 -fno-strict-overflow -ffunction-sections -fdata-sections -fmessage-length=0 -pipe -DIL2CPP_DEBUG=1 -DHAVE_BDWGC_GC -DBASELIB_INLINE_NAMESPACE=il2cpp_baselib -DIL2CPP_MONO_DEBUGGER_DISABLED -DRUNTIME_IL2CPP -DTARGET_ARM64 -DIL2CPP_ENABLE_WRITE_BARRIERS=1 -DIL2CPP_INCREMENTAL_TIME_SLICE=3 -D_DEBUG -I"." -I"Il2CppOutputProject/Source/il2cppOutput" -I"Il2CppOutputProject/IL2CPP/libil2cpp/pch" -I"Il2CppOutputProject/IL2CPP/libil2cpp" -I"Il2CppOutputProject/IL2CPP/external/baselib/Include" -I"Il2CppOutputProject/IL2CPP/libil2cpp/os/ClassLibraryPAL/brotli/include" -I"Il2CppOutputProject/IL2CPP/external/baselib/Platforms/IOS/Include" -o "Il2CppTempDirArtifacts/Debug/artifacts/arm64/actx/edacl18a7qz2.o" -fcolor-diagnostics -arch arm64 -mios-version-min=11.0 -fno-strict-float-cast-overflow -c -x c "Il2CppOutputProject/Source/il2cppOutput/UnityEngine.InputLegacyModule_CodeGen.c"
[ 26/410    0s] C_iOS_arm64 Il2CppTempDirArtifacts/Debug/artifacts/arm64/actx/mk9fey6kf80j.o
##### CommandLine
"/Applications/Xcode.app/Contents/Developer/Toolchains/XcodeDefault.xctoolchain/usr/bin/clang++" -Wswitch -Wno-trigraphs -Wno-tautological-compare -Wno-invalid-offsetof -Wno-implicitly-unsigned-literal -Wno-integer-overflow -Wno-shift-negative-value -Wno-unknown-attributes -Wno-implicit-function-declaration -Wno-null-conversion -Wno-missing-declarations -Wno-unused-value -Wno-pragma-once-outside-header -Wno-unknown-warning-option -Wno-undef-prefix -fvisibility=hidden -isysroot "/Applications/Xcode.app/Contents/Developer/Platforms/iPhoneOS.platform/Developer/SDKs/iPhoneOS18.2.sdk" -fexceptions -g -O0 -fno-strict-overflow -ffunction-sections -fdata-sections -fmessage-length=0 -pipe -DIL2CPP_DEBUG=1 -DHAVE_BDWGC_GC -DBASELIB_INLINE_NAMESPACE=il2cpp_baselib -DIL2CPP_MONO_DEBUGGER_DISABLED -DRUNTIME_IL2CPP -DTARGET_ARM64 -DIL2CPP_ENABLE_WRITE_BARRIERS=1 -DIL2CPP_INCREMENTAL_TIME_SLICE=3 -D_DEBUG -I"." -I"Il2CppOutputProject/Source/il2cppOutput" -I"Il2CppOutputProject/IL2CPP/libil2cpp/pch" -I"Il2CppOutputProject/IL2CPP/libil2cpp" -I"Il2CppOutputProject/IL2CPP/external/baselib/Include" -I"Il2CppOutputProject/IL2CPP/libil2cpp/os/ClassLibraryPAL/brotli/include" -I"Il2CppOutputProject/IL2CPP/external/baselib/Platforms/IOS/Include" -o "Il2CppTempDirArtifacts/Debug/artifacts/arm64/actx/mk9fey6kf80j.o" -fcolor-diagnostics -arch arm64 -mios-version-min=11.0 -fno-strict-float-cast-overflow -c -x c "Il2CppOutputProject/Source/il2cppOutput/UnityEngine.IMGUIModule_CodeGen.c"
[ 27/410    0s] C_iOS_arm64 Il2CppTempDirArtifacts/Debug/artifacts/arm64/actx/ykuhbzn11d8i.o
##### CommandLine
"/Applications/Xcode.app/Contents/Developer/Toolchains/XcodeDefault.xctoolchain/usr/bin/clang++" -Wswitch -Wno-trigraphs -Wno-tautological-compare -Wno-invalid-offsetof -Wno-implicitly-unsigned-literal -Wno-integer-overflow -Wno-shift-negative-value -Wno-unknown-attributes -Wno-implicit-function-declaration -Wno-null-conversion -Wno-missing-declarations -Wno-unused-value -Wno-pragma-once-outside-header -Wno-unknown-warning-option -Wno-undef-prefix -fvisibility=hidden -isysroot "/Applications/Xcode.app/Contents/Developer/Platforms/iPhoneOS.platform/Developer/SDKs/iPhoneOS18.2.sdk" -fexceptions -g -O0 -fno-strict-overflow -ffunction-sections -fdata-sections -fmessage-length=0 -pipe -DIL2CPP_DEBUG=1 -DHAVE_BDWGC_GC -DBASELIB_INLINE_NAMESPACE=il2cpp_baselib -DIL2CPP_MONO_DEBUGGER_DISABLED -DRUNTIME_IL2CPP -DTARGET_ARM64 -DIL2CPP_ENABLE_WRITE_BARRIERS=1 -DIL2CPP_INCREMENTAL_TIME_SLICE=3 -D_DEBUG -I"." -I"Il2CppOutputProject/Source/il2cppOutput" -I"Il2CppOutputProject/IL2CPP/libil2cpp/pch" -I"Il2CppOutputProject/IL2CPP/libil2cpp" -I"Il2CppOutputProject/IL2CPP/external/baselib/Include" -I"Il2CppOutputProject/IL2CPP/libil2cpp/os/ClassLibraryPAL/brotli/include" -I"Il2CppOutputProject/IL2CPP/external/baselib/Platforms/IOS/Include" -o "Il2CppTempDirArtifacts/Debug/artifacts/arm64/actx/ykuhbzn11d8i.o" -fcolor-diagnostics -arch arm64 -mios-version-min=11.0 -fno-strict-float-cast-overflow -c -x c "Il2CppOutputProject/Source/il2cppOutput/UnityEngine.InputForUIModule_CodeGen.c"
[ 28/410    0s] C_iOS_arm64 Il2CppTempDirArtifacts/Debug/artifacts/arm64/actx/q3cunrmscy7f.o
##### CommandLine
"/Applications/Xcode.app/Contents/Developer/Toolchains/XcodeDefault.xctoolchain/usr/bin/clang++" -Wswitch -Wno-trigraphs -Wno-tautological-compare -Wno-invalid-offsetof -Wno-implicitly-unsigned-literal -Wno-integer-overflow -Wno-shift-negative-value -Wno-unknown-attributes -Wno-implicit-function-declaration -Wno-null-conversion -Wno-missing-declarations -Wno-unused-value -Wno-pragma-once-outside-header -Wno-unknown-warning-option -Wno-undef-prefix -fvisibility=hidden -isysroot "/Applications/Xcode.app/Contents/Developer/Platforms/iPhoneOS.platform/Developer/SDKs/iPhoneOS18.2.sdk" -fexceptions -g -O0 -fno-strict-overflow -ffunction-sections -fdata-sections -fmessage-length=0 -pipe -DIL2CPP_DEBUG=1 -DHAVE_BDWGC_GC -DBASELIB_INLINE_NAMESPACE=il2cpp_baselib -DIL2CPP_MONO_DEBUGGER_DISABLED -DRUNTIME_IL2CPP -DTARGET_ARM64 -DIL2CPP_ENABLE_WRITE_BARRIERS=1 -DIL2CPP_INCREMENTAL_TIME_SLICE=3 -D_DEBUG -I"." -I"Il2CppOutputProject/Source/il2cppOutput" -I"Il2CppOutputProject/IL2CPP/libil2cpp/pch" -I"Il2CppOutputProject/IL2CPP/libil2cpp" -I"Il2CppOutputProject/IL2CPP/external/baselib/Include" -I"Il2CppOutputProject/IL2CPP/libil2cpp/os/ClassLibraryPAL/brotli/include" -I"Il2CppOutputProject/IL2CPP/external/baselib/Platforms/IOS/Include" -o "Il2CppTempDirArtifacts/Debug/artifacts/arm64/actx/q3cunrmscy7f.o" -fcolor-diagnostics -arch arm64 -mios-version-min=11.0 -fno-strict-float-cast-overflow -c -x c "Il2CppOutputProject/Source/il2cppOutput/UnityEngine.GameCenterModule_CodeGen.c"
[ 29/410    0s] C_iOS_arm64 Il2CppTempDirArtifacts/Debug/artifacts/arm64/actx/ry34eznsxop2.o
##### CommandLine
"/Applications/Xcode.app/Contents/Developer/Toolchains/XcodeDefault.xctoolchain/usr/bin/clang++" -Wswitch -Wno-trigraphs -Wno-tautological-compare -Wno-invalid-offsetof -Wno-implicitly-unsigned-literal -Wno-integer-overflow -Wno-shift-negative-value -Wno-unknown-attributes -Wno-implicit-function-declaration -Wno-null-conversion -Wno-missing-declarations -Wno-unused-value -Wno-pragma-once-outside-header -Wno-unknown-warning-option -Wno-undef-prefix -fvisibility=hidden -isysroot "/Applications/Xcode.app/Contents/Developer/Platforms/iPhoneOS.platform/Developer/SDKs/iPhoneOS18.2.sdk" -fexceptions -g -O0 -fno-strict-overflow -ffunction-sections -fdata-sections -fmessage-length=0 -pipe -DIL2CPP_DEBUG=1 -DHAVE_BDWGC_GC -DBASELIB_INLINE_NAMESPACE=il2cpp_baselib -DIL2CPP_MONO_DEBUGGER_DISABLED -DRUNTIME_IL2CPP -DTARGET_ARM64 -DIL2CPP_ENABLE_WRITE_BARRIERS=1 -DIL2CPP_INCREMENTAL_TIME_SLICE=3 -D_DEBUG -I"." -I"Il2CppOutputProject/Source/il2cppOutput" -I"Il2CppOutputProject/IL2CPP/libil2cpp/pch" -I"Il2CppOutputProject/IL2CPP/libil2cpp" -I"Il2CppOutputProject/IL2CPP/external/baselib/Include" -I"Il2CppOutputProject/IL2CPP/libil2cpp/os/ClassLibraryPAL/brotli/include" -I"Il2CppOutputProject/IL2CPP/external/baselib/Platforms/IOS/Include" -o "Il2CppTempDirArtifacts/Debug/artifacts/arm64/actx/ry34eznsxop2.o" -fcolor-diagnostics -arch arm64 -mios-version-min=11.0 -fno-strict-float-cast-overflow -c -x c "Il2CppOutputProject/Source/il2cppOutput/UnityEngine.HierarchyCoreModule_CodeGen.c"
[ 30/410    0s] C_iOS_arm64 Il2CppTempDirArtifacts/Debug/artifacts/arm64/actx/2af6t46wraca.o
##### CommandLine
"/Applications/Xcode.app/Contents/Developer/Toolchains/XcodeDefault.xctoolchain/usr/bin/clang++" -Wswitch -Wno-trigraphs -Wno-tautological-compare -Wno-invalid-offsetof -Wno-implicitly-unsigned-literal -Wno-integer-overflow -Wno-shift-negative-value -Wno-unknown-attributes -Wno-implicit-function-declaration -Wno-null-conversion -Wno-missing-declarations -Wno-unused-value -Wno-pragma-once-outside-header -Wno-unknown-warning-option -Wno-undef-prefix -fvisibility=hidden -isysroot "/Applications/Xcode.app/Contents/Developer/Platforms/iPhoneOS.platform/Developer/SDKs/iPhoneOS18.2.sdk" -fexceptions -g -O0 -fno-strict-overflow -ffunction-sections -fdata-sections -fmessage-length=0 -pipe -DIL2CPP_DEBUG=1 -DHAVE_BDWGC_GC -DBASELIB_INLINE_NAMESPACE=il2cpp_baselib -DIL2CPP_MONO_DEBUGGER_DISABLED -DRUNTIME_IL2CPP -DTARGET_ARM64 -DIL2CPP_ENABLE_WRITE_BARRIERS=1 -DIL2CPP_INCREMENTAL_TIME_SLICE=3 -D_DEBUG -I"." -I"Il2CppOutputProject/Source/il2cppOutput" -I"Il2CppOutputProject/IL2CPP/libil2cpp/pch" -I"Il2CppOutputProject/IL2CPP/libil2cpp" -I"Il2CppOutputProject/IL2CPP/external/baselib/Include" -I"Il2CppOutputProject/IL2CPP/libil2cpp/os/ClassLibraryPAL/brotli/include" -I"Il2CppOutputProject/IL2CPP/external/baselib/Platforms/IOS/Include" -o "Il2CppTempDirArtifacts/Debug/artifacts/arm64/actx/2af6t46wraca.o" -fcolor-diagnostics -arch arm64 -mios-version-min=11.0 -fno-strict-float-cast-overflow -c -x c "Il2CppOutputProject/Source/il2cppOutput/UnityEngine.ContentLoadModule_CodeGen.c"
[ 31/410    0s] C_iOS_arm64 Il2CppTempDirArtifacts/Debug/artifacts/arm64/actx/lc86l4vvurxa.o
##### CommandLine
"/Applications/Xcode.app/Contents/Developer/Toolchains/XcodeDefault.xctoolchain/usr/bin/clang++" -Wswitch -Wno-trigraphs -Wno-tautological-compare -Wno-invalid-offsetof -Wno-implicitly-unsigned-literal -Wno-integer-overflow -Wno-shift-negative-value -Wno-unknown-attributes -Wno-implicit-function-declaration -Wno-null-conversion -Wno-missing-declarations -Wno-unused-value -Wno-pragma-once-outside-header -Wno-unknown-warning-option -Wno-undef-prefix -fvisibility=hidden -isysroot "/Applications/Xcode.app/Contents/Developer/Platforms/iPhoneOS.platform/Developer/SDKs/iPhoneOS18.2.sdk" -fexceptions -g -O0 -fno-strict-overflow -ffunction-sections -fdata-sections -fmessage-length=0 -pipe -DIL2CPP_DEBUG=1 -DHAVE_BDWGC_GC -DBASELIB_INLINE_NAMESPACE=il2cpp_baselib -DIL2CPP_MONO_DEBUGGER_DISABLED -DRUNTIME_IL2CPP -DTARGET_ARM64 -DIL2CPP_ENABLE_WRITE_BARRIERS=1 -DIL2CPP_INCREMENTAL_TIME_SLICE=3 -D_DEBUG -I"." -I"Il2CppOutputProject/Source/il2cppOutput" -I"Il2CppOutputProject/IL2CPP/libil2cpp/pch" -I"Il2CppOutputProject/IL2CPP/libil2cpp" -I"Il2CppOutputProject/IL2CPP/external/baselib/Include" -I"Il2CppOutputProject/IL2CPP/libil2cpp/os/ClassLibraryPAL/brotli/include" -I"Il2CppOutputProject/IL2CPP/external/baselib/Platforms/IOS/Include" -o "Il2CppTempDirArtifacts/Debug/artifacts/arm64/actx/lc86l4vvurxa.o" -fcolor-diagnostics -arch arm64 -mios-version-min=11.0 -fno-strict-float-cast-overflow -c -x c "Il2CppOutputProject/Source/il2cppOutput/Unity.UnifiedRayTracing.Runtime_CodeGen.c"
[ 32/410    0s] C_iOS_arm64 Il2CppTempDirArtifacts/Debug/artifacts/arm64/actx/pjz93pkop93q.o
##### CommandLine
"/Applications/Xcode.app/Contents/Developer/Toolchains/XcodeDefault.xctoolchain/usr/bin/clang++" -Wswitch -Wno-trigraphs -Wno-tautological-compare -Wno-invalid-offsetof -Wno-implicitly-unsigned-literal -Wno-integer-overflow -Wno-shift-negative-value -Wno-unknown-attributes -Wno-implicit-function-declaration -Wno-null-conversion -Wno-missing-declarations -Wno-unused-value -Wno-pragma-once-outside-header -Wno-unknown-warning-option -Wno-undef-prefix -fvisibility=hidden -isysroot "/Applications/Xcode.app/Contents/Developer/Platforms/iPhoneOS.platform/Developer/SDKs/iPhoneOS18.2.sdk" -fexceptions -g -O0 -fno-strict-overflow -ffunction-sections -fdata-sections -fmessage-length=0 -pipe -DIL2CPP_DEBUG=1 -DHAVE_BDWGC_GC -DBASELIB_INLINE_NAMESPACE=il2cpp_baselib -DIL2CPP_MONO_DEBUGGER_DISABLED -DRUNTIME_IL2CPP -DTARGET_ARM64 -DIL2CPP_ENABLE_WRITE_BARRIERS=1 -DIL2CPP_INCREMENTAL_TIME_SLICE=3 -D_DEBUG -I"." -I"Il2CppOutputProject/Source/il2cppOutput" -I"Il2CppOutputProject/IL2CPP/libil2cpp/pch" -I"Il2CppOutputProject/IL2CPP/libil2cpp" -I"Il2CppOutputProject/IL2CPP/external/baselib/Include" -I"Il2CppOutputProject/IL2CPP/libil2cpp/os/ClassLibraryPAL/brotli/include" -I"Il2CppOutputProject/IL2CPP/external/baselib/Platforms/IOS/Include" -o "Il2CppTempDirArtifacts/Debug/artifacts/arm64/actx/pjz93pkop93q.o" -fcolor-diagnostics -arch arm64 -mios-version-min=11.0 -fno-strict-float-cast-overflow -c -x c "Il2CppOutputProject/Source/il2cppOutput/UnityEngine.AudioModule_CodeGen.c"
[ 33/410    0s] C_iOS_arm64 Il2CppTempDirArtifacts/Debug/artifacts/arm64/actx/7emqwmajf8py.o
##### CommandLine
"/Applications/Xcode.app/Contents/Developer/Toolchains/XcodeDefault.xctoolchain/usr/bin/clang++" -Wswitch -Wno-trigraphs -Wno-tautological-compare -Wno-invalid-offsetof -Wno-implicitly-unsigned-literal -Wno-integer-overflow -Wno-shift-negative-value -Wno-unknown-attributes -Wno-implicit-function-declaration -Wno-null-conversion -Wno-missing-declarations -Wno-unused-value -Wno-pragma-once-outside-header -Wno-unknown-warning-option -Wno-undef-prefix -fvisibility=hidden -isysroot "/Applications/Xcode.app/Contents/Developer/Platforms/iPhoneOS.platform/Developer/SDKs/iPhoneOS18.2.sdk" -fexceptions -g -O0 -fno-strict-overflow -ffunction-sections -fdata-sections -fmessage-length=0 -pipe -DIL2CPP_DEBUG=1 -DHAVE_BDWGC_GC -DBASELIB_INLINE_NAMESPACE=il2cpp_baselib -DIL2CPP_MONO_DEBUGGER_DISABLED -DRUNTIME_IL2CPP -DTARGET_ARM64 -DIL2CPP_ENABLE_WRITE_BARRIERS=1 -DIL2CPP_INCREMENTAL_TIME_SLICE=3 -D_DEBUG -I"." -I"Il2CppOutputProject/Source/il2cppOutput" -I"Il2CppOutputProject/IL2CPP/libil2cpp/pch" -I"Il2CppOutputProject/IL2CPP/libil2cpp" -I"Il2CppOutputProject/IL2CPP/external/baselib/Include" -I"Il2CppOutputProject/IL2CPP/libil2cpp/os/ClassLibraryPAL/brotli/include" -I"Il2CppOutputProject/IL2CPP/external/baselib/Platforms/IOS/Include" -o "Il2CppTempDirArtifacts/Debug/artifacts/arm64/actx/7emqwmajf8py.o" -fcolor-diagnostics -arch arm64 -mios-version-min=11.0 -fno-strict-float-cast-overflow -c -x c "Il2CppOutputProject/Source/il2cppOutput/UnityEngine.AnimationModule_CodeGen.c"
[ 34/410    0s] C_iOS_arm64 Il2CppTempDirArtifacts/Debug/artifacts/arm64/actx/wu6mqgi281dc.o
##### CommandLine
"/Applications/Xcode.app/Contents/Developer/Toolchains/XcodeDefault.xctoolchain/usr/bin/clang++" -Wswitch -Wno-trigraphs -Wno-tautological-compare -Wno-invalid-offsetof -Wno-implicitly-unsigned-literal -Wno-integer-overflow -Wno-shift-negative-value -Wno-unknown-attributes -Wno-implicit-function-declaration -Wno-null-conversion -Wno-missing-declarations -Wno-unused-value -Wno-pragma-once-outside-header -Wno-unknown-warning-option -Wno-undef-prefix -fvisibility=hidden -isysroot "/Applications/Xcode.app/Contents/Developer/Platforms/iPhoneOS.platform/Developer/SDKs/iPhoneOS18.2.sdk" -fexceptions -g -O0 -fno-strict-overflow -ffunction-sections -fdata-sections -fmessage-length=0 -pipe -DIL2CPP_DEBUG=1 -DHAVE_BDWGC_GC -DBASELIB_INLINE_NAMESPACE=il2cpp_baselib -DIL2CPP_MONO_DEBUGGER_DISABLED -DRUNTIME_IL2CPP -DTARGET_ARM64 -DIL2CPP_ENABLE_WRITE_BARRIERS=1 -DIL2CPP_INCREMENTAL_TIME_SLICE=3 -D_DEBUG -I"." -I"Il2CppOutputProject/Source/il2cppOutput" -I"Il2CppOutputProject/IL2CPP/libil2cpp/pch" -I"Il2CppOutputProject/IL2CPP/libil2cpp" -I"Il2CppOutputProject/IL2CPP/external/baselib/Include" -I"Il2CppOutputProject/IL2CPP/libil2cpp/os/ClassLibraryPAL/brotli/include" -I"Il2CppOutputProject/IL2CPP/external/baselib/Platforms/IOS/Include" -o "Il2CppTempDirArtifacts/Debug/artifacts/arm64/actx/wu6mqgi281dc.o" -fcolor-diagnostics -arch arm64 -mios-version-min=11.0 -fno-strict-float-cast-overflow -c -x c "Il2CppOutputProject/Source/il2cppOutput/Unity.Scripting_CodeGen.c"
[ 35/410    0s] C_iOS_arm64 Il2CppTempDirArtifacts/Debug/artifacts/arm64/actx/rnf7zsywfd3x.o
##### CommandLine
"/Applications/Xcode.app/Contents/Developer/Toolchains/XcodeDefault.xctoolchain/usr/bin/clang++" -Wswitch -Wno-trigraphs -Wno-tautological-compare -Wno-invalid-offsetof -Wno-implicitly-unsigned-literal -Wno-integer-overflow -Wno-shift-negative-value -Wno-unknown-attributes -Wno-implicit-function-declaration -Wno-null-conversion -Wno-missing-declarations -Wno-unused-value -Wno-pragma-once-outside-header -Wno-unknown-warning-option -Wno-undef-prefix -fvisibility=hidden -isysroot "/Applications/Xcode.app/Contents/Developer/Platforms/iPhoneOS.platform/Developer/SDKs/iPhoneOS18.2.sdk" -fexceptions -g -O0 -fno-strict-overflow -ffunction-sections -fdata-sections -fmessage-length=0 -pipe -DIL2CPP_DEBUG=1 -DHAVE_BDWGC_GC -DBASELIB_INLINE_NAMESPACE=il2cpp_baselib -DIL2CPP_MONO_DEBUGGER_DISABLED -DRUNTIME_IL2CPP -DTARGET_ARM64 -DIL2CPP_ENABLE_WRITE_BARRIERS=1 -DIL2CPP_INCREMENTAL_TIME_SLICE=3 -D_DEBUG -I"." -I"Il2CppOutputProject/Source/il2cppOutput" -I"Il2CppOutputProject/IL2CPP/libil2cpp/pch" -I"Il2CppOutputProject/IL2CPP/libil2cpp" -I"Il2CppOutputProject/IL2CPP/external/baselib/Include" -I"Il2CppOutputProject/IL2CPP/libil2cpp/os/ClassLibraryPAL/brotli/include" -I"Il2CppOutputProject/IL2CPP/external/baselib/Platforms/IOS/Include" -o "Il2CppTempDirArtifacts/Debug/artifacts/arm64/actx/rnf7zsywfd3x.o" -fcolor-diagnostics -arch arm64 -mios-version-min=11.0 -fno-strict-float-cast-overflow -c -x c "Il2CppOutputProject/Source/il2cppOutput/Unity.RenderPipelines.Universal.2D.Runtime_CodeGen.c"
[ 36/410    0s] C_iOS_arm64 Il2CppTempDirArtifacts/Debug/artifacts/arm64/actx/ryoztyab2jc4.o
##### CommandLine
"/Applications/Xcode.app/Contents/Developer/Toolchains/XcodeDefault.xctoolchain/usr/bin/clang++" -Wswitch -Wno-trigraphs -Wno-tautological-compare -Wno-invalid-offsetof -Wno-implicitly-unsigned-literal -Wno-integer-overflow -Wno-shift-negative-value -Wno-unknown-attributes -Wno-implicit-function-declaration -Wno-null-conversion -Wno-missing-declarations -Wno-unused-value -Wno-pragma-once-outside-header -Wno-unknown-warning-option -Wno-undef-prefix -fvisibility=hidden -isysroot "/Applications/Xcode.app/Contents/Developer/Platforms/iPhoneOS.platform/Developer/SDKs/iPhoneOS18.2.sdk" -fexceptions -g -O0 -fno-strict-overflow -ffunction-sections -fdata-sections -fmessage-length=0 -pipe -DIL2CPP_DEBUG=1 -DHAVE_BDWGC_GC -DBASELIB_INLINE_NAMESPACE=il2cpp_baselib -DIL2CPP_MONO_DEBUGGER_DISABLED -DRUNTIME_IL2CPP -DTARGET_ARM64 -DIL2CPP_ENABLE_WRITE_BARRIERS=1 -DIL2CPP_INCREMENTAL_TIME_SLICE=3 -D_DEBUG -I"." -I"Il2CppOutputProject/Source/il2cppOutput" -I"Il2CppOutputProject/IL2CPP/libil2cpp/pch" -I"Il2CppOutputProject/IL2CPP/libil2cpp" -I"Il2CppOutputProject/IL2CPP/external/baselib/Include" -I"Il2CppOutputProject/IL2CPP/libil2cpp/os/ClassLibraryPAL/brotli/include" -I"Il2CppOutputProject/IL2CPP/external/baselib/Platforms/IOS/Include" -o "Il2CppTempDirArtifacts/Debug/artifacts/arm64/actx/ryoztyab2jc4.o" -fcolor-diagnostics -arch arm64 -mios-version-min=11.0 -fno-strict-float-cast-overflow -c -x c "Il2CppOutputProject/Source/il2cppOutput/Unity.RenderPipelines.Universal.Runtime_CodeGen.c"
[ 37/410    0s] C_iOS_arm64 Il2CppTempDirArtifacts/Debug/artifacts/arm64/actx/gyec8lpt5oav.o
##### CommandLine
"/Applications/Xcode.app/Contents/Developer/Toolchains/XcodeDefault.xctoolchain/usr/bin/clang++" -Wswitch -Wno-trigraphs -Wno-tautological-compare -Wno-invalid-offsetof -Wno-implicitly-unsigned-literal -Wno-integer-overflow -Wno-shift-negative-value -Wno-unknown-attributes -Wno-implicit-function-declaration -Wno-null-conversion -Wno-missing-declarations -Wno-unused-value -Wno-pragma-once-outside-header -Wno-unknown-warning-option -Wno-undef-prefix -fvisibility=hidden -isysroot "/Applications/Xcode.app/Contents/Developer/Platforms/iPhoneOS.platform/Developer/SDKs/iPhoneOS18.2.sdk" -fexceptions -g -O0 -fno-strict-overflow -ffunction-sections -fdata-sections -fmessage-length=0 -pipe -DIL2CPP_DEBUG=1 -DHAVE_BDWGC_GC -DBASELIB_INLINE_NAMESPACE=il2cpp_baselib -DIL2CPP_MONO_DEBUGGER_DISABLED -DRUNTIME_IL2CPP -DTARGET_ARM64 -DIL2CPP_ENABLE_WRITE_BARRIERS=1 -DIL2CPP_INCREMENTAL_TIME_SLICE=3 -D_DEBUG -I"." -I"Il2CppOutputProject/Source/il2cppOutput" -I"Il2CppOutputProject/IL2CPP/libil2cpp/pch" -I"Il2CppOutputProject/IL2CPP/libil2cpp" -I"Il2CppOutputProject/IL2CPP/external/baselib/Include" -I"Il2CppOutputProject/IL2CPP/libil2cpp/os/ClassLibraryPAL/brotli/include" -I"Il2CppOutputProject/IL2CPP/external/baselib/Platforms/IOS/Include" -o "Il2CppTempDirArtifacts/Debug/artifacts/arm64/actx/gyec8lpt5oav.o" -fcolor-diagnostics -arch arm64 -mios-version-min=11.0 -fno-strict-float-cast-overflow -c -x c "Il2CppOutputProject/Source/il2cppOutput/Unity.RenderPipelines.Core.Runtime.Shared_CodeGen.c"
[ 38/410    0s] C_iOS_arm64 Il2CppTempDirArtifacts/Debug/artifacts/arm64/actx/mvbdt5i3rriv.o
##### CommandLine
"/Applications/Xcode.app/Contents/Developer/Toolchains/XcodeDefault.xctoolchain/usr/bin/clang++" -Wswitch -Wno-trigraphs -Wno-tautological-compare -Wno-invalid-offsetof -Wno-implicitly-unsigned-literal -Wno-integer-overflow -Wno-shift-negative-value -Wno-unknown-attributes -Wno-implicit-function-declaration -Wno-null-conversion -Wno-missing-declarations -Wno-unused-value -Wno-pragma-once-outside-header -Wno-unknown-warning-option -Wno-undef-prefix -fvisibility=hidden -isysroot "/Applications/Xcode.app/Contents/Developer/Platforms/iPhoneOS.platform/Developer/SDKs/iPhoneOS18.2.sdk" -fexceptions -g -O0 -fno-strict-overflow -ffunction-sections -fdata-sections -fmessage-length=0 -pipe -DIL2CPP_DEBUG=1 -DHAVE_BDWGC_GC -DBASELIB_INLINE_NAMESPACE=il2cpp_baselib -DIL2CPP_MONO_DEBUGGER_DISABLED -DRUNTIME_IL2CPP -DTARGET_ARM64 -DIL2CPP_ENABLE_WRITE_BARRIERS=1 -DIL2CPP_INCREMENTAL_TIME_SLICE=3 -D_DEBUG -I"." -I"Il2CppOutputProject/Source/il2cppOutput" -I"Il2CppOutputProject/IL2CPP/libil2cpp/pch" -I"Il2CppOutputProject/IL2CPP/libil2cpp" -I"Il2CppOutputProject/IL2CPP/external/baselib/Include" -I"Il2CppOutputProject/IL2CPP/libil2cpp/os/ClassLibraryPAL/brotli/include" -I"Il2CppOutputProject/IL2CPP/external/baselib/Platforms/IOS/Include" -o "Il2CppTempDirArtifacts/Debug/artifacts/arm64/actx/mvbdt5i3rriv.o" -fcolor-diagnostics -arch arm64 -mios-version-min=11.0 -fno-strict-float-cast-overflow -c -x c "Il2CppOutputProject/Source/il2cppOutput/Unity.RenderPipeline.Universal.ShaderLibrary_CodeGen.c"
[ 39/410    0s] C_iOS_arm64 Il2CppTempDirArtifacts/Debug/artifacts/arm64/actx/447s2o7a9m4x.o
##### CommandLine
"/Applications/Xcode.app/Contents/Developer/Toolchains/XcodeDefault.xctoolchain/usr/bin/clang++" -Wswitch -Wno-trigraphs -Wno-tautological-compare -Wno-invalid-offsetof -Wno-implicitly-unsigned-literal -Wno-integer-overflow -Wno-shift-negative-value -Wno-unknown-attributes -Wno-implicit-function-declaration -Wno-null-conversion -Wno-missing-declarations -Wno-unused-value -Wno-pragma-once-outside-header -Wno-unknown-warning-option -Wno-undef-prefix -fvisibility=hidden -isysroot "/Applications/Xcode.app/Contents/Developer/Platforms/iPhoneOS.platform/Developer/SDKs/iPhoneOS18.2.sdk" -fexceptions -g -O0 -fno-strict-overflow -ffunction-sections -fdata-sections -fmessage-length=0 -pipe -DIL2CPP_DEBUG=1 -DHAVE_BDWGC_GC -DBASELIB_INLINE_NAMESPACE=il2cpp_baselib -DIL2CPP_MONO_DEBUGGER_DISABLED -DRUNTIME_IL2CPP -DTARGET_ARM64 -DIL2CPP_ENABLE_WRITE_BARRIERS=1 -DIL2CPP_INCREMENTAL_TIME_SLICE=3 -D_DEBUG -I"." -I"Il2CppOutputProject/Source/il2cppOutput" -I"Il2CppOutputProject/IL2CPP/libil2cpp/pch" -I"Il2CppOutputProject/IL2CPP/libil2cpp" -I"Il2CppOutputProject/IL2CPP/external/baselib/Include" -I"Il2CppOutputProject/IL2CPP/libil2cpp/os/ClassLibraryPAL/brotli/include" -I"Il2CppOutputProject/IL2CPP/external/baselib/Platforms/IOS/Include" -o "Il2CppTempDirArtifacts/Debug/artifacts/arm64/actx/447s2o7a9m4x.o" -fcolor-diagnostics -arch arm64 -mios-version-min=11.0 -fno-strict-float-cast-overflow -c -x c "Il2CppOutputProject/Source/il2cppOutput/Unity.RenderPipelines.GPUDriven.Runtime_CodeGen.c"
[ 40/410    0s] C_iOS_arm64 Il2CppTempDirArtifacts/Debug/artifacts/arm64/actx/65hn9e7utucq.o
##### CommandLine
"/Applications/Xcode.app/Contents/Developer/Toolchains/XcodeDefault.xctoolchain/usr/bin/clang++" -Wswitch -Wno-trigraphs -Wno-tautological-compare -Wno-invalid-offsetof -Wno-implicitly-unsigned-literal -Wno-integer-overflow -Wno-shift-negative-value -Wno-unknown-attributes -Wno-implicit-function-declaration -Wno-null-conversion -Wno-missing-declarations -Wno-unused-value -Wno-pragma-once-outside-header -Wno-unknown-warning-option -Wno-undef-prefix -fvisibility=hidden -isysroot "/Applications/Xcode.app/Contents/Developer/Platforms/iPhoneOS.platform/Developer/SDKs/iPhoneOS18.2.sdk" -fexceptions -g -O0 -fno-strict-overflow -ffunction-sections -fdata-sections -fmessage-length=0 -pipe -DIL2CPP_DEBUG=1 -DHAVE_BDWGC_GC -DBASELIB_INLINE_NAMESPACE=il2cpp_baselib -DIL2CPP_MONO_DEBUGGER_DISABLED -DRUNTIME_IL2CPP -DTARGET_ARM64 -DIL2CPP_ENABLE_WRITE_BARRIERS=1 -DIL2CPP_INCREMENTAL_TIME_SLICE=3 -D_DEBUG -I"." -I"Il2CppOutputProject/Source/il2cppOutput" -I"Il2CppOutputProject/IL2CPP/libil2cpp/pch" -I"Il2CppOutputProject/IL2CPP/libil2cpp" -I"Il2CppOutputProject/IL2CPP/external/baselib/Include" -I"Il2CppOutputProject/IL2CPP/libil2cpp/os/ClassLibraryPAL/brotli/include" -I"Il2CppOutputProject/IL2CPP/external/baselib/Platforms/IOS/Include" -o "Il2CppTempDirArtifacts/Debug/artifacts/arm64/actx/65hn9e7utucq.o" -fcolor-diagnostics -arch arm64 -mios-version-min=11.0 -fno-strict-float-cast-overflow -c -x c "Il2CppOutputProject/Source/il2cppOutput/UnityEngine.CoreModule_CodeGen.c"
[ 41/410    0s] C_iOS_arm64 Il2CppTempDirArtifacts/Debug/artifacts/arm64/actx/11t50qvm8v5m.o
##### CommandLine
"/Applications/Xcode.app/Contents/Developer/Toolchains/XcodeDefault.xctoolchain/usr/bin/clang++" -Wswitch -Wno-trigraphs -Wno-tautological-compare -Wno-invalid-offsetof -Wno-implicitly-unsigned-literal -Wno-integer-overflow -Wno-shift-negative-value -Wno-unknown-attributes -Wno-implicit-function-declaration -Wno-null-conversion -Wno-missing-declarations -Wno-unused-value -Wno-pragma-once-outside-header -Wno-unknown-warning-option -Wno-undef-prefix -fvisibility=hidden -isysroot "/Applications/Xcode.app/Contents/Developer/Platforms/iPhoneOS.platform/Developer/SDKs/iPhoneOS18.2.sdk" -fexceptions -g -O0 -fno-strict-overflow -ffunction-sections -fdata-sections -fmessage-length=0 -pipe -DIL2CPP_DEBUG=1 -DHAVE_BDWGC_GC -DBASELIB_INLINE_NAMESPACE=il2cpp_baselib -DIL2CPP_MONO_DEBUGGER_DISABLED -DRUNTIME_IL2CPP -DTARGET_ARM64 -DIL2CPP_ENABLE_WRITE_BARRIERS=1 -DIL2CPP_INCREMENTAL_TIME_SLICE=3 -D_DEBUG -I"." -I"Il2CppOutputProject/Source/il2cppOutput" -I"Il2CppOutputProject/IL2CPP/libil2cpp/pch" -I"Il2CppOutputProject/IL2CPP/libil2cpp" -I"Il2CppOutputProject/IL2CPP/external/baselib/Include" -I"Il2CppOutputProject/IL2CPP/libil2cpp/os/ClassLibraryPAL/brotli/include" -I"Il2CppOutputProject/IL2CPP/external/baselib/Platforms/IOS/Include" -o "Il2CppTempDirArtifacts/Debug/artifacts/arm64/actx/11t50qvm8v5m.o" -fcolor-diagnostics -arch arm64 -mios-version-min=11.0 -fno-strict-float-cast-overflow -c -x c "Il2CppOutputProject/Source/il2cppOutput/Unity.InputSystem.ForUI_CodeGen.c"
[ 42/410    0s] C_iOS_arm64 Il2CppTempDirArtifacts/Debug/artifacts/arm64/actx/5q1dx6rgdt57.o
##### CommandLine
"/Applications/Xcode.app/Contents/Developer/Toolchains/XcodeDefault.xctoolchain/usr/bin/clang++" -Wswitch -Wno-trigraphs -Wno-tautological-compare -Wno-invalid-offsetof -Wno-implicitly-unsigned-literal -Wno-integer-overflow -Wno-shift-negative-value -Wno-unknown-attributes -Wno-implicit-function-declaration -Wno-null-conversion -Wno-missing-declarations -Wno-unused-value -Wno-pragma-once-outside-header -Wno-unknown-warning-option -Wno-undef-prefix -fvisibility=hidden -isysroot "/Applications/Xcode.app/Contents/Developer/Platforms/iPhoneOS.platform/Developer/SDKs/iPhoneOS18.2.sdk" -fexceptions -g -O0 -fno-strict-overflow -ffunction-sections -fdata-sections -fmessage-length=0 -pipe -DIL2CPP_DEBUG=1 -DHAVE_BDWGC_GC -DBASELIB_INLINE_NAMESPACE=il2cpp_baselib -DIL2CPP_MONO_DEBUGGER_DISABLED -DRUNTIME_IL2CPP -DTARGET_ARM64 -DIL2CPP_ENABLE_WRITE_BARRIERS=1 -DIL2CPP_INCREMENTAL_TIME_SLICE=3 -D_DEBUG -I"." -I"Il2CppOutputProject/Source/il2cppOutput" -I"Il2CppOutputProject/IL2CPP/libil2cpp/pch" -I"Il2CppOutputProject/IL2CPP/libil2cpp" -I"Il2CppOutputProject/IL2CPP/external/baselib/Include" -I"Il2CppOutputProject/IL2CPP/libil2cpp/os/ClassLibraryPAL/brotli/include" -I"Il2CppOutputProject/IL2CPP/external/baselib/Platforms/IOS/Include" -o "Il2CppTempDirArtifacts/Debug/artifacts/arm64/actx/5q1dx6rgdt57.o" -fcolor-diagnostics -arch arm64 -mios-version-min=11.0 -fno-strict-float-cast-overflow -c -x c "Il2CppOutputProject/Source/il2cppOutput/Unity.RenderPipelines.Core.Runtime_CodeGen.c"
[ 43/410    0s] C_iOS_arm64 Il2CppTempDirArtifacts/Debug/artifacts/arm64/actx/0euyc0ttgmmq.o
##### CommandLine
"/Applications/Xcode.app/Contents/Developer/Toolchains/XcodeDefault.xctoolchain/usr/bin/clang++" -Wswitch -Wno-trigraphs -Wno-tautological-compare -Wno-invalid-offsetof -Wno-implicitly-unsigned-literal -Wno-integer-overflow -Wno-shift-negative-value -Wno-unknown-attributes -Wno-implicit-function-declaration -Wno-null-conversion -Wno-missing-declarations -Wno-unused-value -Wno-pragma-once-outside-header -Wno-unknown-warning-option -Wno-undef-prefix -fvisibility=hidden -isysroot "/Applications/Xcode.app/Contents/Developer/Platforms/iPhoneOS.platform/Developer/SDKs/iPhoneOS18.2.sdk" -fexceptions -g -O0 -fno-strict-overflow -ffunction-sections -fdata-sections -fmessage-length=0 -pipe -DIL2CPP_DEBUG=1 -DHAVE_BDWGC_GC -DBASELIB_INLINE_NAMESPACE=il2cpp_baselib -DIL2CPP_MONO_DEBUGGER_DISABLED -DRUNTIME_IL2CPP -DTARGET_ARM64 -DIL2CPP_ENABLE_WRITE_BARRIERS=1 -DIL2CPP_INCREMENTAL_TIME_SLICE=3 -D_DEBUG -I"." -I"Il2CppOutputProject/Source/il2cppOutput" -I"Il2CppOutputProject/IL2CPP/libil2cpp/pch" -I"Il2CppOutputProject/IL2CPP/libil2cpp" -I"Il2CppOutputProject/IL2CPP/external/baselib/Include" -I"Il2CppOutputProject/IL2CPP/libil2cpp/os/ClassLibraryPAL/brotli/include" -I"Il2CppOutputProject/IL2CPP/external/baselib/Platforms/IOS/Include" -o "Il2CppTempDirArtifacts/Debug/artifacts/arm64/actx/0euyc0ttgmmq.o" -fcolor-diagnostics -arch arm64 -mios-version-min=11.0 -fno-strict-float-cast-overflow -c -x c "Il2CppOutputProject/Source/il2cppOutput/Unity.Collections.LowLevel.ILSupport_CodeGen.c"
[ 44/410    0s] C_iOS_arm64 Il2CppTempDirArtifacts/Debug/artifacts/arm64/actx/aotwtm29vwdn.o
##### CommandLine
"/Applications/Xcode.app/Contents/Developer/Toolchains/XcodeDefault.xctoolchain/usr/bin/clang++" -Wswitch -Wno-trigraphs -Wno-tautological-compare -Wno-invalid-offsetof -Wno-implicitly-unsigned-literal -Wno-integer-overflow -Wno-shift-negative-value -Wno-unknown-attributes -Wno-implicit-function-declaration -Wno-null-conversion -Wno-missing-declarations -Wno-unused-value -Wno-pragma-once-outside-header -Wno-unknown-warning-option -Wno-undef-prefix -fvisibility=hidden -isysroot "/Applications/Xcode.app/Contents/Developer/Platforms/iPhoneOS.platform/Developer/SDKs/iPhoneOS18.2.sdk" -fexceptions -g -O0 -fno-strict-overflow -ffunction-sections -fdata-sections -fmessage-length=0 -pipe -DIL2CPP_DEBUG=1 -DHAVE_BDWGC_GC -DBASELIB_INLINE_NAMESPACE=il2cpp_baselib -DIL2CPP_MONO_DEBUGGER_DISABLED -DRUNTIME_IL2CPP -DTARGET_ARM64 -DIL2CPP_ENABLE_WRITE_BARRIERS=1 -DIL2CPP_INCREMENTAL_TIME_SLICE=3 -D_DEBUG -I"." -I"Il2CppOutputProject/Source/il2cppOutput" -I"Il2CppOutputProject/IL2CPP/libil2cpp/pch" -I"Il2CppOutputProject/IL2CPP/libil2cpp" -I"Il2CppOutputProject/IL2CPP/external/baselib/Include" -I"Il2CppOutputProject/IL2CPP/libil2cpp/os/ClassLibraryPAL/brotli/include" -I"Il2CppOutputProject/IL2CPP/external/baselib/Platforms/IOS/Include" -o "Il2CppTempDirArtifacts/Debug/artifacts/arm64/actx/aotwtm29vwdn.o" -fcolor-diagnostics -arch arm64 -mios-version-min=11.0 -fno-strict-float-cast-overflow -c -x c "Il2CppOutputProject/Source/il2cppOutput/Unity.InputSystem_CodeGen.c"
[ 45/410    0s] C_iOS_arm64 Il2CppTempDirArtifacts/Debug/artifacts/arm64/actx/4bxidktqw07l.o
##### CommandLine
"/Applications/Xcode.app/Contents/Developer/Toolchains/XcodeDefault.xctoolchain/usr/bin/clang++" -Wswitch -Wno-trigraphs -Wno-tautological-compare -Wno-invalid-offsetof -Wno-implicitly-unsigned-literal -Wno-integer-overflow -Wno-shift-negative-value -Wno-unknown-attributes -Wno-implicit-function-declaration -Wno-null-conversion -Wno-missing-declarations -Wno-unused-value -Wno-pragma-once-outside-header -Wno-unknown-warning-option -Wno-undef-prefix -fvisibility=hidden -isysroot "/Applications/Xcode.app/Contents/Developer/Platforms/iPhoneOS.platform/Developer/SDKs/iPhoneOS18.2.sdk" -fexceptions -g -O0 -fno-strict-overflow -ffunction-sections -fdata-sections -fmessage-length=0 -pipe -DIL2CPP_DEBUG=1 -DHAVE_BDWGC_GC -DBASELIB_INLINE_NAMESPACE=il2cpp_baselib -DIL2CPP_MONO_DEBUGGER_DISABLED -DRUNTIME_IL2CPP -DTARGET_ARM64 -DIL2CPP_ENABLE_WRITE_BARRIERS=1 -DIL2CPP_INCREMENTAL_TIME_SLICE=3 -D_DEBUG -I"." -I"Il2CppOutputProject/Source/il2cppOutput" -I"Il2CppOutputProject/IL2CPP/libil2cpp/pch" -I"Il2CppOutputProject/IL2CPP/libil2cpp" -I"Il2CppOutputProject/IL2CPP/external/baselib/Include" -I"Il2CppOutputProject/IL2CPP/libil2cpp/os/ClassLibraryPAL/brotli/include" -I"Il2CppOutputProject/IL2CPP/external/baselib/Platforms/IOS/Include" -o "Il2CppTempDirArtifacts/Debug/artifacts/arm64/actx/4bxidktqw07l.o" -fcolor-diagnostics -arch arm64 -mios-version-min=11.0 -fno-strict-float-cast-overflow -c -x c "Il2CppOutputProject/Source/il2cppOutput/System.Xml_CodeGen.c"
[ 46/410    0s] C_iOS_arm64 Il2CppTempDirArtifacts/Debug/artifacts/arm64/actx/bgwse64vvgws.o
##### CommandLine
"/Applications/Xcode.app/Contents/Developer/Toolchains/XcodeDefault.xctoolchain/usr/bin/clang++" -Wswitch -Wno-trigraphs -Wno-tautological-compare -Wno-invalid-offsetof -Wno-implicitly-unsigned-literal -Wno-integer-overflow -Wno-shift-negative-value -Wno-unknown-attributes -Wno-implicit-function-declaration -Wno-null-conversion -Wno-missing-declarations -Wno-unused-value -Wno-pragma-once-outside-header -Wno-unknown-warning-option -Wno-undef-prefix -fvisibility=hidden -isysroot "/Applications/Xcode.app/Contents/Developer/Platforms/iPhoneOS.platform/Developer/SDKs/iPhoneOS18.2.sdk" -fexceptions -g -O0 -fno-strict-overflow -ffunction-sections -fdata-sections -fmessage-length=0 -pipe -DIL2CPP_DEBUG=1 -DHAVE_BDWGC_GC -DBASELIB_INLINE_NAMESPACE=il2cpp_baselib -DIL2CPP_MONO_DEBUGGER_DISABLED -DRUNTIME_IL2CPP -DTARGET_ARM64 -DIL2CPP_ENABLE_WRITE_BARRIERS=1 -DIL2CPP_INCREMENTAL_TIME_SLICE=3 -D_DEBUG -I"." -I"Il2CppOutputProject/Source/il2cppOutput" -I"Il2CppOutputProject/IL2CPP/libil2cpp/pch" -I"Il2CppOutputProject/IL2CPP/libil2cpp" -I"Il2CppOutputProject/IL2CPP/external/baselib/Include" -I"Il2CppOutputProject/IL2CPP/libil2cpp/os/ClassLibraryPAL/brotli/include" -I"Il2CppOutputProject/IL2CPP/external/baselib/Platforms/IOS/Include" -o "Il2CppTempDirArtifacts/Debug/artifacts/arm64/actx/bgwse64vvgws.o" -fcolor-diagnostics -arch arm64 -mios-version-min=11.0 -fno-strict-float-cast-overflow -c -x c "Il2CppOutputProject/Source/il2cppOutput/System_CodeGen.c"
[ 47/410    0s] C_iOS_arm64 Il2CppTempDirArtifacts/Debug/artifacts/arm64/actx/yz90gsi5v3im.o
##### CommandLine
"/Applications/Xcode.app/Contents/Developer/Toolchains/XcodeDefault.xctoolchain/usr/bin/clang++" -Wswitch -Wno-trigraphs -Wno-tautological-compare -Wno-invalid-offsetof -Wno-implicitly-unsigned-literal -Wno-integer-overflow -Wno-shift-negative-value -Wno-unknown-attributes -Wno-implicit-function-declaration -Wno-null-conversion -Wno-missing-declarations -Wno-unused-value -Wno-pragma-once-outside-header -Wno-unknown-warning-option -Wno-undef-prefix -fvisibility=hidden -isysroot "/Applications/Xcode.app/Contents/Developer/Platforms/iPhoneOS.platform/Developer/SDKs/iPhoneOS18.2.sdk" -fexceptions -g -O0 -fno-strict-overflow -ffunction-sections -fdata-sections -fmessage-length=0 -pipe -DIL2CPP_DEBUG=1 -DHAVE_BDWGC_GC -DBASELIB_INLINE_NAMESPACE=il2cpp_baselib -DIL2CPP_MONO_DEBUGGER_DISABLED -DRUNTIME_IL2CPP -DTARGET_ARM64 -DIL2CPP_ENABLE_WRITE_BARRIERS=1 -DIL2CPP_INCREMENTAL_TIME_SLICE=3 -D_DEBUG -I"." -I"Il2CppOutputProject/Source/il2cppOutput" -I"Il2CppOutputProject/IL2CPP/libil2cpp/pch" -I"Il2CppOutputProject/IL2CPP/libil2cpp" -I"Il2CppOutputProject/IL2CPP/external/baselib/Include" -I"Il2CppOutputProject/IL2CPP/libil2cpp/os/ClassLibraryPAL/brotli/include" -I"Il2CppOutputProject/IL2CPP/external/baselib/Platforms/IOS/Include" -o "Il2CppTempDirArtifacts/Debug/artifacts/arm64/actx/yz90gsi5v3im.o" -fcolor-diagnostics -arch arm64 -mios-version-min=11.0 -fno-strict-float-cast-overflow -c -x c "Il2CppOutputProject/Source/il2cppOutput/System.Runtime.CompilerServices.Unsafe_CodeGen.c"
[ 48/410    0s] C_iOS_arm64 Il2CppTempDirArtifacts/Debug/artifacts/arm64/actx/t7kiov41riac.o
##### CommandLine
"/Applications/Xcode.app/Contents/Developer/Toolchains/XcodeDefault.xctoolchain/usr/bin/clang++" -Wswitch -Wno-trigraphs -Wno-tautological-compare -Wno-invalid-offsetof -Wno-implicitly-unsigned-literal -Wno-integer-overflow -Wno-shift-negative-value -Wno-unknown-attributes -Wno-implicit-function-declaration -Wno-null-conversion -Wno-missing-declarations -Wno-unused-value -Wno-pragma-once-outside-header -Wno-unknown-warning-option -Wno-undef-prefix -fvisibility=hidden -isysroot "/Applications/Xcode.app/Contents/Developer/Platforms/iPhoneOS.platform/Developer/SDKs/iPhoneOS18.2.sdk" -fexceptions -g -O0 -fno-strict-overflow -ffunction-sections -fdata-sections -fmessage-length=0 -pipe -DIL2CPP_DEBUG=1 -DHAVE_BDWGC_GC -DBASELIB_INLINE_NAMESPACE=il2cpp_baselib -DIL2CPP_MONO_DEBUGGER_DISABLED -DRUNTIME_IL2CPP -DTARGET_ARM64 -DIL2CPP_ENABLE_WRITE_BARRIERS=1 -DIL2CPP_INCREMENTAL_TIME_SLICE=3 -D_DEBUG -I"." -I"Il2CppOutputProject/Source/il2cppOutput" -I"Il2CppOutputProject/IL2CPP/libil2cpp/pch" -I"Il2CppOutputProject/IL2CPP/libil2cpp" -I"Il2CppOutputProject/IL2CPP/external/baselib/Include" -I"Il2CppOutputProject/IL2CPP/libil2cpp/os/ClassLibraryPAL/brotli/include" -I"Il2CppOutputProject/IL2CPP/external/baselib/Platforms/IOS/Include" -o "Il2CppTempDirArtifacts/Debug/artifacts/arm64/actx/t7kiov41riac.o" -fcolor-diagnostics -arch arm64 -mios-version-min=11.0 -fno-strict-float-cast-overflow -c -x c "Il2CppOutputProject/Source/il2cppOutput/Unity.Burst.Unsafe_CodeGen.c"
[ 49/410    0s] C_iOS_arm64 Il2CppTempDirArtifacts/Debug/artifacts/arm64/actx/puty484ihvs3.o
##### CommandLine
"/Applications/Xcode.app/Contents/Developer/Toolchains/XcodeDefault.xctoolchain/usr/bin/clang++" -Wswitch -Wno-trigraphs -Wno-tautological-compare -Wno-invalid-offsetof -Wno-implicitly-unsigned-literal -Wno-integer-overflow -Wno-shift-negative-value -Wno-unknown-attributes -Wno-implicit-function-declaration -Wno-null-conversion -Wno-missing-declarations -Wno-unused-value -Wno-pragma-once-outside-header -Wno-unknown-warning-option -Wno-undef-prefix -fvisibility=hidden -isysroot "/Applications/Xcode.app/Contents/Developer/Platforms/iPhoneOS.platform/Developer/SDKs/iPhoneOS18.2.sdk" -fexceptions -g -O0 -fno-strict-overflow -ffunction-sections -fdata-sections -fmessage-length=0 -pipe -DIL2CPP_DEBUG=1 -DHAVE_BDWGC_GC -DBASELIB_INLINE_NAMESPACE=il2cpp_baselib -DIL2CPP_MONO_DEBUGGER_DISABLED -DRUNTIME_IL2CPP -DTARGET_ARM64 -DIL2CPP_ENABLE_WRITE_BARRIERS=1 -DIL2CPP_INCREMENTAL_TIME_SLICE=3 -D_DEBUG -I"." -I"Il2CppOutputProject/Source/il2cppOutput" -I"Il2CppOutputProject/IL2CPP/libil2cpp/pch" -I"Il2CppOutputProject/IL2CPP/libil2cpp" -I"Il2CppOutputProject/IL2CPP/external/baselib/Include" -I"Il2CppOutputProject/IL2CPP/libil2cpp/os/ClassLibraryPAL/brotli/include" -I"Il2CppOutputProject/IL2CPP/external/baselib/Platforms/IOS/Include" -o "Il2CppTempDirArtifacts/Debug/artifacts/arm64/actx/puty484ihvs3.o" -fcolor-diagnostics -arch arm64 -mios-version-min=11.0 -fno-strict-float-cast-overflow -c -x c "Il2CppOutputProject/Source/il2cppOutput/Unity.Burst_CodeGen.c"
[ 50/410    0s] C_iOS_arm64 Il2CppTempDirArtifacts/Debug/artifacts/arm64/actx/j43c2x9t1c3l.o
##### CommandLine
"/Applications/Xcode.app/Contents/Developer/Toolchains/XcodeDefault.xctoolchain/usr/bin/clang++" -Wswitch -Wno-trigraphs -Wno-tautological-compare -Wno-invalid-offsetof -Wno-implicitly-unsigned-literal -Wno-integer-overflow -Wno-shift-negative-value -Wno-unknown-attributes -Wno-implicit-function-declaration -Wno-null-conversion -Wno-missing-declarations -Wno-unused-value -Wno-pragma-once-outside-header -Wno-unknown-warning-option -Wno-undef-prefix -fvisibility=hidden -isysroot "/Applications/Xcode.app/Contents/Developer/Platforms/iPhoneOS.platform/Developer/SDKs/iPhoneOS18.2.sdk" -fexceptions -g -O0 -fno-strict-overflow -ffunction-sections -fdata-sections -fmessage-length=0 -pipe -DIL2CPP_DEBUG=1 -DHAVE_BDWGC_GC -DBASELIB_INLINE_NAMESPACE=il2cpp_baselib -DIL2CPP_MONO_DEBUGGER_DISABLED -DRUNTIME_IL2CPP -DTARGET_ARM64 -DIL2CPP_ENABLE_WRITE_BARRIERS=1 -DIL2CPP_INCREMENTAL_TIME_SLICE=3 -D_DEBUG -I"." -I"Il2CppOutputProject/Source/il2cppOutput" -I"Il2CppOutputProject/IL2CPP/libil2cpp/pch" -I"Il2CppOutputProject/IL2CPP/libil2cpp" -I"Il2CppOutputProject/IL2CPP/external/baselib/Include" -I"Il2CppOutputProject/IL2CPP/libil2cpp/os/ClassLibraryPAL/brotli/include" -I"Il2CppOutputProject/IL2CPP/external/baselib/Platforms/IOS/Include" -o "Il2CppTempDirArtifacts/Debug/artifacts/arm64/actx/j43c2x9t1c3l.o" -fcolor-diagnostics -arch arm64 -mios-version-min=11.0 -fno-strict-float-cast-overflow -c -x c "Il2CppOutputProject/Source/il2cppOutput/System.Configuration_CodeGen.c"
[ 51/410    0s] C_iOS_arm64 Il2CppTempDirArtifacts/Debug/artifacts/arm64/actx/4wewea8xonwl.o
##### CommandLine
"/Applications/Xcode.app/Contents/Developer/Toolchains/XcodeDefault.xctoolchain/usr/bin/clang++" -Wswitch -Wno-trigraphs -Wno-tautological-compare -Wno-invalid-offsetof -Wno-implicitly-unsigned-literal -Wno-integer-overflow -Wno-shift-negative-value -Wno-unknown-attributes -Wno-implicit-function-declaration -Wno-null-conversion -Wno-missing-declarations -Wno-unused-value -Wno-pragma-once-outside-header -Wno-unknown-warning-option -Wno-undef-prefix -fvisibility=hidden -isysroot "/Applications/Xcode.app/Contents/Developer/Platforms/iPhoneOS.platform/Developer/SDKs/iPhoneOS18.2.sdk" -fexceptions -g -O0 -fno-strict-overflow -ffunction-sections -fdata-sections -fmessage-length=0 -pipe -DIL2CPP_DEBUG=1 -DHAVE_BDWGC_GC -DBASELIB_INLINE_NAMESPACE=il2cpp_baselib -DIL2CPP_MONO_DEBUGGER_DISABLED -DRUNTIME_IL2CPP -DTARGET_ARM64 -DIL2CPP_ENABLE_WRITE_BARRIERS=1 -DIL2CPP_INCREMENTAL_TIME_SLICE=3 -D_DEBUG -I"." -I"Il2CppOutputProject/Source/il2cppOutput" -I"Il2CppOutputProject/IL2CPP/libil2cpp/pch" -I"Il2CppOutputProject/IL2CPP/libil2cpp" -I"Il2CppOutputProject/IL2CPP/external/baselib/Include" -I"Il2CppOutputProject/IL2CPP/libil2cpp/os/ClassLibraryPAL/brotli/include" -I"Il2CppOutputProject/IL2CPP/external/baselib/Platforms/IOS/Include" -o "Il2CppTempDirArtifacts/Debug/artifacts/arm64/actx/4wewea8xonwl.o" -fcolor-diagnostics -arch arm64 -mios-version-min=11.0 -fno-strict-float-cast-overflow -c -x c "Il2CppOutputProject/Source/il2cppOutput/System.Core_CodeGen.c"
[ 52/410    0s] C_iOS_arm64 Il2CppTempDirArtifacts/Debug/artifacts/arm64/actx/1wu1n6evd3zh.o
##### CommandLine
"/Applications/Xcode.app/Contents/Developer/Toolchains/XcodeDefault.xctoolchain/usr/bin/clang++" -Wswitch -Wno-trigraphs -Wno-tautological-compare -Wno-invalid-offsetof -Wno-implicitly-unsigned-literal -Wno-integer-overflow -Wno-shift-negative-value -Wno-unknown-attributes -Wno-implicit-function-declaration -Wno-null-conversion -Wno-missing-declarations -Wno-unused-value -Wno-pragma-once-outside-header -Wno-unknown-warning-option -Wno-undef-prefix -fvisibility=hidden -isysroot "/Applications/Xcode.app/Contents/Developer/Platforms/iPhoneOS.platform/Developer/SDKs/iPhoneOS18.2.sdk" -fexceptions -g -O0 -fno-strict-overflow -ffunction-sections -fdata-sections -fmessage-length=0 -pipe -DIL2CPP_DEBUG=1 -DHAVE_BDWGC_GC -DBASELIB_INLINE_NAMESPACE=il2cpp_baselib -DIL2CPP_MONO_DEBUGGER_DISABLED -DRUNTIME_IL2CPP -DTARGET_ARM64 -DIL2CPP_ENABLE_WRITE_BARRIERS=1 -DIL2CPP_INCREMENTAL_TIME_SLICE=3 -D_DEBUG -I"." -I"Il2CppOutputProject/Source/il2cppOutput" -I"Il2CppOutputProject/IL2CPP/libil2cpp/pch" -I"Il2CppOutputProject/IL2CPP/libil2cpp" -I"Il2CppOutputProject/IL2CPP/external/baselib/Include" -I"Il2CppOutputProject/IL2CPP/libil2cpp/os/ClassLibraryPAL/brotli/include" -I"Il2CppOutputProject/IL2CPP/external/baselib/Platforms/IOS/Include" -o "Il2CppTempDirArtifacts/Debug/artifacts/arm64/actx/1wu1n6evd3zh.o" -fcolor-diagnostics -arch arm64 -mios-version-min=11.0 -fno-strict-float-cast-overflow -c -x c "Il2CppOutputProject/Source/il2cppOutput/Mono.Security_CodeGen.c"
[ 53/410    0s] C_iOS_arm64 Il2CppTempDirArtifacts/Debug/artifacts/arm64/actx/6jlbrgyzgfvb.o
##### CommandLine
"/Applications/Xcode.app/Contents/Developer/Toolchains/XcodeDefault.xctoolchain/usr/bin/clang++" -Wswitch -Wno-trigraphs -Wno-tautological-compare -Wno-invalid-offsetof -Wno-implicitly-unsigned-literal -Wno-integer-overflow -Wno-shift-negative-value -Wno-unknown-attributes -Wno-implicit-function-declaration -Wno-null-conversion -Wno-missing-declarations -Wno-unused-value -Wno-pragma-once-outside-header -Wno-unknown-warning-option -Wno-undef-prefix -fvisibility=hidden -isysroot "/Applications/Xcode.app/Contents/Developer/Platforms/iPhoneOS.platform/Developer/SDKs/iPhoneOS18.2.sdk" -fexceptions -g -O0 -fno-strict-overflow -ffunction-sections -fdata-sections -fmessage-length=0 -pipe -DIL2CPP_DEBUG=1 -DHAVE_BDWGC_GC -DBASELIB_INLINE_NAMESPACE=il2cpp_baselib -DIL2CPP_MONO_DEBUGGER_DISABLED -DRUNTIME_IL2CPP -DTARGET_ARM64 -DIL2CPP_ENABLE_WRITE_BARRIERS=1 -DIL2CPP_INCREMENTAL_TIME_SLICE=3 -D_DEBUG -I"." -I"Il2CppOutputProject/Source/il2cppOutput" -I"Il2CppOutputProject/IL2CPP/libil2cpp/pch" -I"Il2CppOutputProject/IL2CPP/libil2cpp" -I"Il2CppOutputProject/IL2CPP/external/baselib/Include" -I"Il2CppOutputProject/IL2CPP/libil2cpp/os/ClassLibraryPAL/brotli/include" -I"Il2CppOutputProject/IL2CPP/external/baselib/Platforms/IOS/Include" -o "Il2CppTempDirArtifacts/Debug/artifacts/arm64/actx/6jlbrgyzgfvb.o" -fcolor-diagnostics -arch arm64 -mios-version-min=11.0 -fno-strict-float-cast-overflow -c -x c "Il2CppOutputProject/Source/il2cppOutput/LaMuralla.Unity_CodeGen.c"
[ 54/410    0s] C_iOS_arm64 Il2CppTempDirArtifacts/Debug/artifacts/arm64/actx/cqct7zf11xel.o
##### CommandLine
"/Applications/Xcode.app/Contents/Developer/Toolchains/XcodeDefault.xctoolchain/usr/bin/clang++" -Wswitch -Wno-trigraphs -Wno-tautological-compare -Wno-invalid-offsetof -Wno-implicitly-unsigned-literal -Wno-integer-overflow -Wno-shift-negative-value -Wno-unknown-attributes -Wno-implicit-function-declaration -Wno-null-conversion -Wno-missing-declarations -Wno-unused-value -Wno-pragma-once-outside-header -Wno-unknown-warning-option -Wno-undef-prefix -fvisibility=hidden -isysroot "/Applications/Xcode.app/Contents/Developer/Platforms/iPhoneOS.platform/Developer/SDKs/iPhoneOS18.2.sdk" -fexceptions -g -O0 -fno-strict-overflow -ffunction-sections -fdata-sections -fmessage-length=0 -pipe -DIL2CPP_DEBUG=1 -DHAVE_BDWGC_GC -DBASELIB_INLINE_NAMESPACE=il2cpp_baselib -DIL2CPP_MONO_DEBUGGER_DISABLED -DRUNTIME_IL2CPP -DTARGET_ARM64 -DIL2CPP_ENABLE_WRITE_BARRIERS=1 -DIL2CPP_INCREMENTAL_TIME_SLICE=3 -D_DEBUG -I"." -I"Il2CppOutputProject/Source/il2cppOutput" -I"Il2CppOutputProject/IL2CPP/libil2cpp/pch" -I"Il2CppOutputProject/IL2CPP/libil2cpp" -I"Il2CppOutputProject/IL2CPP/external/baselib/Include" -I"Il2CppOutputProject/IL2CPP/libil2cpp/os/ClassLibraryPAL/brotli/include" -I"Il2CppOutputProject/IL2CPP/external/baselib/Platforms/IOS/Include" -o "Il2CppTempDirArtifacts/Debug/artifacts/arm64/actx/cqct7zf11xel.o" -fcolor-diagnostics -arch arm64 -mios-version-min=11.0 -fno-strict-float-cast-overflow -c -x c "Il2CppOutputProject/Source/il2cppOutput/LaMuralla.Core_CodeGen.c"
[ 55/410    0s] C_iOS_arm64 Il2CppTempDirArtifacts/Debug/artifacts/arm64/actx/eu80nmclgbvo.o
##### CommandLine
"/Applications/Xcode.app/Contents/Developer/Toolchains/XcodeDefault.xctoolchain/usr/bin/clang++" -Wswitch -Wno-trigraphs -Wno-tautological-compare -Wno-invalid-offsetof -Wno-implicitly-unsigned-literal -Wno-integer-overflow -Wno-shift-negative-value -Wno-unknown-attributes -Wno-implicit-function-declaration -Wno-null-conversion -Wno-missing-declarations -Wno-unused-value -Wno-pragma-once-outside-header -Wno-unknown-warning-option -Wno-undef-prefix -fvisibility=hidden -isysroot "/Applications/Xcode.app/Contents/Developer/Platforms/iPhoneOS.platform/Developer/SDKs/iPhoneOS18.2.sdk" -fexceptions -g -O0 -fno-strict-overflow -ffunction-sections -fdata-sections -fmessage-length=0 -pipe -DIL2CPP_DEBUG=1 -DHAVE_BDWGC_GC -DBASELIB_INLINE_NAMESPACE=il2cpp_baselib -DIL2CPP_MONO_DEBUGGER_DISABLED -DRUNTIME_IL2CPP -DTARGET_ARM64 -DIL2CPP_ENABLE_WRITE_BARRIERS=1 -DIL2CPP_INCREMENTAL_TIME_SLICE=3 -D_DEBUG -I"." -I"Il2CppOutputProject/Source/il2cppOutput" -I"Il2CppOutputProject/IL2CPP/libil2cpp/pch" -I"Il2CppOutputProject/IL2CPP/libil2cpp" -I"Il2CppOutputProject/IL2CPP/external/baselib/Include" -I"Il2CppOutputProject/IL2CPP/libil2cpp/os/ClassLibraryPAL/brotli/include" -I"Il2CppOutputProject/IL2CPP/external/baselib/Platforms/IOS/Include" -o "Il2CppTempDirArtifacts/Debug/artifacts/arm64/actx/eu80nmclgbvo.o" -fcolor-diagnostics -arch arm64 -mios-version-min=11.0 -fno-strict-float-cast-overflow -c -x c "Il2CppOutputProject/Source/il2cppOutput/Unity.Collections_CodeGen.c"
[ 56/410    0s] C_iOS_arm64 Il2CppTempDirArtifacts/Debug/artifacts/arm64/actx/4bygi7ke1lzd.o
##### CommandLine
"/Applications/Xcode.app/Contents/Developer/Toolchains/XcodeDefault.xctoolchain/usr/bin/clang++" -Wswitch -Wno-trigraphs -Wno-tautological-compare -Wno-invalid-offsetof -Wno-implicitly-unsigned-literal -Wno-integer-overflow -Wno-shift-negative-value -Wno-unknown-attributes -Wno-implicit-function-declaration -Wno-null-conversion -Wno-missing-declarations -Wno-unused-value -Wno-pragma-once-outside-header -Wno-unknown-warning-option -Wno-undef-prefix -fvisibility=hidden -isysroot "/Applications/Xcode.app/Contents/Developer/Platforms/iPhoneOS.platform/Developer/SDKs/iPhoneOS18.2.sdk" -fexceptions -g -O0 -fno-strict-overflow -ffunction-sections -fdata-sections -fmessage-length=0 -pipe -DIL2CPP_DEBUG=1 -DHAVE_BDWGC_GC -DBASELIB_INLINE_NAMESPACE=il2cpp_baselib -DIL2CPP_MONO_DEBUGGER_DISABLED -DRUNTIME_IL2CPP -DTARGET_ARM64 -DIL2CPP_ENABLE_WRITE_BARRIERS=1 -DIL2CPP_INCREMENTAL_TIME_SLICE=3 -D_DEBUG -I"." -I"Il2CppOutputProject/Source/il2cppOutput" -I"Il2CppOutputProject/IL2CPP/libil2cpp/pch" -I"Il2CppOutputProject/IL2CPP/libil2cpp" -I"Il2CppOutputProject/IL2CPP/external/baselib/Include" -I"Il2CppOutputProject/IL2CPP/libil2cpp/os/ClassLibraryPAL/brotli/include" -I"Il2CppOutputProject/IL2CPP/external/baselib/Platforms/IOS/Include" -o "Il2CppTempDirArtifacts/Debug/artifacts/arm64/actx/4bygi7ke1lzd.o" -fcolor-diagnostics -arch arm64 -mios-version-min=11.0 -fno-strict-float-cast-overflow -c -x c "Il2CppOutputProject/Source/il2cppOutput/Il2CppMetadataRegistration.c"
[ 57/410    0s] C_iOS_arm64 Il2CppTempDirArtifacts/Debug/artifacts/arm64/actx/5al7wx4d9ija.o
##### CommandLine
"/Applications/Xcode.app/Contents/Developer/Toolchains/XcodeDefault.xctoolchain/usr/bin/clang++" -Wswitch -Wno-trigraphs -Wno-tautological-compare -Wno-invalid-offsetof -Wno-implicitly-unsigned-literal -Wno-integer-overflow -Wno-shift-negative-value -Wno-unknown-attributes -Wno-implicit-function-declaration -Wno-null-conversion -Wno-missing-declarations -Wno-unused-value -Wno-pragma-once-outside-header -Wno-unknown-warning-option -Wno-undef-prefix -fvisibility=hidden -isysroot "/Applications/Xcode.app/Contents/Developer/Platforms/iPhoneOS.platform/Developer/SDKs/iPhoneOS18.2.sdk" -fexceptions -g -O0 -fno-strict-overflow -ffunction-sections -fdata-sections -fmessage-length=0 -pipe -DIL2CPP_DEBUG=1 -DHAVE_BDWGC_GC -DBASELIB_INLINE_NAMESPACE=il2cpp_baselib -DIL2CPP_MONO_DEBUGGER_DISABLED -DRUNTIME_IL2CPP -DTARGET_ARM64 -DIL2CPP_ENABLE_WRITE_BARRIERS=1 -DIL2CPP_INCREMENTAL_TIME_SLICE=3 -D_DEBUG -I"." -I"Il2CppOutputProject/Source/il2cppOutput" -I"Il2CppOutputProject/IL2CPP/libil2cpp/pch" -I"Il2CppOutputProject/IL2CPP/libil2cpp" -I"Il2CppOutputProject/IL2CPP/external/baselib/Include" -I"Il2CppOutputProject/IL2CPP/libil2cpp/os/ClassLibraryPAL/brotli/include" -I"Il2CppOutputProject/IL2CPP/external/baselib/Platforms/IOS/Include" -o "Il2CppTempDirArtifacts/Debug/artifacts/arm64/actx/5al7wx4d9ija.o" -fcolor-diagnostics -arch arm64 -mios-version-min=11.0 -fno-strict-float-cast-overflow -c -x c "Il2CppOutputProject/Source/il2cppOutput/mscorlib_CodeGen.c"
[ 58/410    0s] C_iOS_arm64 Il2CppTempDirArtifacts/Debug/artifacts/arm64/actx/nmc88hvluxgn.o
##### CommandLine
"/Applications/Xcode.app/Contents/Developer/Toolchains/XcodeDefault.xctoolchain/usr/bin/clang++" -Wswitch -Wno-trigraphs -Wno-tautological-compare -Wno-invalid-offsetof -Wno-implicitly-unsigned-literal -Wno-integer-overflow -Wno-shift-negative-value -Wno-unknown-attributes -Wno-implicit-function-declaration -Wno-null-conversion -Wno-missing-declarations -Wno-unused-value -Wno-pragma-once-outside-header -Wno-unknown-warning-option -Wno-undef-prefix -fvisibility=hidden -isysroot "/Applications/Xcode.app/Contents/Developer/Platforms/iPhoneOS.platform/Developer/SDKs/iPhoneOS18.2.sdk" -fexceptions -g -O0 -fno-strict-overflow -ffunction-sections -fdata-sections -fmessage-length=0 -pipe -DIL2CPP_DEBUG=1 -DHAVE_BDWGC_GC -DBASELIB_INLINE_NAMESPACE=il2cpp_baselib -DIL2CPP_MONO_DEBUGGER_DISABLED -DRUNTIME_IL2CPP -DTARGET_ARM64 -DIL2CPP_ENABLE_WRITE_BARRIERS=1 -DIL2CPP_INCREMENTAL_TIME_SLICE=3 -D_DEBUG -I"." -I"Il2CppOutputProject/Source/il2cppOutput" -I"Il2CppOutputProject/IL2CPP/libil2cpp/pch" -I"Il2CppOutputProject/IL2CPP/libil2cpp" -I"Il2CppOutputProject/IL2CPP/external/baselib/Include" -I"Il2CppOutputProject/IL2CPP/libil2cpp/os/ClassLibraryPAL/brotli/include" -I"Il2CppOutputProject/IL2CPP/external/baselib/Platforms/IOS/Include" -o "Il2CppTempDirArtifacts/Debug/artifacts/arm64/actx/nmc88hvluxgn.o" -fcolor-diagnostics -arch arm64 -mios-version-min=11.0 -fno-strict-float-cast-overflow -c -x c "Il2CppOutputProject/Source/il2cppOutput/Il2CppGenericClassTable.c"
[ 59/410    0s] C_iOS_arm64 Il2CppTempDirArtifacts/Debug/artifacts/arm64/actx/cv21b5zb8bk7.o
##### CommandLine
"/Applications/Xcode.app/Contents/Developer/Toolchains/XcodeDefault.xctoolchain/usr/bin/clang++" -Wswitch -Wno-trigraphs -Wno-tautological-compare -Wno-invalid-offsetof -Wno-implicitly-unsigned-literal -Wno-integer-overflow -Wno-shift-negative-value -Wno-unknown-attributes -Wno-implicit-function-declaration -Wno-null-conversion -Wno-missing-declarations -Wno-unused-value -Wno-pragma-once-outside-header -Wno-unknown-warning-option -Wno-undef-prefix -fvisibility=hidden -isysroot "/Applications/Xcode.app/Contents/Developer/Platforms/iPhoneOS.platform/Developer/SDKs/iPhoneOS18.2.sdk" -fexceptions -g -O0 -fno-strict-overflow -ffunction-sections -fdata-sections -fmessage-length=0 -pipe -DIL2CPP_DEBUG=1 -DHAVE_BDWGC_GC -DBASELIB_INLINE_NAMESPACE=il2cpp_baselib -DIL2CPP_MONO_DEBUGGER_DISABLED -DRUNTIME_IL2CPP -DTARGET_ARM64 -DIL2CPP_ENABLE_WRITE_BARRIERS=1 -DIL2CPP_INCREMENTAL_TIME_SLICE=3 -D_DEBUG -I"." -I"Il2CppOutputProject/Source/il2cppOutput" -I"Il2CppOutputProject/IL2CPP/libil2cpp/pch" -I"Il2CppOutputProject/IL2CPP/libil2cpp" -I"Il2CppOutputProject/IL2CPP/external/baselib/Include" -I"Il2CppOutputProject/IL2CPP/libil2cpp/os/ClassLibraryPAL/brotli/include" -I"Il2CppOutputProject/IL2CPP/external/baselib/Platforms/IOS/Include" -o "Il2CppTempDirArtifacts/Debug/artifacts/arm64/actx/cv21b5zb8bk7.o" -fcolor-diagnostics -arch arm64 -mios-version-min=11.0 -fno-strict-float-cast-overflow -c -x c "Il2CppOutputProject/Source/il2cppOutput/Il2CppRgctxTable.c"
[ 60/410    0s] C_iOS_arm64 Il2CppTempDirArtifacts/Debug/artifacts/arm64/actx/4n58vlkhbckx.o
##### CommandLine
"/Applications/Xcode.app/Contents/Developer/Toolchains/XcodeDefault.xctoolchain/usr/bin/clang++" -Wswitch -Wno-trigraphs -Wno-tautological-compare -Wno-invalid-offsetof -Wno-implicitly-unsigned-literal -Wno-integer-overflow -Wno-shift-negative-value -Wno-unknown-attributes -Wno-implicit-function-declaration -Wno-null-conversion -Wno-missing-declarations -Wno-unused-value -Wno-pragma-once-outside-header -Wno-unknown-warning-option -Wno-undef-prefix -fvisibility=hidden -isysroot "/Applications/Xcode.app/Contents/Developer/Platforms/iPhoneOS.platform/Developer/SDKs/iPhoneOS18.2.sdk" -fexceptions -g -O0 -fno-strict-overflow -ffunction-sections -fdata-sections -fmessage-length=0 -pipe -DIL2CPP_DEBUG=1 -DHAVE_BDWGC_GC -DBASELIB_INLINE_NAMESPACE=il2cpp_baselib -DIL2CPP_MONO_DEBUGGER_DISABLED -DRUNTIME_IL2CPP -DTARGET_ARM64 -DIL2CPP_ENABLE_WRITE_BARRIERS=1 -DIL2CPP_INCREMENTAL_TIME_SLICE=3 -D_DEBUG -I"." -I"Il2CppOutputProject/Source/il2cppOutput" -I"Il2CppOutputProject/IL2CPP/libil2cpp/pch" -I"Il2CppOutputProject/IL2CPP/libil2cpp" -I"Il2CppOutputProject/IL2CPP/external/baselib/Include" -I"Il2CppOutputProject/IL2CPP/libil2cpp/os/ClassLibraryPAL/brotli/include" -I"Il2CppOutputProject/IL2CPP/external/baselib/Platforms/IOS/Include" -o "Il2CppTempDirArtifacts/Debug/artifacts/arm64/actx/4n58vlkhbckx.o" -fcolor-diagnostics -arch arm64 -mios-version-min=11.0 -fno-strict-float-cast-overflow -c -x c "Il2CppOutputProject/Source/il2cppOutput/Il2CppCCTypeValuesTable.c"
[ 61/410    0s] C_iOS_arm64 Il2CppTempDirArtifacts/Debug/artifacts/arm64/actx/i3tfqiupxwgr.o
##### CommandLine
"/Applications/Xcode.app/Contents/Developer/Toolchains/XcodeDefault.xctoolchain/usr/bin/clang++" -Wswitch -Wno-trigraphs -Wno-tautological-compare -Wno-invalid-offsetof -Wno-implicitly-unsigned-literal -Wno-integer-overflow -Wno-shift-negative-value -Wno-unknown-attributes -Wno-implicit-function-declaration -Wno-null-conversion -Wno-missing-declarations -Wno-unused-value -Wno-pragma-once-outside-header -Wno-unknown-warning-option -Wno-undef-prefix -fvisibility=hidden -isysroot "/Applications/Xcode.app/Contents/Developer/Platforms/iPhoneOS.platform/Developer/SDKs/iPhoneOS18.2.sdk" -fexceptions -g -O0 -fno-strict-overflow -ffunction-sections -fdata-sections -fmessage-length=0 -pipe -DIL2CPP_DEBUG=1 -DHAVE_BDWGC_GC -DBASELIB_INLINE_NAMESPACE=il2cpp_baselib -DIL2CPP_MONO_DEBUGGER_DISABLED -DRUNTIME_IL2CPP -DTARGET_ARM64 -DIL2CPP_ENABLE_WRITE_BARRIERS=1 -DIL2CPP_INCREMENTAL_TIME_SLICE=3 -D_DEBUG -I"." -I"Il2CppOutputProject/Source/il2cppOutput" -I"Il2CppOutputProject/IL2CPP/libil2cpp/pch" -I"Il2CppOutputProject/IL2CPP/libil2cpp" -I"Il2CppOutputProject/IL2CPP/external/baselib/Include" -I"Il2CppOutputProject/IL2CPP/libil2cpp/os/ClassLibraryPAL/brotli/include" -I"Il2CppOutputProject/IL2CPP/external/baselib/Platforms/IOS/Include" -o "Il2CppTempDirArtifacts/Debug/artifacts/arm64/actx/i3tfqiupxwgr.o" -fcolor-diagnostics -arch arm64 -mios-version-min=11.0 -fno-strict-float-cast-overflow -c -x c "Il2CppOutputProject/Source/il2cppOutput/Il2CppCCFieldValuesTable.c"
[ 62/410    0s] C_iOS_arm64 Il2CppTempDirArtifacts/Debug/artifacts/arm64/actx/7axy38zlaueu.o
##### CommandLine
"/Applications/Xcode.app/Contents/Developer/Toolchains/XcodeDefault.xctoolchain/usr/bin/clang++" -std=c++17 -Wswitch -Wno-trigraphs -Wno-tautological-compare -Wno-invalid-offsetof -Wno-implicitly-unsigned-literal -Wno-integer-overflow -Wno-shift-negative-value -Wno-unknown-attributes -Wno-implicit-function-declaration -Wno-null-conversion -Wno-missing-declarations -Wno-unused-value -Wno-pragma-once-outside-header -Wno-unknown-warning-option -Wno-undef-prefix -fvisibility=hidden -isysroot "/Applications/Xcode.app/Contents/Developer/Platforms/iPhoneOS.platform/Developer/SDKs/iPhoneOS18.2.sdk" -fexceptions -frtti -g -O0 -fno-strict-overflow -ffunction-sections -fdata-sections -fmessage-length=0 -pipe -DIL2CPP_DEBUG=1 -DHAVE_BDWGC_GC -DBASELIB_INLINE_NAMESPACE=il2cpp_baselib -DIL2CPP_MONO_DEBUGGER_DISABLED -DRUNTIME_IL2CPP -DTARGET_ARM64 -DIL2CPP_ENABLE_WRITE_BARRIERS=1 -DIL2CPP_INCREMENTAL_TIME_SLICE=3 -D_DEBUG -I"." -I"Il2CppOutputProject/Source/il2cppOutput" -I"Il2CppOutputProject/IL2CPP/libil2cpp/pch" -I"Il2CppOutputProject/IL2CPP/libil2cpp" -I"Il2CppOutputProject/IL2CPP/external/baselib/Include" -I"Il2CppOutputProject/IL2CPP/libil2cpp/os/ClassLibraryPAL/brotli/include" -I"Il2CppOutputProject/IL2CPP/external/baselib/Platforms/IOS/Include" -o "Il2CppTempDirArtifacts/Debug/artifacts/arm64/actx/7axy38zlaueu.o" -fcolor-diagnostics -stdlib=libc++ -arch arm64 -mios-version-min=11.0 -fno-strict-float-cast-overflow -c -x c++ "Il2CppOutputProject/Source/il2cppOutput/UnityICallRegistration.cpp"
[ 63/410    0s] C_iOS_arm64 Il2CppTempDirArtifacts/Debug/artifacts/arm64/actx/n9xtuyqp13t0.o
##### CommandLine
"/Applications/Xcode.app/Contents/Developer/Toolchains/XcodeDefault.xctoolchain/usr/bin/clang++" -Wswitch -Wno-trigraphs -Wno-tautological-compare -Wno-invalid-offsetof -Wno-implicitly-unsigned-literal -Wno-integer-overflow -Wno-shift-negative-value -Wno-unknown-attributes -Wno-implicit-function-declaration -Wno-null-conversion -Wno-missing-declarations -Wno-unused-value -Wno-pragma-once-outside-header -Wno-unknown-warning-option -Wno-undef-prefix -fvisibility=hidden -isysroot "/Applications/Xcode.app/Contents/Developer/Platforms/iPhoneOS.platform/Developer/SDKs/iPhoneOS18.2.sdk" -fexceptions -g -O0 -fno-strict-overflow -ffunction-sections -fdata-sections -fmessage-length=0 -pipe -DIL2CPP_DEBUG=1 -DHAVE_BDWGC_GC -DBASELIB_INLINE_NAMESPACE=il2cpp_baselib -DIL2CPP_MONO_DEBUGGER_DISABLED -DRUNTIME_IL2CPP -DTARGET_ARM64 -DIL2CPP_ENABLE_WRITE_BARRIERS=1 -DIL2CPP_INCREMENTAL_TIME_SLICE=3 -D_DEBUG -I"." -I"Il2CppOutputProject/Source/il2cppOutput" -I"Il2CppOutputProject/IL2CPP/libil2cpp/pch" -I"Il2CppOutputProject/IL2CPP/libil2cpp" -I"Il2CppOutputProject/IL2CPP/external/baselib/Include" -I"Il2CppOutputProject/IL2CPP/libil2cpp/os/ClassLibraryPAL/brotli/include" -I"Il2CppOutputProject/IL2CPP/external/baselib/Platforms/IOS/Include" -o "Il2CppTempDirArtifacts/Debug/artifacts/arm64/actx/n9xtuyqp13t0.o" -fcolor-diagnostics -arch arm64 -mios-version-min=11.0 -fno-strict-float-cast-overflow -c -x c "Il2CppOutputProject/Source/il2cppOutput/Il2CppGenericAdjustorThunkTable.c"
[ 64/410    0s] C_iOS_arm64 Il2CppTempDirArtifacts/Debug/artifacts/arm64/actx/zvftccpgdq5r.o
##### CommandLine
"/Applications/Xcode.app/Contents/Developer/Toolchains/XcodeDefault.xctoolchain/usr/bin/clang++" -Wswitch -Wno-trigraphs -Wno-tautological-compare -Wno-invalid-offsetof -Wno-implicitly-unsigned-literal -Wno-integer-overflow -Wno-shift-negative-value -Wno-unknown-attributes -Wno-implicit-function-declaration -Wno-null-conversion -Wno-missing-declarations -Wno-unused-value -Wno-pragma-once-outside-header -Wno-unknown-warning-option -Wno-undef-prefix -fvisibility=hidden -isysroot "/Applications/Xcode.app/Contents/Developer/Platforms/iPhoneOS.platform/Developer/SDKs/iPhoneOS18.2.sdk" -fexceptions -g -O0 -fno-strict-overflow -ffunction-sections -fdata-sections -fmessage-length=0 -pipe -DIL2CPP_DEBUG=1 -DHAVE_BDWGC_GC -DBASELIB_INLINE_NAMESPACE=il2cpp_baselib -DIL2CPP_MONO_DEBUGGER_DISABLED -DRUNTIME_IL2CPP -DTARGET_ARM64 -DIL2CPP_ENABLE_WRITE_BARRIERS=1 -DIL2CPP_INCREMENTAL_TIME_SLICE=3 -D_DEBUG -I"." -I"Il2CppOutputProject/Source/il2cppOutput" -I"Il2CppOutputProject/IL2CPP/libil2cpp/pch" -I"Il2CppOutputProject/IL2CPP/libil2cpp" -I"Il2CppOutputProject/IL2CPP/external/baselib/Include" -I"Il2CppOutputProject/IL2CPP/libil2cpp/os/ClassLibraryPAL/brotli/include" -I"Il2CppOutputProject/IL2CPP/external/baselib/Platforms/IOS/Include" -o "Il2CppTempDirArtifacts/Debug/artifacts/arm64/actx/zvftccpgdq5r.o" -fcolor-diagnostics -arch arm64 -mios-version-min=11.0 -fno-strict-float-cast-overflow -c -x c "Il2CppOutputProject/Source/il2cppOutput/Il2CppGenericInstDefinitions.c"
[ 65/410    0s] C_iOS_arm64 Il2CppTempDirArtifacts/Debug/artifacts/arm64/actx/s2nx082a5k76.o
##### CommandLine
"/Applications/Xcode.app/Contents/Developer/Toolchains/XcodeDefault.xctoolchain/usr/bin/clang++" -Wswitch -Wno-trigraphs -Wno-tautological-compare -Wno-invalid-offsetof -Wno-implicitly-unsigned-literal -Wno-integer-overflow -Wno-shift-negative-value -Wno-unknown-attributes -Wno-implicit-function-declaration -Wno-null-conversion -Wno-missing-declarations -Wno-unused-value -Wno-pragma-once-outside-header -Wno-unknown-warning-option -Wno-undef-prefix -fvisibility=hidden -isysroot "/Applications/Xcode.app/Contents/Developer/Platforms/iPhoneOS.platform/Developer/SDKs/iPhoneOS18.2.sdk" -fexceptions -g -O0 -fno-strict-overflow -ffunction-sections -fdata-sections -fmessage-length=0 -pipe -DIL2CPP_DEBUG=1 -DHAVE_BDWGC_GC -DBASELIB_INLINE_NAMESPACE=il2cpp_baselib -DIL2CPP_MONO_DEBUGGER_DISABLED -DRUNTIME_IL2CPP -DTARGET_ARM64 -DIL2CPP_ENABLE_WRITE_BARRIERS=1 -DIL2CPP_INCREMENTAL_TIME_SLICE=3 -D_DEBUG -I"." -I"Il2CppOutputProject/Source/il2cppOutput" -I"Il2CppOutputProject/IL2CPP/libil2cpp/pch" -I"Il2CppOutputProject/IL2CPP/libil2cpp" -I"Il2CppOutputProject/IL2CPP/external/baselib/Include" -I"Il2CppOutputProject/IL2CPP/libil2cpp/os/ClassLibraryPAL/brotli/include" -I"Il2CppOutputProject/IL2CPP/external/baselib/Platforms/IOS/Include" -o "Il2CppTempDirArtifacts/Debug/artifacts/arm64/actx/s2nx082a5k76.o" -fcolor-diagnostics -arch arm64 -mios-version-min=11.0 -fno-strict-float-cast-overflow -c -x c "Il2CppOutputProject/Source/il2cppOutput/Il2CppGenericMethodDefinitions.c"
[ 66/410    0s] C_iOS_arm64 Il2CppTempDirArtifacts/Debug/artifacts/arm64/actx/kw9nf0h3nn42.o
##### CommandLine
"/Applications/Xcode.app/Contents/Developer/Toolchains/XcodeDefault.xctoolchain/usr/bin/clang++" -Wswitch -Wno-trigraphs -Wno-tautological-compare -Wno-invalid-offsetof -Wno-implicitly-unsigned-literal -Wno-integer-overflow -Wno-shift-negative-value -Wno-unknown-attributes -Wno-implicit-function-declaration -Wno-null-conversion -Wno-missing-declarations -Wno-unused-value -Wno-pragma-once-outside-header -Wno-unknown-warning-option -Wno-undef-prefix -fvisibility=hidden -isysroot "/Applications/Xcode.app/Contents/Developer/Platforms/iPhoneOS.platform/Developer/SDKs/iPhoneOS18.2.sdk" -fexceptions -g -O0 -fno-strict-overflow -ffunction-sections -fdata-sections -fmessage-length=0 -pipe -DIL2CPP_DEBUG=1 -DHAVE_BDWGC_GC -DBASELIB_INLINE_NAMESPACE=il2cpp_baselib -DIL2CPP_MONO_DEBUGGER_DISABLED -DRUNTIME_IL2CPP -DTARGET_ARM64 -DIL2CPP_ENABLE_WRITE_BARRIERS=1 -DIL2CPP_INCREMENTAL_TIME_SLICE=3 -D_DEBUG -I"." -I"Il2CppOutputProject/Source/il2cppOutput" -I"Il2CppOutputProject/IL2CPP/libil2cpp/pch" -I"Il2CppOutputProject/IL2CPP/libil2cpp" -I"Il2CppOutputProject/IL2CPP/external/baselib/Include" -I"Il2CppOutputProject/IL2CPP/libil2cpp/os/ClassLibraryPAL/brotli/include" -I"Il2CppOutputProject/IL2CPP/external/baselib/Platforms/IOS/Include" -o "Il2CppTempDirArtifacts/Debug/artifacts/arm64/actx/kw9nf0h3nn42.o" -fcolor-diagnostics -arch arm64 -mios-version-min=11.0 -fno-strict-float-cast-overflow -c -x c "Il2CppOutputProject/Source/il2cppOutput/Il2CppMetadataUsage.c"
[ 67/410    0s] C_iOS_arm64 Il2CppTempDirArtifacts/Debug/artifacts/arm64/actx/tyjo7lovil21.o
##### CommandLine
"/Applications/Xcode.app/Contents/Developer/Toolchains/XcodeDefault.xctoolchain/usr/bin/clang++" -std=c++17 -Wswitch -Wno-trigraphs -Wno-tautological-compare -Wno-invalid-offsetof -Wno-implicitly-unsigned-literal -Wno-integer-overflow -Wno-shift-negative-value -Wno-unknown-attributes -Wno-implicit-function-declaration -Wno-null-conversion -Wno-missing-declarations -Wno-unused-value -Wno-pragma-once-outside-header -Wno-unknown-warning-option -Wno-undef-prefix -fvisibility=hidden -isysroot "/Applications/Xcode.app/Contents/Developer/Platforms/iPhoneOS.platform/Developer/SDKs/iPhoneOS18.2.sdk" -fexceptions -frtti -g -O0 -fno-strict-overflow -ffunction-sections -fdata-sections -fmessage-length=0 -pipe -DIL2CPP_DEBUG=1 -DHAVE_BDWGC_GC -DBASELIB_INLINE_NAMESPACE=il2cpp_baselib -DIL2CPP_MONO_DEBUGGER_DISABLED -DRUNTIME_IL2CPP -DTARGET_ARM64 -DIL2CPP_ENABLE_WRITE_BARRIERS=1 -DIL2CPP_INCREMENTAL_TIME_SLICE=3 -D_DEBUG -I"." -I"Il2CppOutputProject/Source/il2cppOutput" -I"Il2CppOutputProject/IL2CPP/libil2cpp/pch" -I"Il2CppOutputProject/IL2CPP/libil2cpp" -I"Il2CppOutputProject/IL2CPP/external/baselib/Include" -I"Il2CppOutputProject/IL2CPP/libil2cpp/os/ClassLibraryPAL/brotli/include" -I"Il2CppOutputProject/IL2CPP/external/baselib/Platforms/IOS/Include" -o "Il2CppTempDirArtifacts/Debug/artifacts/arm64/actx/tyjo7lovil21.o" -fcolor-diagnostics -stdlib=libc++ -arch arm64 -mios-version-min=11.0 -fno-strict-float-cast-overflow -c -x c++ "Il2CppOutputProject/Source/il2cppOutput/__Generated.cpp"
[ 68/410    0s] C_iOS_arm64 Il2CppTempDirArtifacts/Debug/artifacts/arm64/actx/ig3dx675uta5.o
##### CommandLine
"/Applications/Xcode.app/Contents/Developer/Toolchains/XcodeDefault.xctoolchain/usr/bin/clang++" -Wswitch -Wno-trigraphs -Wno-tautological-compare -Wno-invalid-offsetof -Wno-implicitly-unsigned-literal -Wno-integer-overflow -Wno-shift-negative-value -Wno-unknown-attributes -Wno-implicit-function-declaration -Wno-null-conversion -Wno-missing-declarations -Wno-unused-value -Wno-pragma-once-outside-header -Wno-unknown-warning-option -Wno-undef-prefix -fvisibility=hidden -isysroot "/Applications/Xcode.app/Contents/Developer/Platforms/iPhoneOS.platform/Developer/SDKs/iPhoneOS18.2.sdk" -fexceptions -g -O0 -fno-strict-overflow -ffunction-sections -fdata-sections -fmessage-length=0 -pipe -DIL2CPP_DEBUG=1 -DHAVE_BDWGC_GC -DBASELIB_INLINE_NAMESPACE=il2cpp_baselib -DIL2CPP_MONO_DEBUGGER_DISABLED -DRUNTIME_IL2CPP -DTARGET_ARM64 -DIL2CPP_ENABLE_WRITE_BARRIERS=1 -DIL2CPP_INCREMENTAL_TIME_SLICE=3 -D_DEBUG -I"." -I"Il2CppOutputProject/Source/il2cppOutput" -I"Il2CppOutputProject/IL2CPP/libil2cpp/pch" -I"Il2CppOutputProject/IL2CPP/libil2cpp" -I"Il2CppOutputProject/IL2CPP/external/baselib/Include" -I"Il2CppOutputProject/IL2CPP/libil2cpp/os/ClassLibraryPAL/brotli/include" -I"Il2CppOutputProject/IL2CPP/external/baselib/Platforms/IOS/Include" -o "Il2CppTempDirArtifacts/Debug/artifacts/arm64/actx/ig3dx675uta5.o" -fcolor-diagnostics -arch arm64 -mios-version-min=11.0 -fno-strict-float-cast-overflow -c -x c "Il2CppOutputProject/Source/il2cppOutput/Il2CppGenericMethodTable.c"
[ 69/410    0s] C_iOS_arm64 Il2CppTempDirArtifacts/Debug/artifacts/arm64/actx/rm3oe71efpbi.o
##### CommandLine
"/Applications/Xcode.app/Contents/Developer/Toolchains/XcodeDefault.xctoolchain/usr/bin/clang++" -std=c++17 -Wswitch -Wno-trigraphs -Wno-tautological-compare -Wno-invalid-offsetof -Wno-implicitly-unsigned-literal -Wno-integer-overflow -Wno-shift-negative-value -Wno-unknown-attributes -Wno-implicit-function-declaration -Wno-null-conversion -Wno-missing-declarations -Wno-unused-value -Wno-pragma-once-outside-header -Wno-unknown-warning-option -Wno-undef-prefix -fvisibility=hidden -isysroot "/Applications/Xcode.app/Contents/Developer/Platforms/iPhoneOS.platform/Developer/SDKs/iPhoneOS18.2.sdk" -fexceptions -frtti -g -O0 -fno-strict-overflow -ffunction-sections -fdata-sections -fmessage-length=0 -pipe -DIL2CPP_DEBUG=1 -DHAVE_BDWGC_GC -DBASELIB_INLINE_NAMESPACE=il2cpp_baselib -DIL2CPP_MONO_DEBUGGER_DISABLED -DRUNTIME_IL2CPP -DTARGET_ARM64 -DIL2CPP_ENABLE_WRITE_BARRIERS=1 -DIL2CPP_INCREMENTAL_TIME_SLICE=3 -D_DEBUG -I"." -I"Il2CppOutputProject/Source/il2cppOutput" -I"Il2CppOutputProject/IL2CPP/libil2cpp/pch" -I"Il2CppOutputProject/IL2CPP/libil2cpp" -I"Il2CppOutputProject/IL2CPP/external/baselib/Include" -I"Il2CppOutputProject/IL2CPP/libil2cpp/os/ClassLibraryPAL/brotli/include" -I"Il2CppOutputProject/IL2CPP/external/baselib/Platforms/IOS/Include" -o "Il2CppTempDirArtifacts/Debug/artifacts/arm64/actx/rm3oe71efpbi.o" -fcolor-diagnostics -stdlib=libc++ -arch arm64 -mios-version-min=11.0 -fno-strict-float-cast-overflow -c -x c++ "Il2CppOutputProject/Source/il2cppOutput/UnityEngine.VFXModule.cpp"
[ 70/410    0s] C_iOS_arm64 Il2CppTempDirArtifacts/Debug/artifacts/arm64/actx/7g6zq9s8tr3m.o
##### CommandLine
"/Applications/Xcode.app/Contents/Developer/Toolchains/XcodeDefault.xctoolchain/usr/bin/clang++" -Wswitch -Wno-trigraphs -Wno-tautological-compare -Wno-invalid-offsetof -Wno-implicitly-unsigned-literal -Wno-integer-overflow -Wno-shift-negative-value -Wno-unknown-attributes -Wno-implicit-function-declaration -Wno-null-conversion -Wno-missing-declarations -Wno-unused-value -Wno-pragma-once-outside-header -Wno-unknown-warning-option -Wno-undef-prefix -fvisibility=hidden -isysroot "/Applications/Xcode.app/Contents/Developer/Platforms/iPhoneOS.platform/Developer/SDKs/iPhoneOS18.2.sdk" -fexceptions -g -O0 -fno-strict-overflow -ffunction-sections -fdata-sections -fmessage-length=0 -pipe -DIL2CPP_DEBUG=1 -DHAVE_BDWGC_GC -DBASELIB_INLINE_NAMESPACE=il2cpp_baselib -DIL2CPP_MONO_DEBUGGER_DISABLED -DRUNTIME_IL2CPP -DTARGET_ARM64 -DIL2CPP_ENABLE_WRITE_BARRIERS=1 -DIL2CPP_INCREMENTAL_TIME_SLICE=3 -D_DEBUG -I"." -I"Il2CppOutputProject/Source/il2cppOutput" -I"Il2CppOutputProject/IL2CPP/libil2cpp/pch" -I"Il2CppOutputProject/IL2CPP/libil2cpp" -I"Il2CppOutputProject/IL2CPP/external/baselib/Include" -I"Il2CppOutputProject/IL2CPP/libil2cpp/os/ClassLibraryPAL/brotli/include" -I"Il2CppOutputProject/IL2CPP/external/baselib/Platforms/IOS/Include" -o "Il2CppTempDirArtifacts/Debug/artifacts/arm64/actx/7g6zq9s8tr3m.o" -fcolor-diagnostics -arch arm64 -mios-version-min=11.0 -fno-strict-float-cast-overflow -c -x c "Il2CppOutputProject/Source/il2cppOutput/Il2CppGenericMethodPointerTable.c"
[ 71/410    1s] C_iOS_arm64 Il2CppTempDirArtifacts/Debug/artifacts/arm64/actx/byqlmca3cgtk.o
##### CommandLine
"/Applications/Xcode.app/Contents/Developer/Toolchains/XcodeDefault.xctoolchain/usr/bin/clang++" -std=c++17 -Wswitch -Wno-trigraphs -Wno-tautological-compare -Wno-invalid-offsetof -Wno-implicitly-unsigned-literal -Wno-integer-overflow -Wno-shift-negative-value -Wno-unknown-attributes -Wno-implicit-function-declaration -Wno-null-conversion -Wno-missing-declarations -Wno-unused-value -Wno-pragma-once-outside-header -Wno-unknown-warning-option -Wno-undef-prefix -fvisibility=hidden -isysroot "/Applications/Xcode.app/Contents/Developer/Platforms/iPhoneOS.platform/Developer/SDKs/iPhoneOS18.2.sdk" -fexceptions -frtti -g -O0 -fno-strict-overflow -ffunction-sections -fdata-sections -fmessage-length=0 -pipe -DIL2CPP_DEBUG=1 -DHAVE_BDWGC_GC -DBASELIB_INLINE_NAMESPACE=il2cpp_baselib -DIL2CPP_MONO_DEBUGGER_DISABLED -DRUNTIME_IL2CPP -DTARGET_ARM64 -DIL2CPP_ENABLE_WRITE_BARRIERS=1 -DIL2CPP_INCREMENTAL_TIME_SLICE=3 -D_DEBUG -I"." -I"Il2CppOutputProject/Source/il2cppOutput" -I"Il2CppOutputProject/IL2CPP/libil2cpp/pch" -I"Il2CppOutputProject/IL2CPP/libil2cpp" -I"Il2CppOutputProject/IL2CPP/external/baselib/Include" -I"Il2CppOutputProject/IL2CPP/libil2cpp/os/ClassLibraryPAL/brotli/include" -I"Il2CppOutputProject/IL2CPP/external/baselib/Platforms/IOS/Include" -o "Il2CppTempDirArtifacts/Debug/artifacts/arm64/actx/byqlmca3cgtk.o" -fcolor-diagnostics -stdlib=libc++ -arch arm64 -mios-version-min=11.0 -fno-strict-float-cast-overflow -c -x c++ "Il2CppOutputProject/Source/il2cppOutput/GenericMethods.cpp"
[ 72/410    1s] C_iOS_arm64 Il2CppTempDirArtifacts/Debug/artifacts/arm64/actx/gu5q5jo0tvhs.o
##### CommandLine
"/Applications/Xcode.app/Contents/Developer/Toolchains/XcodeDefault.xctoolchain/usr/bin/clang++" -Wswitch -Wno-trigraphs -Wno-tautological-compare -Wno-invalid-offsetof -Wno-implicitly-unsigned-literal -Wno-integer-overflow -Wno-shift-negative-value -Wno-unknown-attributes -Wno-implicit-function-declaration -Wno-null-conversion -Wno-missing-declarations -Wno-unused-value -Wno-pragma-once-outside-header -Wno-unknown-warning-option -Wno-undef-prefix -fvisibility=hidden -isysroot "/Applications/Xcode.app/Contents/Developer/Platforms/iPhoneOS.platform/Developer/SDKs/iPhoneOS18.2.sdk" -fexceptions -g -O0 -fno-strict-overflow -ffunction-sections -fdata-sections -fmessage-length=0 -pipe -DIL2CPP_DEBUG=1 -DHAVE_BDWGC_GC -DBASELIB_INLINE_NAMESPACE=il2cpp_baselib -DIL2CPP_MONO_DEBUGGER_DISABLED -DRUNTIME_IL2CPP -DTARGET_ARM64 -DIL2CPP_ENABLE_WRITE_BARRIERS=1 -DIL2CPP_INCREMENTAL_TIME_SLICE=3 -D_DEBUG -I"." -I"Il2CppOutputProject/Source/il2cppOutput" -I"Il2CppOutputProject/IL2CPP/libil2cpp/pch" -I"Il2CppOutputProject/IL2CPP/libil2cpp" -I"Il2CppOutputProject/IL2CPP/external/baselib/Include" -I"Il2CppOutputProject/IL2CPP/libil2cpp/os/ClassLibraryPAL/brotli/include" -I"Il2CppOutputProject/IL2CPP/external/baselib/Platforms/IOS/Include" -o "Il2CppTempDirArtifacts/Debug/artifacts/arm64/actx/gu5q5jo0tvhs.o" -fcolor-diagnostics -arch arm64 -mios-version-min=11.0 -fno-strict-float-cast-overflow -c -x c "Il2CppOutputProject/Source/il2cppOutput/Il2CppTypeDefinitions.c"
[ 73/410    0s] C_iOS_arm64 Il2CppTempDirArtifacts/Debug/artifacts/arm64/actx/vgvnpbo95t2l.o
##### CommandLine
"/Applications/Xcode.app/Contents/Developer/Toolchains/XcodeDefault.xctoolchain/usr/bin/clang++" -std=c++17 -Wswitch -Wno-trigraphs -Wno-tautological-compare -Wno-invalid-offsetof -Wno-implicitly-unsigned-literal -Wno-integer-overflow -Wno-shift-negative-value -Wno-unknown-attributes -Wno-implicit-function-declaration -Wno-null-conversion -Wno-missing-declarations -Wno-unused-value -Wno-pragma-once-outside-header -Wno-unknown-warning-option -Wno-undef-prefix -fvisibility=hidden -isysroot "/Applications/Xcode.app/Contents/Developer/Platforms/iPhoneOS.platform/Developer/SDKs/iPhoneOS18.2.sdk" -fexceptions -frtti -g -O0 -fno-strict-overflow -ffunction-sections -fdata-sections -fmessage-length=0 -pipe -DIL2CPP_DEBUG=1 -DHAVE_BDWGC_GC -DBASELIB_INLINE_NAMESPACE=il2cpp_baselib -DIL2CPP_MONO_DEBUGGER_DISABLED -DRUNTIME_IL2CPP -DTARGET_ARM64 -DIL2CPP_ENABLE_WRITE_BARRIERS=1 -DIL2CPP_INCREMENTAL_TIME_SLICE=3 -D_DEBUG -I"." -I"Il2CppOutputProject/Source/il2cppOutput" -I"Il2CppOutputProject/IL2CPP/libil2cpp/pch" -I"Il2CppOutputProject/IL2CPP/libil2cpp" -I"Il2CppOutputProject/IL2CPP/external/baselib/Include" -I"Il2CppOutputProject/IL2CPP/libil2cpp/os/ClassLibraryPAL/brotli/include" -I"Il2CppOutputProject/IL2CPP/external/baselib/Platforms/IOS/Include" -o "Il2CppTempDirArtifacts/Debug/artifacts/arm64/actx/vgvnpbo95t2l.o" -fcolor-diagnostics -stdlib=libc++ -arch arm64 -mios-version-min=11.0 -fno-strict-float-cast-overflow -c -x c++ "Il2CppOutputProject/Source/il2cppOutput/UnityEngine.UIModule.cpp"
[ 74/410    1s] C_iOS_arm64 Il2CppTempDirArtifacts/Debug/artifacts/arm64/actx/uwagkf9b3lt5.o
##### CommandLine
"/Applications/Xcode.app/Contents/Developer/Toolchains/XcodeDefault.xctoolchain/usr/bin/clang++" -std=c++17 -Wswitch -Wno-trigraphs -Wno-tautological-compare -Wno-invalid-offsetof -Wno-implicitly-unsigned-literal -Wno-integer-overflow -Wno-shift-negative-value -Wno-unknown-attributes -Wno-implicit-function-declaration -Wno-null-conversion -Wno-missing-declarations -Wno-unused-value -Wno-pragma-once-outside-header -Wno-unknown-warning-option -Wno-undef-prefix -fvisibility=hidden -isysroot "/Applications/Xcode.app/Contents/Developer/Platforms/iPhoneOS.platform/Developer/SDKs/iPhoneOS18.2.sdk" -fexceptions -frtti -g -O0 -fno-strict-overflow -ffunction-sections -fdata-sections -fmessage-length=0 -pipe -DIL2CPP_DEBUG=1 -DHAVE_BDWGC_GC -DBASELIB_INLINE_NAMESPACE=il2cpp_baselib -DIL2CPP_MONO_DEBUGGER_DISABLED -DRUNTIME_IL2CPP -DTARGET_ARM64 -DIL2CPP_ENABLE_WRITE_BARRIERS=1 -DIL2CPP_INCREMENTAL_TIME_SLICE=3 -D_DEBUG -I"." -I"Il2CppOutputProject/Source/il2cppOutput" -I"Il2CppOutputProject/IL2CPP/libil2cpp/pch" -I"Il2CppOutputProject/IL2CPP/libil2cpp" -I"Il2CppOutputProject/IL2CPP/external/baselib/Include" -I"Il2CppOutputProject/IL2CPP/libil2cpp/os/ClassLibraryPAL/brotli/include" -I"Il2CppOutputProject/IL2CPP/external/baselib/Platforms/IOS/Include" -o "Il2CppTempDirArtifacts/Debug/artifacts/arm64/actx/uwagkf9b3lt5.o" -fcolor-diagnostics -stdlib=libc++ -arch arm64 -mios-version-min=11.0 -fno-strict-float-cast-overflow -c -x c++ "Il2CppOutputProject/Source/il2cppOutput/UnityEngine.UI__3.cpp"
[ 75/410    0s] C_iOS_arm64 Il2CppTempDirArtifacts/Debug/artifacts/arm64/actx/88mbkqegwv06.o
##### CommandLine
"/Applications/Xcode.app/Contents/Developer/Toolchains/XcodeDefault.xctoolchain/usr/bin/clang++" -std=c++17 -Wswitch -Wno-trigraphs -Wno-tautological-compare -Wno-invalid-offsetof -Wno-implicitly-unsigned-literal -Wno-integer-overflow -Wno-shift-negative-value -Wno-unknown-attributes -Wno-implicit-function-declaration -Wno-null-conversion -Wno-missing-declarations -Wno-unused-value -Wno-pragma-once-outside-header -Wno-unknown-warning-option -Wno-undef-prefix -fvisibility=hidden -isysroot "/Applications/Xcode.app/Contents/Developer/Platforms/iPhoneOS.platform/Developer/SDKs/iPhoneOS18.2.sdk" -fexceptions -frtti -g -O0 -fno-strict-overflow -ffunction-sections -fdata-sections -fmessage-length=0 -pipe -DIL2CPP_DEBUG=1 -DHAVE_BDWGC_GC -DBASELIB_INLINE_NAMESPACE=il2cpp_baselib -DIL2CPP_MONO_DEBUGGER_DISABLED -DRUNTIME_IL2CPP -DTARGET_ARM64 -DIL2CPP_ENABLE_WRITE_BARRIERS=1 -DIL2CPP_INCREMENTAL_TIME_SLICE=3 -D_DEBUG -I"." -I"Il2CppOutputProject/Source/il2cppOutput" -I"Il2CppOutputProject/IL2CPP/libil2cpp/pch" -I"Il2CppOutputProject/IL2CPP/libil2cpp" -I"Il2CppOutputProject/IL2CPP/external/baselib/Include" -I"Il2CppOutputProject/IL2CPP/libil2cpp/os/ClassLibraryPAL/brotli/include" -I"Il2CppOutputProject/IL2CPP/external/baselib/Platforms/IOS/Include" -o "Il2CppTempDirArtifacts/Debug/artifacts/arm64/actx/88mbkqegwv06.o" -fcolor-diagnostics -stdlib=libc++ -arch arm64 -mios-version-min=11.0 -fno-strict-float-cast-overflow -c -x c++ "Il2CppOutputProject/Source/il2cppOutput/UnityEngine.UI__1.cpp"
[ 76/410    1s] C_iOS_arm64 Il2CppTempDirArtifacts/Debug/artifacts/arm64/actx/toqzzzsdzjcq.o
##### CommandLine
"/Applications/Xcode.app/Contents/Developer/Toolchains/XcodeDefault.xctoolchain/usr/bin/clang++" -std=c++17 -Wswitch -Wno-trigraphs -Wno-tautological-compare -Wno-invalid-offsetof -Wno-implicitly-unsigned-literal -Wno-integer-overflow -Wno-shift-negative-value -Wno-unknown-attributes -Wno-implicit-function-declaration -Wno-null-conversion -Wno-missing-declarations -Wno-unused-value -Wno-pragma-once-outside-header -Wno-unknown-warning-option -Wno-undef-prefix -fvisibility=hidden -isysroot "/Applications/Xcode.app/Contents/Developer/Platforms/iPhoneOS.platform/Developer/SDKs/iPhoneOS18.2.sdk" -fexceptions -frtti -g -O0 -fno-strict-overflow -ffunction-sections -fdata-sections -fmessage-length=0 -pipe -DIL2CPP_DEBUG=1 -DHAVE_BDWGC_GC -DBASELIB_INLINE_NAMESPACE=il2cpp_baselib -DIL2CPP_MONO_DEBUGGER_DISABLED -DRUNTIME_IL2CPP -DTARGET_ARM64 -DIL2CPP_ENABLE_WRITE_BARRIERS=1 -DIL2CPP_INCREMENTAL_TIME_SLICE=3 -D_DEBUG -I"." -I"Il2CppOutputProject/Source/il2cppOutput" -I"Il2CppOutputProject/IL2CPP/libil2cpp/pch" -I"Il2CppOutputProject/IL2CPP/libil2cpp" -I"Il2CppOutputProject/IL2CPP/external/baselib/Include" -I"Il2CppOutputProject/IL2CPP/libil2cpp/os/ClassLibraryPAL/brotli/include" -I"Il2CppOutputProject/IL2CPP/external/baselib/Platforms/IOS/Include" -o "Il2CppTempDirArtifacts/Debug/artifacts/arm64/actx/toqzzzsdzjcq.o" -fcolor-diagnostics -stdlib=libc++ -arch arm64 -mios-version-min=11.0 -fno-strict-float-cast-overflow -c -x c++ "Il2CppOutputProject/Source/il2cppOutput/UnityEngine.UI__2.cpp"
[ 77/410    1s] C_iOS_arm64 Il2CppTempDirArtifacts/Debug/artifacts/arm64/actx/1zu6dmnolsw7.o
##### CommandLine
"/Applications/Xcode.app/Contents/Developer/Toolchains/XcodeDefault.xctoolchain/usr/bin/clang++" -std=c++17 -Wswitch -Wno-trigraphs -Wno-tautological-compare -Wno-invalid-offsetof -Wno-implicitly-unsigned-literal -Wno-integer-overflow -Wno-shift-negative-value -Wno-unknown-attributes -Wno-implicit-function-declaration -Wno-null-conversion -Wno-missing-declarations -Wno-unused-value -Wno-pragma-once-outside-header -Wno-unknown-warning-option -Wno-undef-prefix -fvisibility=hidden -isysroot "/Applications/Xcode.app/Contents/Developer/Platforms/iPhoneOS.platform/Developer/SDKs/iPhoneOS18.2.sdk" -fexceptions -frtti -g -O0 -fno-strict-overflow -ffunction-sections -fdata-sections -fmessage-length=0 -pipe -DIL2CPP_DEBUG=1 -DHAVE_BDWGC_GC -DBASELIB_INLINE_NAMESPACE=il2cpp_baselib -DIL2CPP_MONO_DEBUGGER_DISABLED -DRUNTIME_IL2CPP -DTARGET_ARM64 -DIL2CPP_ENABLE_WRITE_BARRIERS=1 -DIL2CPP_INCREMENTAL_TIME_SLICE=3 -D_DEBUG -I"." -I"Il2CppOutputProject/Source/il2cppOutput" -I"Il2CppOutputProject/IL2CPP/libil2cpp/pch" -I"Il2CppOutputProject/IL2CPP/libil2cpp" -I"Il2CppOutputProject/IL2CPP/external/baselib/Include" -I"Il2CppOutputProject/IL2CPP/libil2cpp/os/ClassLibraryPAL/brotli/include" -I"Il2CppOutputProject/IL2CPP/external/baselib/Platforms/IOS/Include" -o "Il2CppTempDirArtifacts/Debug/artifacts/arm64/actx/1zu6dmnolsw7.o" -fcolor-diagnostics -stdlib=libc++ -arch arm64 -mios-version-min=11.0 -fno-strict-float-cast-overflow -c -x c++ "Il2CppOutputProject/Source/il2cppOutput/UnityEngine.UIElementsModule__9.cpp"
[ 78/410    1s] C_iOS_arm64 Il2CppTempDirArtifacts/Debug/artifacts/arm64/actx/v4nui3utfg94.o
##### CommandLine
"/Applications/Xcode.app/Contents/Developer/Toolchains/XcodeDefault.xctoolchain/usr/bin/clang++" -std=c++17 -Wswitch -Wno-trigraphs -Wno-tautological-compare -Wno-invalid-offsetof -Wno-implicitly-unsigned-literal -Wno-integer-overflow -Wno-shift-negative-value -Wno-unknown-attributes -Wno-implicit-function-declaration -Wno-null-conversion -Wno-missing-declarations -Wno-unused-value -Wno-pragma-once-outside-header -Wno-unknown-warning-option -Wno-undef-prefix -fvisibility=hidden -isysroot "/Applications/Xcode.app/Contents/Developer/Platforms/iPhoneOS.platform/Developer/SDKs/iPhoneOS18.2.sdk" -fexceptions -frtti -g -O0 -fno-strict-overflow -ffunction-sections -fdata-sections -fmessage-length=0 -pipe -DIL2CPP_DEBUG=1 -DHAVE_BDWGC_GC -DBASELIB_INLINE_NAMESPACE=il2cpp_baselib -DIL2CPP_MONO_DEBUGGER_DISABLED -DRUNTIME_IL2CPP -DTARGET_ARM64 -DIL2CPP_ENABLE_WRITE_BARRIERS=1 -DIL2CPP_INCREMENTAL_TIME_SLICE=3 -D_DEBUG -I"." -I"Il2CppOutputProject/Source/il2cppOutput" -I"Il2CppOutputProject/IL2CPP/libil2cpp/pch" -I"Il2CppOutputProject/IL2CPP/libil2cpp" -I"Il2CppOutputProject/IL2CPP/external/baselib/Include" -I"Il2CppOutputProject/IL2CPP/libil2cpp/os/ClassLibraryPAL/brotli/include" -I"Il2CppOutputProject/IL2CPP/external/baselib/Platforms/IOS/Include" -o "Il2CppTempDirArtifacts/Debug/artifacts/arm64/actx/v4nui3utfg94.o" -fcolor-diagnostics -stdlib=libc++ -arch arm64 -mios-version-min=11.0 -fno-strict-float-cast-overflow -c -x c++ "Il2CppOutputProject/Source/il2cppOutput/UnityEngine.UIElementsModule__7.cpp"
[ 79/410    1s] C_iOS_arm64 Il2CppTempDirArtifacts/Debug/artifacts/arm64/actx/gkriyc9qi4ko.o
##### CommandLine
"/Applications/Xcode.app/Contents/Developer/Toolchains/XcodeDefault.xctoolchain/usr/bin/clang++" -std=c++17 -Wswitch -Wno-trigraphs -Wno-tautological-compare -Wno-invalid-offsetof -Wno-implicitly-unsigned-literal -Wno-integer-overflow -Wno-shift-negative-value -Wno-unknown-attributes -Wno-implicit-function-declaration -Wno-null-conversion -Wno-missing-declarations -Wno-unused-value -Wno-pragma-once-outside-header -Wno-unknown-warning-option -Wno-undef-prefix -fvisibility=hidden -isysroot "/Applications/Xcode.app/Contents/Developer/Platforms/iPhoneOS.platform/Developer/SDKs/iPhoneOS18.2.sdk" -fexceptions -frtti -g -O0 -fno-strict-overflow -ffunction-sections -fdata-sections -fmessage-length=0 -pipe -DIL2CPP_DEBUG=1 -DHAVE_BDWGC_GC -DBASELIB_INLINE_NAMESPACE=il2cpp_baselib -DIL2CPP_MONO_DEBUGGER_DISABLED -DRUNTIME_IL2CPP -DTARGET_ARM64 -DIL2CPP_ENABLE_WRITE_BARRIERS=1 -DIL2CPP_INCREMENTAL_TIME_SLICE=3 -D_DEBUG -I"." -I"Il2CppOutputProject/Source/il2cppOutput" -I"Il2CppOutputProject/IL2CPP/libil2cpp/pch" -I"Il2CppOutputProject/IL2CPP/libil2cpp" -I"Il2CppOutputProject/IL2CPP/external/baselib/Include" -I"Il2CppOutputProject/IL2CPP/libil2cpp/os/ClassLibraryPAL/brotli/include" -I"Il2CppOutputProject/IL2CPP/external/baselib/Platforms/IOS/Include" -o "Il2CppTempDirArtifacts/Debug/artifacts/arm64/actx/gkriyc9qi4ko.o" -fcolor-diagnostics -stdlib=libc++ -arch arm64 -mios-version-min=11.0 -fno-strict-float-cast-overflow -c -x c++ "Il2CppOutputProject/Source/il2cppOutput/UnityEngine.UIElementsModule__8.cpp"
[ 80/410    0s] C_iOS_arm64 Il2CppTempDirArtifacts/Debug/artifacts/arm64/actx/aobz8d8kieam.o
##### CommandLine
"/Applications/Xcode.app/Contents/Developer/Toolchains/XcodeDefault.xctoolchain/usr/bin/clang++" -std=c++17 -Wswitch -Wno-trigraphs -Wno-tautological-compare -Wno-invalid-offsetof -Wno-implicitly-unsigned-literal -Wno-integer-overflow -Wno-shift-negative-value -Wno-unknown-attributes -Wno-implicit-function-declaration -Wno-null-conversion -Wno-missing-declarations -Wno-unused-value -Wno-pragma-once-outside-header -Wno-unknown-warning-option -Wno-undef-prefix -fvisibility=hidden -isysroot "/Applications/Xcode.app/Contents/Developer/Platforms/iPhoneOS.platform/Developer/SDKs/iPhoneOS18.2.sdk" -fexceptions -frtti -g -O0 -fno-strict-overflow -ffunction-sections -fdata-sections -fmessage-length=0 -pipe -DIL2CPP_DEBUG=1 -DHAVE_BDWGC_GC -DBASELIB_INLINE_NAMESPACE=il2cpp_baselib -DIL2CPP_MONO_DEBUGGER_DISABLED -DRUNTIME_IL2CPP -DTARGET_ARM64 -DIL2CPP_ENABLE_WRITE_BARRIERS=1 -DIL2CPP_INCREMENTAL_TIME_SLICE=3 -D_DEBUG -I"." -I"Il2CppOutputProject/Source/il2cppOutput" -I"Il2CppOutputProject/IL2CPP/libil2cpp/pch" -I"Il2CppOutputProject/IL2CPP/libil2cpp" -I"Il2CppOutputProject/IL2CPP/external/baselib/Include" -I"Il2CppOutputProject/IL2CPP/libil2cpp/os/ClassLibraryPAL/brotli/include" -I"Il2CppOutputProject/IL2CPP/external/baselib/Platforms/IOS/Include" -o "Il2CppTempDirArtifacts/Debug/artifacts/arm64/actx/aobz8d8kieam.o" -fcolor-diagnostics -stdlib=libc++ -arch arm64 -mios-version-min=11.0 -fno-strict-float-cast-overflow -c -x c++ "Il2CppOutputProject/Source/il2cppOutput/UnityEngine.UIElementsModule__15.cpp"
[ 81/410    1s] C_iOS_arm64 Il2CppTempDirArtifacts/Debug/artifacts/arm64/actx/uw3dynevbesp.o
##### CommandLine
"/Applications/Xcode.app/Contents/Developer/Toolchains/XcodeDefault.xctoolchain/usr/bin/clang++" -std=c++17 -Wswitch -Wno-trigraphs -Wno-tautological-compare -Wno-invalid-offsetof -Wno-implicitly-unsigned-literal -Wno-integer-overflow -Wno-shift-negative-value -Wno-unknown-attributes -Wno-implicit-function-declaration -Wno-null-conversion -Wno-missing-declarations -Wno-unused-value -Wno-pragma-once-outside-header -Wno-unknown-warning-option -Wno-undef-prefix -fvisibility=hidden -isysroot "/Applications/Xcode.app/Contents/Developer/Platforms/iPhoneOS.platform/Developer/SDKs/iPhoneOS18.2.sdk" -fexceptions -frtti -g -O0 -fno-strict-overflow -ffunction-sections -fdata-sections -fmessage-length=0 -pipe -DIL2CPP_DEBUG=1 -DHAVE_BDWGC_GC -DBASELIB_INLINE_NAMESPACE=il2cpp_baselib -DIL2CPP_MONO_DEBUGGER_DISABLED -DRUNTIME_IL2CPP -DTARGET_ARM64 -DIL2CPP_ENABLE_WRITE_BARRIERS=1 -DIL2CPP_INCREMENTAL_TIME_SLICE=3 -D_DEBUG -I"." -I"Il2CppOutputProject/Source/il2cppOutput" -I"Il2CppOutputProject/IL2CPP/libil2cpp/pch" -I"Il2CppOutputProject/IL2CPP/libil2cpp" -I"Il2CppOutputProject/IL2CPP/external/baselib/Include" -I"Il2CppOutputProject/IL2CPP/libil2cpp/os/ClassLibraryPAL/brotli/include" -I"Il2CppOutputProject/IL2CPP/external/baselib/Platforms/IOS/Include" -o "Il2CppTempDirArtifacts/Debug/artifacts/arm64/actx/uw3dynevbesp.o" -fcolor-diagnostics -stdlib=libc++ -arch arm64 -mios-version-min=11.0 -fno-strict-float-cast-overflow -c -x c++ "Il2CppOutputProject/Source/il2cppOutput/UnityEngine.UIElementsModule__6.cpp"
[ 82/410    1s] C_iOS_arm64 Il2CppTempDirArtifacts/Debug/artifacts/arm64/actx/9g0pie0x8pg6.o
##### CommandLine
"/Applications/Xcode.app/Contents/Developer/Toolchains/XcodeDefault.xctoolchain/usr/bin/clang++" -std=c++17 -Wswitch -Wno-trigraphs -Wno-tautological-compare -Wno-invalid-offsetof -Wno-implicitly-unsigned-literal -Wno-integer-overflow -Wno-shift-negative-value -Wno-unknown-attributes -Wno-implicit-function-declaration -Wno-null-conversion -Wno-missing-declarations -Wno-unused-value -Wno-pragma-once-outside-header -Wno-unknown-warning-option -Wno-undef-prefix -fvisibility=hidden -isysroot "/Applications/Xcode.app/Contents/Developer/Platforms/iPhoneOS.platform/Developer/SDKs/iPhoneOS18.2.sdk" -fexceptions -frtti -g -O0 -fno-strict-overflow -ffunction-sections -fdata-sections -fmessage-length=0 -pipe -DIL2CPP_DEBUG=1 -DHAVE_BDWGC_GC -DBASELIB_INLINE_NAMESPACE=il2cpp_baselib -DIL2CPP_MONO_DEBUGGER_DISABLED -DRUNTIME_IL2CPP -DTARGET_ARM64 -DIL2CPP_ENABLE_WRITE_BARRIERS=1 -DIL2CPP_INCREMENTAL_TIME_SLICE=3 -D_DEBUG -I"." -I"Il2CppOutputProject/Source/il2cppOutput" -I"Il2CppOutputProject/IL2CPP/libil2cpp/pch" -I"Il2CppOutputProject/IL2CPP/libil2cpp" -I"Il2CppOutputProject/IL2CPP/external/baselib/Include" -I"Il2CppOutputProject/IL2CPP/libil2cpp/os/ClassLibraryPAL/brotli/include" -I"Il2CppOutputProject/IL2CPP/external/baselib/Platforms/IOS/Include" -o "Il2CppTempDirArtifacts/Debug/artifacts/arm64/actx/9g0pie0x8pg6.o" -fcolor-diagnostics -stdlib=libc++ -arch arm64 -mios-version-min=11.0 -fno-strict-float-cast-overflow -c -x c++ "Il2CppOutputProject/Source/il2cppOutput/UnityEngine.UIElementsModule__5.cpp"
[ 83/410    1s] C_iOS_arm64 Il2CppTempDirArtifacts/Debug/artifacts/arm64/actx/88f9xyjz4nzq.o
##### CommandLine
"/Applications/Xcode.app/Contents/Developer/Toolchains/XcodeDefault.xctoolchain/usr/bin/clang++" -std=c++17 -Wswitch -Wno-trigraphs -Wno-tautological-compare -Wno-invalid-offsetof -Wno-implicitly-unsigned-literal -Wno-integer-overflow -Wno-shift-negative-value -Wno-unknown-attributes -Wno-implicit-function-declaration -Wno-null-conversion -Wno-missing-declarations -Wno-unused-value -Wno-pragma-once-outside-header -Wno-unknown-warning-option -Wno-undef-prefix -fvisibility=hidden -isysroot "/Applications/Xcode.app/Contents/Developer/Platforms/iPhoneOS.platform/Developer/SDKs/iPhoneOS18.2.sdk" -fexceptions -frtti -g -O0 -fno-strict-overflow -ffunction-sections -fdata-sections -fmessage-length=0 -pipe -DIL2CPP_DEBUG=1 -DHAVE_BDWGC_GC -DBASELIB_INLINE_NAMESPACE=il2cpp_baselib -DIL2CPP_MONO_DEBUGGER_DISABLED -DRUNTIME_IL2CPP -DTARGET_ARM64 -DIL2CPP_ENABLE_WRITE_BARRIERS=1 -DIL2CPP_INCREMENTAL_TIME_SLICE=3 -D_DEBUG -I"." -I"Il2CppOutputProject/Source/il2cppOutput" -I"Il2CppOutputProject/IL2CPP/libil2cpp/pch" -I"Il2CppOutputProject/IL2CPP/libil2cpp" -I"Il2CppOutputProject/IL2CPP/external/baselib/Include" -I"Il2CppOutputProject/IL2CPP/libil2cpp/os/ClassLibraryPAL/brotli/include" -I"Il2CppOutputProject/IL2CPP/external/baselib/Platforms/IOS/Include" -o "Il2CppTempDirArtifacts/Debug/artifacts/arm64/actx/88f9xyjz4nzq.o" -fcolor-diagnostics -stdlib=libc++ -arch arm64 -mios-version-min=11.0 -fno-strict-float-cast-overflow -c -x c++ "Il2CppOutputProject/Source/il2cppOutput/UnityEngine.UIElementsModule__4.cpp"
[ 84/410    1s] C_iOS_arm64 Il2CppTempDirArtifacts/Debug/artifacts/arm64/actx/ntclip511zn7.o
##### CommandLine
"/Applications/Xcode.app/Contents/Developer/Toolchains/XcodeDefault.xctoolchain/usr/bin/clang++" -std=c++17 -Wswitch -Wno-trigraphs -Wno-tautological-compare -Wno-invalid-offsetof -Wno-implicitly-unsigned-literal -Wno-integer-overflow -Wno-shift-negative-value -Wno-unknown-attributes -Wno-implicit-function-declaration -Wno-null-conversion -Wno-missing-declarations -Wno-unused-value -Wno-pragma-once-outside-header -Wno-unknown-warning-option -Wno-undef-prefix -fvisibility=hidden -isysroot "/Applications/Xcode.app/Contents/Developer/Platforms/iPhoneOS.platform/Developer/SDKs/iPhoneOS18.2.sdk" -fexceptions -frtti -g -O0 -fno-strict-overflow -ffunction-sections -fdata-sections -fmessage-length=0 -pipe -DIL2CPP_DEBUG=1 -DHAVE_BDWGC_GC -DBASELIB_INLINE_NAMESPACE=il2cpp_baselib -DIL2CPP_MONO_DEBUGGER_DISABLED -DRUNTIME_IL2CPP -DTARGET_ARM64 -DIL2CPP_ENABLE_WRITE_BARRIERS=1 -DIL2CPP_INCREMENTAL_TIME_SLICE=3 -D_DEBUG -I"." -I"Il2CppOutputProject/Source/il2cppOutput" -I"Il2CppOutputProject/IL2CPP/libil2cpp/pch" -I"Il2CppOutputProject/IL2CPP/libil2cpp" -I"Il2CppOutputProject/IL2CPP/external/baselib/Include" -I"Il2CppOutputProject/IL2CPP/libil2cpp/os/ClassLibraryPAL/brotli/include" -I"Il2CppOutputProject/IL2CPP/external/baselib/Platforms/IOS/Include" -o "Il2CppTempDirArtifacts/Debug/artifacts/arm64/actx/ntclip511zn7.o" -fcolor-diagnostics -stdlib=libc++ -arch arm64 -mios-version-min=11.0 -fno-strict-float-cast-overflow -c -x c++ "Il2CppOutputProject/Source/il2cppOutput/UnityEngine.UIElementsModule__3.cpp"
[ 85/410    1s] C_iOS_arm64 Il2CppTempDirArtifacts/Debug/artifacts/arm64/actx/2d9w2fr4ybco.o
##### CommandLine
"/Applications/Xcode.app/Contents/Developer/Toolchains/XcodeDefault.xctoolchain/usr/bin/clang++" -std=c++17 -Wswitch -Wno-trigraphs -Wno-tautological-compare -Wno-invalid-offsetof -Wno-implicitly-unsigned-literal -Wno-integer-overflow -Wno-shift-negative-value -Wno-unknown-attributes -Wno-implicit-function-declaration -Wno-null-conversion -Wno-missing-declarations -Wno-unused-value -Wno-pragma-once-outside-header -Wno-unknown-warning-option -Wno-undef-prefix -fvisibility=hidden -isysroot "/Applications/Xcode.app/Contents/Developer/Platforms/iPhoneOS.platform/Developer/SDKs/iPhoneOS18.2.sdk" -fexceptions -frtti -g -O0 -fno-strict-overflow -ffunction-sections -fdata-sections -fmessage-length=0 -pipe -DIL2CPP_DEBUG=1 -DHAVE_BDWGC_GC -DBASELIB_INLINE_NAMESPACE=il2cpp_baselib -DIL2CPP_MONO_DEBUGGER_DISABLED -DRUNTIME_IL2CPP -DTARGET_ARM64 -DIL2CPP_ENABLE_WRITE_BARRIERS=1 -DIL2CPP_INCREMENTAL_TIME_SLICE=3 -D_DEBUG -I"." -I"Il2CppOutputProject/Source/il2cppOutput" -I"Il2CppOutputProject/IL2CPP/libil2cpp/pch" -I"Il2CppOutputProject/IL2CPP/libil2cpp" -I"Il2CppOutputProject/IL2CPP/external/baselib/Include" -I"Il2CppOutputProject/IL2CPP/libil2cpp/os/ClassLibraryPAL/brotli/include" -I"Il2CppOutputProject/IL2CPP/external/baselib/Platforms/IOS/Include" -o "Il2CppTempDirArtifacts/Debug/artifacts/arm64/actx/2d9w2fr4ybco.o" -fcolor-diagnostics -stdlib=libc++ -arch arm64 -mios-version-min=11.0 -fno-strict-float-cast-overflow -c -x c++ "Il2CppOutputProject/Source/il2cppOutput/UnityEngine.UIElementsModule__2.cpp"
[ 86/410    0s] C_iOS_arm64 Il2CppTempDirArtifacts/Debug/artifacts/arm64/actx/p87at4tnfqy2.o
##### CommandLine
"/Applications/Xcode.app/Contents/Developer/Toolchains/XcodeDefault.xctoolchain/usr/bin/clang++" -std=c++17 -Wswitch -Wno-trigraphs -Wno-tautological-compare -Wno-invalid-offsetof -Wno-implicitly-unsigned-literal -Wno-integer-overflow -Wno-shift-negative-value -Wno-unknown-attributes -Wno-implicit-function-declaration -Wno-null-conversion -Wno-missing-declarations -Wno-unused-value -Wno-pragma-once-outside-header -Wno-unknown-warning-option -Wno-undef-prefix -fvisibility=hidden -isysroot "/Applications/Xcode.app/Contents/Developer/Platforms/iPhoneOS.platform/Developer/SDKs/iPhoneOS18.2.sdk" -fexceptions -frtti -g -O0 -fno-strict-overflow -ffunction-sections -fdata-sections -fmessage-length=0 -pipe -DIL2CPP_DEBUG=1 -DHAVE_BDWGC_GC -DBASELIB_INLINE_NAMESPACE=il2cpp_baselib -DIL2CPP_MONO_DEBUGGER_DISABLED -DRUNTIME_IL2CPP -DTARGET_ARM64 -DIL2CPP_ENABLE_WRITE_BARRIERS=1 -DIL2CPP_INCREMENTAL_TIME_SLICE=3 -D_DEBUG -I"." -I"Il2CppOutputProject/Source/il2cppOutput" -I"Il2CppOutputProject/IL2CPP/libil2cpp/pch" -I"Il2CppOutputProject/IL2CPP/libil2cpp" -I"Il2CppOutputProject/IL2CPP/external/baselib/Include" -I"Il2CppOutputProject/IL2CPP/libil2cpp/os/ClassLibraryPAL/brotli/include" -I"Il2CppOutputProject/IL2CPP/external/baselib/Platforms/IOS/Include" -o "Il2CppTempDirArtifacts/Debug/artifacts/arm64/actx/p87at4tnfqy2.o" -fcolor-diagnostics -stdlib=libc++ -arch arm64 -mios-version-min=11.0 -fno-strict-float-cast-overflow -c -x c++ "Il2CppOutputProject/Source/il2cppOutput/UnityEngine.UIElementsModule__14.cpp"
[ 87/410    1s] C_iOS_arm64 Il2CppTempDirArtifacts/Debug/artifacts/arm64/actx/o0nu8odpbohn.o
##### CommandLine
"/Applications/Xcode.app/Contents/Developer/Toolchains/XcodeDefault.xctoolchain/usr/bin/clang++" -std=c++17 -Wswitch -Wno-trigraphs -Wno-tautological-compare -Wno-invalid-offsetof -Wno-implicitly-unsigned-literal -Wno-integer-overflow -Wno-shift-negative-value -Wno-unknown-attributes -Wno-implicit-function-declaration -Wno-null-conversion -Wno-missing-declarations -Wno-unused-value -Wno-pragma-once-outside-header -Wno-unknown-warning-option -Wno-undef-prefix -fvisibility=hidden -isysroot "/Applications/Xcode.app/Contents/Developer/Platforms/iPhoneOS.platform/Developer/SDKs/iPhoneOS18.2.sdk" -fexceptions -frtti -g -O0 -fno-strict-overflow -ffunction-sections -fdata-sections -fmessage-length=0 -pipe -DIL2CPP_DEBUG=1 -DHAVE_BDWGC_GC -DBASELIB_INLINE_NAMESPACE=il2cpp_baselib -DIL2CPP_MONO_DEBUGGER_DISABLED -DRUNTIME_IL2CPP -DTARGET_ARM64 -DIL2CPP_ENABLE_WRITE_BARRIERS=1 -DIL2CPP_INCREMENTAL_TIME_SLICE=3 -D_DEBUG -I"." -I"Il2CppOutputProject/Source/il2cppOutput" -I"Il2CppOutputProject/IL2CPP/libil2cpp/pch" -I"Il2CppOutputProject/IL2CPP/libil2cpp" -I"Il2CppOutputProject/IL2CPP/external/baselib/Include" -I"Il2CppOutputProject/IL2CPP/libil2cpp/os/ClassLibraryPAL/brotli/include" -I"Il2CppOutputProject/IL2CPP/external/baselib/Platforms/IOS/Include" -o "Il2CppTempDirArtifacts/Debug/artifacts/arm64/actx/o0nu8odpbohn.o" -fcolor-diagnostics -stdlib=libc++ -arch arm64 -mios-version-min=11.0 -fno-strict-float-cast-overflow -c -x c++ "Il2CppOutputProject/Source/il2cppOutput/UnityEngine.UIElementsModule__13.cpp"
[ 88/410    0s] C_iOS_arm64 Il2CppTempDirArtifacts/Debug/artifacts/arm64/actx/6scrhmbd4xol.o
##### CommandLine
"/Applications/Xcode.app/Contents/Developer/Toolchains/XcodeDefault.xctoolchain/usr/bin/clang++" -std=c++17 -Wswitch -Wno-trigraphs -Wno-tautological-compare -Wno-invalid-offsetof -Wno-implicitly-unsigned-literal -Wno-integer-overflow -Wno-shift-negative-value -Wno-unknown-attributes -Wno-implicit-function-declaration -Wno-null-conversion -Wno-missing-declarations -Wno-unused-value -Wno-pragma-once-outside-header -Wno-unknown-warning-option -Wno-undef-prefix -fvisibility=hidden -isysroot "/Applications/Xcode.app/Contents/Developer/Platforms/iPhoneOS.platform/Developer/SDKs/iPhoneOS18.2.sdk" -fexceptions -frtti -g -O0 -fno-strict-overflow -ffunction-sections -fdata-sections -fmessage-length=0 -pipe -DIL2CPP_DEBUG=1 -DHAVE_BDWGC_GC -DBASELIB_INLINE_NAMESPACE=il2cpp_baselib -DIL2CPP_MONO_DEBUGGER_DISABLED -DRUNTIME_IL2CPP -DTARGET_ARM64 -DIL2CPP_ENABLE_WRITE_BARRIERS=1 -DIL2CPP_INCREMENTAL_TIME_SLICE=3 -D_DEBUG -I"." -I"Il2CppOutputProject/Source/il2cppOutput" -I"Il2CppOutputProject/IL2CPP/libil2cpp/pch" -I"Il2CppOutputProject/IL2CPP/libil2cpp" -I"Il2CppOutputProject/IL2CPP/external/baselib/Include" -I"Il2CppOutputProject/IL2CPP/libil2cpp/os/ClassLibraryPAL/brotli/include" -I"Il2CppOutputProject/IL2CPP/external/baselib/Platforms/IOS/Include" -o "Il2CppTempDirArtifacts/Debug/artifacts/arm64/actx/6scrhmbd4xol.o" -fcolor-diagnostics -stdlib=libc++ -arch arm64 -mios-version-min=11.0 -fno-strict-float-cast-overflow -c -x c++ "Il2CppOutputProject/Source/il2cppOutput/UnityEngine.TextRenderingModule.cpp"
[ 89/410    0s] C_iOS_arm64 Il2CppTempDirArtifacts/Debug/artifacts/arm64/actx/3kk6sfzr8z53.o
##### CommandLine
"/Applications/Xcode.app/Contents/Developer/Toolchains/XcodeDefault.xctoolchain/usr/bin/clang++" -std=c++17 -Wswitch -Wno-trigraphs -Wno-tautological-compare -Wno-invalid-offsetof -Wno-implicitly-unsigned-literal -Wno-integer-overflow -Wno-shift-negative-value -Wno-unknown-attributes -Wno-implicit-function-declaration -Wno-null-conversion -Wno-missing-declarations -Wno-unused-value -Wno-pragma-once-outside-header -Wno-unknown-warning-option -Wno-undef-prefix -fvisibility=hidden -isysroot "/Applications/Xcode.app/Contents/Developer/Platforms/iPhoneOS.platform/Developer/SDKs/iPhoneOS18.2.sdk" -fexceptions -frtti -g -O0 -fno-strict-overflow -ffunction-sections -fdata-sections -fmessage-length=0 -pipe -DIL2CPP_DEBUG=1 -DHAVE_BDWGC_GC -DBASELIB_INLINE_NAMESPACE=il2cpp_baselib -DIL2CPP_MONO_DEBUGGER_DISABLED -DRUNTIME_IL2CPP -DTARGET_ARM64 -DIL2CPP_ENABLE_WRITE_BARRIERS=1 -DIL2CPP_INCREMENTAL_TIME_SLICE=3 -D_DEBUG -I"." -I"Il2CppOutputProject/Source/il2cppOutput" -I"Il2CppOutputProject/IL2CPP/libil2cpp/pch" -I"Il2CppOutputProject/IL2CPP/libil2cpp" -I"Il2CppOutputProject/IL2CPP/external/baselib/Include" -I"Il2CppOutputProject/IL2CPP/libil2cpp/os/ClassLibraryPAL/brotli/include" -I"Il2CppOutputProject/IL2CPP/external/baselib/Platforms/IOS/Include" -o "Il2CppTempDirArtifacts/Debug/artifacts/arm64/actx/3kk6sfzr8z53.o" -fcolor-diagnostics -stdlib=libc++ -arch arm64 -mios-version-min=11.0 -fno-strict-float-cast-overflow -c -x c++ "Il2CppOutputProject/Source/il2cppOutput/UnityEngine.UIElementsModule__12.cpp"
[ 90/410    0s] C_iOS_arm64 Il2CppTempDirArtifacts/Debug/artifacts/arm64/actx/i5gid6ku5buk.o
##### CommandLine
"/Applications/Xcode.app/Contents/Developer/Toolchains/XcodeDefault.xctoolchain/usr/bin/clang++" -std=c++17 -Wswitch -Wno-trigraphs -Wno-tautological-compare -Wno-invalid-offsetof -Wno-implicitly-unsigned-literal -Wno-integer-overflow -Wno-shift-negative-value -Wno-unknown-attributes -Wno-implicit-function-declaration -Wno-null-conversion -Wno-missing-declarations -Wno-unused-value -Wno-pragma-once-outside-header -Wno-unknown-warning-option -Wno-undef-prefix -fvisibility=hidden -isysroot "/Applications/Xcode.app/Contents/Developer/Platforms/iPhoneOS.platform/Developer/SDKs/iPhoneOS18.2.sdk" -fexceptions -frtti -g -O0 -fno-strict-overflow -ffunction-sections -fdata-sections -fmessage-length=0 -pipe -DIL2CPP_DEBUG=1 -DHAVE_BDWGC_GC -DBASELIB_INLINE_NAMESPACE=il2cpp_baselib -DIL2CPP_MONO_DEBUGGER_DISABLED -DRUNTIME_IL2CPP -DTARGET_ARM64 -DIL2CPP_ENABLE_WRITE_BARRIERS=1 -DIL2CPP_INCREMENTAL_TIME_SLICE=3 -D_DEBUG -I"." -I"Il2CppOutputProject/Source/il2cppOutput" -I"Il2CppOutputProject/IL2CPP/libil2cpp/pch" -I"Il2CppOutputProject/IL2CPP/libil2cpp" -I"Il2CppOutputProject/IL2CPP/external/baselib/Include" -I"Il2CppOutputProject/IL2CPP/libil2cpp/os/ClassLibraryPAL/brotli/include" -I"Il2CppOutputProject/IL2CPP/external/baselib/Platforms/IOS/Include" -o "Il2CppTempDirArtifacts/Debug/artifacts/arm64/actx/i5gid6ku5buk.o" -fcolor-diagnostics -stdlib=libc++ -arch arm64 -mios-version-min=11.0 -fno-strict-float-cast-overflow -c -x c++ "Il2CppOutputProject/Source/il2cppOutput/UnityEngine.UIElementsModule__11.cpp"
[ 91/410    0s] C_iOS_arm64 Il2CppTempDirArtifacts/Debug/artifacts/arm64/actx/15ogi0a6u9u8.o
##### CommandLine
"/Applications/Xcode.app/Contents/Developer/Toolchains/XcodeDefault.xctoolchain/usr/bin/clang++" -std=c++17 -Wswitch -Wno-trigraphs -Wno-tautological-compare -Wno-invalid-offsetof -Wno-implicitly-unsigned-literal -Wno-integer-overflow -Wno-shift-negative-value -Wno-unknown-attributes -Wno-implicit-function-declaration -Wno-null-conversion -Wno-missing-declarations -Wno-unused-value -Wno-pragma-once-outside-header -Wno-unknown-warning-option -Wno-undef-prefix -fvisibility=hidden -isysroot "/Applications/Xcode.app/Contents/Developer/Platforms/iPhoneOS.platform/Developer/SDKs/iPhoneOS18.2.sdk" -fexceptions -frtti -g -O0 -fno-strict-overflow -ffunction-sections -fdata-sections -fmessage-length=0 -pipe -DIL2CPP_DEBUG=1 -DHAVE_BDWGC_GC -DBASELIB_INLINE_NAMESPACE=il2cpp_baselib -DIL2CPP_MONO_DEBUGGER_DISABLED -DRUNTIME_IL2CPP -DTARGET_ARM64 -DIL2CPP_ENABLE_WRITE_BARRIERS=1 -DIL2CPP_INCREMENTAL_TIME_SLICE=3 -D_DEBUG -I"." -I"Il2CppOutputProject/Source/il2cppOutput" -I"Il2CppOutputProject/IL2CPP/libil2cpp/pch" -I"Il2CppOutputProject/IL2CPP/libil2cpp" -I"Il2CppOutputProject/IL2CPP/external/baselib/Include" -I"Il2CppOutputProject/IL2CPP/libil2cpp/os/ClassLibraryPAL/brotli/include" -I"Il2CppOutputProject/IL2CPP/external/baselib/Platforms/IOS/Include" -o "Il2CppTempDirArtifacts/Debug/artifacts/arm64/actx/15ogi0a6u9u8.o" -fcolor-diagnostics -stdlib=libc++ -arch arm64 -mios-version-min=11.0 -fno-strict-float-cast-overflow -c -x c++ "Il2CppOutputProject/Source/il2cppOutput/UnityEngine.UIElementsModule__1.cpp"
[ 92/410    0s] C_iOS_arm64 Il2CppTempDirArtifacts/Debug/artifacts/arm64/actx/676rse38evn4.o
##### CommandLine
"/Applications/Xcode.app/Contents/Developer/Toolchains/XcodeDefault.xctoolchain/usr/bin/clang++" -std=c++17 -Wswitch -Wno-trigraphs -Wno-tautological-compare -Wno-invalid-offsetof -Wno-implicitly-unsigned-literal -Wno-integer-overflow -Wno-shift-negative-value -Wno-unknown-attributes -Wno-implicit-function-declaration -Wno-null-conversion -Wno-missing-declarations -Wno-unused-value -Wno-pragma-once-outside-header -Wno-unknown-warning-option -Wno-undef-prefix -fvisibility=hidden -isysroot "/Applications/Xcode.app/Contents/Developer/Platforms/iPhoneOS.platform/Developer/SDKs/iPhoneOS18.2.sdk" -fexceptions -frtti -g -O0 -fno-strict-overflow -ffunction-sections -fdata-sections -fmessage-length=0 -pipe -DIL2CPP_DEBUG=1 -DHAVE_BDWGC_GC -DBASELIB_INLINE_NAMESPACE=il2cpp_baselib -DIL2CPP_MONO_DEBUGGER_DISABLED -DRUNTIME_IL2CPP -DTARGET_ARM64 -DIL2CPP_ENABLE_WRITE_BARRIERS=1 -DIL2CPP_INCREMENTAL_TIME_SLICE=3 -D_DEBUG -I"." -I"Il2CppOutputProject/Source/il2cppOutput" -I"Il2CppOutputProject/IL2CPP/libil2cpp/pch" -I"Il2CppOutputProject/IL2CPP/libil2cpp" -I"Il2CppOutputProject/IL2CPP/external/baselib/Include" -I"Il2CppOutputProject/IL2CPP/libil2cpp/os/ClassLibraryPAL/brotli/include" -I"Il2CppOutputProject/IL2CPP/external/baselib/Platforms/IOS/Include" -o "Il2CppTempDirArtifacts/Debug/artifacts/arm64/actx/676rse38evn4.o" -fcolor-diagnostics -stdlib=libc++ -arch arm64 -mios-version-min=11.0 -fno-strict-float-cast-overflow -c -x c++ "Il2CppOutputProject/Source/il2cppOutput/UnityEngine.UIElementsModule.cpp"
[ 93/410    1s] C_iOS_arm64 Il2CppTempDirArtifacts/Debug/artifacts/arm64/actx/hxw1sq4v19c5.o
##### CommandLine
"/Applications/Xcode.app/Contents/Developer/Toolchains/XcodeDefault.xctoolchain/usr/bin/clang++" -std=c++17 -Wswitch -Wno-trigraphs -Wno-tautological-compare -Wno-invalid-offsetof -Wno-implicitly-unsigned-literal -Wno-integer-overflow -Wno-shift-negative-value -Wno-unknown-attributes -Wno-implicit-function-declaration -Wno-null-conversion -Wno-missing-declarations -Wno-unused-value -Wno-pragma-once-outside-header -Wno-unknown-warning-option -Wno-undef-prefix -fvisibility=hidden -isysroot "/Applications/Xcode.app/Contents/Developer/Platforms/iPhoneOS.platform/Developer/SDKs/iPhoneOS18.2.sdk" -fexceptions -frtti -g -O0 -fno-strict-overflow -ffunction-sections -fdata-sections -fmessage-length=0 -pipe -DIL2CPP_DEBUG=1 -DHAVE_BDWGC_GC -DBASELIB_INLINE_NAMESPACE=il2cpp_baselib -DIL2CPP_MONO_DEBUGGER_DISABLED -DRUNTIME_IL2CPP -DTARGET_ARM64 -DIL2CPP_ENABLE_WRITE_BARRIERS=1 -DIL2CPP_INCREMENTAL_TIME_SLICE=3 -D_DEBUG -I"." -I"Il2CppOutputProject/Source/il2cppOutput" -I"Il2CppOutputProject/IL2CPP/libil2cpp/pch" -I"Il2CppOutputProject/IL2CPP/libil2cpp" -I"Il2CppOutputProject/IL2CPP/external/baselib/Include" -I"Il2CppOutputProject/IL2CPP/libil2cpp/os/ClassLibraryPAL/brotli/include" -I"Il2CppOutputProject/IL2CPP/external/baselib/Platforms/IOS/Include" -o "Il2CppTempDirArtifacts/Debug/artifacts/arm64/actx/hxw1sq4v19c5.o" -fcolor-diagnostics -stdlib=libc++ -arch arm64 -mios-version-min=11.0 -fno-strict-float-cast-overflow -c -x c++ "Il2CppOutputProject/Source/il2cppOutput/UnityEngine.UIElementsModule__10.cpp"
[ 94/410    0s] C_iOS_arm64 Il2CppTempDirArtifacts/Debug/artifacts/arm64/actx/bi0z18tyxhxe.o
##### CommandLine
"/Applications/Xcode.app/Contents/Developer/Toolchains/XcodeDefault.xctoolchain/usr/bin/clang++" -std=c++17 -Wswitch -Wno-trigraphs -Wno-tautological-compare -Wno-invalid-offsetof -Wno-implicitly-unsigned-literal -Wno-integer-overflow -Wno-shift-negative-value -Wno-unknown-attributes -Wno-implicit-function-declaration -Wno-null-conversion -Wno-missing-declarations -Wno-unused-value -Wno-pragma-once-outside-header -Wno-unknown-warning-option -Wno-undef-prefix -fvisibility=hidden -isysroot "/Applications/Xcode.app/Contents/Developer/Platforms/iPhoneOS.platform/Developer/SDKs/iPhoneOS18.2.sdk" -fexceptions -frtti -g -O0 -fno-strict-overflow -ffunction-sections -fdata-sections -fmessage-length=0 -pipe -DIL2CPP_DEBUG=1 -DHAVE_BDWGC_GC -DBASELIB_INLINE_NAMESPACE=il2cpp_baselib -DIL2CPP_MONO_DEBUGGER_DISABLED -DRUNTIME_IL2CPP -DTARGET_ARM64 -DIL2CPP_ENABLE_WRITE_BARRIERS=1 -DIL2CPP_INCREMENTAL_TIME_SLICE=3 -D_DEBUG -I"." -I"Il2CppOutputProject/Source/il2cppOutput" -I"Il2CppOutputProject/IL2CPP/libil2cpp/pch" -I"Il2CppOutputProject/IL2CPP/libil2cpp" -I"Il2CppOutputProject/IL2CPP/external/baselib/Include" -I"Il2CppOutputProject/IL2CPP/libil2cpp/os/ClassLibraryPAL/brotli/include" -I"Il2CppOutputProject/IL2CPP/external/baselib/Platforms/IOS/Include" -o "Il2CppTempDirArtifacts/Debug/artifacts/arm64/actx/bi0z18tyxhxe.o" -fcolor-diagnostics -stdlib=libc++ -arch arm64 -mios-version-min=11.0 -fno-strict-float-cast-overflow -c -x c++ "Il2CppOutputProject/Source/il2cppOutput/UnityEngine.UI.cpp"
[ 95/410    0s] C_iOS_arm64 Il2CppTempDirArtifacts/Debug/artifacts/arm64/actx/fncl167i8hl2.o
##### CommandLine
"/Applications/Xcode.app/Contents/Developer/Toolchains/XcodeDefault.xctoolchain/usr/bin/clang++" -std=c++17 -Wswitch -Wno-trigraphs -Wno-tautological-compare -Wno-invalid-offsetof -Wno-implicitly-unsigned-literal -Wno-integer-overflow -Wno-shift-negative-value -Wno-unknown-attributes -Wno-implicit-function-declaration -Wno-null-conversion -Wno-missing-declarations -Wno-unused-value -Wno-pragma-once-outside-header -Wno-unknown-warning-option -Wno-undef-prefix -fvisibility=hidden -isysroot "/Applications/Xcode.app/Contents/Developer/Platforms/iPhoneOS.platform/Developer/SDKs/iPhoneOS18.2.sdk" -fexceptions -frtti -g -O0 -fno-strict-overflow -ffunction-sections -fdata-sections -fmessage-length=0 -pipe -DIL2CPP_DEBUG=1 -DHAVE_BDWGC_GC -DBASELIB_INLINE_NAMESPACE=il2cpp_baselib -DIL2CPP_MONO_DEBUGGER_DISABLED -DRUNTIME_IL2CPP -DTARGET_ARM64 -DIL2CPP_ENABLE_WRITE_BARRIERS=1 -DIL2CPP_INCREMENTAL_TIME_SLICE=3 -D_DEBUG -I"." -I"Il2CppOutputProject/Source/il2cppOutput" -I"Il2CppOutputProject/IL2CPP/libil2cpp/pch" -I"Il2CppOutputProject/IL2CPP/libil2cpp" -I"Il2CppOutputProject/IL2CPP/external/baselib/Include" -I"Il2CppOutputProject/IL2CPP/libil2cpp/os/ClassLibraryPAL/brotli/include" -I"Il2CppOutputProject/IL2CPP/external/baselib/Platforms/IOS/Include" -o "Il2CppTempDirArtifacts/Debug/artifacts/arm64/actx/fncl167i8hl2.o" -fcolor-diagnostics -stdlib=libc++ -arch arm64 -mios-version-min=11.0 -fno-strict-float-cast-overflow -c -x c++ "Il2CppOutputProject/Source/il2cppOutput/UnityEngine.TextCoreTextEngineModule__3.cpp"
[ 96/410    0s] C_iOS_arm64 Il2CppTempDirArtifacts/Debug/artifacts/arm64/actx/zhh3jw1aulnk.o
##### CommandLine
"/Applications/Xcode.app/Contents/Developer/Toolchains/XcodeDefault.xctoolchain/usr/bin/clang++" -std=c++17 -Wswitch -Wno-trigraphs -Wno-tautological-compare -Wno-invalid-offsetof -Wno-implicitly-unsigned-literal -Wno-integer-overflow -Wno-shift-negative-value -Wno-unknown-attributes -Wno-implicit-function-declaration -Wno-null-conversion -Wno-missing-declarations -Wno-unused-value -Wno-pragma-once-outside-header -Wno-unknown-warning-option -Wno-undef-prefix -fvisibility=hidden -isysroot "/Applications/Xcode.app/Contents/Developer/Platforms/iPhoneOS.platform/Developer/SDKs/iPhoneOS18.2.sdk" -fexceptions -frtti -g -O0 -fno-strict-overflow -ffunction-sections -fdata-sections -fmessage-length=0 -pipe -DIL2CPP_DEBUG=1 -DHAVE_BDWGC_GC -DBASELIB_INLINE_NAMESPACE=il2cpp_baselib -DIL2CPP_MONO_DEBUGGER_DISABLED -DRUNTIME_IL2CPP -DTARGET_ARM64 -DIL2CPP_ENABLE_WRITE_BARRIERS=1 -DIL2CPP_INCREMENTAL_TIME_SLICE=3 -D_DEBUG -I"." -I"Il2CppOutputProject/Source/il2cppOutput" -I"Il2CppOutputProject/IL2CPP/libil2cpp/pch" -I"Il2CppOutputProject/IL2CPP/libil2cpp" -I"Il2CppOutputProject/IL2CPP/external/baselib/Include" -I"Il2CppOutputProject/IL2CPP/libil2cpp/os/ClassLibraryPAL/brotli/include" -I"Il2CppOutputProject/IL2CPP/external/baselib/Platforms/IOS/Include" -o "Il2CppTempDirArtifacts/Debug/artifacts/arm64/actx/zhh3jw1aulnk.o" -fcolor-diagnostics -stdlib=libc++ -arch arm64 -mios-version-min=11.0 -fno-strict-float-cast-overflow -c -x c++ "Il2CppOutputProject/Source/il2cppOutput/UnityEngine.SpriteShapeModule.cpp"
[ 97/410    0s] C_iOS_arm64 Il2CppTempDirArtifacts/Debug/artifacts/arm64/actx/gnw9tyk0352b.o
##### CommandLine
"/Applications/Xcode.app/Contents/Developer/Toolchains/XcodeDefault.xctoolchain/usr/bin/clang++" -std=c++17 -Wswitch -Wno-trigraphs -Wno-tautological-compare -Wno-invalid-offsetof -Wno-implicitly-unsigned-literal -Wno-integer-overflow -Wno-shift-negative-value -Wno-unknown-attributes -Wno-implicit-function-declaration -Wno-null-conversion -Wno-missing-declarations -Wno-unused-value -Wno-pragma-once-outside-header -Wno-unknown-warning-option -Wno-undef-prefix -fvisibility=hidden -isysroot "/Applications/Xcode.app/Contents/Developer/Platforms/iPhoneOS.platform/Developer/SDKs/iPhoneOS18.2.sdk" -fexceptions -frtti -g -O0 -fno-strict-overflow -ffunction-sections -fdata-sections -fmessage-length=0 -pipe -DIL2CPP_DEBUG=1 -DHAVE_BDWGC_GC -DBASELIB_INLINE_NAMESPACE=il2cpp_baselib -DIL2CPP_MONO_DEBUGGER_DISABLED -DRUNTIME_IL2CPP -DTARGET_ARM64 -DIL2CPP_ENABLE_WRITE_BARRIERS=1 -DIL2CPP_INCREMENTAL_TIME_SLICE=3 -D_DEBUG -I"." -I"Il2CppOutputProject/Source/il2cppOutput" -I"Il2CppOutputProject/IL2CPP/libil2cpp/pch" -I"Il2CppOutputProject/IL2CPP/libil2cpp" -I"Il2CppOutputProject/IL2CPP/external/baselib/Include" -I"Il2CppOutputProject/IL2CPP/libil2cpp/os/ClassLibraryPAL/brotli/include" -I"Il2CppOutputProject/IL2CPP/external/baselib/Platforms/IOS/Include" -o "Il2CppTempDirArtifacts/Debug/artifacts/arm64/actx/gnw9tyk0352b.o" -fcolor-diagnostics -stdlib=libc++ -arch arm64 -mios-version-min=11.0 -fno-strict-float-cast-overflow -c -x c++ "Il2CppOutputProject/Source/il2cppOutput/UnityEngine.SpriteMaskModule.cpp"
[ 98/410    0s] C_iOS_arm64 Il2CppTempDirArtifacts/Debug/artifacts/arm64/actx/46snshrux9st.o
##### CommandLine
"/Applications/Xcode.app/Contents/Developer/Toolchains/XcodeDefault.xctoolchain/usr/bin/clang++" -std=c++17 -Wswitch -Wno-trigraphs -Wno-tautological-compare -Wno-invalid-offsetof -Wno-implicitly-unsigned-literal -Wno-integer-overflow -Wno-shift-negative-value -Wno-unknown-attributes -Wno-implicit-function-declaration -Wno-null-conversion -Wno-missing-declarations -Wno-unused-value -Wno-pragma-once-outside-header -Wno-unknown-warning-option -Wno-undef-prefix -fvisibility=hidden -isysroot "/Applications/Xcode.app/Contents/Developer/Platforms/iPhoneOS.platform/Developer/SDKs/iPhoneOS18.2.sdk" -fexceptions -frtti -g -O0 -fno-strict-overflow -ffunction-sections -fdata-sections -fmessage-length=0 -pipe -DIL2CPP_DEBUG=1 -DHAVE_BDWGC_GC -DBASELIB_INLINE_NAMESPACE=il2cpp_baselib -DIL2CPP_MONO_DEBUGGER_DISABLED -DRUNTIME_IL2CPP -DTARGET_ARM64 -DIL2CPP_ENABLE_WRITE_BARRIERS=1 -DIL2CPP_INCREMENTAL_TIME_SLICE=3 -D_DEBUG -I"." -I"Il2CppOutputProject/Source/il2cppOutput" -I"Il2CppOutputProject/IL2CPP/libil2cpp/pch" -I"Il2CppOutputProject/IL2CPP/libil2cpp" -I"Il2CppOutputProject/IL2CPP/external/baselib/Include" -I"Il2CppOutputProject/IL2CPP/libil2cpp/os/ClassLibraryPAL/brotli/include" -I"Il2CppOutputProject/IL2CPP/external/baselib/Platforms/IOS/Include" -o "Il2CppTempDirArtifacts/Debug/artifacts/arm64/actx/46snshrux9st.o" -fcolor-diagnostics -stdlib=libc++ -arch arm64 -mios-version-min=11.0 -fno-strict-float-cast-overflow -c -x c++ "Il2CppOutputProject/Source/il2cppOutput/UnityEngine.TerrainModule.cpp"
[ 99/410    0s] C_iOS_arm64 Il2CppTempDirArtifacts/Debug/artifacts/arm64/actx/u78wlxtl5t9i.o
##### CommandLine
"/Applications/Xcode.app/Contents/Developer/Toolchains/XcodeDefault.xctoolchain/usr/bin/clang++" -std=c++17 -Wswitch -Wno-trigraphs -Wno-tautological-compare -Wno-invalid-offsetof -Wno-implicitly-unsigned-literal -Wno-integer-overflow -Wno-shift-negative-value -Wno-unknown-attributes -Wno-implicit-function-declaration -Wno-null-conversion -Wno-missing-declarations -Wno-unused-value -Wno-pragma-once-outside-header -Wno-unknown-warning-option -Wno-undef-prefix -fvisibility=hidden -isysroot "/Applications/Xcode.app/Contents/Developer/Platforms/iPhoneOS.platform/Developer/SDKs/iPhoneOS18.2.sdk" -fexceptions -frtti -g -O0 -fno-strict-overflow -ffunction-sections -fdata-sections -fmessage-length=0 -pipe -DIL2CPP_DEBUG=1 -DHAVE_BDWGC_GC -DBASELIB_INLINE_NAMESPACE=il2cpp_baselib -DIL2CPP_MONO_DEBUGGER_DISABLED -DRUNTIME_IL2CPP -DTARGET_ARM64 -DIL2CPP_ENABLE_WRITE_BARRIERS=1 -DIL2CPP_INCREMENTAL_TIME_SLICE=3 -D_DEBUG -I"." -I"Il2CppOutputProject/Source/il2cppOutput" -I"Il2CppOutputProject/IL2CPP/libil2cpp/pch" -I"Il2CppOutputProject/IL2CPP/libil2cpp" -I"Il2CppOutputProject/IL2CPP/external/baselib/Include" -I"Il2CppOutputProject/IL2CPP/libil2cpp/os/ClassLibraryPAL/brotli/include" -I"Il2CppOutputProject/IL2CPP/external/baselib/Platforms/IOS/Include" -o "Il2CppTempDirArtifacts/Debug/artifacts/arm64/actx/u78wlxtl5t9i.o" -fcolor-diagnostics -stdlib=libc++ -arch arm64 -mios-version-min=11.0 -fno-strict-float-cast-overflow -c -x c++ "Il2CppOutputProject/Source/il2cppOutput/UnityEngine.TextCoreTextEngineModule__2.cpp"
[100/410    0s] C_iOS_arm64 Il2CppTempDirArtifacts/Debug/artifacts/arm64/actx/0pnp6087illk.o
##### CommandLine
"/Applications/Xcode.app/Contents/Developer/Toolchains/XcodeDefault.xctoolchain/usr/bin/clang++" -std=c++17 -Wswitch -Wno-trigraphs -Wno-tautological-compare -Wno-invalid-offsetof -Wno-implicitly-unsigned-literal -Wno-integer-overflow -Wno-shift-negative-value -Wno-unknown-attributes -Wno-implicit-function-declaration -Wno-null-conversion -Wno-missing-declarations -Wno-unused-value -Wno-pragma-once-outside-header -Wno-unknown-warning-option -Wno-undef-prefix -fvisibility=hidden -isysroot "/Applications/Xcode.app/Contents/Developer/Platforms/iPhoneOS.platform/Developer/SDKs/iPhoneOS18.2.sdk" -fexceptions -frtti -g -O0 -fno-strict-overflow -ffunction-sections -fdata-sections -fmessage-length=0 -pipe -DIL2CPP_DEBUG=1 -DHAVE_BDWGC_GC -DBASELIB_INLINE_NAMESPACE=il2cpp_baselib -DIL2CPP_MONO_DEBUGGER_DISABLED -DRUNTIME_IL2CPP -DTARGET_ARM64 -DIL2CPP_ENABLE_WRITE_BARRIERS=1 -DIL2CPP_INCREMENTAL_TIME_SLICE=3 -D_DEBUG -I"." -I"Il2CppOutputProject/Source/il2cppOutput" -I"Il2CppOutputProject/IL2CPP/libil2cpp/pch" -I"Il2CppOutputProject/IL2CPP/libil2cpp" -I"Il2CppOutputProject/IL2CPP/external/baselib/Include" -I"Il2CppOutputProject/IL2CPP/libil2cpp/os/ClassLibraryPAL/brotli/include" -I"Il2CppOutputProject/IL2CPP/external/baselib/Platforms/IOS/Include" -o "Il2CppTempDirArtifacts/Debug/artifacts/arm64/actx/0pnp6087illk.o" -fcolor-diagnostics -stdlib=libc++ -arch arm64 -mios-version-min=11.0 -fno-strict-float-cast-overflow -c -x c++ "Il2CppOutputProject/Source/il2cppOutput/UnityEngine.TextCoreFontEngineModule.cpp"
[101/410    0s] C_iOS_arm64 Il2CppTempDirArtifacts/Debug/artifacts/arm64/actx/2f5h1a3y1s4q.o
##### CommandLine
"/Applications/Xcode.app/Contents/Developer/Toolchains/XcodeDefault.xctoolchain/usr/bin/clang++" -std=c++17 -Wswitch -Wno-trigraphs -Wno-tautological-compare -Wno-invalid-offsetof -Wno-implicitly-unsigned-literal -Wno-integer-overflow -Wno-shift-negative-value -Wno-unknown-attributes -Wno-implicit-function-declaration -Wno-null-conversion -Wno-missing-declarations -Wno-unused-value -Wno-pragma-once-outside-header -Wno-unknown-warning-option -Wno-undef-prefix -fvisibility=hidden -isysroot "/Applications/Xcode.app/Contents/Developer/Platforms/iPhoneOS.platform/Developer/SDKs/iPhoneOS18.2.sdk" -fexceptions -frtti -g -O0 -fno-strict-overflow -ffunction-sections -fdata-sections -fmessage-length=0 -pipe -DIL2CPP_DEBUG=1 -DHAVE_BDWGC_GC -DBASELIB_INLINE_NAMESPACE=il2cpp_baselib -DIL2CPP_MONO_DEBUGGER_DISABLED -DRUNTIME_IL2CPP -DTARGET_ARM64 -DIL2CPP_ENABLE_WRITE_BARRIERS=1 -DIL2CPP_INCREMENTAL_TIME_SLICE=3 -D_DEBUG -I"." -I"Il2CppOutputProject/Source/il2cppOutput" -I"Il2CppOutputProject/IL2CPP/libil2cpp/pch" -I"Il2CppOutputProject/IL2CPP/libil2cpp" -I"Il2CppOutputProject/IL2CPP/external/baselib/Include" -I"Il2CppOutputProject/IL2CPP/libil2cpp/os/ClassLibraryPAL/brotli/include" -I"Il2CppOutputProject/IL2CPP/external/baselib/Platforms/IOS/Include" -o "Il2CppTempDirArtifacts/Debug/artifacts/arm64/actx/2f5h1a3y1s4q.o" -fcolor-diagnostics -stdlib=libc++ -arch arm64 -mios-version-min=11.0 -fno-strict-float-cast-overflow -c -x c++ "Il2CppOutputProject/Source/il2cppOutput/UnityEngine.ScriptingModule.cpp"
[102/410    0s] C_iOS_arm64 Il2CppTempDirArtifacts/Debug/artifacts/arm64/actx/k2hfkm23hlss.o
##### CommandLine
"/Applications/Xcode.app/Contents/Developer/Toolchains/XcodeDefault.xctoolchain/usr/bin/clang++" -std=c++17 -Wswitch -Wno-trigraphs -Wno-tautological-compare -Wno-invalid-offsetof -Wno-implicitly-unsigned-literal -Wno-integer-overflow -Wno-shift-negative-value -Wno-unknown-attributes -Wno-implicit-function-declaration -Wno-null-conversion -Wno-missing-declarations -Wno-unused-value -Wno-pragma-once-outside-header -Wno-unknown-warning-option -Wno-undef-prefix -fvisibility=hidden -isysroot "/Applications/Xcode.app/Contents/Developer/Platforms/iPhoneOS.platform/Developer/SDKs/iPhoneOS18.2.sdk" -fexceptions -frtti -g -O0 -fno-strict-overflow -ffunction-sections -fdata-sections -fmessage-length=0 -pipe -DIL2CPP_DEBUG=1 -DHAVE_BDWGC_GC -DBASELIB_INLINE_NAMESPACE=il2cpp_baselib -DIL2CPP_MONO_DEBUGGER_DISABLED -DRUNTIME_IL2CPP -DTARGET_ARM64 -DIL2CPP_ENABLE_WRITE_BARRIERS=1 -DIL2CPP_INCREMENTAL_TIME_SLICE=3 -D_DEBUG -I"." -I"Il2CppOutputProject/Source/il2cppOutput" -I"Il2CppOutputProject/IL2CPP/libil2cpp/pch" -I"Il2CppOutputProject/IL2CPP/libil2cpp" -I"Il2CppOutputProject/IL2CPP/external/baselib/Include" -I"Il2CppOutputProject/IL2CPP/libil2cpp/os/ClassLibraryPAL/brotli/include" -I"Il2CppOutputProject/IL2CPP/external/baselib/Platforms/IOS/Include" -o "Il2CppTempDirArtifacts/Debug/artifacts/arm64/actx/k2hfkm23hlss.o" -fcolor-diagnostics -stdlib=libc++ -arch arm64 -mios-version-min=11.0 -fno-strict-float-cast-overflow -c -x c++ "Il2CppOutputProject/Source/il2cppOutput/UnityEngine.SharedInternalsModule.cpp"
[103/410    0s] C_iOS_arm64 Il2CppTempDirArtifacts/Debug/artifacts/arm64/actx/qna6fjce6ryn.o
##### CommandLine
"/Applications/Xcode.app/Contents/Developer/Toolchains/XcodeDefault.xctoolchain/usr/bin/clang++" -std=c++17 -Wswitch -Wno-trigraphs -Wno-tautological-compare -Wno-invalid-offsetof -Wno-implicitly-unsigned-literal -Wno-integer-overflow -Wno-shift-negative-value -Wno-unknown-attributes -Wno-implicit-function-declaration -Wno-null-conversion -Wno-missing-declarations -Wno-unused-value -Wno-pragma-once-outside-header -Wno-unknown-warning-option -Wno-undef-prefix -fvisibility=hidden -isysroot "/Applications/Xcode.app/Contents/Developer/Platforms/iPhoneOS.platform/Developer/SDKs/iPhoneOS18.2.sdk" -fexceptions -frtti -g -O0 -fno-strict-overflow -ffunction-sections -fdata-sections -fmessage-length=0 -pipe -DIL2CPP_DEBUG=1 -DHAVE_BDWGC_GC -DBASELIB_INLINE_NAMESPACE=il2cpp_baselib -DIL2CPP_MONO_DEBUGGER_DISABLED -DRUNTIME_IL2CPP -DTARGET_ARM64 -DIL2CPP_ENABLE_WRITE_BARRIERS=1 -DIL2CPP_INCREMENTAL_TIME_SLICE=3 -D_DEBUG -I"." -I"Il2CppOutputProject/Source/il2cppOutput" -I"Il2CppOutputProject/IL2CPP/libil2cpp/pch" -I"Il2CppOutputProject/IL2CPP/libil2cpp" -I"Il2CppOutputProject/IL2CPP/external/baselib/Include" -I"Il2CppOutputProject/IL2CPP/libil2cpp/os/ClassLibraryPAL/brotli/include" -I"Il2CppOutputProject/IL2CPP/external/baselib/Platforms/IOS/Include" -o "Il2CppTempDirArtifacts/Debug/artifacts/arm64/actx/qna6fjce6ryn.o" -fcolor-diagnostics -stdlib=libc++ -arch arm64 -mios-version-min=11.0 -fno-strict-float-cast-overflow -c -x c++ "Il2CppOutputProject/Source/il2cppOutput/UnityEngine.TextCoreTextEngineModule.cpp"
[104/410    0s] C_iOS_arm64 Il2CppTempDirArtifacts/Debug/artifacts/arm64/actx/lkymsajy6fwg.o
##### CommandLine
"/Applications/Xcode.app/Contents/Developer/Toolchains/XcodeDefault.xctoolchain/usr/bin/clang++" -std=c++17 -Wswitch -Wno-trigraphs -Wno-tautological-compare -Wno-invalid-offsetof -Wno-implicitly-unsigned-literal -Wno-integer-overflow -Wno-shift-negative-value -Wno-unknown-attributes -Wno-implicit-function-declaration -Wno-null-conversion -Wno-missing-declarations -Wno-unused-value -Wno-pragma-once-outside-header -Wno-unknown-warning-option -Wno-undef-prefix -fvisibility=hidden -isysroot "/Applications/Xcode.app/Contents/Developer/Platforms/iPhoneOS.platform/Developer/SDKs/iPhoneOS18.2.sdk" -fexceptions -frtti -g -O0 -fno-strict-overflow -ffunction-sections -fdata-sections -fmessage-length=0 -pipe -DIL2CPP_DEBUG=1 -DHAVE_BDWGC_GC -DBASELIB_INLINE_NAMESPACE=il2cpp_baselib -DIL2CPP_MONO_DEBUGGER_DISABLED -DRUNTIME_IL2CPP -DTARGET_ARM64 -DIL2CPP_ENABLE_WRITE_BARRIERS=1 -DIL2CPP_INCREMENTAL_TIME_SLICE=3 -D_DEBUG -I"." -I"Il2CppOutputProject/Source/il2cppOutput" -I"Il2CppOutputProject/IL2CPP/libil2cpp/pch" -I"Il2CppOutputProject/IL2CPP/libil2cpp" -I"Il2CppOutputProject/IL2CPP/external/baselib/Include" -I"Il2CppOutputProject/IL2CPP/libil2cpp/os/ClassLibraryPAL/brotli/include" -I"Il2CppOutputProject/IL2CPP/external/baselib/Platforms/IOS/Include" -o "Il2CppTempDirArtifacts/Debug/artifacts/arm64/actx/lkymsajy6fwg.o" -fcolor-diagnostics -stdlib=libc++ -arch arm64 -mios-version-min=11.0 -fno-strict-float-cast-overflow -c -x c++ "Il2CppOutputProject/Source/il2cppOutput/UnityEngine.RenderAs2DModule.cpp"
[105/410    1s] C_iOS_arm64 Il2CppTempDirArtifacts/Debug/artifacts/arm64/actx/9r585nfo25xz.o
##### CommandLine
"/Applications/Xcode.app/Contents/Developer/Toolchains/XcodeDefault.xctoolchain/usr/bin/clang++" -std=c++17 -Wswitch -Wno-trigraphs -Wno-tautological-compare -Wno-invalid-offsetof -Wno-implicitly-unsigned-literal -Wno-integer-overflow -Wno-shift-negative-value -Wno-unknown-attributes -Wno-implicit-function-declaration -Wno-null-conversion -Wno-missing-declarations -Wno-unused-value -Wno-pragma-once-outside-header -Wno-unknown-warning-option -Wno-undef-prefix -fvisibility=hidden -isysroot "/Applications/Xcode.app/Contents/Developer/Platforms/iPhoneOS.platform/Developer/SDKs/iPhoneOS18.2.sdk" -fexceptions -frtti -g -O0 -fno-strict-overflow -ffunction-sections -fdata-sections -fmessage-length=0 -pipe -DIL2CPP_DEBUG=1 -DHAVE_BDWGC_GC -DBASELIB_INLINE_NAMESPACE=il2cpp_baselib -DIL2CPP_MONO_DEBUGGER_DISABLED -DRUNTIME_IL2CPP -DTARGET_ARM64 -DIL2CPP_ENABLE_WRITE_BARRIERS=1 -DIL2CPP_INCREMENTAL_TIME_SLICE=3 -D_DEBUG -I"." -I"Il2CppOutputProject/Source/il2cppOutput" -I"Il2CppOutputProject/IL2CPP/libil2cpp/pch" -I"Il2CppOutputProject/IL2CPP/libil2cpp" -I"Il2CppOutputProject/IL2CPP/external/baselib/Include" -I"Il2CppOutputProject/IL2CPP/libil2cpp/os/ClassLibraryPAL/brotli/include" -I"Il2CppOutputProject/IL2CPP/external/baselib/Platforms/IOS/Include" -o "Il2CppTempDirArtifacts/Debug/artifacts/arm64/actx/9r585nfo25xz.o" -fcolor-diagnostics -stdlib=libc++ -arch arm64 -mios-version-min=11.0 -fno-strict-float-cast-overflow -c -x c++ "Il2CppOutputProject/Source/il2cppOutput/UnityEngine.TextCoreTextEngineModule__1.cpp"
[106/410    0s] C_iOS_arm64 Il2CppTempDirArtifacts/Debug/artifacts/arm64/actx/626uhl03dfff.o
##### CommandLine
"/Applications/Xcode.app/Contents/Developer/Toolchains/XcodeDefault.xctoolchain/usr/bin/clang++" -std=c++17 -Wswitch -Wno-trigraphs -Wno-tautological-compare -Wno-invalid-offsetof -Wno-implicitly-unsigned-literal -Wno-integer-overflow -Wno-shift-negative-value -Wno-unknown-attributes -Wno-implicit-function-declaration -Wno-null-conversion -Wno-missing-declarations -Wno-unused-value -Wno-pragma-once-outside-header -Wno-unknown-warning-option -Wno-undef-prefix -fvisibility=hidden -isysroot "/Applications/Xcode.app/Contents/Developer/Platforms/iPhoneOS.platform/Developer/SDKs/iPhoneOS18.2.sdk" -fexceptions -frtti -g -O0 -fno-strict-overflow -ffunction-sections -fdata-sections -fmessage-length=0 -pipe -DIL2CPP_DEBUG=1 -DHAVE_BDWGC_GC -DBASELIB_INLINE_NAMESPACE=il2cpp_baselib -DIL2CPP_MONO_DEBUGGER_DISABLED -DRUNTIME_IL2CPP -DTARGET_ARM64 -DIL2CPP_ENABLE_WRITE_BARRIERS=1 -DIL2CPP_INCREMENTAL_TIME_SLICE=3 -D_DEBUG -I"." -I"Il2CppOutputProject/Source/il2cppOutput" -I"Il2CppOutputProject/IL2CPP/libil2cpp/pch" -I"Il2CppOutputProject/IL2CPP/libil2cpp" -I"Il2CppOutputProject/IL2CPP/external/baselib/Include" -I"Il2CppOutputProject/IL2CPP/libil2cpp/os/ClassLibraryPAL/brotli/include" -I"Il2CppOutputProject/IL2CPP/external/baselib/Platforms/IOS/Include" -o "Il2CppTempDirArtifacts/Debug/artifacts/arm64/actx/626uhl03dfff.o" -fcolor-diagnostics -stdlib=libc++ -arch arm64 -mios-version-min=11.0 -fno-strict-float-cast-overflow -c -x c++ "Il2CppOutputProject/Source/il2cppOutput/UnityEngine.PhysicsModule.cpp"
[107/410    0s] C_iOS_arm64 Il2CppTempDirArtifacts/Debug/artifacts/arm64/actx/ekzpmr2zm36g.o
##### CommandLine
"/Applications/Xcode.app/Contents/Developer/Toolchains/XcodeDefault.xctoolchain/usr/bin/clang++" -std=c++17 -Wswitch -Wno-trigraphs -Wno-tautological-compare -Wno-invalid-offsetof -Wno-implicitly-unsigned-literal -Wno-integer-overflow -Wno-shift-negative-value -Wno-unknown-attributes -Wno-implicit-function-declaration -Wno-null-conversion -Wno-missing-declarations -Wno-unused-value -Wno-pragma-once-outside-header -Wno-unknown-warning-option -Wno-undef-prefix -fvisibility=hidden -isysroot "/Applications/Xcode.app/Contents/Developer/Platforms/iPhoneOS.platform/Developer/SDKs/iPhoneOS18.2.sdk" -fexceptions -frtti -g -O0 -fno-strict-overflow -ffunction-sections -fdata-sections -fmessage-length=0 -pipe -DIL2CPP_DEBUG=1 -DHAVE_BDWGC_GC -DBASELIB_INLINE_NAMESPACE=il2cpp_baselib -DIL2CPP_MONO_DEBUGGER_DISABLED -DRUNTIME_IL2CPP -DTARGET_ARM64 -DIL2CPP_ENABLE_WRITE_BARRIERS=1 -DIL2CPP_INCREMENTAL_TIME_SLICE=3 -D_DEBUG -I"." -I"Il2CppOutputProject/Source/il2cppOutput" -I"Il2CppOutputProject/IL2CPP/libil2cpp/pch" -I"Il2CppOutputProject/IL2CPP/libil2cpp" -I"Il2CppOutputProject/IL2CPP/external/baselib/Include" -I"Il2CppOutputProject/IL2CPP/libil2cpp/os/ClassLibraryPAL/brotli/include" -I"Il2CppOutputProject/IL2CPP/external/baselib/Platforms/IOS/Include" -o "Il2CppTempDirArtifacts/Debug/artifacts/arm64/actx/ekzpmr2zm36g.o" -fcolor-diagnostics -stdlib=libc++ -arch arm64 -mios-version-min=11.0 -fno-strict-float-cast-overflow -c -x c++ "Il2CppOutputProject/Source/il2cppOutput/UnityEngine.PropertiesModule.cpp"
[108/410    0s] C_iOS_arm64 Il2CppTempDirArtifacts/Debug/artifacts/arm64/actx/ciytuo08fkfk.o
##### CommandLine
"/Applications/Xcode.app/Contents/Developer/Toolchains/XcodeDefault.xctoolchain/usr/bin/clang++" -std=c++17 -Wswitch -Wno-trigraphs -Wno-tautological-compare -Wno-invalid-offsetof -Wno-implicitly-unsigned-literal -Wno-integer-overflow -Wno-shift-negative-value -Wno-unknown-attributes -Wno-implicit-function-declaration -Wno-null-conversion -Wno-missing-declarations -Wno-unused-value -Wno-pragma-once-outside-header -Wno-unknown-warning-option -Wno-undef-prefix -fvisibility=hidden -isysroot "/Applications/Xcode.app/Contents/Developer/Platforms/iPhoneOS.platform/Developer/SDKs/iPhoneOS18.2.sdk" -fexceptions -frtti -g -O0 -fno-strict-overflow -ffunction-sections -fdata-sections -fmessage-length=0 -pipe -DIL2CPP_DEBUG=1 -DHAVE_BDWGC_GC -DBASELIB_INLINE_NAMESPACE=il2cpp_baselib -DIL2CPP_MONO_DEBUGGER_DISABLED -DRUNTIME_IL2CPP -DTARGET_ARM64 -DIL2CPP_ENABLE_WRITE_BARRIERS=1 -DIL2CPP_INCREMENTAL_TIME_SLICE=3 -D_DEBUG -I"." -I"Il2CppOutputProject/Source/il2cppOutput" -I"Il2CppOutputProject/IL2CPP/libil2cpp/pch" -I"Il2CppOutputProject/IL2CPP/libil2cpp" -I"Il2CppOutputProject/IL2CPP/external/baselib/Include" -I"Il2CppOutputProject/IL2CPP/libil2cpp/os/ClassLibraryPAL/brotli/include" -I"Il2CppOutputProject/IL2CPP/external/baselib/Platforms/IOS/Include" -o "Il2CppTempDirArtifacts/Debug/artifacts/arm64/actx/ciytuo08fkfk.o" -fcolor-diagnostics -stdlib=libc++ -arch arm64 -mios-version-min=11.0 -fno-strict-float-cast-overflow -c -x c++ "Il2CppOutputProject/Source/il2cppOutput/UnityEngine.Physics2DModule.cpp"
[109/410    0s] C_iOS_arm64 Il2CppTempDirArtifacts/Debug/artifacts/arm64/actx/pzj5visppm4s.o
##### CommandLine
"/Applications/Xcode.app/Contents/Developer/Toolchains/XcodeDefault.xctoolchain/usr/bin/clang++" -std=c++17 -Wswitch -Wno-trigraphs -Wno-tautological-compare -Wno-invalid-offsetof -Wno-implicitly-unsigned-literal -Wno-integer-overflow -Wno-shift-negative-value -Wno-unknown-attributes -Wno-implicit-function-declaration -Wno-null-conversion -Wno-missing-declarations -Wno-unused-value -Wno-pragma-once-outside-header -Wno-unknown-warning-option -Wno-undef-prefix -fvisibility=hidden -isysroot "/Applications/Xcode.app/Contents/Developer/Platforms/iPhoneOS.platform/Developer/SDKs/iPhoneOS18.2.sdk" -fexceptions -frtti -g -O0 -fno-strict-overflow -ffunction-sections -fdata-sections -fmessage-length=0 -pipe -DIL2CPP_DEBUG=1 -DHAVE_BDWGC_GC -DBASELIB_INLINE_NAMESPACE=il2cpp_baselib -DIL2CPP_MONO_DEBUGGER_DISABLED -DRUNTIME_IL2CPP -DTARGET_ARM64 -DIL2CPP_ENABLE_WRITE_BARRIERS=1 -DIL2CPP_INCREMENTAL_TIME_SLICE=3 -D_DEBUG -I"." -I"Il2CppOutputProject/Source/il2cppOutput" -I"Il2CppOutputProject/IL2CPP/libil2cpp/pch" -I"Il2CppOutputProject/IL2CPP/libil2cpp" -I"Il2CppOutputProject/IL2CPP/external/baselib/Include" -I"Il2CppOutputProject/IL2CPP/libil2cpp/os/ClassLibraryPAL/brotli/include" -I"Il2CppOutputProject/IL2CPP/external/baselib/Platforms/IOS/Include" -o "Il2CppTempDirArtifacts/Debug/artifacts/arm64/actx/pzj5visppm4s.o" -fcolor-diagnostics -stdlib=libc++ -arch arm64 -mios-version-min=11.0 -fno-strict-float-cast-overflow -c -x c++ "Il2CppOutputProject/Source/il2cppOutput/UnityEngine.InputModule.cpp"
[110/410    0s] C_iOS_arm64 Il2CppTempDirArtifacts/Debug/artifacts/arm64/actx/y7pmfstqzgae.o
##### CommandLine
"/Applications/Xcode.app/Contents/Developer/Toolchains/XcodeDefault.xctoolchain/usr/bin/clang++" -std=c++17 -Wswitch -Wno-trigraphs -Wno-tautological-compare -Wno-invalid-offsetof -Wno-implicitly-unsigned-literal -Wno-integer-overflow -Wno-shift-negative-value -Wno-unknown-attributes -Wno-implicit-function-declaration -Wno-null-conversion -Wno-missing-declarations -Wno-unused-value -Wno-pragma-once-outside-header -Wno-unknown-warning-option -Wno-undef-prefix -fvisibility=hidden -isysroot "/Applications/Xcode.app/Contents/Developer/Platforms/iPhoneOS.platform/Developer/SDKs/iPhoneOS18.2.sdk" -fexceptions -frtti -g -O0 -fno-strict-overflow -ffunction-sections -fdata-sections -fmessage-length=0 -pipe -DIL2CPP_DEBUG=1 -DHAVE_BDWGC_GC -DBASELIB_INLINE_NAMESPACE=il2cpp_baselib -DIL2CPP_MONO_DEBUGGER_DISABLED -DRUNTIME_IL2CPP -DTARGET_ARM64 -DIL2CPP_ENABLE_WRITE_BARRIERS=1 -DIL2CPP_INCREMENTAL_TIME_SLICE=3 -D_DEBUG -I"." -I"Il2CppOutputProject/Source/il2cppOutput" -I"Il2CppOutputProject/IL2CPP/libil2cpp/pch" -I"Il2CppOutputProject/IL2CPP/libil2cpp" -I"Il2CppOutputProject/IL2CPP/external/baselib/Include" -I"Il2CppOutputProject/IL2CPP/libil2cpp/os/ClassLibraryPAL/brotli/include" -I"Il2CppOutputProject/IL2CPP/external/baselib/Platforms/IOS/Include" -o "Il2CppTempDirArtifacts/Debug/artifacts/arm64/actx/y7pmfstqzgae.o" -fcolor-diagnostics -stdlib=libc++ -arch arm64 -mios-version-min=11.0 -fno-strict-float-cast-overflow -c -x c++ "Il2CppOutputProject/Source/il2cppOutput/UnityEngine.InputLegacyModule.cpp"
[111/410    0s] C_iOS_arm64 Il2CppTempDirArtifacts/Debug/artifacts/arm64/actx/v95trwxqngxk.o
##### CommandLine
"/Applications/Xcode.app/Contents/Developer/Toolchains/XcodeDefault.xctoolchain/usr/bin/clang++" -std=c++17 -Wswitch -Wno-trigraphs -Wno-tautological-compare -Wno-invalid-offsetof -Wno-implicitly-unsigned-literal -Wno-integer-overflow -Wno-shift-negative-value -Wno-unknown-attributes -Wno-implicit-function-declaration -Wno-null-conversion -Wno-missing-declarations -Wno-unused-value -Wno-pragma-once-outside-header -Wno-unknown-warning-option -Wno-undef-prefix -fvisibility=hidden -isysroot "/Applications/Xcode.app/Contents/Developer/Platforms/iPhoneOS.platform/Developer/SDKs/iPhoneOS18.2.sdk" -fexceptions -frtti -g -O0 -fno-strict-overflow -ffunction-sections -fdata-sections -fmessage-length=0 -pipe -DIL2CPP_DEBUG=1 -DHAVE_BDWGC_GC -DBASELIB_INLINE_NAMESPACE=il2cpp_baselib -DIL2CPP_MONO_DEBUGGER_DISABLED -DRUNTIME_IL2CPP -DTARGET_ARM64 -DIL2CPP_ENABLE_WRITE_BARRIERS=1 -DIL2CPP_INCREMENTAL_TIME_SLICE=3 -D_DEBUG -I"." -I"Il2CppOutputProject/Source/il2cppOutput" -I"Il2CppOutputProject/IL2CPP/libil2cpp/pch" -I"Il2CppOutputProject/IL2CPP/libil2cpp" -I"Il2CppOutputProject/IL2CPP/external/baselib/Include" -I"Il2CppOutputProject/IL2CPP/libil2cpp/os/ClassLibraryPAL/brotli/include" -I"Il2CppOutputProject/IL2CPP/external/baselib/Platforms/IOS/Include" -o "Il2CppTempDirArtifacts/Debug/artifacts/arm64/actx/v95trwxqngxk.o" -fcolor-diagnostics -stdlib=libc++ -arch arm64 -mios-version-min=11.0 -fno-strict-float-cast-overflow -c -x c++ "Il2CppOutputProject/Source/il2cppOutput/UnityEngine.JSONSerializeModule.cpp"
[112/410    0s] C_iOS_arm64 Il2CppTempDirArtifacts/Debug/artifacts/arm64/actx/jg5j66fqs8bu.o
##### CommandLine
"/Applications/Xcode.app/Contents/Developer/Toolchains/XcodeDefault.xctoolchain/usr/bin/clang++" -std=c++17 -Wswitch -Wno-trigraphs -Wno-tautological-compare -Wno-invalid-offsetof -Wno-implicitly-unsigned-literal -Wno-integer-overflow -Wno-shift-negative-value -Wno-unknown-attributes -Wno-implicit-function-declaration -Wno-null-conversion -Wno-missing-declarations -Wno-unused-value -Wno-pragma-once-outside-header -Wno-unknown-warning-option -Wno-undef-prefix -fvisibility=hidden -isysroot "/Applications/Xcode.app/Contents/Developer/Platforms/iPhoneOS.platform/Developer/SDKs/iPhoneOS18.2.sdk" -fexceptions -frtti -g -O0 -fno-strict-overflow -ffunction-sections -fdata-sections -fmessage-length=0 -pipe -DIL2CPP_DEBUG=1 -DHAVE_BDWGC_GC -DBASELIB_INLINE_NAMESPACE=il2cpp_baselib -DIL2CPP_MONO_DEBUGGER_DISABLED -DRUNTIME_IL2CPP -DTARGET_ARM64 -DIL2CPP_ENABLE_WRITE_BARRIERS=1 -DIL2CPP_INCREMENTAL_TIME_SLICE=3 -D_DEBUG -I"." -I"Il2CppOutputProject/Source/il2cppOutput" -I"Il2CppOutputProject/IL2CPP/libil2cpp/pch" -I"Il2CppOutputProject/IL2CPP/libil2cpp" -I"Il2CppOutputProject/IL2CPP/external/baselib/Include" -I"Il2CppOutputProject/IL2CPP/libil2cpp/os/ClassLibraryPAL/brotli/include" -I"Il2CppOutputProject/IL2CPP/external/baselib/Platforms/IOS/Include" -o "Il2CppTempDirArtifacts/Debug/artifacts/arm64/actx/jg5j66fqs8bu.o" -fcolor-diagnostics -stdlib=libc++ -arch arm64 -mios-version-min=11.0 -fno-strict-float-cast-overflow -c -x c++ "Il2CppOutputProject/Source/il2cppOutput/UnityEngine.PhysicsCore2DModule.cpp"
[113/410    0s] C_iOS_arm64 Il2CppTempDirArtifacts/Debug/artifacts/arm64/actx/2md3uliex61p.o
##### CommandLine
"/Applications/Xcode.app/Contents/Developer/Toolchains/XcodeDefault.xctoolchain/usr/bin/clang++" -std=c++17 -Wswitch -Wno-trigraphs -Wno-tautological-compare -Wno-invalid-offsetof -Wno-implicitly-unsigned-literal -Wno-integer-overflow -Wno-shift-negative-value -Wno-unknown-attributes -Wno-implicit-function-declaration -Wno-null-conversion -Wno-missing-declarations -Wno-unused-value -Wno-pragma-once-outside-header -Wno-unknown-warning-option -Wno-undef-prefix -fvisibility=hidden -isysroot "/Applications/Xcode.app/Contents/Developer/Platforms/iPhoneOS.platform/Developer/SDKs/iPhoneOS18.2.sdk" -fexceptions -frtti -g -O0 -fno-strict-overflow -ffunction-sections -fdata-sections -fmessage-length=0 -pipe -DIL2CPP_DEBUG=1 -DHAVE_BDWGC_GC -DBASELIB_INLINE_NAMESPACE=il2cpp_baselib -DIL2CPP_MONO_DEBUGGER_DISABLED -DRUNTIME_IL2CPP -DTARGET_ARM64 -DIL2CPP_ENABLE_WRITE_BARRIERS=1 -DIL2CPP_INCREMENTAL_TIME_SLICE=3 -D_DEBUG -I"." -I"Il2CppOutputProject/Source/il2cppOutput" -I"Il2CppOutputProject/IL2CPP/libil2cpp/pch" -I"Il2CppOutputProject/IL2CPP/libil2cpp" -I"Il2CppOutputProject/IL2CPP/external/baselib/Include" -I"Il2CppOutputProject/IL2CPP/libil2cpp/os/ClassLibraryPAL/brotli/include" -I"Il2CppOutputProject/IL2CPP/external/baselib/Platforms/IOS/Include" -o "Il2CppTempDirArtifacts/Debug/artifacts/arm64/actx/2md3uliex61p.o" -fcolor-diagnostics -stdlib=libc++ -arch arm64 -mios-version-min=11.0 -fno-strict-float-cast-overflow -c -x c++ "Il2CppOutputProject/Source/il2cppOutput/UnityEngine.InputForUIModule.cpp"
[114/410    0s] C_iOS_arm64 Il2CppTempDirArtifacts/Debug/artifacts/arm64/actx/ts632ckg0gqd.o
##### CommandLine
"/Applications/Xcode.app/Contents/Developer/Toolchains/XcodeDefault.xctoolchain/usr/bin/clang++" -std=c++17 -Wswitch -Wno-trigraphs -Wno-tautological-compare -Wno-invalid-offsetof -Wno-implicitly-unsigned-literal -Wno-integer-overflow -Wno-shift-negative-value -Wno-unknown-attributes -Wno-implicit-function-declaration -Wno-null-conversion -Wno-missing-declarations -Wno-unused-value -Wno-pragma-once-outside-header -Wno-unknown-warning-option -Wno-undef-prefix -fvisibility=hidden -isysroot "/Applications/Xcode.app/Contents/Developer/Platforms/iPhoneOS.platform/Developer/SDKs/iPhoneOS18.2.sdk" -fexceptions -frtti -g -O0 -fno-strict-overflow -ffunction-sections -fdata-sections -fmessage-length=0 -pipe -DIL2CPP_DEBUG=1 -DHAVE_BDWGC_GC -DBASELIB_INLINE_NAMESPACE=il2cpp_baselib -DIL2CPP_MONO_DEBUGGER_DISABLED -DRUNTIME_IL2CPP -DTARGET_ARM64 -DIL2CPP_ENABLE_WRITE_BARRIERS=1 -DIL2CPP_INCREMENTAL_TIME_SLICE=3 -D_DEBUG -I"." -I"Il2CppOutputProject/Source/il2cppOutput" -I"Il2CppOutputProject/IL2CPP/libil2cpp/pch" -I"Il2CppOutputProject/IL2CPP/libil2cpp" -I"Il2CppOutputProject/IL2CPP/external/baselib/Include" -I"Il2CppOutputProject/IL2CPP/libil2cpp/os/ClassLibraryPAL/brotli/include" -I"Il2CppOutputProject/IL2CPP/external/baselib/Platforms/IOS/Include" -o "Il2CppTempDirArtifacts/Debug/artifacts/arm64/actx/ts632ckg0gqd.o" -fcolor-diagnostics -stdlib=libc++ -arch arm64 -mios-version-min=11.0 -fno-strict-float-cast-overflow -c -x c++ "Il2CppOutputProject/Source/il2cppOutput/UnityEngine.cpp"
[115/410    0s] C_iOS_arm64 Il2CppTempDirArtifacts/Debug/artifacts/arm64/actx/52oyrc45w71q.o
##### CommandLine
"/Applications/Xcode.app/Contents/Developer/Toolchains/XcodeDefault.xctoolchain/usr/bin/clang++" -std=c++17 -Wswitch -Wno-trigraphs -Wno-tautological-compare -Wno-invalid-offsetof -Wno-implicitly-unsigned-literal -Wno-integer-overflow -Wno-shift-negative-value -Wno-unknown-attributes -Wno-implicit-function-declaration -Wno-null-conversion -Wno-missing-declarations -Wno-unused-value -Wno-pragma-once-outside-header -Wno-unknown-warning-option -Wno-undef-prefix -fvisibility=hidden -isysroot "/Applications/Xcode.app/Contents/Developer/Platforms/iPhoneOS.platform/Developer/SDKs/iPhoneOS18.2.sdk" -fexceptions -frtti -g -O0 -fno-strict-overflow -ffunction-sections -fdata-sections -fmessage-length=0 -pipe -DIL2CPP_DEBUG=1 -DHAVE_BDWGC_GC -DBASELIB_INLINE_NAMESPACE=il2cpp_baselib -DIL2CPP_MONO_DEBUGGER_DISABLED -DRUNTIME_IL2CPP -DTARGET_ARM64 -DIL2CPP_ENABLE_WRITE_BARRIERS=1 -DIL2CPP_INCREMENTAL_TIME_SLICE=3 -D_DEBUG -I"." -I"Il2CppOutputProject/Source/il2cppOutput" -I"Il2CppOutputProject/IL2CPP/libil2cpp/pch" -I"Il2CppOutputProject/IL2CPP/libil2cpp" -I"Il2CppOutputProject/IL2CPP/external/baselib/Include" -I"Il2CppOutputProject/IL2CPP/libil2cpp/os/ClassLibraryPAL/brotli/include" -I"Il2CppOutputProject/IL2CPP/external/baselib/Platforms/IOS/Include" -o "Il2CppTempDirArtifacts/Debug/artifacts/arm64/actx/52oyrc45w71q.o" -fcolor-diagnostics -stdlib=libc++ -arch arm64 -mios-version-min=11.0 -fno-strict-float-cast-overflow -c -x c++ "Il2CppOutputProject/Source/il2cppOutput/UnityEngine.MathematicsModule.cpp"
[116/410    0s] C_iOS_arm64 Il2CppTempDirArtifacts/Debug/artifacts/arm64/actx/6im4qihul1ko.o
##### CommandLine
"/Applications/Xcode.app/Contents/Developer/Toolchains/XcodeDefault.xctoolchain/usr/bin/clang++" -std=c++17 -Wswitch -Wno-trigraphs -Wno-tautological-compare -Wno-invalid-offsetof -Wno-implicitly-unsigned-literal -Wno-integer-overflow -Wno-shift-negative-value -Wno-unknown-attributes -Wno-implicit-function-declaration -Wno-null-conversion -Wno-missing-declarations -Wno-unused-value -Wno-pragma-once-outside-header -Wno-unknown-warning-option -Wno-undef-prefix -fvisibility=hidden -isysroot "/Applications/Xcode.app/Contents/Developer/Platforms/iPhoneOS.platform/Developer/SDKs/iPhoneOS18.2.sdk" -fexceptions -frtti -g -O0 -fno-strict-overflow -ffunction-sections -fdata-sections -fmessage-length=0 -pipe -DIL2CPP_DEBUG=1 -DHAVE_BDWGC_GC -DBASELIB_INLINE_NAMESPACE=il2cpp_baselib -DIL2CPP_MONO_DEBUGGER_DISABLED -DRUNTIME_IL2CPP -DTARGET_ARM64 -DIL2CPP_ENABLE_WRITE_BARRIERS=1 -DIL2CPP_INCREMENTAL_TIME_SLICE=3 -D_DEBUG -I"." -I"Il2CppOutputProject/Source/il2cppOutput" -I"Il2CppOutputProject/IL2CPP/libil2cpp/pch" -I"Il2CppOutputProject/IL2CPP/libil2cpp" -I"Il2CppOutputProject/IL2CPP/external/baselib/Include" -I"Il2CppOutputProject/IL2CPP/libil2cpp/os/ClassLibraryPAL/brotli/include" -I"Il2CppOutputProject/IL2CPP/external/baselib/Platforms/IOS/Include" -o "Il2CppTempDirArtifacts/Debug/artifacts/arm64/actx/6im4qihul1ko.o" -fcolor-diagnostics -stdlib=libc++ -arch arm64 -mios-version-min=11.0 -fno-strict-float-cast-overflow -c -x c++ "Il2CppOutputProject/Source/il2cppOutput/UnityEngine.GameCenterModule.cpp"
[117/410    0s] C_iOS_arm64 Il2CppTempDirArtifacts/Debug/artifacts/arm64/actx/vs64ke29uzix.o
##### CommandLine
"/Applications/Xcode.app/Contents/Developer/Toolchains/XcodeDefault.xctoolchain/usr/bin/clang++" -std=c++17 -Wswitch -Wno-trigraphs -Wno-tautological-compare -Wno-invalid-offsetof -Wno-implicitly-unsigned-literal -Wno-integer-overflow -Wno-shift-negative-value -Wno-unknown-attributes -Wno-implicit-function-declaration -Wno-null-conversion -Wno-missing-declarations -Wno-unused-value -Wno-pragma-once-outside-header -Wno-unknown-warning-option -Wno-undef-prefix -fvisibility=hidden -isysroot "/Applications/Xcode.app/Contents/Developer/Platforms/iPhoneOS.platform/Developer/SDKs/iPhoneOS18.2.sdk" -fexceptions -frtti -g -O0 -fno-strict-overflow -ffunction-sections -fdata-sections -fmessage-length=0 -pipe -DIL2CPP_DEBUG=1 -DHAVE_BDWGC_GC -DBASELIB_INLINE_NAMESPACE=il2cpp_baselib -DIL2CPP_MONO_DEBUGGER_DISABLED -DRUNTIME_IL2CPP -DTARGET_ARM64 -DIL2CPP_ENABLE_WRITE_BARRIERS=1 -DIL2CPP_INCREMENTAL_TIME_SLICE=3 -D_DEBUG -I"." -I"Il2CppOutputProject/Source/il2cppOutput" -I"Il2CppOutputProject/IL2CPP/libil2cpp/pch" -I"Il2CppOutputProject/IL2CPP/libil2cpp" -I"Il2CppOutputProject/IL2CPP/external/baselib/Include" -I"Il2CppOutputProject/IL2CPP/libil2cpp/os/ClassLibraryPAL/brotli/include" -I"Il2CppOutputProject/IL2CPP/external/baselib/Platforms/IOS/Include" -o "Il2CppTempDirArtifacts/Debug/artifacts/arm64/actx/vs64ke29uzix.o" -fcolor-diagnostics -stdlib=libc++ -arch arm64 -mios-version-min=11.0 -fno-strict-float-cast-overflow -c -x c++ "Il2CppOutputProject/Source/il2cppOutput/UnityEngine.HierarchyCoreModule.cpp"
[118/410    0s] C_iOS_arm64 Il2CppTempDirArtifacts/Debug/artifacts/arm64/actx/474bisln6myj.o
##### CommandLine
"/Applications/Xcode.app/Contents/Developer/Toolchains/XcodeDefault.xctoolchain/usr/bin/clang++" -std=c++17 -Wswitch -Wno-trigraphs -Wno-tautological-compare -Wno-invalid-offsetof -Wno-implicitly-unsigned-literal -Wno-integer-overflow -Wno-shift-negative-value -Wno-unknown-attributes -Wno-implicit-function-declaration -Wno-null-conversion -Wno-missing-declarations -Wno-unused-value -Wno-pragma-once-outside-header -Wno-unknown-warning-option -Wno-undef-prefix -fvisibility=hidden -isysroot "/Applications/Xcode.app/Contents/Developer/Platforms/iPhoneOS.platform/Developer/SDKs/iPhoneOS18.2.sdk" -fexceptions -frtti -g -O0 -fno-strict-overflow -ffunction-sections -fdata-sections -fmessage-length=0 -pipe -DIL2CPP_DEBUG=1 -DHAVE_BDWGC_GC -DBASELIB_INLINE_NAMESPACE=il2cpp_baselib -DIL2CPP_MONO_DEBUGGER_DISABLED -DRUNTIME_IL2CPP -DTARGET_ARM64 -DIL2CPP_ENABLE_WRITE_BARRIERS=1 -DIL2CPP_INCREMENTAL_TIME_SLICE=3 -D_DEBUG -I"." -I"Il2CppOutputProject/Source/il2cppOutput" -I"Il2CppOutputProject/IL2CPP/libil2cpp/pch" -I"Il2CppOutputProject/IL2CPP/libil2cpp" -I"Il2CppOutputProject/IL2CPP/external/baselib/Include" -I"Il2CppOutputProject/IL2CPP/libil2cpp/os/ClassLibraryPAL/brotli/include" -I"Il2CppOutputProject/IL2CPP/external/baselib/Platforms/IOS/Include" -o "Il2CppTempDirArtifacts/Debug/artifacts/arm64/actx/474bisln6myj.o" -fcolor-diagnostics -stdlib=libc++ -arch arm64 -mios-version-min=11.0 -fno-strict-float-cast-overflow -c -x c++ "Il2CppOutputProject/Source/il2cppOutput/UnityClassRegistration.cpp"
[119/410    0s] C_iOS_arm64 Il2CppTempDirArtifacts/Debug/artifacts/arm64/actx/27gi86pvyp1z.o
##### CommandLine
"/Applications/Xcode.app/Contents/Developer/Toolchains/XcodeDefault.xctoolchain/usr/bin/clang++" -std=c++17 -Wswitch -Wno-trigraphs -Wno-tautological-compare -Wno-invalid-offsetof -Wno-implicitly-unsigned-literal -Wno-integer-overflow -Wno-shift-negative-value -Wno-unknown-attributes -Wno-implicit-function-declaration -Wno-null-conversion -Wno-missing-declarations -Wno-unused-value -Wno-pragma-once-outside-header -Wno-unknown-warning-option -Wno-undef-prefix -fvisibility=hidden -isysroot "/Applications/Xcode.app/Contents/Developer/Platforms/iPhoneOS.platform/Developer/SDKs/iPhoneOS18.2.sdk" -fexceptions -frtti -g -O0 -fno-strict-overflow -ffunction-sections -fdata-sections -fmessage-length=0 -pipe -DIL2CPP_DEBUG=1 -DHAVE_BDWGC_GC -DBASELIB_INLINE_NAMESPACE=il2cpp_baselib -DIL2CPP_MONO_DEBUGGER_DISABLED -DRUNTIME_IL2CPP -DTARGET_ARM64 -DIL2CPP_ENABLE_WRITE_BARRIERS=1 -DIL2CPP_INCREMENTAL_TIME_SLICE=3 -D_DEBUG -I"." -I"Il2CppOutputProject/Source/il2cppOutput" -I"Il2CppOutputProject/IL2CPP/libil2cpp/pch" -I"Il2CppOutputProject/IL2CPP/libil2cpp" -I"Il2CppOutputProject/IL2CPP/external/baselib/Include" -I"Il2CppOutputProject/IL2CPP/libil2cpp/os/ClassLibraryPAL/brotli/include" -I"Il2CppOutputProject/IL2CPP/external/baselib/Platforms/IOS/Include" -o "Il2CppTempDirArtifacts/Debug/artifacts/arm64/actx/27gi86pvyp1z.o" -fcolor-diagnostics -stdlib=libc++ -arch arm64 -mios-version-min=11.0 -fno-strict-float-cast-overflow -c -x c++ "Il2CppOutputProject/Source/il2cppOutput/UnityEngine.IMGUIModule.cpp"
[120/410    0s] C_iOS_arm64 Il2CppTempDirArtifacts/Debug/artifacts/arm64/actx/evdw177tgjki.o
##### CommandLine
"/Applications/Xcode.app/Contents/Developer/Toolchains/XcodeDefault.xctoolchain/usr/bin/clang++" -std=c++17 -Wswitch -Wno-trigraphs -Wno-tautological-compare -Wno-invalid-offsetof -Wno-implicitly-unsigned-literal -Wno-integer-overflow -Wno-shift-negative-value -Wno-unknown-attributes -Wno-implicit-function-declaration -Wno-null-conversion -Wno-missing-declarations -Wno-unused-value -Wno-pragma-once-outside-header -Wno-unknown-warning-option -Wno-undef-prefix -fvisibility=hidden -isysroot "/Applications/Xcode.app/Contents/Developer/Platforms/iPhoneOS.platform/Developer/SDKs/iPhoneOS18.2.sdk" -fexceptions -frtti -g -O0 -fno-strict-overflow -ffunction-sections -fdata-sections -fmessage-length=0 -pipe -DIL2CPP_DEBUG=1 -DHAVE_BDWGC_GC -DBASELIB_INLINE_NAMESPACE=il2cpp_baselib -DIL2CPP_MONO_DEBUGGER_DISABLED -DRUNTIME_IL2CPP -DTARGET_ARM64 -DIL2CPP_ENABLE_WRITE_BARRIERS=1 -DIL2CPP_INCREMENTAL_TIME_SLICE=3 -D_DEBUG -I"." -I"Il2CppOutputProject/Source/il2cppOutput" -I"Il2CppOutputProject/IL2CPP/libil2cpp/pch" -I"Il2CppOutputProject/IL2CPP/libil2cpp" -I"Il2CppOutputProject/IL2CPP/external/baselib/Include" -I"Il2CppOutputProject/IL2CPP/libil2cpp/os/ClassLibraryPAL/brotli/include" -I"Il2CppOutputProject/IL2CPP/external/baselib/Platforms/IOS/Include" -o "Il2CppTempDirArtifacts/Debug/artifacts/arm64/actx/evdw177tgjki.o" -fcolor-diagnostics -stdlib=libc++ -arch arm64 -mios-version-min=11.0 -fno-strict-float-cast-overflow -c -x c++ "Il2CppOutputProject/Source/il2cppOutput/UnityEngine.ContentLoadModule.cpp"
[121/410    0s] C_iOS_arm64 Il2CppTempDirArtifacts/Debug/artifacts/arm64/actx/n6ihvo48xxge.o
##### CommandLine
"/Applications/Xcode.app/Contents/Developer/Toolchains/XcodeDefault.xctoolchain/usr/bin/clang++" -std=c++17 -Wswitch -Wno-trigraphs -Wno-tautological-compare -Wno-invalid-offsetof -Wno-implicitly-unsigned-literal -Wno-integer-overflow -Wno-shift-negative-value -Wno-unknown-attributes -Wno-implicit-function-declaration -Wno-null-conversion -Wno-missing-declarations -Wno-unused-value -Wno-pragma-once-outside-header -Wno-unknown-warning-option -Wno-undef-prefix -fvisibility=hidden -isysroot "/Applications/Xcode.app/Contents/Developer/Platforms/iPhoneOS.platform/Developer/SDKs/iPhoneOS18.2.sdk" -fexceptions -frtti -g -O0 -fno-strict-overflow -ffunction-sections -fdata-sections -fmessage-length=0 -pipe -DIL2CPP_DEBUG=1 -DHAVE_BDWGC_GC -DBASELIB_INLINE_NAMESPACE=il2cpp_baselib -DIL2CPP_MONO_DEBUGGER_DISABLED -DRUNTIME_IL2CPP -DTARGET_ARM64 -DIL2CPP_ENABLE_WRITE_BARRIERS=1 -DIL2CPP_INCREMENTAL_TIME_SLICE=3 -D_DEBUG -I"." -I"Il2CppOutputProject/Source/il2cppOutput" -I"Il2CppOutputProject/IL2CPP/libil2cpp/pch" -I"Il2CppOutputProject/IL2CPP/libil2cpp" -I"Il2CppOutputProject/IL2CPP/external/baselib/Include" -I"Il2CppOutputProject/IL2CPP/libil2cpp/os/ClassLibraryPAL/brotli/include" -I"Il2CppOutputProject/IL2CPP/external/baselib/Platforms/IOS/Include" -o "Il2CppTempDirArtifacts/Debug/artifacts/arm64/actx/n6ihvo48xxge.o" -fcolor-diagnostics -stdlib=libc++ -arch arm64 -mios-version-min=11.0 -fno-strict-float-cast-overflow -c -x c++ "Il2CppOutputProject/Source/il2cppOutput/UnityEngine.AnimationModule.cpp"
[122/410    0s] C_iOS_arm64 Il2CppTempDirArtifacts/Debug/artifacts/arm64/actx/l774ug46ho64.o
##### CommandLine
"/Applications/Xcode.app/Contents/Developer/Toolchains/XcodeDefault.xctoolchain/usr/bin/clang++" -std=c++17 -Wswitch -Wno-trigraphs -Wno-tautological-compare -Wno-invalid-offsetof -Wno-implicitly-unsigned-literal -Wno-integer-overflow -Wno-shift-negative-value -Wno-unknown-attributes -Wno-implicit-function-declaration -Wno-null-conversion -Wno-missing-declarations -Wno-unused-value -Wno-pragma-once-outside-header -Wno-unknown-warning-option -Wno-undef-prefix -fvisibility=hidden -isysroot "/Applications/Xcode.app/Contents/Developer/Platforms/iPhoneOS.platform/Developer/SDKs/iPhoneOS18.2.sdk" -fexceptions -frtti -g -O0 -fno-strict-overflow -ffunction-sections -fdata-sections -fmessage-length=0 -pipe -DIL2CPP_DEBUG=1 -DHAVE_BDWGC_GC -DBASELIB_INLINE_NAMESPACE=il2cpp_baselib -DIL2CPP_MONO_DEBUGGER_DISABLED -DRUNTIME_IL2CPP -DTARGET_ARM64 -DIL2CPP_ENABLE_WRITE_BARRIERS=1 -DIL2CPP_INCREMENTAL_TIME_SLICE=3 -D_DEBUG -I"." -I"Il2CppOutputProject/Source/il2cppOutput" -I"Il2CppOutputProject/IL2CPP/libil2cpp/pch" -I"Il2CppOutputProject/IL2CPP/libil2cpp" -I"Il2CppOutputProject/IL2CPP/external/baselib/Include" -I"Il2CppOutputProject/IL2CPP/libil2cpp/os/ClassLibraryPAL/brotli/include" -I"Il2CppOutputProject/IL2CPP/external/baselib/Platforms/IOS/Include" -o "Il2CppTempDirArtifacts/Debug/artifacts/arm64/actx/l774ug46ho64.o" -fcolor-diagnostics -stdlib=libc++ -arch arm64 -mios-version-min=11.0 -fno-strict-float-cast-overflow -c -x c++ "Il2CppOutputProject/Source/il2cppOutput/UnityEngine.AudioModule.cpp"
[123/410    0s] C_iOS_arm64 Il2CppTempDirArtifacts/Debug/artifacts/arm64/actx/ogd5gvt1w6qq.o
##### CommandLine
"/Applications/Xcode.app/Contents/Developer/Toolchains/XcodeDefault.xctoolchain/usr/bin/clang++" -std=c++17 -Wswitch -Wno-trigraphs -Wno-tautological-compare -Wno-invalid-offsetof -Wno-implicitly-unsigned-literal -Wno-integer-overflow -Wno-shift-negative-value -Wno-unknown-attributes -Wno-implicit-function-declaration -Wno-null-conversion -Wno-missing-declarations -Wno-unused-value -Wno-pragma-once-outside-header -Wno-unknown-warning-option -Wno-undef-prefix -fvisibility=hidden -isysroot "/Applications/Xcode.app/Contents/Developer/Platforms/iPhoneOS.platform/Developer/SDKs/iPhoneOS18.2.sdk" -fexceptions -frtti -g -O0 -fno-strict-overflow -ffunction-sections -fdata-sections -fmessage-length=0 -pipe -DIL2CPP_DEBUG=1 -DHAVE_BDWGC_GC -DBASELIB_INLINE_NAMESPACE=il2cpp_baselib -DIL2CPP_MONO_DEBUGGER_DISABLED -DRUNTIME_IL2CPP -DTARGET_ARM64 -DIL2CPP_ENABLE_WRITE_BARRIERS=1 -DIL2CPP_INCREMENTAL_TIME_SLICE=3 -D_DEBUG -I"." -I"Il2CppOutputProject/Source/il2cppOutput" -I"Il2CppOutputProject/IL2CPP/libil2cpp/pch" -I"Il2CppOutputProject/IL2CPP/libil2cpp" -I"Il2CppOutputProject/IL2CPP/external/baselib/Include" -I"Il2CppOutputProject/IL2CPP/libil2cpp/os/ClassLibraryPAL/brotli/include" -I"Il2CppOutputProject/IL2CPP/external/baselib/Platforms/IOS/Include" -o "Il2CppTempDirArtifacts/Debug/artifacts/arm64/actx/ogd5gvt1w6qq.o" -fcolor-diagnostics -stdlib=libc++ -arch arm64 -mios-version-min=11.0 -fno-strict-float-cast-overflow -c -x c++ "Il2CppOutputProject/Source/il2cppOutput/UnityEngine.CoreModule__4.cpp"
[124/410    0s] C_iOS_arm64 Il2CppTempDirArtifacts/Debug/artifacts/arm64/actx/iv6zs6uh9ua5.o
##### CommandLine
"/Applications/Xcode.app/Contents/Developer/Toolchains/XcodeDefault.xctoolchain/usr/bin/clang++" -std=c++17 -Wswitch -Wno-trigraphs -Wno-tautological-compare -Wno-invalid-offsetof -Wno-implicitly-unsigned-literal -Wno-integer-overflow -Wno-shift-negative-value -Wno-unknown-attributes -Wno-implicit-function-declaration -Wno-null-conversion -Wno-missing-declarations -Wno-unused-value -Wno-pragma-once-outside-header -Wno-unknown-warning-option -Wno-undef-prefix -fvisibility=hidden -isysroot "/Applications/Xcode.app/Contents/Developer/Platforms/iPhoneOS.platform/Developer/SDKs/iPhoneOS18.2.sdk" -fexceptions -frtti -g -O0 -fno-strict-overflow -ffunction-sections -fdata-sections -fmessage-length=0 -pipe -DIL2CPP_DEBUG=1 -DHAVE_BDWGC_GC -DBASELIB_INLINE_NAMESPACE=il2cpp_baselib -DIL2CPP_MONO_DEBUGGER_DISABLED -DRUNTIME_IL2CPP -DTARGET_ARM64 -DIL2CPP_ENABLE_WRITE_BARRIERS=1 -DIL2CPP_INCREMENTAL_TIME_SLICE=3 -D_DEBUG -I"." -I"Il2CppOutputProject/Source/il2cppOutput" -I"Il2CppOutputProject/IL2CPP/libil2cpp/pch" -I"Il2CppOutputProject/IL2CPP/libil2cpp" -I"Il2CppOutputProject/IL2CPP/external/baselib/Include" -I"Il2CppOutputProject/IL2CPP/libil2cpp/os/ClassLibraryPAL/brotli/include" -I"Il2CppOutputProject/IL2CPP/external/baselib/Platforms/IOS/Include" -o "Il2CppTempDirArtifacts/Debug/artifacts/arm64/actx/iv6zs6uh9ua5.o" -fcolor-diagnostics -stdlib=libc++ -arch arm64 -mios-version-min=11.0 -fno-strict-float-cast-overflow -c -x c++ "Il2CppOutputProject/Source/il2cppOutput/Unity.UnifiedRayTracing.Runtime__1.cpp"
[125/410    1s] C_iOS_arm64 Il2CppTempDirArtifacts/Debug/artifacts/arm64/actx/2sp0g6y5pgyr.o
##### CommandLine
"/Applications/Xcode.app/Contents/Developer/Toolchains/XcodeDefault.xctoolchain/usr/bin/clang++" -std=c++17 -Wswitch -Wno-trigraphs -Wno-tautological-compare -Wno-invalid-offsetof -Wno-implicitly-unsigned-literal -Wno-integer-overflow -Wno-shift-negative-value -Wno-unknown-attributes -Wno-implicit-function-declaration -Wno-null-conversion -Wno-missing-declarations -Wno-unused-value -Wno-pragma-once-outside-header -Wno-unknown-warning-option -Wno-undef-prefix -fvisibility=hidden -isysroot "/Applications/Xcode.app/Contents/Developer/Platforms/iPhoneOS.platform/Developer/SDKs/iPhoneOS18.2.sdk" -fexceptions -frtti -g -O0 -fno-strict-overflow -ffunction-sections -fdata-sections -fmessage-length=0 -pipe -DIL2CPP_DEBUG=1 -DHAVE_BDWGC_GC -DBASELIB_INLINE_NAMESPACE=il2cpp_baselib -DIL2CPP_MONO_DEBUGGER_DISABLED -DRUNTIME_IL2CPP -DTARGET_ARM64 -DIL2CPP_ENABLE_WRITE_BARRIERS=1 -DIL2CPP_INCREMENTAL_TIME_SLICE=3 -D_DEBUG -I"." -I"Il2CppOutputProject/Source/il2cppOutput" -I"Il2CppOutputProject/IL2CPP/libil2cpp/pch" -I"Il2CppOutputProject/IL2CPP/libil2cpp" -I"Il2CppOutputProject/IL2CPP/external/baselib/Include" -I"Il2CppOutputProject/IL2CPP/libil2cpp/os/ClassLibraryPAL/brotli/include" -I"Il2CppOutputProject/IL2CPP/external/baselib/Platforms/IOS/Include" -o "Il2CppTempDirArtifacts/Debug/artifacts/arm64/actx/2sp0g6y5pgyr.o" -fcolor-diagnostics -stdlib=libc++ -arch arm64 -mios-version-min=11.0 -fno-strict-float-cast-overflow -c -x c++ "Il2CppOutputProject/Source/il2cppOutput/UnityEngine.CoreModule__2.cpp"
[126/410    1s] C_iOS_arm64 Il2CppTempDirArtifacts/Debug/artifacts/arm64/actx/1k5jwqi7lehc.o
##### CommandLine
"/Applications/Xcode.app/Contents/Developer/Toolchains/XcodeDefault.xctoolchain/usr/bin/clang++" -std=c++17 -Wswitch -Wno-trigraphs -Wno-tautological-compare -Wno-invalid-offsetof -Wno-implicitly-unsigned-literal -Wno-integer-overflow -Wno-shift-negative-value -Wno-unknown-attributes -Wno-implicit-function-declaration -Wno-null-conversion -Wno-missing-declarations -Wno-unused-value -Wno-pragma-once-outside-header -Wno-unknown-warning-option -Wno-undef-prefix -fvisibility=hidden -isysroot "/Applications/Xcode.app/Contents/Developer/Platforms/iPhoneOS.platform/Developer/SDKs/iPhoneOS18.2.sdk" -fexceptions -frtti -g -O0 -fno-strict-overflow -ffunction-sections -fdata-sections -fmessage-length=0 -pipe -DIL2CPP_DEBUG=1 -DHAVE_BDWGC_GC -DBASELIB_INLINE_NAMESPACE=il2cpp_baselib -DIL2CPP_MONO_DEBUGGER_DISABLED -DRUNTIME_IL2CPP -DTARGET_ARM64 -DIL2CPP_ENABLE_WRITE_BARRIERS=1 -DIL2CPP_INCREMENTAL_TIME_SLICE=3 -D_DEBUG -I"." -I"Il2CppOutputProject/Source/il2cppOutput" -I"Il2CppOutputProject/IL2CPP/libil2cpp/pch" -I"Il2CppOutputProject/IL2CPP/libil2cpp" -I"Il2CppOutputProject/IL2CPP/external/baselib/Include" -I"Il2CppOutputProject/IL2CPP/libil2cpp/os/ClassLibraryPAL/brotli/include" -I"Il2CppOutputProject/IL2CPP/external/baselib/Platforms/IOS/Include" -o "Il2CppTempDirArtifacts/Debug/artifacts/arm64/actx/1k5jwqi7lehc.o" -fcolor-diagnostics -stdlib=libc++ -arch arm64 -mios-version-min=11.0 -fno-strict-float-cast-overflow -c -x c++ "Il2CppOutputProject/Source/il2cppOutput/UnityEngine.CoreModule__1.cpp"
[127/410    1s] C_iOS_arm64 Il2CppTempDirArtifacts/Debug/artifacts/arm64/actx/n8sowfd3s49a.o
##### CommandLine
"/Applications/Xcode.app/Contents/Developer/Toolchains/XcodeDefault.xctoolchain/usr/bin/clang++" -std=c++17 -Wswitch -Wno-trigraphs -Wno-tautological-compare -Wno-invalid-offsetof -Wno-implicitly-unsigned-literal -Wno-integer-overflow -Wno-shift-negative-value -Wno-unknown-attributes -Wno-implicit-function-declaration -Wno-null-conversion -Wno-missing-declarations -Wno-unused-value -Wno-pragma-once-outside-header -Wno-unknown-warning-option -Wno-undef-prefix -fvisibility=hidden -isysroot "/Applications/Xcode.app/Contents/Developer/Platforms/iPhoneOS.platform/Developer/SDKs/iPhoneOS18.2.sdk" -fexceptions -frtti -g -O0 -fno-strict-overflow -ffunction-sections -fdata-sections -fmessage-length=0 -pipe -DIL2CPP_DEBUG=1 -DHAVE_BDWGC_GC -DBASELIB_INLINE_NAMESPACE=il2cpp_baselib -DIL2CPP_MONO_DEBUGGER_DISABLED -DRUNTIME_IL2CPP -DTARGET_ARM64 -DIL2CPP_ENABLE_WRITE_BARRIERS=1 -DIL2CPP_INCREMENTAL_TIME_SLICE=3 -D_DEBUG -I"." -I"Il2CppOutputProject/Source/il2cppOutput" -I"Il2CppOutputProject/IL2CPP/libil2cpp/pch" -I"Il2CppOutputProject/IL2CPP/libil2cpp" -I"Il2CppOutputProject/IL2CPP/external/baselib/Include" -I"Il2CppOutputProject/IL2CPP/libil2cpp/os/ClassLibraryPAL/brotli/include" -I"Il2CppOutputProject/IL2CPP/external/baselib/Platforms/IOS/Include" -o "Il2CppTempDirArtifacts/Debug/artifacts/arm64/actx/n8sowfd3s49a.o" -fcolor-diagnostics -stdlib=libc++ -arch arm64 -mios-version-min=11.0 -fno-strict-float-cast-overflow -c -x c++ "Il2CppOutputProject/Source/il2cppOutput/UnityEngine.CoreModule__3.cpp"
[128/410    0s] C_iOS_arm64 Il2CppTempDirArtifacts/Debug/artifacts/arm64/actx/08y6wuiioqrq.o
##### CommandLine
"/Applications/Xcode.app/Contents/Developer/Toolchains/XcodeDefault.xctoolchain/usr/bin/clang++" -std=c++17 -Wswitch -Wno-trigraphs -Wno-tautological-compare -Wno-invalid-offsetof -Wno-implicitly-unsigned-literal -Wno-integer-overflow -Wno-shift-negative-value -Wno-unknown-attributes -Wno-implicit-function-declaration -Wno-null-conversion -Wno-missing-declarations -Wno-unused-value -Wno-pragma-once-outside-header -Wno-unknown-warning-option -Wno-undef-prefix -fvisibility=hidden -isysroot "/Applications/Xcode.app/Contents/Developer/Platforms/iPhoneOS.platform/Developer/SDKs/iPhoneOS18.2.sdk" -fexceptions -frtti -g -O0 -fno-strict-overflow -ffunction-sections -fdata-sections -fmessage-length=0 -pipe -DIL2CPP_DEBUG=1 -DHAVE_BDWGC_GC -DBASELIB_INLINE_NAMESPACE=il2cpp_baselib -DIL2CPP_MONO_DEBUGGER_DISABLED -DRUNTIME_IL2CPP -DTARGET_ARM64 -DIL2CPP_ENABLE_WRITE_BARRIERS=1 -DIL2CPP_INCREMENTAL_TIME_SLICE=3 -D_DEBUG -I"." -I"Il2CppOutputProject/Source/il2cppOutput" -I"Il2CppOutputProject/IL2CPP/libil2cpp/pch" -I"Il2CppOutputProject/IL2CPP/libil2cpp" -I"Il2CppOutputProject/IL2CPP/external/baselib/Include" -I"Il2CppOutputProject/IL2CPP/libil2cpp/os/ClassLibraryPAL/brotli/include" -I"Il2CppOutputProject/IL2CPP/external/baselib/Platforms/IOS/Include" -o "Il2CppTempDirArtifacts/Debug/artifacts/arm64/actx/08y6wuiioqrq.o" -fcolor-diagnostics -stdlib=libc++ -arch arm64 -mios-version-min=11.0 -fno-strict-float-cast-overflow -c -x c++ "Il2CppOutputProject/Source/il2cppOutput/Unity.Scripting.cpp"
[129/410    1s] C_iOS_arm64 Il2CppTempDirArtifacts/Debug/artifacts/arm64/actx/imd0dptsnvzr.o
##### CommandLine
"/Applications/Xcode.app/Contents/Developer/Toolchains/XcodeDefault.xctoolchain/usr/bin/clang++" -std=c++17 -Wswitch -Wno-trigraphs -Wno-tautological-compare -Wno-invalid-offsetof -Wno-implicitly-unsigned-literal -Wno-integer-overflow -Wno-shift-negative-value -Wno-unknown-attributes -Wno-implicit-function-declaration -Wno-null-conversion -Wno-missing-declarations -Wno-unused-value -Wno-pragma-once-outside-header -Wno-unknown-warning-option -Wno-undef-prefix -fvisibility=hidden -isysroot "/Applications/Xcode.app/Contents/Developer/Platforms/iPhoneOS.platform/Developer/SDKs/iPhoneOS18.2.sdk" -fexceptions -frtti -g -O0 -fno-strict-overflow -ffunction-sections -fdata-sections -fmessage-length=0 -pipe -DIL2CPP_DEBUG=1 -DHAVE_BDWGC_GC -DBASELIB_INLINE_NAMESPACE=il2cpp_baselib -DIL2CPP_MONO_DEBUGGER_DISABLED -DRUNTIME_IL2CPP -DTARGET_ARM64 -DIL2CPP_ENABLE_WRITE_BARRIERS=1 -DIL2CPP_INCREMENTAL_TIME_SLICE=3 -D_DEBUG -I"." -I"Il2CppOutputProject/Source/il2cppOutput" -I"Il2CppOutputProject/IL2CPP/libil2cpp/pch" -I"Il2CppOutputProject/IL2CPP/libil2cpp" -I"Il2CppOutputProject/IL2CPP/external/baselib/Include" -I"Il2CppOutputProject/IL2CPP/libil2cpp/os/ClassLibraryPAL/brotli/include" -I"Il2CppOutputProject/IL2CPP/external/baselib/Platforms/IOS/Include" -o "Il2CppTempDirArtifacts/Debug/artifacts/arm64/actx/imd0dptsnvzr.o" -fcolor-diagnostics -stdlib=libc++ -arch arm64 -mios-version-min=11.0 -fno-strict-float-cast-overflow -c -x c++ "Il2CppOutputProject/Source/il2cppOutput/UnityEngine.CoreModule.cpp"
[130/410    0s] C_iOS_arm64 Il2CppTempDirArtifacts/Debug/artifacts/arm64/actx/2gb2v5q4xee4.o
##### CommandLine
"/Applications/Xcode.app/Contents/Developer/Toolchains/XcodeDefault.xctoolchain/usr/bin/clang++" -std=c++17 -Wswitch -Wno-trigraphs -Wno-tautological-compare -Wno-invalid-offsetof -Wno-implicitly-unsigned-literal -Wno-integer-overflow -Wno-shift-negative-value -Wno-unknown-attributes -Wno-implicit-function-declaration -Wno-null-conversion -Wno-missing-declarations -Wno-unused-value -Wno-pragma-once-outside-header -Wno-unknown-warning-option -Wno-undef-prefix -fvisibility=hidden -isysroot "/Applications/Xcode.app/Contents/Developer/Platforms/iPhoneOS.platform/Developer/SDKs/iPhoneOS18.2.sdk" -fexceptions -frtti -g -O0 -fno-strict-overflow -ffunction-sections -fdata-sections -fmessage-length=0 -pipe -DIL2CPP_DEBUG=1 -DHAVE_BDWGC_GC -DBASELIB_INLINE_NAMESPACE=il2cpp_baselib -DIL2CPP_MONO_DEBUGGER_DISABLED -DRUNTIME_IL2CPP -DTARGET_ARM64 -DIL2CPP_ENABLE_WRITE_BARRIERS=1 -DIL2CPP_INCREMENTAL_TIME_SLICE=3 -D_DEBUG -I"." -I"Il2CppOutputProject/Source/il2cppOutput" -I"Il2CppOutputProject/IL2CPP/libil2cpp/pch" -I"Il2CppOutputProject/IL2CPP/libil2cpp" -I"Il2CppOutputProject/IL2CPP/external/baselib/Include" -I"Il2CppOutputProject/IL2CPP/libil2cpp/os/ClassLibraryPAL/brotli/include" -I"Il2CppOutputProject/IL2CPP/external/baselib/Platforms/IOS/Include" -o "Il2CppTempDirArtifacts/Debug/artifacts/arm64/actx/2gb2v5q4xee4.o" -fcolor-diagnostics -stdlib=libc++ -arch arm64 -mios-version-min=11.0 -fno-strict-float-cast-overflow -c -x c++ "Il2CppOutputProject/Source/il2cppOutput/Unity.RenderPipelines.Universal.Runtime__7.cpp"
[131/410    0s] C_iOS_arm64 Il2CppTempDirArtifacts/Debug/artifacts/arm64/actx/pqyfoq90u5w0.o
##### CommandLine
"/Applications/Xcode.app/Contents/Developer/Toolchains/XcodeDefault.xctoolchain/usr/bin/clang++" -std=c++17 -Wswitch -Wno-trigraphs -Wno-tautological-compare -Wno-invalid-offsetof -Wno-implicitly-unsigned-literal -Wno-integer-overflow -Wno-shift-negative-value -Wno-unknown-attributes -Wno-implicit-function-declaration -Wno-null-conversion -Wno-missing-declarations -Wno-unused-value -Wno-pragma-once-outside-header -Wno-unknown-warning-option -Wno-undef-prefix -fvisibility=hidden -isysroot "/Applications/Xcode.app/Contents/Developer/Platforms/iPhoneOS.platform/Developer/SDKs/iPhoneOS18.2.sdk" -fexceptions -frtti -g -O0 -fno-strict-overflow -ffunction-sections -fdata-sections -fmessage-length=0 -pipe -DIL2CPP_DEBUG=1 -DHAVE_BDWGC_GC -DBASELIB_INLINE_NAMESPACE=il2cpp_baselib -DIL2CPP_MONO_DEBUGGER_DISABLED -DRUNTIME_IL2CPP -DTARGET_ARM64 -DIL2CPP_ENABLE_WRITE_BARRIERS=1 -DIL2CPP_INCREMENTAL_TIME_SLICE=3 -D_DEBUG -I"." -I"Il2CppOutputProject/Source/il2cppOutput" -I"Il2CppOutputProject/IL2CPP/libil2cpp/pch" -I"Il2CppOutputProject/IL2CPP/libil2cpp" -I"Il2CppOutputProject/IL2CPP/external/baselib/Include" -I"Il2CppOutputProject/IL2CPP/libil2cpp/os/ClassLibraryPAL/brotli/include" -I"Il2CppOutputProject/IL2CPP/external/baselib/Platforms/IOS/Include" -o "Il2CppTempDirArtifacts/Debug/artifacts/arm64/actx/pqyfoq90u5w0.o" -fcolor-diagnostics -stdlib=libc++ -arch arm64 -mios-version-min=11.0 -fno-strict-float-cast-overflow -c -x c++ "Il2CppOutputProject/Source/il2cppOutput/Unity.UnifiedRayTracing.Runtime.cpp"
[132/410    0s] C_iOS_arm64 Il2CppTempDirArtifacts/Debug/artifacts/arm64/actx/18qlbqa6tcxo.o
##### CommandLine
"/Applications/Xcode.app/Contents/Developer/Toolchains/XcodeDefault.xctoolchain/usr/bin/clang++" -std=c++17 -Wswitch -Wno-trigraphs -Wno-tautological-compare -Wno-invalid-offsetof -Wno-implicitly-unsigned-literal -Wno-integer-overflow -Wno-shift-negative-value -Wno-unknown-attributes -Wno-implicit-function-declaration -Wno-null-conversion -Wno-missing-declarations -Wno-unused-value -Wno-pragma-once-outside-header -Wno-unknown-warning-option -Wno-undef-prefix -fvisibility=hidden -isysroot "/Applications/Xcode.app/Contents/Developer/Platforms/iPhoneOS.platform/Developer/SDKs/iPhoneOS18.2.sdk" -fexceptions -frtti -g -O0 -fno-strict-overflow -ffunction-sections -fdata-sections -fmessage-length=0 -pipe -DIL2CPP_DEBUG=1 -DHAVE_BDWGC_GC -DBASELIB_INLINE_NAMESPACE=il2cpp_baselib -DIL2CPP_MONO_DEBUGGER_DISABLED -DRUNTIME_IL2CPP -DTARGET_ARM64 -DIL2CPP_ENABLE_WRITE_BARRIERS=1 -DIL2CPP_INCREMENTAL_TIME_SLICE=3 -D_DEBUG -I"." -I"Il2CppOutputProject/Source/il2cppOutput" -I"Il2CppOutputProject/IL2CPP/libil2cpp/pch" -I"Il2CppOutputProject/IL2CPP/libil2cpp" -I"Il2CppOutputProject/IL2CPP/external/baselib/Include" -I"Il2CppOutputProject/IL2CPP/libil2cpp/os/ClassLibraryPAL/brotli/include" -I"Il2CppOutputProject/IL2CPP/external/baselib/Platforms/IOS/Include" -o "Il2CppTempDirArtifacts/Debug/artifacts/arm64/actx/18qlbqa6tcxo.o" -fcolor-diagnostics -stdlib=libc++ -arch arm64 -mios-version-min=11.0 -fno-strict-float-cast-overflow -c -x c++ "Il2CppOutputProject/Source/il2cppOutput/Unity.RenderPipelines.Universal.Runtime__6.cpp"
[133/410    0s] C_iOS_arm64 Il2CppTempDirArtifacts/Debug/artifacts/arm64/actx/i71e81hgat4k.o
##### CommandLine
"/Applications/Xcode.app/Contents/Developer/Toolchains/XcodeDefault.xctoolchain/usr/bin/clang++" -std=c++17 -Wswitch -Wno-trigraphs -Wno-tautological-compare -Wno-invalid-offsetof -Wno-implicitly-unsigned-literal -Wno-integer-overflow -Wno-shift-negative-value -Wno-unknown-attributes -Wno-implicit-function-declaration -Wno-null-conversion -Wno-missing-declarations -Wno-unused-value -Wno-pragma-once-outside-header -Wno-unknown-warning-option -Wno-undef-prefix -fvisibility=hidden -isysroot "/Applications/Xcode.app/Contents/Developer/Platforms/iPhoneOS.platform/Developer/SDKs/iPhoneOS18.2.sdk" -fexceptions -frtti -g -O0 -fno-strict-overflow -ffunction-sections -fdata-sections -fmessage-length=0 -pipe -DIL2CPP_DEBUG=1 -DHAVE_BDWGC_GC -DBASELIB_INLINE_NAMESPACE=il2cpp_baselib -DIL2CPP_MONO_DEBUGGER_DISABLED -DRUNTIME_IL2CPP -DTARGET_ARM64 -DIL2CPP_ENABLE_WRITE_BARRIERS=1 -DIL2CPP_INCREMENTAL_TIME_SLICE=3 -D_DEBUG -I"." -I"Il2CppOutputProject/Source/il2cppOutput" -I"Il2CppOutputProject/IL2CPP/libil2cpp/pch" -I"Il2CppOutputProject/IL2CPP/libil2cpp" -I"Il2CppOutputProject/IL2CPP/external/baselib/Include" -I"Il2CppOutputProject/IL2CPP/libil2cpp/os/ClassLibraryPAL/brotli/include" -I"Il2CppOutputProject/IL2CPP/external/baselib/Platforms/IOS/Include" -o "Il2CppTempDirArtifacts/Debug/artifacts/arm64/actx/i71e81hgat4k.o" -fcolor-diagnostics -stdlib=libc++ -arch arm64 -mios-version-min=11.0 -fno-strict-float-cast-overflow -c -x c++ "Il2CppOutputProject/Source/il2cppOutput/Unity.RenderPipelines.Universal.2D.Runtime__3.cpp"
[134/410    1s] C_iOS_arm64 Il2CppTempDirArtifacts/Debug/artifacts/arm64/actx/gtnxvgw8qol5.o
##### CommandLine
"/Applications/Xcode.app/Contents/Developer/Toolchains/XcodeDefault.xctoolchain/usr/bin/clang++" -std=c++17 -Wswitch -Wno-trigraphs -Wno-tautological-compare -Wno-invalid-offsetof -Wno-implicitly-unsigned-literal -Wno-integer-overflow -Wno-shift-negative-value -Wno-unknown-attributes -Wno-implicit-function-declaration -Wno-null-conversion -Wno-missing-declarations -Wno-unused-value -Wno-pragma-once-outside-header -Wno-unknown-warning-option -Wno-undef-prefix -fvisibility=hidden -isysroot "/Applications/Xcode.app/Contents/Developer/Platforms/iPhoneOS.platform/Developer/SDKs/iPhoneOS18.2.sdk" -fexceptions -frtti -g -O0 -fno-strict-overflow -ffunction-sections -fdata-sections -fmessage-length=0 -pipe -DIL2CPP_DEBUG=1 -DHAVE_BDWGC_GC -DBASELIB_INLINE_NAMESPACE=il2cpp_baselib -DIL2CPP_MONO_DEBUGGER_DISABLED -DRUNTIME_IL2CPP -DTARGET_ARM64 -DIL2CPP_ENABLE_WRITE_BARRIERS=1 -DIL2CPP_INCREMENTAL_TIME_SLICE=3 -D_DEBUG -I"." -I"Il2CppOutputProject/Source/il2cppOutput" -I"Il2CppOutputProject/IL2CPP/libil2cpp/pch" -I"Il2CppOutputProject/IL2CPP/libil2cpp" -I"Il2CppOutputProject/IL2CPP/external/baselib/Include" -I"Il2CppOutputProject/IL2CPP/libil2cpp/os/ClassLibraryPAL/brotli/include" -I"Il2CppOutputProject/IL2CPP/external/baselib/Platforms/IOS/Include" -o "Il2CppTempDirArtifacts/Debug/artifacts/arm64/actx/gtnxvgw8qol5.o" -fcolor-diagnostics -stdlib=libc++ -arch arm64 -mios-version-min=11.0 -fno-strict-float-cast-overflow -c -x c++ "Il2CppOutputProject/Source/il2cppOutput/Unity.RenderPipelines.Universal.Runtime__5.cpp"
[135/410    1s] C_iOS_arm64 Il2CppTempDirArtifacts/Debug/artifacts/arm64/actx/fl3gb1fanm4p.o
##### CommandLine
"/Applications/Xcode.app/Contents/Developer/Toolchains/XcodeDefault.xctoolchain/usr/bin/clang++" -std=c++17 -Wswitch -Wno-trigraphs -Wno-tautological-compare -Wno-invalid-offsetof -Wno-implicitly-unsigned-literal -Wno-integer-overflow -Wno-shift-negative-value -Wno-unknown-attributes -Wno-implicit-function-declaration -Wno-null-conversion -Wno-missing-declarations -Wno-unused-value -Wno-pragma-once-outside-header -Wno-unknown-warning-option -Wno-undef-prefix -fvisibility=hidden -isysroot "/Applications/Xcode.app/Contents/Developer/Platforms/iPhoneOS.platform/Developer/SDKs/iPhoneOS18.2.sdk" -fexceptions -frtti -g -O0 -fno-strict-overflow -ffunction-sections -fdata-sections -fmessage-length=0 -pipe -DIL2CPP_DEBUG=1 -DHAVE_BDWGC_GC -DBASELIB_INLINE_NAMESPACE=il2cpp_baselib -DIL2CPP_MONO_DEBUGGER_DISABLED -DRUNTIME_IL2CPP -DTARGET_ARM64 -DIL2CPP_ENABLE_WRITE_BARRIERS=1 -DIL2CPP_INCREMENTAL_TIME_SLICE=3 -D_DEBUG -I"." -I"Il2CppOutputProject/Source/il2cppOutput" -I"Il2CppOutputProject/IL2CPP/libil2cpp/pch" -I"Il2CppOutputProject/IL2CPP/libil2cpp" -I"Il2CppOutputProject/IL2CPP/external/baselib/Include" -I"Il2CppOutputProject/IL2CPP/libil2cpp/os/ClassLibraryPAL/brotli/include" -I"Il2CppOutputProject/IL2CPP/external/baselib/Platforms/IOS/Include" -o "Il2CppTempDirArtifacts/Debug/artifacts/arm64/actx/fl3gb1fanm4p.o" -fcolor-diagnostics -stdlib=libc++ -arch arm64 -mios-version-min=11.0 -fno-strict-float-cast-overflow -c -x c++ "Il2CppOutputProject/Source/il2cppOutput/Unity.RenderPipelines.Universal.Runtime__4.cpp"
[136/410    0s] C_iOS_arm64 Il2CppTempDirArtifacts/Debug/artifacts/arm64/actx/9pw4finfhahn.o
##### CommandLine
"/Applications/Xcode.app/Contents/Developer/Toolchains/XcodeDefault.xctoolchain/usr/bin/clang++" -std=c++17 -Wswitch -Wno-trigraphs -Wno-tautological-compare -Wno-invalid-offsetof -Wno-implicitly-unsigned-literal -Wno-integer-overflow -Wno-shift-negative-value -Wno-unknown-attributes -Wno-implicit-function-declaration -Wno-null-conversion -Wno-missing-declarations -Wno-unused-value -Wno-pragma-once-outside-header -Wno-unknown-warning-option -Wno-undef-prefix -fvisibility=hidden -isysroot "/Applications/Xcode.app/Contents/Developer/Platforms/iPhoneOS.platform/Developer/SDKs/iPhoneOS18.2.sdk" -fexceptions -frtti -g -O0 -fno-strict-overflow -ffunction-sections -fdata-sections -fmessage-length=0 -pipe -DIL2CPP_DEBUG=1 -DHAVE_BDWGC_GC -DBASELIB_INLINE_NAMESPACE=il2cpp_baselib -DIL2CPP_MONO_DEBUGGER_DISABLED -DRUNTIME_IL2CPP -DTARGET_ARM64 -DIL2CPP_ENABLE_WRITE_BARRIERS=1 -DIL2CPP_INCREMENTAL_TIME_SLICE=3 -D_DEBUG -I"." -I"Il2CppOutputProject/Source/il2cppOutput" -I"Il2CppOutputProject/IL2CPP/libil2cpp/pch" -I"Il2CppOutputProject/IL2CPP/libil2cpp" -I"Il2CppOutputProject/IL2CPP/external/baselib/Include" -I"Il2CppOutputProject/IL2CPP/libil2cpp/os/ClassLibraryPAL/brotli/include" -I"Il2CppOutputProject/IL2CPP/external/baselib/Platforms/IOS/Include" -o "Il2CppTempDirArtifacts/Debug/artifacts/arm64/actx/9pw4finfhahn.o" -fcolor-diagnostics -stdlib=libc++ -arch arm64 -mios-version-min=11.0 -fno-strict-float-cast-overflow -c -x c++ "Il2CppOutputProject/Source/il2cppOutput/Unity.RenderPipelines.Universal.Runtime__2.cpp"
[137/410    0s] C_iOS_arm64 Il2CppTempDirArtifacts/Debug/artifacts/arm64/actx/r5uvlbiq0ugj.o
##### CommandLine
"/Applications/Xcode.app/Contents/Developer/Toolchains/XcodeDefault.xctoolchain/usr/bin/clang++" -std=c++17 -Wswitch -Wno-trigraphs -Wno-tautological-compare -Wno-invalid-offsetof -Wno-implicitly-unsigned-literal -Wno-integer-overflow -Wno-shift-negative-value -Wno-unknown-attributes -Wno-implicit-function-declaration -Wno-null-conversion -Wno-missing-declarations -Wno-unused-value -Wno-pragma-once-outside-header -Wno-unknown-warning-option -Wno-undef-prefix -fvisibility=hidden -isysroot "/Applications/Xcode.app/Contents/Developer/Platforms/iPhoneOS.platform/Developer/SDKs/iPhoneOS18.2.sdk" -fexceptions -frtti -g -O0 -fno-strict-overflow -ffunction-sections -fdata-sections -fmessage-length=0 -pipe -DIL2CPP_DEBUG=1 -DHAVE_BDWGC_GC -DBASELIB_INLINE_NAMESPACE=il2cpp_baselib -DIL2CPP_MONO_DEBUGGER_DISABLED -DRUNTIME_IL2CPP -DTARGET_ARM64 -DIL2CPP_ENABLE_WRITE_BARRIERS=1 -DIL2CPP_INCREMENTAL_TIME_SLICE=3 -D_DEBUG -I"." -I"Il2CppOutputProject/Source/il2cppOutput" -I"Il2CppOutputProject/IL2CPP/libil2cpp/pch" -I"Il2CppOutputProject/IL2CPP/libil2cpp" -I"Il2CppOutputProject/IL2CPP/external/baselib/Include" -I"Il2CppOutputProject/IL2CPP/libil2cpp/os/ClassLibraryPAL/brotli/include" -I"Il2CppOutputProject/IL2CPP/external/baselib/Platforms/IOS/Include" -o "Il2CppTempDirArtifacts/Debug/artifacts/arm64/actx/r5uvlbiq0ugj.o" -fcolor-diagnostics -stdlib=libc++ -arch arm64 -mios-version-min=11.0 -fno-strict-float-cast-overflow -c -x c++ "Il2CppOutputProject/Source/il2cppOutput/Unity.RenderPipelines.Universal.Runtime.cpp"
[138/410    1s] C_iOS_arm64 Il2CppTempDirArtifacts/Debug/artifacts/arm64/actx/u5zsvr1ckys6.o
##### CommandLine
"/Applications/Xcode.app/Contents/Developer/Toolchains/XcodeDefault.xctoolchain/usr/bin/clang++" -std=c++17 -Wswitch -Wno-trigraphs -Wno-tautological-compare -Wno-invalid-offsetof -Wno-implicitly-unsigned-literal -Wno-integer-overflow -Wno-shift-negative-value -Wno-unknown-attributes -Wno-implicit-function-declaration -Wno-null-conversion -Wno-missing-declarations -Wno-unused-value -Wno-pragma-once-outside-header -Wno-unknown-warning-option -Wno-undef-prefix -fvisibility=hidden -isysroot "/Applications/Xcode.app/Contents/Developer/Platforms/iPhoneOS.platform/Developer/SDKs/iPhoneOS18.2.sdk" -fexceptions -frtti -g -O0 -fno-strict-overflow -ffunction-sections -fdata-sections -fmessage-length=0 -pipe -DIL2CPP_DEBUG=1 -DHAVE_BDWGC_GC -DBASELIB_INLINE_NAMESPACE=il2cpp_baselib -DIL2CPP_MONO_DEBUGGER_DISABLED -DRUNTIME_IL2CPP -DTARGET_ARM64 -DIL2CPP_ENABLE_WRITE_BARRIERS=1 -DIL2CPP_INCREMENTAL_TIME_SLICE=3 -D_DEBUG -I"." -I"Il2CppOutputProject/Source/il2cppOutput" -I"Il2CppOutputProject/IL2CPP/libil2cpp/pch" -I"Il2CppOutputProject/IL2CPP/libil2cpp" -I"Il2CppOutputProject/IL2CPP/external/baselib/Include" -I"Il2CppOutputProject/IL2CPP/libil2cpp/os/ClassLibraryPAL/brotli/include" -I"Il2CppOutputProject/IL2CPP/external/baselib/Platforms/IOS/Include" -o "Il2CppTempDirArtifacts/Debug/artifacts/arm64/actx/u5zsvr1ckys6.o" -fcolor-diagnostics -stdlib=libc++ -arch arm64 -mios-version-min=11.0 -fno-strict-float-cast-overflow -c -x c++ "Il2CppOutputProject/Source/il2cppOutput/Unity.RenderPipelines.Universal.Runtime__3.cpp"
[139/410    1s] C_iOS_arm64 Il2CppTempDirArtifacts/Debug/artifacts/arm64/actx/8hcov26gd8z7.o
##### CommandLine
"/Applications/Xcode.app/Contents/Developer/Toolchains/XcodeDefault.xctoolchain/usr/bin/clang++" -std=c++17 -Wswitch -Wno-trigraphs -Wno-tautological-compare -Wno-invalid-offsetof -Wno-implicitly-unsigned-literal -Wno-integer-overflow -Wno-shift-negative-value -Wno-unknown-attributes -Wno-implicit-function-declaration -Wno-null-conversion -Wno-missing-declarations -Wno-unused-value -Wno-pragma-once-outside-header -Wno-unknown-warning-option -Wno-undef-prefix -fvisibility=hidden -isysroot "/Applications/Xcode.app/Contents/Developer/Platforms/iPhoneOS.platform/Developer/SDKs/iPhoneOS18.2.sdk" -fexceptions -frtti -g -O0 -fno-strict-overflow -ffunction-sections -fdata-sections -fmessage-length=0 -pipe -DIL2CPP_DEBUG=1 -DHAVE_BDWGC_GC -DBASELIB_INLINE_NAMESPACE=il2cpp_baselib -DIL2CPP_MONO_DEBUGGER_DISABLED -DRUNTIME_IL2CPP -DTARGET_ARM64 -DIL2CPP_ENABLE_WRITE_BARRIERS=1 -DIL2CPP_INCREMENTAL_TIME_SLICE=3 -D_DEBUG -I"." -I"Il2CppOutputProject/Source/il2cppOutput" -I"Il2CppOutputProject/IL2CPP/libil2cpp/pch" -I"Il2CppOutputProject/IL2CPP/libil2cpp" -I"Il2CppOutputProject/IL2CPP/external/baselib/Include" -I"Il2CppOutputProject/IL2CPP/libil2cpp/os/ClassLibraryPAL/brotli/include" -I"Il2CppOutputProject/IL2CPP/external/baselib/Platforms/IOS/Include" -o "Il2CppTempDirArtifacts/Debug/artifacts/arm64/actx/8hcov26gd8z7.o" -fcolor-diagnostics -stdlib=libc++ -arch arm64 -mios-version-min=11.0 -fno-strict-float-cast-overflow -c -x c++ "Il2CppOutputProject/Source/il2cppOutput/Unity.RenderPipelines.Universal.Runtime__1.cpp"
[140/410    1s] C_iOS_arm64 Il2CppTempDirArtifacts/Debug/artifacts/arm64/actx/xryqss3i74s1.o
##### CommandLine
"/Applications/Xcode.app/Contents/Developer/Toolchains/XcodeDefault.xctoolchain/usr/bin/clang++" -std=c++17 -Wswitch -Wno-trigraphs -Wno-tautological-compare -Wno-invalid-offsetof -Wno-implicitly-unsigned-literal -Wno-integer-overflow -Wno-shift-negative-value -Wno-unknown-attributes -Wno-implicit-function-declaration -Wno-null-conversion -Wno-missing-declarations -Wno-unused-value -Wno-pragma-once-outside-header -Wno-unknown-warning-option -Wno-undef-prefix -fvisibility=hidden -isysroot "/Applications/Xcode.app/Contents/Developer/Platforms/iPhoneOS.platform/Developer/SDKs/iPhoneOS18.2.sdk" -fexceptions -frtti -g -O0 -fno-strict-overflow -ffunction-sections -fdata-sections -fmessage-length=0 -pipe -DIL2CPP_DEBUG=1 -DHAVE_BDWGC_GC -DBASELIB_INLINE_NAMESPACE=il2cpp_baselib -DIL2CPP_MONO_DEBUGGER_DISABLED -DRUNTIME_IL2CPP -DTARGET_ARM64 -DIL2CPP_ENABLE_WRITE_BARRIERS=1 -DIL2CPP_INCREMENTAL_TIME_SLICE=3 -D_DEBUG -I"." -I"Il2CppOutputProject/Source/il2cppOutput" -I"Il2CppOutputProject/IL2CPP/libil2cpp/pch" -I"Il2CppOutputProject/IL2CPP/libil2cpp" -I"Il2CppOutputProject/IL2CPP/external/baselib/Include" -I"Il2CppOutputProject/IL2CPP/libil2cpp/os/ClassLibraryPAL/brotli/include" -I"Il2CppOutputProject/IL2CPP/external/baselib/Platforms/IOS/Include" -o "Il2CppTempDirArtifacts/Debug/artifacts/arm64/actx/xryqss3i74s1.o" -fcolor-diagnostics -stdlib=libc++ -arch arm64 -mios-version-min=11.0 -fno-strict-float-cast-overflow -c -x c++ "Il2CppOutputProject/Source/il2cppOutput/Unity.RenderPipelines.Universal.2D.Runtime__2.cpp"
[141/410    1s] C_iOS_arm64 Il2CppTempDirArtifacts/Debug/artifacts/arm64/actx/wjea8cnk32bm.o
##### CommandLine
"/Applications/Xcode.app/Contents/Developer/Toolchains/XcodeDefault.xctoolchain/usr/bin/clang++" -std=c++17 -Wswitch -Wno-trigraphs -Wno-tautological-compare -Wno-invalid-offsetof -Wno-implicitly-unsigned-literal -Wno-integer-overflow -Wno-shift-negative-value -Wno-unknown-attributes -Wno-implicit-function-declaration -Wno-null-conversion -Wno-missing-declarations -Wno-unused-value -Wno-pragma-once-outside-header -Wno-unknown-warning-option -Wno-undef-prefix -fvisibility=hidden -isysroot "/Applications/Xcode.app/Contents/Developer/Platforms/iPhoneOS.platform/Developer/SDKs/iPhoneOS18.2.sdk" -fexceptions -frtti -g -O0 -fno-strict-overflow -ffunction-sections -fdata-sections -fmessage-length=0 -pipe -DIL2CPP_DEBUG=1 -DHAVE_BDWGC_GC -DBASELIB_INLINE_NAMESPACE=il2cpp_baselib -DIL2CPP_MONO_DEBUGGER_DISABLED -DRUNTIME_IL2CPP -DTARGET_ARM64 -DIL2CPP_ENABLE_WRITE_BARRIERS=1 -DIL2CPP_INCREMENTAL_TIME_SLICE=3 -D_DEBUG -I"." -I"Il2CppOutputProject/Source/il2cppOutput" -I"Il2CppOutputProject/IL2CPP/libil2cpp/pch" -I"Il2CppOutputProject/IL2CPP/libil2cpp" -I"Il2CppOutputProject/IL2CPP/external/baselib/Include" -I"Il2CppOutputProject/IL2CPP/libil2cpp/os/ClassLibraryPAL/brotli/include" -I"Il2CppOutputProject/IL2CPP/external/baselib/Platforms/IOS/Include" -o "Il2CppTempDirArtifacts/Debug/artifacts/arm64/actx/wjea8cnk32bm.o" -fcolor-diagnostics -stdlib=libc++ -arch arm64 -mios-version-min=11.0 -fno-strict-float-cast-overflow -c -x c++ "Il2CppOutputProject/Source/il2cppOutput/Unity.RenderPipelines.Universal.2D.Runtime__1.cpp"
[142/410    0s] C_iOS_arm64 Il2CppTempDirArtifacts/Debug/artifacts/arm64/actx/lmg0v53tr5wv.o
##### CommandLine
"/Applications/Xcode.app/Contents/Developer/Toolchains/XcodeDefault.xctoolchain/usr/bin/clang++" -std=c++17 -Wswitch -Wno-trigraphs -Wno-tautological-compare -Wno-invalid-offsetof -Wno-implicitly-unsigned-literal -Wno-integer-overflow -Wno-shift-negative-value -Wno-unknown-attributes -Wno-implicit-function-declaration -Wno-null-conversion -Wno-missing-declarations -Wno-unused-value -Wno-pragma-once-outside-header -Wno-unknown-warning-option -Wno-undef-prefix -fvisibility=hidden -isysroot "/Applications/Xcode.app/Contents/Developer/Platforms/iPhoneOS.platform/Developer/SDKs/iPhoneOS18.2.sdk" -fexceptions -frtti -g -O0 -fno-strict-overflow -ffunction-sections -fdata-sections -fmessage-length=0 -pipe -DIL2CPP_DEBUG=1 -DHAVE_BDWGC_GC -DBASELIB_INLINE_NAMESPACE=il2cpp_baselib -DIL2CPP_MONO_DEBUGGER_DISABLED -DRUNTIME_IL2CPP -DTARGET_ARM64 -DIL2CPP_ENABLE_WRITE_BARRIERS=1 -DIL2CPP_INCREMENTAL_TIME_SLICE=3 -D_DEBUG -I"." -I"Il2CppOutputProject/Source/il2cppOutput" -I"Il2CppOutputProject/IL2CPP/libil2cpp/pch" -I"Il2CppOutputProject/IL2CPP/libil2cpp" -I"Il2CppOutputProject/IL2CPP/external/baselib/Include" -I"Il2CppOutputProject/IL2CPP/libil2cpp/os/ClassLibraryPAL/brotli/include" -I"Il2CppOutputProject/IL2CPP/external/baselib/Platforms/IOS/Include" -o "Il2CppTempDirArtifacts/Debug/artifacts/arm64/actx/lmg0v53tr5wv.o" -fcolor-diagnostics -stdlib=libc++ -arch arm64 -mios-version-min=11.0 -fno-strict-float-cast-overflow -c -x c++ "Il2CppOutputProject/Source/il2cppOutput/Unity.RenderPipelines.GPUDriven.Runtime__3.cpp"
[143/410    0s] C_iOS_arm64 Il2CppTempDirArtifacts/Debug/artifacts/arm64/actx/js2marx7sggk.o
##### CommandLine
"/Applications/Xcode.app/Contents/Developer/Toolchains/XcodeDefault.xctoolchain/usr/bin/clang++" -std=c++17 -Wswitch -Wno-trigraphs -Wno-tautological-compare -Wno-invalid-offsetof -Wno-implicitly-unsigned-literal -Wno-integer-overflow -Wno-shift-negative-value -Wno-unknown-attributes -Wno-implicit-function-declaration -Wno-null-conversion -Wno-missing-declarations -Wno-unused-value -Wno-pragma-once-outside-header -Wno-unknown-warning-option -Wno-undef-prefix -fvisibility=hidden -isysroot "/Applications/Xcode.app/Contents/Developer/Platforms/iPhoneOS.platform/Developer/SDKs/iPhoneOS18.2.sdk" -fexceptions -frtti -g -O0 -fno-strict-overflow -ffunction-sections -fdata-sections -fmessage-length=0 -pipe -DIL2CPP_DEBUG=1 -DHAVE_BDWGC_GC -DBASELIB_INLINE_NAMESPACE=il2cpp_baselib -DIL2CPP_MONO_DEBUGGER_DISABLED -DRUNTIME_IL2CPP -DTARGET_ARM64 -DIL2CPP_ENABLE_WRITE_BARRIERS=1 -DIL2CPP_INCREMENTAL_TIME_SLICE=3 -D_DEBUG -I"." -I"Il2CppOutputProject/Source/il2cppOutput" -I"Il2CppOutputProject/IL2CPP/libil2cpp/pch" -I"Il2CppOutputProject/IL2CPP/libil2cpp" -I"Il2CppOutputProject/IL2CPP/external/baselib/Include" -I"Il2CppOutputProject/IL2CPP/libil2cpp/os/ClassLibraryPAL/brotli/include" -I"Il2CppOutputProject/IL2CPP/external/baselib/Platforms/IOS/Include" -o "Il2CppTempDirArtifacts/Debug/artifacts/arm64/actx/js2marx7sggk.o" -fcolor-diagnostics -stdlib=libc++ -arch arm64 -mios-version-min=11.0 -fno-strict-float-cast-overflow -c -x c++ "Il2CppOutputProject/Source/il2cppOutput/Unity.RenderPipelines.Universal.2D.Runtime.cpp"
[144/410    0s] C_iOS_arm64 Il2CppTempDirArtifacts/Debug/artifacts/arm64/actx/ier8r2jnowdj.o
##### CommandLine
"/Applications/Xcode.app/Contents/Developer/Toolchains/XcodeDefault.xctoolchain/usr/bin/clang++" -std=c++17 -Wswitch -Wno-trigraphs -Wno-tautological-compare -Wno-invalid-offsetof -Wno-implicitly-unsigned-literal -Wno-integer-overflow -Wno-shift-negative-value -Wno-unknown-attributes -Wno-implicit-function-declaration -Wno-null-conversion -Wno-missing-declarations -Wno-unused-value -Wno-pragma-once-outside-header -Wno-unknown-warning-option -Wno-undef-prefix -fvisibility=hidden -isysroot "/Applications/Xcode.app/Contents/Developer/Platforms/iPhoneOS.platform/Developer/SDKs/iPhoneOS18.2.sdk" -fexceptions -frtti -g -O0 -fno-strict-overflow -ffunction-sections -fdata-sections -fmessage-length=0 -pipe -DIL2CPP_DEBUG=1 -DHAVE_BDWGC_GC -DBASELIB_INLINE_NAMESPACE=il2cpp_baselib -DIL2CPP_MONO_DEBUGGER_DISABLED -DRUNTIME_IL2CPP -DTARGET_ARM64 -DIL2CPP_ENABLE_WRITE_BARRIERS=1 -DIL2CPP_INCREMENTAL_TIME_SLICE=3 -D_DEBUG -I"." -I"Il2CppOutputProject/Source/il2cppOutput" -I"Il2CppOutputProject/IL2CPP/libil2cpp/pch" -I"Il2CppOutputProject/IL2CPP/libil2cpp" -I"Il2CppOutputProject/IL2CPP/external/baselib/Include" -I"Il2CppOutputProject/IL2CPP/libil2cpp/os/ClassLibraryPAL/brotli/include" -I"Il2CppOutputProject/IL2CPP/external/baselib/Platforms/IOS/Include" -o "Il2CppTempDirArtifacts/Debug/artifacts/arm64/actx/ier8r2jnowdj.o" -fcolor-diagnostics -stdlib=libc++ -arch arm64 -mios-version-min=11.0 -fno-strict-float-cast-overflow -c -x c++ "Il2CppOutputProject/Source/il2cppOutput/Unity.RenderPipelines.Core.Runtime__9.cpp"
[145/410    1s] C_iOS_arm64 Il2CppTempDirArtifacts/Debug/artifacts/arm64/actx/06ccgwpwohlc.o
##### CommandLine
"/Applications/Xcode.app/Contents/Developer/Toolchains/XcodeDefault.xctoolchain/usr/bin/clang++" -std=c++17 -Wswitch -Wno-trigraphs -Wno-tautological-compare -Wno-invalid-offsetof -Wno-implicitly-unsigned-literal -Wno-integer-overflow -Wno-shift-negative-value -Wno-unknown-attributes -Wno-implicit-function-declaration -Wno-null-conversion -Wno-missing-declarations -Wno-unused-value -Wno-pragma-once-outside-header -Wno-unknown-warning-option -Wno-undef-prefix -fvisibility=hidden -isysroot "/Applications/Xcode.app/Contents/Developer/Platforms/iPhoneOS.platform/Developer/SDKs/iPhoneOS18.2.sdk" -fexceptions -frtti -g -O0 -fno-strict-overflow -ffunction-sections -fdata-sections -fmessage-length=0 -pipe -DIL2CPP_DEBUG=1 -DHAVE_BDWGC_GC -DBASELIB_INLINE_NAMESPACE=il2cpp_baselib -DIL2CPP_MONO_DEBUGGER_DISABLED -DRUNTIME_IL2CPP -DTARGET_ARM64 -DIL2CPP_ENABLE_WRITE_BARRIERS=1 -DIL2CPP_INCREMENTAL_TIME_SLICE=3 -D_DEBUG -I"." -I"Il2CppOutputProject/Source/il2cppOutput" -I"Il2CppOutputProject/IL2CPP/libil2cpp/pch" -I"Il2CppOutputProject/IL2CPP/libil2cpp" -I"Il2CppOutputProject/IL2CPP/external/baselib/Include" -I"Il2CppOutputProject/IL2CPP/libil2cpp/os/ClassLibraryPAL/brotli/include" -I"Il2CppOutputProject/IL2CPP/external/baselib/Platforms/IOS/Include" -o "Il2CppTempDirArtifacts/Debug/artifacts/arm64/actx/06ccgwpwohlc.o" -fcolor-diagnostics -stdlib=libc++ -arch arm64 -mios-version-min=11.0 -fno-strict-float-cast-overflow -c -x c++ "Il2CppOutputProject/Source/il2cppOutput/Unity.RenderPipelines.GPUDriven.Runtime__2.cpp"
[146/410    1s] C_iOS_arm64 Il2CppTempDirArtifacts/Debug/artifacts/arm64/actx/cqce9hbchqgm.o
##### CommandLine
"/Applications/Xcode.app/Contents/Developer/Toolchains/XcodeDefault.xctoolchain/usr/bin/clang++" -std=c++17 -Wswitch -Wno-trigraphs -Wno-tautological-compare -Wno-invalid-offsetof -Wno-implicitly-unsigned-literal -Wno-integer-overflow -Wno-shift-negative-value -Wno-unknown-attributes -Wno-implicit-function-declaration -Wno-null-conversion -Wno-missing-declarations -Wno-unused-value -Wno-pragma-once-outside-header -Wno-unknown-warning-option -Wno-undef-prefix -fvisibility=hidden -isysroot "/Applications/Xcode.app/Contents/Developer/Platforms/iPhoneOS.platform/Developer/SDKs/iPhoneOS18.2.sdk" -fexceptions -frtti -g -O0 -fno-strict-overflow -ffunction-sections -fdata-sections -fmessage-length=0 -pipe -DIL2CPP_DEBUG=1 -DHAVE_BDWGC_GC -DBASELIB_INLINE_NAMESPACE=il2cpp_baselib -DIL2CPP_MONO_DEBUGGER_DISABLED -DRUNTIME_IL2CPP -DTARGET_ARM64 -DIL2CPP_ENABLE_WRITE_BARRIERS=1 -DIL2CPP_INCREMENTAL_TIME_SLICE=3 -D_DEBUG -I"." -I"Il2CppOutputProject/Source/il2cppOutput" -I"Il2CppOutputProject/IL2CPP/libil2cpp/pch" -I"Il2CppOutputProject/IL2CPP/libil2cpp" -I"Il2CppOutputProject/IL2CPP/external/baselib/Include" -I"Il2CppOutputProject/IL2CPP/libil2cpp/os/ClassLibraryPAL/brotli/include" -I"Il2CppOutputProject/IL2CPP/external/baselib/Platforms/IOS/Include" -o "Il2CppTempDirArtifacts/Debug/artifacts/arm64/actx/cqce9hbchqgm.o" -fcolor-diagnostics -stdlib=libc++ -arch arm64 -mios-version-min=11.0 -fno-strict-float-cast-overflow -c -x c++ "Il2CppOutputProject/Source/il2cppOutput/Unity.RenderPipelines.GPUDriven.Runtime.cpp"
[147/410    1s] C_iOS_arm64 Il2CppTempDirArtifacts/Debug/artifacts/arm64/actx/zysvvg9xkf4w.o
##### CommandLine
"/Applications/Xcode.app/Contents/Developer/Toolchains/XcodeDefault.xctoolchain/usr/bin/clang++" -std=c++17 -Wswitch -Wno-trigraphs -Wno-tautological-compare -Wno-invalid-offsetof -Wno-implicitly-unsigned-literal -Wno-integer-overflow -Wno-shift-negative-value -Wno-unknown-attributes -Wno-implicit-function-declaration -Wno-null-conversion -Wno-missing-declarations -Wno-unused-value -Wno-pragma-once-outside-header -Wno-unknown-warning-option -Wno-undef-prefix -fvisibility=hidden -isysroot "/Applications/Xcode.app/Contents/Developer/Platforms/iPhoneOS.platform/Developer/SDKs/iPhoneOS18.2.sdk" -fexceptions -frtti -g -O0 -fno-strict-overflow -ffunction-sections -fdata-sections -fmessage-length=0 -pipe -DIL2CPP_DEBUG=1 -DHAVE_BDWGC_GC -DBASELIB_INLINE_NAMESPACE=il2cpp_baselib -DIL2CPP_MONO_DEBUGGER_DISABLED -DRUNTIME_IL2CPP -DTARGET_ARM64 -DIL2CPP_ENABLE_WRITE_BARRIERS=1 -DIL2CPP_INCREMENTAL_TIME_SLICE=3 -D_DEBUG -I"." -I"Il2CppOutputProject/Source/il2cppOutput" -I"Il2CppOutputProject/IL2CPP/libil2cpp/pch" -I"Il2CppOutputProject/IL2CPP/libil2cpp" -I"Il2CppOutputProject/IL2CPP/external/baselib/Include" -I"Il2CppOutputProject/IL2CPP/libil2cpp/os/ClassLibraryPAL/brotli/include" -I"Il2CppOutputProject/IL2CPP/external/baselib/Platforms/IOS/Include" -o "Il2CppTempDirArtifacts/Debug/artifacts/arm64/actx/zysvvg9xkf4w.o" -fcolor-diagnostics -stdlib=libc++ -arch arm64 -mios-version-min=11.0 -fno-strict-float-cast-overflow -c -x c++ "Il2CppOutputProject/Source/il2cppOutput/Unity.RenderPipelines.GPUDriven.Runtime__1.cpp"
[148/410    1s] C_iOS_arm64 Il2CppTempDirArtifacts/Debug/artifacts/arm64/actx/h66r7m3okuw3.o
##### CommandLine
"/Applications/Xcode.app/Contents/Developer/Toolchains/XcodeDefault.xctoolchain/usr/bin/clang++" -std=c++17 -Wswitch -Wno-trigraphs -Wno-tautological-compare -Wno-invalid-offsetof -Wno-implicitly-unsigned-literal -Wno-integer-overflow -Wno-shift-negative-value -Wno-unknown-attributes -Wno-implicit-function-declaration -Wno-null-conversion -Wno-missing-declarations -Wno-unused-value -Wno-pragma-once-outside-header -Wno-unknown-warning-option -Wno-undef-prefix -fvisibility=hidden -isysroot "/Applications/Xcode.app/Contents/Developer/Platforms/iPhoneOS.platform/Developer/SDKs/iPhoneOS18.2.sdk" -fexceptions -frtti -g -O0 -fno-strict-overflow -ffunction-sections -fdata-sections -fmessage-length=0 -pipe -DIL2CPP_DEBUG=1 -DHAVE_BDWGC_GC -DBASELIB_INLINE_NAMESPACE=il2cpp_baselib -DIL2CPP_MONO_DEBUGGER_DISABLED -DRUNTIME_IL2CPP -DTARGET_ARM64 -DIL2CPP_ENABLE_WRITE_BARRIERS=1 -DIL2CPP_INCREMENTAL_TIME_SLICE=3 -D_DEBUG -I"." -I"Il2CppOutputProject/Source/il2cppOutput" -I"Il2CppOutputProject/IL2CPP/libil2cpp/pch" -I"Il2CppOutputProject/IL2CPP/libil2cpp" -I"Il2CppOutputProject/IL2CPP/external/baselib/Include" -I"Il2CppOutputProject/IL2CPP/libil2cpp/os/ClassLibraryPAL/brotli/include" -I"Il2CppOutputProject/IL2CPP/external/baselib/Platforms/IOS/Include" -o "Il2CppTempDirArtifacts/Debug/artifacts/arm64/actx/h66r7m3okuw3.o" -fcolor-diagnostics -stdlib=libc++ -arch arm64 -mios-version-min=11.0 -fno-strict-float-cast-overflow -c -x c++ "Il2CppOutputProject/Source/il2cppOutput/Unity.RenderPipelines.Core.Runtime__8.cpp"
[149/410    1s] C_iOS_arm64 Il2CppTempDirArtifacts/Debug/artifacts/arm64/actx/wq33rdprh6kk.o
##### CommandLine
"/Applications/Xcode.app/Contents/Developer/Toolchains/XcodeDefault.xctoolchain/usr/bin/clang++" -std=c++17 -Wswitch -Wno-trigraphs -Wno-tautological-compare -Wno-invalid-offsetof -Wno-implicitly-unsigned-literal -Wno-integer-overflow -Wno-shift-negative-value -Wno-unknown-attributes -Wno-implicit-function-declaration -Wno-null-conversion -Wno-missing-declarations -Wno-unused-value -Wno-pragma-once-outside-header -Wno-unknown-warning-option -Wno-undef-prefix -fvisibility=hidden -isysroot "/Applications/Xcode.app/Contents/Developer/Platforms/iPhoneOS.platform/Developer/SDKs/iPhoneOS18.2.sdk" -fexceptions -frtti -g -O0 -fno-strict-overflow -ffunction-sections -fdata-sections -fmessage-length=0 -pipe -DIL2CPP_DEBUG=1 -DHAVE_BDWGC_GC -DBASELIB_INLINE_NAMESPACE=il2cpp_baselib -DIL2CPP_MONO_DEBUGGER_DISABLED -DRUNTIME_IL2CPP -DTARGET_ARM64 -DIL2CPP_ENABLE_WRITE_BARRIERS=1 -DIL2CPP_INCREMENTAL_TIME_SLICE=3 -D_DEBUG -I"." -I"Il2CppOutputProject/Source/il2cppOutput" -I"Il2CppOutputProject/IL2CPP/libil2cpp/pch" -I"Il2CppOutputProject/IL2CPP/libil2cpp" -I"Il2CppOutputProject/IL2CPP/external/baselib/Include" -I"Il2CppOutputProject/IL2CPP/libil2cpp/os/ClassLibraryPAL/brotli/include" -I"Il2CppOutputProject/IL2CPP/external/baselib/Platforms/IOS/Include" -o "Il2CppTempDirArtifacts/Debug/artifacts/arm64/actx/wq33rdprh6kk.o" -fcolor-diagnostics -stdlib=libc++ -arch arm64 -mios-version-min=11.0 -fno-strict-float-cast-overflow -c -x c++ "Il2CppOutputProject/Source/il2cppOutput/Unity.RenderPipelines.Core.Runtime__7.cpp"
[150/410    0s] C_iOS_arm64 Il2CppTempDirArtifacts/Debug/artifacts/arm64/actx/pncbcfgy7rg2.o
##### CommandLine
"/Applications/Xcode.app/Contents/Developer/Toolchains/XcodeDefault.xctoolchain/usr/bin/clang++" -std=c++17 -Wswitch -Wno-trigraphs -Wno-tautological-compare -Wno-invalid-offsetof -Wno-implicitly-unsigned-literal -Wno-integer-overflow -Wno-shift-negative-value -Wno-unknown-attributes -Wno-implicit-function-declaration -Wno-null-conversion -Wno-missing-declarations -Wno-unused-value -Wno-pragma-once-outside-header -Wno-unknown-warning-option -Wno-undef-prefix -fvisibility=hidden -isysroot "/Applications/Xcode.app/Contents/Developer/Platforms/iPhoneOS.platform/Developer/SDKs/iPhoneOS18.2.sdk" -fexceptions -frtti -g -O0 -fno-strict-overflow -ffunction-sections -fdata-sections -fmessage-length=0 -pipe -DIL2CPP_DEBUG=1 -DHAVE_BDWGC_GC -DBASELIB_INLINE_NAMESPACE=il2cpp_baselib -DIL2CPP_MONO_DEBUGGER_DISABLED -DRUNTIME_IL2CPP -DTARGET_ARM64 -DIL2CPP_ENABLE_WRITE_BARRIERS=1 -DIL2CPP_INCREMENTAL_TIME_SLICE=3 -D_DEBUG -I"." -I"Il2CppOutputProject/Source/il2cppOutput" -I"Il2CppOutputProject/IL2CPP/libil2cpp/pch" -I"Il2CppOutputProject/IL2CPP/libil2cpp" -I"Il2CppOutputProject/IL2CPP/external/baselib/Include" -I"Il2CppOutputProject/IL2CPP/libil2cpp/os/ClassLibraryPAL/brotli/include" -I"Il2CppOutputProject/IL2CPP/external/baselib/Platforms/IOS/Include" -o "Il2CppTempDirArtifacts/Debug/artifacts/arm64/actx/pncbcfgy7rg2.o" -fcolor-diagnostics -stdlib=libc++ -arch arm64 -mios-version-min=11.0 -fno-strict-float-cast-overflow -c -x c++ "Il2CppOutputProject/Source/il2cppOutput/Unity.RenderPipelines.Core.Runtime__4.cpp"
[151/410    1s] C_iOS_arm64 Il2CppTempDirArtifacts/Debug/artifacts/arm64/actx/bb0fc4auei90.o
##### CommandLine
"/Applications/Xcode.app/Contents/Developer/Toolchains/XcodeDefault.xctoolchain/usr/bin/clang++" -std=c++17 -Wswitch -Wno-trigraphs -Wno-tautological-compare -Wno-invalid-offsetof -Wno-implicitly-unsigned-literal -Wno-integer-overflow -Wno-shift-negative-value -Wno-unknown-attributes -Wno-implicit-function-declaration -Wno-null-conversion -Wno-missing-declarations -Wno-unused-value -Wno-pragma-once-outside-header -Wno-unknown-warning-option -Wno-undef-prefix -fvisibility=hidden -isysroot "/Applications/Xcode.app/Contents/Developer/Platforms/iPhoneOS.platform/Developer/SDKs/iPhoneOS18.2.sdk" -fexceptions -frtti -g -O0 -fno-strict-overflow -ffunction-sections -fdata-sections -fmessage-length=0 -pipe -DIL2CPP_DEBUG=1 -DHAVE_BDWGC_GC -DBASELIB_INLINE_NAMESPACE=il2cpp_baselib -DIL2CPP_MONO_DEBUGGER_DISABLED -DRUNTIME_IL2CPP -DTARGET_ARM64 -DIL2CPP_ENABLE_WRITE_BARRIERS=1 -DIL2CPP_INCREMENTAL_TIME_SLICE=3 -D_DEBUG -I"." -I"Il2CppOutputProject/Source/il2cppOutput" -I"Il2CppOutputProject/IL2CPP/libil2cpp/pch" -I"Il2CppOutputProject/IL2CPP/libil2cpp" -I"Il2CppOutputProject/IL2CPP/external/baselib/Include" -I"Il2CppOutputProject/IL2CPP/libil2cpp/os/ClassLibraryPAL/brotli/include" -I"Il2CppOutputProject/IL2CPP/external/baselib/Platforms/IOS/Include" -o "Il2CppTempDirArtifacts/Debug/artifacts/arm64/actx/bb0fc4auei90.o" -fcolor-diagnostics -stdlib=libc++ -arch arm64 -mios-version-min=11.0 -fno-strict-float-cast-overflow -c -x c++ "Il2CppOutputProject/Source/il2cppOutput/Unity.RenderPipelines.Core.Runtime__6.cpp"
[152/410    1s] C_iOS_arm64 Il2CppTempDirArtifacts/Debug/artifacts/arm64/actx/ofsurzzz3pzm.o
##### CommandLine
"/Applications/Xcode.app/Contents/Developer/Toolchains/XcodeDefault.xctoolchain/usr/bin/clang++" -std=c++17 -Wswitch -Wno-trigraphs -Wno-tautological-compare -Wno-invalid-offsetof -Wno-implicitly-unsigned-literal -Wno-integer-overflow -Wno-shift-negative-value -Wno-unknown-attributes -Wno-implicit-function-declaration -Wno-null-conversion -Wno-missing-declarations -Wno-unused-value -Wno-pragma-once-outside-header -Wno-unknown-warning-option -Wno-undef-prefix -fvisibility=hidden -isysroot "/Applications/Xcode.app/Contents/Developer/Platforms/iPhoneOS.platform/Developer/SDKs/iPhoneOS18.2.sdk" -fexceptions -frtti -g -O0 -fno-strict-overflow -ffunction-sections -fdata-sections -fmessage-length=0 -pipe -DIL2CPP_DEBUG=1 -DHAVE_BDWGC_GC -DBASELIB_INLINE_NAMESPACE=il2cpp_baselib -DIL2CPP_MONO_DEBUGGER_DISABLED -DRUNTIME_IL2CPP -DTARGET_ARM64 -DIL2CPP_ENABLE_WRITE_BARRIERS=1 -DIL2CPP_INCREMENTAL_TIME_SLICE=3 -D_DEBUG -I"." -I"Il2CppOutputProject/Source/il2cppOutput" -I"Il2CppOutputProject/IL2CPP/libil2cpp/pch" -I"Il2CppOutputProject/IL2CPP/libil2cpp" -I"Il2CppOutputProject/IL2CPP/external/baselib/Include" -I"Il2CppOutputProject/IL2CPP/libil2cpp/os/ClassLibraryPAL/brotli/include" -I"Il2CppOutputProject/IL2CPP/external/baselib/Platforms/IOS/Include" -o "Il2CppTempDirArtifacts/Debug/artifacts/arm64/actx/ofsurzzz3pzm.o" -fcolor-diagnostics -stdlib=libc++ -arch arm64 -mios-version-min=11.0 -fno-strict-float-cast-overflow -c -x c++ "Il2CppOutputProject/Source/il2cppOutput/Unity.RenderPipelines.Core.Runtime__3.cpp"
[153/410    0s] C_iOS_arm64 Il2CppTempDirArtifacts/Debug/artifacts/arm64/actx/3zo6bql201n3.o
##### CommandLine
"/Applications/Xcode.app/Contents/Developer/Toolchains/XcodeDefault.xctoolchain/usr/bin/clang++" -std=c++17 -Wswitch -Wno-trigraphs -Wno-tautological-compare -Wno-invalid-offsetof -Wno-implicitly-unsigned-literal -Wno-integer-overflow -Wno-shift-negative-value -Wno-unknown-attributes -Wno-implicit-function-declaration -Wno-null-conversion -Wno-missing-declarations -Wno-unused-value -Wno-pragma-once-outside-header -Wno-unknown-warning-option -Wno-undef-prefix -fvisibility=hidden -isysroot "/Applications/Xcode.app/Contents/Developer/Platforms/iPhoneOS.platform/Developer/SDKs/iPhoneOS18.2.sdk" -fexceptions -frtti -g -O0 -fno-strict-overflow -ffunction-sections -fdata-sections -fmessage-length=0 -pipe -DIL2CPP_DEBUG=1 -DHAVE_BDWGC_GC -DBASELIB_INLINE_NAMESPACE=il2cpp_baselib -DIL2CPP_MONO_DEBUGGER_DISABLED -DRUNTIME_IL2CPP -DTARGET_ARM64 -DIL2CPP_ENABLE_WRITE_BARRIERS=1 -DIL2CPP_INCREMENTAL_TIME_SLICE=3 -D_DEBUG -I"." -I"Il2CppOutputProject/Source/il2cppOutput" -I"Il2CppOutputProject/IL2CPP/libil2cpp/pch" -I"Il2CppOutputProject/IL2CPP/libil2cpp" -I"Il2CppOutputProject/IL2CPP/external/baselib/Include" -I"Il2CppOutputProject/IL2CPP/libil2cpp/os/ClassLibraryPAL/brotli/include" -I"Il2CppOutputProject/IL2CPP/external/baselib/Platforms/IOS/Include" -o "Il2CppTempDirArtifacts/Debug/artifacts/arm64/actx/3zo6bql201n3.o" -fcolor-diagnostics -stdlib=libc++ -arch arm64 -mios-version-min=11.0 -fno-strict-float-cast-overflow -c -x c++ "Il2CppOutputProject/Source/il2cppOutput/Unity.RenderPipelines.Core.Runtime__2.cpp"
[154/410    1s] C_iOS_arm64 Il2CppTempDirArtifacts/Debug/artifacts/arm64/actx/a3fzrouvagsl.o
##### CommandLine
"/Applications/Xcode.app/Contents/Developer/Toolchains/XcodeDefault.xctoolchain/usr/bin/clang++" -std=c++17 -Wswitch -Wno-trigraphs -Wno-tautological-compare -Wno-invalid-offsetof -Wno-implicitly-unsigned-literal -Wno-integer-overflow -Wno-shift-negative-value -Wno-unknown-attributes -Wno-implicit-function-declaration -Wno-null-conversion -Wno-missing-declarations -Wno-unused-value -Wno-pragma-once-outside-header -Wno-unknown-warning-option -Wno-undef-prefix -fvisibility=hidden -isysroot "/Applications/Xcode.app/Contents/Developer/Platforms/iPhoneOS.platform/Developer/SDKs/iPhoneOS18.2.sdk" -fexceptions -frtti -g -O0 -fno-strict-overflow -ffunction-sections -fdata-sections -fmessage-length=0 -pipe -DIL2CPP_DEBUG=1 -DHAVE_BDWGC_GC -DBASELIB_INLINE_NAMESPACE=il2cpp_baselib -DIL2CPP_MONO_DEBUGGER_DISABLED -DRUNTIME_IL2CPP -DTARGET_ARM64 -DIL2CPP_ENABLE_WRITE_BARRIERS=1 -DIL2CPP_INCREMENTAL_TIME_SLICE=3 -D_DEBUG -I"." -I"Il2CppOutputProject/Source/il2cppOutput" -I"Il2CppOutputProject/IL2CPP/libil2cpp/pch" -I"Il2CppOutputProject/IL2CPP/libil2cpp" -I"Il2CppOutputProject/IL2CPP/external/baselib/Include" -I"Il2CppOutputProject/IL2CPP/libil2cpp/os/ClassLibraryPAL/brotli/include" -I"Il2CppOutputProject/IL2CPP/external/baselib/Platforms/IOS/Include" -o "Il2CppTempDirArtifacts/Debug/artifacts/arm64/actx/a3fzrouvagsl.o" -fcolor-diagnostics -stdlib=libc++ -arch arm64 -mios-version-min=11.0 -fno-strict-float-cast-overflow -c -x c++ "Il2CppOutputProject/Source/il2cppOutput/Unity.RenderPipelines.Core.Runtime__5.cpp"
[155/410    0s] C_iOS_arm64 Il2CppTempDirArtifacts/Debug/artifacts/arm64/actx/s2414lcvn2j7.o
##### CommandLine
"/Applications/Xcode.app/Contents/Developer/Toolchains/XcodeDefault.xctoolchain/usr/bin/clang++" -std=c++17 -Wswitch -Wno-trigraphs -Wno-tautological-compare -Wno-invalid-offsetof -Wno-implicitly-unsigned-literal -Wno-integer-overflow -Wno-shift-negative-value -Wno-unknown-attributes -Wno-implicit-function-declaration -Wno-null-conversion -Wno-missing-declarations -Wno-unused-value -Wno-pragma-once-outside-header -Wno-unknown-warning-option -Wno-undef-prefix -fvisibility=hidden -isysroot "/Applications/Xcode.app/Contents/Developer/Platforms/iPhoneOS.platform/Developer/SDKs/iPhoneOS18.2.sdk" -fexceptions -frtti -g -O0 -fno-strict-overflow -ffunction-sections -fdata-sections -fmessage-length=0 -pipe -DIL2CPP_DEBUG=1 -DHAVE_BDWGC_GC -DBASELIB_INLINE_NAMESPACE=il2cpp_baselib -DIL2CPP_MONO_DEBUGGER_DISABLED -DRUNTIME_IL2CPP -DTARGET_ARM64 -DIL2CPP_ENABLE_WRITE_BARRIERS=1 -DIL2CPP_INCREMENTAL_TIME_SLICE=3 -D_DEBUG -I"." -I"Il2CppOutputProject/Source/il2cppOutput" -I"Il2CppOutputProject/IL2CPP/libil2cpp/pch" -I"Il2CppOutputProject/IL2CPP/libil2cpp" -I"Il2CppOutputProject/IL2CPP/external/baselib/Include" -I"Il2CppOutputProject/IL2CPP/libil2cpp/os/ClassLibraryPAL/brotli/include" -I"Il2CppOutputProject/IL2CPP/external/baselib/Platforms/IOS/Include" -o "Il2CppTempDirArtifacts/Debug/artifacts/arm64/actx/s2414lcvn2j7.o" -fcolor-diagnostics -stdlib=libc++ -arch arm64 -mios-version-min=11.0 -fno-strict-float-cast-overflow -c -x c++ "Il2CppOutputProject/Source/il2cppOutput/Unity.RenderPipelines.Core.Runtime.Shared.cpp"
[156/410    0s] C_iOS_arm64 Il2CppTempDirArtifacts/Debug/artifacts/arm64/actx/i397hiuvx8xm.o
##### CommandLine
"/Applications/Xcode.app/Contents/Developer/Toolchains/XcodeDefault.xctoolchain/usr/bin/clang++" -std=c++17 -Wswitch -Wno-trigraphs -Wno-tautological-compare -Wno-invalid-offsetof -Wno-implicitly-unsigned-literal -Wno-integer-overflow -Wno-shift-negative-value -Wno-unknown-attributes -Wno-implicit-function-declaration -Wno-null-conversion -Wno-missing-declarations -Wno-unused-value -Wno-pragma-once-outside-header -Wno-unknown-warning-option -Wno-undef-prefix -fvisibility=hidden -isysroot "/Applications/Xcode.app/Contents/Developer/Platforms/iPhoneOS.platform/Developer/SDKs/iPhoneOS18.2.sdk" -fexceptions -frtti -g -O0 -fno-strict-overflow -ffunction-sections -fdata-sections -fmessage-length=0 -pipe -DIL2CPP_DEBUG=1 -DHAVE_BDWGC_GC -DBASELIB_INLINE_NAMESPACE=il2cpp_baselib -DIL2CPP_MONO_DEBUGGER_DISABLED -DRUNTIME_IL2CPP -DTARGET_ARM64 -DIL2CPP_ENABLE_WRITE_BARRIERS=1 -DIL2CPP_INCREMENTAL_TIME_SLICE=3 -D_DEBUG -I"." -I"Il2CppOutputProject/Source/il2cppOutput" -I"Il2CppOutputProject/IL2CPP/libil2cpp/pch" -I"Il2CppOutputProject/IL2CPP/libil2cpp" -I"Il2CppOutputProject/IL2CPP/external/baselib/Include" -I"Il2CppOutputProject/IL2CPP/libil2cpp/os/ClassLibraryPAL/brotli/include" -I"Il2CppOutputProject/IL2CPP/external/baselib/Platforms/IOS/Include" -o "Il2CppTempDirArtifacts/Debug/artifacts/arm64/actx/i397hiuvx8xm.o" -fcolor-diagnostics -stdlib=libc++ -arch arm64 -mios-version-min=11.0 -fno-strict-float-cast-overflow -c -x c++ "Il2CppOutputProject/Source/il2cppOutput/Unity.RenderPipeline.Universal.ShaderLibrary.cpp"
[157/410    0s] C_iOS_arm64 Il2CppTempDirArtifacts/Debug/artifacts/arm64/actx/ffe73cxwi78o.o
##### CommandLine
"/Applications/Xcode.app/Contents/Developer/Toolchains/XcodeDefault.xctoolchain/usr/bin/clang++" -std=c++17 -Wswitch -Wno-trigraphs -Wno-tautological-compare -Wno-invalid-offsetof -Wno-implicitly-unsigned-literal -Wno-integer-overflow -Wno-shift-negative-value -Wno-unknown-attributes -Wno-implicit-function-declaration -Wno-null-conversion -Wno-missing-declarations -Wno-unused-value -Wno-pragma-once-outside-header -Wno-unknown-warning-option -Wno-undef-prefix -fvisibility=hidden -isysroot "/Applications/Xcode.app/Contents/Developer/Platforms/iPhoneOS.platform/Developer/SDKs/iPhoneOS18.2.sdk" -fexceptions -frtti -g -O0 -fno-strict-overflow -ffunction-sections -fdata-sections -fmessage-length=0 -pipe -DIL2CPP_DEBUG=1 -DHAVE_BDWGC_GC -DBASELIB_INLINE_NAMESPACE=il2cpp_baselib -DIL2CPP_MONO_DEBUGGER_DISABLED -DRUNTIME_IL2CPP -DTARGET_ARM64 -DIL2CPP_ENABLE_WRITE_BARRIERS=1 -DIL2CPP_INCREMENTAL_TIME_SLICE=3 -D_DEBUG -I"." -I"Il2CppOutputProject/Source/il2cppOutput" -I"Il2CppOutputProject/IL2CPP/libil2cpp/pch" -I"Il2CppOutputProject/IL2CPP/libil2cpp" -I"Il2CppOutputProject/IL2CPP/external/baselib/Include" -I"Il2CppOutputProject/IL2CPP/libil2cpp/os/ClassLibraryPAL/brotli/include" -I"Il2CppOutputProject/IL2CPP/external/baselib/Platforms/IOS/Include" -o "Il2CppTempDirArtifacts/Debug/artifacts/arm64/actx/ffe73cxwi78o.o" -fcolor-diagnostics -stdlib=libc++ -arch arm64 -mios-version-min=11.0 -fno-strict-float-cast-overflow -c -x c++ "Il2CppOutputProject/Source/il2cppOutput/Unity.InputSystem__3.cpp"
[158/410    1s] C_iOS_arm64 Il2CppTempDirArtifacts/Debug/artifacts/arm64/actx/t449zl41k4pj.o
##### CommandLine
"/Applications/Xcode.app/Contents/Developer/Toolchains/XcodeDefault.xctoolchain/usr/bin/clang++" -std=c++17 -Wswitch -Wno-trigraphs -Wno-tautological-compare -Wno-invalid-offsetof -Wno-implicitly-unsigned-literal -Wno-integer-overflow -Wno-shift-negative-value -Wno-unknown-attributes -Wno-implicit-function-declaration -Wno-null-conversion -Wno-missing-declarations -Wno-unused-value -Wno-pragma-once-outside-header -Wno-unknown-warning-option -Wno-undef-prefix -fvisibility=hidden -isysroot "/Applications/Xcode.app/Contents/Developer/Platforms/iPhoneOS.platform/Developer/SDKs/iPhoneOS18.2.sdk" -fexceptions -frtti -g -O0 -fno-strict-overflow -ffunction-sections -fdata-sections -fmessage-length=0 -pipe -DIL2CPP_DEBUG=1 -DHAVE_BDWGC_GC -DBASELIB_INLINE_NAMESPACE=il2cpp_baselib -DIL2CPP_MONO_DEBUGGER_DISABLED -DRUNTIME_IL2CPP -DTARGET_ARM64 -DIL2CPP_ENABLE_WRITE_BARRIERS=1 -DIL2CPP_INCREMENTAL_TIME_SLICE=3 -D_DEBUG -I"." -I"Il2CppOutputProject/Source/il2cppOutput" -I"Il2CppOutputProject/IL2CPP/libil2cpp/pch" -I"Il2CppOutputProject/IL2CPP/libil2cpp" -I"Il2CppOutputProject/IL2CPP/external/baselib/Include" -I"Il2CppOutputProject/IL2CPP/libil2cpp/os/ClassLibraryPAL/brotli/include" -I"Il2CppOutputProject/IL2CPP/external/baselib/Platforms/IOS/Include" -o "Il2CppTempDirArtifacts/Debug/artifacts/arm64/actx/t449zl41k4pj.o" -fcolor-diagnostics -stdlib=libc++ -arch arm64 -mios-version-min=11.0 -fno-strict-float-cast-overflow -c -x c++ "Il2CppOutputProject/Source/il2cppOutput/Unity.RenderPipelines.Core.Runtime.cpp"
[159/410    1s] C_iOS_arm64 Il2CppTempDirArtifacts/Debug/artifacts/arm64/actx/ikliwg74xdck.o
##### CommandLine
"/Applications/Xcode.app/Contents/Developer/Toolchains/XcodeDefault.xctoolchain/usr/bin/clang++" -std=c++17 -Wswitch -Wno-trigraphs -Wno-tautological-compare -Wno-invalid-offsetof -Wno-implicitly-unsigned-literal -Wno-integer-overflow -Wno-shift-negative-value -Wno-unknown-attributes -Wno-implicit-function-declaration -Wno-null-conversion -Wno-missing-declarations -Wno-unused-value -Wno-pragma-once-outside-header -Wno-unknown-warning-option -Wno-undef-prefix -fvisibility=hidden -isysroot "/Applications/Xcode.app/Contents/Developer/Platforms/iPhoneOS.platform/Developer/SDKs/iPhoneOS18.2.sdk" -fexceptions -frtti -g -O0 -fno-strict-overflow -ffunction-sections -fdata-sections -fmessage-length=0 -pipe -DIL2CPP_DEBUG=1 -DHAVE_BDWGC_GC -DBASELIB_INLINE_NAMESPACE=il2cpp_baselib -DIL2CPP_MONO_DEBUGGER_DISABLED -DRUNTIME_IL2CPP -DTARGET_ARM64 -DIL2CPP_ENABLE_WRITE_BARRIERS=1 -DIL2CPP_INCREMENTAL_TIME_SLICE=3 -D_DEBUG -I"." -I"Il2CppOutputProject/Source/il2cppOutput" -I"Il2CppOutputProject/IL2CPP/libil2cpp/pch" -I"Il2CppOutputProject/IL2CPP/libil2cpp" -I"Il2CppOutputProject/IL2CPP/external/baselib/Include" -I"Il2CppOutputProject/IL2CPP/libil2cpp/os/ClassLibraryPAL/brotli/include" -I"Il2CppOutputProject/IL2CPP/external/baselib/Platforms/IOS/Include" -o "Il2CppTempDirArtifacts/Debug/artifacts/arm64/actx/ikliwg74xdck.o" -fcolor-diagnostics -stdlib=libc++ -arch arm64 -mios-version-min=11.0 -fno-strict-float-cast-overflow -c -x c++ "Il2CppOutputProject/Source/il2cppOutput/Unity.RenderPipelines.Core.Runtime__1.cpp"
[160/410    0s] C_iOS_arm64 Il2CppTempDirArtifacts/Debug/artifacts/arm64/actx/tlwsz9ej2zhp.o
##### CommandLine
"/Applications/Xcode.app/Contents/Developer/Toolchains/XcodeDefault.xctoolchain/usr/bin/clang++" -std=c++17 -Wswitch -Wno-trigraphs -Wno-tautological-compare -Wno-invalid-offsetof -Wno-implicitly-unsigned-literal -Wno-integer-overflow -Wno-shift-negative-value -Wno-unknown-attributes -Wno-implicit-function-declaration -Wno-null-conversion -Wno-missing-declarations -Wno-unused-value -Wno-pragma-once-outside-header -Wno-unknown-warning-option -Wno-undef-prefix -fvisibility=hidden -isysroot "/Applications/Xcode.app/Contents/Developer/Platforms/iPhoneOS.platform/Developer/SDKs/iPhoneOS18.2.sdk" -fexceptions -frtti -g -O0 -fno-strict-overflow -ffunction-sections -fdata-sections -fmessage-length=0 -pipe -DIL2CPP_DEBUG=1 -DHAVE_BDWGC_GC -DBASELIB_INLINE_NAMESPACE=il2cpp_baselib -DIL2CPP_MONO_DEBUGGER_DISABLED -DRUNTIME_IL2CPP -DTARGET_ARM64 -DIL2CPP_ENABLE_WRITE_BARRIERS=1 -DIL2CPP_INCREMENTAL_TIME_SLICE=3 -D_DEBUG -I"." -I"Il2CppOutputProject/Source/il2cppOutput" -I"Il2CppOutputProject/IL2CPP/libil2cpp/pch" -I"Il2CppOutputProject/IL2CPP/libil2cpp" -I"Il2CppOutputProject/IL2CPP/external/baselib/Include" -I"Il2CppOutputProject/IL2CPP/libil2cpp/os/ClassLibraryPAL/brotli/include" -I"Il2CppOutputProject/IL2CPP/external/baselib/Platforms/IOS/Include" -o "Il2CppTempDirArtifacts/Debug/artifacts/arm64/actx/tlwsz9ej2zhp.o" -fcolor-diagnostics -stdlib=libc++ -arch arm64 -mios-version-min=11.0 -fno-strict-float-cast-overflow -c -x c++ "Il2CppOutputProject/Source/il2cppOutput/Unity.InputSystem__9.cpp"
[161/410    0s] C_iOS_arm64 Il2CppTempDirArtifacts/Debug/artifacts/arm64/actx/7x8nzkknv9oq.o
##### CommandLine
"/Applications/Xcode.app/Contents/Developer/Toolchains/XcodeDefault.xctoolchain/usr/bin/clang++" -std=c++17 -Wswitch -Wno-trigraphs -Wno-tautological-compare -Wno-invalid-offsetof -Wno-implicitly-unsigned-literal -Wno-integer-overflow -Wno-shift-negative-value -Wno-unknown-attributes -Wno-implicit-function-declaration -Wno-null-conversion -Wno-missing-declarations -Wno-unused-value -Wno-pragma-once-outside-header -Wno-unknown-warning-option -Wno-undef-prefix -fvisibility=hidden -isysroot "/Applications/Xcode.app/Contents/Developer/Platforms/iPhoneOS.platform/Developer/SDKs/iPhoneOS18.2.sdk" -fexceptions -frtti -g -O0 -fno-strict-overflow -ffunction-sections -fdata-sections -fmessage-length=0 -pipe -DIL2CPP_DEBUG=1 -DHAVE_BDWGC_GC -DBASELIB_INLINE_NAMESPACE=il2cpp_baselib -DIL2CPP_MONO_DEBUGGER_DISABLED -DRUNTIME_IL2CPP -DTARGET_ARM64 -DIL2CPP_ENABLE_WRITE_BARRIERS=1 -DIL2CPP_INCREMENTAL_TIME_SLICE=3 -D_DEBUG -I"." -I"Il2CppOutputProject/Source/il2cppOutput" -I"Il2CppOutputProject/IL2CPP/libil2cpp/pch" -I"Il2CppOutputProject/IL2CPP/libil2cpp" -I"Il2CppOutputProject/IL2CPP/external/baselib/Include" -I"Il2CppOutputProject/IL2CPP/libil2cpp/os/ClassLibraryPAL/brotli/include" -I"Il2CppOutputProject/IL2CPP/external/baselib/Platforms/IOS/Include" -o "Il2CppTempDirArtifacts/Debug/artifacts/arm64/actx/7x8nzkknv9oq.o" -fcolor-diagnostics -stdlib=libc++ -arch arm64 -mios-version-min=11.0 -fno-strict-float-cast-overflow -c -x c++ "Il2CppOutputProject/Source/il2cppOutput/Unity.InputSystem__7.cpp"
[162/410    0s] C_iOS_arm64 Il2CppTempDirArtifacts/Debug/artifacts/arm64/actx/0uhvjmbulvk8.o
##### CommandLine
"/Applications/Xcode.app/Contents/Developer/Toolchains/XcodeDefault.xctoolchain/usr/bin/clang++" -std=c++17 -Wswitch -Wno-trigraphs -Wno-tautological-compare -Wno-invalid-offsetof -Wno-implicitly-unsigned-literal -Wno-integer-overflow -Wno-shift-negative-value -Wno-unknown-attributes -Wno-implicit-function-declaration -Wno-null-conversion -Wno-missing-declarations -Wno-unused-value -Wno-pragma-once-outside-header -Wno-unknown-warning-option -Wno-undef-prefix -fvisibility=hidden -isysroot "/Applications/Xcode.app/Contents/Developer/Platforms/iPhoneOS.platform/Developer/SDKs/iPhoneOS18.2.sdk" -fexceptions -frtti -g -O0 -fno-strict-overflow -ffunction-sections -fdata-sections -fmessage-length=0 -pipe -DIL2CPP_DEBUG=1 -DHAVE_BDWGC_GC -DBASELIB_INLINE_NAMESPACE=il2cpp_baselib -DIL2CPP_MONO_DEBUGGER_DISABLED -DRUNTIME_IL2CPP -DTARGET_ARM64 -DIL2CPP_ENABLE_WRITE_BARRIERS=1 -DIL2CPP_INCREMENTAL_TIME_SLICE=3 -D_DEBUG -I"." -I"Il2CppOutputProject/Source/il2cppOutput" -I"Il2CppOutputProject/IL2CPP/libil2cpp/pch" -I"Il2CppOutputProject/IL2CPP/libil2cpp" -I"Il2CppOutputProject/IL2CPP/external/baselib/Include" -I"Il2CppOutputProject/IL2CPP/libil2cpp/os/ClassLibraryPAL/brotli/include" -I"Il2CppOutputProject/IL2CPP/external/baselib/Platforms/IOS/Include" -o "Il2CppTempDirArtifacts/Debug/artifacts/arm64/actx/0uhvjmbulvk8.o" -fcolor-diagnostics -stdlib=libc++ -arch arm64 -mios-version-min=11.0 -fno-strict-float-cast-overflow -c -x c++ "Il2CppOutputProject/Source/il2cppOutput/Unity.InputSystem__4.cpp"
[163/410    1s] C_iOS_arm64 Il2CppTempDirArtifacts/Debug/artifacts/arm64/actx/85s4j00lzb65.o
##### CommandLine
"/Applications/Xcode.app/Contents/Developer/Toolchains/XcodeDefault.xctoolchain/usr/bin/clang++" -std=c++17 -Wswitch -Wno-trigraphs -Wno-tautological-compare -Wno-invalid-offsetof -Wno-implicitly-unsigned-literal -Wno-integer-overflow -Wno-shift-negative-value -Wno-unknown-attributes -Wno-implicit-function-declaration -Wno-null-conversion -Wno-missing-declarations -Wno-unused-value -Wno-pragma-once-outside-header -Wno-unknown-warning-option -Wno-undef-prefix -fvisibility=hidden -isysroot "/Applications/Xcode.app/Contents/Developer/Platforms/iPhoneOS.platform/Developer/SDKs/iPhoneOS18.2.sdk" -fexceptions -frtti -g -O0 -fno-strict-overflow -ffunction-sections -fdata-sections -fmessage-length=0 -pipe -DIL2CPP_DEBUG=1 -DHAVE_BDWGC_GC -DBASELIB_INLINE_NAMESPACE=il2cpp_baselib -DIL2CPP_MONO_DEBUGGER_DISABLED -DRUNTIME_IL2CPP -DTARGET_ARM64 -DIL2CPP_ENABLE_WRITE_BARRIERS=1 -DIL2CPP_INCREMENTAL_TIME_SLICE=3 -D_DEBUG -I"." -I"Il2CppOutputProject/Source/il2cppOutput" -I"Il2CppOutputProject/IL2CPP/libil2cpp/pch" -I"Il2CppOutputProject/IL2CPP/libil2cpp" -I"Il2CppOutputProject/IL2CPP/external/baselib/Include" -I"Il2CppOutputProject/IL2CPP/libil2cpp/os/ClassLibraryPAL/brotli/include" -I"Il2CppOutputProject/IL2CPP/external/baselib/Platforms/IOS/Include" -o "Il2CppTempDirArtifacts/Debug/artifacts/arm64/actx/85s4j00lzb65.o" -fcolor-diagnostics -stdlib=libc++ -arch arm64 -mios-version-min=11.0 -fno-strict-float-cast-overflow -c -x c++ "Il2CppOutputProject/Source/il2cppOutput/Unity.InputSystem__8.cpp"
[164/410    1s] C_iOS_arm64 Il2CppTempDirArtifacts/Debug/artifacts/arm64/actx/mi5zjb6psld7.o
##### CommandLine
"/Applications/Xcode.app/Contents/Developer/Toolchains/XcodeDefault.xctoolchain/usr/bin/clang++" -std=c++17 -Wswitch -Wno-trigraphs -Wno-tautological-compare -Wno-invalid-offsetof -Wno-implicitly-unsigned-literal -Wno-integer-overflow -Wno-shift-negative-value -Wno-unknown-attributes -Wno-implicit-function-declaration -Wno-null-conversion -Wno-missing-declarations -Wno-unused-value -Wno-pragma-once-outside-header -Wno-unknown-warning-option -Wno-undef-prefix -fvisibility=hidden -isysroot "/Applications/Xcode.app/Contents/Developer/Platforms/iPhoneOS.platform/Developer/SDKs/iPhoneOS18.2.sdk" -fexceptions -frtti -g -O0 -fno-strict-overflow -ffunction-sections -fdata-sections -fmessage-length=0 -pipe -DIL2CPP_DEBUG=1 -DHAVE_BDWGC_GC -DBASELIB_INLINE_NAMESPACE=il2cpp_baselib -DIL2CPP_MONO_DEBUGGER_DISABLED -DRUNTIME_IL2CPP -DTARGET_ARM64 -DIL2CPP_ENABLE_WRITE_BARRIERS=1 -DIL2CPP_INCREMENTAL_TIME_SLICE=3 -D_DEBUG -I"." -I"Il2CppOutputProject/Source/il2cppOutput" -I"Il2CppOutputProject/IL2CPP/libil2cpp/pch" -I"Il2CppOutputProject/IL2CPP/libil2cpp" -I"Il2CppOutputProject/IL2CPP/external/baselib/Include" -I"Il2CppOutputProject/IL2CPP/libil2cpp/os/ClassLibraryPAL/brotli/include" -I"Il2CppOutputProject/IL2CPP/external/baselib/Platforms/IOS/Include" -o "Il2CppTempDirArtifacts/Debug/artifacts/arm64/actx/mi5zjb6psld7.o" -fcolor-diagnostics -stdlib=libc++ -arch arm64 -mios-version-min=11.0 -fno-strict-float-cast-overflow -c -x c++ "Il2CppOutputProject/Source/il2cppOutput/Unity.InputSystem__6.cpp"
[165/410    1s] C_iOS_arm64 Il2CppTempDirArtifacts/Debug/artifacts/arm64/actx/laljzvprojwr.o
##### CommandLine
"/Applications/Xcode.app/Contents/Developer/Toolchains/XcodeDefault.xctoolchain/usr/bin/clang++" -std=c++17 -Wswitch -Wno-trigraphs -Wno-tautological-compare -Wno-invalid-offsetof -Wno-implicitly-unsigned-literal -Wno-integer-overflow -Wno-shift-negative-value -Wno-unknown-attributes -Wno-implicit-function-declaration -Wno-null-conversion -Wno-missing-declarations -Wno-unused-value -Wno-pragma-once-outside-header -Wno-unknown-warning-option -Wno-undef-prefix -fvisibility=hidden -isysroot "/Applications/Xcode.app/Contents/Developer/Platforms/iPhoneOS.platform/Developer/SDKs/iPhoneOS18.2.sdk" -fexceptions -frtti -g -O0 -fno-strict-overflow -ffunction-sections -fdata-sections -fmessage-length=0 -pipe -DIL2CPP_DEBUG=1 -DHAVE_BDWGC_GC -DBASELIB_INLINE_NAMESPACE=il2cpp_baselib -DIL2CPP_MONO_DEBUGGER_DISABLED -DRUNTIME_IL2CPP -DTARGET_ARM64 -DIL2CPP_ENABLE_WRITE_BARRIERS=1 -DIL2CPP_INCREMENTAL_TIME_SLICE=3 -D_DEBUG -I"." -I"Il2CppOutputProject/Source/il2cppOutput" -I"Il2CppOutputProject/IL2CPP/libil2cpp/pch" -I"Il2CppOutputProject/IL2CPP/libil2cpp" -I"Il2CppOutputProject/IL2CPP/external/baselib/Include" -I"Il2CppOutputProject/IL2CPP/libil2cpp/os/ClassLibraryPAL/brotli/include" -I"Il2CppOutputProject/IL2CPP/external/baselib/Platforms/IOS/Include" -o "Il2CppTempDirArtifacts/Debug/artifacts/arm64/actx/laljzvprojwr.o" -fcolor-diagnostics -stdlib=libc++ -arch arm64 -mios-version-min=11.0 -fno-strict-float-cast-overflow -c -x c++ "Il2CppOutputProject/Source/il2cppOutput/Unity.InputSystem__5.cpp"
[166/410    1s] C_iOS_arm64 Il2CppTempDirArtifacts/Debug/artifacts/arm64/actx/e7tqjxgye5r9.o
##### CommandLine
"/Applications/Xcode.app/Contents/Developer/Toolchains/XcodeDefault.xctoolchain/usr/bin/clang++" -std=c++17 -Wswitch -Wno-trigraphs -Wno-tautological-compare -Wno-invalid-offsetof -Wno-implicitly-unsigned-literal -Wno-integer-overflow -Wno-shift-negative-value -Wno-unknown-attributes -Wno-implicit-function-declaration -Wno-null-conversion -Wno-missing-declarations -Wno-unused-value -Wno-pragma-once-outside-header -Wno-unknown-warning-option -Wno-undef-prefix -fvisibility=hidden -isysroot "/Applications/Xcode.app/Contents/Developer/Platforms/iPhoneOS.platform/Developer/SDKs/iPhoneOS18.2.sdk" -fexceptions -frtti -g -O0 -fno-strict-overflow -ffunction-sections -fdata-sections -fmessage-length=0 -pipe -DIL2CPP_DEBUG=1 -DHAVE_BDWGC_GC -DBASELIB_INLINE_NAMESPACE=il2cpp_baselib -DIL2CPP_MONO_DEBUGGER_DISABLED -DRUNTIME_IL2CPP -DTARGET_ARM64 -DIL2CPP_ENABLE_WRITE_BARRIERS=1 -DIL2CPP_INCREMENTAL_TIME_SLICE=3 -D_DEBUG -I"." -I"Il2CppOutputProject/Source/il2cppOutput" -I"Il2CppOutputProject/IL2CPP/libil2cpp/pch" -I"Il2CppOutputProject/IL2CPP/libil2cpp" -I"Il2CppOutputProject/IL2CPP/external/baselib/Include" -I"Il2CppOutputProject/IL2CPP/libil2cpp/os/ClassLibraryPAL/brotli/include" -I"Il2CppOutputProject/IL2CPP/external/baselib/Platforms/IOS/Include" -o "Il2CppTempDirArtifacts/Debug/artifacts/arm64/actx/e7tqjxgye5r9.o" -fcolor-diagnostics -stdlib=libc++ -arch arm64 -mios-version-min=11.0 -fno-strict-float-cast-overflow -c -x c++ "Il2CppOutputProject/Source/il2cppOutput/Unity.InputSystem__2.cpp"
[167/410    0s] C_iOS_arm64 Il2CppTempDirArtifacts/Debug/artifacts/arm64/actx/ee3tvdjfl17j.o
##### CommandLine
"/Applications/Xcode.app/Contents/Developer/Toolchains/XcodeDefault.xctoolchain/usr/bin/clang++" -std=c++17 -Wswitch -Wno-trigraphs -Wno-tautological-compare -Wno-invalid-offsetof -Wno-implicitly-unsigned-literal -Wno-integer-overflow -Wno-shift-negative-value -Wno-unknown-attributes -Wno-implicit-function-declaration -Wno-null-conversion -Wno-missing-declarations -Wno-unused-value -Wno-pragma-once-outside-header -Wno-unknown-warning-option -Wno-undef-prefix -fvisibility=hidden -isysroot "/Applications/Xcode.app/Contents/Developer/Platforms/iPhoneOS.platform/Developer/SDKs/iPhoneOS18.2.sdk" -fexceptions -frtti -g -O0 -fno-strict-overflow -ffunction-sections -fdata-sections -fmessage-length=0 -pipe -DIL2CPP_DEBUG=1 -DHAVE_BDWGC_GC -DBASELIB_INLINE_NAMESPACE=il2cpp_baselib -DIL2CPP_MONO_DEBUGGER_DISABLED -DRUNTIME_IL2CPP -DTARGET_ARM64 -DIL2CPP_ENABLE_WRITE_BARRIERS=1 -DIL2CPP_INCREMENTAL_TIME_SLICE=3 -D_DEBUG -I"." -I"Il2CppOutputProject/Source/il2cppOutput" -I"Il2CppOutputProject/IL2CPP/libil2cpp/pch" -I"Il2CppOutputProject/IL2CPP/libil2cpp" -I"Il2CppOutputProject/IL2CPP/external/baselib/Include" -I"Il2CppOutputProject/IL2CPP/libil2cpp/os/ClassLibraryPAL/brotli/include" -I"Il2CppOutputProject/IL2CPP/external/baselib/Platforms/IOS/Include" -o "Il2CppTempDirArtifacts/Debug/artifacts/arm64/actx/ee3tvdjfl17j.o" -fcolor-diagnostics -stdlib=libc++ -arch arm64 -mios-version-min=11.0 -fno-strict-float-cast-overflow -c -x c++ "Il2CppOutputProject/Source/il2cppOutput/Unity.InputSystem__11.cpp"
[168/410    0s] C_iOS_arm64 Il2CppTempDirArtifacts/Debug/artifacts/arm64/actx/144hu48hxyzr.o
##### CommandLine
"/Applications/Xcode.app/Contents/Developer/Toolchains/XcodeDefault.xctoolchain/usr/bin/clang++" -std=c++17 -Wswitch -Wno-trigraphs -Wno-tautological-compare -Wno-invalid-offsetof -Wno-implicitly-unsigned-literal -Wno-integer-overflow -Wno-shift-negative-value -Wno-unknown-attributes -Wno-implicit-function-declaration -Wno-null-conversion -Wno-missing-declarations -Wno-unused-value -Wno-pragma-once-outside-header -Wno-unknown-warning-option -Wno-undef-prefix -fvisibility=hidden -isysroot "/Applications/Xcode.app/Contents/Developer/Platforms/iPhoneOS.platform/Developer/SDKs/iPhoneOS18.2.sdk" -fexceptions -frtti -g -O0 -fno-strict-overflow -ffunction-sections -fdata-sections -fmessage-length=0 -pipe -DIL2CPP_DEBUG=1 -DHAVE_BDWGC_GC -DBASELIB_INLINE_NAMESPACE=il2cpp_baselib -DIL2CPP_MONO_DEBUGGER_DISABLED -DRUNTIME_IL2CPP -DTARGET_ARM64 -DIL2CPP_ENABLE_WRITE_BARRIERS=1 -DIL2CPP_INCREMENTAL_TIME_SLICE=3 -D_DEBUG -I"." -I"Il2CppOutputProject/Source/il2cppOutput" -I"Il2CppOutputProject/IL2CPP/libil2cpp/pch" -I"Il2CppOutputProject/IL2CPP/libil2cpp" -I"Il2CppOutputProject/IL2CPP/external/baselib/Include" -I"Il2CppOutputProject/IL2CPP/libil2cpp/os/ClassLibraryPAL/brotli/include" -I"Il2CppOutputProject/IL2CPP/external/baselib/Platforms/IOS/Include" -o "Il2CppTempDirArtifacts/Debug/artifacts/arm64/actx/144hu48hxyzr.o" -fcolor-diagnostics -stdlib=libc++ -arch arm64 -mios-version-min=11.0 -fno-strict-float-cast-overflow -c -x c++ "Il2CppOutputProject/Source/il2cppOutput/Unity.InputSystem.ForUI.cpp"
[169/410    0s] C_iOS_arm64 Il2CppTempDirArtifacts/Debug/artifacts/arm64/actx/ijed0pvuuoq6.o
##### CommandLine
"/Applications/Xcode.app/Contents/Developer/Toolchains/XcodeDefault.xctoolchain/usr/bin/clang++" -std=c++17 -Wswitch -Wno-trigraphs -Wno-tautological-compare -Wno-invalid-offsetof -Wno-implicitly-unsigned-literal -Wno-integer-overflow -Wno-shift-negative-value -Wno-unknown-attributes -Wno-implicit-function-declaration -Wno-null-conversion -Wno-missing-declarations -Wno-unused-value -Wno-pragma-once-outside-header -Wno-unknown-warning-option -Wno-undef-prefix -fvisibility=hidden -isysroot "/Applications/Xcode.app/Contents/Developer/Platforms/iPhoneOS.platform/Developer/SDKs/iPhoneOS18.2.sdk" -fexceptions -frtti -g -O0 -fno-strict-overflow -ffunction-sections -fdata-sections -fmessage-length=0 -pipe -DIL2CPP_DEBUG=1 -DHAVE_BDWGC_GC -DBASELIB_INLINE_NAMESPACE=il2cpp_baselib -DIL2CPP_MONO_DEBUGGER_DISABLED -DRUNTIME_IL2CPP -DTARGET_ARM64 -DIL2CPP_ENABLE_WRITE_BARRIERS=1 -DIL2CPP_INCREMENTAL_TIME_SLICE=3 -D_DEBUG -I"." -I"Il2CppOutputProject/Source/il2cppOutput" -I"Il2CppOutputProject/IL2CPP/libil2cpp/pch" -I"Il2CppOutputProject/IL2CPP/libil2cpp" -I"Il2CppOutputProject/IL2CPP/external/baselib/Include" -I"Il2CppOutputProject/IL2CPP/libil2cpp/os/ClassLibraryPAL/brotli/include" -I"Il2CppOutputProject/IL2CPP/external/baselib/Platforms/IOS/Include" -o "Il2CppTempDirArtifacts/Debug/artifacts/arm64/actx/ijed0pvuuoq6.o" -fcolor-diagnostics -stdlib=libc++ -arch arm64 -mios-version-min=11.0 -fno-strict-float-cast-overflow -c -x c++ "Il2CppOutputProject/Source/il2cppOutput/Unity.Collections__2.cpp"
[170/410    0s] C_iOS_arm64 Il2CppTempDirArtifacts/Debug/artifacts/arm64/actx/4wplr1tnfq73.o
##### CommandLine
"/Applications/Xcode.app/Contents/Developer/Toolchains/XcodeDefault.xctoolchain/usr/bin/clang++" -std=c++17 -Wswitch -Wno-trigraphs -Wno-tautological-compare -Wno-invalid-offsetof -Wno-implicitly-unsigned-literal -Wno-integer-overflow -Wno-shift-negative-value -Wno-unknown-attributes -Wno-implicit-function-declaration -Wno-null-conversion -Wno-missing-declarations -Wno-unused-value -Wno-pragma-once-outside-header -Wno-unknown-warning-option -Wno-undef-prefix -fvisibility=hidden -isysroot "/Applications/Xcode.app/Contents/Developer/Platforms/iPhoneOS.platform/Developer/SDKs/iPhoneOS18.2.sdk" -fexceptions -frtti -g -O0 -fno-strict-overflow -ffunction-sections -fdata-sections -fmessage-length=0 -pipe -DIL2CPP_DEBUG=1 -DHAVE_BDWGC_GC -DBASELIB_INLINE_NAMESPACE=il2cpp_baselib -DIL2CPP_MONO_DEBUGGER_DISABLED -DRUNTIME_IL2CPP -DTARGET_ARM64 -DIL2CPP_ENABLE_WRITE_BARRIERS=1 -DIL2CPP_INCREMENTAL_TIME_SLICE=3 -D_DEBUG -I"." -I"Il2CppOutputProject/Source/il2cppOutput" -I"Il2CppOutputProject/IL2CPP/libil2cpp/pch" -I"Il2CppOutputProject/IL2CPP/libil2cpp" -I"Il2CppOutputProject/IL2CPP/external/baselib/Include" -I"Il2CppOutputProject/IL2CPP/libil2cpp/os/ClassLibraryPAL/brotli/include" -I"Il2CppOutputProject/IL2CPP/external/baselib/Platforms/IOS/Include" -o "Il2CppTempDirArtifacts/Debug/artifacts/arm64/actx/4wplr1tnfq73.o" -fcolor-diagnostics -stdlib=libc++ -arch arm64 -mios-version-min=11.0 -fno-strict-float-cast-overflow -c -x c++ "Il2CppOutputProject/Source/il2cppOutput/Unity.Collections.LowLevel.ILSupport.cpp"
[171/410    0s] C_iOS_arm64 Il2CppTempDirArtifacts/Debug/artifacts/arm64/actx/trq23n20bhgq.o
##### CommandLine
"/Applications/Xcode.app/Contents/Developer/Toolchains/XcodeDefault.xctoolchain/usr/bin/clang++" -std=c++17 -Wswitch -Wno-trigraphs -Wno-tautological-compare -Wno-invalid-offsetof -Wno-implicitly-unsigned-literal -Wno-integer-overflow -Wno-shift-negative-value -Wno-unknown-attributes -Wno-implicit-function-declaration -Wno-null-conversion -Wno-missing-declarations -Wno-unused-value -Wno-pragma-once-outside-header -Wno-unknown-warning-option -Wno-undef-prefix -fvisibility=hidden -isysroot "/Applications/Xcode.app/Contents/Developer/Platforms/iPhoneOS.platform/Developer/SDKs/iPhoneOS18.2.sdk" -fexceptions -frtti -g -O0 -fno-strict-overflow -ffunction-sections -fdata-sections -fmessage-length=0 -pipe -DIL2CPP_DEBUG=1 -DHAVE_BDWGC_GC -DBASELIB_INLINE_NAMESPACE=il2cpp_baselib -DIL2CPP_MONO_DEBUGGER_DISABLED -DRUNTIME_IL2CPP -DTARGET_ARM64 -DIL2CPP_ENABLE_WRITE_BARRIERS=1 -DIL2CPP_INCREMENTAL_TIME_SLICE=3 -D_DEBUG -I"." -I"Il2CppOutputProject/Source/il2cppOutput" -I"Il2CppOutputProject/IL2CPP/libil2cpp/pch" -I"Il2CppOutputProject/IL2CPP/libil2cpp" -I"Il2CppOutputProject/IL2CPP/external/baselib/Include" -I"Il2CppOutputProject/IL2CPP/libil2cpp/os/ClassLibraryPAL/brotli/include" -I"Il2CppOutputProject/IL2CPP/external/baselib/Platforms/IOS/Include" -o "Il2CppTempDirArtifacts/Debug/artifacts/arm64/actx/trq23n20bhgq.o" -fcolor-diagnostics -stdlib=libc++ -arch arm64 -mios-version-min=11.0 -fno-strict-float-cast-overflow -c -x c++ "Il2CppOutputProject/Source/il2cppOutput/Unity.InputSystem__1.cpp"
[172/410    1s] C_iOS_arm64 Il2CppTempDirArtifacts/Debug/artifacts/arm64/actx/tyz5f44hidw0.o
##### CommandLine
"/Applications/Xcode.app/Contents/Developer/Toolchains/XcodeDefault.xctoolchain/usr/bin/clang++" -std=c++17 -Wswitch -Wno-trigraphs -Wno-tautological-compare -Wno-invalid-offsetof -Wno-implicitly-unsigned-literal -Wno-integer-overflow -Wno-shift-negative-value -Wno-unknown-attributes -Wno-implicit-function-declaration -Wno-null-conversion -Wno-missing-declarations -Wno-unused-value -Wno-pragma-once-outside-header -Wno-unknown-warning-option -Wno-undef-prefix -fvisibility=hidden -isysroot "/Applications/Xcode.app/Contents/Developer/Platforms/iPhoneOS.platform/Developer/SDKs/iPhoneOS18.2.sdk" -fexceptions -frtti -g -O0 -fno-strict-overflow -ffunction-sections -fdata-sections -fmessage-length=0 -pipe -DIL2CPP_DEBUG=1 -DHAVE_BDWGC_GC -DBASELIB_INLINE_NAMESPACE=il2cpp_baselib -DIL2CPP_MONO_DEBUGGER_DISABLED -DRUNTIME_IL2CPP -DTARGET_ARM64 -DIL2CPP_ENABLE_WRITE_BARRIERS=1 -DIL2CPP_INCREMENTAL_TIME_SLICE=3 -D_DEBUG -I"." -I"Il2CppOutputProject/Source/il2cppOutput" -I"Il2CppOutputProject/IL2CPP/libil2cpp/pch" -I"Il2CppOutputProject/IL2CPP/libil2cpp" -I"Il2CppOutputProject/IL2CPP/external/baselib/Include" -I"Il2CppOutputProject/IL2CPP/libil2cpp/os/ClassLibraryPAL/brotli/include" -I"Il2CppOutputProject/IL2CPP/external/baselib/Platforms/IOS/Include" -o "Il2CppTempDirArtifacts/Debug/artifacts/arm64/actx/tyz5f44hidw0.o" -fcolor-diagnostics -stdlib=libc++ -arch arm64 -mios-version-min=11.0 -fno-strict-float-cast-overflow -c -x c++ "Il2CppOutputProject/Source/il2cppOutput/Unity.InputSystem__10.cpp"
[173/410    0s] C_iOS_arm64 Il2CppTempDirArtifacts/Debug/artifacts/arm64/actx/92gmg5zcd6w8.o
##### CommandLine
"/Applications/Xcode.app/Contents/Developer/Toolchains/XcodeDefault.xctoolchain/usr/bin/clang++" -std=c++17 -Wswitch -Wno-trigraphs -Wno-tautological-compare -Wno-invalid-offsetof -Wno-implicitly-unsigned-literal -Wno-integer-overflow -Wno-shift-negative-value -Wno-unknown-attributes -Wno-implicit-function-declaration -Wno-null-conversion -Wno-missing-declarations -Wno-unused-value -Wno-pragma-once-outside-header -Wno-unknown-warning-option -Wno-undef-prefix -fvisibility=hidden -isysroot "/Applications/Xcode.app/Contents/Developer/Platforms/iPhoneOS.platform/Developer/SDKs/iPhoneOS18.2.sdk" -fexceptions -frtti -g -O0 -fno-strict-overflow -ffunction-sections -fdata-sections -fmessage-length=0 -pipe -DIL2CPP_DEBUG=1 -DHAVE_BDWGC_GC -DBASELIB_INLINE_NAMESPACE=il2cpp_baselib -DIL2CPP_MONO_DEBUGGER_DISABLED -DRUNTIME_IL2CPP -DTARGET_ARM64 -DIL2CPP_ENABLE_WRITE_BARRIERS=1 -DIL2CPP_INCREMENTAL_TIME_SLICE=3 -D_DEBUG -I"." -I"Il2CppOutputProject/Source/il2cppOutput" -I"Il2CppOutputProject/IL2CPP/libil2cpp/pch" -I"Il2CppOutputProject/IL2CPP/libil2cpp" -I"Il2CppOutputProject/IL2CPP/external/baselib/Include" -I"Il2CppOutputProject/IL2CPP/libil2cpp/os/ClassLibraryPAL/brotli/include" -I"Il2CppOutputProject/IL2CPP/external/baselib/Platforms/IOS/Include" -o "Il2CppTempDirArtifacts/Debug/artifacts/arm64/actx/92gmg5zcd6w8.o" -fcolor-diagnostics -stdlib=libc++ -arch arm64 -mios-version-min=11.0 -fno-strict-float-cast-overflow -c -x c++ "Il2CppOutputProject/Source/il2cppOutput/Unity.Burst.Unsafe.cpp"
[174/410    0s] C_iOS_arm64 Il2CppTempDirArtifacts/Debug/artifacts/arm64/actx/2xi2o9bxqoxp.o
##### CommandLine
"/Applications/Xcode.app/Contents/Developer/Toolchains/XcodeDefault.xctoolchain/usr/bin/clang++" -std=c++17 -Wswitch -Wno-trigraphs -Wno-tautological-compare -Wno-invalid-offsetof -Wno-implicitly-unsigned-literal -Wno-integer-overflow -Wno-shift-negative-value -Wno-unknown-attributes -Wno-implicit-function-declaration -Wno-null-conversion -Wno-missing-declarations -Wno-unused-value -Wno-pragma-once-outside-header -Wno-unknown-warning-option -Wno-undef-prefix -fvisibility=hidden -isysroot "/Applications/Xcode.app/Contents/Developer/Platforms/iPhoneOS.platform/Developer/SDKs/iPhoneOS18.2.sdk" -fexceptions -frtti -g -O0 -fno-strict-overflow -ffunction-sections -fdata-sections -fmessage-length=0 -pipe -DIL2CPP_DEBUG=1 -DHAVE_BDWGC_GC -DBASELIB_INLINE_NAMESPACE=il2cpp_baselib -DIL2CPP_MONO_DEBUGGER_DISABLED -DRUNTIME_IL2CPP -DTARGET_ARM64 -DIL2CPP_ENABLE_WRITE_BARRIERS=1 -DIL2CPP_INCREMENTAL_TIME_SLICE=3 -D_DEBUG -I"." -I"Il2CppOutputProject/Source/il2cppOutput" -I"Il2CppOutputProject/IL2CPP/libil2cpp/pch" -I"Il2CppOutputProject/IL2CPP/libil2cpp" -I"Il2CppOutputProject/IL2CPP/external/baselib/Include" -I"Il2CppOutputProject/IL2CPP/libil2cpp/os/ClassLibraryPAL/brotli/include" -I"Il2CppOutputProject/IL2CPP/external/baselib/Platforms/IOS/Include" -o "Il2CppTempDirArtifacts/Debug/artifacts/arm64/actx/2xi2o9bxqoxp.o" -fcolor-diagnostics -stdlib=libc++ -arch arm64 -mios-version-min=11.0 -fno-strict-float-cast-overflow -c -x c++ "Il2CppOutputProject/Source/il2cppOutput/System__3.cpp"
[175/410    1s] C_iOS_arm64 Il2CppTempDirArtifacts/Debug/artifacts/arm64/actx/2gdftl9811yn.o
##### CommandLine
"/Applications/Xcode.app/Contents/Developer/Toolchains/XcodeDefault.xctoolchain/usr/bin/clang++" -std=c++17 -Wswitch -Wno-trigraphs -Wno-tautological-compare -Wno-invalid-offsetof -Wno-implicitly-unsigned-literal -Wno-integer-overflow -Wno-shift-negative-value -Wno-unknown-attributes -Wno-implicit-function-declaration -Wno-null-conversion -Wno-missing-declarations -Wno-unused-value -Wno-pragma-once-outside-header -Wno-unknown-warning-option -Wno-undef-prefix -fvisibility=hidden -isysroot "/Applications/Xcode.app/Contents/Developer/Platforms/iPhoneOS.platform/Developer/SDKs/iPhoneOS18.2.sdk" -fexceptions -frtti -g -O0 -fno-strict-overflow -ffunction-sections -fdata-sections -fmessage-length=0 -pipe -DIL2CPP_DEBUG=1 -DHAVE_BDWGC_GC -DBASELIB_INLINE_NAMESPACE=il2cpp_baselib -DIL2CPP_MONO_DEBUGGER_DISABLED -DRUNTIME_IL2CPP -DTARGET_ARM64 -DIL2CPP_ENABLE_WRITE_BARRIERS=1 -DIL2CPP_INCREMENTAL_TIME_SLICE=3 -D_DEBUG -I"." -I"Il2CppOutputProject/Source/il2cppOutput" -I"Il2CppOutputProject/IL2CPP/libil2cpp/pch" -I"Il2CppOutputProject/IL2CPP/libil2cpp" -I"Il2CppOutputProject/IL2CPP/external/baselib/Include" -I"Il2CppOutputProject/IL2CPP/libil2cpp/os/ClassLibraryPAL/brotli/include" -I"Il2CppOutputProject/IL2CPP/external/baselib/Platforms/IOS/Include" -o "Il2CppTempDirArtifacts/Debug/artifacts/arm64/actx/2gdftl9811yn.o" -fcolor-diagnostics -stdlib=libc++ -arch arm64 -mios-version-min=11.0 -fno-strict-float-cast-overflow -c -x c++ "Il2CppOutputProject/Source/il2cppOutput/Unity.InputSystem.cpp"
[176/410    0s] C_iOS_arm64 Il2CppTempDirArtifacts/Debug/artifacts/arm64/actx/fpcms1x28mxc.o
##### CommandLine
"/Applications/Xcode.app/Contents/Developer/Toolchains/XcodeDefault.xctoolchain/usr/bin/clang++" -std=c++17 -Wswitch -Wno-trigraphs -Wno-tautological-compare -Wno-invalid-offsetof -Wno-implicitly-unsigned-literal -Wno-integer-overflow -Wno-shift-negative-value -Wno-unknown-attributes -Wno-implicit-function-declaration -Wno-null-conversion -Wno-missing-declarations -Wno-unused-value -Wno-pragma-once-outside-header -Wno-unknown-warning-option -Wno-undef-prefix -fvisibility=hidden -isysroot "/Applications/Xcode.app/Contents/Developer/Platforms/iPhoneOS.platform/Developer/SDKs/iPhoneOS18.2.sdk" -fexceptions -frtti -g -O0 -fno-strict-overflow -ffunction-sections -fdata-sections -fmessage-length=0 -pipe -DIL2CPP_DEBUG=1 -DHAVE_BDWGC_GC -DBASELIB_INLINE_NAMESPACE=il2cpp_baselib -DIL2CPP_MONO_DEBUGGER_DISABLED -DRUNTIME_IL2CPP -DTARGET_ARM64 -DIL2CPP_ENABLE_WRITE_BARRIERS=1 -DIL2CPP_INCREMENTAL_TIME_SLICE=3 -D_DEBUG -I"." -I"Il2CppOutputProject/Source/il2cppOutput" -I"Il2CppOutputProject/IL2CPP/libil2cpp/pch" -I"Il2CppOutputProject/IL2CPP/libil2cpp" -I"Il2CppOutputProject/IL2CPP/external/baselib/Include" -I"Il2CppOutputProject/IL2CPP/libil2cpp/os/ClassLibraryPAL/brotli/include" -I"Il2CppOutputProject/IL2CPP/external/baselib/Platforms/IOS/Include" -o "Il2CppTempDirArtifacts/Debug/artifacts/arm64/actx/fpcms1x28mxc.o" -fcolor-diagnostics -stdlib=libc++ -arch arm64 -mios-version-min=11.0 -fno-strict-float-cast-overflow -c -x c++ "Il2CppOutputProject/Source/il2cppOutput/Unity.Burst__2.cpp"
[177/410    1s] C_iOS_arm64 Il2CppTempDirArtifacts/Debug/artifacts/arm64/actx/x3apkghxr0en.o
##### CommandLine
"/Applications/Xcode.app/Contents/Developer/Toolchains/XcodeDefault.xctoolchain/usr/bin/clang++" -std=c++17 -Wswitch -Wno-trigraphs -Wno-tautological-compare -Wno-invalid-offsetof -Wno-implicitly-unsigned-literal -Wno-integer-overflow -Wno-shift-negative-value -Wno-unknown-attributes -Wno-implicit-function-declaration -Wno-null-conversion -Wno-missing-declarations -Wno-unused-value -Wno-pragma-once-outside-header -Wno-unknown-warning-option -Wno-undef-prefix -fvisibility=hidden -isysroot "/Applications/Xcode.app/Contents/Developer/Platforms/iPhoneOS.platform/Developer/SDKs/iPhoneOS18.2.sdk" -fexceptions -frtti -g -O0 -fno-strict-overflow -ffunction-sections -fdata-sections -fmessage-length=0 -pipe -DIL2CPP_DEBUG=1 -DHAVE_BDWGC_GC -DBASELIB_INLINE_NAMESPACE=il2cpp_baselib -DIL2CPP_MONO_DEBUGGER_DISABLED -DRUNTIME_IL2CPP -DTARGET_ARM64 -DIL2CPP_ENABLE_WRITE_BARRIERS=1 -DIL2CPP_INCREMENTAL_TIME_SLICE=3 -D_DEBUG -I"." -I"Il2CppOutputProject/Source/il2cppOutput" -I"Il2CppOutputProject/IL2CPP/libil2cpp/pch" -I"Il2CppOutputProject/IL2CPP/libil2cpp" -I"Il2CppOutputProject/IL2CPP/external/baselib/Include" -I"Il2CppOutputProject/IL2CPP/libil2cpp/os/ClassLibraryPAL/brotli/include" -I"Il2CppOutputProject/IL2CPP/external/baselib/Platforms/IOS/Include" -o "Il2CppTempDirArtifacts/Debug/artifacts/arm64/actx/x3apkghxr0en.o" -fcolor-diagnostics -stdlib=libc++ -arch arm64 -mios-version-min=11.0 -fno-strict-float-cast-overflow -c -x c++ "Il2CppOutputProject/Source/il2cppOutput/Unity.Collections__1.cpp"
[178/410    1s] C_iOS_arm64 Il2CppTempDirArtifacts/Debug/artifacts/arm64/actx/ycvekx3s9rsa.o
##### CommandLine
"/Applications/Xcode.app/Contents/Developer/Toolchains/XcodeDefault.xctoolchain/usr/bin/clang++" -std=c++17 -Wswitch -Wno-trigraphs -Wno-tautological-compare -Wno-invalid-offsetof -Wno-implicitly-unsigned-literal -Wno-integer-overflow -Wno-shift-negative-value -Wno-unknown-attributes -Wno-implicit-function-declaration -Wno-null-conversion -Wno-missing-declarations -Wno-unused-value -Wno-pragma-once-outside-header -Wno-unknown-warning-option -Wno-undef-prefix -fvisibility=hidden -isysroot "/Applications/Xcode.app/Contents/Developer/Platforms/iPhoneOS.platform/Developer/SDKs/iPhoneOS18.2.sdk" -fexceptions -frtti -g -O0 -fno-strict-overflow -ffunction-sections -fdata-sections -fmessage-length=0 -pipe -DIL2CPP_DEBUG=1 -DHAVE_BDWGC_GC -DBASELIB_INLINE_NAMESPACE=il2cpp_baselib -DIL2CPP_MONO_DEBUGGER_DISABLED -DRUNTIME_IL2CPP -DTARGET_ARM64 -DIL2CPP_ENABLE_WRITE_BARRIERS=1 -DIL2CPP_INCREMENTAL_TIME_SLICE=3 -D_DEBUG -I"." -I"Il2CppOutputProject/Source/il2cppOutput" -I"Il2CppOutputProject/IL2CPP/libil2cpp/pch" -I"Il2CppOutputProject/IL2CPP/libil2cpp" -I"Il2CppOutputProject/IL2CPP/external/baselib/Include" -I"Il2CppOutputProject/IL2CPP/libil2cpp/os/ClassLibraryPAL/brotli/include" -I"Il2CppOutputProject/IL2CPP/external/baselib/Platforms/IOS/Include" -o "Il2CppTempDirArtifacts/Debug/artifacts/arm64/actx/ycvekx3s9rsa.o" -fcolor-diagnostics -stdlib=libc++ -arch arm64 -mios-version-min=11.0 -fno-strict-float-cast-overflow -c -x c++ "Il2CppOutputProject/Source/il2cppOutput/Unity.Collections.cpp"
[179/410    0s] C_iOS_arm64 Il2CppTempDirArtifacts/Debug/artifacts/arm64/actx/wgmuhq8mioiq.o
##### CommandLine
"/Applications/Xcode.app/Contents/Developer/Toolchains/XcodeDefault.xctoolchain/usr/bin/clang++" -std=c++17 -Wswitch -Wno-trigraphs -Wno-tautological-compare -Wno-invalid-offsetof -Wno-implicitly-unsigned-literal -Wno-integer-overflow -Wno-shift-negative-value -Wno-unknown-attributes -Wno-implicit-function-declaration -Wno-null-conversion -Wno-missing-declarations -Wno-unused-value -Wno-pragma-once-outside-header -Wno-unknown-warning-option -Wno-undef-prefix -fvisibility=hidden -isysroot "/Applications/Xcode.app/Contents/Developer/Platforms/iPhoneOS.platform/Developer/SDKs/iPhoneOS18.2.sdk" -fexceptions -frtti -g -O0 -fno-strict-overflow -ffunction-sections -fdata-sections -fmessage-length=0 -pipe -DIL2CPP_DEBUG=1 -DHAVE_BDWGC_GC -DBASELIB_INLINE_NAMESPACE=il2cpp_baselib -DIL2CPP_MONO_DEBUGGER_DISABLED -DRUNTIME_IL2CPP -DTARGET_ARM64 -DIL2CPP_ENABLE_WRITE_BARRIERS=1 -DIL2CPP_INCREMENTAL_TIME_SLICE=3 -D_DEBUG -I"." -I"Il2CppOutputProject/Source/il2cppOutput" -I"Il2CppOutputProject/IL2CPP/libil2cpp/pch" -I"Il2CppOutputProject/IL2CPP/libil2cpp" -I"Il2CppOutputProject/IL2CPP/external/baselib/Include" -I"Il2CppOutputProject/IL2CPP/libil2cpp/os/ClassLibraryPAL/brotli/include" -I"Il2CppOutputProject/IL2CPP/external/baselib/Platforms/IOS/Include" -o "Il2CppTempDirArtifacts/Debug/artifacts/arm64/actx/wgmuhq8mioiq.o" -fcolor-diagnostics -stdlib=libc++ -arch arm64 -mios-version-min=11.0 -fno-strict-float-cast-overflow -c -x c++ "Il2CppOutputProject/Source/il2cppOutput/System.Xml.cpp"
[180/410    0s] C_iOS_arm64 Il2CppTempDirArtifacts/Debug/artifacts/arm64/actx/mxm0f8o9a8ca.o
##### CommandLine
"/Applications/Xcode.app/Contents/Developer/Toolchains/XcodeDefault.xctoolchain/usr/bin/clang++" -std=c++17 -Wswitch -Wno-trigraphs -Wno-tautological-compare -Wno-invalid-offsetof -Wno-implicitly-unsigned-literal -Wno-integer-overflow -Wno-shift-negative-value -Wno-unknown-attributes -Wno-implicit-function-declaration -Wno-null-conversion -Wno-missing-declarations -Wno-unused-value -Wno-pragma-once-outside-header -Wno-unknown-warning-option -Wno-undef-prefix -fvisibility=hidden -isysroot "/Applications/Xcode.app/Contents/Developer/Platforms/iPhoneOS.platform/Developer/SDKs/iPhoneOS18.2.sdk" -fexceptions -frtti -g -O0 -fno-strict-overflow -ffunction-sections -fdata-sections -fmessage-length=0 -pipe -DIL2CPP_DEBUG=1 -DHAVE_BDWGC_GC -DBASELIB_INLINE_NAMESPACE=il2cpp_baselib -DIL2CPP_MONO_DEBUGGER_DISABLED -DRUNTIME_IL2CPP -DTARGET_ARM64 -DIL2CPP_ENABLE_WRITE_BARRIERS=1 -DIL2CPP_INCREMENTAL_TIME_SLICE=3 -D_DEBUG -I"." -I"Il2CppOutputProject/Source/il2cppOutput" -I"Il2CppOutputProject/IL2CPP/libil2cpp/pch" -I"Il2CppOutputProject/IL2CPP/libil2cpp" -I"Il2CppOutputProject/IL2CPP/external/baselib/Include" -I"Il2CppOutputProject/IL2CPP/libil2cpp/os/ClassLibraryPAL/brotli/include" -I"Il2CppOutputProject/IL2CPP/external/baselib/Platforms/IOS/Include" -o "Il2CppTempDirArtifacts/Debug/artifacts/arm64/actx/mxm0f8o9a8ca.o" -fcolor-diagnostics -stdlib=libc++ -arch arm64 -mios-version-min=11.0 -fno-strict-float-cast-overflow -c -x c++ "Il2CppOutputProject/Source/il2cppOutput/System.Runtime.CompilerServices.Unsafe.cpp"
[181/410    1s] C_iOS_arm64 Il2CppTempDirArtifacts/Debug/artifacts/arm64/actx/u98xcsj55ylt.o
##### CommandLine
"/Applications/Xcode.app/Contents/Developer/Toolchains/XcodeDefault.xctoolchain/usr/bin/clang++" -std=c++17 -Wswitch -Wno-trigraphs -Wno-tautological-compare -Wno-invalid-offsetof -Wno-implicitly-unsigned-literal -Wno-integer-overflow -Wno-shift-negative-value -Wno-unknown-attributes -Wno-implicit-function-declaration -Wno-null-conversion -Wno-missing-declarations -Wno-unused-value -Wno-pragma-once-outside-header -Wno-unknown-warning-option -Wno-undef-prefix -fvisibility=hidden -isysroot "/Applications/Xcode.app/Contents/Developer/Platforms/iPhoneOS.platform/Developer/SDKs/iPhoneOS18.2.sdk" -fexceptions -frtti -g -O0 -fno-strict-overflow -ffunction-sections -fdata-sections -fmessage-length=0 -pipe -DIL2CPP_DEBUG=1 -DHAVE_BDWGC_GC -DBASELIB_INLINE_NAMESPACE=il2cpp_baselib -DIL2CPP_MONO_DEBUGGER_DISABLED -DRUNTIME_IL2CPP -DTARGET_ARM64 -DIL2CPP_ENABLE_WRITE_BARRIERS=1 -DIL2CPP_INCREMENTAL_TIME_SLICE=3 -D_DEBUG -I"." -I"Il2CppOutputProject/Source/il2cppOutput" -I"Il2CppOutputProject/IL2CPP/libil2cpp/pch" -I"Il2CppOutputProject/IL2CPP/libil2cpp" -I"Il2CppOutputProject/IL2CPP/external/baselib/Include" -I"Il2CppOutputProject/IL2CPP/libil2cpp/os/ClassLibraryPAL/brotli/include" -I"Il2CppOutputProject/IL2CPP/external/baselib/Platforms/IOS/Include" -o "Il2CppTempDirArtifacts/Debug/artifacts/arm64/actx/u98xcsj55ylt.o" -fcolor-diagnostics -stdlib=libc++ -arch arm64 -mios-version-min=11.0 -fno-strict-float-cast-overflow -c -x c++ "Il2CppOutputProject/Source/il2cppOutput/Unity.Burst__1.cpp"
[182/410    0s] C_iOS_arm64 Il2CppTempDirArtifacts/Debug/artifacts/arm64/actx/0gefdpv7fyoj.o
##### CommandLine
"/Applications/Xcode.app/Contents/Developer/Toolchains/XcodeDefault.xctoolchain/usr/bin/clang++" -std=c++17 -Wswitch -Wno-trigraphs -Wno-tautological-compare -Wno-invalid-offsetof -Wno-implicitly-unsigned-literal -Wno-integer-overflow -Wno-shift-negative-value -Wno-unknown-attributes -Wno-implicit-function-declaration -Wno-null-conversion -Wno-missing-declarations -Wno-unused-value -Wno-pragma-once-outside-header -Wno-unknown-warning-option -Wno-undef-prefix -fvisibility=hidden -isysroot "/Applications/Xcode.app/Contents/Developer/Platforms/iPhoneOS.platform/Developer/SDKs/iPhoneOS18.2.sdk" -fexceptions -frtti -g -O0 -fno-strict-overflow -ffunction-sections -fdata-sections -fmessage-length=0 -pipe -DIL2CPP_DEBUG=1 -DHAVE_BDWGC_GC -DBASELIB_INLINE_NAMESPACE=il2cpp_baselib -DIL2CPP_MONO_DEBUGGER_DISABLED -DRUNTIME_IL2CPP -DTARGET_ARM64 -DIL2CPP_ENABLE_WRITE_BARRIERS=1 -DIL2CPP_INCREMENTAL_TIME_SLICE=3 -D_DEBUG -I"." -I"Il2CppOutputProject/Source/il2cppOutput" -I"Il2CppOutputProject/IL2CPP/libil2cpp/pch" -I"Il2CppOutputProject/IL2CPP/libil2cpp" -I"Il2CppOutputProject/IL2CPP/external/baselib/Include" -I"Il2CppOutputProject/IL2CPP/libil2cpp/os/ClassLibraryPAL/brotli/include" -I"Il2CppOutputProject/IL2CPP/external/baselib/Platforms/IOS/Include" -o "Il2CppTempDirArtifacts/Debug/artifacts/arm64/actx/0gefdpv7fyoj.o" -fcolor-diagnostics -stdlib=libc++ -arch arm64 -mios-version-min=11.0 -fno-strict-float-cast-overflow -c -x c++ "Il2CppOutputProject/Source/il2cppOutput/System.Core.cpp"
[183/410    0s] C_iOS_arm64 Il2CppTempDirArtifacts/Debug/artifacts/arm64/actx/jbmih461vatd.o
##### CommandLine
"/Applications/Xcode.app/Contents/Developer/Toolchains/XcodeDefault.xctoolchain/usr/bin/clang++" -std=c++17 -Wswitch -Wno-trigraphs -Wno-tautological-compare -Wno-invalid-offsetof -Wno-implicitly-unsigned-literal -Wno-integer-overflow -Wno-shift-negative-value -Wno-unknown-attributes -Wno-implicit-function-declaration -Wno-null-conversion -Wno-missing-declarations -Wno-unused-value -Wno-pragma-once-outside-header -Wno-unknown-warning-option -Wno-undef-prefix -fvisibility=hidden -isysroot "/Applications/Xcode.app/Contents/Developer/Platforms/iPhoneOS.platform/Developer/SDKs/iPhoneOS18.2.sdk" -fexceptions -frtti -g -O0 -fno-strict-overflow -ffunction-sections -fdata-sections -fmessage-length=0 -pipe -DIL2CPP_DEBUG=1 -DHAVE_BDWGC_GC -DBASELIB_INLINE_NAMESPACE=il2cpp_baselib -DIL2CPP_MONO_DEBUGGER_DISABLED -DRUNTIME_IL2CPP -DTARGET_ARM64 -DIL2CPP_ENABLE_WRITE_BARRIERS=1 -DIL2CPP_INCREMENTAL_TIME_SLICE=3 -D_DEBUG -I"." -I"Il2CppOutputProject/Source/il2cppOutput" -I"Il2CppOutputProject/IL2CPP/libil2cpp/pch" -I"Il2CppOutputProject/IL2CPP/libil2cpp" -I"Il2CppOutputProject/IL2CPP/external/baselib/Include" -I"Il2CppOutputProject/IL2CPP/libil2cpp/os/ClassLibraryPAL/brotli/include" -I"Il2CppOutputProject/IL2CPP/external/baselib/Platforms/IOS/Include" -o "Il2CppTempDirArtifacts/Debug/artifacts/arm64/actx/jbmih461vatd.o" -fcolor-diagnostics -stdlib=libc++ -arch arm64 -mios-version-min=11.0 -fno-strict-float-cast-overflow -c -x c++ "Il2CppOutputProject/Source/il2cppOutput/System.Configuration.cpp"
[184/410    0s] C_iOS_arm64 Il2CppTempDirArtifacts/Debug/artifacts/arm64/actx/1pyl4tvymmga.o
##### CommandLine
"/Applications/Xcode.app/Contents/Developer/Toolchains/XcodeDefault.xctoolchain/usr/bin/clang++" -std=c++17 -Wswitch -Wno-trigraphs -Wno-tautological-compare -Wno-invalid-offsetof -Wno-implicitly-unsigned-literal -Wno-integer-overflow -Wno-shift-negative-value -Wno-unknown-attributes -Wno-implicit-function-declaration -Wno-null-conversion -Wno-missing-declarations -Wno-unused-value -Wno-pragma-once-outside-header -Wno-unknown-warning-option -Wno-undef-prefix -fvisibility=hidden -isysroot "/Applications/Xcode.app/Contents/Developer/Platforms/iPhoneOS.platform/Developer/SDKs/iPhoneOS18.2.sdk" -fexceptions -frtti -g -O0 -fno-strict-overflow -ffunction-sections -fdata-sections -fmessage-length=0 -pipe -DIL2CPP_DEBUG=1 -DHAVE_BDWGC_GC -DBASELIB_INLINE_NAMESPACE=il2cpp_baselib -DIL2CPP_MONO_DEBUGGER_DISABLED -DRUNTIME_IL2CPP -DTARGET_ARM64 -DIL2CPP_ENABLE_WRITE_BARRIERS=1 -DIL2CPP_INCREMENTAL_TIME_SLICE=3 -D_DEBUG -I"." -I"Il2CppOutputProject/Source/il2cppOutput" -I"Il2CppOutputProject/IL2CPP/libil2cpp/pch" -I"Il2CppOutputProject/IL2CPP/libil2cpp" -I"Il2CppOutputProject/IL2CPP/external/baselib/Include" -I"Il2CppOutputProject/IL2CPP/libil2cpp/os/ClassLibraryPAL/brotli/include" -I"Il2CppOutputProject/IL2CPP/external/baselib/Platforms/IOS/Include" -o "Il2CppTempDirArtifacts/Debug/artifacts/arm64/actx/1pyl4tvymmga.o" -fcolor-diagnostics -stdlib=libc++ -arch arm64 -mios-version-min=11.0 -fno-strict-float-cast-overflow -c -x c++ "Il2CppOutputProject/Source/il2cppOutput/System__2.cpp"
[185/410    0s] C_iOS_arm64 Il2CppTempDirArtifacts/Debug/artifacts/arm64/actx/gavxokh1jy4q.o
##### CommandLine
"/Applications/Xcode.app/Contents/Developer/Toolchains/XcodeDefault.xctoolchain/usr/bin/clang++" -std=c++17 -Wswitch -Wno-trigraphs -Wno-tautological-compare -Wno-invalid-offsetof -Wno-implicitly-unsigned-literal -Wno-integer-overflow -Wno-shift-negative-value -Wno-unknown-attributes -Wno-implicit-function-declaration -Wno-null-conversion -Wno-missing-declarations -Wno-unused-value -Wno-pragma-once-outside-header -Wno-unknown-warning-option -Wno-undef-prefix -fvisibility=hidden -isysroot "/Applications/Xcode.app/Contents/Developer/Platforms/iPhoneOS.platform/Developer/SDKs/iPhoneOS18.2.sdk" -fexceptions -frtti -g -O0 -fno-strict-overflow -ffunction-sections -fdata-sections -fmessage-length=0 -pipe -DIL2CPP_DEBUG=1 -DHAVE_BDWGC_GC -DBASELIB_INLINE_NAMESPACE=il2cpp_baselib -DIL2CPP_MONO_DEBUGGER_DISABLED -DRUNTIME_IL2CPP -DTARGET_ARM64 -DIL2CPP_ENABLE_WRITE_BARRIERS=1 -DIL2CPP_INCREMENTAL_TIME_SLICE=3 -D_DEBUG -I"." -I"Il2CppOutputProject/Source/il2cppOutput" -I"Il2CppOutputProject/IL2CPP/libil2cpp/pch" -I"Il2CppOutputProject/IL2CPP/libil2cpp" -I"Il2CppOutputProject/IL2CPP/external/baselib/Include" -I"Il2CppOutputProject/IL2CPP/libil2cpp/os/ClassLibraryPAL/brotli/include" -I"Il2CppOutputProject/IL2CPP/external/baselib/Platforms/IOS/Include" -o "Il2CppTempDirArtifacts/Debug/artifacts/arm64/actx/gavxokh1jy4q.o" -fcolor-diagnostics -stdlib=libc++ -arch arm64 -mios-version-min=11.0 -fno-strict-float-cast-overflow -c -x c++ "Il2CppOutputProject/Source/il2cppOutput/System__1.cpp"
[186/410    1s] C_iOS_arm64 Il2CppTempDirArtifacts/Debug/artifacts/arm64/actx/1qzvcw78wze6.o
##### CommandLine
"/Applications/Xcode.app/Contents/Developer/Toolchains/XcodeDefault.xctoolchain/usr/bin/clang++" -std=c++17 -Wswitch -Wno-trigraphs -Wno-tautological-compare -Wno-invalid-offsetof -Wno-implicitly-unsigned-literal -Wno-integer-overflow -Wno-shift-negative-value -Wno-unknown-attributes -Wno-implicit-function-declaration -Wno-null-conversion -Wno-missing-declarations -Wno-unused-value -Wno-pragma-once-outside-header -Wno-unknown-warning-option -Wno-undef-prefix -fvisibility=hidden -isysroot "/Applications/Xcode.app/Contents/Developer/Platforms/iPhoneOS.platform/Developer/SDKs/iPhoneOS18.2.sdk" -fexceptions -frtti -g -O0 -fno-strict-overflow -ffunction-sections -fdata-sections -fmessage-length=0 -pipe -DIL2CPP_DEBUG=1 -DHAVE_BDWGC_GC -DBASELIB_INLINE_NAMESPACE=il2cpp_baselib -DIL2CPP_MONO_DEBUGGER_DISABLED -DRUNTIME_IL2CPP -DTARGET_ARM64 -DIL2CPP_ENABLE_WRITE_BARRIERS=1 -DIL2CPP_INCREMENTAL_TIME_SLICE=3 -D_DEBUG -I"." -I"Il2CppOutputProject/Source/il2cppOutput" -I"Il2CppOutputProject/IL2CPP/libil2cpp/pch" -I"Il2CppOutputProject/IL2CPP/libil2cpp" -I"Il2CppOutputProject/IL2CPP/external/baselib/Include" -I"Il2CppOutputProject/IL2CPP/libil2cpp/os/ClassLibraryPAL/brotli/include" -I"Il2CppOutputProject/IL2CPP/external/baselib/Platforms/IOS/Include" -o "Il2CppTempDirArtifacts/Debug/artifacts/arm64/actx/1qzvcw78wze6.o" -fcolor-diagnostics -stdlib=libc++ -arch arm64 -mios-version-min=11.0 -fno-strict-float-cast-overflow -c -x c++ "Il2CppOutputProject/Source/il2cppOutput/Unity.Burst.cpp"
[187/410    0s] C_iOS_arm64 Il2CppTempDirArtifacts/Debug/artifacts/arm64/actx/vay4xpsojqsd.o
##### CommandLine
"/Applications/Xcode.app/Contents/Developer/Toolchains/XcodeDefault.xctoolchain/usr/bin/clang++" -std=c++17 -Wswitch -Wno-trigraphs -Wno-tautological-compare -Wno-invalid-offsetof -Wno-implicitly-unsigned-literal -Wno-integer-overflow -Wno-shift-negative-value -Wno-unknown-attributes -Wno-implicit-function-declaration -Wno-null-conversion -Wno-missing-declarations -Wno-unused-value -Wno-pragma-once-outside-header -Wno-unknown-warning-option -Wno-undef-prefix -fvisibility=hidden -isysroot "/Applications/Xcode.app/Contents/Developer/Platforms/iPhoneOS.platform/Developer/SDKs/iPhoneOS18.2.sdk" -fexceptions -frtti -g -O0 -fno-strict-overflow -ffunction-sections -fdata-sections -fmessage-length=0 -pipe -DIL2CPP_DEBUG=1 -DHAVE_BDWGC_GC -DBASELIB_INLINE_NAMESPACE=il2cpp_baselib -DIL2CPP_MONO_DEBUGGER_DISABLED -DRUNTIME_IL2CPP -DTARGET_ARM64 -DIL2CPP_ENABLE_WRITE_BARRIERS=1 -DIL2CPP_INCREMENTAL_TIME_SLICE=3 -D_DEBUG -I"." -I"Il2CppOutputProject/Source/il2cppOutput" -I"Il2CppOutputProject/IL2CPP/libil2cpp/pch" -I"Il2CppOutputProject/IL2CPP/libil2cpp" -I"Il2CppOutputProject/IL2CPP/external/baselib/Include" -I"Il2CppOutputProject/IL2CPP/libil2cpp/os/ClassLibraryPAL/brotli/include" -I"Il2CppOutputProject/IL2CPP/external/baselib/Platforms/IOS/Include" -o "Il2CppTempDirArtifacts/Debug/artifacts/arm64/actx/vay4xpsojqsd.o" -fcolor-diagnostics -stdlib=libc++ -arch arm64 -mios-version-min=11.0 -fno-strict-float-cast-overflow -c -x c++ "Il2CppOutputProject/Source/il2cppOutput/System.cpp"
[188/410    0s] C_iOS_arm64 Il2CppTempDirArtifacts/Debug/artifacts/arm64/actx/iyqg9wnxxmfp.o
##### CommandLine
"/Applications/Xcode.app/Contents/Developer/Toolchains/XcodeDefault.xctoolchain/usr/bin/clang++" -std=c++17 -Wswitch -Wno-trigraphs -Wno-tautological-compare -Wno-invalid-offsetof -Wno-implicitly-unsigned-literal -Wno-integer-overflow -Wno-shift-negative-value -Wno-unknown-attributes -Wno-implicit-function-declaration -Wno-null-conversion -Wno-missing-declarations -Wno-unused-value -Wno-pragma-once-outside-header -Wno-unknown-warning-option -Wno-undef-prefix -fvisibility=hidden -isysroot "/Applications/Xcode.app/Contents/Developer/Platforms/iPhoneOS.platform/Developer/SDKs/iPhoneOS18.2.sdk" -fexceptions -frtti -g -O0 -fno-strict-overflow -ffunction-sections -fdata-sections -fmessage-length=0 -pipe -DIL2CPP_DEBUG=1 -DHAVE_BDWGC_GC -DBASELIB_INLINE_NAMESPACE=il2cpp_baselib -DIL2CPP_MONO_DEBUGGER_DISABLED -DRUNTIME_IL2CPP -DTARGET_ARM64 -DIL2CPP_ENABLE_WRITE_BARRIERS=1 -DIL2CPP_INCREMENTAL_TIME_SLICE=3 -D_DEBUG -I"." -I"Il2CppOutputProject/Source/il2cppOutput" -I"Il2CppOutputProject/IL2CPP/libil2cpp/pch" -I"Il2CppOutputProject/IL2CPP/libil2cpp" -I"Il2CppOutputProject/IL2CPP/external/baselib/Include" -I"Il2CppOutputProject/IL2CPP/libil2cpp/os/ClassLibraryPAL/brotli/include" -I"Il2CppOutputProject/IL2CPP/external/baselib/Platforms/IOS/Include" -o "Il2CppTempDirArtifacts/Debug/artifacts/arm64/actx/iyqg9wnxxmfp.o" -fcolor-diagnostics -stdlib=libc++ -arch arm64 -mios-version-min=11.0 -fno-strict-float-cast-overflow -c -x c++ "Il2CppOutputProject/Source/il2cppOutput/mscorlib__9.cpp"
[189/410    0s] C_iOS_arm64 Il2CppTempDirArtifacts/Debug/artifacts/arm64/actx/xinstn9zuy35.o
##### CommandLine
"/Applications/Xcode.app/Contents/Developer/Toolchains/XcodeDefault.xctoolchain/usr/bin/clang++" -std=c++17 -Wswitch -Wno-trigraphs -Wno-tautological-compare -Wno-invalid-offsetof -Wno-implicitly-unsigned-literal -Wno-integer-overflow -Wno-shift-negative-value -Wno-unknown-attributes -Wno-implicit-function-declaration -Wno-null-conversion -Wno-missing-declarations -Wno-unused-value -Wno-pragma-once-outside-header -Wno-unknown-warning-option -Wno-undef-prefix -fvisibility=hidden -isysroot "/Applications/Xcode.app/Contents/Developer/Platforms/iPhoneOS.platform/Developer/SDKs/iPhoneOS18.2.sdk" -fexceptions -frtti -g -O0 -fno-strict-overflow -ffunction-sections -fdata-sections -fmessage-length=0 -pipe -DIL2CPP_DEBUG=1 -DHAVE_BDWGC_GC -DBASELIB_INLINE_NAMESPACE=il2cpp_baselib -DIL2CPP_MONO_DEBUGGER_DISABLED -DRUNTIME_IL2CPP -DTARGET_ARM64 -DIL2CPP_ENABLE_WRITE_BARRIERS=1 -DIL2CPP_INCREMENTAL_TIME_SLICE=3 -D_DEBUG -I"." -I"Il2CppOutputProject/Source/il2cppOutput" -I"Il2CppOutputProject/IL2CPP/libil2cpp/pch" -I"Il2CppOutputProject/IL2CPP/libil2cpp" -I"Il2CppOutputProject/IL2CPP/external/baselib/Include" -I"Il2CppOutputProject/IL2CPP/libil2cpp/os/ClassLibraryPAL/brotli/include" -I"Il2CppOutputProject/IL2CPP/external/baselib/Platforms/IOS/Include" -o "Il2CppTempDirArtifacts/Debug/artifacts/arm64/actx/xinstn9zuy35.o" -fcolor-diagnostics -stdlib=libc++ -arch arm64 -mios-version-min=11.0 -fno-strict-float-cast-overflow -c -x c++ "Il2CppOutputProject/Source/il2cppOutput/mscorlib__8.cpp"
[190/410    0s] C_iOS_arm64 Il2CppTempDirArtifacts/Debug/artifacts/arm64/actx/bvzntye4n8a7.o
##### CommandLine
"/Applications/Xcode.app/Contents/Developer/Toolchains/XcodeDefault.xctoolchain/usr/bin/clang++" -std=c++17 -Wswitch -Wno-trigraphs -Wno-tautological-compare -Wno-invalid-offsetof -Wno-implicitly-unsigned-literal -Wno-integer-overflow -Wno-shift-negative-value -Wno-unknown-attributes -Wno-implicit-function-declaration -Wno-null-conversion -Wno-missing-declarations -Wno-unused-value -Wno-pragma-once-outside-header -Wno-unknown-warning-option -Wno-undef-prefix -fvisibility=hidden -isysroot "/Applications/Xcode.app/Contents/Developer/Platforms/iPhoneOS.platform/Developer/SDKs/iPhoneOS18.2.sdk" -fexceptions -frtti -g -O0 -fno-strict-overflow -ffunction-sections -fdata-sections -fmessage-length=0 -pipe -DIL2CPP_DEBUG=1 -DHAVE_BDWGC_GC -DBASELIB_INLINE_NAMESPACE=il2cpp_baselib -DIL2CPP_MONO_DEBUGGER_DISABLED -DRUNTIME_IL2CPP -DTARGET_ARM64 -DIL2CPP_ENABLE_WRITE_BARRIERS=1 -DIL2CPP_INCREMENTAL_TIME_SLICE=3 -D_DEBUG -I"." -I"Il2CppOutputProject/Source/il2cppOutput" -I"Il2CppOutputProject/IL2CPP/libil2cpp/pch" -I"Il2CppOutputProject/IL2CPP/libil2cpp" -I"Il2CppOutputProject/IL2CPP/external/baselib/Include" -I"Il2CppOutputProject/IL2CPP/libil2cpp/os/ClassLibraryPAL/brotli/include" -I"Il2CppOutputProject/IL2CPP/external/baselib/Platforms/IOS/Include" -o "Il2CppTempDirArtifacts/Debug/artifacts/arm64/actx/bvzntye4n8a7.o" -fcolor-diagnostics -stdlib=libc++ -arch arm64 -mios-version-min=11.0 -fno-strict-float-cast-overflow -c -x c++ "Il2CppOutputProject/Source/il2cppOutput/mscorlib__6.cpp"
[191/410    0s] C_iOS_arm64 Il2CppTempDirArtifacts/Debug/artifacts/arm64/actx/g1mxkhf5348d.o
##### CommandLine
"/Applications/Xcode.app/Contents/Developer/Toolchains/XcodeDefault.xctoolchain/usr/bin/clang++" -std=c++17 -Wswitch -Wno-trigraphs -Wno-tautological-compare -Wno-invalid-offsetof -Wno-implicitly-unsigned-literal -Wno-integer-overflow -Wno-shift-negative-value -Wno-unknown-attributes -Wno-implicit-function-declaration -Wno-null-conversion -Wno-missing-declarations -Wno-unused-value -Wno-pragma-once-outside-header -Wno-unknown-warning-option -Wno-undef-prefix -fvisibility=hidden -isysroot "/Applications/Xcode.app/Contents/Developer/Platforms/iPhoneOS.platform/Developer/SDKs/iPhoneOS18.2.sdk" -fexceptions -frtti -g -O0 -fno-strict-overflow -ffunction-sections -fdata-sections -fmessage-length=0 -pipe -DIL2CPP_DEBUG=1 -DHAVE_BDWGC_GC -DBASELIB_INLINE_NAMESPACE=il2cpp_baselib -DIL2CPP_MONO_DEBUGGER_DISABLED -DRUNTIME_IL2CPP -DTARGET_ARM64 -DIL2CPP_ENABLE_WRITE_BARRIERS=1 -DIL2CPP_INCREMENTAL_TIME_SLICE=3 -D_DEBUG -I"." -I"Il2CppOutputProject/Source/il2cppOutput" -I"Il2CppOutputProject/IL2CPP/libil2cpp/pch" -I"Il2CppOutputProject/IL2CPP/libil2cpp" -I"Il2CppOutputProject/IL2CPP/external/baselib/Include" -I"Il2CppOutputProject/IL2CPP/libil2cpp/os/ClassLibraryPAL/brotli/include" -I"Il2CppOutputProject/IL2CPP/external/baselib/Platforms/IOS/Include" -o "Il2CppTempDirArtifacts/Debug/artifacts/arm64/actx/g1mxkhf5348d.o" -fcolor-diagnostics -stdlib=libc++ -arch arm64 -mios-version-min=11.0 -fno-strict-float-cast-overflow -c -x c++ "Il2CppOutputProject/Source/il2cppOutput/mscorlib__18.cpp"
[192/410    0s] C_iOS_arm64 Il2CppTempDirArtifacts/Debug/artifacts/arm64/actx/anf78iy5j6tr.o
##### CommandLine
"/Applications/Xcode.app/Contents/Developer/Toolchains/XcodeDefault.xctoolchain/usr/bin/clang++" -std=c++17 -Wswitch -Wno-trigraphs -Wno-tautological-compare -Wno-invalid-offsetof -Wno-implicitly-unsigned-literal -Wno-integer-overflow -Wno-shift-negative-value -Wno-unknown-attributes -Wno-implicit-function-declaration -Wno-null-conversion -Wno-missing-declarations -Wno-unused-value -Wno-pragma-once-outside-header -Wno-unknown-warning-option -Wno-undef-prefix -fvisibility=hidden -isysroot "/Applications/Xcode.app/Contents/Developer/Platforms/iPhoneOS.platform/Developer/SDKs/iPhoneOS18.2.sdk" -fexceptions -frtti -g -O0 -fno-strict-overflow -ffunction-sections -fdata-sections -fmessage-length=0 -pipe -DIL2CPP_DEBUG=1 -DHAVE_BDWGC_GC -DBASELIB_INLINE_NAMESPACE=il2cpp_baselib -DIL2CPP_MONO_DEBUGGER_DISABLED -DRUNTIME_IL2CPP -DTARGET_ARM64 -DIL2CPP_ENABLE_WRITE_BARRIERS=1 -DIL2CPP_INCREMENTAL_TIME_SLICE=3 -D_DEBUG -I"." -I"Il2CppOutputProject/Source/il2cppOutput" -I"Il2CppOutputProject/IL2CPP/libil2cpp/pch" -I"Il2CppOutputProject/IL2CPP/libil2cpp" -I"Il2CppOutputProject/IL2CPP/external/baselib/Include" -I"Il2CppOutputProject/IL2CPP/libil2cpp/os/ClassLibraryPAL/brotli/include" -I"Il2CppOutputProject/IL2CPP/external/baselib/Platforms/IOS/Include" -o "Il2CppTempDirArtifacts/Debug/artifacts/arm64/actx/anf78iy5j6tr.o" -fcolor-diagnostics -stdlib=libc++ -arch arm64 -mios-version-min=11.0 -fno-strict-float-cast-overflow -c -x c++ "Il2CppOutputProject/Source/il2cppOutput/mscorlib__5.cpp"
[193/410    1s] C_iOS_arm64 Il2CppTempDirArtifacts/Debug/artifacts/arm64/actx/wa3b97s1qwmq.o
##### CommandLine
"/Applications/Xcode.app/Contents/Developer/Toolchains/XcodeDefault.xctoolchain/usr/bin/clang++" -std=c++17 -Wswitch -Wno-trigraphs -Wno-tautological-compare -Wno-invalid-offsetof -Wno-implicitly-unsigned-literal -Wno-integer-overflow -Wno-shift-negative-value -Wno-unknown-attributes -Wno-implicit-function-declaration -Wno-null-conversion -Wno-missing-declarations -Wno-unused-value -Wno-pragma-once-outside-header -Wno-unknown-warning-option -Wno-undef-prefix -fvisibility=hidden -isysroot "/Applications/Xcode.app/Contents/Developer/Platforms/iPhoneOS.platform/Developer/SDKs/iPhoneOS18.2.sdk" -fexceptions -frtti -g -O0 -fno-strict-overflow -ffunction-sections -fdata-sections -fmessage-length=0 -pipe -DIL2CPP_DEBUG=1 -DHAVE_BDWGC_GC -DBASELIB_INLINE_NAMESPACE=il2cpp_baselib -DIL2CPP_MONO_DEBUGGER_DISABLED -DRUNTIME_IL2CPP -DTARGET_ARM64 -DIL2CPP_ENABLE_WRITE_BARRIERS=1 -DIL2CPP_INCREMENTAL_TIME_SLICE=3 -D_DEBUG -I"." -I"Il2CppOutputProject/Source/il2cppOutput" -I"Il2CppOutputProject/IL2CPP/libil2cpp/pch" -I"Il2CppOutputProject/IL2CPP/libil2cpp" -I"Il2CppOutputProject/IL2CPP/external/baselib/Include" -I"Il2CppOutputProject/IL2CPP/libil2cpp/os/ClassLibraryPAL/brotli/include" -I"Il2CppOutputProject/IL2CPP/external/baselib/Platforms/IOS/Include" -o "Il2CppTempDirArtifacts/Debug/artifacts/arm64/actx/wa3b97s1qwmq.o" -fcolor-diagnostics -stdlib=libc++ -arch arm64 -mios-version-min=11.0 -fno-strict-float-cast-overflow -c -x c++ "Il2CppOutputProject/Source/il2cppOutput/mscorlib__7.cpp"
[194/410    0s] WriteText Il2CppTempDirArtifacts/Debug/artifacts/arm64/actx/libGameAssembly.objectfiles
[195/410    0s] C_iOS_arm64 Il2CppTempDirArtifacts/Debug/artifacts/arm64/actx/3joetkpcasp9.o
##### CommandLine
"/Applications/Xcode.app/Contents/Developer/Toolchains/XcodeDefault.xctoolchain/usr/bin/clang++" -std=c++17 -Wswitch -Wno-trigraphs -Wno-tautological-compare -Wno-invalid-offsetof -Wno-implicitly-unsigned-literal -Wno-integer-overflow -Wno-shift-negative-value -Wno-unknown-attributes -Wno-implicit-function-declaration -Wno-null-conversion -Wno-missing-declarations -Wno-unused-value -Wno-pragma-once-outside-header -Wno-unknown-warning-option -Wno-undef-prefix -fvisibility=hidden -isysroot "/Applications/Xcode.app/Contents/Developer/Platforms/iPhoneOS.platform/Developer/SDKs/iPhoneOS18.2.sdk" -fexceptions -frtti -g -O0 -fno-strict-overflow -ffunction-sections -fdata-sections -fmessage-length=0 -pipe -DIL2CPP_DEBUG=1 -DHAVE_BDWGC_GC -DBASELIB_INLINE_NAMESPACE=il2cpp_baselib -DIL2CPP_MONO_DEBUGGER_DISABLED -DRUNTIME_IL2CPP -DTARGET_ARM64 -DIL2CPP_ENABLE_WRITE_BARRIERS=1 -DIL2CPP_INCREMENTAL_TIME_SLICE=3 -D_DEBUG -I"." -I"Il2CppOutputProject/Source/il2cppOutput" -I"Il2CppOutputProject/IL2CPP/libil2cpp/pch" -I"Il2CppOutputProject/IL2CPP/libil2cpp" -I"Il2CppOutputProject/IL2CPP/external/baselib/Include" -I"Il2CppOutputProject/IL2CPP/libil2cpp/os/ClassLibraryPAL/brotli/include" -I"Il2CppOutputProject/IL2CPP/external/baselib/Platforms/IOS/Include" -o "Il2CppTempDirArtifacts/Debug/artifacts/arm64/actx/3joetkpcasp9.o" -fcolor-diagnostics -stdlib=libc++ -arch arm64 -mios-version-min=11.0 -fno-strict-float-cast-overflow -c -x c++ "Il2CppOutputProject/Source/il2cppOutput/mscorlib__2.cpp"
[196/410    0s] C_iOS_arm64 Il2CppTempDirArtifacts/Debug/artifacts/arm64/actx/4r8ud05aeu6o.o
##### CommandLine
"/Applications/Xcode.app/Contents/Developer/Toolchains/XcodeDefault.xctoolchain/usr/bin/clang++" -std=c++17 -Wswitch -Wno-trigraphs -Wno-tautological-compare -Wno-invalid-offsetof -Wno-implicitly-unsigned-literal -Wno-integer-overflow -Wno-shift-negative-value -Wno-unknown-attributes -Wno-implicit-function-declaration -Wno-null-conversion -Wno-missing-declarations -Wno-unused-value -Wno-pragma-once-outside-header -Wno-unknown-warning-option -Wno-undef-prefix -fvisibility=hidden -isysroot "/Applications/Xcode.app/Contents/Developer/Platforms/iPhoneOS.platform/Developer/SDKs/iPhoneOS18.2.sdk" -fexceptions -frtti -g -O0 -fno-strict-overflow -ffunction-sections -fdata-sections -fmessage-length=0 -pipe -DIL2CPP_DEBUG=1 -DHAVE_BDWGC_GC -DBASELIB_INLINE_NAMESPACE=il2cpp_baselib -DIL2CPP_MONO_DEBUGGER_DISABLED -DRUNTIME_IL2CPP -DTARGET_ARM64 -DIL2CPP_ENABLE_WRITE_BARRIERS=1 -DIL2CPP_INCREMENTAL_TIME_SLICE=3 -D_DEBUG -I"." -I"Il2CppOutputProject/Source/il2cppOutput" -I"Il2CppOutputProject/IL2CPP/libil2cpp/pch" -I"Il2CppOutputProject/IL2CPP/libil2cpp" -I"Il2CppOutputProject/IL2CPP/external/baselib/Include" -I"Il2CppOutputProject/IL2CPP/libil2cpp/os/ClassLibraryPAL/brotli/include" -I"Il2CppOutputProject/IL2CPP/external/baselib/Platforms/IOS/Include" -o "Il2CppTempDirArtifacts/Debug/artifacts/arm64/actx/4r8ud05aeu6o.o" -fcolor-diagnostics -stdlib=libc++ -arch arm64 -mios-version-min=11.0 -fno-strict-float-cast-overflow -c -x c++ "Il2CppOutputProject/Source/il2cppOutput/mscorlib__3.cpp"
[197/410    1s] C_iOS_arm64 Il2CppTempDirArtifacts/Debug/artifacts/arm64/actx/p7bjt9j8gii8.o
##### CommandLine
"/Applications/Xcode.app/Contents/Developer/Toolchains/XcodeDefault.xctoolchain/usr/bin/clang++" -std=c++17 -Wswitch -Wno-trigraphs -Wno-tautological-compare -Wno-invalid-offsetof -Wno-implicitly-unsigned-literal -Wno-integer-overflow -Wno-shift-negative-value -Wno-unknown-attributes -Wno-implicit-function-declaration -Wno-null-conversion -Wno-missing-declarations -Wno-unused-value -Wno-pragma-once-outside-header -Wno-unknown-warning-option -Wno-undef-prefix -fvisibility=hidden -isysroot "/Applications/Xcode.app/Contents/Developer/Platforms/iPhoneOS.platform/Developer/SDKs/iPhoneOS18.2.sdk" -fexceptions -frtti -g -O0 -fno-strict-overflow -ffunction-sections -fdata-sections -fmessage-length=0 -pipe -DIL2CPP_DEBUG=1 -DHAVE_BDWGC_GC -DBASELIB_INLINE_NAMESPACE=il2cpp_baselib -DIL2CPP_MONO_DEBUGGER_DISABLED -DRUNTIME_IL2CPP -DTARGET_ARM64 -DIL2CPP_ENABLE_WRITE_BARRIERS=1 -DIL2CPP_INCREMENTAL_TIME_SLICE=3 -D_DEBUG -I"." -I"Il2CppOutputProject/Source/il2cppOutput" -I"Il2CppOutputProject/IL2CPP/libil2cpp/pch" -I"Il2CppOutputProject/IL2CPP/libil2cpp" -I"Il2CppOutputProject/IL2CPP/external/baselib/Include" -I"Il2CppOutputProject/IL2CPP/libil2cpp/os/ClassLibraryPAL/brotli/include" -I"Il2CppOutputProject/IL2CPP/external/baselib/Platforms/IOS/Include" -o "Il2CppTempDirArtifacts/Debug/artifacts/arm64/actx/p7bjt9j8gii8.o" -fcolor-diagnostics -stdlib=libc++ -arch arm64 -mios-version-min=11.0 -fno-strict-float-cast-overflow -c -x c++ "Il2CppOutputProject/Source/il2cppOutput/mscorlib__4.cpp"
[198/410    0s] C_iOS_arm64 Il2CppTempDirArtifacts/Debug/artifacts/arm64/actx/vlj947070gxu.o
##### CommandLine
"/Applications/Xcode.app/Contents/Developer/Toolchains/XcodeDefault.xctoolchain/usr/bin/clang++" -std=c++17 -Wswitch -Wno-trigraphs -Wno-tautological-compare -Wno-invalid-offsetof -Wno-implicitly-unsigned-literal -Wno-integer-overflow -Wno-shift-negative-value -Wno-unknown-attributes -Wno-implicit-function-declaration -Wno-null-conversion -Wno-missing-declarations -Wno-unused-value -Wno-pragma-once-outside-header -Wno-unknown-warning-option -Wno-undef-prefix -fvisibility=hidden -isysroot "/Applications/Xcode.app/Contents/Developer/Platforms/iPhoneOS.platform/Developer/SDKs/iPhoneOS18.2.sdk" -fexceptions -frtti -g -O0 -fno-strict-overflow -ffunction-sections -fdata-sections -fmessage-length=0 -pipe -DIL2CPP_DEBUG=1 -DHAVE_BDWGC_GC -DBASELIB_INLINE_NAMESPACE=il2cpp_baselib -DIL2CPP_MONO_DEBUGGER_DISABLED -DRUNTIME_IL2CPP -DTARGET_ARM64 -DIL2CPP_ENABLE_WRITE_BARRIERS=1 -DIL2CPP_INCREMENTAL_TIME_SLICE=3 -D_DEBUG -I"." -I"Il2CppOutputProject/Source/il2cppOutput" -I"Il2CppOutputProject/IL2CPP/libil2cpp/pch" -I"Il2CppOutputProject/IL2CPP/libil2cpp" -I"Il2CppOutputProject/IL2CPP/external/baselib/Include" -I"Il2CppOutputProject/IL2CPP/libil2cpp/os/ClassLibraryPAL/brotli/include" -I"Il2CppOutputProject/IL2CPP/external/baselib/Platforms/IOS/Include" -o "Il2CppTempDirArtifacts/Debug/artifacts/arm64/actx/vlj947070gxu.o" -fcolor-diagnostics -stdlib=libc++ -arch arm64 -mios-version-min=11.0 -fno-strict-float-cast-overflow -c -x c++ "Il2CppOutputProject/Source/il2cppOutput/mscorlib__17.cpp"
[199/410    0s] C_iOS_arm64 Il2CppTempDirArtifacts/Debug/artifacts/arm64/actx/ttnfajvo6mru.o
##### CommandLine
"/Applications/Xcode.app/Contents/Developer/Toolchains/XcodeDefault.xctoolchain/usr/bin/clang++" -std=c++17 -Wswitch -Wno-trigraphs -Wno-tautological-compare -Wno-invalid-offsetof -Wno-implicitly-unsigned-literal -Wno-integer-overflow -Wno-shift-negative-value -Wno-unknown-attributes -Wno-implicit-function-declaration -Wno-null-conversion -Wno-missing-declarations -Wno-unused-value -Wno-pragma-once-outside-header -Wno-unknown-warning-option -Wno-undef-prefix -fvisibility=hidden -isysroot "/Applications/Xcode.app/Contents/Developer/Platforms/iPhoneOS.platform/Developer/SDKs/iPhoneOS18.2.sdk" -fexceptions -frtti -g -O0 -fno-strict-overflow -ffunction-sections -fdata-sections -fmessage-length=0 -pipe -DIL2CPP_DEBUG=1 -DHAVE_BDWGC_GC -DBASELIB_INLINE_NAMESPACE=il2cpp_baselib -DIL2CPP_MONO_DEBUGGER_DISABLED -DRUNTIME_IL2CPP -DTARGET_ARM64 -DIL2CPP_ENABLE_WRITE_BARRIERS=1 -DIL2CPP_INCREMENTAL_TIME_SLICE=3 -D_DEBUG -I"." -I"Il2CppOutputProject/Source/il2cppOutput" -I"Il2CppOutputProject/IL2CPP/libil2cpp/pch" -I"Il2CppOutputProject/IL2CPP/libil2cpp" -I"Il2CppOutputProject/IL2CPP/external/baselib/Include" -I"Il2CppOutputProject/IL2CPP/libil2cpp/os/ClassLibraryPAL/brotli/include" -I"Il2CppOutputProject/IL2CPP/external/baselib/Platforms/IOS/Include" -o "Il2CppTempDirArtifacts/Debug/artifacts/arm64/actx/ttnfajvo6mru.o" -fcolor-diagnostics -stdlib=libc++ -arch arm64 -mios-version-min=11.0 -fno-strict-float-cast-overflow -c -x c++ "Il2CppOutputProject/Source/il2cppOutput/Mono.Security.cpp"
[200/410    0s] C_iOS_arm64 Il2CppTempDirArtifacts/Debug/artifacts/arm64/actx/9xv44i6buq4v.o
##### CommandLine
"/Applications/Xcode.app/Contents/Developer/Toolchains/XcodeDefault.xctoolchain/usr/bin/clang++" -std=c++17 -Wswitch -Wno-trigraphs -Wno-tautological-compare -Wno-invalid-offsetof -Wno-implicitly-unsigned-literal -Wno-integer-overflow -Wno-shift-negative-value -Wno-unknown-attributes -Wno-implicit-function-declaration -Wno-null-conversion -Wno-missing-declarations -Wno-unused-value -Wno-pragma-once-outside-header -Wno-unknown-warning-option -Wno-undef-prefix -fvisibility=hidden -isysroot "/Applications/Xcode.app/Contents/Developer/Platforms/iPhoneOS.platform/Developer/SDKs/iPhoneOS18.2.sdk" -fexceptions -frtti -g -O0 -fno-strict-overflow -ffunction-sections -fdata-sections -fmessage-length=0 -pipe -DIL2CPP_DEBUG=1 -DHAVE_BDWGC_GC -DBASELIB_INLINE_NAMESPACE=il2cpp_baselib -DIL2CPP_MONO_DEBUGGER_DISABLED -DRUNTIME_IL2CPP -DTARGET_ARM64 -DIL2CPP_ENABLE_WRITE_BARRIERS=1 -DIL2CPP_INCREMENTAL_TIME_SLICE=3 -D_DEBUG -I"." -I"Il2CppOutputProject/Source/il2cppOutput" -I"Il2CppOutputProject/IL2CPP/libil2cpp/pch" -I"Il2CppOutputProject/IL2CPP/libil2cpp" -I"Il2CppOutputProject/IL2CPP/external/baselib/Include" -I"Il2CppOutputProject/IL2CPP/libil2cpp/os/ClassLibraryPAL/brotli/include" -I"Il2CppOutputProject/IL2CPP/external/baselib/Platforms/IOS/Include" -o "Il2CppTempDirArtifacts/Debug/artifacts/arm64/actx/9xv44i6buq4v.o" -fcolor-diagnostics -stdlib=libc++ -arch arm64 -mios-version-min=11.0 -fno-strict-float-cast-overflow -c -x c++ "Il2CppOutputProject/Source/il2cppOutput/mscorlib__15.cpp"
[201/410    0s] C_iOS_arm64 Il2CppTempDirArtifacts/Debug/artifacts/arm64/actx/a6flpymayslb.o
##### CommandLine
"/Applications/Xcode.app/Contents/Developer/Toolchains/XcodeDefault.xctoolchain/usr/bin/clang++" -std=c++17 -Wswitch -Wno-trigraphs -Wno-tautological-compare -Wno-invalid-offsetof -Wno-implicitly-unsigned-literal -Wno-integer-overflow -Wno-shift-negative-value -Wno-unknown-attributes -Wno-implicit-function-declaration -Wno-null-conversion -Wno-missing-declarations -Wno-unused-value -Wno-pragma-once-outside-header -Wno-unknown-warning-option -Wno-undef-prefix -fvisibility=hidden -isysroot "/Applications/Xcode.app/Contents/Developer/Platforms/iPhoneOS.platform/Developer/SDKs/iPhoneOS18.2.sdk" -fexceptions -frtti -g -O0 -fno-strict-overflow -ffunction-sections -fdata-sections -fmessage-length=0 -pipe -DIL2CPP_DEBUG=1 -DHAVE_BDWGC_GC -DBASELIB_INLINE_NAMESPACE=il2cpp_baselib -DIL2CPP_MONO_DEBUGGER_DISABLED -DRUNTIME_IL2CPP -DTARGET_ARM64 -DIL2CPP_ENABLE_WRITE_BARRIERS=1 -DIL2CPP_INCREMENTAL_TIME_SLICE=3 -D_DEBUG -I"." -I"Il2CppOutputProject/Source/il2cppOutput" -I"Il2CppOutputProject/IL2CPP/libil2cpp/pch" -I"Il2CppOutputProject/IL2CPP/libil2cpp" -I"Il2CppOutputProject/IL2CPP/external/baselib/Include" -I"Il2CppOutputProject/IL2CPP/libil2cpp/os/ClassLibraryPAL/brotli/include" -I"Il2CppOutputProject/IL2CPP/external/baselib/Platforms/IOS/Include" -o "Il2CppTempDirArtifacts/Debug/artifacts/arm64/actx/a6flpymayslb.o" -fcolor-diagnostics -stdlib=libc++ -arch arm64 -mios-version-min=11.0 -fno-strict-float-cast-overflow -c -x c++ "Il2CppOutputProject/Source/il2cppOutput/mscorlib__16.cpp"
[202/410    0s] C_iOS_arm64 Il2CppTempDirArtifacts/Debug/artifacts/arm64/actx/1ecj72iyxlue.o
##### CommandLine
"/Applications/Xcode.app/Contents/Developer/Toolchains/XcodeDefault.xctoolchain/usr/bin/clang++" -std=c++17 -Wswitch -Wno-trigraphs -Wno-tautological-compare -Wno-invalid-offsetof -Wno-implicitly-unsigned-literal -Wno-integer-overflow -Wno-shift-negative-value -Wno-unknown-attributes -Wno-implicit-function-declaration -Wno-null-conversion -Wno-missing-declarations -Wno-unused-value -Wno-pragma-once-outside-header -Wno-unknown-warning-option -Wno-undef-prefix -fvisibility=hidden -isysroot "/Applications/Xcode.app/Contents/Developer/Platforms/iPhoneOS.platform/Developer/SDKs/iPhoneOS18.2.sdk" -fexceptions -frtti -g -O0 -fno-strict-overflow -ffunction-sections -fdata-sections -fmessage-length=0 -pipe -DIL2CPP_DEBUG=1 -DHAVE_BDWGC_GC -DBASELIB_INLINE_NAMESPACE=il2cpp_baselib -DIL2CPP_MONO_DEBUGGER_DISABLED -DRUNTIME_IL2CPP -DTARGET_ARM64 -DIL2CPP_ENABLE_WRITE_BARRIERS=1 -DIL2CPP_INCREMENTAL_TIME_SLICE=3 -D_DEBUG -I"." -I"Il2CppOutputProject/Source/il2cppOutput" -I"Il2CppOutputProject/IL2CPP/libil2cpp/pch" -I"Il2CppOutputProject/IL2CPP/libil2cpp" -I"Il2CppOutputProject/IL2CPP/external/baselib/Include" -I"Il2CppOutputProject/IL2CPP/libil2cpp/os/ClassLibraryPAL/brotli/include" -I"Il2CppOutputProject/IL2CPP/external/baselib/Platforms/IOS/Include" -o "Il2CppTempDirArtifacts/Debug/artifacts/arm64/actx/1ecj72iyxlue.o" -fcolor-diagnostics -stdlib=libc++ -arch arm64 -mios-version-min=11.0 -fno-strict-float-cast-overflow -c -x c++ "Il2CppOutputProject/Source/il2cppOutput/LaMuralla.Unity__1.cpp"
[203/410    0s] C_iOS_arm64 Il2CppTempDirArtifacts/Debug/artifacts/arm64/actx/oisgp9rer2sc.o
##### CommandLine
"/Applications/Xcode.app/Contents/Developer/Toolchains/XcodeDefault.xctoolchain/usr/bin/clang++" -std=c++17 -Wswitch -Wno-trigraphs -Wno-tautological-compare -Wno-invalid-offsetof -Wno-implicitly-unsigned-literal -Wno-integer-overflow -Wno-shift-negative-value -Wno-unknown-attributes -Wno-implicit-function-declaration -Wno-null-conversion -Wno-missing-declarations -Wno-unused-value -Wno-pragma-once-outside-header -Wno-unknown-warning-option -Wno-undef-prefix -fvisibility=hidden -isysroot "/Applications/Xcode.app/Contents/Developer/Platforms/iPhoneOS.platform/Developer/SDKs/iPhoneOS18.2.sdk" -fexceptions -frtti -g -O0 -fno-strict-overflow -ffunction-sections -fdata-sections -fmessage-length=0 -pipe -DIL2CPP_DEBUG=1 -DHAVE_BDWGC_GC -DBASELIB_INLINE_NAMESPACE=il2cpp_baselib -DIL2CPP_MONO_DEBUGGER_DISABLED -DRUNTIME_IL2CPP -DTARGET_ARM64 -DIL2CPP_ENABLE_WRITE_BARRIERS=1 -DIL2CPP_INCREMENTAL_TIME_SLICE=3 -D_DEBUG -I"." -I"Il2CppOutputProject/Source/il2cppOutput" -I"Il2CppOutputProject/IL2CPP/libil2cpp/pch" -I"Il2CppOutputProject/IL2CPP/libil2cpp" -I"Il2CppOutputProject/IL2CPP/external/baselib/Include" -I"Il2CppOutputProject/IL2CPP/libil2cpp/os/ClassLibraryPAL/brotli/include" -I"Il2CppOutputProject/IL2CPP/external/baselib/Platforms/IOS/Include" -o "Il2CppTempDirArtifacts/Debug/artifacts/arm64/actx/oisgp9rer2sc.o" -fcolor-diagnostics -stdlib=libc++ -arch arm64 -mios-version-min=11.0 -fno-strict-float-cast-overflow -c -x c++ "Il2CppOutputProject/Source/il2cppOutput/mscorlib__14.cpp"
[204/410    0s] C_iOS_arm64 Il2CppTempDirArtifacts/Debug/artifacts/arm64/actx/2u4bpkxikc0d.o
##### CommandLine
"/Applications/Xcode.app/Contents/Developer/Toolchains/XcodeDefault.xctoolchain/usr/bin/clang++" -std=c++17 -Wswitch -Wno-trigraphs -Wno-tautological-compare -Wno-invalid-offsetof -Wno-implicitly-unsigned-literal -Wno-integer-overflow -Wno-shift-negative-value -Wno-unknown-attributes -Wno-implicit-function-declaration -Wno-null-conversion -Wno-missing-declarations -Wno-unused-value -Wno-pragma-once-outside-header -Wno-unknown-warning-option -Wno-undef-prefix -fvisibility=hidden -isysroot "/Applications/Xcode.app/Contents/Developer/Platforms/iPhoneOS.platform/Developer/SDKs/iPhoneOS18.2.sdk" -fexceptions -frtti -g -O0 -fno-strict-overflow -ffunction-sections -fdata-sections -fmessage-length=0 -pipe -DIL2CPP_DEBUG=1 -DHAVE_BDWGC_GC -DBASELIB_INLINE_NAMESPACE=il2cpp_baselib -DIL2CPP_MONO_DEBUGGER_DISABLED -DRUNTIME_IL2CPP -DTARGET_ARM64 -DIL2CPP_ENABLE_WRITE_BARRIERS=1 -DIL2CPP_INCREMENTAL_TIME_SLICE=3 -D_DEBUG -I"." -I"Il2CppOutputProject/Source/il2cppOutput" -I"Il2CppOutputProject/IL2CPP/libil2cpp/pch" -I"Il2CppOutputProject/IL2CPP/libil2cpp" -I"Il2CppOutputProject/IL2CPP/external/baselib/Include" -I"Il2CppOutputProject/IL2CPP/libil2cpp/os/ClassLibraryPAL/brotli/include" -I"Il2CppOutputProject/IL2CPP/external/baselib/Platforms/IOS/Include" -o "Il2CppTempDirArtifacts/Debug/artifacts/arm64/actx/2u4bpkxikc0d.o" -fcolor-diagnostics -stdlib=libc++ -arch arm64 -mios-version-min=11.0 -fno-strict-float-cast-overflow -c -x c++ "Il2CppOutputProject/Source/il2cppOutput/mscorlib__12.cpp"
[205/410    0s] C_iOS_arm64 Il2CppTempDirArtifacts/Debug/artifacts/arm64/actx/32os9zdhoeht.o
##### CommandLine
"/Applications/Xcode.app/Contents/Developer/Toolchains/XcodeDefault.xctoolchain/usr/bin/clang++" -std=c++17 -Wswitch -Wno-trigraphs -Wno-tautological-compare -Wno-invalid-offsetof -Wno-implicitly-unsigned-literal -Wno-integer-overflow -Wno-shift-negative-value -Wno-unknown-attributes -Wno-implicit-function-declaration -Wno-null-conversion -Wno-missing-declarations -Wno-unused-value -Wno-pragma-once-outside-header -Wno-unknown-warning-option -Wno-undef-prefix -fvisibility=hidden -isysroot "/Applications/Xcode.app/Contents/Developer/Platforms/iPhoneOS.platform/Developer/SDKs/iPhoneOS18.2.sdk" -fexceptions -frtti -g -O0 -fno-strict-overflow -ffunction-sections -fdata-sections -fmessage-length=0 -pipe -DIL2CPP_DEBUG=1 -DHAVE_BDWGC_GC -DBASELIB_INLINE_NAMESPACE=il2cpp_baselib -DIL2CPP_MONO_DEBUGGER_DISABLED -DRUNTIME_IL2CPP -DTARGET_ARM64 -DIL2CPP_ENABLE_WRITE_BARRIERS=1 -DIL2CPP_INCREMENTAL_TIME_SLICE=3 -D_DEBUG -I"." -I"Il2CppOutputProject/Source/il2cppOutput" -I"Il2CppOutputProject/IL2CPP/libil2cpp/pch" -I"Il2CppOutputProject/IL2CPP/libil2cpp" -I"Il2CppOutputProject/IL2CPP/external/baselib/Include" -I"Il2CppOutputProject/IL2CPP/libil2cpp/os/ClassLibraryPAL/brotli/include" -I"Il2CppOutputProject/IL2CPP/external/baselib/Platforms/IOS/Include" -o "Il2CppTempDirArtifacts/Debug/artifacts/arm64/actx/32os9zdhoeht.o" -fcolor-diagnostics -stdlib=libc++ -arch arm64 -mios-version-min=11.0 -fno-strict-float-cast-overflow -c -x c++ "Il2CppOutputProject/Source/il2cppOutput/mscorlib__13.cpp"
[206/410    0s] C_iOS_arm64 Il2CppTempDirArtifacts/Debug/artifacts/arm64/actx/ni1q8bo9lzx2.o
##### CommandLine
"/Applications/Xcode.app/Contents/Developer/Toolchains/XcodeDefault.xctoolchain/usr/bin/clang++" -std=c++17 -Wswitch -Wno-trigraphs -Wno-tautological-compare -Wno-invalid-offsetof -Wno-implicitly-unsigned-literal -Wno-integer-overflow -Wno-shift-negative-value -Wno-unknown-attributes -Wno-implicit-function-declaration -Wno-null-conversion -Wno-missing-declarations -Wno-unused-value -Wno-pragma-once-outside-header -Wno-unknown-warning-option -Wno-undef-prefix -fvisibility=hidden -isysroot "/Applications/Xcode.app/Contents/Developer/Platforms/iPhoneOS.platform/Developer/SDKs/iPhoneOS18.2.sdk" -fexceptions -frtti -g -O0 -fno-strict-overflow -ffunction-sections -fdata-sections -fmessage-length=0 -pipe -DIL2CPP_DEBUG=1 -DHAVE_BDWGC_GC -DBASELIB_INLINE_NAMESPACE=il2cpp_baselib -DIL2CPP_MONO_DEBUGGER_DISABLED -DRUNTIME_IL2CPP -DTARGET_ARM64 -DIL2CPP_ENABLE_WRITE_BARRIERS=1 -DIL2CPP_INCREMENTAL_TIME_SLICE=3 -D_DEBUG -I"." -I"Il2CppOutputProject/Source/il2cppOutput" -I"Il2CppOutputProject/IL2CPP/libil2cpp/pch" -I"Il2CppOutputProject/IL2CPP/libil2cpp" -I"Il2CppOutputProject/IL2CPP/external/baselib/Include" -I"Il2CppOutputProject/IL2CPP/libil2cpp/os/ClassLibraryPAL/brotli/include" -I"Il2CppOutputProject/IL2CPP/external/baselib/Platforms/IOS/Include" -o "Il2CppTempDirArtifacts/Debug/artifacts/arm64/actx/ni1q8bo9lzx2.o" -fcolor-diagnostics -stdlib=libc++ -arch arm64 -mios-version-min=11.0 -fno-strict-float-cast-overflow -c -x c++ "Il2CppOutputProject/Source/il2cppOutput/LaMuralla.Core__1.cpp"
[207/410    1s] C_iOS_arm64 Il2CppTempDirArtifacts/Debug/artifacts/arm64/actx/g7g7ov2mdm7e.o
##### CommandLine
"/Applications/Xcode.app/Contents/Developer/Toolchains/XcodeDefault.xctoolchain/usr/bin/clang++" -std=c++17 -Wswitch -Wno-trigraphs -Wno-tautological-compare -Wno-invalid-offsetof -Wno-implicitly-unsigned-literal -Wno-integer-overflow -Wno-shift-negative-value -Wno-unknown-attributes -Wno-implicit-function-declaration -Wno-null-conversion -Wno-missing-declarations -Wno-unused-value -Wno-pragma-once-outside-header -Wno-unknown-warning-option -Wno-undef-prefix -fvisibility=hidden -isysroot "/Applications/Xcode.app/Contents/Developer/Platforms/iPhoneOS.platform/Developer/SDKs/iPhoneOS18.2.sdk" -fexceptions -frtti -g -O0 -fno-strict-overflow -ffunction-sections -fdata-sections -fmessage-length=0 -pipe -DIL2CPP_DEBUG=1 -DHAVE_BDWGC_GC -DBASELIB_INLINE_NAMESPACE=il2cpp_baselib -DIL2CPP_MONO_DEBUGGER_DISABLED -DRUNTIME_IL2CPP -DTARGET_ARM64 -DIL2CPP_ENABLE_WRITE_BARRIERS=1 -DIL2CPP_INCREMENTAL_TIME_SLICE=3 -D_DEBUG -I"." -I"Il2CppOutputProject/Source/il2cppOutput" -I"Il2CppOutputProject/IL2CPP/libil2cpp/pch" -I"Il2CppOutputProject/IL2CPP/libil2cpp" -I"Il2CppOutputProject/IL2CPP/external/baselib/Include" -I"Il2CppOutputProject/IL2CPP/libil2cpp/os/ClassLibraryPAL/brotli/include" -I"Il2CppOutputProject/IL2CPP/external/baselib/Platforms/IOS/Include" -o "Il2CppTempDirArtifacts/Debug/artifacts/arm64/actx/g7g7ov2mdm7e.o" -fcolor-diagnostics -stdlib=libc++ -arch arm64 -mios-version-min=11.0 -fno-strict-float-cast-overflow -c -x c++ "Il2CppOutputProject/Source/il2cppOutput/mscorlib__10.cpp"
[208/410    0s] C_iOS_arm64 Il2CppTempDirArtifacts/Debug/artifacts/arm64/actx/hf5wikhtuadh.o
##### CommandLine
"/Applications/Xcode.app/Contents/Developer/Toolchains/XcodeDefault.xctoolchain/usr/bin/clang++" -std=c++17 -Wswitch -Wno-trigraphs -Wno-tautological-compare -Wno-invalid-offsetof -Wno-implicitly-unsigned-literal -Wno-integer-overflow -Wno-shift-negative-value -Wno-unknown-attributes -Wno-implicit-function-declaration -Wno-null-conversion -Wno-missing-declarations -Wno-unused-value -Wno-pragma-once-outside-header -Wno-unknown-warning-option -Wno-undef-prefix -fvisibility=hidden -isysroot "/Applications/Xcode.app/Contents/Developer/Platforms/iPhoneOS.platform/Developer/SDKs/iPhoneOS18.2.sdk" -fexceptions -frtti -g -O0 -fno-strict-overflow -ffunction-sections -fdata-sections -fmessage-length=0 -pipe -DIL2CPP_DEBUG=1 -DHAVE_BDWGC_GC -DBASELIB_INLINE_NAMESPACE=il2cpp_baselib -DIL2CPP_MONO_DEBUGGER_DISABLED -DRUNTIME_IL2CPP -DTARGET_ARM64 -DIL2CPP_ENABLE_WRITE_BARRIERS=1 -DIL2CPP_INCREMENTAL_TIME_SLICE=3 -D_DEBUG -I"." -I"Il2CppOutputProject/Source/il2cppOutput" -I"Il2CppOutputProject/IL2CPP/libil2cpp/pch" -I"Il2CppOutputProject/IL2CPP/libil2cpp" -I"Il2CppOutputProject/IL2CPP/external/baselib/Include" -I"Il2CppOutputProject/IL2CPP/libil2cpp/os/ClassLibraryPAL/brotli/include" -I"Il2CppOutputProject/IL2CPP/external/baselib/Platforms/IOS/Include" -o "Il2CppTempDirArtifacts/Debug/artifacts/arm64/actx/hf5wikhtuadh.o" -fcolor-diagnostics -stdlib=libc++ -arch arm64 -mios-version-min=11.0 -fno-strict-float-cast-overflow -c -x c++ "Il2CppOutputProject/Source/il2cppOutput/mscorlib.cpp"
[209/410    1s] C_iOS_arm64 Il2CppTempDirArtifacts/Debug/artifacts/arm64/actx/i4kqdbbf73dq.o
##### CommandLine
"/Applications/Xcode.app/Contents/Developer/Toolchains/XcodeDefault.xctoolchain/usr/bin/clang++" -std=c++17 -Wswitch -Wno-trigraphs -Wno-tautological-compare -Wno-invalid-offsetof -Wno-implicitly-unsigned-literal -Wno-integer-overflow -Wno-shift-negative-value -Wno-unknown-attributes -Wno-implicit-function-declaration -Wno-null-conversion -Wno-missing-declarations -Wno-unused-value -Wno-pragma-once-outside-header -Wno-unknown-warning-option -Wno-undef-prefix -fvisibility=hidden -isysroot "/Applications/Xcode.app/Contents/Developer/Platforms/iPhoneOS.platform/Developer/SDKs/iPhoneOS18.2.sdk" -fexceptions -frtti -g -O0 -fno-strict-overflow -ffunction-sections -fdata-sections -fmessage-length=0 -pipe -DIL2CPP_DEBUG=1 -DHAVE_BDWGC_GC -DBASELIB_INLINE_NAMESPACE=il2cpp_baselib -DIL2CPP_MONO_DEBUGGER_DISABLED -DRUNTIME_IL2CPP -DTARGET_ARM64 -DIL2CPP_ENABLE_WRITE_BARRIERS=1 -DIL2CPP_INCREMENTAL_TIME_SLICE=3 -D_DEBUG -I"." -I"Il2CppOutputProject/Source/il2cppOutput" -I"Il2CppOutputProject/IL2CPP/libil2cpp/pch" -I"Il2CppOutputProject/IL2CPP/libil2cpp" -I"Il2CppOutputProject/IL2CPP/external/baselib/Include" -I"Il2CppOutputProject/IL2CPP/libil2cpp/os/ClassLibraryPAL/brotli/include" -I"Il2CppOutputProject/IL2CPP/external/baselib/Platforms/IOS/Include" -o "Il2CppTempDirArtifacts/Debug/artifacts/arm64/actx/i4kqdbbf73dq.o" -fcolor-diagnostics -stdlib=libc++ -arch arm64 -mios-version-min=11.0 -fno-strict-float-cast-overflow -c -x c++ "Il2CppOutputProject/Source/il2cppOutput/mscorlib__1.cpp"
[210/410    0s] C_iOS_arm64 Il2CppTempDirArtifacts/Debug/artifacts/arm64/actx/5xogrcz6ef0l.o
##### CommandLine
"/Applications/Xcode.app/Contents/Developer/Toolchains/XcodeDefault.xctoolchain/usr/bin/clang++" -std=c++17 -Wswitch -Wno-trigraphs -Wno-tautological-compare -Wno-invalid-offsetof -Wno-implicitly-unsigned-literal -Wno-integer-overflow -Wno-shift-negative-value -Wno-unknown-attributes -Wno-implicit-function-declaration -Wno-null-conversion -Wno-missing-declarations -Wno-unused-value -Wno-pragma-once-outside-header -Wno-unknown-warning-option -Wno-undef-prefix -fvisibility=hidden -isysroot "/Applications/Xcode.app/Contents/Developer/Platforms/iPhoneOS.platform/Developer/SDKs/iPhoneOS18.2.sdk" -fexceptions -frtti -g -O0 -fno-strict-overflow -ffunction-sections -fdata-sections -fmessage-length=0 -pipe -DIL2CPP_DEBUG=1 -DHAVE_BDWGC_GC -DBASELIB_INLINE_NAMESPACE=il2cpp_baselib -DIL2CPP_MONO_DEBUGGER_DISABLED -DRUNTIME_IL2CPP -DTARGET_ARM64 -DIL2CPP_ENABLE_WRITE_BARRIERS=1 -DIL2CPP_INCREMENTAL_TIME_SLICE=3 -D_DEBUG -I"." -I"Il2CppOutputProject/Source/il2cppOutput" -I"Il2CppOutputProject/IL2CPP/libil2cpp/pch" -I"Il2CppOutputProject/IL2CPP/libil2cpp" -I"Il2CppOutputProject/IL2CPP/external/baselib/Include" -I"Il2CppOutputProject/IL2CPP/libil2cpp/os/ClassLibraryPAL/brotli/include" -I"Il2CppOutputProject/IL2CPP/external/baselib/Platforms/IOS/Include" -o "Il2CppTempDirArtifacts/Debug/artifacts/arm64/actx/5xogrcz6ef0l.o" -fcolor-diagnostics -stdlib=libc++ -arch arm64 -mios-version-min=11.0 -fno-strict-float-cast-overflow -c -x c++ "Il2CppOutputProject/Source/il2cppOutput/Il2CppReversePInvokeWrapperTable.cpp"
[211/410    0s] C_iOS_arm64 Il2CppTempDirArtifacts/Debug/artifacts/arm64/actx/668r09hanuou.o
##### CommandLine
"/Applications/Xcode.app/Contents/Developer/Toolchains/XcodeDefault.xctoolchain/usr/bin/clang++" -std=c++17 -Wswitch -Wno-trigraphs -Wno-tautological-compare -Wno-invalid-offsetof -Wno-implicitly-unsigned-literal -Wno-integer-overflow -Wno-shift-negative-value -Wno-unknown-attributes -Wno-implicit-function-declaration -Wno-null-conversion -Wno-missing-declarations -Wno-unused-value -Wno-pragma-once-outside-header -Wno-unknown-warning-option -Wno-undef-prefix -fvisibility=hidden -isysroot "/Applications/Xcode.app/Contents/Developer/Platforms/iPhoneOS.platform/Developer/SDKs/iPhoneOS18.2.sdk" -fexceptions -frtti -g -O0 -fno-strict-overflow -ffunction-sections -fdata-sections -fmessage-length=0 -pipe -DIL2CPP_DEBUG=1 -DHAVE_BDWGC_GC -DBASELIB_INLINE_NAMESPACE=il2cpp_baselib -DIL2CPP_MONO_DEBUGGER_DISABLED -DRUNTIME_IL2CPP -DTARGET_ARM64 -DIL2CPP_ENABLE_WRITE_BARRIERS=1 -DIL2CPP_INCREMENTAL_TIME_SLICE=3 -D_DEBUG -I"." -I"Il2CppOutputProject/Source/il2cppOutput" -I"Il2CppOutputProject/IL2CPP/libil2cpp/pch" -I"Il2CppOutputProject/IL2CPP/libil2cpp" -I"Il2CppOutputProject/IL2CPP/external/baselib/Include" -I"Il2CppOutputProject/IL2CPP/libil2cpp/os/ClassLibraryPAL/brotli/include" -I"Il2CppOutputProject/IL2CPP/external/baselib/Platforms/IOS/Include" -o "Il2CppTempDirArtifacts/Debug/artifacts/arm64/actx/668r09hanuou.o" -fcolor-diagnostics -stdlib=libc++ -arch arm64 -mios-version-min=11.0 -fno-strict-float-cast-overflow -c -x c++ "Il2CppOutputProject/Source/il2cppOutput/Il2CppCodeRegistration.cpp"
[212/410    0s] C_iOS_arm64 Il2CppTempDirArtifacts/Debug/artifacts/arm64/actx/fpq2yv0eclm2.o
##### CommandLine
"/Applications/Xcode.app/Contents/Developer/Toolchains/XcodeDefault.xctoolchain/usr/bin/clang++" -std=c++17 -Wswitch -Wno-trigraphs -Wno-tautological-compare -Wno-invalid-offsetof -Wno-implicitly-unsigned-literal -Wno-integer-overflow -Wno-shift-negative-value -Wno-unknown-attributes -Wno-implicit-function-declaration -Wno-null-conversion -Wno-missing-declarations -Wno-unused-value -Wno-pragma-once-outside-header -Wno-unknown-warning-option -Wno-undef-prefix -fvisibility=hidden -isysroot "/Applications/Xcode.app/Contents/Developer/Platforms/iPhoneOS.platform/Developer/SDKs/iPhoneOS18.2.sdk" -fexceptions -frtti -g -O0 -fno-strict-overflow -ffunction-sections -fdata-sections -fmessage-length=0 -pipe -DIL2CPP_DEBUG=1 -DHAVE_BDWGC_GC -DBASELIB_INLINE_NAMESPACE=il2cpp_baselib -DIL2CPP_MONO_DEBUGGER_DISABLED -DRUNTIME_IL2CPP -DTARGET_ARM64 -DIL2CPP_ENABLE_WRITE_BARRIERS=1 -DIL2CPP_INCREMENTAL_TIME_SLICE=3 -D_DEBUG -I"." -I"Il2CppOutputProject/Source/il2cppOutput" -I"Il2CppOutputProject/IL2CPP/libil2cpp/pch" -I"Il2CppOutputProject/IL2CPP/libil2cpp" -I"Il2CppOutputProject/IL2CPP/external/baselib/Include" -I"Il2CppOutputProject/IL2CPP/libil2cpp/os/ClassLibraryPAL/brotli/include" -I"Il2CppOutputProject/IL2CPP/external/baselib/Platforms/IOS/Include" -o "Il2CppTempDirArtifacts/Debug/artifacts/arm64/actx/fpq2yv0eclm2.o" -fcolor-diagnostics -stdlib=libc++ -arch arm64 -mios-version-min=11.0 -fno-strict-float-cast-overflow -c -x c++ "Il2CppOutputProject/Source/il2cppOutput/Il2CppInteropDataTable.cpp"
[213/410    1s] C_iOS_arm64 Il2CppTempDirArtifacts/Debug/artifacts/arm64/actx/e1ql0l0dbnqk.o
##### CommandLine
"/Applications/Xcode.app/Contents/Developer/Toolchains/XcodeDefault.xctoolchain/usr/bin/clang++" -std=c++17 -Wswitch -Wno-trigraphs -Wno-tautological-compare -Wno-invalid-offsetof -Wno-implicitly-unsigned-literal -Wno-integer-overflow -Wno-shift-negative-value -Wno-unknown-attributes -Wno-implicit-function-declaration -Wno-null-conversion -Wno-missing-declarations -Wno-unused-value -Wno-pragma-once-outside-header -Wno-unknown-warning-option -Wno-undef-prefix -fvisibility=hidden -isysroot "/Applications/Xcode.app/Contents/Developer/Platforms/iPhoneOS.platform/Developer/SDKs/iPhoneOS18.2.sdk" -fexceptions -frtti -g -O0 -fno-strict-overflow -ffunction-sections -fdata-sections -fmessage-length=0 -pipe -DIL2CPP_DEBUG=1 -DHAVE_BDWGC_GC -DBASELIB_INLINE_NAMESPACE=il2cpp_baselib -DIL2CPP_MONO_DEBUGGER_DISABLED -DRUNTIME_IL2CPP -DTARGET_ARM64 -DIL2CPP_ENABLE_WRITE_BARRIERS=1 -DIL2CPP_INCREMENTAL_TIME_SLICE=3 -D_DEBUG -I"." -I"Il2CppOutputProject/Source/il2cppOutput" -I"Il2CppOutputProject/IL2CPP/libil2cpp/pch" -I"Il2CppOutputProject/IL2CPP/libil2cpp" -I"Il2CppOutputProject/IL2CPP/external/baselib/Include" -I"Il2CppOutputProject/IL2CPP/libil2cpp/os/ClassLibraryPAL/brotli/include" -I"Il2CppOutputProject/IL2CPP/external/baselib/Platforms/IOS/Include" -o "Il2CppTempDirArtifacts/Debug/artifacts/arm64/actx/e1ql0l0dbnqk.o" -fcolor-diagnostics -stdlib=libc++ -arch arm64 -mios-version-min=11.0 -fno-strict-float-cast-overflow -c -x c++ "Il2CppOutputProject/Source/il2cppOutput/LaMuralla.Unity.cpp"
[214/410    0s] C_iOS_arm64 Il2CppTempDirArtifacts/Debug/artifacts/arm64/actx/g17ie5ahnzuj.o
##### CommandLine
"/Applications/Xcode.app/Contents/Developer/Toolchains/XcodeDefault.xctoolchain/usr/bin/clang++" -std=c++17 -Wswitch -Wno-trigraphs -Wno-tautological-compare -Wno-invalid-offsetof -Wno-implicitly-unsigned-literal -Wno-integer-overflow -Wno-shift-negative-value -Wno-unknown-attributes -Wno-implicit-function-declaration -Wno-null-conversion -Wno-missing-declarations -Wno-unused-value -Wno-pragma-once-outside-header -Wno-unknown-warning-option -Wno-undef-prefix -fvisibility=hidden -isysroot "/Applications/Xcode.app/Contents/Developer/Platforms/iPhoneOS.platform/Developer/SDKs/iPhoneOS18.2.sdk" -fexceptions -frtti -g -O0 -fno-strict-overflow -ffunction-sections -fdata-sections -fmessage-length=0 -pipe -DIL2CPP_DEBUG=1 -DHAVE_BDWGC_GC -DBASELIB_INLINE_NAMESPACE=il2cpp_baselib -DIL2CPP_MONO_DEBUGGER_DISABLED -DRUNTIME_IL2CPP -DTARGET_ARM64 -DIL2CPP_ENABLE_WRITE_BARRIERS=1 -DIL2CPP_INCREMENTAL_TIME_SLICE=3 -D_DEBUG -I"." -I"Il2CppOutputProject/Source/il2cppOutput" -I"Il2CppOutputProject/IL2CPP/libil2cpp/pch" -I"Il2CppOutputProject/IL2CPP/libil2cpp" -I"Il2CppOutputProject/IL2CPP/external/baselib/Include" -I"Il2CppOutputProject/IL2CPP/libil2cpp/os/ClassLibraryPAL/brotli/include" -I"Il2CppOutputProject/IL2CPP/external/baselib/Platforms/IOS/Include" -o "Il2CppTempDirArtifacts/Debug/artifacts/arm64/actx/g17ie5ahnzuj.o" -fcolor-diagnostics -stdlib=libc++ -arch arm64 -mios-version-min=11.0 -fno-strict-float-cast-overflow -c -x c++ "Il2CppOutputProject/Source/il2cppOutput/Il2CppCCalculateTypeValues1.cpp"
[215/410    0s] C_iOS_arm64 Il2CppTempDirArtifacts/Debug/artifacts/arm64/actx/lkjvitpyw9me.o
##### CommandLine
"/Applications/Xcode.app/Contents/Developer/Toolchains/XcodeDefault.xctoolchain/usr/bin/clang++" -std=c++17 -Wswitch -Wno-trigraphs -Wno-tautological-compare -Wno-invalid-offsetof -Wno-implicitly-unsigned-literal -Wno-integer-overflow -Wno-shift-negative-value -Wno-unknown-attributes -Wno-implicit-function-declaration -Wno-null-conversion -Wno-missing-declarations -Wno-unused-value -Wno-pragma-once-outside-header -Wno-unknown-warning-option -Wno-undef-prefix -fvisibility=hidden -isysroot "/Applications/Xcode.app/Contents/Developer/Platforms/iPhoneOS.platform/Developer/SDKs/iPhoneOS18.2.sdk" -fexceptions -frtti -g -O0 -fno-strict-overflow -ffunction-sections -fdata-sections -fmessage-length=0 -pipe -DIL2CPP_DEBUG=1 -DHAVE_BDWGC_GC -DBASELIB_INLINE_NAMESPACE=il2cpp_baselib -DIL2CPP_MONO_DEBUGGER_DISABLED -DRUNTIME_IL2CPP -DTARGET_ARM64 -DIL2CPP_ENABLE_WRITE_BARRIERS=1 -DIL2CPP_INCREMENTAL_TIME_SLICE=3 -D_DEBUG -I"." -I"Il2CppOutputProject/Source/il2cppOutput" -I"Il2CppOutputProject/IL2CPP/libil2cpp/pch" -I"Il2CppOutputProject/IL2CPP/libil2cpp" -I"Il2CppOutputProject/IL2CPP/external/baselib/Include" -I"Il2CppOutputProject/IL2CPP/libil2cpp/os/ClassLibraryPAL/brotli/include" -I"Il2CppOutputProject/IL2CPP/external/baselib/Platforms/IOS/Include" -o "Il2CppTempDirArtifacts/Debug/artifacts/arm64/actx/lkjvitpyw9me.o" -fcolor-diagnostics -stdlib=libc++ -arch arm64 -mios-version-min=11.0 -fno-strict-float-cast-overflow -c -x c++ "Il2CppOutputProject/Source/il2cppOutput/Il2CppCCalculateFieldValues2.cpp"
[216/410    0s] C_iOS_arm64 Il2CppTempDirArtifacts/Debug/artifacts/arm64/actx/rw15ziuib74j.o
##### CommandLine
"/Applications/Xcode.app/Contents/Developer/Toolchains/XcodeDefault.xctoolchain/usr/bin/clang++" -std=c++17 -Wswitch -Wno-trigraphs -Wno-tautological-compare -Wno-invalid-offsetof -Wno-implicitly-unsigned-literal -Wno-integer-overflow -Wno-shift-negative-value -Wno-unknown-attributes -Wno-implicit-function-declaration -Wno-null-conversion -Wno-missing-declarations -Wno-unused-value -Wno-pragma-once-outside-header -Wno-unknown-warning-option -Wno-undef-prefix -fvisibility=hidden -isysroot "/Applications/Xcode.app/Contents/Developer/Platforms/iPhoneOS.platform/Developer/SDKs/iPhoneOS18.2.sdk" -fexceptions -frtti -g -O0 -fno-strict-overflow -ffunction-sections -fdata-sections -fmessage-length=0 -pipe -DIL2CPP_DEBUG=1 -DHAVE_BDWGC_GC -DBASELIB_INLINE_NAMESPACE=il2cpp_baselib -DIL2CPP_MONO_DEBUGGER_DISABLED -DRUNTIME_IL2CPP -DTARGET_ARM64 -DIL2CPP_ENABLE_WRITE_BARRIERS=1 -DIL2CPP_INCREMENTAL_TIME_SLICE=3 -D_DEBUG -I"." -I"Il2CppOutputProject/Source/il2cppOutput" -I"Il2CppOutputProject/IL2CPP/libil2cpp/pch" -I"Il2CppOutputProject/IL2CPP/libil2cpp" -I"Il2CppOutputProject/IL2CPP/external/baselib/Include" -I"Il2CppOutputProject/IL2CPP/libil2cpp/os/ClassLibraryPAL/brotli/include" -I"Il2CppOutputProject/IL2CPP/external/baselib/Platforms/IOS/Include" -o "Il2CppTempDirArtifacts/Debug/artifacts/arm64/actx/rw15ziuib74j.o" -fcolor-diagnostics -stdlib=libc++ -arch arm64 -mios-version-min=11.0 -fno-strict-float-cast-overflow -c -x c++ "Il2CppOutputProject/Source/il2cppOutput/Il2CppCCalculateTypeValues.cpp"
[217/410    1s] C_iOS_arm64 Il2CppTempDirArtifacts/Debug/artifacts/arm64/actx/oyxjgkx8moai.o
##### CommandLine
"/Applications/Xcode.app/Contents/Developer/Toolchains/XcodeDefault.xctoolchain/usr/bin/clang++" -std=c++17 -Wswitch -Wno-trigraphs -Wno-tautological-compare -Wno-invalid-offsetof -Wno-implicitly-unsigned-literal -Wno-integer-overflow -Wno-shift-negative-value -Wno-unknown-attributes -Wno-implicit-function-declaration -Wno-null-conversion -Wno-missing-declarations -Wno-unused-value -Wno-pragma-once-outside-header -Wno-unknown-warning-option -Wno-undef-prefix -fvisibility=hidden -isysroot "/Applications/Xcode.app/Contents/Developer/Platforms/iPhoneOS.platform/Developer/SDKs/iPhoneOS18.2.sdk" -fexceptions -frtti -g -O0 -fno-strict-overflow -ffunction-sections -fdata-sections -fmessage-length=0 -pipe -DIL2CPP_DEBUG=1 -DHAVE_BDWGC_GC -DBASELIB_INLINE_NAMESPACE=il2cpp_baselib -DIL2CPP_MONO_DEBUGGER_DISABLED -DRUNTIME_IL2CPP -DTARGET_ARM64 -DIL2CPP_ENABLE_WRITE_BARRIERS=1 -DIL2CPP_INCREMENTAL_TIME_SLICE=3 -D_DEBUG -I"." -I"Il2CppOutputProject/Source/il2cppOutput" -I"Il2CppOutputProject/IL2CPP/libil2cpp/pch" -I"Il2CppOutputProject/IL2CPP/libil2cpp" -I"Il2CppOutputProject/IL2CPP/external/baselib/Include" -I"Il2CppOutputProject/IL2CPP/libil2cpp/os/ClassLibraryPAL/brotli/include" -I"Il2CppOutputProject/IL2CPP/external/baselib/Platforms/IOS/Include" -o "Il2CppTempDirArtifacts/Debug/artifacts/arm64/actx/oyxjgkx8moai.o" -fcolor-diagnostics -stdlib=libc++ -arch arm64 -mios-version-min=11.0 -fno-strict-float-cast-overflow -c -x c++ "Il2CppOutputProject/Source/il2cppOutput/LaMuralla.Core.cpp"
[218/410    0s] C_iOS_arm64 Il2CppTempDirArtifacts/Debug/artifacts/arm64/actx/kczeyd9zs75y.o
##### CommandLine
"/Applications/Xcode.app/Contents/Developer/Toolchains/XcodeDefault.xctoolchain/usr/bin/clang++" -std=c++17 -Wswitch -Wno-trigraphs -Wno-tautological-compare -Wno-invalid-offsetof -Wno-implicitly-unsigned-literal -Wno-integer-overflow -Wno-shift-negative-value -Wno-unknown-attributes -Wno-implicit-function-declaration -Wno-null-conversion -Wno-missing-declarations -Wno-unused-value -Wno-pragma-once-outside-header -Wno-unknown-warning-option -Wno-undef-prefix -fvisibility=hidden -isysroot "/Applications/Xcode.app/Contents/Developer/Platforms/iPhoneOS.platform/Developer/SDKs/iPhoneOS18.2.sdk" -fexceptions -frtti -g -O0 -fno-strict-overflow -ffunction-sections -fdata-sections -fmessage-length=0 -pipe -DIL2CPP_DEBUG=1 -DHAVE_BDWGC_GC -DBASELIB_INLINE_NAMESPACE=il2cpp_baselib -DIL2CPP_MONO_DEBUGGER_DISABLED -DRUNTIME_IL2CPP -DTARGET_ARM64 -DIL2CPP_ENABLE_WRITE_BARRIERS=1 -DIL2CPP_INCREMENTAL_TIME_SLICE=3 -D_DEBUG -I"." -I"Il2CppOutputProject/Source/il2cppOutput" -I"Il2CppOutputProject/IL2CPP/libil2cpp/pch" -I"Il2CppOutputProject/IL2CPP/libil2cpp" -I"Il2CppOutputProject/IL2CPP/external/baselib/Include" -I"Il2CppOutputProject/IL2CPP/libil2cpp/os/ClassLibraryPAL/brotli/include" -I"Il2CppOutputProject/IL2CPP/external/baselib/Platforms/IOS/Include" -o "Il2CppTempDirArtifacts/Debug/artifacts/arm64/actx/kczeyd9zs75y.o" -fcolor-diagnostics -stdlib=libc++ -arch arm64 -mios-version-min=11.0 -fno-strict-float-cast-overflow -c -x c++ "Il2CppOutputProject/Source/il2cppOutput/Il2CppCCalculateFieldValues1.cpp"
[219/410    0s] C_iOS_arm64 Il2CppTempDirArtifacts/Debug/artifacts/arm64/actx/rsmrch2u73ud.o
##### CommandLine
"/Applications/Xcode.app/Contents/Developer/Toolchains/XcodeDefault.xctoolchain/usr/bin/clang++" -std=c++17 -Wswitch -Wno-trigraphs -Wno-tautological-compare -Wno-invalid-offsetof -Wno-implicitly-unsigned-literal -Wno-integer-overflow -Wno-shift-negative-value -Wno-unknown-attributes -Wno-implicit-function-declaration -Wno-null-conversion -Wno-missing-declarations -Wno-unused-value -Wno-pragma-once-outside-header -Wno-unknown-warning-option -Wno-undef-prefix -fvisibility=hidden -isysroot "/Applications/Xcode.app/Contents/Developer/Platforms/iPhoneOS.platform/Developer/SDKs/iPhoneOS18.2.sdk" -fexceptions -frtti -g -O0 -fno-strict-overflow -ffunction-sections -fdata-sections -fmessage-length=0 -pipe -DIL2CPP_DEBUG=1 -DHAVE_BDWGC_GC -DBASELIB_INLINE_NAMESPACE=il2cpp_baselib -DIL2CPP_MONO_DEBUGGER_DISABLED -DRUNTIME_IL2CPP -DTARGET_ARM64 -DIL2CPP_ENABLE_WRITE_BARRIERS=1 -DIL2CPP_INCREMENTAL_TIME_SLICE=3 -D_DEBUG -I"." -I"Il2CppOutputProject/Source/il2cppOutput" -I"Il2CppOutputProject/IL2CPP/libil2cpp/pch" -I"Il2CppOutputProject/IL2CPP/libil2cpp" -I"Il2CppOutputProject/IL2CPP/external/baselib/Include" -I"Il2CppOutputProject/IL2CPP/libil2cpp/os/ClassLibraryPAL/brotli/include" -I"Il2CppOutputProject/IL2CPP/external/baselib/Platforms/IOS/Include" -o "Il2CppTempDirArtifacts/Debug/artifacts/arm64/actx/rsmrch2u73ud.o" -fcolor-diagnostics -stdlib=libc++ -arch arm64 -mios-version-min=11.0 -fno-strict-float-cast-overflow -c -x c++ "Il2CppOutputProject/Source/il2cppOutput/Il2CppCCalculateFieldValues.cpp"
[220/410    1s] C_iOS_arm64 Il2CppTempDirArtifacts/Debug/artifacts/arm64/actx/iu255xz9saw4.o
##### CommandLine
"/Applications/Xcode.app/Contents/Developer/Toolchains/XcodeDefault.xctoolchain/usr/bin/clang++" -std=c++17 -Wswitch -Wno-trigraphs -Wno-tautological-compare -Wno-invalid-offsetof -Wno-implicitly-unsigned-literal -Wno-integer-overflow -Wno-shift-negative-value -Wno-unknown-attributes -Wno-implicit-function-declaration -Wno-null-conversion -Wno-missing-declarations -Wno-unused-value -Wno-pragma-once-outside-header -Wno-unknown-warning-option -Wno-undef-prefix -fvisibility=hidden -isysroot "/Applications/Xcode.app/Contents/Developer/Platforms/iPhoneOS.platform/Developer/SDKs/iPhoneOS18.2.sdk" -fexceptions -frtti -g -O0 -fno-strict-overflow -ffunction-sections -fdata-sections -fmessage-length=0 -pipe -DIL2CPP_DEBUG=1 -DHAVE_BDWGC_GC -DBASELIB_INLINE_NAMESPACE=il2cpp_baselib -DIL2CPP_MONO_DEBUGGER_DISABLED -DRUNTIME_IL2CPP -DTARGET_ARM64 -DIL2CPP_ENABLE_WRITE_BARRIERS=1 -DIL2CPP_INCREMENTAL_TIME_SLICE=3 -D_DEBUG -I"." -I"Il2CppOutputProject/Source/il2cppOutput" -I"Il2CppOutputProject/IL2CPP/libil2cpp/pch" -I"Il2CppOutputProject/IL2CPP/libil2cpp" -I"Il2CppOutputProject/IL2CPP/external/baselib/Include" -I"Il2CppOutputProject/IL2CPP/libil2cpp/os/ClassLibraryPAL/brotli/include" -I"Il2CppOutputProject/IL2CPP/external/baselib/Platforms/IOS/Include" -o "Il2CppTempDirArtifacts/Debug/artifacts/arm64/actx/iu255xz9saw4.o" -fcolor-diagnostics -stdlib=libc++ -arch arm64 -mios-version-min=11.0 -fno-strict-float-cast-overflow -c -x c++ "Il2CppOutputProject/Source/il2cppOutput/Il2CppUnresolvedIndirectCallStubs.cpp"
[221/410    0s] C_iOS_arm64 Il2CppTempDirArtifacts/Debug/artifacts/arm64/actx/hvdpllz7vr1p.o
##### CommandLine
"/Applications/Xcode.app/Contents/Developer/Toolchains/XcodeDefault.xctoolchain/usr/bin/clang++" -std=c++17 -Wswitch -Wno-trigraphs -Wno-tautological-compare -Wno-invalid-offsetof -Wno-implicitly-unsigned-literal -Wno-integer-overflow -Wno-shift-negative-value -Wno-unknown-attributes -Wno-implicit-function-declaration -Wno-null-conversion -Wno-missing-declarations -Wno-unused-value -Wno-pragma-once-outside-header -Wno-unknown-warning-option -Wno-undef-prefix -fvisibility=hidden -isysroot "/Applications/Xcode.app/Contents/Developer/Platforms/iPhoneOS.platform/Developer/SDKs/iPhoneOS18.2.sdk" -fexceptions -frtti -g -O0 -fno-strict-overflow -ffunction-sections -fdata-sections -fmessage-length=0 -pipe -DIL2CPP_DEBUG=1 -DHAVE_BDWGC_GC -DBASELIB_INLINE_NAMESPACE=il2cpp_baselib -DIL2CPP_MONO_DEBUGGER_DISABLED -DRUNTIME_IL2CPP -DTARGET_ARM64 -DIL2CPP_ENABLE_WRITE_BARRIERS=1 -DIL2CPP_INCREMENTAL_TIME_SLICE=3 -D_DEBUG -I"." -I"Il2CppOutputProject/Source/il2cppOutput" -I"Il2CppOutputProject/IL2CPP/libil2cpp/pch" -I"Il2CppOutputProject/IL2CPP/libil2cpp" -I"Il2CppOutputProject/IL2CPP/external/baselib/Include" -I"Il2CppOutputProject/IL2CPP/libil2cpp/os/ClassLibraryPAL/brotli/include" -I"Il2CppOutputProject/IL2CPP/external/baselib/Platforms/IOS/Include" -o "Il2CppTempDirArtifacts/Debug/artifacts/arm64/actx/hvdpllz7vr1p.o" -fcolor-diagnostics -stdlib=libc++ -arch arm64 -mios-version-min=11.0 -fno-strict-float-cast-overflow -c -x c++ "Il2CppOutputProject/Source/il2cppOutput/Generics__92.cpp"
[222/410    0s] C_iOS_arm64 Il2CppTempDirArtifacts/Debug/artifacts/arm64/actx/2ahd1ud5yfd9.o
##### CommandLine
"/Applications/Xcode.app/Contents/Developer/Toolchains/XcodeDefault.xctoolchain/usr/bin/clang++" -std=c++17 -Wswitch -Wno-trigraphs -Wno-tautological-compare -Wno-invalid-offsetof -Wno-implicitly-unsigned-literal -Wno-integer-overflow -Wno-shift-negative-value -Wno-unknown-attributes -Wno-implicit-function-declaration -Wno-null-conversion -Wno-missing-declarations -Wno-unused-value -Wno-pragma-once-outside-header -Wno-unknown-warning-option -Wno-undef-prefix -fvisibility=hidden -isysroot "/Applications/Xcode.app/Contents/Developer/Platforms/iPhoneOS.platform/Developer/SDKs/iPhoneOS18.2.sdk" -fexceptions -frtti -g -O0 -fno-strict-overflow -ffunction-sections -fdata-sections -fmessage-length=0 -pipe -DIL2CPP_DEBUG=1 -DHAVE_BDWGC_GC -DBASELIB_INLINE_NAMESPACE=il2cpp_baselib -DIL2CPP_MONO_DEBUGGER_DISABLED -DRUNTIME_IL2CPP -DTARGET_ARM64 -DIL2CPP_ENABLE_WRITE_BARRIERS=1 -DIL2CPP_INCREMENTAL_TIME_SLICE=3 -D_DEBUG -I"." -I"Il2CppOutputProject/Source/il2cppOutput" -I"Il2CppOutputProject/IL2CPP/libil2cpp/pch" -I"Il2CppOutputProject/IL2CPP/libil2cpp" -I"Il2CppOutputProject/IL2CPP/external/baselib/Include" -I"Il2CppOutputProject/IL2CPP/libil2cpp/os/ClassLibraryPAL/brotli/include" -I"Il2CppOutputProject/IL2CPP/external/baselib/Platforms/IOS/Include" -o "Il2CppTempDirArtifacts/Debug/artifacts/arm64/actx/2ahd1ud5yfd9.o" -fcolor-diagnostics -stdlib=libc++ -arch arm64 -mios-version-min=11.0 -fno-strict-float-cast-overflow -c -x c++ "Il2CppOutputProject/Source/il2cppOutput/Generics__93.cpp"
[223/410    0s] C_iOS_arm64 Il2CppTempDirArtifacts/Debug/artifacts/arm64/actx/9d85gtmy8thr.o
##### CommandLine
"/Applications/Xcode.app/Contents/Developer/Toolchains/XcodeDefault.xctoolchain/usr/bin/clang++" -std=c++17 -Wswitch -Wno-trigraphs -Wno-tautological-compare -Wno-invalid-offsetof -Wno-implicitly-unsigned-literal -Wno-integer-overflow -Wno-shift-negative-value -Wno-unknown-attributes -Wno-implicit-function-declaration -Wno-null-conversion -Wno-missing-declarations -Wno-unused-value -Wno-pragma-once-outside-header -Wno-unknown-warning-option -Wno-undef-prefix -fvisibility=hidden -isysroot "/Applications/Xcode.app/Contents/Developer/Platforms/iPhoneOS.platform/Developer/SDKs/iPhoneOS18.2.sdk" -fexceptions -frtti -g -O0 -fno-strict-overflow -ffunction-sections -fdata-sections -fmessage-length=0 -pipe -DIL2CPP_DEBUG=1 -DHAVE_BDWGC_GC -DBASELIB_INLINE_NAMESPACE=il2cpp_baselib -DIL2CPP_MONO_DEBUGGER_DISABLED -DRUNTIME_IL2CPP -DTARGET_ARM64 -DIL2CPP_ENABLE_WRITE_BARRIERS=1 -DIL2CPP_INCREMENTAL_TIME_SLICE=3 -D_DEBUG -I"." -I"Il2CppOutputProject/Source/il2cppOutput" -I"Il2CppOutputProject/IL2CPP/libil2cpp/pch" -I"Il2CppOutputProject/IL2CPP/libil2cpp" -I"Il2CppOutputProject/IL2CPP/external/baselib/Include" -I"Il2CppOutputProject/IL2CPP/libil2cpp/os/ClassLibraryPAL/brotli/include" -I"Il2CppOutputProject/IL2CPP/external/baselib/Platforms/IOS/Include" -o "Il2CppTempDirArtifacts/Debug/artifacts/arm64/actx/9d85gtmy8thr.o" -fcolor-diagnostics -stdlib=libc++ -arch arm64 -mios-version-min=11.0 -fno-strict-float-cast-overflow -c -x c++ "Il2CppOutputProject/Source/il2cppOutput/Generics__96.cpp"
[224/410    1s] C_iOS_arm64 Il2CppTempDirArtifacts/Debug/artifacts/arm64/actx/amsm182wcwy6.o
##### CommandLine
"/Applications/Xcode.app/Contents/Developer/Toolchains/XcodeDefault.xctoolchain/usr/bin/clang++" -std=c++17 -Wswitch -Wno-trigraphs -Wno-tautological-compare -Wno-invalid-offsetof -Wno-implicitly-unsigned-literal -Wno-integer-overflow -Wno-shift-negative-value -Wno-unknown-attributes -Wno-implicit-function-declaration -Wno-null-conversion -Wno-missing-declarations -Wno-unused-value -Wno-pragma-once-outside-header -Wno-unknown-warning-option -Wno-undef-prefix -fvisibility=hidden -isysroot "/Applications/Xcode.app/Contents/Developer/Platforms/iPhoneOS.platform/Developer/SDKs/iPhoneOS18.2.sdk" -fexceptions -frtti -g -O0 -fno-strict-overflow -ffunction-sections -fdata-sections -fmessage-length=0 -pipe -DIL2CPP_DEBUG=1 -DHAVE_BDWGC_GC -DBASELIB_INLINE_NAMESPACE=il2cpp_baselib -DIL2CPP_MONO_DEBUGGER_DISABLED -DRUNTIME_IL2CPP -DTARGET_ARM64 -DIL2CPP_ENABLE_WRITE_BARRIERS=1 -DIL2CPP_INCREMENTAL_TIME_SLICE=3 -D_DEBUG -I"." -I"Il2CppOutputProject/Source/il2cppOutput" -I"Il2CppOutputProject/IL2CPP/libil2cpp/pch" -I"Il2CppOutputProject/IL2CPP/libil2cpp" -I"Il2CppOutputProject/IL2CPP/external/baselib/Include" -I"Il2CppOutputProject/IL2CPP/libil2cpp/os/ClassLibraryPAL/brotli/include" -I"Il2CppOutputProject/IL2CPP/external/baselib/Platforms/IOS/Include" -o "Il2CppTempDirArtifacts/Debug/artifacts/arm64/actx/amsm182wcwy6.o" -fcolor-diagnostics -stdlib=libc++ -arch arm64 -mios-version-min=11.0 -fno-strict-float-cast-overflow -c -x c++ "Il2CppOutputProject/Source/il2cppOutput/Generics__97.cpp"
[225/410    1s] C_iOS_arm64 Il2CppTempDirArtifacts/Debug/artifacts/arm64/actx/v1vahihufkaq.o
##### CommandLine
"/Applications/Xcode.app/Contents/Developer/Toolchains/XcodeDefault.xctoolchain/usr/bin/clang++" -std=c++17 -Wswitch -Wno-trigraphs -Wno-tautological-compare -Wno-invalid-offsetof -Wno-implicitly-unsigned-literal -Wno-integer-overflow -Wno-shift-negative-value -Wno-unknown-attributes -Wno-implicit-function-declaration -Wno-null-conversion -Wno-missing-declarations -Wno-unused-value -Wno-pragma-once-outside-header -Wno-unknown-warning-option -Wno-undef-prefix -fvisibility=hidden -isysroot "/Applications/Xcode.app/Contents/Developer/Platforms/iPhoneOS.platform/Developer/SDKs/iPhoneOS18.2.sdk" -fexceptions -frtti -g -O0 -fno-strict-overflow -ffunction-sections -fdata-sections -fmessage-length=0 -pipe -DIL2CPP_DEBUG=1 -DHAVE_BDWGC_GC -DBASELIB_INLINE_NAMESPACE=il2cpp_baselib -DIL2CPP_MONO_DEBUGGER_DISABLED -DRUNTIME_IL2CPP -DTARGET_ARM64 -DIL2CPP_ENABLE_WRITE_BARRIERS=1 -DIL2CPP_INCREMENTAL_TIME_SLICE=3 -D_DEBUG -I"." -I"Il2CppOutputProject/Source/il2cppOutput" -I"Il2CppOutputProject/IL2CPP/libil2cpp/pch" -I"Il2CppOutputProject/IL2CPP/libil2cpp" -I"Il2CppOutputProject/IL2CPP/external/baselib/Include" -I"Il2CppOutputProject/IL2CPP/libil2cpp/os/ClassLibraryPAL/brotli/include" -I"Il2CppOutputProject/IL2CPP/external/baselib/Platforms/IOS/Include" -o "Il2CppTempDirArtifacts/Debug/artifacts/arm64/actx/v1vahihufkaq.o" -fcolor-diagnostics -stdlib=libc++ -arch arm64 -mios-version-min=11.0 -fno-strict-float-cast-overflow -c -x c++ "Il2CppOutputProject/Source/il2cppOutput/Generics__98.cpp"
[226/410    1s] C_iOS_arm64 Il2CppTempDirArtifacts/Debug/artifacts/arm64/actx/3i1tlau32huo.o
##### CommandLine
"/Applications/Xcode.app/Contents/Developer/Toolchains/XcodeDefault.xctoolchain/usr/bin/clang++" -std=c++17 -Wswitch -Wno-trigraphs -Wno-tautological-compare -Wno-invalid-offsetof -Wno-implicitly-unsigned-literal -Wno-integer-overflow -Wno-shift-negative-value -Wno-unknown-attributes -Wno-implicit-function-declaration -Wno-null-conversion -Wno-missing-declarations -Wno-unused-value -Wno-pragma-once-outside-header -Wno-unknown-warning-option -Wno-undef-prefix -fvisibility=hidden -isysroot "/Applications/Xcode.app/Contents/Developer/Platforms/iPhoneOS.platform/Developer/SDKs/iPhoneOS18.2.sdk" -fexceptions -frtti -g -O0 -fno-strict-overflow -ffunction-sections -fdata-sections -fmessage-length=0 -pipe -DIL2CPP_DEBUG=1 -DHAVE_BDWGC_GC -DBASELIB_INLINE_NAMESPACE=il2cpp_baselib -DIL2CPP_MONO_DEBUGGER_DISABLED -DRUNTIME_IL2CPP -DTARGET_ARM64 -DIL2CPP_ENABLE_WRITE_BARRIERS=1 -DIL2CPP_INCREMENTAL_TIME_SLICE=3 -D_DEBUG -I"." -I"Il2CppOutputProject/Source/il2cppOutput" -I"Il2CppOutputProject/IL2CPP/libil2cpp/pch" -I"Il2CppOutputProject/IL2CPP/libil2cpp" -I"Il2CppOutputProject/IL2CPP/external/baselib/Include" -I"Il2CppOutputProject/IL2CPP/libil2cpp/os/ClassLibraryPAL/brotli/include" -I"Il2CppOutputProject/IL2CPP/external/baselib/Platforms/IOS/Include" -o "Il2CppTempDirArtifacts/Debug/artifacts/arm64/actx/3i1tlau32huo.o" -fcolor-diagnostics -stdlib=libc++ -arch arm64 -mios-version-min=11.0 -fno-strict-float-cast-overflow -c -x c++ "Il2CppOutputProject/Source/il2cppOutput/Generics__94.cpp"
[227/410    1s] C_iOS_arm64 Il2CppTempDirArtifacts/Debug/artifacts/arm64/actx/oy4h1j805557.o
##### CommandLine
"/Applications/Xcode.app/Contents/Developer/Toolchains/XcodeDefault.xctoolchain/usr/bin/clang++" -std=c++17 -Wswitch -Wno-trigraphs -Wno-tautological-compare -Wno-invalid-offsetof -Wno-implicitly-unsigned-literal -Wno-integer-overflow -Wno-shift-negative-value -Wno-unknown-attributes -Wno-implicit-function-declaration -Wno-null-conversion -Wno-missing-declarations -Wno-unused-value -Wno-pragma-once-outside-header -Wno-unknown-warning-option -Wno-undef-prefix -fvisibility=hidden -isysroot "/Applications/Xcode.app/Contents/Developer/Platforms/iPhoneOS.platform/Developer/SDKs/iPhoneOS18.2.sdk" -fexceptions -frtti -g -O0 -fno-strict-overflow -ffunction-sections -fdata-sections -fmessage-length=0 -pipe -DIL2CPP_DEBUG=1 -DHAVE_BDWGC_GC -DBASELIB_INLINE_NAMESPACE=il2cpp_baselib -DIL2CPP_MONO_DEBUGGER_DISABLED -DRUNTIME_IL2CPP -DTARGET_ARM64 -DIL2CPP_ENABLE_WRITE_BARRIERS=1 -DIL2CPP_INCREMENTAL_TIME_SLICE=3 -D_DEBUG -I"." -I"Il2CppOutputProject/Source/il2cppOutput" -I"Il2CppOutputProject/IL2CPP/libil2cpp/pch" -I"Il2CppOutputProject/IL2CPP/libil2cpp" -I"Il2CppOutputProject/IL2CPP/external/baselib/Include" -I"Il2CppOutputProject/IL2CPP/libil2cpp/os/ClassLibraryPAL/brotli/include" -I"Il2CppOutputProject/IL2CPP/external/baselib/Platforms/IOS/Include" -o "Il2CppTempDirArtifacts/Debug/artifacts/arm64/actx/oy4h1j805557.o" -fcolor-diagnostics -stdlib=libc++ -arch arm64 -mios-version-min=11.0 -fno-strict-float-cast-overflow -c -x c++ "Il2CppOutputProject/Source/il2cppOutput/Generics__95.cpp"
[228/410    1s] C_iOS_arm64 Il2CppTempDirArtifacts/Debug/artifacts/arm64/actx/w9fr1xxsjmr5.o
##### CommandLine
"/Applications/Xcode.app/Contents/Developer/Toolchains/XcodeDefault.xctoolchain/usr/bin/clang++" -std=c++17 -Wswitch -Wno-trigraphs -Wno-tautological-compare -Wno-invalid-offsetof -Wno-implicitly-unsigned-literal -Wno-integer-overflow -Wno-shift-negative-value -Wno-unknown-attributes -Wno-implicit-function-declaration -Wno-null-conversion -Wno-missing-declarations -Wno-unused-value -Wno-pragma-once-outside-header -Wno-unknown-warning-option -Wno-undef-prefix -fvisibility=hidden -isysroot "/Applications/Xcode.app/Contents/Developer/Platforms/iPhoneOS.platform/Developer/SDKs/iPhoneOS18.2.sdk" -fexceptions -frtti -g -O0 -fno-strict-overflow -ffunction-sections -fdata-sections -fmessage-length=0 -pipe -DIL2CPP_DEBUG=1 -DHAVE_BDWGC_GC -DBASELIB_INLINE_NAMESPACE=il2cpp_baselib -DIL2CPP_MONO_DEBUGGER_DISABLED -DRUNTIME_IL2CPP -DTARGET_ARM64 -DIL2CPP_ENABLE_WRITE_BARRIERS=1 -DIL2CPP_INCREMENTAL_TIME_SLICE=3 -D_DEBUG -I"." -I"Il2CppOutputProject/Source/il2cppOutput" -I"Il2CppOutputProject/IL2CPP/libil2cpp/pch" -I"Il2CppOutputProject/IL2CPP/libil2cpp" -I"Il2CppOutputProject/IL2CPP/external/baselib/Include" -I"Il2CppOutputProject/IL2CPP/libil2cpp/os/ClassLibraryPAL/brotli/include" -I"Il2CppOutputProject/IL2CPP/external/baselib/Platforms/IOS/Include" -o "Il2CppTempDirArtifacts/Debug/artifacts/arm64/actx/w9fr1xxsjmr5.o" -fcolor-diagnostics -stdlib=libc++ -arch arm64 -mios-version-min=11.0 -fno-strict-float-cast-overflow -c -x c++ "Il2CppOutputProject/Source/il2cppOutput/Generics__99.cpp"
[229/410    0s] C_iOS_arm64 Il2CppTempDirArtifacts/Debug/artifacts/arm64/actx/gnt805i9rpka.o
##### CommandLine
"/Applications/Xcode.app/Contents/Developer/Toolchains/XcodeDefault.xctoolchain/usr/bin/clang++" -std=c++17 -Wswitch -Wno-trigraphs -Wno-tautological-compare -Wno-invalid-offsetof -Wno-implicitly-unsigned-literal -Wno-integer-overflow -Wno-shift-negative-value -Wno-unknown-attributes -Wno-implicit-function-declaration -Wno-null-conversion -Wno-missing-declarations -Wno-unused-value -Wno-pragma-once-outside-header -Wno-unknown-warning-option -Wno-undef-prefix -fvisibility=hidden -isysroot "/Applications/Xcode.app/Contents/Developer/Platforms/iPhoneOS.platform/Developer/SDKs/iPhoneOS18.2.sdk" -fexceptions -frtti -g -O0 -fno-strict-overflow -ffunction-sections -fdata-sections -fmessage-length=0 -pipe -DIL2CPP_DEBUG=1 -DHAVE_BDWGC_GC -DBASELIB_INLINE_NAMESPACE=il2cpp_baselib -DIL2CPP_MONO_DEBUGGER_DISABLED -DRUNTIME_IL2CPP -DTARGET_ARM64 -DIL2CPP_ENABLE_WRITE_BARRIERS=1 -DIL2CPP_INCREMENTAL_TIME_SLICE=3 -D_DEBUG -I"." -I"Il2CppOutputProject/Source/il2cppOutput" -I"Il2CppOutputProject/IL2CPP/libil2cpp/pch" -I"Il2CppOutputProject/IL2CPP/libil2cpp" -I"Il2CppOutputProject/IL2CPP/external/baselib/Include" -I"Il2CppOutputProject/IL2CPP/libil2cpp/os/ClassLibraryPAL/brotli/include" -I"Il2CppOutputProject/IL2CPP/external/baselib/Platforms/IOS/Include" -o "Il2CppTempDirArtifacts/Debug/artifacts/arm64/actx/gnt805i9rpka.o" -fcolor-diagnostics -stdlib=libc++ -arch arm64 -mios-version-min=11.0 -fno-strict-float-cast-overflow -c -x c++ "Il2CppOutputProject/Source/il2cppOutput/Generics__91.cpp"
[230/410    1s] C_iOS_arm64 Il2CppTempDirArtifacts/Debug/artifacts/arm64/actx/v7pklw4bp18q.o
##### CommandLine
"/Applications/Xcode.app/Contents/Developer/Toolchains/XcodeDefault.xctoolchain/usr/bin/clang++" -std=c++17 -Wswitch -Wno-trigraphs -Wno-tautological-compare -Wno-invalid-offsetof -Wno-implicitly-unsigned-literal -Wno-integer-overflow -Wno-shift-negative-value -Wno-unknown-attributes -Wno-implicit-function-declaration -Wno-null-conversion -Wno-missing-declarations -Wno-unused-value -Wno-pragma-once-outside-header -Wno-unknown-warning-option -Wno-undef-prefix -fvisibility=hidden -isysroot "/Applications/Xcode.app/Contents/Developer/Platforms/iPhoneOS.platform/Developer/SDKs/iPhoneOS18.2.sdk" -fexceptions -frtti -g -O0 -fno-strict-overflow -ffunction-sections -fdata-sections -fmessage-length=0 -pipe -DIL2CPP_DEBUG=1 -DHAVE_BDWGC_GC -DBASELIB_INLINE_NAMESPACE=il2cpp_baselib -DIL2CPP_MONO_DEBUGGER_DISABLED -DRUNTIME_IL2CPP -DTARGET_ARM64 -DIL2CPP_ENABLE_WRITE_BARRIERS=1 -DIL2CPP_INCREMENTAL_TIME_SLICE=3 -D_DEBUG -I"." -I"Il2CppOutputProject/Source/il2cppOutput" -I"Il2CppOutputProject/IL2CPP/libil2cpp/pch" -I"Il2CppOutputProject/IL2CPP/libil2cpp" -I"Il2CppOutputProject/IL2CPP/external/baselib/Include" -I"Il2CppOutputProject/IL2CPP/libil2cpp/os/ClassLibraryPAL/brotli/include" -I"Il2CppOutputProject/IL2CPP/external/baselib/Platforms/IOS/Include" -o "Il2CppTempDirArtifacts/Debug/artifacts/arm64/actx/v7pklw4bp18q.o" -fcolor-diagnostics -stdlib=libc++ -arch arm64 -mios-version-min=11.0 -fno-strict-float-cast-overflow -c -x c++ "Il2CppOutputProject/Source/il2cppOutput/Generics__90.cpp"
[231/410    1s] C_iOS_arm64 Il2CppTempDirArtifacts/Debug/artifacts/arm64/actx/zk1n8iw5shit.o
##### CommandLine
"/Applications/Xcode.app/Contents/Developer/Toolchains/XcodeDefault.xctoolchain/usr/bin/clang++" -std=c++17 -Wswitch -Wno-trigraphs -Wno-tautological-compare -Wno-invalid-offsetof -Wno-implicitly-unsigned-literal -Wno-integer-overflow -Wno-shift-negative-value -Wno-unknown-attributes -Wno-implicit-function-declaration -Wno-null-conversion -Wno-missing-declarations -Wno-unused-value -Wno-pragma-once-outside-header -Wno-unknown-warning-option -Wno-undef-prefix -fvisibility=hidden -isysroot "/Applications/Xcode.app/Contents/Developer/Platforms/iPhoneOS.platform/Developer/SDKs/iPhoneOS18.2.sdk" -fexceptions -frtti -g -O0 -fno-strict-overflow -ffunction-sections -fdata-sections -fmessage-length=0 -pipe -DIL2CPP_DEBUG=1 -DHAVE_BDWGC_GC -DBASELIB_INLINE_NAMESPACE=il2cpp_baselib -DIL2CPP_MONO_DEBUGGER_DISABLED -DRUNTIME_IL2CPP -DTARGET_ARM64 -DIL2CPP_ENABLE_WRITE_BARRIERS=1 -DIL2CPP_INCREMENTAL_TIME_SLICE=3 -D_DEBUG -I"." -I"Il2CppOutputProject/Source/il2cppOutput" -I"Il2CppOutputProject/IL2CPP/libil2cpp/pch" -I"Il2CppOutputProject/IL2CPP/libil2cpp" -I"Il2CppOutputProject/IL2CPP/external/baselib/Include" -I"Il2CppOutputProject/IL2CPP/libil2cpp/os/ClassLibraryPAL/brotli/include" -I"Il2CppOutputProject/IL2CPP/external/baselib/Platforms/IOS/Include" -o "Il2CppTempDirArtifacts/Debug/artifacts/arm64/actx/zk1n8iw5shit.o" -fcolor-diagnostics -stdlib=libc++ -arch arm64 -mios-version-min=11.0 -fno-strict-float-cast-overflow -c -x c++ "Il2CppOutputProject/Source/il2cppOutput/Generics__9.cpp"
[232/410    1s] C_iOS_arm64 Il2CppTempDirArtifacts/Debug/artifacts/arm64/actx/9ezfo45ag3me.o
##### CommandLine
"/Applications/Xcode.app/Contents/Developer/Toolchains/XcodeDefault.xctoolchain/usr/bin/clang++" -std=c++17 -Wswitch -Wno-trigraphs -Wno-tautological-compare -Wno-invalid-offsetof -Wno-implicitly-unsigned-literal -Wno-integer-overflow -Wno-shift-negative-value -Wno-unknown-attributes -Wno-implicit-function-declaration -Wno-null-conversion -Wno-missing-declarations -Wno-unused-value -Wno-pragma-once-outside-header -Wno-unknown-warning-option -Wno-undef-prefix -fvisibility=hidden -isysroot "/Applications/Xcode.app/Contents/Developer/Platforms/iPhoneOS.platform/Developer/SDKs/iPhoneOS18.2.sdk" -fexceptions -frtti -g -O0 -fno-strict-overflow -ffunction-sections -fdata-sections -fmessage-length=0 -pipe -DIL2CPP_DEBUG=1 -DHAVE_BDWGC_GC -DBASELIB_INLINE_NAMESPACE=il2cpp_baselib -DIL2CPP_MONO_DEBUGGER_DISABLED -DRUNTIME_IL2CPP -DTARGET_ARM64 -DIL2CPP_ENABLE_WRITE_BARRIERS=1 -DIL2CPP_INCREMENTAL_TIME_SLICE=3 -D_DEBUG -I"." -I"Il2CppOutputProject/Source/il2cppOutput" -I"Il2CppOutputProject/IL2CPP/libil2cpp/pch" -I"Il2CppOutputProject/IL2CPP/libil2cpp" -I"Il2CppOutputProject/IL2CPP/external/baselib/Include" -I"Il2CppOutputProject/IL2CPP/libil2cpp/os/ClassLibraryPAL/brotli/include" -I"Il2CppOutputProject/IL2CPP/external/baselib/Platforms/IOS/Include" -o "Il2CppTempDirArtifacts/Debug/artifacts/arm64/actx/9ezfo45ag3me.o" -fcolor-diagnostics -stdlib=libc++ -arch arm64 -mios-version-min=11.0 -fno-strict-float-cast-overflow -c -x c++ "Il2CppOutputProject/Source/il2cppOutput/Generics__89.cpp"
[233/410    1s] C_iOS_arm64 Il2CppTempDirArtifacts/Debug/artifacts/arm64/actx/ozvr8urddfbv.o
##### CommandLine
"/Applications/Xcode.app/Contents/Developer/Toolchains/XcodeDefault.xctoolchain/usr/bin/clang++" -std=c++17 -Wswitch -Wno-trigraphs -Wno-tautological-compare -Wno-invalid-offsetof -Wno-implicitly-unsigned-literal -Wno-integer-overflow -Wno-shift-negative-value -Wno-unknown-attributes -Wno-implicit-function-declaration -Wno-null-conversion -Wno-missing-declarations -Wno-unused-value -Wno-pragma-once-outside-header -Wno-unknown-warning-option -Wno-undef-prefix -fvisibility=hidden -isysroot "/Applications/Xcode.app/Contents/Developer/Platforms/iPhoneOS.platform/Developer/SDKs/iPhoneOS18.2.sdk" -fexceptions -frtti -g -O0 -fno-strict-overflow -ffunction-sections -fdata-sections -fmessage-length=0 -pipe -DIL2CPP_DEBUG=1 -DHAVE_BDWGC_GC -DBASELIB_INLINE_NAMESPACE=il2cpp_baselib -DIL2CPP_MONO_DEBUGGER_DISABLED -DRUNTIME_IL2CPP -DTARGET_ARM64 -DIL2CPP_ENABLE_WRITE_BARRIERS=1 -DIL2CPP_INCREMENTAL_TIME_SLICE=3 -D_DEBUG -I"." -I"Il2CppOutputProject/Source/il2cppOutput" -I"Il2CppOutputProject/IL2CPP/libil2cpp/pch" -I"Il2CppOutputProject/IL2CPP/libil2cpp" -I"Il2CppOutputProject/IL2CPP/external/baselib/Include" -I"Il2CppOutputProject/IL2CPP/libil2cpp/os/ClassLibraryPAL/brotli/include" -I"Il2CppOutputProject/IL2CPP/external/baselib/Platforms/IOS/Include" -o "Il2CppTempDirArtifacts/Debug/artifacts/arm64/actx/ozvr8urddfbv.o" -fcolor-diagnostics -stdlib=libc++ -arch arm64 -mios-version-min=11.0 -fno-strict-float-cast-overflow -c -x c++ "Il2CppOutputProject/Source/il2cppOutput/Generics__88.cpp"
[234/410    1s] C_iOS_arm64 Il2CppTempDirArtifacts/Debug/artifacts/arm64/actx/nrbbofbf9cuf.o
##### CommandLine
"/Applications/Xcode.app/Contents/Developer/Toolchains/XcodeDefault.xctoolchain/usr/bin/clang++" -std=c++17 -Wswitch -Wno-trigraphs -Wno-tautological-compare -Wno-invalid-offsetof -Wno-implicitly-unsigned-literal -Wno-integer-overflow -Wno-shift-negative-value -Wno-unknown-attributes -Wno-implicit-function-declaration -Wno-null-conversion -Wno-missing-declarations -Wno-unused-value -Wno-pragma-once-outside-header -Wno-unknown-warning-option -Wno-undef-prefix -fvisibility=hidden -isysroot "/Applications/Xcode.app/Contents/Developer/Platforms/iPhoneOS.platform/Developer/SDKs/iPhoneOS18.2.sdk" -fexceptions -frtti -g -O0 -fno-strict-overflow -ffunction-sections -fdata-sections -fmessage-length=0 -pipe -DIL2CPP_DEBUG=1 -DHAVE_BDWGC_GC -DBASELIB_INLINE_NAMESPACE=il2cpp_baselib -DIL2CPP_MONO_DEBUGGER_DISABLED -DRUNTIME_IL2CPP -DTARGET_ARM64 -DIL2CPP_ENABLE_WRITE_BARRIERS=1 -DIL2CPP_INCREMENTAL_TIME_SLICE=3 -D_DEBUG -I"." -I"Il2CppOutputProject/Source/il2cppOutput" -I"Il2CppOutputProject/IL2CPP/libil2cpp/pch" -I"Il2CppOutputProject/IL2CPP/libil2cpp" -I"Il2CppOutputProject/IL2CPP/external/baselib/Include" -I"Il2CppOutputProject/IL2CPP/libil2cpp/os/ClassLibraryPAL/brotli/include" -I"Il2CppOutputProject/IL2CPP/external/baselib/Platforms/IOS/Include" -o "Il2CppTempDirArtifacts/Debug/artifacts/arm64/actx/nrbbofbf9cuf.o" -fcolor-diagnostics -stdlib=libc++ -arch arm64 -mios-version-min=11.0 -fno-strict-float-cast-overflow -c -x c++ "Il2CppOutputProject/Source/il2cppOutput/Generics__87.cpp"
[235/410    1s] C_iOS_arm64 Il2CppTempDirArtifacts/Debug/artifacts/arm64/actx/hw4yswik306c.o
##### CommandLine
"/Applications/Xcode.app/Contents/Developer/Toolchains/XcodeDefault.xctoolchain/usr/bin/clang++" -std=c++17 -Wswitch -Wno-trigraphs -Wno-tautological-compare -Wno-invalid-offsetof -Wno-implicitly-unsigned-literal -Wno-integer-overflow -Wno-shift-negative-value -Wno-unknown-attributes -Wno-implicit-function-declaration -Wno-null-conversion -Wno-missing-declarations -Wno-unused-value -Wno-pragma-once-outside-header -Wno-unknown-warning-option -Wno-undef-prefix -fvisibility=hidden -isysroot "/Applications/Xcode.app/Contents/Developer/Platforms/iPhoneOS.platform/Developer/SDKs/iPhoneOS18.2.sdk" -fexceptions -frtti -g -O0 -fno-strict-overflow -ffunction-sections -fdata-sections -fmessage-length=0 -pipe -DIL2CPP_DEBUG=1 -DHAVE_BDWGC_GC -DBASELIB_INLINE_NAMESPACE=il2cpp_baselib -DIL2CPP_MONO_DEBUGGER_DISABLED -DRUNTIME_IL2CPP -DTARGET_ARM64 -DIL2CPP_ENABLE_WRITE_BARRIERS=1 -DIL2CPP_INCREMENTAL_TIME_SLICE=3 -D_DEBUG -I"." -I"Il2CppOutputProject/Source/il2cppOutput" -I"Il2CppOutputProject/IL2CPP/libil2cpp/pch" -I"Il2CppOutputProject/IL2CPP/libil2cpp" -I"Il2CppOutputProject/IL2CPP/external/baselib/Include" -I"Il2CppOutputProject/IL2CPP/libil2cpp/os/ClassLibraryPAL/brotli/include" -I"Il2CppOutputProject/IL2CPP/external/baselib/Platforms/IOS/Include" -o "Il2CppTempDirArtifacts/Debug/artifacts/arm64/actx/hw4yswik306c.o" -fcolor-diagnostics -stdlib=libc++ -arch arm64 -mios-version-min=11.0 -fno-strict-float-cast-overflow -c -x c++ "Il2CppOutputProject/Source/il2cppOutput/Generics__85.cpp"
[236/410    1s] C_iOS_arm64 Il2CppTempDirArtifacts/Debug/artifacts/arm64/actx/goki8g2lzypx.o
##### CommandLine
"/Applications/Xcode.app/Contents/Developer/Toolchains/XcodeDefault.xctoolchain/usr/bin/clang++" -std=c++17 -Wswitch -Wno-trigraphs -Wno-tautological-compare -Wno-invalid-offsetof -Wno-implicitly-unsigned-literal -Wno-integer-overflow -Wno-shift-negative-value -Wno-unknown-attributes -Wno-implicit-function-declaration -Wno-null-conversion -Wno-missing-declarations -Wno-unused-value -Wno-pragma-once-outside-header -Wno-unknown-warning-option -Wno-undef-prefix -fvisibility=hidden -isysroot "/Applications/Xcode.app/Contents/Developer/Platforms/iPhoneOS.platform/Developer/SDKs/iPhoneOS18.2.sdk" -fexceptions -frtti -g -O0 -fno-strict-overflow -ffunction-sections -fdata-sections -fmessage-length=0 -pipe -DIL2CPP_DEBUG=1 -DHAVE_BDWGC_GC -DBASELIB_INLINE_NAMESPACE=il2cpp_baselib -DIL2CPP_MONO_DEBUGGER_DISABLED -DRUNTIME_IL2CPP -DTARGET_ARM64 -DIL2CPP_ENABLE_WRITE_BARRIERS=1 -DIL2CPP_INCREMENTAL_TIME_SLICE=3 -D_DEBUG -I"." -I"Il2CppOutputProject/Source/il2cppOutput" -I"Il2CppOutputProject/IL2CPP/libil2cpp/pch" -I"Il2CppOutputProject/IL2CPP/libil2cpp" -I"Il2CppOutputProject/IL2CPP/external/baselib/Include" -I"Il2CppOutputProject/IL2CPP/libil2cpp/os/ClassLibraryPAL/brotli/include" -I"Il2CppOutputProject/IL2CPP/external/baselib/Platforms/IOS/Include" -o "Il2CppTempDirArtifacts/Debug/artifacts/arm64/actx/goki8g2lzypx.o" -fcolor-diagnostics -stdlib=libc++ -arch arm64 -mios-version-min=11.0 -fno-strict-float-cast-overflow -c -x c++ "Il2CppOutputProject/Source/il2cppOutput/Generics__84.cpp"
[237/410    1s] C_iOS_arm64 Il2CppTempDirArtifacts/Debug/artifacts/arm64/actx/v8gus7nowaee.o
##### CommandLine
"/Applications/Xcode.app/Contents/Developer/Toolchains/XcodeDefault.xctoolchain/usr/bin/clang++" -std=c++17 -Wswitch -Wno-trigraphs -Wno-tautological-compare -Wno-invalid-offsetof -Wno-implicitly-unsigned-literal -Wno-integer-overflow -Wno-shift-negative-value -Wno-unknown-attributes -Wno-implicit-function-declaration -Wno-null-conversion -Wno-missing-declarations -Wno-unused-value -Wno-pragma-once-outside-header -Wno-unknown-warning-option -Wno-undef-prefix -fvisibility=hidden -isysroot "/Applications/Xcode.app/Contents/Developer/Platforms/iPhoneOS.platform/Developer/SDKs/iPhoneOS18.2.sdk" -fexceptions -frtti -g -O0 -fno-strict-overflow -ffunction-sections -fdata-sections -fmessage-length=0 -pipe -DIL2CPP_DEBUG=1 -DHAVE_BDWGC_GC -DBASELIB_INLINE_NAMESPACE=il2cpp_baselib -DIL2CPP_MONO_DEBUGGER_DISABLED -DRUNTIME_IL2CPP -DTARGET_ARM64 -DIL2CPP_ENABLE_WRITE_BARRIERS=1 -DIL2CPP_INCREMENTAL_TIME_SLICE=3 -D_DEBUG -I"." -I"Il2CppOutputProject/Source/il2cppOutput" -I"Il2CppOutputProject/IL2CPP/libil2cpp/pch" -I"Il2CppOutputProject/IL2CPP/libil2cpp" -I"Il2CppOutputProject/IL2CPP/external/baselib/Include" -I"Il2CppOutputProject/IL2CPP/libil2cpp/os/ClassLibraryPAL/brotli/include" -I"Il2CppOutputProject/IL2CPP/external/baselib/Platforms/IOS/Include" -o "Il2CppTempDirArtifacts/Debug/artifacts/arm64/actx/v8gus7nowaee.o" -fcolor-diagnostics -stdlib=libc++ -arch arm64 -mios-version-min=11.0 -fno-strict-float-cast-overflow -c -x c++ "Il2CppOutputProject/Source/il2cppOutput/Generics__83.cpp"
[238/410    1s] C_iOS_arm64 Il2CppTempDirArtifacts/Debug/artifacts/arm64/actx/2b8m85wh6oiw.o
##### CommandLine
"/Applications/Xcode.app/Contents/Developer/Toolchains/XcodeDefault.xctoolchain/usr/bin/clang++" -std=c++17 -Wswitch -Wno-trigraphs -Wno-tautological-compare -Wno-invalid-offsetof -Wno-implicitly-unsigned-literal -Wno-integer-overflow -Wno-shift-negative-value -Wno-unknown-attributes -Wno-implicit-function-declaration -Wno-null-conversion -Wno-missing-declarations -Wno-unused-value -Wno-pragma-once-outside-header -Wno-unknown-warning-option -Wno-undef-prefix -fvisibility=hidden -isysroot "/Applications/Xcode.app/Contents/Developer/Platforms/iPhoneOS.platform/Developer/SDKs/iPhoneOS18.2.sdk" -fexceptions -frtti -g -O0 -fno-strict-overflow -ffunction-sections -fdata-sections -fmessage-length=0 -pipe -DIL2CPP_DEBUG=1 -DHAVE_BDWGC_GC -DBASELIB_INLINE_NAMESPACE=il2cpp_baselib -DIL2CPP_MONO_DEBUGGER_DISABLED -DRUNTIME_IL2CPP -DTARGET_ARM64 -DIL2CPP_ENABLE_WRITE_BARRIERS=1 -DIL2CPP_INCREMENTAL_TIME_SLICE=3 -D_DEBUG -I"." -I"Il2CppOutputProject/Source/il2cppOutput" -I"Il2CppOutputProject/IL2CPP/libil2cpp/pch" -I"Il2CppOutputProject/IL2CPP/libil2cpp" -I"Il2CppOutputProject/IL2CPP/external/baselib/Include" -I"Il2CppOutputProject/IL2CPP/libil2cpp/os/ClassLibraryPAL/brotli/include" -I"Il2CppOutputProject/IL2CPP/external/baselib/Platforms/IOS/Include" -o "Il2CppTempDirArtifacts/Debug/artifacts/arm64/actx/2b8m85wh6oiw.o" -fcolor-diagnostics -stdlib=libc++ -arch arm64 -mios-version-min=11.0 -fno-strict-float-cast-overflow -c -x c++ "Il2CppOutputProject/Source/il2cppOutput/Generics__86.cpp"
[239/410    1s] C_iOS_arm64 Il2CppTempDirArtifacts/Debug/artifacts/arm64/actx/atd6cy9qtm2u.o
##### CommandLine
"/Applications/Xcode.app/Contents/Developer/Toolchains/XcodeDefault.xctoolchain/usr/bin/clang++" -std=c++17 -Wswitch -Wno-trigraphs -Wno-tautological-compare -Wno-invalid-offsetof -Wno-implicitly-unsigned-literal -Wno-integer-overflow -Wno-shift-negative-value -Wno-unknown-attributes -Wno-implicit-function-declaration -Wno-null-conversion -Wno-missing-declarations -Wno-unused-value -Wno-pragma-once-outside-header -Wno-unknown-warning-option -Wno-undef-prefix -fvisibility=hidden -isysroot "/Applications/Xcode.app/Contents/Developer/Platforms/iPhoneOS.platform/Developer/SDKs/iPhoneOS18.2.sdk" -fexceptions -frtti -g -O0 -fno-strict-overflow -ffunction-sections -fdata-sections -fmessage-length=0 -pipe -DIL2CPP_DEBUG=1 -DHAVE_BDWGC_GC -DBASELIB_INLINE_NAMESPACE=il2cpp_baselib -DIL2CPP_MONO_DEBUGGER_DISABLED -DRUNTIME_IL2CPP -DTARGET_ARM64 -DIL2CPP_ENABLE_WRITE_BARRIERS=1 -DIL2CPP_INCREMENTAL_TIME_SLICE=3 -D_DEBUG -I"." -I"Il2CppOutputProject/Source/il2cppOutput" -I"Il2CppOutputProject/IL2CPP/libil2cpp/pch" -I"Il2CppOutputProject/IL2CPP/libil2cpp" -I"Il2CppOutputProject/IL2CPP/external/baselib/Include" -I"Il2CppOutputProject/IL2CPP/libil2cpp/os/ClassLibraryPAL/brotli/include" -I"Il2CppOutputProject/IL2CPP/external/baselib/Platforms/IOS/Include" -o "Il2CppTempDirArtifacts/Debug/artifacts/arm64/actx/atd6cy9qtm2u.o" -fcolor-diagnostics -stdlib=libc++ -arch arm64 -mios-version-min=11.0 -fno-strict-float-cast-overflow -c -x c++ "Il2CppOutputProject/Source/il2cppOutput/Generics__82.cpp"
[240/410    1s] C_iOS_arm64 Il2CppTempDirArtifacts/Debug/artifacts/arm64/actx/9ktpsitspklf.o
##### CommandLine
"/Applications/Xcode.app/Contents/Developer/Toolchains/XcodeDefault.xctoolchain/usr/bin/clang++" -std=c++17 -Wswitch -Wno-trigraphs -Wno-tautological-compare -Wno-invalid-offsetof -Wno-implicitly-unsigned-literal -Wno-integer-overflow -Wno-shift-negative-value -Wno-unknown-attributes -Wno-implicit-function-declaration -Wno-null-conversion -Wno-missing-declarations -Wno-unused-value -Wno-pragma-once-outside-header -Wno-unknown-warning-option -Wno-undef-prefix -fvisibility=hidden -isysroot "/Applications/Xcode.app/Contents/Developer/Platforms/iPhoneOS.platform/Developer/SDKs/iPhoneOS18.2.sdk" -fexceptions -frtti -g -O0 -fno-strict-overflow -ffunction-sections -fdata-sections -fmessage-length=0 -pipe -DIL2CPP_DEBUG=1 -DHAVE_BDWGC_GC -DBASELIB_INLINE_NAMESPACE=il2cpp_baselib -DIL2CPP_MONO_DEBUGGER_DISABLED -DRUNTIME_IL2CPP -DTARGET_ARM64 -DIL2CPP_ENABLE_WRITE_BARRIERS=1 -DIL2CPP_INCREMENTAL_TIME_SLICE=3 -D_DEBUG -I"." -I"Il2CppOutputProject/Source/il2cppOutput" -I"Il2CppOutputProject/IL2CPP/libil2cpp/pch" -I"Il2CppOutputProject/IL2CPP/libil2cpp" -I"Il2CppOutputProject/IL2CPP/external/baselib/Include" -I"Il2CppOutputProject/IL2CPP/libil2cpp/os/ClassLibraryPAL/brotli/include" -I"Il2CppOutputProject/IL2CPP/external/baselib/Platforms/IOS/Include" -o "Il2CppTempDirArtifacts/Debug/artifacts/arm64/actx/9ktpsitspklf.o" -fcolor-diagnostics -stdlib=libc++ -arch arm64 -mios-version-min=11.0 -fno-strict-float-cast-overflow -c -x c++ "Il2CppOutputProject/Source/il2cppOutput/Generics__81.cpp"
[241/410    0s] C_iOS_arm64 Il2CppTempDirArtifacts/Debug/artifacts/arm64/actx/e5xzs9h8pt69.o
##### CommandLine
"/Applications/Xcode.app/Contents/Developer/Toolchains/XcodeDefault.xctoolchain/usr/bin/clang++" -std=c++17 -Wswitch -Wno-trigraphs -Wno-tautological-compare -Wno-invalid-offsetof -Wno-implicitly-unsigned-literal -Wno-integer-overflow -Wno-shift-negative-value -Wno-unknown-attributes -Wno-implicit-function-declaration -Wno-null-conversion -Wno-missing-declarations -Wno-unused-value -Wno-pragma-once-outside-header -Wno-unknown-warning-option -Wno-undef-prefix -fvisibility=hidden -isysroot "/Applications/Xcode.app/Contents/Developer/Platforms/iPhoneOS.platform/Developer/SDKs/iPhoneOS18.2.sdk" -fexceptions -frtti -g -O0 -fno-strict-overflow -ffunction-sections -fdata-sections -fmessage-length=0 -pipe -DIL2CPP_DEBUG=1 -DHAVE_BDWGC_GC -DBASELIB_INLINE_NAMESPACE=il2cpp_baselib -DIL2CPP_MONO_DEBUGGER_DISABLED -DRUNTIME_IL2CPP -DTARGET_ARM64 -DIL2CPP_ENABLE_WRITE_BARRIERS=1 -DIL2CPP_INCREMENTAL_TIME_SLICE=3 -D_DEBUG -I"." -I"Il2CppOutputProject/Source/il2cppOutput" -I"Il2CppOutputProject/IL2CPP/libil2cpp/pch" -I"Il2CppOutputProject/IL2CPP/libil2cpp" -I"Il2CppOutputProject/IL2CPP/external/baselib/Include" -I"Il2CppOutputProject/IL2CPP/libil2cpp/os/ClassLibraryPAL/brotli/include" -I"Il2CppOutputProject/IL2CPP/external/baselib/Platforms/IOS/Include" -o "Il2CppTempDirArtifacts/Debug/artifacts/arm64/actx/e5xzs9h8pt69.o" -fcolor-diagnostics -stdlib=libc++ -arch arm64 -mios-version-min=11.0 -fno-strict-float-cast-overflow -c -x c++ "Il2CppOutputProject/Source/il2cppOutput/Generics__8.cpp"
[242/410    1s] C_iOS_arm64 Il2CppTempDirArtifacts/Debug/artifacts/arm64/actx/o5p1c9evmw9v.o
##### CommandLine
"/Applications/Xcode.app/Contents/Developer/Toolchains/XcodeDefault.xctoolchain/usr/bin/clang++" -std=c++17 -Wswitch -Wno-trigraphs -Wno-tautological-compare -Wno-invalid-offsetof -Wno-implicitly-unsigned-literal -Wno-integer-overflow -Wno-shift-negative-value -Wno-unknown-attributes -Wno-implicit-function-declaration -Wno-null-conversion -Wno-missing-declarations -Wno-unused-value -Wno-pragma-once-outside-header -Wno-unknown-warning-option -Wno-undef-prefix -fvisibility=hidden -isysroot "/Applications/Xcode.app/Contents/Developer/Platforms/iPhoneOS.platform/Developer/SDKs/iPhoneOS18.2.sdk" -fexceptions -frtti -g -O0 -fno-strict-overflow -ffunction-sections -fdata-sections -fmessage-length=0 -pipe -DIL2CPP_DEBUG=1 -DHAVE_BDWGC_GC -DBASELIB_INLINE_NAMESPACE=il2cpp_baselib -DIL2CPP_MONO_DEBUGGER_DISABLED -DRUNTIME_IL2CPP -DTARGET_ARM64 -DIL2CPP_ENABLE_WRITE_BARRIERS=1 -DIL2CPP_INCREMENTAL_TIME_SLICE=3 -D_DEBUG -I"." -I"Il2CppOutputProject/Source/il2cppOutput" -I"Il2CppOutputProject/IL2CPP/libil2cpp/pch" -I"Il2CppOutputProject/IL2CPP/libil2cpp" -I"Il2CppOutputProject/IL2CPP/external/baselib/Include" -I"Il2CppOutputProject/IL2CPP/libil2cpp/os/ClassLibraryPAL/brotli/include" -I"Il2CppOutputProject/IL2CPP/external/baselib/Platforms/IOS/Include" -o "Il2CppTempDirArtifacts/Debug/artifacts/arm64/actx/o5p1c9evmw9v.o" -fcolor-diagnostics -stdlib=libc++ -arch arm64 -mios-version-min=11.0 -fno-strict-float-cast-overflow -c -x c++ "Il2CppOutputProject/Source/il2cppOutput/Generics__80.cpp"
[243/410    0s] C_iOS_arm64 Il2CppTempDirArtifacts/Debug/artifacts/arm64/actx/hxv8z71waac0.o
##### CommandLine
"/Applications/Xcode.app/Contents/Developer/Toolchains/XcodeDefault.xctoolchain/usr/bin/clang++" -std=c++17 -Wswitch -Wno-trigraphs -Wno-tautological-compare -Wno-invalid-offsetof -Wno-implicitly-unsigned-literal -Wno-integer-overflow -Wno-shift-negative-value -Wno-unknown-attributes -Wno-implicit-function-declaration -Wno-null-conversion -Wno-missing-declarations -Wno-unused-value -Wno-pragma-once-outside-header -Wno-unknown-warning-option -Wno-undef-prefix -fvisibility=hidden -isysroot "/Applications/Xcode.app/Contents/Developer/Platforms/iPhoneOS.platform/Developer/SDKs/iPhoneOS18.2.sdk" -fexceptions -frtti -g -O0 -fno-strict-overflow -ffunction-sections -fdata-sections -fmessage-length=0 -pipe -DIL2CPP_DEBUG=1 -DHAVE_BDWGC_GC -DBASELIB_INLINE_NAMESPACE=il2cpp_baselib -DIL2CPP_MONO_DEBUGGER_DISABLED -DRUNTIME_IL2CPP -DTARGET_ARM64 -DIL2CPP_ENABLE_WRITE_BARRIERS=1 -DIL2CPP_INCREMENTAL_TIME_SLICE=3 -D_DEBUG -I"." -I"Il2CppOutputProject/Source/il2cppOutput" -I"Il2CppOutputProject/IL2CPP/libil2cpp/pch" -I"Il2CppOutputProject/IL2CPP/libil2cpp" -I"Il2CppOutputProject/IL2CPP/external/baselib/Include" -I"Il2CppOutputProject/IL2CPP/libil2cpp/os/ClassLibraryPAL/brotli/include" -I"Il2CppOutputProject/IL2CPP/external/baselib/Platforms/IOS/Include" -o "Il2CppTempDirArtifacts/Debug/artifacts/arm64/actx/hxv8z71waac0.o" -fcolor-diagnostics -stdlib=libc++ -arch arm64 -mios-version-min=11.0 -fno-strict-float-cast-overflow -c -x c++ "Il2CppOutputProject/Source/il2cppOutput/Generics__78.cpp"
[244/410    0s] C_iOS_arm64 Il2CppTempDirArtifacts/Debug/artifacts/arm64/actx/gpbsfsly67uk.o
##### CommandLine
"/Applications/Xcode.app/Contents/Developer/Toolchains/XcodeDefault.xctoolchain/usr/bin/clang++" -std=c++17 -Wswitch -Wno-trigraphs -Wno-tautological-compare -Wno-invalid-offsetof -Wno-implicitly-unsigned-literal -Wno-integer-overflow -Wno-shift-negative-value -Wno-unknown-attributes -Wno-implicit-function-declaration -Wno-null-conversion -Wno-missing-declarations -Wno-unused-value -Wno-pragma-once-outside-header -Wno-unknown-warning-option -Wno-undef-prefix -fvisibility=hidden -isysroot "/Applications/Xcode.app/Contents/Developer/Platforms/iPhoneOS.platform/Developer/SDKs/iPhoneOS18.2.sdk" -fexceptions -frtti -g -O0 -fno-strict-overflow -ffunction-sections -fdata-sections -fmessage-length=0 -pipe -DIL2CPP_DEBUG=1 -DHAVE_BDWGC_GC -DBASELIB_INLINE_NAMESPACE=il2cpp_baselib -DIL2CPP_MONO_DEBUGGER_DISABLED -DRUNTIME_IL2CPP -DTARGET_ARM64 -DIL2CPP_ENABLE_WRITE_BARRIERS=1 -DIL2CPP_INCREMENTAL_TIME_SLICE=3 -D_DEBUG -I"." -I"Il2CppOutputProject/Source/il2cppOutput" -I"Il2CppOutputProject/IL2CPP/libil2cpp/pch" -I"Il2CppOutputProject/IL2CPP/libil2cpp" -I"Il2CppOutputProject/IL2CPP/external/baselib/Include" -I"Il2CppOutputProject/IL2CPP/libil2cpp/os/ClassLibraryPAL/brotli/include" -I"Il2CppOutputProject/IL2CPP/external/baselib/Platforms/IOS/Include" -o "Il2CppTempDirArtifacts/Debug/artifacts/arm64/actx/gpbsfsly67uk.o" -fcolor-diagnostics -stdlib=libc++ -arch arm64 -mios-version-min=11.0 -fno-strict-float-cast-overflow -c -x c++ "Il2CppOutputProject/Source/il2cppOutput/Generics__77.cpp"
[245/410    1s] C_iOS_arm64 Il2CppTempDirArtifacts/Debug/artifacts/arm64/actx/2czwfhgudynj.o
##### CommandLine
"/Applications/Xcode.app/Contents/Developer/Toolchains/XcodeDefault.xctoolchain/usr/bin/clang++" -std=c++17 -Wswitch -Wno-trigraphs -Wno-tautological-compare -Wno-invalid-offsetof -Wno-implicitly-unsigned-literal -Wno-integer-overflow -Wno-shift-negative-value -Wno-unknown-attributes -Wno-implicit-function-declaration -Wno-null-conversion -Wno-missing-declarations -Wno-unused-value -Wno-pragma-once-outside-header -Wno-unknown-warning-option -Wno-undef-prefix -fvisibility=hidden -isysroot "/Applications/Xcode.app/Contents/Developer/Platforms/iPhoneOS.platform/Developer/SDKs/iPhoneOS18.2.sdk" -fexceptions -frtti -g -O0 -fno-strict-overflow -ffunction-sections -fdata-sections -fmessage-length=0 -pipe -DIL2CPP_DEBUG=1 -DHAVE_BDWGC_GC -DBASELIB_INLINE_NAMESPACE=il2cpp_baselib -DIL2CPP_MONO_DEBUGGER_DISABLED -DRUNTIME_IL2CPP -DTARGET_ARM64 -DIL2CPP_ENABLE_WRITE_BARRIERS=1 -DIL2CPP_INCREMENTAL_TIME_SLICE=3 -D_DEBUG -I"." -I"Il2CppOutputProject/Source/il2cppOutput" -I"Il2CppOutputProject/IL2CPP/libil2cpp/pch" -I"Il2CppOutputProject/IL2CPP/libil2cpp" -I"Il2CppOutputProject/IL2CPP/external/baselib/Include" -I"Il2CppOutputProject/IL2CPP/libil2cpp/os/ClassLibraryPAL/brotli/include" -I"Il2CppOutputProject/IL2CPP/external/baselib/Platforms/IOS/Include" -o "Il2CppTempDirArtifacts/Debug/artifacts/arm64/actx/2czwfhgudynj.o" -fcolor-diagnostics -stdlib=libc++ -arch arm64 -mios-version-min=11.0 -fno-strict-float-cast-overflow -c -x c++ "Il2CppOutputProject/Source/il2cppOutput/Generics__79.cpp"
[246/410    0s] C_iOS_arm64 Il2CppTempDirArtifacts/Debug/artifacts/arm64/actx/v973zi703jj1.o
##### CommandLine
"/Applications/Xcode.app/Contents/Developer/Toolchains/XcodeDefault.xctoolchain/usr/bin/clang++" -std=c++17 -Wswitch -Wno-trigraphs -Wno-tautological-compare -Wno-invalid-offsetof -Wno-implicitly-unsigned-literal -Wno-integer-overflow -Wno-shift-negative-value -Wno-unknown-attributes -Wno-implicit-function-declaration -Wno-null-conversion -Wno-missing-declarations -Wno-unused-value -Wno-pragma-once-outside-header -Wno-unknown-warning-option -Wno-undef-prefix -fvisibility=hidden -isysroot "/Applications/Xcode.app/Contents/Developer/Platforms/iPhoneOS.platform/Developer/SDKs/iPhoneOS18.2.sdk" -fexceptions -frtti -g -O0 -fno-strict-overflow -ffunction-sections -fdata-sections -fmessage-length=0 -pipe -DIL2CPP_DEBUG=1 -DHAVE_BDWGC_GC -DBASELIB_INLINE_NAMESPACE=il2cpp_baselib -DIL2CPP_MONO_DEBUGGER_DISABLED -DRUNTIME_IL2CPP -DTARGET_ARM64 -DIL2CPP_ENABLE_WRITE_BARRIERS=1 -DIL2CPP_INCREMENTAL_TIME_SLICE=3 -D_DEBUG -I"." -I"Il2CppOutputProject/Source/il2cppOutput" -I"Il2CppOutputProject/IL2CPP/libil2cpp/pch" -I"Il2CppOutputProject/IL2CPP/libil2cpp" -I"Il2CppOutputProject/IL2CPP/external/baselib/Include" -I"Il2CppOutputProject/IL2CPP/libil2cpp/os/ClassLibraryPAL/brotli/include" -I"Il2CppOutputProject/IL2CPP/external/baselib/Platforms/IOS/Include" -o "Il2CppTempDirArtifacts/Debug/artifacts/arm64/actx/v973zi703jj1.o" -fcolor-diagnostics -stdlib=libc++ -arch arm64 -mios-version-min=11.0 -fno-strict-float-cast-overflow -c -x c++ "Il2CppOutputProject/Source/il2cppOutput/Generics__76.cpp"
[247/410    0s] C_iOS_arm64 Il2CppTempDirArtifacts/Debug/artifacts/arm64/actx/u1nnf3q2zh2l.o
##### CommandLine
"/Applications/Xcode.app/Contents/Developer/Toolchains/XcodeDefault.xctoolchain/usr/bin/clang++" -std=c++17 -Wswitch -Wno-trigraphs -Wno-tautological-compare -Wno-invalid-offsetof -Wno-implicitly-unsigned-literal -Wno-integer-overflow -Wno-shift-negative-value -Wno-unknown-attributes -Wno-implicit-function-declaration -Wno-null-conversion -Wno-missing-declarations -Wno-unused-value -Wno-pragma-once-outside-header -Wno-unknown-warning-option -Wno-undef-prefix -fvisibility=hidden -isysroot "/Applications/Xcode.app/Contents/Developer/Platforms/iPhoneOS.platform/Developer/SDKs/iPhoneOS18.2.sdk" -fexceptions -frtti -g -O0 -fno-strict-overflow -ffunction-sections -fdata-sections -fmessage-length=0 -pipe -DIL2CPP_DEBUG=1 -DHAVE_BDWGC_GC -DBASELIB_INLINE_NAMESPACE=il2cpp_baselib -DIL2CPP_MONO_DEBUGGER_DISABLED -DRUNTIME_IL2CPP -DTARGET_ARM64 -DIL2CPP_ENABLE_WRITE_BARRIERS=1 -DIL2CPP_INCREMENTAL_TIME_SLICE=3 -D_DEBUG -I"." -I"Il2CppOutputProject/Source/il2cppOutput" -I"Il2CppOutputProject/IL2CPP/libil2cpp/pch" -I"Il2CppOutputProject/IL2CPP/libil2cpp" -I"Il2CppOutputProject/IL2CPP/external/baselib/Include" -I"Il2CppOutputProject/IL2CPP/libil2cpp/os/ClassLibraryPAL/brotli/include" -I"Il2CppOutputProject/IL2CPP/external/baselib/Platforms/IOS/Include" -o "Il2CppTempDirArtifacts/Debug/artifacts/arm64/actx/u1nnf3q2zh2l.o" -fcolor-diagnostics -stdlib=libc++ -arch arm64 -mios-version-min=11.0 -fno-strict-float-cast-overflow -c -x c++ "Il2CppOutputProject/Source/il2cppOutput/Generics__75.cpp"
[248/410    0s] C_iOS_arm64 Il2CppTempDirArtifacts/Debug/artifacts/arm64/actx/9lkzztc5wtq2.o
##### CommandLine
"/Applications/Xcode.app/Contents/Developer/Toolchains/XcodeDefault.xctoolchain/usr/bin/clang++" -std=c++17 -Wswitch -Wno-trigraphs -Wno-tautological-compare -Wno-invalid-offsetof -Wno-implicitly-unsigned-literal -Wno-integer-overflow -Wno-shift-negative-value -Wno-unknown-attributes -Wno-implicit-function-declaration -Wno-null-conversion -Wno-missing-declarations -Wno-unused-value -Wno-pragma-once-outside-header -Wno-unknown-warning-option -Wno-undef-prefix -fvisibility=hidden -isysroot "/Applications/Xcode.app/Contents/Developer/Platforms/iPhoneOS.platform/Developer/SDKs/iPhoneOS18.2.sdk" -fexceptions -frtti -g -O0 -fno-strict-overflow -ffunction-sections -fdata-sections -fmessage-length=0 -pipe -DIL2CPP_DEBUG=1 -DHAVE_BDWGC_GC -DBASELIB_INLINE_NAMESPACE=il2cpp_baselib -DIL2CPP_MONO_DEBUGGER_DISABLED -DRUNTIME_IL2CPP -DTARGET_ARM64 -DIL2CPP_ENABLE_WRITE_BARRIERS=1 -DIL2CPP_INCREMENTAL_TIME_SLICE=3 -D_DEBUG -I"." -I"Il2CppOutputProject/Source/il2cppOutput" -I"Il2CppOutputProject/IL2CPP/libil2cpp/pch" -I"Il2CppOutputProject/IL2CPP/libil2cpp" -I"Il2CppOutputProject/IL2CPP/external/baselib/Include" -I"Il2CppOutputProject/IL2CPP/libil2cpp/os/ClassLibraryPAL/brotli/include" -I"Il2CppOutputProject/IL2CPP/external/baselib/Platforms/IOS/Include" -o "Il2CppTempDirArtifacts/Debug/artifacts/arm64/actx/9lkzztc5wtq2.o" -fcolor-diagnostics -stdlib=libc++ -arch arm64 -mios-version-min=11.0 -fno-strict-float-cast-overflow -c -x c++ "Il2CppOutputProject/Source/il2cppOutput/Generics__74.cpp"
[249/410    0s] C_iOS_arm64 Il2CppTempDirArtifacts/Debug/artifacts/arm64/actx/o6gbkky7t5ej.o
##### CommandLine
"/Applications/Xcode.app/Contents/Developer/Toolchains/XcodeDefault.xctoolchain/usr/bin/clang++" -std=c++17 -Wswitch -Wno-trigraphs -Wno-tautological-compare -Wno-invalid-offsetof -Wno-implicitly-unsigned-literal -Wno-integer-overflow -Wno-shift-negative-value -Wno-unknown-attributes -Wno-implicit-function-declaration -Wno-null-conversion -Wno-missing-declarations -Wno-unused-value -Wno-pragma-once-outside-header -Wno-unknown-warning-option -Wno-undef-prefix -fvisibility=hidden -isysroot "/Applications/Xcode.app/Contents/Developer/Platforms/iPhoneOS.platform/Developer/SDKs/iPhoneOS18.2.sdk" -fexceptions -frtti -g -O0 -fno-strict-overflow -ffunction-sections -fdata-sections -fmessage-length=0 -pipe -DIL2CPP_DEBUG=1 -DHAVE_BDWGC_GC -DBASELIB_INLINE_NAMESPACE=il2cpp_baselib -DIL2CPP_MONO_DEBUGGER_DISABLED -DRUNTIME_IL2CPP -DTARGET_ARM64 -DIL2CPP_ENABLE_WRITE_BARRIERS=1 -DIL2CPP_INCREMENTAL_TIME_SLICE=3 -D_DEBUG -I"." -I"Il2CppOutputProject/Source/il2cppOutput" -I"Il2CppOutputProject/IL2CPP/libil2cpp/pch" -I"Il2CppOutputProject/IL2CPP/libil2cpp" -I"Il2CppOutputProject/IL2CPP/external/baselib/Include" -I"Il2CppOutputProject/IL2CPP/libil2cpp/os/ClassLibraryPAL/brotli/include" -I"Il2CppOutputProject/IL2CPP/external/baselib/Platforms/IOS/Include" -o "Il2CppTempDirArtifacts/Debug/artifacts/arm64/actx/o6gbkky7t5ej.o" -fcolor-diagnostics -stdlib=libc++ -arch arm64 -mios-version-min=11.0 -fno-strict-float-cast-overflow -c -x c++ "Il2CppOutputProject/Source/il2cppOutput/Generics__73.cpp"
[250/410    4s] C_iOS_arm64 Il2CppTempDirArtifacts/Debug/artifacts/arm64/actx/wcelm5fjwm8i.o
##### CommandLine
"/Applications/Xcode.app/Contents/Developer/Toolchains/XcodeDefault.xctoolchain/usr/bin/clang++" -std=c++17 -Wswitch -Wno-trigraphs -Wno-tautological-compare -Wno-invalid-offsetof -Wno-implicitly-unsigned-literal -Wno-integer-overflow -Wno-shift-negative-value -Wno-unknown-attributes -Wno-implicit-function-declaration -Wno-null-conversion -Wno-missing-declarations -Wno-unused-value -Wno-pragma-once-outside-header -Wno-unknown-warning-option -Wno-undef-prefix -fvisibility=hidden -isysroot "/Applications/Xcode.app/Contents/Developer/Platforms/iPhoneOS.platform/Developer/SDKs/iPhoneOS18.2.sdk" -fexceptions -frtti -g -O0 -fno-strict-overflow -ffunction-sections -fdata-sections -fmessage-length=0 -pipe -DIL2CPP_DEBUG=1 -DHAVE_BDWGC_GC -DBASELIB_INLINE_NAMESPACE=il2cpp_baselib -DIL2CPP_MONO_DEBUGGER_DISABLED -DRUNTIME_IL2CPP -DTARGET_ARM64 -DIL2CPP_ENABLE_WRITE_BARRIERS=1 -DIL2CPP_INCREMENTAL_TIME_SLICE=3 -D_DEBUG -I"." -I"Il2CppOutputProject/Source/il2cppOutput" -I"Il2CppOutputProject/IL2CPP/libil2cpp/pch" -I"Il2CppOutputProject/IL2CPP/libil2cpp" -I"Il2CppOutputProject/IL2CPP/external/baselib/Include" -I"Il2CppOutputProject/IL2CPP/libil2cpp/os/ClassLibraryPAL/brotli/include" -I"Il2CppOutputProject/IL2CPP/external/baselib/Platforms/IOS/Include" -o "Il2CppTempDirArtifacts/Debug/artifacts/arm64/actx/wcelm5fjwm8i.o" -fcolor-diagnostics -stdlib=libc++ -arch arm64 -mios-version-min=11.0 -fno-strict-float-cast-overflow -c -x c++ "Il2CppOutputProject/Source/il2cppOutput/Il2CppInvokerTable.cpp"
[251/410    0s] C_iOS_arm64 Il2CppTempDirArtifacts/Debug/artifacts/arm64/actx/2it6jv3bnfmk.o
##### CommandLine
"/Applications/Xcode.app/Contents/Developer/Toolchains/XcodeDefault.xctoolchain/usr/bin/clang++" -std=c++17 -Wswitch -Wno-trigraphs -Wno-tautological-compare -Wno-invalid-offsetof -Wno-implicitly-unsigned-literal -Wno-integer-overflow -Wno-shift-negative-value -Wno-unknown-attributes -Wno-implicit-function-declaration -Wno-null-conversion -Wno-missing-declarations -Wno-unused-value -Wno-pragma-once-outside-header -Wno-unknown-warning-option -Wno-undef-prefix -fvisibility=hidden -isysroot "/Applications/Xcode.app/Contents/Developer/Platforms/iPhoneOS.platform/Developer/SDKs/iPhoneOS18.2.sdk" -fexceptions -frtti -g -O0 -fno-strict-overflow -ffunction-sections -fdata-sections -fmessage-length=0 -pipe -DIL2CPP_DEBUG=1 -DHAVE_BDWGC_GC -DBASELIB_INLINE_NAMESPACE=il2cpp_baselib -DIL2CPP_MONO_DEBUGGER_DISABLED -DRUNTIME_IL2CPP -DTARGET_ARM64 -DIL2CPP_ENABLE_WRITE_BARRIERS=1 -DIL2CPP_INCREMENTAL_TIME_SLICE=3 -D_DEBUG -I"." -I"Il2CppOutputProject/Source/il2cppOutput" -I"Il2CppOutputProject/IL2CPP/libil2cpp/pch" -I"Il2CppOutputProject/IL2CPP/libil2cpp" -I"Il2CppOutputProject/IL2CPP/external/baselib/Include" -I"Il2CppOutputProject/IL2CPP/libil2cpp/os/ClassLibraryPAL/brotli/include" -I"Il2CppOutputProject/IL2CPP/external/baselib/Platforms/IOS/Include" -o "Il2CppTempDirArtifacts/Debug/artifacts/arm64/actx/2it6jv3bnfmk.o" -fcolor-diagnostics -stdlib=libc++ -arch arm64 -mios-version-min=11.0 -fno-strict-float-cast-overflow -c -x c++ "Il2CppOutputProject/Source/il2cppOutput/Generics__71.cpp"
[252/410    0s] C_iOS_arm64 Il2CppTempDirArtifacts/Debug/artifacts/arm64/actx/nywuz4h9p3x3.o
##### CommandLine
"/Applications/Xcode.app/Contents/Developer/Toolchains/XcodeDefault.xctoolchain/usr/bin/clang++" -std=c++17 -Wswitch -Wno-trigraphs -Wno-tautological-compare -Wno-invalid-offsetof -Wno-implicitly-unsigned-literal -Wno-integer-overflow -Wno-shift-negative-value -Wno-unknown-attributes -Wno-implicit-function-declaration -Wno-null-conversion -Wno-missing-declarations -Wno-unused-value -Wno-pragma-once-outside-header -Wno-unknown-warning-option -Wno-undef-prefix -fvisibility=hidden -isysroot "/Applications/Xcode.app/Contents/Developer/Platforms/iPhoneOS.platform/Developer/SDKs/iPhoneOS18.2.sdk" -fexceptions -frtti -g -O0 -fno-strict-overflow -ffunction-sections -fdata-sections -fmessage-length=0 -pipe -DIL2CPP_DEBUG=1 -DHAVE_BDWGC_GC -DBASELIB_INLINE_NAMESPACE=il2cpp_baselib -DIL2CPP_MONO_DEBUGGER_DISABLED -DRUNTIME_IL2CPP -DTARGET_ARM64 -DIL2CPP_ENABLE_WRITE_BARRIERS=1 -DIL2CPP_INCREMENTAL_TIME_SLICE=3 -D_DEBUG -I"." -I"Il2CppOutputProject/Source/il2cppOutput" -I"Il2CppOutputProject/IL2CPP/libil2cpp/pch" -I"Il2CppOutputProject/IL2CPP/libil2cpp" -I"Il2CppOutputProject/IL2CPP/external/baselib/Include" -I"Il2CppOutputProject/IL2CPP/libil2cpp/os/ClassLibraryPAL/brotli/include" -I"Il2CppOutputProject/IL2CPP/external/baselib/Platforms/IOS/Include" -o "Il2CppTempDirArtifacts/Debug/artifacts/arm64/actx/nywuz4h9p3x3.o" -fcolor-diagnostics -stdlib=libc++ -arch arm64 -mios-version-min=11.0 -fno-strict-float-cast-overflow -c -x c++ "Il2CppOutputProject/Source/il2cppOutput/Generics__72.cpp"
[253/410    0s] C_iOS_arm64 Il2CppTempDirArtifacts/Debug/artifacts/arm64/actx/h3pi4lpekra1.o
##### CommandLine
"/Applications/Xcode.app/Contents/Developer/Toolchains/XcodeDefault.xctoolchain/usr/bin/clang++" -std=c++17 -Wswitch -Wno-trigraphs -Wno-tautological-compare -Wno-invalid-offsetof -Wno-implicitly-unsigned-literal -Wno-integer-overflow -Wno-shift-negative-value -Wno-unknown-attributes -Wno-implicit-function-declaration -Wno-null-conversion -Wno-missing-declarations -Wno-unused-value -Wno-pragma-once-outside-header -Wno-unknown-warning-option -Wno-undef-prefix -fvisibility=hidden -isysroot "/Applications/Xcode.app/Contents/Developer/Platforms/iPhoneOS.platform/Developer/SDKs/iPhoneOS18.2.sdk" -fexceptions -frtti -g -O0 -fno-strict-overflow -ffunction-sections -fdata-sections -fmessage-length=0 -pipe -DIL2CPP_DEBUG=1 -DHAVE_BDWGC_GC -DBASELIB_INLINE_NAMESPACE=il2cpp_baselib -DIL2CPP_MONO_DEBUGGER_DISABLED -DRUNTIME_IL2CPP -DTARGET_ARM64 -DIL2CPP_ENABLE_WRITE_BARRIERS=1 -DIL2CPP_INCREMENTAL_TIME_SLICE=3 -D_DEBUG -I"." -I"Il2CppOutputProject/Source/il2cppOutput" -I"Il2CppOutputProject/IL2CPP/libil2cpp/pch" -I"Il2CppOutputProject/IL2CPP/libil2cpp" -I"Il2CppOutputProject/IL2CPP/external/baselib/Include" -I"Il2CppOutputProject/IL2CPP/libil2cpp/os/ClassLibraryPAL/brotli/include" -I"Il2CppOutputProject/IL2CPP/external/baselib/Platforms/IOS/Include" -o "Il2CppTempDirArtifacts/Debug/artifacts/arm64/actx/h3pi4lpekra1.o" -fcolor-diagnostics -stdlib=libc++ -arch arm64 -mios-version-min=11.0 -fno-strict-float-cast-overflow -c -x c++ "Il2CppOutputProject/Source/il2cppOutput/Generics__70.cpp"
[254/410    0s] C_iOS_arm64 Il2CppTempDirArtifacts/Debug/artifacts/arm64/actx/vazd7tqdbtoo.o
##### CommandLine
"/Applications/Xcode.app/Contents/Developer/Toolchains/XcodeDefault.xctoolchain/usr/bin/clang++" -std=c++17 -Wswitch -Wno-trigraphs -Wno-tautological-compare -Wno-invalid-offsetof -Wno-implicitly-unsigned-literal -Wno-integer-overflow -Wno-shift-negative-value -Wno-unknown-attributes -Wno-implicit-function-declaration -Wno-null-conversion -Wno-missing-declarations -Wno-unused-value -Wno-pragma-once-outside-header -Wno-unknown-warning-option -Wno-undef-prefix -fvisibility=hidden -isysroot "/Applications/Xcode.app/Contents/Developer/Platforms/iPhoneOS.platform/Developer/SDKs/iPhoneOS18.2.sdk" -fexceptions -frtti -g -O0 -fno-strict-overflow -ffunction-sections -fdata-sections -fmessage-length=0 -pipe -DIL2CPP_DEBUG=1 -DHAVE_BDWGC_GC -DBASELIB_INLINE_NAMESPACE=il2cpp_baselib -DIL2CPP_MONO_DEBUGGER_DISABLED -DRUNTIME_IL2CPP -DTARGET_ARM64 -DIL2CPP_ENABLE_WRITE_BARRIERS=1 -DIL2CPP_INCREMENTAL_TIME_SLICE=3 -D_DEBUG -I"." -I"Il2CppOutputProject/Source/il2cppOutput" -I"Il2CppOutputProject/IL2CPP/libil2cpp/pch" -I"Il2CppOutputProject/IL2CPP/libil2cpp" -I"Il2CppOutputProject/IL2CPP/external/baselib/Include" -I"Il2CppOutputProject/IL2CPP/libil2cpp/os/ClassLibraryPAL/brotli/include" -I"Il2CppOutputProject/IL2CPP/external/baselib/Platforms/IOS/Include" -o "Il2CppTempDirArtifacts/Debug/artifacts/arm64/actx/vazd7tqdbtoo.o" -fcolor-diagnostics -stdlib=libc++ -arch arm64 -mios-version-min=11.0 -fno-strict-float-cast-overflow -c -x c++ "Il2CppOutputProject/Source/il2cppOutput/Generics__69.cpp"
[255/410    0s] C_iOS_arm64 Il2CppTempDirArtifacts/Debug/artifacts/arm64/actx/u2exmeaf7q78.o
##### CommandLine
"/Applications/Xcode.app/Contents/Developer/Toolchains/XcodeDefault.xctoolchain/usr/bin/clang++" -std=c++17 -Wswitch -Wno-trigraphs -Wno-tautological-compare -Wno-invalid-offsetof -Wno-implicitly-unsigned-literal -Wno-integer-overflow -Wno-shift-negative-value -Wno-unknown-attributes -Wno-implicit-function-declaration -Wno-null-conversion -Wno-missing-declarations -Wno-unused-value -Wno-pragma-once-outside-header -Wno-unknown-warning-option -Wno-undef-prefix -fvisibility=hidden -isysroot "/Applications/Xcode.app/Contents/Developer/Platforms/iPhoneOS.platform/Developer/SDKs/iPhoneOS18.2.sdk" -fexceptions -frtti -g -O0 -fno-strict-overflow -ffunction-sections -fdata-sections -fmessage-length=0 -pipe -DIL2CPP_DEBUG=1 -DHAVE_BDWGC_GC -DBASELIB_INLINE_NAMESPACE=il2cpp_baselib -DIL2CPP_MONO_DEBUGGER_DISABLED -DRUNTIME_IL2CPP -DTARGET_ARM64 -DIL2CPP_ENABLE_WRITE_BARRIERS=1 -DIL2CPP_INCREMENTAL_TIME_SLICE=3 -D_DEBUG -I"." -I"Il2CppOutputProject/Source/il2cppOutput" -I"Il2CppOutputProject/IL2CPP/libil2cpp/pch" -I"Il2CppOutputProject/IL2CPP/libil2cpp" -I"Il2CppOutputProject/IL2CPP/external/baselib/Include" -I"Il2CppOutputProject/IL2CPP/libil2cpp/os/ClassLibraryPAL/brotli/include" -I"Il2CppOutputProject/IL2CPP/external/baselib/Platforms/IOS/Include" -o "Il2CppTempDirArtifacts/Debug/artifacts/arm64/actx/u2exmeaf7q78.o" -fcolor-diagnostics -stdlib=libc++ -arch arm64 -mios-version-min=11.0 -fno-strict-float-cast-overflow -c -x c++ "Il2CppOutputProject/Source/il2cppOutput/Generics__68.cpp"
[256/410    0s] C_iOS_arm64 Il2CppTempDirArtifacts/Debug/artifacts/arm64/actx/9mb964vh42vp.o
##### CommandLine
"/Applications/Xcode.app/Contents/Developer/Toolchains/XcodeDefault.xctoolchain/usr/bin/clang++" -std=c++17 -Wswitch -Wno-trigraphs -Wno-tautological-compare -Wno-invalid-offsetof -Wno-implicitly-unsigned-literal -Wno-integer-overflow -Wno-shift-negative-value -Wno-unknown-attributes -Wno-implicit-function-declaration -Wno-null-conversion -Wno-missing-declarations -Wno-unused-value -Wno-pragma-once-outside-header -Wno-unknown-warning-option -Wno-undef-prefix -fvisibility=hidden -isysroot "/Applications/Xcode.app/Contents/Developer/Platforms/iPhoneOS.platform/Developer/SDKs/iPhoneOS18.2.sdk" -fexceptions -frtti -g -O0 -fno-strict-overflow -ffunction-sections -fdata-sections -fmessage-length=0 -pipe -DIL2CPP_DEBUG=1 -DHAVE_BDWGC_GC -DBASELIB_INLINE_NAMESPACE=il2cpp_baselib -DIL2CPP_MONO_DEBUGGER_DISABLED -DRUNTIME_IL2CPP -DTARGET_ARM64 -DIL2CPP_ENABLE_WRITE_BARRIERS=1 -DIL2CPP_INCREMENTAL_TIME_SLICE=3 -D_DEBUG -I"." -I"Il2CppOutputProject/Source/il2cppOutput" -I"Il2CppOutputProject/IL2CPP/libil2cpp/pch" -I"Il2CppOutputProject/IL2CPP/libil2cpp" -I"Il2CppOutputProject/IL2CPP/external/baselib/Include" -I"Il2CppOutputProject/IL2CPP/libil2cpp/os/ClassLibraryPAL/brotli/include" -I"Il2CppOutputProject/IL2CPP/external/baselib/Platforms/IOS/Include" -o "Il2CppTempDirArtifacts/Debug/artifacts/arm64/actx/9mb964vh42vp.o" -fcolor-diagnostics -stdlib=libc++ -arch arm64 -mios-version-min=11.0 -fno-strict-float-cast-overflow -c -x c++ "Il2CppOutputProject/Source/il2cppOutput/Generics__67.cpp"
[257/410    1s] C_iOS_arm64 Il2CppTempDirArtifacts/Debug/artifacts/arm64/actx/tpubd03an5uq.o
##### CommandLine
"/Applications/Xcode.app/Contents/Developer/Toolchains/XcodeDefault.xctoolchain/usr/bin/clang++" -std=c++17 -Wswitch -Wno-trigraphs -Wno-tautological-compare -Wno-invalid-offsetof -Wno-implicitly-unsigned-literal -Wno-integer-overflow -Wno-shift-negative-value -Wno-unknown-attributes -Wno-implicit-function-declaration -Wno-null-conversion -Wno-missing-declarations -Wno-unused-value -Wno-pragma-once-outside-header -Wno-unknown-warning-option -Wno-undef-prefix -fvisibility=hidden -isysroot "/Applications/Xcode.app/Contents/Developer/Platforms/iPhoneOS.platform/Developer/SDKs/iPhoneOS18.2.sdk" -fexceptions -frtti -g -O0 -fno-strict-overflow -ffunction-sections -fdata-sections -fmessage-length=0 -pipe -DIL2CPP_DEBUG=1 -DHAVE_BDWGC_GC -DBASELIB_INLINE_NAMESPACE=il2cpp_baselib -DIL2CPP_MONO_DEBUGGER_DISABLED -DRUNTIME_IL2CPP -DTARGET_ARM64 -DIL2CPP_ENABLE_WRITE_BARRIERS=1 -DIL2CPP_INCREMENTAL_TIME_SLICE=3 -D_DEBUG -I"." -I"Il2CppOutputProject/Source/il2cppOutput" -I"Il2CppOutputProject/IL2CPP/libil2cpp/pch" -I"Il2CppOutputProject/IL2CPP/libil2cpp" -I"Il2CppOutputProject/IL2CPP/external/baselib/Include" -I"Il2CppOutputProject/IL2CPP/libil2cpp/os/ClassLibraryPAL/brotli/include" -I"Il2CppOutputProject/IL2CPP/external/baselib/Platforms/IOS/Include" -o "Il2CppTempDirArtifacts/Debug/artifacts/arm64/actx/tpubd03an5uq.o" -fcolor-diagnostics -stdlib=libc++ -arch arm64 -mios-version-min=11.0 -fno-strict-float-cast-overflow -c -x c++ "Il2CppOutputProject/Source/il2cppOutput/Generics__7.cpp"
[258/410    0s] C_iOS_arm64 Il2CppTempDirArtifacts/Debug/artifacts/arm64/actx/8ersmpfj00ea.o
##### CommandLine
"/Applications/Xcode.app/Contents/Developer/Toolchains/XcodeDefault.xctoolchain/usr/bin/clang++" -std=c++17 -Wswitch -Wno-trigraphs -Wno-tautological-compare -Wno-invalid-offsetof -Wno-implicitly-unsigned-literal -Wno-integer-overflow -Wno-shift-negative-value -Wno-unknown-attributes -Wno-implicit-function-declaration -Wno-null-conversion -Wno-missing-declarations -Wno-unused-value -Wno-pragma-once-outside-header -Wno-unknown-warning-option -Wno-undef-prefix -fvisibility=hidden -isysroot "/Applications/Xcode.app/Contents/Developer/Platforms/iPhoneOS.platform/Developer/SDKs/iPhoneOS18.2.sdk" -fexceptions -frtti -g -O0 -fno-strict-overflow -ffunction-sections -fdata-sections -fmessage-length=0 -pipe -DIL2CPP_DEBUG=1 -DHAVE_BDWGC_GC -DBASELIB_INLINE_NAMESPACE=il2cpp_baselib -DIL2CPP_MONO_DEBUGGER_DISABLED -DRUNTIME_IL2CPP -DTARGET_ARM64 -DIL2CPP_ENABLE_WRITE_BARRIERS=1 -DIL2CPP_INCREMENTAL_TIME_SLICE=3 -D_DEBUG -I"." -I"Il2CppOutputProject/Source/il2cppOutput" -I"Il2CppOutputProject/IL2CPP/libil2cpp/pch" -I"Il2CppOutputProject/IL2CPP/libil2cpp" -I"Il2CppOutputProject/IL2CPP/external/baselib/Include" -I"Il2CppOutputProject/IL2CPP/libil2cpp/os/ClassLibraryPAL/brotli/include" -I"Il2CppOutputProject/IL2CPP/external/baselib/Platforms/IOS/Include" -o "Il2CppTempDirArtifacts/Debug/artifacts/arm64/actx/8ersmpfj00ea.o" -fcolor-diagnostics -stdlib=libc++ -arch arm64 -mios-version-min=11.0 -fno-strict-float-cast-overflow -c -x c++ "Il2CppOutputProject/Source/il2cppOutput/Generics__66.cpp"
[259/410    0s] C_iOS_arm64 Il2CppTempDirArtifacts/Debug/artifacts/arm64/actx/2jkgr6mouor7.o
##### CommandLine
"/Applications/Xcode.app/Contents/Developer/Toolchains/XcodeDefault.xctoolchain/usr/bin/clang++" -std=c++17 -Wswitch -Wno-trigraphs -Wno-tautological-compare -Wno-invalid-offsetof -Wno-implicitly-unsigned-literal -Wno-integer-overflow -Wno-shift-negative-value -Wno-unknown-attributes -Wno-implicit-function-declaration -Wno-null-conversion -Wno-missing-declarations -Wno-unused-value -Wno-pragma-once-outside-header -Wno-unknown-warning-option -Wno-undef-prefix -fvisibility=hidden -isysroot "/Applications/Xcode.app/Contents/Developer/Platforms/iPhoneOS.platform/Developer/SDKs/iPhoneOS18.2.sdk" -fexceptions -frtti -g -O0 -fno-strict-overflow -ffunction-sections -fdata-sections -fmessage-length=0 -pipe -DIL2CPP_DEBUG=1 -DHAVE_BDWGC_GC -DBASELIB_INLINE_NAMESPACE=il2cpp_baselib -DIL2CPP_MONO_DEBUGGER_DISABLED -DRUNTIME_IL2CPP -DTARGET_ARM64 -DIL2CPP_ENABLE_WRITE_BARRIERS=1 -DIL2CPP_INCREMENTAL_TIME_SLICE=3 -D_DEBUG -I"." -I"Il2CppOutputProject/Source/il2cppOutput" -I"Il2CppOutputProject/IL2CPP/libil2cpp/pch" -I"Il2CppOutputProject/IL2CPP/libil2cpp" -I"Il2CppOutputProject/IL2CPP/external/baselib/Include" -I"Il2CppOutputProject/IL2CPP/libil2cpp/os/ClassLibraryPAL/brotli/include" -I"Il2CppOutputProject/IL2CPP/external/baselib/Platforms/IOS/Include" -o "Il2CppTempDirArtifacts/Debug/artifacts/arm64/actx/2jkgr6mouor7.o" -fcolor-diagnostics -stdlib=libc++ -arch arm64 -mios-version-min=11.0 -fno-strict-float-cast-overflow -c -x c++ "Il2CppOutputProject/Source/il2cppOutput/Generics__64.cpp"
[260/410    0s] C_iOS_arm64 Il2CppTempDirArtifacts/Debug/artifacts/arm64/actx/nzn46f1lxc3q.o
##### CommandLine
"/Applications/Xcode.app/Contents/Developer/Toolchains/XcodeDefault.xctoolchain/usr/bin/clang++" -std=c++17 -Wswitch -Wno-trigraphs -Wno-tautological-compare -Wno-invalid-offsetof -Wno-implicitly-unsigned-literal -Wno-integer-overflow -Wno-shift-negative-value -Wno-unknown-attributes -Wno-implicit-function-declaration -Wno-null-conversion -Wno-missing-declarations -Wno-unused-value -Wno-pragma-once-outside-header -Wno-unknown-warning-option -Wno-undef-prefix -fvisibility=hidden -isysroot "/Applications/Xcode.app/Contents/Developer/Platforms/iPhoneOS.platform/Developer/SDKs/iPhoneOS18.2.sdk" -fexceptions -frtti -g -O0 -fno-strict-overflow -ffunction-sections -fdata-sections -fmessage-length=0 -pipe -DIL2CPP_DEBUG=1 -DHAVE_BDWGC_GC -DBASELIB_INLINE_NAMESPACE=il2cpp_baselib -DIL2CPP_MONO_DEBUGGER_DISABLED -DRUNTIME_IL2CPP -DTARGET_ARM64 -DIL2CPP_ENABLE_WRITE_BARRIERS=1 -DIL2CPP_INCREMENTAL_TIME_SLICE=3 -D_DEBUG -I"." -I"Il2CppOutputProject/Source/il2cppOutput" -I"Il2CppOutputProject/IL2CPP/libil2cpp/pch" -I"Il2CppOutputProject/IL2CPP/libil2cpp" -I"Il2CppOutputProject/IL2CPP/external/baselib/Include" -I"Il2CppOutputProject/IL2CPP/libil2cpp/os/ClassLibraryPAL/brotli/include" -I"Il2CppOutputProject/IL2CPP/external/baselib/Platforms/IOS/Include" -o "Il2CppTempDirArtifacts/Debug/artifacts/arm64/actx/nzn46f1lxc3q.o" -fcolor-diagnostics -stdlib=libc++ -arch arm64 -mios-version-min=11.0 -fno-strict-float-cast-overflow -c -x c++ "Il2CppOutputProject/Source/il2cppOutput/Generics__65.cpp"
[261/410    0s] C_iOS_arm64 Il2CppTempDirArtifacts/Debug/artifacts/arm64/actx/1b0z6q6pqmas.o
##### CommandLine
"/Applications/Xcode.app/Contents/Developer/Toolchains/XcodeDefault.xctoolchain/usr/bin/clang++" -std=c++17 -Wswitch -Wno-trigraphs -Wno-tautological-compare -Wno-invalid-offsetof -Wno-implicitly-unsigned-literal -Wno-integer-overflow -Wno-shift-negative-value -Wno-unknown-attributes -Wno-implicit-function-declaration -Wno-null-conversion -Wno-missing-declarations -Wno-unused-value -Wno-pragma-once-outside-header -Wno-unknown-warning-option -Wno-undef-prefix -fvisibility=hidden -isysroot "/Applications/Xcode.app/Contents/Developer/Platforms/iPhoneOS.platform/Developer/SDKs/iPhoneOS18.2.sdk" -fexceptions -frtti -g -O0 -fno-strict-overflow -ffunction-sections -fdata-sections -fmessage-length=0 -pipe -DIL2CPP_DEBUG=1 -DHAVE_BDWGC_GC -DBASELIB_INLINE_NAMESPACE=il2cpp_baselib -DIL2CPP_MONO_DEBUGGER_DISABLED -DRUNTIME_IL2CPP -DTARGET_ARM64 -DIL2CPP_ENABLE_WRITE_BARRIERS=1 -DIL2CPP_INCREMENTAL_TIME_SLICE=3 -D_DEBUG -I"." -I"Il2CppOutputProject/Source/il2cppOutput" -I"Il2CppOutputProject/IL2CPP/libil2cpp/pch" -I"Il2CppOutputProject/IL2CPP/libil2cpp" -I"Il2CppOutputProject/IL2CPP/external/baselib/Include" -I"Il2CppOutputProject/IL2CPP/libil2cpp/os/ClassLibraryPAL/brotli/include" -I"Il2CppOutputProject/IL2CPP/external/baselib/Platforms/IOS/Include" -o "Il2CppTempDirArtifacts/Debug/artifacts/arm64/actx/1b0z6q6pqmas.o" -fcolor-diagnostics -stdlib=libc++ -arch arm64 -mios-version-min=11.0 -fno-strict-float-cast-overflow -c -x c++ "Il2CppOutputProject/Source/il2cppOutput/Generics__63.cpp"
[262/410    0s] C_iOS_arm64 Il2CppTempDirArtifacts/Debug/artifacts/arm64/actx/gwwbrhssnyy8.o
##### CommandLine
"/Applications/Xcode.app/Contents/Developer/Toolchains/XcodeDefault.xctoolchain/usr/bin/clang++" -std=c++17 -Wswitch -Wno-trigraphs -Wno-tautological-compare -Wno-invalid-offsetof -Wno-implicitly-unsigned-literal -Wno-integer-overflow -Wno-shift-negative-value -Wno-unknown-attributes -Wno-implicit-function-declaration -Wno-null-conversion -Wno-missing-declarations -Wno-unused-value -Wno-pragma-once-outside-header -Wno-unknown-warning-option -Wno-undef-prefix -fvisibility=hidden -isysroot "/Applications/Xcode.app/Contents/Developer/Platforms/iPhoneOS.platform/Developer/SDKs/iPhoneOS18.2.sdk" -fexceptions -frtti -g -O0 -fno-strict-overflow -ffunction-sections -fdata-sections -fmessage-length=0 -pipe -DIL2CPP_DEBUG=1 -DHAVE_BDWGC_GC -DBASELIB_INLINE_NAMESPACE=il2cpp_baselib -DIL2CPP_MONO_DEBUGGER_DISABLED -DRUNTIME_IL2CPP -DTARGET_ARM64 -DIL2CPP_ENABLE_WRITE_BARRIERS=1 -DIL2CPP_INCREMENTAL_TIME_SLICE=3 -D_DEBUG -I"." -I"Il2CppOutputProject/Source/il2cppOutput" -I"Il2CppOutputProject/IL2CPP/libil2cpp/pch" -I"Il2CppOutputProject/IL2CPP/libil2cpp" -I"Il2CppOutputProject/IL2CPP/external/baselib/Include" -I"Il2CppOutputProject/IL2CPP/libil2cpp/os/ClassLibraryPAL/brotli/include" -I"Il2CppOutputProject/IL2CPP/external/baselib/Platforms/IOS/Include" -o "Il2CppTempDirArtifacts/Debug/artifacts/arm64/actx/gwwbrhssnyy8.o" -fcolor-diagnostics -stdlib=libc++ -arch arm64 -mios-version-min=11.0 -fno-strict-float-cast-overflow -c -x c++ "Il2CppOutputProject/Source/il2cppOutput/Generics__62.cpp"
[263/410    0s] C_iOS_arm64 Il2CppTempDirArtifacts/Debug/artifacts/arm64/actx/vgtnb8dvkanp.o
##### CommandLine
"/Applications/Xcode.app/Contents/Developer/Toolchains/XcodeDefault.xctoolchain/usr/bin/clang++" -std=c++17 -Wswitch -Wno-trigraphs -Wno-tautological-compare -Wno-invalid-offsetof -Wno-implicitly-unsigned-literal -Wno-integer-overflow -Wno-shift-negative-value -Wno-unknown-attributes -Wno-implicit-function-declaration -Wno-null-conversion -Wno-missing-declarations -Wno-unused-value -Wno-pragma-once-outside-header -Wno-unknown-warning-option -Wno-undef-prefix -fvisibility=hidden -isysroot "/Applications/Xcode.app/Contents/Developer/Platforms/iPhoneOS.platform/Developer/SDKs/iPhoneOS18.2.sdk" -fexceptions -frtti -g -O0 -fno-strict-overflow -ffunction-sections -fdata-sections -fmessage-length=0 -pipe -DIL2CPP_DEBUG=1 -DHAVE_BDWGC_GC -DBASELIB_INLINE_NAMESPACE=il2cpp_baselib -DIL2CPP_MONO_DEBUGGER_DISABLED -DRUNTIME_IL2CPP -DTARGET_ARM64 -DIL2CPP_ENABLE_WRITE_BARRIERS=1 -DIL2CPP_INCREMENTAL_TIME_SLICE=3 -D_DEBUG -I"." -I"Il2CppOutputProject/Source/il2cppOutput" -I"Il2CppOutputProject/IL2CPP/libil2cpp/pch" -I"Il2CppOutputProject/IL2CPP/libil2cpp" -I"Il2CppOutputProject/IL2CPP/external/baselib/Include" -I"Il2CppOutputProject/IL2CPP/libil2cpp/os/ClassLibraryPAL/brotli/include" -I"Il2CppOutputProject/IL2CPP/external/baselib/Platforms/IOS/Include" -o "Il2CppTempDirArtifacts/Debug/artifacts/arm64/actx/vgtnb8dvkanp.o" -fcolor-diagnostics -stdlib=libc++ -arch arm64 -mios-version-min=11.0 -fno-strict-float-cast-overflow -c -x c++ "Il2CppOutputProject/Source/il2cppOutput/Generics__61.cpp"
[264/410    1s] C_iOS_arm64 Il2CppTempDirArtifacts/Debug/artifacts/arm64/actx/u886qsxwg859.o
##### CommandLine
"/Applications/Xcode.app/Contents/Developer/Toolchains/XcodeDefault.xctoolchain/usr/bin/clang++" -std=c++17 -Wswitch -Wno-trigraphs -Wno-tautological-compare -Wno-invalid-offsetof -Wno-implicitly-unsigned-literal -Wno-integer-overflow -Wno-shift-negative-value -Wno-unknown-attributes -Wno-implicit-function-declaration -Wno-null-conversion -Wno-missing-declarations -Wno-unused-value -Wno-pragma-once-outside-header -Wno-unknown-warning-option -Wno-undef-prefix -fvisibility=hidden -isysroot "/Applications/Xcode.app/Contents/Developer/Platforms/iPhoneOS.platform/Developer/SDKs/iPhoneOS18.2.sdk" -fexceptions -frtti -g -O0 -fno-strict-overflow -ffunction-sections -fdata-sections -fmessage-length=0 -pipe -DIL2CPP_DEBUG=1 -DHAVE_BDWGC_GC -DBASELIB_INLINE_NAMESPACE=il2cpp_baselib -DIL2CPP_MONO_DEBUGGER_DISABLED -DRUNTIME_IL2CPP -DTARGET_ARM64 -DIL2CPP_ENABLE_WRITE_BARRIERS=1 -DIL2CPP_INCREMENTAL_TIME_SLICE=3 -D_DEBUG -I"." -I"Il2CppOutputProject/Source/il2cppOutput" -I"Il2CppOutputProject/IL2CPP/libil2cpp/pch" -I"Il2CppOutputProject/IL2CPP/libil2cpp" -I"Il2CppOutputProject/IL2CPP/external/baselib/Include" -I"Il2CppOutputProject/IL2CPP/libil2cpp/os/ClassLibraryPAL/brotli/include" -I"Il2CppOutputProject/IL2CPP/external/baselib/Platforms/IOS/Include" -o "Il2CppTempDirArtifacts/Debug/artifacts/arm64/actx/u886qsxwg859.o" -fcolor-diagnostics -stdlib=libc++ -arch arm64 -mios-version-min=11.0 -fno-strict-float-cast-overflow -c -x c++ "Il2CppOutputProject/Source/il2cppOutput/Generics__60.cpp"
[265/410    0s] C_iOS_arm64 Il2CppTempDirArtifacts/Debug/artifacts/arm64/actx/n0eeerky4l8d.o
##### CommandLine
"/Applications/Xcode.app/Contents/Developer/Toolchains/XcodeDefault.xctoolchain/usr/bin/clang++" -std=c++17 -Wswitch -Wno-trigraphs -Wno-tautological-compare -Wno-invalid-offsetof -Wno-implicitly-unsigned-literal -Wno-integer-overflow -Wno-shift-negative-value -Wno-unknown-attributes -Wno-implicit-function-declaration -Wno-null-conversion -Wno-missing-declarations -Wno-unused-value -Wno-pragma-once-outside-header -Wno-unknown-warning-option -Wno-undef-prefix -fvisibility=hidden -isysroot "/Applications/Xcode.app/Contents/Developer/Platforms/iPhoneOS.platform/Developer/SDKs/iPhoneOS18.2.sdk" -fexceptions -frtti -g -O0 -fno-strict-overflow -ffunction-sections -fdata-sections -fmessage-length=0 -pipe -DIL2CPP_DEBUG=1 -DHAVE_BDWGC_GC -DBASELIB_INLINE_NAMESPACE=il2cpp_baselib -DIL2CPP_MONO_DEBUGGER_DISABLED -DRUNTIME_IL2CPP -DTARGET_ARM64 -DIL2CPP_ENABLE_WRITE_BARRIERS=1 -DIL2CPP_INCREMENTAL_TIME_SLICE=3 -D_DEBUG -I"." -I"Il2CppOutputProject/Source/il2cppOutput" -I"Il2CppOutputProject/IL2CPP/libil2cpp/pch" -I"Il2CppOutputProject/IL2CPP/libil2cpp" -I"Il2CppOutputProject/IL2CPP/external/baselib/Include" -I"Il2CppOutputProject/IL2CPP/libil2cpp/os/ClassLibraryPAL/brotli/include" -I"Il2CppOutputProject/IL2CPP/external/baselib/Platforms/IOS/Include" -o "Il2CppTempDirArtifacts/Debug/artifacts/arm64/actx/n0eeerky4l8d.o" -fcolor-diagnostics -stdlib=libc++ -arch arm64 -mios-version-min=11.0 -fno-strict-float-cast-overflow -c -x c++ "Il2CppOutputProject/Source/il2cppOutput/Generics__58.cpp"
[266/410    1s] C_iOS_arm64 Il2CppTempDirArtifacts/Debug/artifacts/arm64/actx/shavskncj3db.o
##### CommandLine
"/Applications/Xcode.app/Contents/Developer/Toolchains/XcodeDefault.xctoolchain/usr/bin/clang++" -std=c++17 -Wswitch -Wno-trigraphs -Wno-tautological-compare -Wno-invalid-offsetof -Wno-implicitly-unsigned-literal -Wno-integer-overflow -Wno-shift-negative-value -Wno-unknown-attributes -Wno-implicit-function-declaration -Wno-null-conversion -Wno-missing-declarations -Wno-unused-value -Wno-pragma-once-outside-header -Wno-unknown-warning-option -Wno-undef-prefix -fvisibility=hidden -isysroot "/Applications/Xcode.app/Contents/Developer/Platforms/iPhoneOS.platform/Developer/SDKs/iPhoneOS18.2.sdk" -fexceptions -frtti -g -O0 -fno-strict-overflow -ffunction-sections -fdata-sections -fmessage-length=0 -pipe -DIL2CPP_DEBUG=1 -DHAVE_BDWGC_GC -DBASELIB_INLINE_NAMESPACE=il2cpp_baselib -DIL2CPP_MONO_DEBUGGER_DISABLED -DRUNTIME_IL2CPP -DTARGET_ARM64 -DIL2CPP_ENABLE_WRITE_BARRIERS=1 -DIL2CPP_INCREMENTAL_TIME_SLICE=3 -D_DEBUG -I"." -I"Il2CppOutputProject/Source/il2cppOutput" -I"Il2CppOutputProject/IL2CPP/libil2cpp/pch" -I"Il2CppOutputProject/IL2CPP/libil2cpp" -I"Il2CppOutputProject/IL2CPP/external/baselib/Include" -I"Il2CppOutputProject/IL2CPP/libil2cpp/os/ClassLibraryPAL/brotli/include" -I"Il2CppOutputProject/IL2CPP/external/baselib/Platforms/IOS/Include" -o "Il2CppTempDirArtifacts/Debug/artifacts/arm64/actx/shavskncj3db.o" -fcolor-diagnostics -stdlib=libc++ -arch arm64 -mios-version-min=11.0 -fno-strict-float-cast-overflow -c -x c++ "Il2CppOutputProject/Source/il2cppOutput/Generics__6.cpp"
[267/410    1s] C_iOS_arm64 Il2CppTempDirArtifacts/Debug/artifacts/arm64/actx/8fi2t0yv79jx.o
##### CommandLine
"/Applications/Xcode.app/Contents/Developer/Toolchains/XcodeDefault.xctoolchain/usr/bin/clang++" -std=c++17 -Wswitch -Wno-trigraphs -Wno-tautological-compare -Wno-invalid-offsetof -Wno-implicitly-unsigned-literal -Wno-integer-overflow -Wno-shift-negative-value -Wno-unknown-attributes -Wno-implicit-function-declaration -Wno-null-conversion -Wno-missing-declarations -Wno-unused-value -Wno-pragma-once-outside-header -Wno-unknown-warning-option -Wno-undef-prefix -fvisibility=hidden -isysroot "/Applications/Xcode.app/Contents/Developer/Platforms/iPhoneOS.platform/Developer/SDKs/iPhoneOS18.2.sdk" -fexceptions -frtti -g -O0 -fno-strict-overflow -ffunction-sections -fdata-sections -fmessage-length=0 -pipe -DIL2CPP_DEBUG=1 -DHAVE_BDWGC_GC -DBASELIB_INLINE_NAMESPACE=il2cpp_baselib -DIL2CPP_MONO_DEBUGGER_DISABLED -DRUNTIME_IL2CPP -DTARGET_ARM64 -DIL2CPP_ENABLE_WRITE_BARRIERS=1 -DIL2CPP_INCREMENTAL_TIME_SLICE=3 -D_DEBUG -I"." -I"Il2CppOutputProject/Source/il2cppOutput" -I"Il2CppOutputProject/IL2CPP/libil2cpp/pch" -I"Il2CppOutputProject/IL2CPP/libil2cpp" -I"Il2CppOutputProject/IL2CPP/external/baselib/Include" -I"Il2CppOutputProject/IL2CPP/libil2cpp/os/ClassLibraryPAL/brotli/include" -I"Il2CppOutputProject/IL2CPP/external/baselib/Platforms/IOS/Include" -o "Il2CppTempDirArtifacts/Debug/artifacts/arm64/actx/8fi2t0yv79jx.o" -fcolor-diagnostics -stdlib=libc++ -arch arm64 -mios-version-min=11.0 -fno-strict-float-cast-overflow -c -x c++ "Il2CppOutputProject/Source/il2cppOutput/Generics__59.cpp"
[268/410    1s] C_iOS_arm64 Il2CppTempDirArtifacts/Debug/artifacts/arm64/actx/2kbqyh601xwu.o
##### CommandLine
"/Applications/Xcode.app/Contents/Developer/Toolchains/XcodeDefault.xctoolchain/usr/bin/clang++" -std=c++17 -Wswitch -Wno-trigraphs -Wno-tautological-compare -Wno-invalid-offsetof -Wno-implicitly-unsigned-literal -Wno-integer-overflow -Wno-shift-negative-value -Wno-unknown-attributes -Wno-implicit-function-declaration -Wno-null-conversion -Wno-missing-declarations -Wno-unused-value -Wno-pragma-once-outside-header -Wno-unknown-warning-option -Wno-undef-prefix -fvisibility=hidden -isysroot "/Applications/Xcode.app/Contents/Developer/Platforms/iPhoneOS.platform/Developer/SDKs/iPhoneOS18.2.sdk" -fexceptions -frtti -g -O0 -fno-strict-overflow -ffunction-sections -fdata-sections -fmessage-length=0 -pipe -DIL2CPP_DEBUG=1 -DHAVE_BDWGC_GC -DBASELIB_INLINE_NAMESPACE=il2cpp_baselib -DIL2CPP_MONO_DEBUGGER_DISABLED -DRUNTIME_IL2CPP -DTARGET_ARM64 -DIL2CPP_ENABLE_WRITE_BARRIERS=1 -DIL2CPP_INCREMENTAL_TIME_SLICE=3 -D_DEBUG -I"." -I"Il2CppOutputProject/Source/il2cppOutput" -I"Il2CppOutputProject/IL2CPP/libil2cpp/pch" -I"Il2CppOutputProject/IL2CPP/libil2cpp" -I"Il2CppOutputProject/IL2CPP/external/baselib/Include" -I"Il2CppOutputProject/IL2CPP/libil2cpp/os/ClassLibraryPAL/brotli/include" -I"Il2CppOutputProject/IL2CPP/external/baselib/Platforms/IOS/Include" -o "Il2CppTempDirArtifacts/Debug/artifacts/arm64/actx/2kbqyh601xwu.o" -fcolor-diagnostics -stdlib=libc++ -arch arm64 -mios-version-min=11.0 -fno-strict-float-cast-overflow -c -x c++ "Il2CppOutputProject/Source/il2cppOutput/Generics__57.cpp"
[269/410    1s] C_iOS_arm64 Il2CppTempDirArtifacts/Debug/artifacts/arm64/actx/gxnlysb5u73v.o
##### CommandLine
"/Applications/Xcode.app/Contents/Developer/Toolchains/XcodeDefault.xctoolchain/usr/bin/clang++" -std=c++17 -Wswitch -Wno-trigraphs -Wno-tautological-compare -Wno-invalid-offsetof -Wno-implicitly-unsigned-literal -Wno-integer-overflow -Wno-shift-negative-value -Wno-unknown-attributes -Wno-implicit-function-declaration -Wno-null-conversion -Wno-missing-declarations -Wno-unused-value -Wno-pragma-once-outside-header -Wno-unknown-warning-option -Wno-undef-prefix -fvisibility=hidden -isysroot "/Applications/Xcode.app/Contents/Developer/Platforms/iPhoneOS.platform/Developer/SDKs/iPhoneOS18.2.sdk" -fexceptions -frtti -g -O0 -fno-strict-overflow -ffunction-sections -fdata-sections -fmessage-length=0 -pipe -DIL2CPP_DEBUG=1 -DHAVE_BDWGC_GC -DBASELIB_INLINE_NAMESPACE=il2cpp_baselib -DIL2CPP_MONO_DEBUGGER_DISABLED -DRUNTIME_IL2CPP -DTARGET_ARM64 -DIL2CPP_ENABLE_WRITE_BARRIERS=1 -DIL2CPP_INCREMENTAL_TIME_SLICE=3 -D_DEBUG -I"." -I"Il2CppOutputProject/Source/il2cppOutput" -I"Il2CppOutputProject/IL2CPP/libil2cpp/pch" -I"Il2CppOutputProject/IL2CPP/libil2cpp" -I"Il2CppOutputProject/IL2CPP/external/baselib/Include" -I"Il2CppOutputProject/IL2CPP/libil2cpp/os/ClassLibraryPAL/brotli/include" -I"Il2CppOutputProject/IL2CPP/external/baselib/Platforms/IOS/Include" -o "Il2CppTempDirArtifacts/Debug/artifacts/arm64/actx/gxnlysb5u73v.o" -fcolor-diagnostics -stdlib=libc++ -arch arm64 -mios-version-min=11.0 -fno-strict-float-cast-overflow -c -x c++ "Il2CppOutputProject/Source/il2cppOutput/Generics__55.cpp"
[270/410    1s] C_iOS_arm64 Il2CppTempDirArtifacts/Debug/artifacts/arm64/actx/1cr9d2p2xvff.o
##### CommandLine
"/Applications/Xcode.app/Contents/Developer/Toolchains/XcodeDefault.xctoolchain/usr/bin/clang++" -std=c++17 -Wswitch -Wno-trigraphs -Wno-tautological-compare -Wno-invalid-offsetof -Wno-implicitly-unsigned-literal -Wno-integer-overflow -Wno-shift-negative-value -Wno-unknown-attributes -Wno-implicit-function-declaration -Wno-null-conversion -Wno-missing-declarations -Wno-unused-value -Wno-pragma-once-outside-header -Wno-unknown-warning-option -Wno-undef-prefix -fvisibility=hidden -isysroot "/Applications/Xcode.app/Contents/Developer/Platforms/iPhoneOS.platform/Developer/SDKs/iPhoneOS18.2.sdk" -fexceptions -frtti -g -O0 -fno-strict-overflow -ffunction-sections -fdata-sections -fmessage-length=0 -pipe -DIL2CPP_DEBUG=1 -DHAVE_BDWGC_GC -DBASELIB_INLINE_NAMESPACE=il2cpp_baselib -DIL2CPP_MONO_DEBUGGER_DISABLED -DRUNTIME_IL2CPP -DTARGET_ARM64 -DIL2CPP_ENABLE_WRITE_BARRIERS=1 -DIL2CPP_INCREMENTAL_TIME_SLICE=3 -D_DEBUG -I"." -I"Il2CppOutputProject/Source/il2cppOutput" -I"Il2CppOutputProject/IL2CPP/libil2cpp/pch" -I"Il2CppOutputProject/IL2CPP/libil2cpp" -I"Il2CppOutputProject/IL2CPP/external/baselib/Include" -I"Il2CppOutputProject/IL2CPP/libil2cpp/os/ClassLibraryPAL/brotli/include" -I"Il2CppOutputProject/IL2CPP/external/baselib/Platforms/IOS/Include" -o "Il2CppTempDirArtifacts/Debug/artifacts/arm64/actx/1cr9d2p2xvff.o" -fcolor-diagnostics -stdlib=libc++ -arch arm64 -mios-version-min=11.0 -fno-strict-float-cast-overflow -c -x c++ "Il2CppOutputProject/Source/il2cppOutput/Generics__56.cpp"
[271/410    1s] C_iOS_arm64 Il2CppTempDirArtifacts/Debug/artifacts/arm64/actx/u9zgy3g9nhbx.o
##### CommandLine
"/Applications/Xcode.app/Contents/Developer/Toolchains/XcodeDefault.xctoolchain/usr/bin/clang++" -std=c++17 -Wswitch -Wno-trigraphs -Wno-tautological-compare -Wno-invalid-offsetof -Wno-implicitly-unsigned-literal -Wno-integer-overflow -Wno-shift-negative-value -Wno-unknown-attributes -Wno-implicit-function-declaration -Wno-null-conversion -Wno-missing-declarations -Wno-unused-value -Wno-pragma-once-outside-header -Wno-unknown-warning-option -Wno-undef-prefix -fvisibility=hidden -isysroot "/Applications/Xcode.app/Contents/Developer/Platforms/iPhoneOS.platform/Developer/SDKs/iPhoneOS18.2.sdk" -fexceptions -frtti -g -O0 -fno-strict-overflow -ffunction-sections -fdata-sections -fmessage-length=0 -pipe -DIL2CPP_DEBUG=1 -DHAVE_BDWGC_GC -DBASELIB_INLINE_NAMESPACE=il2cpp_baselib -DIL2CPP_MONO_DEBUGGER_DISABLED -DRUNTIME_IL2CPP -DTARGET_ARM64 -DIL2CPP_ENABLE_WRITE_BARRIERS=1 -DIL2CPP_INCREMENTAL_TIME_SLICE=3 -D_DEBUG -I"." -I"Il2CppOutputProject/Source/il2cppOutput" -I"Il2CppOutputProject/IL2CPP/libil2cpp/pch" -I"Il2CppOutputProject/IL2CPP/libil2cpp" -I"Il2CppOutputProject/IL2CPP/external/baselib/Include" -I"Il2CppOutputProject/IL2CPP/libil2cpp/os/ClassLibraryPAL/brotli/include" -I"Il2CppOutputProject/IL2CPP/external/baselib/Platforms/IOS/Include" -o "Il2CppTempDirArtifacts/Debug/artifacts/arm64/actx/u9zgy3g9nhbx.o" -fcolor-diagnostics -stdlib=libc++ -arch arm64 -mios-version-min=11.0 -fno-strict-float-cast-overflow -c -x c++ "Il2CppOutputProject/Source/il2cppOutput/Generics__53.cpp"
[272/410    1s] C_iOS_arm64 Il2CppTempDirArtifacts/Debug/artifacts/arm64/actx/fp34ddv6q5mg.o
##### CommandLine
"/Applications/Xcode.app/Contents/Developer/Toolchains/XcodeDefault.xctoolchain/usr/bin/clang++" -std=c++17 -Wswitch -Wno-trigraphs -Wno-tautological-compare -Wno-invalid-offsetof -Wno-implicitly-unsigned-literal -Wno-integer-overflow -Wno-shift-negative-value -Wno-unknown-attributes -Wno-implicit-function-declaration -Wno-null-conversion -Wno-missing-declarations -Wno-unused-value -Wno-pragma-once-outside-header -Wno-unknown-warning-option -Wno-undef-prefix -fvisibility=hidden -isysroot "/Applications/Xcode.app/Contents/Developer/Platforms/iPhoneOS.platform/Developer/SDKs/iPhoneOS18.2.sdk" -fexceptions -frtti -g -O0 -fno-strict-overflow -ffunction-sections -fdata-sections -fmessage-length=0 -pipe -DIL2CPP_DEBUG=1 -DHAVE_BDWGC_GC -DBASELIB_INLINE_NAMESPACE=il2cpp_baselib -DIL2CPP_MONO_DEBUGGER_DISABLED -DRUNTIME_IL2CPP -DTARGET_ARM64 -DIL2CPP_ENABLE_WRITE_BARRIERS=1 -DIL2CPP_INCREMENTAL_TIME_SLICE=3 -D_DEBUG -I"." -I"Il2CppOutputProject/Source/il2cppOutput" -I"Il2CppOutputProject/IL2CPP/libil2cpp/pch" -I"Il2CppOutputProject/IL2CPP/libil2cpp" -I"Il2CppOutputProject/IL2CPP/external/baselib/Include" -I"Il2CppOutputProject/IL2CPP/libil2cpp/os/ClassLibraryPAL/brotli/include" -I"Il2CppOutputProject/IL2CPP/external/baselib/Platforms/IOS/Include" -o "Il2CppTempDirArtifacts/Debug/artifacts/arm64/actx/fp34ddv6q5mg.o" -fcolor-diagnostics -stdlib=libc++ -arch arm64 -mios-version-min=11.0 -fno-strict-float-cast-overflow -c -x c++ "Il2CppOutputProject/Source/il2cppOutput/Generics__54.cpp"
[273/410    1s] C_iOS_arm64 Il2CppTempDirArtifacts/Debug/artifacts/arm64/actx/9twsiu2bltzd.o
##### CommandLine
"/Applications/Xcode.app/Contents/Developer/Toolchains/XcodeDefault.xctoolchain/usr/bin/clang++" -std=c++17 -Wswitch -Wno-trigraphs -Wno-tautological-compare -Wno-invalid-offsetof -Wno-implicitly-unsigned-literal -Wno-integer-overflow -Wno-shift-negative-value -Wno-unknown-attributes -Wno-implicit-function-declaration -Wno-null-conversion -Wno-missing-declarations -Wno-unused-value -Wno-pragma-once-outside-header -Wno-unknown-warning-option -Wno-undef-prefix -fvisibility=hidden -isysroot "/Applications/Xcode.app/Contents/Developer/Platforms/iPhoneOS.platform/Developer/SDKs/iPhoneOS18.2.sdk" -fexceptions -frtti -g -O0 -fno-strict-overflow -ffunction-sections -fdata-sections -fmessage-length=0 -pipe -DIL2CPP_DEBUG=1 -DHAVE_BDWGC_GC -DBASELIB_INLINE_NAMESPACE=il2cpp_baselib -DIL2CPP_MONO_DEBUGGER_DISABLED -DRUNTIME_IL2CPP -DTARGET_ARM64 -DIL2CPP_ENABLE_WRITE_BARRIERS=1 -DIL2CPP_INCREMENTAL_TIME_SLICE=3 -D_DEBUG -I"." -I"Il2CppOutputProject/Source/il2cppOutput" -I"Il2CppOutputProject/IL2CPP/libil2cpp/pch" -I"Il2CppOutputProject/IL2CPP/libil2cpp" -I"Il2CppOutputProject/IL2CPP/external/baselib/Include" -I"Il2CppOutputProject/IL2CPP/libil2cpp/os/ClassLibraryPAL/brotli/include" -I"Il2CppOutputProject/IL2CPP/external/baselib/Platforms/IOS/Include" -o "Il2CppTempDirArtifacts/Debug/artifacts/arm64/actx/9twsiu2bltzd.o" -fcolor-diagnostics -stdlib=libc++ -arch arm64 -mios-version-min=11.0 -fno-strict-float-cast-overflow -c -x c++ "Il2CppOutputProject/Source/il2cppOutput/Generics__52.cpp"
[274/410    1s] C_iOS_arm64 Il2CppTempDirArtifacts/Debug/artifacts/arm64/actx/n68ni57fe36e.o
##### CommandLine
"/Applications/Xcode.app/Contents/Developer/Toolchains/XcodeDefault.xctoolchain/usr/bin/clang++" -std=c++17 -Wswitch -Wno-trigraphs -Wno-tautological-compare -Wno-invalid-offsetof -Wno-implicitly-unsigned-literal -Wno-integer-overflow -Wno-shift-negative-value -Wno-unknown-attributes -Wno-implicit-function-declaration -Wno-null-conversion -Wno-missing-declarations -Wno-unused-value -Wno-pragma-once-outside-header -Wno-unknown-warning-option -Wno-undef-prefix -fvisibility=hidden -isysroot "/Applications/Xcode.app/Contents/Developer/Platforms/iPhoneOS.platform/Developer/SDKs/iPhoneOS18.2.sdk" -fexceptions -frtti -g -O0 -fno-strict-overflow -ffunction-sections -fdata-sections -fmessage-length=0 -pipe -DIL2CPP_DEBUG=1 -DHAVE_BDWGC_GC -DBASELIB_INLINE_NAMESPACE=il2cpp_baselib -DIL2CPP_MONO_DEBUGGER_DISABLED -DRUNTIME_IL2CPP -DTARGET_ARM64 -DIL2CPP_ENABLE_WRITE_BARRIERS=1 -DIL2CPP_INCREMENTAL_TIME_SLICE=3 -D_DEBUG -I"." -I"Il2CppOutputProject/Source/il2cppOutput" -I"Il2CppOutputProject/IL2CPP/libil2cpp/pch" -I"Il2CppOutputProject/IL2CPP/libil2cpp" -I"Il2CppOutputProject/IL2CPP/external/baselib/Include" -I"Il2CppOutputProject/IL2CPP/libil2cpp/os/ClassLibraryPAL/brotli/include" -I"Il2CppOutputProject/IL2CPP/external/baselib/Platforms/IOS/Include" -o "Il2CppTempDirArtifacts/Debug/artifacts/arm64/actx/n68ni57fe36e.o" -fcolor-diagnostics -stdlib=libc++ -arch arm64 -mios-version-min=11.0 -fno-strict-float-cast-overflow -c -x c++ "Il2CppOutputProject/Source/il2cppOutput/Generics__50.cpp"
[275/410    1s] C_iOS_arm64 Il2CppTempDirArtifacts/Debug/artifacts/arm64/actx/8lccyemdhriy.o
##### CommandLine
"/Applications/Xcode.app/Contents/Developer/Toolchains/XcodeDefault.xctoolchain/usr/bin/clang++" -std=c++17 -Wswitch -Wno-trigraphs -Wno-tautological-compare -Wno-invalid-offsetof -Wno-implicitly-unsigned-literal -Wno-integer-overflow -Wno-shift-negative-value -Wno-unknown-attributes -Wno-implicit-function-declaration -Wno-null-conversion -Wno-missing-declarations -Wno-unused-value -Wno-pragma-once-outside-header -Wno-unknown-warning-option -Wno-undef-prefix -fvisibility=hidden -isysroot "/Applications/Xcode.app/Contents/Developer/Platforms/iPhoneOS.platform/Developer/SDKs/iPhoneOS18.2.sdk" -fexceptions -frtti -g -O0 -fno-strict-overflow -ffunction-sections -fdata-sections -fmessage-length=0 -pipe -DIL2CPP_DEBUG=1 -DHAVE_BDWGC_GC -DBASELIB_INLINE_NAMESPACE=il2cpp_baselib -DIL2CPP_MONO_DEBUGGER_DISABLED -DRUNTIME_IL2CPP -DTARGET_ARM64 -DIL2CPP_ENABLE_WRITE_BARRIERS=1 -DIL2CPP_INCREMENTAL_TIME_SLICE=3 -D_DEBUG -I"." -I"Il2CppOutputProject/Source/il2cppOutput" -I"Il2CppOutputProject/IL2CPP/libil2cpp/pch" -I"Il2CppOutputProject/IL2CPP/libil2cpp" -I"Il2CppOutputProject/IL2CPP/external/baselib/Include" -I"Il2CppOutputProject/IL2CPP/libil2cpp/os/ClassLibraryPAL/brotli/include" -I"Il2CppOutputProject/IL2CPP/external/baselib/Platforms/IOS/Include" -o "Il2CppTempDirArtifacts/Debug/artifacts/arm64/actx/8lccyemdhriy.o" -fcolor-diagnostics -stdlib=libc++ -arch arm64 -mios-version-min=11.0 -fno-strict-float-cast-overflow -c -x c++ "Il2CppOutputProject/Source/il2cppOutput/Generics__51.cpp"
[276/410    0s] C_iOS_arm64 Il2CppTempDirArtifacts/Debug/artifacts/arm64/actx/fqueloejyes3.o
##### CommandLine
"/Applications/Xcode.app/Contents/Developer/Toolchains/XcodeDefault.xctoolchain/usr/bin/clang++" -std=c++17 -Wswitch -Wno-trigraphs -Wno-tautological-compare -Wno-invalid-offsetof -Wno-implicitly-unsigned-literal -Wno-integer-overflow -Wno-shift-negative-value -Wno-unknown-attributes -Wno-implicit-function-declaration -Wno-null-conversion -Wno-missing-declarations -Wno-unused-value -Wno-pragma-once-outside-header -Wno-unknown-warning-option -Wno-undef-prefix -fvisibility=hidden -isysroot "/Applications/Xcode.app/Contents/Developer/Platforms/iPhoneOS.platform/Developer/SDKs/iPhoneOS18.2.sdk" -fexceptions -frtti -g -O0 -fno-strict-overflow -ffunction-sections -fdata-sections -fmessage-length=0 -pipe -DIL2CPP_DEBUG=1 -DHAVE_BDWGC_GC -DBASELIB_INLINE_NAMESPACE=il2cpp_baselib -DIL2CPP_MONO_DEBUGGER_DISABLED -DRUNTIME_IL2CPP -DTARGET_ARM64 -DIL2CPP_ENABLE_WRITE_BARRIERS=1 -DIL2CPP_INCREMENTAL_TIME_SLICE=3 -D_DEBUG -I"." -I"Il2CppOutputProject/Source/il2cppOutput" -I"Il2CppOutputProject/IL2CPP/libil2cpp/pch" -I"Il2CppOutputProject/IL2CPP/libil2cpp" -I"Il2CppOutputProject/IL2CPP/external/baselib/Include" -I"Il2CppOutputProject/IL2CPP/libil2cpp/os/ClassLibraryPAL/brotli/include" -I"Il2CppOutputProject/IL2CPP/external/baselib/Platforms/IOS/Include" -o "Il2CppTempDirArtifacts/Debug/artifacts/arm64/actx/fqueloejyes3.o" -fcolor-diagnostics -stdlib=libc++ -arch arm64 -mios-version-min=11.0 -fno-strict-float-cast-overflow -c -x c++ "Il2CppOutputProject/Source/il2cppOutput/Generics__47.cpp"
[277/410    1s] C_iOS_arm64 Il2CppTempDirArtifacts/Debug/artifacts/arm64/actx/1dijld9e54k2.o
##### CommandLine
"/Applications/Xcode.app/Contents/Developer/Toolchains/XcodeDefault.xctoolchain/usr/bin/clang++" -std=c++17 -Wswitch -Wno-trigraphs -Wno-tautological-compare -Wno-invalid-offsetof -Wno-implicitly-unsigned-literal -Wno-integer-overflow -Wno-shift-negative-value -Wno-unknown-attributes -Wno-implicit-function-declaration -Wno-null-conversion -Wno-missing-declarations -Wno-unused-value -Wno-pragma-once-outside-header -Wno-unknown-warning-option -Wno-undef-prefix -fvisibility=hidden -isysroot "/Applications/Xcode.app/Contents/Developer/Platforms/iPhoneOS.platform/Developer/SDKs/iPhoneOS18.2.sdk" -fexceptions -frtti -g -O0 -fno-strict-overflow -ffunction-sections -fdata-sections -fmessage-length=0 -pipe -DIL2CPP_DEBUG=1 -DHAVE_BDWGC_GC -DBASELIB_INLINE_NAMESPACE=il2cpp_baselib -DIL2CPP_MONO_DEBUGGER_DISABLED -DRUNTIME_IL2CPP -DTARGET_ARM64 -DIL2CPP_ENABLE_WRITE_BARRIERS=1 -DIL2CPP_INCREMENTAL_TIME_SLICE=3 -D_DEBUG -I"." -I"Il2CppOutputProject/Source/il2cppOutput" -I"Il2CppOutputProject/IL2CPP/libil2cpp/pch" -I"Il2CppOutputProject/IL2CPP/libil2cpp" -I"Il2CppOutputProject/IL2CPP/external/baselib/Include" -I"Il2CppOutputProject/IL2CPP/libil2cpp/os/ClassLibraryPAL/brotli/include" -I"Il2CppOutputProject/IL2CPP/external/baselib/Platforms/IOS/Include" -o "Il2CppTempDirArtifacts/Debug/artifacts/arm64/actx/1dijld9e54k2.o" -fcolor-diagnostics -stdlib=libc++ -arch arm64 -mios-version-min=11.0 -fno-strict-float-cast-overflow -c -x c++ "Il2CppOutputProject/Source/il2cppOutput/Generics__49.cpp"
[278/410    0s] C_iOS_arm64 Il2CppTempDirArtifacts/Debug/artifacts/arm64/actx/uarq5e0lvqgk.o
##### CommandLine
"/Applications/Xcode.app/Contents/Developer/Toolchains/XcodeDefault.xctoolchain/usr/bin/clang++" -std=c++17 -Wswitch -Wno-trigraphs -Wno-tautological-compare -Wno-invalid-offsetof -Wno-implicitly-unsigned-literal -Wno-integer-overflow -Wno-shift-negative-value -Wno-unknown-attributes -Wno-implicit-function-declaration -Wno-null-conversion -Wno-missing-declarations -Wno-unused-value -Wno-pragma-once-outside-header -Wno-unknown-warning-option -Wno-undef-prefix -fvisibility=hidden -isysroot "/Applications/Xcode.app/Contents/Developer/Platforms/iPhoneOS.platform/Developer/SDKs/iPhoneOS18.2.sdk" -fexceptions -frtti -g -O0 -fno-strict-overflow -ffunction-sections -fdata-sections -fmessage-length=0 -pipe -DIL2CPP_DEBUG=1 -DHAVE_BDWGC_GC -DBASELIB_INLINE_NAMESPACE=il2cpp_baselib -DIL2CPP_MONO_DEBUGGER_DISABLED -DRUNTIME_IL2CPP -DTARGET_ARM64 -DIL2CPP_ENABLE_WRITE_BARRIERS=1 -DIL2CPP_INCREMENTAL_TIME_SLICE=3 -D_DEBUG -I"." -I"Il2CppOutputProject/Source/il2cppOutput" -I"Il2CppOutputProject/IL2CPP/libil2cpp/pch" -I"Il2CppOutputProject/IL2CPP/libil2cpp" -I"Il2CppOutputProject/IL2CPP/external/baselib/Include" -I"Il2CppOutputProject/IL2CPP/libil2cpp/os/ClassLibraryPAL/brotli/include" -I"Il2CppOutputProject/IL2CPP/external/baselib/Platforms/IOS/Include" -o "Il2CppTempDirArtifacts/Debug/artifacts/arm64/actx/uarq5e0lvqgk.o" -fcolor-diagnostics -stdlib=libc++ -arch arm64 -mios-version-min=11.0 -fno-strict-float-cast-overflow -c -x c++ "Il2CppOutputProject/Source/il2cppOutput/Generics__46.cpp"
[279/410    1s] C_iOS_arm64 Il2CppTempDirArtifacts/Debug/artifacts/arm64/actx/7166cb9egf2r.o
##### CommandLine
"/Applications/Xcode.app/Contents/Developer/Toolchains/XcodeDefault.xctoolchain/usr/bin/clang++" -std=c++17 -Wswitch -Wno-trigraphs -Wno-tautological-compare -Wno-invalid-offsetof -Wno-implicitly-unsigned-literal -Wno-integer-overflow -Wno-shift-negative-value -Wno-unknown-attributes -Wno-implicit-function-declaration -Wno-null-conversion -Wno-missing-declarations -Wno-unused-value -Wno-pragma-once-outside-header -Wno-unknown-warning-option -Wno-undef-prefix -fvisibility=hidden -isysroot "/Applications/Xcode.app/Contents/Developer/Platforms/iPhoneOS.platform/Developer/SDKs/iPhoneOS18.2.sdk" -fexceptions -frtti -g -O0 -fno-strict-overflow -ffunction-sections -fdata-sections -fmessage-length=0 -pipe -DIL2CPP_DEBUG=1 -DHAVE_BDWGC_GC -DBASELIB_INLINE_NAMESPACE=il2cpp_baselib -DIL2CPP_MONO_DEBUGGER_DISABLED -DRUNTIME_IL2CPP -DTARGET_ARM64 -DIL2CPP_ENABLE_WRITE_BARRIERS=1 -DIL2CPP_INCREMENTAL_TIME_SLICE=3 -D_DEBUG -I"." -I"Il2CppOutputProject/Source/il2cppOutput" -I"Il2CppOutputProject/IL2CPP/libil2cpp/pch" -I"Il2CppOutputProject/IL2CPP/libil2cpp" -I"Il2CppOutputProject/IL2CPP/external/baselib/Include" -I"Il2CppOutputProject/IL2CPP/libil2cpp/os/ClassLibraryPAL/brotli/include" -I"Il2CppOutputProject/IL2CPP/external/baselib/Platforms/IOS/Include" -o "Il2CppTempDirArtifacts/Debug/artifacts/arm64/actx/7166cb9egf2r.o" -fcolor-diagnostics -stdlib=libc++ -arch arm64 -mios-version-min=11.0 -fno-strict-float-cast-overflow -c -x c++ "Il2CppOutputProject/Source/il2cppOutput/Generics__5.cpp"
[280/410    1s] C_iOS_arm64 Il2CppTempDirArtifacts/Debug/artifacts/arm64/actx/gyev53uh2g9i.o
##### CommandLine
"/Applications/Xcode.app/Contents/Developer/Toolchains/XcodeDefault.xctoolchain/usr/bin/clang++" -std=c++17 -Wswitch -Wno-trigraphs -Wno-tautological-compare -Wno-invalid-offsetof -Wno-implicitly-unsigned-literal -Wno-integer-overflow -Wno-shift-negative-value -Wno-unknown-attributes -Wno-implicit-function-declaration -Wno-null-conversion -Wno-missing-declarations -Wno-unused-value -Wno-pragma-once-outside-header -Wno-unknown-warning-option -Wno-undef-prefix -fvisibility=hidden -isysroot "/Applications/Xcode.app/Contents/Developer/Platforms/iPhoneOS.platform/Developer/SDKs/iPhoneOS18.2.sdk" -fexceptions -frtti -g -O0 -fno-strict-overflow -ffunction-sections -fdata-sections -fmessage-length=0 -pipe -DIL2CPP_DEBUG=1 -DHAVE_BDWGC_GC -DBASELIB_INLINE_NAMESPACE=il2cpp_baselib -DIL2CPP_MONO_DEBUGGER_DISABLED -DRUNTIME_IL2CPP -DTARGET_ARM64 -DIL2CPP_ENABLE_WRITE_BARRIERS=1 -DIL2CPP_INCREMENTAL_TIME_SLICE=3 -D_DEBUG -I"." -I"Il2CppOutputProject/Source/il2cppOutput" -I"Il2CppOutputProject/IL2CPP/libil2cpp/pch" -I"Il2CppOutputProject/IL2CPP/libil2cpp" -I"Il2CppOutputProject/IL2CPP/external/baselib/Include" -I"Il2CppOutputProject/IL2CPP/libil2cpp/os/ClassLibraryPAL/brotli/include" -I"Il2CppOutputProject/IL2CPP/external/baselib/Platforms/IOS/Include" -o "Il2CppTempDirArtifacts/Debug/artifacts/arm64/actx/gyev53uh2g9i.o" -fcolor-diagnostics -stdlib=libc++ -arch arm64 -mios-version-min=11.0 -fno-strict-float-cast-overflow -c -x c++ "Il2CppOutputProject/Source/il2cppOutput/Generics__48.cpp"
[281/410    0s] C_iOS_arm64 Il2CppTempDirArtifacts/Debug/artifacts/arm64/actx/mzfh50auhavm.o
##### CommandLine
"/Applications/Xcode.app/Contents/Developer/Toolchains/XcodeDefault.xctoolchain/usr/bin/clang++" -std=c++17 -Wswitch -Wno-trigraphs -Wno-tautological-compare -Wno-invalid-offsetof -Wno-implicitly-unsigned-literal -Wno-integer-overflow -Wno-shift-negative-value -Wno-unknown-attributes -Wno-implicit-function-declaration -Wno-null-conversion -Wno-missing-declarations -Wno-unused-value -Wno-pragma-once-outside-header -Wno-unknown-warning-option -Wno-undef-prefix -fvisibility=hidden -isysroot "/Applications/Xcode.app/Contents/Developer/Platforms/iPhoneOS.platform/Developer/SDKs/iPhoneOS18.2.sdk" -fexceptions -frtti -g -O0 -fno-strict-overflow -ffunction-sections -fdata-sections -fmessage-length=0 -pipe -DIL2CPP_DEBUG=1 -DHAVE_BDWGC_GC -DBASELIB_INLINE_NAMESPACE=il2cpp_baselib -DIL2CPP_MONO_DEBUGGER_DISABLED -DRUNTIME_IL2CPP -DTARGET_ARM64 -DIL2CPP_ENABLE_WRITE_BARRIERS=1 -DIL2CPP_INCREMENTAL_TIME_SLICE=3 -D_DEBUG -I"." -I"Il2CppOutputProject/Source/il2cppOutput" -I"Il2CppOutputProject/IL2CPP/libil2cpp/pch" -I"Il2CppOutputProject/IL2CPP/libil2cpp" -I"Il2CppOutputProject/IL2CPP/external/baselib/Include" -I"Il2CppOutputProject/IL2CPP/libil2cpp/os/ClassLibraryPAL/brotli/include" -I"Il2CppOutputProject/IL2CPP/external/baselib/Platforms/IOS/Include" -o "Il2CppTempDirArtifacts/Debug/artifacts/arm64/actx/mzfh50auhavm.o" -fcolor-diagnostics -stdlib=libc++ -arch arm64 -mios-version-min=11.0 -fno-strict-float-cast-overflow -c -x c++ "Il2CppOutputProject/Source/il2cppOutput/Generics__42.cpp"
[282/410    0s] C_iOS_arm64 Il2CppTempDirArtifacts/Debug/artifacts/arm64/actx/1jctprwwemj3.o
##### CommandLine
"/Applications/Xcode.app/Contents/Developer/Toolchains/XcodeDefault.xctoolchain/usr/bin/clang++" -std=c++17 -Wswitch -Wno-trigraphs -Wno-tautological-compare -Wno-invalid-offsetof -Wno-implicitly-unsigned-literal -Wno-integer-overflow -Wno-shift-negative-value -Wno-unknown-attributes -Wno-implicit-function-declaration -Wno-null-conversion -Wno-missing-declarations -Wno-unused-value -Wno-pragma-once-outside-header -Wno-unknown-warning-option -Wno-undef-prefix -fvisibility=hidden -isysroot "/Applications/Xcode.app/Contents/Developer/Platforms/iPhoneOS.platform/Developer/SDKs/iPhoneOS18.2.sdk" -fexceptions -frtti -g -O0 -fno-strict-overflow -ffunction-sections -fdata-sections -fmessage-length=0 -pipe -DIL2CPP_DEBUG=1 -DHAVE_BDWGC_GC -DBASELIB_INLINE_NAMESPACE=il2cpp_baselib -DIL2CPP_MONO_DEBUGGER_DISABLED -DRUNTIME_IL2CPP -DTARGET_ARM64 -DIL2CPP_ENABLE_WRITE_BARRIERS=1 -DIL2CPP_INCREMENTAL_TIME_SLICE=3 -D_DEBUG -I"." -I"Il2CppOutputProject/Source/il2cppOutput" -I"Il2CppOutputProject/IL2CPP/libil2cpp/pch" -I"Il2CppOutputProject/IL2CPP/libil2cpp" -I"Il2CppOutputProject/IL2CPP/external/baselib/Include" -I"Il2CppOutputProject/IL2CPP/libil2cpp/os/ClassLibraryPAL/brotli/include" -I"Il2CppOutputProject/IL2CPP/external/baselib/Platforms/IOS/Include" -o "Il2CppTempDirArtifacts/Debug/artifacts/arm64/actx/1jctprwwemj3.o" -fcolor-diagnostics -stdlib=libc++ -arch arm64 -mios-version-min=11.0 -fno-strict-float-cast-overflow -c -x c++ "Il2CppOutputProject/Source/il2cppOutput/Generics__41.cpp"
[283/410    0s] C_iOS_arm64 Il2CppTempDirArtifacts/Debug/artifacts/arm64/actx/g4849hizby7j.o
##### CommandLine
"/Applications/Xcode.app/Contents/Developer/Toolchains/XcodeDefault.xctoolchain/usr/bin/clang++" -std=c++17 -Wswitch -Wno-trigraphs -Wno-tautological-compare -Wno-invalid-offsetof -Wno-implicitly-unsigned-literal -Wno-integer-overflow -Wno-shift-negative-value -Wno-unknown-attributes -Wno-implicit-function-declaration -Wno-null-conversion -Wno-missing-declarations -Wno-unused-value -Wno-pragma-once-outside-header -Wno-unknown-warning-option -Wno-undef-prefix -fvisibility=hidden -isysroot "/Applications/Xcode.app/Contents/Developer/Platforms/iPhoneOS.platform/Developer/SDKs/iPhoneOS18.2.sdk" -fexceptions -frtti -g -O0 -fno-strict-overflow -ffunction-sections -fdata-sections -fmessage-length=0 -pipe -DIL2CPP_DEBUG=1 -DHAVE_BDWGC_GC -DBASELIB_INLINE_NAMESPACE=il2cpp_baselib -DIL2CPP_MONO_DEBUGGER_DISABLED -DRUNTIME_IL2CPP -DTARGET_ARM64 -DIL2CPP_ENABLE_WRITE_BARRIERS=1 -DIL2CPP_INCREMENTAL_TIME_SLICE=3 -D_DEBUG -I"." -I"Il2CppOutputProject/Source/il2cppOutput" -I"Il2CppOutputProject/IL2CPP/libil2cpp/pch" -I"Il2CppOutputProject/IL2CPP/libil2cpp" -I"Il2CppOutputProject/IL2CPP/external/baselib/Include" -I"Il2CppOutputProject/IL2CPP/libil2cpp/os/ClassLibraryPAL/brotli/include" -I"Il2CppOutputProject/IL2CPP/external/baselib/Platforms/IOS/Include" -o "Il2CppTempDirArtifacts/Debug/artifacts/arm64/actx/g4849hizby7j.o" -fcolor-diagnostics -stdlib=libc++ -arch arm64 -mios-version-min=11.0 -fno-strict-float-cast-overflow -c -x c++ "Il2CppOutputProject/Source/il2cppOutput/Generics__40.cpp"
[284/410    1s] C_iOS_arm64 Il2CppTempDirArtifacts/Debug/artifacts/arm64/actx/9un2p5los240.o
##### CommandLine
"/Applications/Xcode.app/Contents/Developer/Toolchains/XcodeDefault.xctoolchain/usr/bin/clang++" -std=c++17 -Wswitch -Wno-trigraphs -Wno-tautological-compare -Wno-invalid-offsetof -Wno-implicitly-unsigned-literal -Wno-integer-overflow -Wno-shift-negative-value -Wno-unknown-attributes -Wno-implicit-function-declaration -Wno-null-conversion -Wno-missing-declarations -Wno-unused-value -Wno-pragma-once-outside-header -Wno-unknown-warning-option -Wno-undef-prefix -fvisibility=hidden -isysroot "/Applications/Xcode.app/Contents/Developer/Platforms/iPhoneOS.platform/Developer/SDKs/iPhoneOS18.2.sdk" -fexceptions -frtti -g -O0 -fno-strict-overflow -ffunction-sections -fdata-sections -fmessage-length=0 -pipe -DIL2CPP_DEBUG=1 -DHAVE_BDWGC_GC -DBASELIB_INLINE_NAMESPACE=il2cpp_baselib -DIL2CPP_MONO_DEBUGGER_DISABLED -DRUNTIME_IL2CPP -DTARGET_ARM64 -DIL2CPP_ENABLE_WRITE_BARRIERS=1 -DIL2CPP_INCREMENTAL_TIME_SLICE=3 -D_DEBUG -I"." -I"Il2CppOutputProject/Source/il2cppOutput" -I"Il2CppOutputProject/IL2CPP/libil2cpp/pch" -I"Il2CppOutputProject/IL2CPP/libil2cpp" -I"Il2CppOutputProject/IL2CPP/external/baselib/Include" -I"Il2CppOutputProject/IL2CPP/libil2cpp/os/ClassLibraryPAL/brotli/include" -I"Il2CppOutputProject/IL2CPP/external/baselib/Platforms/IOS/Include" -o "Il2CppTempDirArtifacts/Debug/artifacts/arm64/actx/9un2p5los240.o" -fcolor-diagnostics -stdlib=libc++ -arch arm64 -mios-version-min=11.0 -fno-strict-float-cast-overflow -c -x c++ "Il2CppOutputProject/Source/il2cppOutput/Generics__45.cpp"
[285/410    0s] C_iOS_arm64 Il2CppTempDirArtifacts/Debug/artifacts/arm64/actx/ubi0cqjy2zl7.o
##### CommandLine
"/Applications/Xcode.app/Contents/Developer/Toolchains/XcodeDefault.xctoolchain/usr/bin/clang++" -std=c++17 -Wswitch -Wno-trigraphs -Wno-tautological-compare -Wno-invalid-offsetof -Wno-implicitly-unsigned-literal -Wno-integer-overflow -Wno-shift-negative-value -Wno-unknown-attributes -Wno-implicit-function-declaration -Wno-null-conversion -Wno-missing-declarations -Wno-unused-value -Wno-pragma-once-outside-header -Wno-unknown-warning-option -Wno-undef-prefix -fvisibility=hidden -isysroot "/Applications/Xcode.app/Contents/Developer/Platforms/iPhoneOS.platform/Developer/SDKs/iPhoneOS18.2.sdk" -fexceptions -frtti -g -O0 -fno-strict-overflow -ffunction-sections -fdata-sections -fmessage-length=0 -pipe -DIL2CPP_DEBUG=1 -DHAVE_BDWGC_GC -DBASELIB_INLINE_NAMESPACE=il2cpp_baselib -DIL2CPP_MONO_DEBUGGER_DISABLED -DRUNTIME_IL2CPP -DTARGET_ARM64 -DIL2CPP_ENABLE_WRITE_BARRIERS=1 -DIL2CPP_INCREMENTAL_TIME_SLICE=3 -D_DEBUG -I"." -I"Il2CppOutputProject/Source/il2cppOutput" -I"Il2CppOutputProject/IL2CPP/libil2cpp/pch" -I"Il2CppOutputProject/IL2CPP/libil2cpp" -I"Il2CppOutputProject/IL2CPP/external/baselib/Include" -I"Il2CppOutputProject/IL2CPP/libil2cpp/os/ClassLibraryPAL/brotli/include" -I"Il2CppOutputProject/IL2CPP/external/baselib/Platforms/IOS/Include" -o "Il2CppTempDirArtifacts/Debug/artifacts/arm64/actx/ubi0cqjy2zl7.o" -fcolor-diagnostics -stdlib=libc++ -arch arm64 -mios-version-min=11.0 -fno-strict-float-cast-overflow -c -x c++ "Il2CppOutputProject/Source/il2cppOutput/Generics__39.cpp"
[286/410    1s] C_iOS_arm64 Il2CppTempDirArtifacts/Debug/artifacts/arm64/actx/n7zxpgrslcc2.o
##### CommandLine
"/Applications/Xcode.app/Contents/Developer/Toolchains/XcodeDefault.xctoolchain/usr/bin/clang++" -std=c++17 -Wswitch -Wno-trigraphs -Wno-tautological-compare -Wno-invalid-offsetof -Wno-implicitly-unsigned-literal -Wno-integer-overflow -Wno-shift-negative-value -Wno-unknown-attributes -Wno-implicit-function-declaration -Wno-null-conversion -Wno-missing-declarations -Wno-unused-value -Wno-pragma-once-outside-header -Wno-unknown-warning-option -Wno-undef-prefix -fvisibility=hidden -isysroot "/Applications/Xcode.app/Contents/Developer/Platforms/iPhoneOS.platform/Developer/SDKs/iPhoneOS18.2.sdk" -fexceptions -frtti -g -O0 -fno-strict-overflow -ffunction-sections -fdata-sections -fmessage-length=0 -pipe -DIL2CPP_DEBUG=1 -DHAVE_BDWGC_GC -DBASELIB_INLINE_NAMESPACE=il2cpp_baselib -DIL2CPP_MONO_DEBUGGER_DISABLED -DRUNTIME_IL2CPP -DTARGET_ARM64 -DIL2CPP_ENABLE_WRITE_BARRIERS=1 -DIL2CPP_INCREMENTAL_TIME_SLICE=3 -D_DEBUG -I"." -I"Il2CppOutputProject/Source/il2cppOutput" -I"Il2CppOutputProject/IL2CPP/libil2cpp/pch" -I"Il2CppOutputProject/IL2CPP/libil2cpp" -I"Il2CppOutputProject/IL2CPP/external/baselib/Include" -I"Il2CppOutputProject/IL2CPP/libil2cpp/os/ClassLibraryPAL/brotli/include" -I"Il2CppOutputProject/IL2CPP/external/baselib/Platforms/IOS/Include" -o "Il2CppTempDirArtifacts/Debug/artifacts/arm64/actx/n7zxpgrslcc2.o" -fcolor-diagnostics -stdlib=libc++ -arch arm64 -mios-version-min=11.0 -fno-strict-float-cast-overflow -c -x c++ "Il2CppOutputProject/Source/il2cppOutput/Generics__43.cpp"
[287/410    0s] C_iOS_arm64 Il2CppTempDirArtifacts/Debug/artifacts/arm64/actx/t3xjsa3zyx4r.o
##### CommandLine
"/Applications/Xcode.app/Contents/Developer/Toolchains/XcodeDefault.xctoolchain/usr/bin/clang++" -std=c++17 -Wswitch -Wno-trigraphs -Wno-tautological-compare -Wno-invalid-offsetof -Wno-implicitly-unsigned-literal -Wno-integer-overflow -Wno-shift-negative-value -Wno-unknown-attributes -Wno-implicit-function-declaration -Wno-null-conversion -Wno-missing-declarations -Wno-unused-value -Wno-pragma-once-outside-header -Wno-unknown-warning-option -Wno-undef-prefix -fvisibility=hidden -isysroot "/Applications/Xcode.app/Contents/Developer/Platforms/iPhoneOS.platform/Developer/SDKs/iPhoneOS18.2.sdk" -fexceptions -frtti -g -O0 -fno-strict-overflow -ffunction-sections -fdata-sections -fmessage-length=0 -pipe -DIL2CPP_DEBUG=1 -DHAVE_BDWGC_GC -DBASELIB_INLINE_NAMESPACE=il2cpp_baselib -DIL2CPP_MONO_DEBUGGER_DISABLED -DRUNTIME_IL2CPP -DTARGET_ARM64 -DIL2CPP_ENABLE_WRITE_BARRIERS=1 -DIL2CPP_INCREMENTAL_TIME_SLICE=3 -D_DEBUG -I"." -I"Il2CppOutputProject/Source/il2cppOutput" -I"Il2CppOutputProject/IL2CPP/libil2cpp/pch" -I"Il2CppOutputProject/IL2CPP/libil2cpp" -I"Il2CppOutputProject/IL2CPP/external/baselib/Include" -I"Il2CppOutputProject/IL2CPP/libil2cpp/os/ClassLibraryPAL/brotli/include" -I"Il2CppOutputProject/IL2CPP/external/baselib/Platforms/IOS/Include" -o "Il2CppTempDirArtifacts/Debug/artifacts/arm64/actx/t3xjsa3zyx4r.o" -fcolor-diagnostics -stdlib=libc++ -arch arm64 -mios-version-min=11.0 -fno-strict-float-cast-overflow -c -x c++ "Il2CppOutputProject/Source/il2cppOutput/Generics__38.cpp"
[288/410    1s] C_iOS_arm64 Il2CppTempDirArtifacts/Debug/artifacts/arm64/actx/8m3l5p5po0nl.o
##### CommandLine
"/Applications/Xcode.app/Contents/Developer/Toolchains/XcodeDefault.xctoolchain/usr/bin/clang++" -std=c++17 -Wswitch -Wno-trigraphs -Wno-tautological-compare -Wno-invalid-offsetof -Wno-implicitly-unsigned-literal -Wno-integer-overflow -Wno-shift-negative-value -Wno-unknown-attributes -Wno-implicit-function-declaration -Wno-null-conversion -Wno-missing-declarations -Wno-unused-value -Wno-pragma-once-outside-header -Wno-unknown-warning-option -Wno-undef-prefix -fvisibility=hidden -isysroot "/Applications/Xcode.app/Contents/Developer/Platforms/iPhoneOS.platform/Developer/SDKs/iPhoneOS18.2.sdk" -fexceptions -frtti -g -O0 -fno-strict-overflow -ffunction-sections -fdata-sections -fmessage-length=0 -pipe -DIL2CPP_DEBUG=1 -DHAVE_BDWGC_GC -DBASELIB_INLINE_NAMESPACE=il2cpp_baselib -DIL2CPP_MONO_DEBUGGER_DISABLED -DRUNTIME_IL2CPP -DTARGET_ARM64 -DIL2CPP_ENABLE_WRITE_BARRIERS=1 -DIL2CPP_INCREMENTAL_TIME_SLICE=3 -D_DEBUG -I"." -I"Il2CppOutputProject/Source/il2cppOutput" -I"Il2CppOutputProject/IL2CPP/libil2cpp/pch" -I"Il2CppOutputProject/IL2CPP/libil2cpp" -I"Il2CppOutputProject/IL2CPP/external/baselib/Include" -I"Il2CppOutputProject/IL2CPP/libil2cpp/os/ClassLibraryPAL/brotli/include" -I"Il2CppOutputProject/IL2CPP/external/baselib/Platforms/IOS/Include" -o "Il2CppTempDirArtifacts/Debug/artifacts/arm64/actx/8m3l5p5po0nl.o" -fcolor-diagnostics -stdlib=libc++ -arch arm64 -mios-version-min=11.0 -fno-strict-float-cast-overflow -c -x c++ "Il2CppOutputProject/Source/il2cppOutput/Generics__44.cpp"
[289/410    0s] C_iOS_arm64 Il2CppTempDirArtifacts/Debug/artifacts/arm64/actx/8nuvc1o2v9s8.o
##### CommandLine
"/Applications/Xcode.app/Contents/Developer/Toolchains/XcodeDefault.xctoolchain/usr/bin/clang++" -std=c++17 -Wswitch -Wno-trigraphs -Wno-tautological-compare -Wno-invalid-offsetof -Wno-implicitly-unsigned-literal -Wno-integer-overflow -Wno-shift-negative-value -Wno-unknown-attributes -Wno-implicit-function-declaration -Wno-null-conversion -Wno-missing-declarations -Wno-unused-value -Wno-pragma-once-outside-header -Wno-unknown-warning-option -Wno-undef-prefix -fvisibility=hidden -isysroot "/Applications/Xcode.app/Contents/Developer/Platforms/iPhoneOS.platform/Developer/SDKs/iPhoneOS18.2.sdk" -fexceptions -frtti -g -O0 -fno-strict-overflow -ffunction-sections -fdata-sections -fmessage-length=0 -pipe -DIL2CPP_DEBUG=1 -DHAVE_BDWGC_GC -DBASELIB_INLINE_NAMESPACE=il2cpp_baselib -DIL2CPP_MONO_DEBUGGER_DISABLED -DRUNTIME_IL2CPP -DTARGET_ARM64 -DIL2CPP_ENABLE_WRITE_BARRIERS=1 -DIL2CPP_INCREMENTAL_TIME_SLICE=3 -D_DEBUG -I"." -I"Il2CppOutputProject/Source/il2cppOutput" -I"Il2CppOutputProject/IL2CPP/libil2cpp/pch" -I"Il2CppOutputProject/IL2CPP/libil2cpp" -I"Il2CppOutputProject/IL2CPP/external/baselib/Include" -I"Il2CppOutputProject/IL2CPP/libil2cpp/os/ClassLibraryPAL/brotli/include" -I"Il2CppOutputProject/IL2CPP/external/baselib/Platforms/IOS/Include" -o "Il2CppTempDirArtifacts/Debug/artifacts/arm64/actx/8nuvc1o2v9s8.o" -fcolor-diagnostics -stdlib=libc++ -arch arm64 -mios-version-min=11.0 -fno-strict-float-cast-overflow -c -x c++ "Il2CppOutputProject/Source/il2cppOutput/Generics__37.cpp"
[290/410    1s] C_iOS_arm64 Il2CppTempDirArtifacts/Debug/artifacts/arm64/actx/6tmqsvsgcdlc.o
##### CommandLine
"/Applications/Xcode.app/Contents/Developer/Toolchains/XcodeDefault.xctoolchain/usr/bin/clang++" -std=c++17 -Wswitch -Wno-trigraphs -Wno-tautological-compare -Wno-invalid-offsetof -Wno-implicitly-unsigned-literal -Wno-integer-overflow -Wno-shift-negative-value -Wno-unknown-attributes -Wno-implicit-function-declaration -Wno-null-conversion -Wno-missing-declarations -Wno-unused-value -Wno-pragma-once-outside-header -Wno-unknown-warning-option -Wno-undef-prefix -fvisibility=hidden -isysroot "/Applications/Xcode.app/Contents/Developer/Platforms/iPhoneOS.platform/Developer/SDKs/iPhoneOS18.2.sdk" -fexceptions -frtti -g -O0 -fno-strict-overflow -ffunction-sections -fdata-sections -fmessage-length=0 -pipe -DIL2CPP_DEBUG=1 -DHAVE_BDWGC_GC -DBASELIB_INLINE_NAMESPACE=il2cpp_baselib -DIL2CPP_MONO_DEBUGGER_DISABLED -DRUNTIME_IL2CPP -DTARGET_ARM64 -DIL2CPP_ENABLE_WRITE_BARRIERS=1 -DIL2CPP_INCREMENTAL_TIME_SLICE=3 -D_DEBUG -I"." -I"Il2CppOutputProject/Source/il2cppOutput" -I"Il2CppOutputProject/IL2CPP/libil2cpp/pch" -I"Il2CppOutputProject/IL2CPP/libil2cpp" -I"Il2CppOutputProject/IL2CPP/external/baselib/Include" -I"Il2CppOutputProject/IL2CPP/libil2cpp/os/ClassLibraryPAL/brotli/include" -I"Il2CppOutputProject/IL2CPP/external/baselib/Platforms/IOS/Include" -o "Il2CppTempDirArtifacts/Debug/artifacts/arm64/actx/6tmqsvsgcdlc.o" -fcolor-diagnostics -stdlib=libc++ -arch arm64 -mios-version-min=11.0 -fno-strict-float-cast-overflow -c -x c++ "Il2CppOutputProject/Source/il2cppOutput/Generics__4.cpp"
[291/410    0s] C_iOS_arm64 Il2CppTempDirArtifacts/Debug/artifacts/arm64/actx/n8q7wra5slhp.o
##### CommandLine
"/Applications/Xcode.app/Contents/Developer/Toolchains/XcodeDefault.xctoolchain/usr/bin/clang++" -std=c++17 -Wswitch -Wno-trigraphs -Wno-tautological-compare -Wno-invalid-offsetof -Wno-implicitly-unsigned-literal -Wno-integer-overflow -Wno-shift-negative-value -Wno-unknown-attributes -Wno-implicit-function-declaration -Wno-null-conversion -Wno-missing-declarations -Wno-unused-value -Wno-pragma-once-outside-header -Wno-unknown-warning-option -Wno-undef-prefix -fvisibility=hidden -isysroot "/Applications/Xcode.app/Contents/Developer/Platforms/iPhoneOS.platform/Developer/SDKs/iPhoneOS18.2.sdk" -fexceptions -frtti -g -O0 -fno-strict-overflow -ffunction-sections -fdata-sections -fmessage-length=0 -pipe -DIL2CPP_DEBUG=1 -DHAVE_BDWGC_GC -DBASELIB_INLINE_NAMESPACE=il2cpp_baselib -DIL2CPP_MONO_DEBUGGER_DISABLED -DRUNTIME_IL2CPP -DTARGET_ARM64 -DIL2CPP_ENABLE_WRITE_BARRIERS=1 -DIL2CPP_INCREMENTAL_TIME_SLICE=3 -D_DEBUG -I"." -I"Il2CppOutputProject/Source/il2cppOutput" -I"Il2CppOutputProject/IL2CPP/libil2cpp/pch" -I"Il2CppOutputProject/IL2CPP/libil2cpp" -I"Il2CppOutputProject/IL2CPP/external/baselib/Include" -I"Il2CppOutputProject/IL2CPP/libil2cpp/os/ClassLibraryPAL/brotli/include" -I"Il2CppOutputProject/IL2CPP/external/baselib/Platforms/IOS/Include" -o "Il2CppTempDirArtifacts/Debug/artifacts/arm64/actx/n8q7wra5slhp.o" -fcolor-diagnostics -stdlib=libc++ -arch arm64 -mios-version-min=11.0 -fno-strict-float-cast-overflow -c -x c++ "Il2CppOutputProject/Source/il2cppOutput/Generics__36.cpp"
[292/410    0s] C_iOS_arm64 Il2CppTempDirArtifacts/Debug/artifacts/arm64/actx/m06qccu6oj09.o
##### CommandLine
"/Applications/Xcode.app/Contents/Developer/Toolchains/XcodeDefault.xctoolchain/usr/bin/clang++" -std=c++17 -Wswitch -Wno-trigraphs -Wno-tautological-compare -Wno-invalid-offsetof -Wno-implicitly-unsigned-literal -Wno-integer-overflow -Wno-shift-negative-value -Wno-unknown-attributes -Wno-implicit-function-declaration -Wno-null-conversion -Wno-missing-declarations -Wno-unused-value -Wno-pragma-once-outside-header -Wno-unknown-warning-option -Wno-undef-prefix -fvisibility=hidden -isysroot "/Applications/Xcode.app/Contents/Developer/Platforms/iPhoneOS.platform/Developer/SDKs/iPhoneOS18.2.sdk" -fexceptions -frtti -g -O0 -fno-strict-overflow -ffunction-sections -fdata-sections -fmessage-length=0 -pipe -DIL2CPP_DEBUG=1 -DHAVE_BDWGC_GC -DBASELIB_INLINE_NAMESPACE=il2cpp_baselib -DIL2CPP_MONO_DEBUGGER_DISABLED -DRUNTIME_IL2CPP -DTARGET_ARM64 -DIL2CPP_ENABLE_WRITE_BARRIERS=1 -DIL2CPP_INCREMENTAL_TIME_SLICE=3 -D_DEBUG -I"." -I"Il2CppOutputProject/Source/il2cppOutput" -I"Il2CppOutputProject/IL2CPP/libil2cpp/pch" -I"Il2CppOutputProject/IL2CPP/libil2cpp" -I"Il2CppOutputProject/IL2CPP/external/baselib/Include" -I"Il2CppOutputProject/IL2CPP/libil2cpp/os/ClassLibraryPAL/brotli/include" -I"Il2CppOutputProject/IL2CPP/external/baselib/Platforms/IOS/Include" -o "Il2CppTempDirArtifacts/Debug/artifacts/arm64/actx/m06qccu6oj09.o" -fcolor-diagnostics -stdlib=libc++ -arch arm64 -mios-version-min=11.0 -fno-strict-float-cast-overflow -c -x c++ "Il2CppOutputProject/Source/il2cppOutput/Generics__35.cpp"
[293/410    0s] C_iOS_arm64 Il2CppTempDirArtifacts/Debug/artifacts/arm64/actx/1k32w2f9lvoq.o
##### CommandLine
"/Applications/Xcode.app/Contents/Developer/Toolchains/XcodeDefault.xctoolchain/usr/bin/clang++" -std=c++17 -Wswitch -Wno-trigraphs -Wno-tautological-compare -Wno-invalid-offsetof -Wno-implicitly-unsigned-literal -Wno-integer-overflow -Wno-shift-negative-value -Wno-unknown-attributes -Wno-implicit-function-declaration -Wno-null-conversion -Wno-missing-declarations -Wno-unused-value -Wno-pragma-once-outside-header -Wno-unknown-warning-option -Wno-undef-prefix -fvisibility=hidden -isysroot "/Applications/Xcode.app/Contents/Developer/Platforms/iPhoneOS.platform/Developer/SDKs/iPhoneOS18.2.sdk" -fexceptions -frtti -g -O0 -fno-strict-overflow -ffunction-sections -fdata-sections -fmessage-length=0 -pipe -DIL2CPP_DEBUG=1 -DHAVE_BDWGC_GC -DBASELIB_INLINE_NAMESPACE=il2cpp_baselib -DIL2CPP_MONO_DEBUGGER_DISABLED -DRUNTIME_IL2CPP -DTARGET_ARM64 -DIL2CPP_ENABLE_WRITE_BARRIERS=1 -DIL2CPP_INCREMENTAL_TIME_SLICE=3 -D_DEBUG -I"." -I"Il2CppOutputProject/Source/il2cppOutput" -I"Il2CppOutputProject/IL2CPP/libil2cpp/pch" -I"Il2CppOutputProject/IL2CPP/libil2cpp" -I"Il2CppOutputProject/IL2CPP/external/baselib/Include" -I"Il2CppOutputProject/IL2CPP/libil2cpp/os/ClassLibraryPAL/brotli/include" -I"Il2CppOutputProject/IL2CPP/external/baselib/Platforms/IOS/Include" -o "Il2CppTempDirArtifacts/Debug/artifacts/arm64/actx/1k32w2f9lvoq.o" -fcolor-diagnostics -stdlib=libc++ -arch arm64 -mios-version-min=11.0 -fno-strict-float-cast-overflow -c -x c++ "Il2CppOutputProject/Source/il2cppOutput/Generics__34.cpp"
[294/410    1s] C_iOS_arm64 Il2CppTempDirArtifacts/Debug/artifacts/arm64/actx/0cjmcnzait7a.o
##### CommandLine
"/Applications/Xcode.app/Contents/Developer/Toolchains/XcodeDefault.xctoolchain/usr/bin/clang++" -std=c++17 -Wswitch -Wno-trigraphs -Wno-tautological-compare -Wno-invalid-offsetof -Wno-implicitly-unsigned-literal -Wno-integer-overflow -Wno-shift-negative-value -Wno-unknown-attributes -Wno-implicit-function-declaration -Wno-null-conversion -Wno-missing-declarations -Wno-unused-value -Wno-pragma-once-outside-header -Wno-unknown-warning-option -Wno-undef-prefix -fvisibility=hidden -isysroot "/Applications/Xcode.app/Contents/Developer/Platforms/iPhoneOS.platform/Developer/SDKs/iPhoneOS18.2.sdk" -fexceptions -frtti -g -O0 -fno-strict-overflow -ffunction-sections -fdata-sections -fmessage-length=0 -pipe -DIL2CPP_DEBUG=1 -DHAVE_BDWGC_GC -DBASELIB_INLINE_NAMESPACE=il2cpp_baselib -DIL2CPP_MONO_DEBUGGER_DISABLED -DRUNTIME_IL2CPP -DTARGET_ARM64 -DIL2CPP_ENABLE_WRITE_BARRIERS=1 -DIL2CPP_INCREMENTAL_TIME_SLICE=3 -D_DEBUG -I"." -I"Il2CppOutputProject/Source/il2cppOutput" -I"Il2CppOutputProject/IL2CPP/libil2cpp/pch" -I"Il2CppOutputProject/IL2CPP/libil2cpp" -I"Il2CppOutputProject/IL2CPP/external/baselib/Include" -I"Il2CppOutputProject/IL2CPP/libil2cpp/os/ClassLibraryPAL/brotli/include" -I"Il2CppOutputProject/IL2CPP/external/baselib/Platforms/IOS/Include" -o "Il2CppTempDirArtifacts/Debug/artifacts/arm64/actx/0cjmcnzait7a.o" -fcolor-diagnostics -stdlib=libc++ -arch arm64 -mios-version-min=11.0 -fno-strict-float-cast-overflow -c -x c++ "Il2CppOutputProject/Source/il2cppOutput/Generics__33.cpp"
[295/410    1s] C_iOS_arm64 Il2CppTempDirArtifacts/Debug/artifacts/arm64/actx/t9rtwoqh8e3s.o
##### CommandLine
"/Applications/Xcode.app/Contents/Developer/Toolchains/XcodeDefault.xctoolchain/usr/bin/clang++" -std=c++17 -Wswitch -Wno-trigraphs -Wno-tautological-compare -Wno-invalid-offsetof -Wno-implicitly-unsigned-literal -Wno-integer-overflow -Wno-shift-negative-value -Wno-unknown-attributes -Wno-implicit-function-declaration -Wno-null-conversion -Wno-missing-declarations -Wno-unused-value -Wno-pragma-once-outside-header -Wno-unknown-warning-option -Wno-undef-prefix -fvisibility=hidden -isysroot "/Applications/Xcode.app/Contents/Developer/Platforms/iPhoneOS.platform/Developer/SDKs/iPhoneOS18.2.sdk" -fexceptions -frtti -g -O0 -fno-strict-overflow -ffunction-sections -fdata-sections -fmessage-length=0 -pipe -DIL2CPP_DEBUG=1 -DHAVE_BDWGC_GC -DBASELIB_INLINE_NAMESPACE=il2cpp_baselib -DIL2CPP_MONO_DEBUGGER_DISABLED -DRUNTIME_IL2CPP -DTARGET_ARM64 -DIL2CPP_ENABLE_WRITE_BARRIERS=1 -DIL2CPP_INCREMENTAL_TIME_SLICE=3 -D_DEBUG -I"." -I"Il2CppOutputProject/Source/il2cppOutput" -I"Il2CppOutputProject/IL2CPP/libil2cpp/pch" -I"Il2CppOutputProject/IL2CPP/libil2cpp" -I"Il2CppOutputProject/IL2CPP/external/baselib/Include" -I"Il2CppOutputProject/IL2CPP/libil2cpp/os/ClassLibraryPAL/brotli/include" -I"Il2CppOutputProject/IL2CPP/external/baselib/Platforms/IOS/Include" -o "Il2CppTempDirArtifacts/Debug/artifacts/arm64/actx/t9rtwoqh8e3s.o" -fcolor-diagnostics -stdlib=libc++ -arch arm64 -mios-version-min=11.0 -fno-strict-float-cast-overflow -c -x c++ "Il2CppOutputProject/Source/il2cppOutput/Generics__30.cpp"
[296/410    1s] C_iOS_arm64 Il2CppTempDirArtifacts/Debug/artifacts/arm64/actx/fxfywdldf5vr.o
##### CommandLine
"/Applications/Xcode.app/Contents/Developer/Toolchains/XcodeDefault.xctoolchain/usr/bin/clang++" -std=c++17 -Wswitch -Wno-trigraphs -Wno-tautological-compare -Wno-invalid-offsetof -Wno-implicitly-unsigned-literal -Wno-integer-overflow -Wno-shift-negative-value -Wno-unknown-attributes -Wno-implicit-function-declaration -Wno-null-conversion -Wno-missing-declarations -Wno-unused-value -Wno-pragma-once-outside-header -Wno-unknown-warning-option -Wno-undef-prefix -fvisibility=hidden -isysroot "/Applications/Xcode.app/Contents/Developer/Platforms/iPhoneOS.platform/Developer/SDKs/iPhoneOS18.2.sdk" -fexceptions -frtti -g -O0 -fno-strict-overflow -ffunction-sections -fdata-sections -fmessage-length=0 -pipe -DIL2CPP_DEBUG=1 -DHAVE_BDWGC_GC -DBASELIB_INLINE_NAMESPACE=il2cpp_baselib -DIL2CPP_MONO_DEBUGGER_DISABLED -DRUNTIME_IL2CPP -DTARGET_ARM64 -DIL2CPP_ENABLE_WRITE_BARRIERS=1 -DIL2CPP_INCREMENTAL_TIME_SLICE=3 -D_DEBUG -I"." -I"Il2CppOutputProject/Source/il2cppOutput" -I"Il2CppOutputProject/IL2CPP/libil2cpp/pch" -I"Il2CppOutputProject/IL2CPP/libil2cpp" -I"Il2CppOutputProject/IL2CPP/external/baselib/Include" -I"Il2CppOutputProject/IL2CPP/libil2cpp/os/ClassLibraryPAL/brotli/include" -I"Il2CppOutputProject/IL2CPP/external/baselib/Platforms/IOS/Include" -o "Il2CppTempDirArtifacts/Debug/artifacts/arm64/actx/fxfywdldf5vr.o" -fcolor-diagnostics -stdlib=libc++ -arch arm64 -mios-version-min=11.0 -fno-strict-float-cast-overflow -c -x c++ "Il2CppOutputProject/Source/il2cppOutput/Generics__32.cpp"
[297/410    1s] C_iOS_arm64 Il2CppTempDirArtifacts/Debug/artifacts/arm64/actx/lej2cmej9o9s.o
##### CommandLine
"/Applications/Xcode.app/Contents/Developer/Toolchains/XcodeDefault.xctoolchain/usr/bin/clang++" -std=c++17 -Wswitch -Wno-trigraphs -Wno-tautological-compare -Wno-invalid-offsetof -Wno-implicitly-unsigned-literal -Wno-integer-overflow -Wno-shift-negative-value -Wno-unknown-attributes -Wno-implicit-function-declaration -Wno-null-conversion -Wno-missing-declarations -Wno-unused-value -Wno-pragma-once-outside-header -Wno-unknown-warning-option -Wno-undef-prefix -fvisibility=hidden -isysroot "/Applications/Xcode.app/Contents/Developer/Platforms/iPhoneOS.platform/Developer/SDKs/iPhoneOS18.2.sdk" -fexceptions -frtti -g -O0 -fno-strict-overflow -ffunction-sections -fdata-sections -fmessage-length=0 -pipe -DIL2CPP_DEBUG=1 -DHAVE_BDWGC_GC -DBASELIB_INLINE_NAMESPACE=il2cpp_baselib -DIL2CPP_MONO_DEBUGGER_DISABLED -DRUNTIME_IL2CPP -DTARGET_ARM64 -DIL2CPP_ENABLE_WRITE_BARRIERS=1 -DIL2CPP_INCREMENTAL_TIME_SLICE=3 -D_DEBUG -I"." -I"Il2CppOutputProject/Source/il2cppOutput" -I"Il2CppOutputProject/IL2CPP/libil2cpp/pch" -I"Il2CppOutputProject/IL2CPP/libil2cpp" -I"Il2CppOutputProject/IL2CPP/external/baselib/Include" -I"Il2CppOutputProject/IL2CPP/libil2cpp/os/ClassLibraryPAL/brotli/include" -I"Il2CppOutputProject/IL2CPP/external/baselib/Platforms/IOS/Include" -o "Il2CppTempDirArtifacts/Debug/artifacts/arm64/actx/lej2cmej9o9s.o" -fcolor-diagnostics -stdlib=libc++ -arch arm64 -mios-version-min=11.0 -fno-strict-float-cast-overflow -c -x c++ "Il2CppOutputProject/Source/il2cppOutput/Generics__3.cpp"
[298/410    1s] C_iOS_arm64 Il2CppTempDirArtifacts/Debug/artifacts/arm64/actx/uhcah46fchk8.o
##### CommandLine
"/Applications/Xcode.app/Contents/Developer/Toolchains/XcodeDefault.xctoolchain/usr/bin/clang++" -std=c++17 -Wswitch -Wno-trigraphs -Wno-tautological-compare -Wno-invalid-offsetof -Wno-implicitly-unsigned-literal -Wno-integer-overflow -Wno-shift-negative-value -Wno-unknown-attributes -Wno-implicit-function-declaration -Wno-null-conversion -Wno-missing-declarations -Wno-unused-value -Wno-pragma-once-outside-header -Wno-unknown-warning-option -Wno-undef-prefix -fvisibility=hidden -isysroot "/Applications/Xcode.app/Contents/Developer/Platforms/iPhoneOS.platform/Developer/SDKs/iPhoneOS18.2.sdk" -fexceptions -frtti -g -O0 -fno-strict-overflow -ffunction-sections -fdata-sections -fmessage-length=0 -pipe -DIL2CPP_DEBUG=1 -DHAVE_BDWGC_GC -DBASELIB_INLINE_NAMESPACE=il2cpp_baselib -DIL2CPP_MONO_DEBUGGER_DISABLED -DRUNTIME_IL2CPP -DTARGET_ARM64 -DIL2CPP_ENABLE_WRITE_BARRIERS=1 -DIL2CPP_INCREMENTAL_TIME_SLICE=3 -D_DEBUG -I"." -I"Il2CppOutputProject/Source/il2cppOutput" -I"Il2CppOutputProject/IL2CPP/libil2cpp/pch" -I"Il2CppOutputProject/IL2CPP/libil2cpp" -I"Il2CppOutputProject/IL2CPP/external/baselib/Include" -I"Il2CppOutputProject/IL2CPP/libil2cpp/os/ClassLibraryPAL/brotli/include" -I"Il2CppOutputProject/IL2CPP/external/baselib/Platforms/IOS/Include" -o "Il2CppTempDirArtifacts/Debug/artifacts/arm64/actx/uhcah46fchk8.o" -fcolor-diagnostics -stdlib=libc++ -arch arm64 -mios-version-min=11.0 -fno-strict-float-cast-overflow -c -x c++ "Il2CppOutputProject/Source/il2cppOutput/Generics__31.cpp"
[299/410    1s] C_iOS_arm64 Il2CppTempDirArtifacts/Debug/artifacts/arm64/actx/7g1ozwrgzghg.o
##### CommandLine
"/Applications/Xcode.app/Contents/Developer/Toolchains/XcodeDefault.xctoolchain/usr/bin/clang++" -std=c++17 -Wswitch -Wno-trigraphs -Wno-tautological-compare -Wno-invalid-offsetof -Wno-implicitly-unsigned-literal -Wno-integer-overflow -Wno-shift-negative-value -Wno-unknown-attributes -Wno-implicit-function-declaration -Wno-null-conversion -Wno-missing-declarations -Wno-unused-value -Wno-pragma-once-outside-header -Wno-unknown-warning-option -Wno-undef-prefix -fvisibility=hidden -isysroot "/Applications/Xcode.app/Contents/Developer/Platforms/iPhoneOS.platform/Developer/SDKs/iPhoneOS18.2.sdk" -fexceptions -frtti -g -O0 -fno-strict-overflow -ffunction-sections -fdata-sections -fmessage-length=0 -pipe -DIL2CPP_DEBUG=1 -DHAVE_BDWGC_GC -DBASELIB_INLINE_NAMESPACE=il2cpp_baselib -DIL2CPP_MONO_DEBUGGER_DISABLED -DRUNTIME_IL2CPP -DTARGET_ARM64 -DIL2CPP_ENABLE_WRITE_BARRIERS=1 -DIL2CPP_INCREMENTAL_TIME_SLICE=3 -D_DEBUG -I"." -I"Il2CppOutputProject/Source/il2cppOutput" -I"Il2CppOutputProject/IL2CPP/libil2cpp/pch" -I"Il2CppOutputProject/IL2CPP/libil2cpp" -I"Il2CppOutputProject/IL2CPP/external/baselib/Include" -I"Il2CppOutputProject/IL2CPP/libil2cpp/os/ClassLibraryPAL/brotli/include" -I"Il2CppOutputProject/IL2CPP/external/baselib/Platforms/IOS/Include" -o "Il2CppTempDirArtifacts/Debug/artifacts/arm64/actx/7g1ozwrgzghg.o" -fcolor-diagnostics -stdlib=libc++ -arch arm64 -mios-version-min=11.0 -fno-strict-float-cast-overflow -c -x c++ "Il2CppOutputProject/Source/il2cppOutput/Generics__29.cpp"
[300/410    1s] C_iOS_arm64 Il2CppTempDirArtifacts/Debug/artifacts/arm64/actx/m1x0jndjws5w.o
##### CommandLine
"/Applications/Xcode.app/Contents/Developer/Toolchains/XcodeDefault.xctoolchain/usr/bin/clang++" -std=c++17 -Wswitch -Wno-trigraphs -Wno-tautological-compare -Wno-invalid-offsetof -Wno-implicitly-unsigned-literal -Wno-integer-overflow -Wno-shift-negative-value -Wno-unknown-attributes -Wno-implicit-function-declaration -Wno-null-conversion -Wno-missing-declarations -Wno-unused-value -Wno-pragma-once-outside-header -Wno-unknown-warning-option -Wno-undef-prefix -fvisibility=hidden -isysroot "/Applications/Xcode.app/Contents/Developer/Platforms/iPhoneOS.platform/Developer/SDKs/iPhoneOS18.2.sdk" -fexceptions -frtti -g -O0 -fno-strict-overflow -ffunction-sections -fdata-sections -fmessage-length=0 -pipe -DIL2CPP_DEBUG=1 -DHAVE_BDWGC_GC -DBASELIB_INLINE_NAMESPACE=il2cpp_baselib -DIL2CPP_MONO_DEBUGGER_DISABLED -DRUNTIME_IL2CPP -DTARGET_ARM64 -DIL2CPP_ENABLE_WRITE_BARRIERS=1 -DIL2CPP_INCREMENTAL_TIME_SLICE=3 -D_DEBUG -I"." -I"Il2CppOutputProject/Source/il2cppOutput" -I"Il2CppOutputProject/IL2CPP/libil2cpp/pch" -I"Il2CppOutputProject/IL2CPP/libil2cpp" -I"Il2CppOutputProject/IL2CPP/external/baselib/Include" -I"Il2CppOutputProject/IL2CPP/libil2cpp/os/ClassLibraryPAL/brotli/include" -I"Il2CppOutputProject/IL2CPP/external/baselib/Platforms/IOS/Include" -o "Il2CppTempDirArtifacts/Debug/artifacts/arm64/actx/m1x0jndjws5w.o" -fcolor-diagnostics -stdlib=libc++ -arch arm64 -mios-version-min=11.0 -fno-strict-float-cast-overflow -c -x c++ "Il2CppOutputProject/Source/il2cppOutput/Generics__28.cpp"
[301/410    0s] C_iOS_arm64 Il2CppTempDirArtifacts/Debug/artifacts/arm64/actx/ui3jofqsjqpv.o
##### CommandLine
"/Applications/Xcode.app/Contents/Developer/Toolchains/XcodeDefault.xctoolchain/usr/bin/clang++" -std=c++17 -Wswitch -Wno-trigraphs -Wno-tautological-compare -Wno-invalid-offsetof -Wno-implicitly-unsigned-literal -Wno-integer-overflow -Wno-shift-negative-value -Wno-unknown-attributes -Wno-implicit-function-declaration -Wno-null-conversion -Wno-missing-declarations -Wno-unused-value -Wno-pragma-once-outside-header -Wno-unknown-warning-option -Wno-undef-prefix -fvisibility=hidden -isysroot "/Applications/Xcode.app/Contents/Developer/Platforms/iPhoneOS.platform/Developer/SDKs/iPhoneOS18.2.sdk" -fexceptions -frtti -g -O0 -fno-strict-overflow -ffunction-sections -fdata-sections -fmessage-length=0 -pipe -DIL2CPP_DEBUG=1 -DHAVE_BDWGC_GC -DBASELIB_INLINE_NAMESPACE=il2cpp_baselib -DIL2CPP_MONO_DEBUGGER_DISABLED -DRUNTIME_IL2CPP -DTARGET_ARM64 -DIL2CPP_ENABLE_WRITE_BARRIERS=1 -DIL2CPP_INCREMENTAL_TIME_SLICE=3 -D_DEBUG -I"." -I"Il2CppOutputProject/Source/il2cppOutput" -I"Il2CppOutputProject/IL2CPP/libil2cpp/pch" -I"Il2CppOutputProject/IL2CPP/libil2cpp" -I"Il2CppOutputProject/IL2CPP/external/baselib/Include" -I"Il2CppOutputProject/IL2CPP/libil2cpp/os/ClassLibraryPAL/brotli/include" -I"Il2CppOutputProject/IL2CPP/external/baselib/Platforms/IOS/Include" -o "Il2CppTempDirArtifacts/Debug/artifacts/arm64/actx/ui3jofqsjqpv.o" -fcolor-diagnostics -stdlib=libc++ -arch arm64 -mios-version-min=11.0 -fno-strict-float-cast-overflow -c -x c++ "Il2CppOutputProject/Source/il2cppOutput/Generics__24.cpp"
[302/410    1s] C_iOS_arm64 Il2CppTempDirArtifacts/Debug/artifacts/arm64/actx/1luc4dzlt4td.o
##### CommandLine
"/Applications/Xcode.app/Contents/Developer/Toolchains/XcodeDefault.xctoolchain/usr/bin/clang++" -std=c++17 -Wswitch -Wno-trigraphs -Wno-tautological-compare -Wno-invalid-offsetof -Wno-implicitly-unsigned-literal -Wno-integer-overflow -Wno-shift-negative-value -Wno-unknown-attributes -Wno-implicit-function-declaration -Wno-null-conversion -Wno-missing-declarations -Wno-unused-value -Wno-pragma-once-outside-header -Wno-unknown-warning-option -Wno-undef-prefix -fvisibility=hidden -isysroot "/Applications/Xcode.app/Contents/Developer/Platforms/iPhoneOS.platform/Developer/SDKs/iPhoneOS18.2.sdk" -fexceptions -frtti -g -O0 -fno-strict-overflow -ffunction-sections -fdata-sections -fmessage-length=0 -pipe -DIL2CPP_DEBUG=1 -DHAVE_BDWGC_GC -DBASELIB_INLINE_NAMESPACE=il2cpp_baselib -DIL2CPP_MONO_DEBUGGER_DISABLED -DRUNTIME_IL2CPP -DTARGET_ARM64 -DIL2CPP_ENABLE_WRITE_BARRIERS=1 -DIL2CPP_INCREMENTAL_TIME_SLICE=3 -D_DEBUG -I"." -I"Il2CppOutputProject/Source/il2cppOutput" -I"Il2CppOutputProject/IL2CPP/libil2cpp/pch" -I"Il2CppOutputProject/IL2CPP/libil2cpp" -I"Il2CppOutputProject/IL2CPP/external/baselib/Include" -I"Il2CppOutputProject/IL2CPP/libil2cpp/os/ClassLibraryPAL/brotli/include" -I"Il2CppOutputProject/IL2CPP/external/baselib/Platforms/IOS/Include" -o "Il2CppTempDirArtifacts/Debug/artifacts/arm64/actx/1luc4dzlt4td.o" -fcolor-diagnostics -stdlib=libc++ -arch arm64 -mios-version-min=11.0 -fno-strict-float-cast-overflow -c -x c++ "Il2CppOutputProject/Source/il2cppOutput/Generics__27.cpp"
[303/410    0s] C_iOS_arm64 Il2CppTempDirArtifacts/Debug/artifacts/arm64/actx/8uffoqvwc0ww.o
##### CommandLine
"/Applications/Xcode.app/Contents/Developer/Toolchains/XcodeDefault.xctoolchain/usr/bin/clang++" -std=c++17 -Wswitch -Wno-trigraphs -Wno-tautological-compare -Wno-invalid-offsetof -Wno-implicitly-unsigned-literal -Wno-integer-overflow -Wno-shift-negative-value -Wno-unknown-attributes -Wno-implicit-function-declaration -Wno-null-conversion -Wno-missing-declarations -Wno-unused-value -Wno-pragma-once-outside-header -Wno-unknown-warning-option -Wno-undef-prefix -fvisibility=hidden -isysroot "/Applications/Xcode.app/Contents/Developer/Platforms/iPhoneOS.platform/Developer/SDKs/iPhoneOS18.2.sdk" -fexceptions -frtti -g -O0 -fno-strict-overflow -ffunction-sections -fdata-sections -fmessage-length=0 -pipe -DIL2CPP_DEBUG=1 -DHAVE_BDWGC_GC -DBASELIB_INLINE_NAMESPACE=il2cpp_baselib -DIL2CPP_MONO_DEBUGGER_DISABLED -DRUNTIME_IL2CPP -DTARGET_ARM64 -DIL2CPP_ENABLE_WRITE_BARRIERS=1 -DIL2CPP_INCREMENTAL_TIME_SLICE=3 -D_DEBUG -I"." -I"Il2CppOutputProject/Source/il2cppOutput" -I"Il2CppOutputProject/IL2CPP/libil2cpp/pch" -I"Il2CppOutputProject/IL2CPP/libil2cpp" -I"Il2CppOutputProject/IL2CPP/external/baselib/Include" -I"Il2CppOutputProject/IL2CPP/libil2cpp/os/ClassLibraryPAL/brotli/include" -I"Il2CppOutputProject/IL2CPP/external/baselib/Platforms/IOS/Include" -o "Il2CppTempDirArtifacts/Debug/artifacts/arm64/actx/8uffoqvwc0ww.o" -fcolor-diagnostics -stdlib=libc++ -arch arm64 -mios-version-min=11.0 -fno-strict-float-cast-overflow -c -x c++ "Il2CppOutputProject/Source/il2cppOutput/Generics__22.cpp"
[304/410    0s] C_iOS_arm64 Il2CppTempDirArtifacts/Debug/artifacts/arm64/actx/taj33z9tfo8f.o
##### CommandLine
"/Applications/Xcode.app/Contents/Developer/Toolchains/XcodeDefault.xctoolchain/usr/bin/clang++" -std=c++17 -Wswitch -Wno-trigraphs -Wno-tautological-compare -Wno-invalid-offsetof -Wno-implicitly-unsigned-literal -Wno-integer-overflow -Wno-shift-negative-value -Wno-unknown-attributes -Wno-implicit-function-declaration -Wno-null-conversion -Wno-missing-declarations -Wno-unused-value -Wno-pragma-once-outside-header -Wno-unknown-warning-option -Wno-undef-prefix -fvisibility=hidden -isysroot "/Applications/Xcode.app/Contents/Developer/Platforms/iPhoneOS.platform/Developer/SDKs/iPhoneOS18.2.sdk" -fexceptions -frtti -g -O0 -fno-strict-overflow -ffunction-sections -fdata-sections -fmessage-length=0 -pipe -DIL2CPP_DEBUG=1 -DHAVE_BDWGC_GC -DBASELIB_INLINE_NAMESPACE=il2cpp_baselib -DIL2CPP_MONO_DEBUGGER_DISABLED -DRUNTIME_IL2CPP -DTARGET_ARM64 -DIL2CPP_ENABLE_WRITE_BARRIERS=1 -DIL2CPP_INCREMENTAL_TIME_SLICE=3 -D_DEBUG -I"." -I"Il2CppOutputProject/Source/il2cppOutput" -I"Il2CppOutputProject/IL2CPP/libil2cpp/pch" -I"Il2CppOutputProject/IL2CPP/libil2cpp" -I"Il2CppOutputProject/IL2CPP/external/baselib/Include" -I"Il2CppOutputProject/IL2CPP/libil2cpp/os/ClassLibraryPAL/brotli/include" -I"Il2CppOutputProject/IL2CPP/external/baselib/Platforms/IOS/Include" -o "Il2CppTempDirArtifacts/Debug/artifacts/arm64/actx/taj33z9tfo8f.o" -fcolor-diagnostics -stdlib=libc++ -arch arm64 -mios-version-min=11.0 -fno-strict-float-cast-overflow -c -x c++ "Il2CppOutputProject/Source/il2cppOutput/Generics__23.cpp"
[305/410    0s] C_iOS_arm64 Il2CppTempDirArtifacts/Debug/artifacts/arm64/actx/m7rao100593x.o
##### CommandLine
"/Applications/Xcode.app/Contents/Developer/Toolchains/XcodeDefault.xctoolchain/usr/bin/clang++" -std=c++17 -Wswitch -Wno-trigraphs -Wno-tautological-compare -Wno-invalid-offsetof -Wno-implicitly-unsigned-literal -Wno-integer-overflow -Wno-shift-negative-value -Wno-unknown-attributes -Wno-implicit-function-declaration -Wno-null-conversion -Wno-missing-declarations -Wno-unused-value -Wno-pragma-once-outside-header -Wno-unknown-warning-option -Wno-undef-prefix -fvisibility=hidden -isysroot "/Applications/Xcode.app/Contents/Developer/Platforms/iPhoneOS.platform/Developer/SDKs/iPhoneOS18.2.sdk" -fexceptions -frtti -g -O0 -fno-strict-overflow -ffunction-sections -fdata-sections -fmessage-length=0 -pipe -DIL2CPP_DEBUG=1 -DHAVE_BDWGC_GC -DBASELIB_INLINE_NAMESPACE=il2cpp_baselib -DIL2CPP_MONO_DEBUGGER_DISABLED -DRUNTIME_IL2CPP -DTARGET_ARM64 -DIL2CPP_ENABLE_WRITE_BARRIERS=1 -DIL2CPP_INCREMENTAL_TIME_SLICE=3 -D_DEBUG -I"." -I"Il2CppOutputProject/Source/il2cppOutput" -I"Il2CppOutputProject/IL2CPP/libil2cpp/pch" -I"Il2CppOutputProject/IL2CPP/libil2cpp" -I"Il2CppOutputProject/IL2CPP/external/baselib/Include" -I"Il2CppOutputProject/IL2CPP/libil2cpp/os/ClassLibraryPAL/brotli/include" -I"Il2CppOutputProject/IL2CPP/external/baselib/Platforms/IOS/Include" -o "Il2CppTempDirArtifacts/Debug/artifacts/arm64/actx/m7rao100593x.o" -fcolor-diagnostics -stdlib=libc++ -arch arm64 -mios-version-min=11.0 -fno-strict-float-cast-overflow -c -x c++ "Il2CppOutputProject/Source/il2cppOutput/Generics__20.cpp"
[306/410    1s] C_iOS_arm64 Il2CppTempDirArtifacts/Debug/artifacts/arm64/actx/fy673o4pme1e.o
##### CommandLine
"/Applications/Xcode.app/Contents/Developer/Toolchains/XcodeDefault.xctoolchain/usr/bin/clang++" -std=c++17 -Wswitch -Wno-trigraphs -Wno-tautological-compare -Wno-invalid-offsetof -Wno-implicitly-unsigned-literal -Wno-integer-overflow -Wno-shift-negative-value -Wno-unknown-attributes -Wno-implicit-function-declaration -Wno-null-conversion -Wno-missing-declarations -Wno-unused-value -Wno-pragma-once-outside-header -Wno-unknown-warning-option -Wno-undef-prefix -fvisibility=hidden -isysroot "/Applications/Xcode.app/Contents/Developer/Platforms/iPhoneOS.platform/Developer/SDKs/iPhoneOS18.2.sdk" -fexceptions -frtti -g -O0 -fno-strict-overflow -ffunction-sections -fdata-sections -fmessage-length=0 -pipe -DIL2CPP_DEBUG=1 -DHAVE_BDWGC_GC -DBASELIB_INLINE_NAMESPACE=il2cpp_baselib -DIL2CPP_MONO_DEBUGGER_DISABLED -DRUNTIME_IL2CPP -DTARGET_ARM64 -DIL2CPP_ENABLE_WRITE_BARRIERS=1 -DIL2CPP_INCREMENTAL_TIME_SLICE=3 -D_DEBUG -I"." -I"Il2CppOutputProject/Source/il2cppOutput" -I"Il2CppOutputProject/IL2CPP/libil2cpp/pch" -I"Il2CppOutputProject/IL2CPP/libil2cpp" -I"Il2CppOutputProject/IL2CPP/external/baselib/Include" -I"Il2CppOutputProject/IL2CPP/libil2cpp/os/ClassLibraryPAL/brotli/include" -I"Il2CppOutputProject/IL2CPP/external/baselib/Platforms/IOS/Include" -o "Il2CppTempDirArtifacts/Debug/artifacts/arm64/actx/fy673o4pme1e.o" -fcolor-diagnostics -stdlib=libc++ -arch arm64 -mios-version-min=11.0 -fno-strict-float-cast-overflow -c -x c++ "Il2CppOutputProject/Source/il2cppOutput/Generics__25.cpp"
[307/410    0s] C_iOS_arm64 Il2CppTempDirArtifacts/Debug/artifacts/arm64/actx/7mvy3afy8xfh.o
##### CommandLine
"/Applications/Xcode.app/Contents/Developer/Toolchains/XcodeDefault.xctoolchain/usr/bin/clang++" -std=c++17 -Wswitch -Wno-trigraphs -Wno-tautological-compare -Wno-invalid-offsetof -Wno-implicitly-unsigned-literal -Wno-integer-overflow -Wno-shift-negative-value -Wno-unknown-attributes -Wno-implicit-function-declaration -Wno-null-conversion -Wno-missing-declarations -Wno-unused-value -Wno-pragma-once-outside-header -Wno-unknown-warning-option -Wno-undef-prefix -fvisibility=hidden -isysroot "/Applications/Xcode.app/Contents/Developer/Platforms/iPhoneOS.platform/Developer/SDKs/iPhoneOS18.2.sdk" -fexceptions -frtti -g -O0 -fno-strict-overflow -ffunction-sections -fdata-sections -fmessage-length=0 -pipe -DIL2CPP_DEBUG=1 -DHAVE_BDWGC_GC -DBASELIB_INLINE_NAMESPACE=il2cpp_baselib -DIL2CPP_MONO_DEBUGGER_DISABLED -DRUNTIME_IL2CPP -DTARGET_ARM64 -DIL2CPP_ENABLE_WRITE_BARRIERS=1 -DIL2CPP_INCREMENTAL_TIME_SLICE=3 -D_DEBUG -I"." -I"Il2CppOutputProject/Source/il2cppOutput" -I"Il2CppOutputProject/IL2CPP/libil2cpp/pch" -I"Il2CppOutputProject/IL2CPP/libil2cpp" -I"Il2CppOutputProject/IL2CPP/external/baselib/Include" -I"Il2CppOutputProject/IL2CPP/libil2cpp/os/ClassLibraryPAL/brotli/include" -I"Il2CppOutputProject/IL2CPP/external/baselib/Platforms/IOS/Include" -o "Il2CppTempDirArtifacts/Debug/artifacts/arm64/actx/7mvy3afy8xfh.o" -fcolor-diagnostics -stdlib=libc++ -arch arm64 -mios-version-min=11.0 -fno-strict-float-cast-overflow -c -x c++ "Il2CppOutputProject/Source/il2cppOutput/Generics__21.cpp"
[308/410    1s] C_iOS_arm64 Il2CppTempDirArtifacts/Debug/artifacts/arm64/actx/0dawjyinp2cy.o
##### CommandLine
"/Applications/Xcode.app/Contents/Developer/Toolchains/XcodeDefault.xctoolchain/usr/bin/clang++" -std=c++17 -Wswitch -Wno-trigraphs -Wno-tautological-compare -Wno-invalid-offsetof -Wno-implicitly-unsigned-literal -Wno-integer-overflow -Wno-shift-negative-value -Wno-unknown-attributes -Wno-implicit-function-declaration -Wno-null-conversion -Wno-missing-declarations -Wno-unused-value -Wno-pragma-once-outside-header -Wno-unknown-warning-option -Wno-undef-prefix -fvisibility=hidden -isysroot "/Applications/Xcode.app/Contents/Developer/Platforms/iPhoneOS.platform/Developer/SDKs/iPhoneOS18.2.sdk" -fexceptions -frtti -g -O0 -fno-strict-overflow -ffunction-sections -fdata-sections -fmessage-length=0 -pipe -DIL2CPP_DEBUG=1 -DHAVE_BDWGC_GC -DBASELIB_INLINE_NAMESPACE=il2cpp_baselib -DIL2CPP_MONO_DEBUGGER_DISABLED -DRUNTIME_IL2CPP -DTARGET_ARM64 -DIL2CPP_ENABLE_WRITE_BARRIERS=1 -DIL2CPP_INCREMENTAL_TIME_SLICE=3 -D_DEBUG -I"." -I"Il2CppOutputProject/Source/il2cppOutput" -I"Il2CppOutputProject/IL2CPP/libil2cpp/pch" -I"Il2CppOutputProject/IL2CPP/libil2cpp" -I"Il2CppOutputProject/IL2CPP/external/baselib/Include" -I"Il2CppOutputProject/IL2CPP/libil2cpp/os/ClassLibraryPAL/brotli/include" -I"Il2CppOutputProject/IL2CPP/external/baselib/Platforms/IOS/Include" -o "Il2CppTempDirArtifacts/Debug/artifacts/arm64/actx/0dawjyinp2cy.o" -fcolor-diagnostics -stdlib=libc++ -arch arm64 -mios-version-min=11.0 -fno-strict-float-cast-overflow -c -x c++ "Il2CppOutputProject/Source/il2cppOutput/Generics__26.cpp"
[309/410    0s] C_iOS_arm64 Il2CppTempDirArtifacts/Debug/artifacts/arm64/actx/0e15q91zwbil.o
##### CommandLine
"/Applications/Xcode.app/Contents/Developer/Toolchains/XcodeDefault.xctoolchain/usr/bin/clang++" -std=c++17 -Wswitch -Wno-trigraphs -Wno-tautological-compare -Wno-invalid-offsetof -Wno-implicitly-unsigned-literal -Wno-integer-overflow -Wno-shift-negative-value -Wno-unknown-attributes -Wno-implicit-function-declaration -Wno-null-conversion -Wno-missing-declarations -Wno-unused-value -Wno-pragma-once-outside-header -Wno-unknown-warning-option -Wno-undef-prefix -fvisibility=hidden -isysroot "/Applications/Xcode.app/Contents/Developer/Platforms/iPhoneOS.platform/Developer/SDKs/iPhoneOS18.2.sdk" -fexceptions -frtti -g -O0 -fno-strict-overflow -ffunction-sections -fdata-sections -fmessage-length=0 -pipe -DIL2CPP_DEBUG=1 -DHAVE_BDWGC_GC -DBASELIB_INLINE_NAMESPACE=il2cpp_baselib -DIL2CPP_MONO_DEBUGGER_DISABLED -DRUNTIME_IL2CPP -DTARGET_ARM64 -DIL2CPP_ENABLE_WRITE_BARRIERS=1 -DIL2CPP_INCREMENTAL_TIME_SLICE=3 -D_DEBUG -I"." -I"Il2CppOutputProject/Source/il2cppOutput" -I"Il2CppOutputProject/IL2CPP/libil2cpp/pch" -I"Il2CppOutputProject/IL2CPP/libil2cpp" -I"Il2CppOutputProject/IL2CPP/external/baselib/Include" -I"Il2CppOutputProject/IL2CPP/libil2cpp/os/ClassLibraryPAL/brotli/include" -I"Il2CppOutputProject/IL2CPP/external/baselib/Platforms/IOS/Include" -o "Il2CppTempDirArtifacts/Debug/artifacts/arm64/actx/0e15q91zwbil.o" -fcolor-diagnostics -stdlib=libc++ -arch arm64 -mios-version-min=11.0 -fno-strict-float-cast-overflow -c -x c++ "Il2CppOutputProject/Source/il2cppOutput/Generics__19.cpp"
[310/410    0s] C_iOS_arm64 Il2CppTempDirArtifacts/Debug/artifacts/arm64/actx/fzxhb0n2tn61.o
##### CommandLine
"/Applications/Xcode.app/Contents/Developer/Toolchains/XcodeDefault.xctoolchain/usr/bin/clang++" -std=c++17 -Wswitch -Wno-trigraphs -Wno-tautological-compare -Wno-invalid-offsetof -Wno-implicitly-unsigned-literal -Wno-integer-overflow -Wno-shift-negative-value -Wno-unknown-attributes -Wno-implicit-function-declaration -Wno-null-conversion -Wno-missing-declarations -Wno-unused-value -Wno-pragma-once-outside-header -Wno-unknown-warning-option -Wno-undef-prefix -fvisibility=hidden -isysroot "/Applications/Xcode.app/Contents/Developer/Platforms/iPhoneOS.platform/Developer/SDKs/iPhoneOS18.2.sdk" -fexceptions -frtti -g -O0 -fno-strict-overflow -ffunction-sections -fdata-sections -fmessage-length=0 -pipe -DIL2CPP_DEBUG=1 -DHAVE_BDWGC_GC -DBASELIB_INLINE_NAMESPACE=il2cpp_baselib -DIL2CPP_MONO_DEBUGGER_DISABLED -DRUNTIME_IL2CPP -DTARGET_ARM64 -DIL2CPP_ENABLE_WRITE_BARRIERS=1 -DIL2CPP_INCREMENTAL_TIME_SLICE=3 -D_DEBUG -I"." -I"Il2CppOutputProject/Source/il2cppOutput" -I"Il2CppOutputProject/IL2CPP/libil2cpp/pch" -I"Il2CppOutputProject/IL2CPP/libil2cpp" -I"Il2CppOutputProject/IL2CPP/external/baselib/Include" -I"Il2CppOutputProject/IL2CPP/libil2cpp/os/ClassLibraryPAL/brotli/include" -I"Il2CppOutputProject/IL2CPP/external/baselib/Platforms/IOS/Include" -o "Il2CppTempDirArtifacts/Debug/artifacts/arm64/actx/fzxhb0n2tn61.o" -fcolor-diagnostics -stdlib=libc++ -arch arm64 -mios-version-min=11.0 -fno-strict-float-cast-overflow -c -x c++ "Il2CppOutputProject/Source/il2cppOutput/Generics__18.cpp"
[311/410    1s] C_iOS_arm64 Il2CppTempDirArtifacts/Debug/artifacts/arm64/actx/0yfexc0l60x9.o
##### CommandLine
"/Applications/Xcode.app/Contents/Developer/Toolchains/XcodeDefault.xctoolchain/usr/bin/clang++" -std=c++17 -Wswitch -Wno-trigraphs -Wno-tautological-compare -Wno-invalid-offsetof -Wno-implicitly-unsigned-literal -Wno-integer-overflow -Wno-shift-negative-value -Wno-unknown-attributes -Wno-implicit-function-declaration -Wno-null-conversion -Wno-missing-declarations -Wno-unused-value -Wno-pragma-once-outside-header -Wno-unknown-warning-option -Wno-undef-prefix -fvisibility=hidden -isysroot "/Applications/Xcode.app/Contents/Developer/Platforms/iPhoneOS.platform/Developer/SDKs/iPhoneOS18.2.sdk" -fexceptions -frtti -g -O0 -fno-strict-overflow -ffunction-sections -fdata-sections -fmessage-length=0 -pipe -DIL2CPP_DEBUG=1 -DHAVE_BDWGC_GC -DBASELIB_INLINE_NAMESPACE=il2cpp_baselib -DIL2CPP_MONO_DEBUGGER_DISABLED -DRUNTIME_IL2CPP -DTARGET_ARM64 -DIL2CPP_ENABLE_WRITE_BARRIERS=1 -DIL2CPP_INCREMENTAL_TIME_SLICE=3 -D_DEBUG -I"." -I"Il2CppOutputProject/Source/il2cppOutput" -I"Il2CppOutputProject/IL2CPP/libil2cpp/pch" -I"Il2CppOutputProject/IL2CPP/libil2cpp" -I"Il2CppOutputProject/IL2CPP/external/baselib/Include" -I"Il2CppOutputProject/IL2CPP/libil2cpp/os/ClassLibraryPAL/brotli/include" -I"Il2CppOutputProject/IL2CPP/external/baselib/Platforms/IOS/Include" -o "Il2CppTempDirArtifacts/Debug/artifacts/arm64/actx/0yfexc0l60x9.o" -fcolor-diagnostics -stdlib=libc++ -arch arm64 -mios-version-min=11.0 -fno-strict-float-cast-overflow -c -x c++ "Il2CppOutputProject/Source/il2cppOutput/Generics__2.cpp"
[312/410    0s] C_iOS_arm64 Il2CppTempDirArtifacts/Debug/artifacts/arm64/actx/erd1qk73plpm.o
##### CommandLine
"/Applications/Xcode.app/Contents/Developer/Toolchains/XcodeDefault.xctoolchain/usr/bin/clang++" -std=c++17 -Wswitch -Wno-trigraphs -Wno-tautological-compare -Wno-invalid-offsetof -Wno-implicitly-unsigned-literal -Wno-integer-overflow -Wno-shift-negative-value -Wno-unknown-attributes -Wno-implicit-function-declaration -Wno-null-conversion -Wno-missing-declarations -Wno-unused-value -Wno-pragma-once-outside-header -Wno-unknown-warning-option -Wno-undef-prefix -fvisibility=hidden -isysroot "/Applications/Xcode.app/Contents/Developer/Platforms/iPhoneOS.platform/Developer/SDKs/iPhoneOS18.2.sdk" -fexceptions -frtti -g -O0 -fno-strict-overflow -ffunction-sections -fdata-sections -fmessage-length=0 -pipe -DIL2CPP_DEBUG=1 -DHAVE_BDWGC_GC -DBASELIB_INLINE_NAMESPACE=il2cpp_baselib -DIL2CPP_MONO_DEBUGGER_DISABLED -DRUNTIME_IL2CPP -DTARGET_ARM64 -DIL2CPP_ENABLE_WRITE_BARRIERS=1 -DIL2CPP_INCREMENTAL_TIME_SLICE=3 -D_DEBUG -I"." -I"Il2CppOutputProject/Source/il2cppOutput" -I"Il2CppOutputProject/IL2CPP/libil2cpp/pch" -I"Il2CppOutputProject/IL2CPP/libil2cpp" -I"Il2CppOutputProject/IL2CPP/external/baselib/Include" -I"Il2CppOutputProject/IL2CPP/libil2cpp/os/ClassLibraryPAL/brotli/include" -I"Il2CppOutputProject/IL2CPP/external/baselib/Platforms/IOS/Include" -o "Il2CppTempDirArtifacts/Debug/artifacts/arm64/actx/erd1qk73plpm.o" -fcolor-diagnostics -stdlib=libc++ -arch arm64 -mios-version-min=11.0 -fno-strict-float-cast-overflow -c -x c++ "Il2CppOutputProject/Source/il2cppOutput/Generics__17.cpp"
[313/410    0s] C_iOS_arm64 Il2CppTempDirArtifacts/Debug/artifacts/arm64/actx/wyzw3q0ek6hl.o
##### CommandLine
"/Applications/Xcode.app/Contents/Developer/Toolchains/XcodeDefault.xctoolchain/usr/bin/clang++" -std=c++17 -Wswitch -Wno-trigraphs -Wno-tautological-compare -Wno-invalid-offsetof -Wno-implicitly-unsigned-literal -Wno-integer-overflow -Wno-shift-negative-value -Wno-unknown-attributes -Wno-implicit-function-declaration -Wno-null-conversion -Wno-missing-declarations -Wno-unused-value -Wno-pragma-once-outside-header -Wno-unknown-warning-option -Wno-undef-prefix -fvisibility=hidden -isysroot "/Applications/Xcode.app/Contents/Developer/Platforms/iPhoneOS.platform/Developer/SDKs/iPhoneOS18.2.sdk" -fexceptions -frtti -g -O0 -fno-strict-overflow -ffunction-sections -fdata-sections -fmessage-length=0 -pipe -DIL2CPP_DEBUG=1 -DHAVE_BDWGC_GC -DBASELIB_INLINE_NAMESPACE=il2cpp_baselib -DIL2CPP_MONO_DEBUGGER_DISABLED -DRUNTIME_IL2CPP -DTARGET_ARM64 -DIL2CPP_ENABLE_WRITE_BARRIERS=1 -DIL2CPP_INCREMENTAL_TIME_SLICE=3 -D_DEBUG -I"." -I"Il2CppOutputProject/Source/il2cppOutput" -I"Il2CppOutputProject/IL2CPP/libil2cpp/pch" -I"Il2CppOutputProject/IL2CPP/libil2cpp" -I"Il2CppOutputProject/IL2CPP/external/baselib/Include" -I"Il2CppOutputProject/IL2CPP/libil2cpp/os/ClassLibraryPAL/brotli/include" -I"Il2CppOutputProject/IL2CPP/external/baselib/Platforms/IOS/Include" -o "Il2CppTempDirArtifacts/Debug/artifacts/arm64/actx/wyzw3q0ek6hl.o" -fcolor-diagnostics -stdlib=libc++ -arch arm64 -mios-version-min=11.0 -fno-strict-float-cast-overflow -c -x c++ "Il2CppOutputProject/Source/il2cppOutput/Generics__141.cpp"
[314/410    0s] C_iOS_arm64 Il2CppTempDirArtifacts/Debug/artifacts/arm64/actx/tbadbbt6mxd3.o
##### CommandLine
"/Applications/Xcode.app/Contents/Developer/Toolchains/XcodeDefault.xctoolchain/usr/bin/clang++" -std=c++17 -Wswitch -Wno-trigraphs -Wno-tautological-compare -Wno-invalid-offsetof -Wno-implicitly-unsigned-literal -Wno-integer-overflow -Wno-shift-negative-value -Wno-unknown-attributes -Wno-implicit-function-declaration -Wno-null-conversion -Wno-missing-declarations -Wno-unused-value -Wno-pragma-once-outside-header -Wno-unknown-warning-option -Wno-undef-prefix -fvisibility=hidden -isysroot "/Applications/Xcode.app/Contents/Developer/Platforms/iPhoneOS.platform/Developer/SDKs/iPhoneOS18.2.sdk" -fexceptions -frtti -g -O0 -fno-strict-overflow -ffunction-sections -fdata-sections -fmessage-length=0 -pipe -DIL2CPP_DEBUG=1 -DHAVE_BDWGC_GC -DBASELIB_INLINE_NAMESPACE=il2cpp_baselib -DIL2CPP_MONO_DEBUGGER_DISABLED -DRUNTIME_IL2CPP -DTARGET_ARM64 -DIL2CPP_ENABLE_WRITE_BARRIERS=1 -DIL2CPP_INCREMENTAL_TIME_SLICE=3 -D_DEBUG -I"." -I"Il2CppOutputProject/Source/il2cppOutput" -I"Il2CppOutputProject/IL2CPP/libil2cpp/pch" -I"Il2CppOutputProject/IL2CPP/libil2cpp" -I"Il2CppOutputProject/IL2CPP/external/baselib/Include" -I"Il2CppOutputProject/IL2CPP/libil2cpp/os/ClassLibraryPAL/brotli/include" -I"Il2CppOutputProject/IL2CPP/external/baselib/Platforms/IOS/Include" -o "Il2CppTempDirArtifacts/Debug/artifacts/arm64/actx/tbadbbt6mxd3.o" -fcolor-diagnostics -stdlib=libc++ -arch arm64 -mios-version-min=11.0 -fno-strict-float-cast-overflow -c -x c++ "Il2CppOutputProject/Source/il2cppOutput/Generics__16.cpp"
[315/410    0s] C_iOS_arm64 Il2CppTempDirArtifacts/Debug/artifacts/arm64/actx/9xobmjlf75et.o
##### CommandLine
"/Applications/Xcode.app/Contents/Developer/Toolchains/XcodeDefault.xctoolchain/usr/bin/clang++" -std=c++17 -Wswitch -Wno-trigraphs -Wno-tautological-compare -Wno-invalid-offsetof -Wno-implicitly-unsigned-literal -Wno-integer-overflow -Wno-shift-negative-value -Wno-unknown-attributes -Wno-implicit-function-declaration -Wno-null-conversion -Wno-missing-declarations -Wno-unused-value -Wno-pragma-once-outside-header -Wno-unknown-warning-option -Wno-undef-prefix -fvisibility=hidden -isysroot "/Applications/Xcode.app/Contents/Developer/Platforms/iPhoneOS.platform/Developer/SDKs/iPhoneOS18.2.sdk" -fexceptions -frtti -g -O0 -fno-strict-overflow -ffunction-sections -fdata-sections -fmessage-length=0 -pipe -DIL2CPP_DEBUG=1 -DHAVE_BDWGC_GC -DBASELIB_INLINE_NAMESPACE=il2cpp_baselib -DIL2CPP_MONO_DEBUGGER_DISABLED -DRUNTIME_IL2CPP -DTARGET_ARM64 -DIL2CPP_ENABLE_WRITE_BARRIERS=1 -DIL2CPP_INCREMENTAL_TIME_SLICE=3 -D_DEBUG -I"." -I"Il2CppOutputProject/Source/il2cppOutput" -I"Il2CppOutputProject/IL2CPP/libil2cpp/pch" -I"Il2CppOutputProject/IL2CPP/libil2cpp" -I"Il2CppOutputProject/IL2CPP/external/baselib/Include" -I"Il2CppOutputProject/IL2CPP/libil2cpp/os/ClassLibraryPAL/brotli/include" -I"Il2CppOutputProject/IL2CPP/external/baselib/Platforms/IOS/Include" -o "Il2CppTempDirArtifacts/Debug/artifacts/arm64/actx/9xobmjlf75et.o" -fcolor-diagnostics -stdlib=libc++ -arch arm64 -mios-version-min=11.0 -fno-strict-float-cast-overflow -c -x c++ "Il2CppOutputProject/Source/il2cppOutput/Generics__139.cpp"
[316/410    0s] C_iOS_arm64 Il2CppTempDirArtifacts/Debug/artifacts/arm64/actx/vqfgjbkgg405.o
##### CommandLine
"/Applications/Xcode.app/Contents/Developer/Toolchains/XcodeDefault.xctoolchain/usr/bin/clang++" -std=c++17 -Wswitch -Wno-trigraphs -Wno-tautological-compare -Wno-invalid-offsetof -Wno-implicitly-unsigned-literal -Wno-integer-overflow -Wno-shift-negative-value -Wno-unknown-attributes -Wno-implicit-function-declaration -Wno-null-conversion -Wno-missing-declarations -Wno-unused-value -Wno-pragma-once-outside-header -Wno-unknown-warning-option -Wno-undef-prefix -fvisibility=hidden -isysroot "/Applications/Xcode.app/Contents/Developer/Platforms/iPhoneOS.platform/Developer/SDKs/iPhoneOS18.2.sdk" -fexceptions -frtti -g -O0 -fno-strict-overflow -ffunction-sections -fdata-sections -fmessage-length=0 -pipe -DIL2CPP_DEBUG=1 -DHAVE_BDWGC_GC -DBASELIB_INLINE_NAMESPACE=il2cpp_baselib -DIL2CPP_MONO_DEBUGGER_DISABLED -DRUNTIME_IL2CPP -DTARGET_ARM64 -DIL2CPP_ENABLE_WRITE_BARRIERS=1 -DIL2CPP_INCREMENTAL_TIME_SLICE=3 -D_DEBUG -I"." -I"Il2CppOutputProject/Source/il2cppOutput" -I"Il2CppOutputProject/IL2CPP/libil2cpp/pch" -I"Il2CppOutputProject/IL2CPP/libil2cpp" -I"Il2CppOutputProject/IL2CPP/external/baselib/Include" -I"Il2CppOutputProject/IL2CPP/libil2cpp/os/ClassLibraryPAL/brotli/include" -I"Il2CppOutputProject/IL2CPP/external/baselib/Platforms/IOS/Include" -o "Il2CppTempDirArtifacts/Debug/artifacts/arm64/actx/vqfgjbkgg405.o" -fcolor-diagnostics -stdlib=libc++ -arch arm64 -mios-version-min=11.0 -fno-strict-float-cast-overflow -c -x c++ "Il2CppOutputProject/Source/il2cppOutput/Generics__140.cpp"
[317/410    0s] C_iOS_arm64 Il2CppTempDirArtifacts/Debug/artifacts/arm64/actx/8v6ov1e9j91j.o
##### CommandLine
"/Applications/Xcode.app/Contents/Developer/Toolchains/XcodeDefault.xctoolchain/usr/bin/clang++" -std=c++17 -Wswitch -Wno-trigraphs -Wno-tautological-compare -Wno-invalid-offsetof -Wno-implicitly-unsigned-literal -Wno-integer-overflow -Wno-shift-negative-value -Wno-unknown-attributes -Wno-implicit-function-declaration -Wno-null-conversion -Wno-missing-declarations -Wno-unused-value -Wno-pragma-once-outside-header -Wno-unknown-warning-option -Wno-undef-prefix -fvisibility=hidden -isysroot "/Applications/Xcode.app/Contents/Developer/Platforms/iPhoneOS.platform/Developer/SDKs/iPhoneOS18.2.sdk" -fexceptions -frtti -g -O0 -fno-strict-overflow -ffunction-sections -fdata-sections -fmessage-length=0 -pipe -DIL2CPP_DEBUG=1 -DHAVE_BDWGC_GC -DBASELIB_INLINE_NAMESPACE=il2cpp_baselib -DIL2CPP_MONO_DEBUGGER_DISABLED -DRUNTIME_IL2CPP -DTARGET_ARM64 -DIL2CPP_ENABLE_WRITE_BARRIERS=1 -DIL2CPP_INCREMENTAL_TIME_SLICE=3 -D_DEBUG -I"." -I"Il2CppOutputProject/Source/il2cppOutput" -I"Il2CppOutputProject/IL2CPP/libil2cpp/pch" -I"Il2CppOutputProject/IL2CPP/libil2cpp" -I"Il2CppOutputProject/IL2CPP/external/baselib/Include" -I"Il2CppOutputProject/IL2CPP/libil2cpp/os/ClassLibraryPAL/brotli/include" -I"Il2CppOutputProject/IL2CPP/external/baselib/Platforms/IOS/Include" -o "Il2CppTempDirArtifacts/Debug/artifacts/arm64/actx/8v6ov1e9j91j.o" -fcolor-diagnostics -stdlib=libc++ -arch arm64 -mios-version-min=11.0 -fno-strict-float-cast-overflow -c -x c++ "Il2CppOutputProject/Source/il2cppOutput/Generics__15.cpp"
[318/410    0s] C_iOS_arm64 Il2CppTempDirArtifacts/Debug/artifacts/arm64/actx/7nm8amyag7k4.o
##### CommandLine
"/Applications/Xcode.app/Contents/Developer/Toolchains/XcodeDefault.xctoolchain/usr/bin/clang++" -std=c++17 -Wswitch -Wno-trigraphs -Wno-tautological-compare -Wno-invalid-offsetof -Wno-implicitly-unsigned-literal -Wno-integer-overflow -Wno-shift-negative-value -Wno-unknown-attributes -Wno-implicit-function-declaration -Wno-null-conversion -Wno-missing-declarations -Wno-unused-value -Wno-pragma-once-outside-header -Wno-unknown-warning-option -Wno-undef-prefix -fvisibility=hidden -isysroot "/Applications/Xcode.app/Contents/Developer/Platforms/iPhoneOS.platform/Developer/SDKs/iPhoneOS18.2.sdk" -fexceptions -frtti -g -O0 -fno-strict-overflow -ffunction-sections -fdata-sections -fmessage-length=0 -pipe -DIL2CPP_DEBUG=1 -DHAVE_BDWGC_GC -DBASELIB_INLINE_NAMESPACE=il2cpp_baselib -DIL2CPP_MONO_DEBUGGER_DISABLED -DRUNTIME_IL2CPP -DTARGET_ARM64 -DIL2CPP_ENABLE_WRITE_BARRIERS=1 -DIL2CPP_INCREMENTAL_TIME_SLICE=3 -D_DEBUG -I"." -I"Il2CppOutputProject/Source/il2cppOutput" -I"Il2CppOutputProject/IL2CPP/libil2cpp/pch" -I"Il2CppOutputProject/IL2CPP/libil2cpp" -I"Il2CppOutputProject/IL2CPP/external/baselib/Include" -I"Il2CppOutputProject/IL2CPP/libil2cpp/os/ClassLibraryPAL/brotli/include" -I"Il2CppOutputProject/IL2CPP/external/baselib/Platforms/IOS/Include" -o "Il2CppTempDirArtifacts/Debug/artifacts/arm64/actx/7nm8amyag7k4.o" -fcolor-diagnostics -stdlib=libc++ -arch arm64 -mios-version-min=11.0 -fno-strict-float-cast-overflow -c -x c++ "Il2CppOutputProject/Source/il2cppOutput/Generics__14.cpp"
[319/410    0s] C_iOS_arm64 Il2CppTempDirArtifacts/Debug/artifacts/arm64/actx/oiln696h4h39.o
##### CommandLine
"/Applications/Xcode.app/Contents/Developer/Toolchains/XcodeDefault.xctoolchain/usr/bin/clang++" -std=c++17 -Wswitch -Wno-trigraphs -Wno-tautological-compare -Wno-invalid-offsetof -Wno-implicitly-unsigned-literal -Wno-integer-overflow -Wno-shift-negative-value -Wno-unknown-attributes -Wno-implicit-function-declaration -Wno-null-conversion -Wno-missing-declarations -Wno-unused-value -Wno-pragma-once-outside-header -Wno-unknown-warning-option -Wno-undef-prefix -fvisibility=hidden -isysroot "/Applications/Xcode.app/Contents/Developer/Platforms/iPhoneOS.platform/Developer/SDKs/iPhoneOS18.2.sdk" -fexceptions -frtti -g -O0 -fno-strict-overflow -ffunction-sections -fdata-sections -fmessage-length=0 -pipe -DIL2CPP_DEBUG=1 -DHAVE_BDWGC_GC -DBASELIB_INLINE_NAMESPACE=il2cpp_baselib -DIL2CPP_MONO_DEBUGGER_DISABLED -DRUNTIME_IL2CPP -DTARGET_ARM64 -DIL2CPP_ENABLE_WRITE_BARRIERS=1 -DIL2CPP_INCREMENTAL_TIME_SLICE=3 -D_DEBUG -I"." -I"Il2CppOutputProject/Source/il2cppOutput" -I"Il2CppOutputProject/IL2CPP/libil2cpp/pch" -I"Il2CppOutputProject/IL2CPP/libil2cpp" -I"Il2CppOutputProject/IL2CPP/external/baselib/Include" -I"Il2CppOutputProject/IL2CPP/libil2cpp/os/ClassLibraryPAL/brotli/include" -I"Il2CppOutputProject/IL2CPP/external/baselib/Platforms/IOS/Include" -o "Il2CppTempDirArtifacts/Debug/artifacts/arm64/actx/oiln696h4h39.o" -fcolor-diagnostics -stdlib=libc++ -arch arm64 -mios-version-min=11.0 -fno-strict-float-cast-overflow -c -x c++ "Il2CppOutputProject/Source/il2cppOutput/Generics__138.cpp"
[320/410    0s] C_iOS_arm64 Il2CppTempDirArtifacts/Debug/artifacts/arm64/actx/32hzq0sk1trq.o
##### CommandLine
"/Applications/Xcode.app/Contents/Developer/Toolchains/XcodeDefault.xctoolchain/usr/bin/clang++" -std=c++17 -Wswitch -Wno-trigraphs -Wno-tautological-compare -Wno-invalid-offsetof -Wno-implicitly-unsigned-literal -Wno-integer-overflow -Wno-shift-negative-value -Wno-unknown-attributes -Wno-implicit-function-declaration -Wno-null-conversion -Wno-missing-declarations -Wno-unused-value -Wno-pragma-once-outside-header -Wno-unknown-warning-option -Wno-undef-prefix -fvisibility=hidden -isysroot "/Applications/Xcode.app/Contents/Developer/Platforms/iPhoneOS.platform/Developer/SDKs/iPhoneOS18.2.sdk" -fexceptions -frtti -g -O0 -fno-strict-overflow -ffunction-sections -fdata-sections -fmessage-length=0 -pipe -DIL2CPP_DEBUG=1 -DHAVE_BDWGC_GC -DBASELIB_INLINE_NAMESPACE=il2cpp_baselib -DIL2CPP_MONO_DEBUGGER_DISABLED -DRUNTIME_IL2CPP -DTARGET_ARM64 -DIL2CPP_ENABLE_WRITE_BARRIERS=1 -DIL2CPP_INCREMENTAL_TIME_SLICE=3 -D_DEBUG -I"." -I"Il2CppOutputProject/Source/il2cppOutput" -I"Il2CppOutputProject/IL2CPP/libil2cpp/pch" -I"Il2CppOutputProject/IL2CPP/libil2cpp" -I"Il2CppOutputProject/IL2CPP/external/baselib/Include" -I"Il2CppOutputProject/IL2CPP/libil2cpp/os/ClassLibraryPAL/brotli/include" -I"Il2CppOutputProject/IL2CPP/external/baselib/Platforms/IOS/Include" -o "Il2CppTempDirArtifacts/Debug/artifacts/arm64/actx/32hzq0sk1trq.o" -fcolor-diagnostics -stdlib=libc++ -arch arm64 -mios-version-min=11.0 -fno-strict-float-cast-overflow -c -x c++ "Il2CppOutputProject/Source/il2cppOutput/Generics__137.cpp"
[321/410    0s] C_iOS_arm64 Il2CppTempDirArtifacts/Debug/artifacts/arm64/actx/2uxi6kcmxrab.o
##### CommandLine
"/Applications/Xcode.app/Contents/Developer/Toolchains/XcodeDefault.xctoolchain/usr/bin/clang++" -std=c++17 -Wswitch -Wno-trigraphs -Wno-tautological-compare -Wno-invalid-offsetof -Wno-implicitly-unsigned-literal -Wno-integer-overflow -Wno-shift-negative-value -Wno-unknown-attributes -Wno-implicit-function-declaration -Wno-null-conversion -Wno-missing-declarations -Wno-unused-value -Wno-pragma-once-outside-header -Wno-unknown-warning-option -Wno-undef-prefix -fvisibility=hidden -isysroot "/Applications/Xcode.app/Contents/Developer/Platforms/iPhoneOS.platform/Developer/SDKs/iPhoneOS18.2.sdk" -fexceptions -frtti -g -O0 -fno-strict-overflow -ffunction-sections -fdata-sections -fmessage-length=0 -pipe -DIL2CPP_DEBUG=1 -DHAVE_BDWGC_GC -DBASELIB_INLINE_NAMESPACE=il2cpp_baselib -DIL2CPP_MONO_DEBUGGER_DISABLED -DRUNTIME_IL2CPP -DTARGET_ARM64 -DIL2CPP_ENABLE_WRITE_BARRIERS=1 -DIL2CPP_INCREMENTAL_TIME_SLICE=3 -D_DEBUG -I"." -I"Il2CppOutputProject/Source/il2cppOutput" -I"Il2CppOutputProject/IL2CPP/libil2cpp/pch" -I"Il2CppOutputProject/IL2CPP/libil2cpp" -I"Il2CppOutputProject/IL2CPP/external/baselib/Include" -I"Il2CppOutputProject/IL2CPP/libil2cpp/os/ClassLibraryPAL/brotli/include" -I"Il2CppOutputProject/IL2CPP/external/baselib/Platforms/IOS/Include" -o "Il2CppTempDirArtifacts/Debug/artifacts/arm64/actx/2uxi6kcmxrab.o" -fcolor-diagnostics -stdlib=libc++ -arch arm64 -mios-version-min=11.0 -fno-strict-float-cast-overflow -c -x c++ "Il2CppOutputProject/Source/il2cppOutput/Generics__136.cpp"
[322/410    0s] C_iOS_arm64 Il2CppTempDirArtifacts/Debug/artifacts/arm64/actx/g79d6vhqq1hc.o
##### CommandLine
"/Applications/Xcode.app/Contents/Developer/Toolchains/XcodeDefault.xctoolchain/usr/bin/clang++" -std=c++17 -Wswitch -Wno-trigraphs -Wno-tautological-compare -Wno-invalid-offsetof -Wno-implicitly-unsigned-literal -Wno-integer-overflow -Wno-shift-negative-value -Wno-unknown-attributes -Wno-implicit-function-declaration -Wno-null-conversion -Wno-missing-declarations -Wno-unused-value -Wno-pragma-once-outside-header -Wno-unknown-warning-option -Wno-undef-prefix -fvisibility=hidden -isysroot "/Applications/Xcode.app/Contents/Developer/Platforms/iPhoneOS.platform/Developer/SDKs/iPhoneOS18.2.sdk" -fexceptions -frtti -g -O0 -fno-strict-overflow -ffunction-sections -fdata-sections -fmessage-length=0 -pipe -DIL2CPP_DEBUG=1 -DHAVE_BDWGC_GC -DBASELIB_INLINE_NAMESPACE=il2cpp_baselib -DIL2CPP_MONO_DEBUGGER_DISABLED -DRUNTIME_IL2CPP -DTARGET_ARM64 -DIL2CPP_ENABLE_WRITE_BARRIERS=1 -DIL2CPP_INCREMENTAL_TIME_SLICE=3 -D_DEBUG -I"." -I"Il2CppOutputProject/Source/il2cppOutput" -I"Il2CppOutputProject/IL2CPP/libil2cpp/pch" -I"Il2CppOutputProject/IL2CPP/libil2cpp" -I"Il2CppOutputProject/IL2CPP/external/baselib/Include" -I"Il2CppOutputProject/IL2CPP/libil2cpp/os/ClassLibraryPAL/brotli/include" -I"Il2CppOutputProject/IL2CPP/external/baselib/Platforms/IOS/Include" -o "Il2CppTempDirArtifacts/Debug/artifacts/arm64/actx/g79d6vhqq1hc.o" -fcolor-diagnostics -stdlib=libc++ -arch arm64 -mios-version-min=11.0 -fno-strict-float-cast-overflow -c -x c++ "Il2CppOutputProject/Source/il2cppOutput/Generics__134.cpp"
[323/410    0s] C_iOS_arm64 Il2CppTempDirArtifacts/Debug/artifacts/arm64/actx/hfuuqbyou3yr.o
##### CommandLine
"/Applications/Xcode.app/Contents/Developer/Toolchains/XcodeDefault.xctoolchain/usr/bin/clang++" -std=c++17 -Wswitch -Wno-trigraphs -Wno-tautological-compare -Wno-invalid-offsetof -Wno-implicitly-unsigned-literal -Wno-integer-overflow -Wno-shift-negative-value -Wno-unknown-attributes -Wno-implicit-function-declaration -Wno-null-conversion -Wno-missing-declarations -Wno-unused-value -Wno-pragma-once-outside-header -Wno-unknown-warning-option -Wno-undef-prefix -fvisibility=hidden -isysroot "/Applications/Xcode.app/Contents/Developer/Platforms/iPhoneOS.platform/Developer/SDKs/iPhoneOS18.2.sdk" -fexceptions -frtti -g -O0 -fno-strict-overflow -ffunction-sections -fdata-sections -fmessage-length=0 -pipe -DIL2CPP_DEBUG=1 -DHAVE_BDWGC_GC -DBASELIB_INLINE_NAMESPACE=il2cpp_baselib -DIL2CPP_MONO_DEBUGGER_DISABLED -DRUNTIME_IL2CPP -DTARGET_ARM64 -DIL2CPP_ENABLE_WRITE_BARRIERS=1 -DIL2CPP_INCREMENTAL_TIME_SLICE=3 -D_DEBUG -I"." -I"Il2CppOutputProject/Source/il2cppOutput" -I"Il2CppOutputProject/IL2CPP/libil2cpp/pch" -I"Il2CppOutputProject/IL2CPP/libil2cpp" -I"Il2CppOutputProject/IL2CPP/external/baselib/Include" -I"Il2CppOutputProject/IL2CPP/libil2cpp/os/ClassLibraryPAL/brotli/include" -I"Il2CppOutputProject/IL2CPP/external/baselib/Platforms/IOS/Include" -o "Il2CppTempDirArtifacts/Debug/artifacts/arm64/actx/hfuuqbyou3yr.o" -fcolor-diagnostics -stdlib=libc++ -arch arm64 -mios-version-min=11.0 -fno-strict-float-cast-overflow -c -x c++ "Il2CppOutputProject/Source/il2cppOutput/Generics__135.cpp"
[324/410    0s] C_iOS_arm64 Il2CppTempDirArtifacts/Debug/artifacts/arm64/actx/ac31adpvkpu9.o
##### CommandLine
"/Applications/Xcode.app/Contents/Developer/Toolchains/XcodeDefault.xctoolchain/usr/bin/clang++" -std=c++17 -Wswitch -Wno-trigraphs -Wno-tautological-compare -Wno-invalid-offsetof -Wno-implicitly-unsigned-literal -Wno-integer-overflow -Wno-shift-negative-value -Wno-unknown-attributes -Wno-implicit-function-declaration -Wno-null-conversion -Wno-missing-declarations -Wno-unused-value -Wno-pragma-once-outside-header -Wno-unknown-warning-option -Wno-undef-prefix -fvisibility=hidden -isysroot "/Applications/Xcode.app/Contents/Developer/Platforms/iPhoneOS.platform/Developer/SDKs/iPhoneOS18.2.sdk" -fexceptions -frtti -g -O0 -fno-strict-overflow -ffunction-sections -fdata-sections -fmessage-length=0 -pipe -DIL2CPP_DEBUG=1 -DHAVE_BDWGC_GC -DBASELIB_INLINE_NAMESPACE=il2cpp_baselib -DIL2CPP_MONO_DEBUGGER_DISABLED -DRUNTIME_IL2CPP -DTARGET_ARM64 -DIL2CPP_ENABLE_WRITE_BARRIERS=1 -DIL2CPP_INCREMENTAL_TIME_SLICE=3 -D_DEBUG -I"." -I"Il2CppOutputProject/Source/il2cppOutput" -I"Il2CppOutputProject/IL2CPP/libil2cpp/pch" -I"Il2CppOutputProject/IL2CPP/libil2cpp" -I"Il2CppOutputProject/IL2CPP/external/baselib/Include" -I"Il2CppOutputProject/IL2CPP/libil2cpp/os/ClassLibraryPAL/brotli/include" -I"Il2CppOutputProject/IL2CPP/external/baselib/Platforms/IOS/Include" -o "Il2CppTempDirArtifacts/Debug/artifacts/arm64/actx/ac31adpvkpu9.o" -fcolor-diagnostics -stdlib=libc++ -arch arm64 -mios-version-min=11.0 -fno-strict-float-cast-overflow -c -x c++ "Il2CppOutputProject/Source/il2cppOutput/Generics__132.cpp"
[325/410    0s] C_iOS_arm64 Il2CppTempDirArtifacts/Debug/artifacts/arm64/actx/93ilqx8wgndu.o
##### CommandLine
"/Applications/Xcode.app/Contents/Developer/Toolchains/XcodeDefault.xctoolchain/usr/bin/clang++" -std=c++17 -Wswitch -Wno-trigraphs -Wno-tautological-compare -Wno-invalid-offsetof -Wno-implicitly-unsigned-literal -Wno-integer-overflow -Wno-shift-negative-value -Wno-unknown-attributes -Wno-implicit-function-declaration -Wno-null-conversion -Wno-missing-declarations -Wno-unused-value -Wno-pragma-once-outside-header -Wno-unknown-warning-option -Wno-undef-prefix -fvisibility=hidden -isysroot "/Applications/Xcode.app/Contents/Developer/Platforms/iPhoneOS.platform/Developer/SDKs/iPhoneOS18.2.sdk" -fexceptions -frtti -g -O0 -fno-strict-overflow -ffunction-sections -fdata-sections -fmessage-length=0 -pipe -DIL2CPP_DEBUG=1 -DHAVE_BDWGC_GC -DBASELIB_INLINE_NAMESPACE=il2cpp_baselib -DIL2CPP_MONO_DEBUGGER_DISABLED -DRUNTIME_IL2CPP -DTARGET_ARM64 -DIL2CPP_ENABLE_WRITE_BARRIERS=1 -DIL2CPP_INCREMENTAL_TIME_SLICE=3 -D_DEBUG -I"." -I"Il2CppOutputProject/Source/il2cppOutput" -I"Il2CppOutputProject/IL2CPP/libil2cpp/pch" -I"Il2CppOutputProject/IL2CPP/libil2cpp" -I"Il2CppOutputProject/IL2CPP/external/baselib/Include" -I"Il2CppOutputProject/IL2CPP/libil2cpp/os/ClassLibraryPAL/brotli/include" -I"Il2CppOutputProject/IL2CPP/external/baselib/Platforms/IOS/Include" -o "Il2CppTempDirArtifacts/Debug/artifacts/arm64/actx/93ilqx8wgndu.o" -fcolor-diagnostics -stdlib=libc++ -arch arm64 -mios-version-min=11.0 -fno-strict-float-cast-overflow -c -x c++ "Il2CppOutputProject/Source/il2cppOutput/Generics__131.cpp"
[326/410    1s] C_iOS_arm64 Il2CppTempDirArtifacts/Debug/artifacts/arm64/actx/vr6pqm3snd6s.o
##### CommandLine
"/Applications/Xcode.app/Contents/Developer/Toolchains/XcodeDefault.xctoolchain/usr/bin/clang++" -std=c++17 -Wswitch -Wno-trigraphs -Wno-tautological-compare -Wno-invalid-offsetof -Wno-implicitly-unsigned-literal -Wno-integer-overflow -Wno-shift-negative-value -Wno-unknown-attributes -Wno-implicit-function-declaration -Wno-null-conversion -Wno-missing-declarations -Wno-unused-value -Wno-pragma-once-outside-header -Wno-unknown-warning-option -Wno-undef-prefix -fvisibility=hidden -isysroot "/Applications/Xcode.app/Contents/Developer/Platforms/iPhoneOS.platform/Developer/SDKs/iPhoneOS18.2.sdk" -fexceptions -frtti -g -O0 -fno-strict-overflow -ffunction-sections -fdata-sections -fmessage-length=0 -pipe -DIL2CPP_DEBUG=1 -DHAVE_BDWGC_GC -DBASELIB_INLINE_NAMESPACE=il2cpp_baselib -DIL2CPP_MONO_DEBUGGER_DISABLED -DRUNTIME_IL2CPP -DTARGET_ARM64 -DIL2CPP_ENABLE_WRITE_BARRIERS=1 -DIL2CPP_INCREMENTAL_TIME_SLICE=3 -D_DEBUG -I"." -I"Il2CppOutputProject/Source/il2cppOutput" -I"Il2CppOutputProject/IL2CPP/libil2cpp/pch" -I"Il2CppOutputProject/IL2CPP/libil2cpp" -I"Il2CppOutputProject/IL2CPP/external/baselib/Include" -I"Il2CppOutputProject/IL2CPP/libil2cpp/os/ClassLibraryPAL/brotli/include" -I"Il2CppOutputProject/IL2CPP/external/baselib/Platforms/IOS/Include" -o "Il2CppTempDirArtifacts/Debug/artifacts/arm64/actx/vr6pqm3snd6s.o" -fcolor-diagnostics -stdlib=libc++ -arch arm64 -mios-version-min=11.0 -fno-strict-float-cast-overflow -c -x c++ "Il2CppOutputProject/Source/il2cppOutput/Generics__133.cpp"
[327/410    1s] C_iOS_arm64 Il2CppTempDirArtifacts/Debug/artifacts/arm64/actx/oofxaouzdz1a.o
##### CommandLine
"/Applications/Xcode.app/Contents/Developer/Toolchains/XcodeDefault.xctoolchain/usr/bin/clang++" -std=c++17 -Wswitch -Wno-trigraphs -Wno-tautological-compare -Wno-invalid-offsetof -Wno-implicitly-unsigned-literal -Wno-integer-overflow -Wno-shift-negative-value -Wno-unknown-attributes -Wno-implicit-function-declaration -Wno-null-conversion -Wno-missing-declarations -Wno-unused-value -Wno-pragma-once-outside-header -Wno-unknown-warning-option -Wno-undef-prefix -fvisibility=hidden -isysroot "/Applications/Xcode.app/Contents/Developer/Platforms/iPhoneOS.platform/Developer/SDKs/iPhoneOS18.2.sdk" -fexceptions -frtti -g -O0 -fno-strict-overflow -ffunction-sections -fdata-sections -fmessage-length=0 -pipe -DIL2CPP_DEBUG=1 -DHAVE_BDWGC_GC -DBASELIB_INLINE_NAMESPACE=il2cpp_baselib -DIL2CPP_MONO_DEBUGGER_DISABLED -DRUNTIME_IL2CPP -DTARGET_ARM64 -DIL2CPP_ENABLE_WRITE_BARRIERS=1 -DIL2CPP_INCREMENTAL_TIME_SLICE=3 -D_DEBUG -I"." -I"Il2CppOutputProject/Source/il2cppOutput" -I"Il2CppOutputProject/IL2CPP/libil2cpp/pch" -I"Il2CppOutputProject/IL2CPP/libil2cpp" -I"Il2CppOutputProject/IL2CPP/external/baselib/Include" -I"Il2CppOutputProject/IL2CPP/libil2cpp/os/ClassLibraryPAL/brotli/include" -I"Il2CppOutputProject/IL2CPP/external/baselib/Platforms/IOS/Include" -o "Il2CppTempDirArtifacts/Debug/artifacts/arm64/actx/oofxaouzdz1a.o" -fcolor-diagnostics -stdlib=libc++ -arch arm64 -mios-version-min=11.0 -fno-strict-float-cast-overflow -c -x c++ "Il2CppOutputProject/Source/il2cppOutput/Generics__130.cpp"
[328/410    1s] C_iOS_arm64 Il2CppTempDirArtifacts/Debug/artifacts/arm64/actx/m8ikvckddj9k.o
##### CommandLine
"/Applications/Xcode.app/Contents/Developer/Toolchains/XcodeDefault.xctoolchain/usr/bin/clang++" -std=c++17 -Wswitch -Wno-trigraphs -Wno-tautological-compare -Wno-invalid-offsetof -Wno-implicitly-unsigned-literal -Wno-integer-overflow -Wno-shift-negative-value -Wno-unknown-attributes -Wno-implicit-function-declaration -Wno-null-conversion -Wno-missing-declarations -Wno-unused-value -Wno-pragma-once-outside-header -Wno-unknown-warning-option -Wno-undef-prefix -fvisibility=hidden -isysroot "/Applications/Xcode.app/Contents/Developer/Platforms/iPhoneOS.platform/Developer/SDKs/iPhoneOS18.2.sdk" -fexceptions -frtti -g -O0 -fno-strict-overflow -ffunction-sections -fdata-sections -fmessage-length=0 -pipe -DIL2CPP_DEBUG=1 -DHAVE_BDWGC_GC -DBASELIB_INLINE_NAMESPACE=il2cpp_baselib -DIL2CPP_MONO_DEBUGGER_DISABLED -DRUNTIME_IL2CPP -DTARGET_ARM64 -DIL2CPP_ENABLE_WRITE_BARRIERS=1 -DIL2CPP_INCREMENTAL_TIME_SLICE=3 -D_DEBUG -I"." -I"Il2CppOutputProject/Source/il2cppOutput" -I"Il2CppOutputProject/IL2CPP/libil2cpp/pch" -I"Il2CppOutputProject/IL2CPP/libil2cpp" -I"Il2CppOutputProject/IL2CPP/external/baselib/Include" -I"Il2CppOutputProject/IL2CPP/libil2cpp/os/ClassLibraryPAL/brotli/include" -I"Il2CppOutputProject/IL2CPP/external/baselib/Platforms/IOS/Include" -o "Il2CppTempDirArtifacts/Debug/artifacts/arm64/actx/m8ikvckddj9k.o" -fcolor-diagnostics -stdlib=libc++ -arch arm64 -mios-version-min=11.0 -fno-strict-float-cast-overflow -c -x c++ "Il2CppOutputProject/Source/il2cppOutput/Generics__13.cpp"
[329/410    1s] C_iOS_arm64 Il2CppTempDirArtifacts/Debug/artifacts/arm64/actx/2vosdwvy40fy.o
##### CommandLine
"/Applications/Xcode.app/Contents/Developer/Toolchains/XcodeDefault.xctoolchain/usr/bin/clang++" -std=c++17 -Wswitch -Wno-trigraphs -Wno-tautological-compare -Wno-invalid-offsetof -Wno-implicitly-unsigned-literal -Wno-integer-overflow -Wno-shift-negative-value -Wno-unknown-attributes -Wno-implicit-function-declaration -Wno-null-conversion -Wno-missing-declarations -Wno-unused-value -Wno-pragma-once-outside-header -Wno-unknown-warning-option -Wno-undef-prefix -fvisibility=hidden -isysroot "/Applications/Xcode.app/Contents/Developer/Platforms/iPhoneOS.platform/Developer/SDKs/iPhoneOS18.2.sdk" -fexceptions -frtti -g -O0 -fno-strict-overflow -ffunction-sections -fdata-sections -fmessage-length=0 -pipe -DIL2CPP_DEBUG=1 -DHAVE_BDWGC_GC -DBASELIB_INLINE_NAMESPACE=il2cpp_baselib -DIL2CPP_MONO_DEBUGGER_DISABLED -DRUNTIME_IL2CPP -DTARGET_ARM64 -DIL2CPP_ENABLE_WRITE_BARRIERS=1 -DIL2CPP_INCREMENTAL_TIME_SLICE=3 -D_DEBUG -I"." -I"Il2CppOutputProject/Source/il2cppOutput" -I"Il2CppOutputProject/IL2CPP/libil2cpp/pch" -I"Il2CppOutputProject/IL2CPP/libil2cpp" -I"Il2CppOutputProject/IL2CPP/external/baselib/Include" -I"Il2CppOutputProject/IL2CPP/libil2cpp/os/ClassLibraryPAL/brotli/include" -I"Il2CppOutputProject/IL2CPP/external/baselib/Platforms/IOS/Include" -o "Il2CppTempDirArtifacts/Debug/artifacts/arm64/actx/2vosdwvy40fy.o" -fcolor-diagnostics -stdlib=libc++ -arch arm64 -mios-version-min=11.0 -fno-strict-float-cast-overflow -c -x c++ "Il2CppOutputProject/Source/il2cppOutput/Generics__129.cpp"
[330/410    1s] C_iOS_arm64 Il2CppTempDirArtifacts/Debug/artifacts/arm64/actx/hgl4xmh11c4e.o
##### CommandLine
"/Applications/Xcode.app/Contents/Developer/Toolchains/XcodeDefault.xctoolchain/usr/bin/clang++" -std=c++17 -Wswitch -Wno-trigraphs -Wno-tautological-compare -Wno-invalid-offsetof -Wno-implicitly-unsigned-literal -Wno-integer-overflow -Wno-shift-negative-value -Wno-unknown-attributes -Wno-implicit-function-declaration -Wno-null-conversion -Wno-missing-declarations -Wno-unused-value -Wno-pragma-once-outside-header -Wno-unknown-warning-option -Wno-undef-prefix -fvisibility=hidden -isysroot "/Applications/Xcode.app/Contents/Developer/Platforms/iPhoneOS.platform/Developer/SDKs/iPhoneOS18.2.sdk" -fexceptions -frtti -g -O0 -fno-strict-overflow -ffunction-sections -fdata-sections -fmessage-length=0 -pipe -DIL2CPP_DEBUG=1 -DHAVE_BDWGC_GC -DBASELIB_INLINE_NAMESPACE=il2cpp_baselib -DIL2CPP_MONO_DEBUGGER_DISABLED -DRUNTIME_IL2CPP -DTARGET_ARM64 -DIL2CPP_ENABLE_WRITE_BARRIERS=1 -DIL2CPP_INCREMENTAL_TIME_SLICE=3 -D_DEBUG -I"." -I"Il2CppOutputProject/Source/il2cppOutput" -I"Il2CppOutputProject/IL2CPP/libil2cpp/pch" -I"Il2CppOutputProject/IL2CPP/libil2cpp" -I"Il2CppOutputProject/IL2CPP/external/baselib/Include" -I"Il2CppOutputProject/IL2CPP/libil2cpp/os/ClassLibraryPAL/brotli/include" -I"Il2CppOutputProject/IL2CPP/external/baselib/Platforms/IOS/Include" -o "Il2CppTempDirArtifacts/Debug/artifacts/arm64/actx/hgl4xmh11c4e.o" -fcolor-diagnostics -stdlib=libc++ -arch arm64 -mios-version-min=11.0 -fno-strict-float-cast-overflow -c -x c++ "Il2CppOutputProject/Source/il2cppOutput/Generics__128.cpp"
[331/410    1s] C_iOS_arm64 Il2CppTempDirArtifacts/Debug/artifacts/arm64/actx/g80nd702xanz.o
##### CommandLine
"/Applications/Xcode.app/Contents/Developer/Toolchains/XcodeDefault.xctoolchain/usr/bin/clang++" -std=c++17 -Wswitch -Wno-trigraphs -Wno-tautological-compare -Wno-invalid-offsetof -Wno-implicitly-unsigned-literal -Wno-integer-overflow -Wno-shift-negative-value -Wno-unknown-attributes -Wno-implicit-function-declaration -Wno-null-conversion -Wno-missing-declarations -Wno-unused-value -Wno-pragma-once-outside-header -Wno-unknown-warning-option -Wno-undef-prefix -fvisibility=hidden -isysroot "/Applications/Xcode.app/Contents/Developer/Platforms/iPhoneOS.platform/Developer/SDKs/iPhoneOS18.2.sdk" -fexceptions -frtti -g -O0 -fno-strict-overflow -ffunction-sections -fdata-sections -fmessage-length=0 -pipe -DIL2CPP_DEBUG=1 -DHAVE_BDWGC_GC -DBASELIB_INLINE_NAMESPACE=il2cpp_baselib -DIL2CPP_MONO_DEBUGGER_DISABLED -DRUNTIME_IL2CPP -DTARGET_ARM64 -DIL2CPP_ENABLE_WRITE_BARRIERS=1 -DIL2CPP_INCREMENTAL_TIME_SLICE=3 -D_DEBUG -I"." -I"Il2CppOutputProject/Source/il2cppOutput" -I"Il2CppOutputProject/IL2CPP/libil2cpp/pch" -I"Il2CppOutputProject/IL2CPP/libil2cpp" -I"Il2CppOutputProject/IL2CPP/external/baselib/Include" -I"Il2CppOutputProject/IL2CPP/libil2cpp/os/ClassLibraryPAL/brotli/include" -I"Il2CppOutputProject/IL2CPP/external/baselib/Platforms/IOS/Include" -o "Il2CppTempDirArtifacts/Debug/artifacts/arm64/actx/g80nd702xanz.o" -fcolor-diagnostics -stdlib=libc++ -arch arm64 -mios-version-min=11.0 -fno-strict-float-cast-overflow -c -x c++ "Il2CppOutputProject/Source/il2cppOutput/Generics__127.cpp"
[332/410    0s] C_iOS_arm64 Il2CppTempDirArtifacts/Debug/artifacts/arm64/actx/adubio87ryzw.o
##### CommandLine
"/Applications/Xcode.app/Contents/Developer/Toolchains/XcodeDefault.xctoolchain/usr/bin/clang++" -std=c++17 -Wswitch -Wno-trigraphs -Wno-tautological-compare -Wno-invalid-offsetof -Wno-implicitly-unsigned-literal -Wno-integer-overflow -Wno-shift-negative-value -Wno-unknown-attributes -Wno-implicit-function-declaration -Wno-null-conversion -Wno-missing-declarations -Wno-unused-value -Wno-pragma-once-outside-header -Wno-unknown-warning-option -Wno-undef-prefix -fvisibility=hidden -isysroot "/Applications/Xcode.app/Contents/Developer/Platforms/iPhoneOS.platform/Developer/SDKs/iPhoneOS18.2.sdk" -fexceptions -frtti -g -O0 -fno-strict-overflow -ffunction-sections -fdata-sections -fmessage-length=0 -pipe -DIL2CPP_DEBUG=1 -DHAVE_BDWGC_GC -DBASELIB_INLINE_NAMESPACE=il2cpp_baselib -DIL2CPP_MONO_DEBUGGER_DISABLED -DRUNTIME_IL2CPP -DTARGET_ARM64 -DIL2CPP_ENABLE_WRITE_BARRIERS=1 -DIL2CPP_INCREMENTAL_TIME_SLICE=3 -D_DEBUG -I"." -I"Il2CppOutputProject/Source/il2cppOutput" -I"Il2CppOutputProject/IL2CPP/libil2cpp/pch" -I"Il2CppOutputProject/IL2CPP/libil2cpp" -I"Il2CppOutputProject/IL2CPP/external/baselib/Include" -I"Il2CppOutputProject/IL2CPP/libil2cpp/os/ClassLibraryPAL/brotli/include" -I"Il2CppOutputProject/IL2CPP/external/baselib/Platforms/IOS/Include" -o "Il2CppTempDirArtifacts/Debug/artifacts/arm64/actx/adubio87ryzw.o" -fcolor-diagnostics -stdlib=libc++ -arch arm64 -mios-version-min=11.0 -fno-strict-float-cast-overflow -c -x c++ "Il2CppOutputProject/Source/il2cppOutput/Generics__125.cpp"
[333/410    0s] C_iOS_arm64 Il2CppTempDirArtifacts/Debug/artifacts/arm64/actx/op66hzdcl86x.o
##### CommandLine
"/Applications/Xcode.app/Contents/Developer/Toolchains/XcodeDefault.xctoolchain/usr/bin/clang++" -std=c++17 -Wswitch -Wno-trigraphs -Wno-tautological-compare -Wno-invalid-offsetof -Wno-implicitly-unsigned-literal -Wno-integer-overflow -Wno-shift-negative-value -Wno-unknown-attributes -Wno-implicit-function-declaration -Wno-null-conversion -Wno-missing-declarations -Wno-unused-value -Wno-pragma-once-outside-header -Wno-unknown-warning-option -Wno-undef-prefix -fvisibility=hidden -isysroot "/Applications/Xcode.app/Contents/Developer/Platforms/iPhoneOS.platform/Developer/SDKs/iPhoneOS18.2.sdk" -fexceptions -frtti -g -O0 -fno-strict-overflow -ffunction-sections -fdata-sections -fmessage-length=0 -pipe -DIL2CPP_DEBUG=1 -DHAVE_BDWGC_GC -DBASELIB_INLINE_NAMESPACE=il2cpp_baselib -DIL2CPP_MONO_DEBUGGER_DISABLED -DRUNTIME_IL2CPP -DTARGET_ARM64 -DIL2CPP_ENABLE_WRITE_BARRIERS=1 -DIL2CPP_INCREMENTAL_TIME_SLICE=3 -D_DEBUG -I"." -I"Il2CppOutputProject/Source/il2cppOutput" -I"Il2CppOutputProject/IL2CPP/libil2cpp/pch" -I"Il2CppOutputProject/IL2CPP/libil2cpp" -I"Il2CppOutputProject/IL2CPP/external/baselib/Include" -I"Il2CppOutputProject/IL2CPP/libil2cpp/os/ClassLibraryPAL/brotli/include" -I"Il2CppOutputProject/IL2CPP/external/baselib/Platforms/IOS/Include" -o "Il2CppTempDirArtifacts/Debug/artifacts/arm64/actx/op66hzdcl86x.o" -fcolor-diagnostics -stdlib=libc++ -arch arm64 -mios-version-min=11.0 -fno-strict-float-cast-overflow -c -x c++ "Il2CppOutputProject/Source/il2cppOutput/Generics__123.cpp"
[334/410    1s] C_iOS_arm64 Il2CppTempDirArtifacts/Debug/artifacts/arm64/actx/vsxzxxm5umbg.o
##### CommandLine
"/Applications/Xcode.app/Contents/Developer/Toolchains/XcodeDefault.xctoolchain/usr/bin/clang++" -std=c++17 -Wswitch -Wno-trigraphs -Wno-tautological-compare -Wno-invalid-offsetof -Wno-implicitly-unsigned-literal -Wno-integer-overflow -Wno-shift-negative-value -Wno-unknown-attributes -Wno-implicit-function-declaration -Wno-null-conversion -Wno-missing-declarations -Wno-unused-value -Wno-pragma-once-outside-header -Wno-unknown-warning-option -Wno-undef-prefix -fvisibility=hidden -isysroot "/Applications/Xcode.app/Contents/Developer/Platforms/iPhoneOS.platform/Developer/SDKs/iPhoneOS18.2.sdk" -fexceptions -frtti -g -O0 -fno-strict-overflow -ffunction-sections -fdata-sections -fmessage-length=0 -pipe -DIL2CPP_DEBUG=1 -DHAVE_BDWGC_GC -DBASELIB_INLINE_NAMESPACE=il2cpp_baselib -DIL2CPP_MONO_DEBUGGER_DISABLED -DRUNTIME_IL2CPP -DTARGET_ARM64 -DIL2CPP_ENABLE_WRITE_BARRIERS=1 -DIL2CPP_INCREMENTAL_TIME_SLICE=3 -D_DEBUG -I"." -I"Il2CppOutputProject/Source/il2cppOutput" -I"Il2CppOutputProject/IL2CPP/libil2cpp/pch" -I"Il2CppOutputProject/IL2CPP/libil2cpp" -I"Il2CppOutputProject/IL2CPP/external/baselib/Include" -I"Il2CppOutputProject/IL2CPP/libil2cpp/os/ClassLibraryPAL/brotli/include" -I"Il2CppOutputProject/IL2CPP/external/baselib/Platforms/IOS/Include" -o "Il2CppTempDirArtifacts/Debug/artifacts/arm64/actx/vsxzxxm5umbg.o" -fcolor-diagnostics -stdlib=libc++ -arch arm64 -mios-version-min=11.0 -fno-strict-float-cast-overflow -c -x c++ "Il2CppOutputProject/Source/il2cppOutput/Generics__126.cpp"
[335/410    0s] C_iOS_arm64 Il2CppTempDirArtifacts/Debug/artifacts/arm64/actx/hmfe204ibu2f.o
##### CommandLine
"/Applications/Xcode.app/Contents/Developer/Toolchains/XcodeDefault.xctoolchain/usr/bin/clang++" -std=c++17 -Wswitch -Wno-trigraphs -Wno-tautological-compare -Wno-invalid-offsetof -Wno-implicitly-unsigned-literal -Wno-integer-overflow -Wno-shift-negative-value -Wno-unknown-attributes -Wno-implicit-function-declaration -Wno-null-conversion -Wno-missing-declarations -Wno-unused-value -Wno-pragma-once-outside-header -Wno-unknown-warning-option -Wno-undef-prefix -fvisibility=hidden -isysroot "/Applications/Xcode.app/Contents/Developer/Platforms/iPhoneOS.platform/Developer/SDKs/iPhoneOS18.2.sdk" -fexceptions -frtti -g -O0 -fno-strict-overflow -ffunction-sections -fdata-sections -fmessage-length=0 -pipe -DIL2CPP_DEBUG=1 -DHAVE_BDWGC_GC -DBASELIB_INLINE_NAMESPACE=il2cpp_baselib -DIL2CPP_MONO_DEBUGGER_DISABLED -DRUNTIME_IL2CPP -DTARGET_ARM64 -DIL2CPP_ENABLE_WRITE_BARRIERS=1 -DIL2CPP_INCREMENTAL_TIME_SLICE=3 -D_DEBUG -I"." -I"Il2CppOutputProject/Source/il2cppOutput" -I"Il2CppOutputProject/IL2CPP/libil2cpp/pch" -I"Il2CppOutputProject/IL2CPP/libil2cpp" -I"Il2CppOutputProject/IL2CPP/external/baselib/Include" -I"Il2CppOutputProject/IL2CPP/libil2cpp/os/ClassLibraryPAL/brotli/include" -I"Il2CppOutputProject/IL2CPP/external/baselib/Platforms/IOS/Include" -o "Il2CppTempDirArtifacts/Debug/artifacts/arm64/actx/hmfe204ibu2f.o" -fcolor-diagnostics -stdlib=libc++ -arch arm64 -mios-version-min=11.0 -fno-strict-float-cast-overflow -c -x c++ "Il2CppOutputProject/Source/il2cppOutput/Generics__120.cpp"
[336/410    1s] C_iOS_arm64 Il2CppTempDirArtifacts/Debug/artifacts/arm64/actx/949ux8r9nwih.o
##### CommandLine
"/Applications/Xcode.app/Contents/Developer/Toolchains/XcodeDefault.xctoolchain/usr/bin/clang++" -std=c++17 -Wswitch -Wno-trigraphs -Wno-tautological-compare -Wno-invalid-offsetof -Wno-implicitly-unsigned-literal -Wno-integer-overflow -Wno-shift-negative-value -Wno-unknown-attributes -Wno-implicit-function-declaration -Wno-null-conversion -Wno-missing-declarations -Wno-unused-value -Wno-pragma-once-outside-header -Wno-unknown-warning-option -Wno-undef-prefix -fvisibility=hidden -isysroot "/Applications/Xcode.app/Contents/Developer/Platforms/iPhoneOS.platform/Developer/SDKs/iPhoneOS18.2.sdk" -fexceptions -frtti -g -O0 -fno-strict-overflow -ffunction-sections -fdata-sections -fmessage-length=0 -pipe -DIL2CPP_DEBUG=1 -DHAVE_BDWGC_GC -DBASELIB_INLINE_NAMESPACE=il2cpp_baselib -DIL2CPP_MONO_DEBUGGER_DISABLED -DRUNTIME_IL2CPP -DTARGET_ARM64 -DIL2CPP_ENABLE_WRITE_BARRIERS=1 -DIL2CPP_INCREMENTAL_TIME_SLICE=3 -D_DEBUG -I"." -I"Il2CppOutputProject/Source/il2cppOutput" -I"Il2CppOutputProject/IL2CPP/libil2cpp/pch" -I"Il2CppOutputProject/IL2CPP/libil2cpp" -I"Il2CppOutputProject/IL2CPP/external/baselib/Include" -I"Il2CppOutputProject/IL2CPP/libil2cpp/os/ClassLibraryPAL/brotli/include" -I"Il2CppOutputProject/IL2CPP/external/baselib/Platforms/IOS/Include" -o "Il2CppTempDirArtifacts/Debug/artifacts/arm64/actx/949ux8r9nwih.o" -fcolor-diagnostics -stdlib=libc++ -arch arm64 -mios-version-min=11.0 -fno-strict-float-cast-overflow -c -x c++ "Il2CppOutputProject/Source/il2cppOutput/Generics__124.cpp"
[337/410    0s] C_iOS_arm64 Il2CppTempDirArtifacts/Debug/artifacts/arm64/actx/nhmqxjxdh6pi.o
##### CommandLine
"/Applications/Xcode.app/Contents/Developer/Toolchains/XcodeDefault.xctoolchain/usr/bin/clang++" -std=c++17 -Wswitch -Wno-trigraphs -Wno-tautological-compare -Wno-invalid-offsetof -Wno-implicitly-unsigned-literal -Wno-integer-overflow -Wno-shift-negative-value -Wno-unknown-attributes -Wno-implicit-function-declaration -Wno-null-conversion -Wno-missing-declarations -Wno-unused-value -Wno-pragma-once-outside-header -Wno-unknown-warning-option -Wno-undef-prefix -fvisibility=hidden -isysroot "/Applications/Xcode.app/Contents/Developer/Platforms/iPhoneOS.platform/Developer/SDKs/iPhoneOS18.2.sdk" -fexceptions -frtti -g -O0 -fno-strict-overflow -ffunction-sections -fdata-sections -fmessage-length=0 -pipe -DIL2CPP_DEBUG=1 -DHAVE_BDWGC_GC -DBASELIB_INLINE_NAMESPACE=il2cpp_baselib -DIL2CPP_MONO_DEBUGGER_DISABLED -DRUNTIME_IL2CPP -DTARGET_ARM64 -DIL2CPP_ENABLE_WRITE_BARRIERS=1 -DIL2CPP_INCREMENTAL_TIME_SLICE=3 -D_DEBUG -I"." -I"Il2CppOutputProject/Source/il2cppOutput" -I"Il2CppOutputProject/IL2CPP/libil2cpp/pch" -I"Il2CppOutputProject/IL2CPP/libil2cpp" -I"Il2CppOutputProject/IL2CPP/external/baselib/Include" -I"Il2CppOutputProject/IL2CPP/libil2cpp/os/ClassLibraryPAL/brotli/include" -I"Il2CppOutputProject/IL2CPP/external/baselib/Platforms/IOS/Include" -o "Il2CppTempDirArtifacts/Debug/artifacts/arm64/actx/nhmqxjxdh6pi.o" -fcolor-diagnostics -stdlib=libc++ -arch arm64 -mios-version-min=11.0 -fno-strict-float-cast-overflow -c -x c++ "Il2CppOutputProject/Source/il2cppOutput/Generics__122.cpp"
[338/410    1s] C_iOS_arm64 Il2CppTempDirArtifacts/Debug/artifacts/arm64/actx/21i2hajgeiez.o
##### CommandLine
"/Applications/Xcode.app/Contents/Developer/Toolchains/XcodeDefault.xctoolchain/usr/bin/clang++" -std=c++17 -Wswitch -Wno-trigraphs -Wno-tautological-compare -Wno-invalid-offsetof -Wno-implicitly-unsigned-literal -Wno-integer-overflow -Wno-shift-negative-value -Wno-unknown-attributes -Wno-implicit-function-declaration -Wno-null-conversion -Wno-missing-declarations -Wno-unused-value -Wno-pragma-once-outside-header -Wno-unknown-warning-option -Wno-undef-prefix -fvisibility=hidden -isysroot "/Applications/Xcode.app/Contents/Developer/Platforms/iPhoneOS.platform/Developer/SDKs/iPhoneOS18.2.sdk" -fexceptions -frtti -g -O0 -fno-strict-overflow -ffunction-sections -fdata-sections -fmessage-length=0 -pipe -DIL2CPP_DEBUG=1 -DHAVE_BDWGC_GC -DBASELIB_INLINE_NAMESPACE=il2cpp_baselib -DIL2CPP_MONO_DEBUGGER_DISABLED -DRUNTIME_IL2CPP -DTARGET_ARM64 -DIL2CPP_ENABLE_WRITE_BARRIERS=1 -DIL2CPP_INCREMENTAL_TIME_SLICE=3 -D_DEBUG -I"." -I"Il2CppOutputProject/Source/il2cppOutput" -I"Il2CppOutputProject/IL2CPP/libil2cpp/pch" -I"Il2CppOutputProject/IL2CPP/libil2cpp" -I"Il2CppOutputProject/IL2CPP/external/baselib/Include" -I"Il2CppOutputProject/IL2CPP/libil2cpp/os/ClassLibraryPAL/brotli/include" -I"Il2CppOutputProject/IL2CPP/external/baselib/Platforms/IOS/Include" -o "Il2CppTempDirArtifacts/Debug/artifacts/arm64/actx/21i2hajgeiez.o" -fcolor-diagnostics -stdlib=libc++ -arch arm64 -mios-version-min=11.0 -fno-strict-float-cast-overflow -c -x c++ "Il2CppOutputProject/Source/il2cppOutput/Generics__121.cpp"
[339/410    0s] C_iOS_arm64 Il2CppTempDirArtifacts/Debug/artifacts/arm64/actx/95044jbmv5n4.o
##### CommandLine
"/Applications/Xcode.app/Contents/Developer/Toolchains/XcodeDefault.xctoolchain/usr/bin/clang++" -std=c++17 -Wswitch -Wno-trigraphs -Wno-tautological-compare -Wno-invalid-offsetof -Wno-implicitly-unsigned-literal -Wno-integer-overflow -Wno-shift-negative-value -Wno-unknown-attributes -Wno-implicit-function-declaration -Wno-null-conversion -Wno-missing-declarations -Wno-unused-value -Wno-pragma-once-outside-header -Wno-unknown-warning-option -Wno-undef-prefix -fvisibility=hidden -isysroot "/Applications/Xcode.app/Contents/Developer/Platforms/iPhoneOS.platform/Developer/SDKs/iPhoneOS18.2.sdk" -fexceptions -frtti -g -O0 -fno-strict-overflow -ffunction-sections -fdata-sections -fmessage-length=0 -pipe -DIL2CPP_DEBUG=1 -DHAVE_BDWGC_GC -DBASELIB_INLINE_NAMESPACE=il2cpp_baselib -DIL2CPP_MONO_DEBUGGER_DISABLED -DRUNTIME_IL2CPP -DTARGET_ARM64 -DIL2CPP_ENABLE_WRITE_BARRIERS=1 -DIL2CPP_INCREMENTAL_TIME_SLICE=3 -D_DEBUG -I"." -I"Il2CppOutputProject/Source/il2cppOutput" -I"Il2CppOutputProject/IL2CPP/libil2cpp/pch" -I"Il2CppOutputProject/IL2CPP/libil2cpp" -I"Il2CppOutputProject/IL2CPP/external/baselib/Include" -I"Il2CppOutputProject/IL2CPP/libil2cpp/os/ClassLibraryPAL/brotli/include" -I"Il2CppOutputProject/IL2CPP/external/baselib/Platforms/IOS/Include" -o "Il2CppTempDirArtifacts/Debug/artifacts/arm64/actx/95044jbmv5n4.o" -fcolor-diagnostics -stdlib=libc++ -arch arm64 -mios-version-min=11.0 -fno-strict-float-cast-overflow -c -x c++ "Il2CppOutputProject/Source/il2cppOutput/Generics__117.cpp"
[340/410    0s] C_iOS_arm64 Il2CppTempDirArtifacts/Debug/artifacts/arm64/actx/ul4sktpjytzn.o
##### CommandLine
"/Applications/Xcode.app/Contents/Developer/Toolchains/XcodeDefault.xctoolchain/usr/bin/clang++" -std=c++17 -Wswitch -Wno-trigraphs -Wno-tautological-compare -Wno-invalid-offsetof -Wno-implicitly-unsigned-literal -Wno-integer-overflow -Wno-shift-negative-value -Wno-unknown-attributes -Wno-implicit-function-declaration -Wno-null-conversion -Wno-missing-declarations -Wno-unused-value -Wno-pragma-once-outside-header -Wno-unknown-warning-option -Wno-undef-prefix -fvisibility=hidden -isysroot "/Applications/Xcode.app/Contents/Developer/Platforms/iPhoneOS.platform/Developer/SDKs/iPhoneOS18.2.sdk" -fexceptions -frtti -g -O0 -fno-strict-overflow -ffunction-sections -fdata-sections -fmessage-length=0 -pipe -DIL2CPP_DEBUG=1 -DHAVE_BDWGC_GC -DBASELIB_INLINE_NAMESPACE=il2cpp_baselib -DIL2CPP_MONO_DEBUGGER_DISABLED -DRUNTIME_IL2CPP -DTARGET_ARM64 -DIL2CPP_ENABLE_WRITE_BARRIERS=1 -DIL2CPP_INCREMENTAL_TIME_SLICE=3 -D_DEBUG -I"." -I"Il2CppOutputProject/Source/il2cppOutput" -I"Il2CppOutputProject/IL2CPP/libil2cpp/pch" -I"Il2CppOutputProject/IL2CPP/libil2cpp" -I"Il2CppOutputProject/IL2CPP/external/baselib/Include" -I"Il2CppOutputProject/IL2CPP/libil2cpp/os/ClassLibraryPAL/brotli/include" -I"Il2CppOutputProject/IL2CPP/external/baselib/Platforms/IOS/Include" -o "Il2CppTempDirArtifacts/Debug/artifacts/arm64/actx/ul4sktpjytzn.o" -fcolor-diagnostics -stdlib=libc++ -arch arm64 -mios-version-min=11.0 -fno-strict-float-cast-overflow -c -x c++ "Il2CppOutputProject/Source/il2cppOutput/Generics__118.cpp"
[341/410    0s] C_iOS_arm64 Il2CppTempDirArtifacts/Debug/artifacts/arm64/actx/vto9485h2vg3.o
##### CommandLine
"/Applications/Xcode.app/Contents/Developer/Toolchains/XcodeDefault.xctoolchain/usr/bin/clang++" -std=c++17 -Wswitch -Wno-trigraphs -Wno-tautological-compare -Wno-invalid-offsetof -Wno-implicitly-unsigned-literal -Wno-integer-overflow -Wno-shift-negative-value -Wno-unknown-attributes -Wno-implicit-function-declaration -Wno-null-conversion -Wno-missing-declarations -Wno-unused-value -Wno-pragma-once-outside-header -Wno-unknown-warning-option -Wno-undef-prefix -fvisibility=hidden -isysroot "/Applications/Xcode.app/Contents/Developer/Platforms/iPhoneOS.platform/Developer/SDKs/iPhoneOS18.2.sdk" -fexceptions -frtti -g -O0 -fno-strict-overflow -ffunction-sections -fdata-sections -fmessage-length=0 -pipe -DIL2CPP_DEBUG=1 -DHAVE_BDWGC_GC -DBASELIB_INLINE_NAMESPACE=il2cpp_baselib -DIL2CPP_MONO_DEBUGGER_DISABLED -DRUNTIME_IL2CPP -DTARGET_ARM64 -DIL2CPP_ENABLE_WRITE_BARRIERS=1 -DIL2CPP_INCREMENTAL_TIME_SLICE=3 -D_DEBUG -I"." -I"Il2CppOutputProject/Source/il2cppOutput" -I"Il2CppOutputProject/IL2CPP/libil2cpp/pch" -I"Il2CppOutputProject/IL2CPP/libil2cpp" -I"Il2CppOutputProject/IL2CPP/external/baselib/Include" -I"Il2CppOutputProject/IL2CPP/libil2cpp/os/ClassLibraryPAL/brotli/include" -I"Il2CppOutputProject/IL2CPP/external/baselib/Platforms/IOS/Include" -o "Il2CppTempDirArtifacts/Debug/artifacts/arm64/actx/vto9485h2vg3.o" -fcolor-diagnostics -stdlib=libc++ -arch arm64 -mios-version-min=11.0 -fno-strict-float-cast-overflow -c -x c++ "Il2CppOutputProject/Source/il2cppOutput/Generics__119.cpp"
[342/410    0s] C_iOS_arm64 Il2CppTempDirArtifacts/Debug/artifacts/arm64/actx/nid04ugqofv5.o
##### CommandLine
"/Applications/Xcode.app/Contents/Developer/Toolchains/XcodeDefault.xctoolchain/usr/bin/clang++" -std=c++17 -Wswitch -Wno-trigraphs -Wno-tautological-compare -Wno-invalid-offsetof -Wno-implicitly-unsigned-literal -Wno-integer-overflow -Wno-shift-negative-value -Wno-unknown-attributes -Wno-implicit-function-declaration -Wno-null-conversion -Wno-missing-declarations -Wno-unused-value -Wno-pragma-once-outside-header -Wno-unknown-warning-option -Wno-undef-prefix -fvisibility=hidden -isysroot "/Applications/Xcode.app/Contents/Developer/Platforms/iPhoneOS.platform/Developer/SDKs/iPhoneOS18.2.sdk" -fexceptions -frtti -g -O0 -fno-strict-overflow -ffunction-sections -fdata-sections -fmessage-length=0 -pipe -DIL2CPP_DEBUG=1 -DHAVE_BDWGC_GC -DBASELIB_INLINE_NAMESPACE=il2cpp_baselib -DIL2CPP_MONO_DEBUGGER_DISABLED -DRUNTIME_IL2CPP -DTARGET_ARM64 -DIL2CPP_ENABLE_WRITE_BARRIERS=1 -DIL2CPP_INCREMENTAL_TIME_SLICE=3 -D_DEBUG -I"." -I"Il2CppOutputProject/Source/il2cppOutput" -I"Il2CppOutputProject/IL2CPP/libil2cpp/pch" -I"Il2CppOutputProject/IL2CPP/libil2cpp" -I"Il2CppOutputProject/IL2CPP/external/baselib/Include" -I"Il2CppOutputProject/IL2CPP/libil2cpp/os/ClassLibraryPAL/brotli/include" -I"Il2CppOutputProject/IL2CPP/external/baselib/Platforms/IOS/Include" -o "Il2CppTempDirArtifacts/Debug/artifacts/arm64/actx/nid04ugqofv5.o" -fcolor-diagnostics -stdlib=libc++ -arch arm64 -mios-version-min=11.0 -fno-strict-float-cast-overflow -c -x c++ "Il2CppOutputProject/Source/il2cppOutput/Generics__115.cpp"
[343/410    0s] C_iOS_arm64 Il2CppTempDirArtifacts/Debug/artifacts/arm64/actx/oqxgpaxoshcl.o
##### CommandLine
"/Applications/Xcode.app/Contents/Developer/Toolchains/XcodeDefault.xctoolchain/usr/bin/clang++" -std=c++17 -Wswitch -Wno-trigraphs -Wno-tautological-compare -Wno-invalid-offsetof -Wno-implicitly-unsigned-literal -Wno-integer-overflow -Wno-shift-negative-value -Wno-unknown-attributes -Wno-implicit-function-declaration -Wno-null-conversion -Wno-missing-declarations -Wno-unused-value -Wno-pragma-once-outside-header -Wno-unknown-warning-option -Wno-undef-prefix -fvisibility=hidden -isysroot "/Applications/Xcode.app/Contents/Developer/Platforms/iPhoneOS.platform/Developer/SDKs/iPhoneOS18.2.sdk" -fexceptions -frtti -g -O0 -fno-strict-overflow -ffunction-sections -fdata-sections -fmessage-length=0 -pipe -DIL2CPP_DEBUG=1 -DHAVE_BDWGC_GC -DBASELIB_INLINE_NAMESPACE=il2cpp_baselib -DIL2CPP_MONO_DEBUGGER_DISABLED -DRUNTIME_IL2CPP -DTARGET_ARM64 -DIL2CPP_ENABLE_WRITE_BARRIERS=1 -DIL2CPP_INCREMENTAL_TIME_SLICE=3 -D_DEBUG -I"." -I"Il2CppOutputProject/Source/il2cppOutput" -I"Il2CppOutputProject/IL2CPP/libil2cpp/pch" -I"Il2CppOutputProject/IL2CPP/libil2cpp" -I"Il2CppOutputProject/IL2CPP/external/baselib/Include" -I"Il2CppOutputProject/IL2CPP/libil2cpp/os/ClassLibraryPAL/brotli/include" -I"Il2CppOutputProject/IL2CPP/external/baselib/Platforms/IOS/Include" -o "Il2CppTempDirArtifacts/Debug/artifacts/arm64/actx/oqxgpaxoshcl.o" -fcolor-diagnostics -stdlib=libc++ -arch arm64 -mios-version-min=11.0 -fno-strict-float-cast-overflow -c -x c++ "Il2CppOutputProject/Source/il2cppOutput/Generics__116.cpp"
[344/410    1s] C_iOS_arm64 Il2CppTempDirArtifacts/Debug/artifacts/arm64/actx/1sfwf35favx1.o
##### CommandLine
"/Applications/Xcode.app/Contents/Developer/Toolchains/XcodeDefault.xctoolchain/usr/bin/clang++" -std=c++17 -Wswitch -Wno-trigraphs -Wno-tautological-compare -Wno-invalid-offsetof -Wno-implicitly-unsigned-literal -Wno-integer-overflow -Wno-shift-negative-value -Wno-unknown-attributes -Wno-implicit-function-declaration -Wno-null-conversion -Wno-missing-declarations -Wno-unused-value -Wno-pragma-once-outside-header -Wno-unknown-warning-option -Wno-undef-prefix -fvisibility=hidden -isysroot "/Applications/Xcode.app/Contents/Developer/Platforms/iPhoneOS.platform/Developer/SDKs/iPhoneOS18.2.sdk" -fexceptions -frtti -g -O0 -fno-strict-overflow -ffunction-sections -fdata-sections -fmessage-length=0 -pipe -DIL2CPP_DEBUG=1 -DHAVE_BDWGC_GC -DBASELIB_INLINE_NAMESPACE=il2cpp_baselib -DIL2CPP_MONO_DEBUGGER_DISABLED -DRUNTIME_IL2CPP -DTARGET_ARM64 -DIL2CPP_ENABLE_WRITE_BARRIERS=1 -DIL2CPP_INCREMENTAL_TIME_SLICE=3 -D_DEBUG -I"." -I"Il2CppOutputProject/Source/il2cppOutput" -I"Il2CppOutputProject/IL2CPP/libil2cpp/pch" -I"Il2CppOutputProject/IL2CPP/libil2cpp" -I"Il2CppOutputProject/IL2CPP/external/baselib/Include" -I"Il2CppOutputProject/IL2CPP/libil2cpp/os/ClassLibraryPAL/brotli/include" -I"Il2CppOutputProject/IL2CPP/external/baselib/Platforms/IOS/Include" -o "Il2CppTempDirArtifacts/Debug/artifacts/arm64/actx/1sfwf35favx1.o" -fcolor-diagnostics -stdlib=libc++ -arch arm64 -mios-version-min=11.0 -fno-strict-float-cast-overflow -c -x c++ "Il2CppOutputProject/Source/il2cppOutput/Generics__12.cpp"
[345/410    0s] C_iOS_arm64 Il2CppTempDirArtifacts/Debug/artifacts/arm64/actx/229bpl2slrjm.o
##### CommandLine
"/Applications/Xcode.app/Contents/Developer/Toolchains/XcodeDefault.xctoolchain/usr/bin/clang++" -std=c++17 -Wswitch -Wno-trigraphs -Wno-tautological-compare -Wno-invalid-offsetof -Wno-implicitly-unsigned-literal -Wno-integer-overflow -Wno-shift-negative-value -Wno-unknown-attributes -Wno-implicit-function-declaration -Wno-null-conversion -Wno-missing-declarations -Wno-unused-value -Wno-pragma-once-outside-header -Wno-unknown-warning-option -Wno-undef-prefix -fvisibility=hidden -isysroot "/Applications/Xcode.app/Contents/Developer/Platforms/iPhoneOS.platform/Developer/SDKs/iPhoneOS18.2.sdk" -fexceptions -frtti -g -O0 -fno-strict-overflow -ffunction-sections -fdata-sections -fmessage-length=0 -pipe -DIL2CPP_DEBUG=1 -DHAVE_BDWGC_GC -DBASELIB_INLINE_NAMESPACE=il2cpp_baselib -DIL2CPP_MONO_DEBUGGER_DISABLED -DRUNTIME_IL2CPP -DTARGET_ARM64 -DIL2CPP_ENABLE_WRITE_BARRIERS=1 -DIL2CPP_INCREMENTAL_TIME_SLICE=3 -D_DEBUG -I"." -I"Il2CppOutputProject/Source/il2cppOutput" -I"Il2CppOutputProject/IL2CPP/libil2cpp/pch" -I"Il2CppOutputProject/IL2CPP/libil2cpp" -I"Il2CppOutputProject/IL2CPP/external/baselib/Include" -I"Il2CppOutputProject/IL2CPP/libil2cpp/os/ClassLibraryPAL/brotli/include" -I"Il2CppOutputProject/IL2CPP/external/baselib/Platforms/IOS/Include" -o "Il2CppTempDirArtifacts/Debug/artifacts/arm64/actx/229bpl2slrjm.o" -fcolor-diagnostics -stdlib=libc++ -arch arm64 -mios-version-min=11.0 -fno-strict-float-cast-overflow -c -x c++ "Il2CppOutputProject/Source/il2cppOutput/Generics__114.cpp"
[346/410    0s] C_iOS_arm64 Il2CppTempDirArtifacts/Debug/artifacts/arm64/actx/hn6n9bovi372.o
##### CommandLine
"/Applications/Xcode.app/Contents/Developer/Toolchains/XcodeDefault.xctoolchain/usr/bin/clang++" -std=c++17 -Wswitch -Wno-trigraphs -Wno-tautological-compare -Wno-invalid-offsetof -Wno-implicitly-unsigned-literal -Wno-integer-overflow -Wno-shift-negative-value -Wno-unknown-attributes -Wno-implicit-function-declaration -Wno-null-conversion -Wno-missing-declarations -Wno-unused-value -Wno-pragma-once-outside-header -Wno-unknown-warning-option -Wno-undef-prefix -fvisibility=hidden -isysroot "/Applications/Xcode.app/Contents/Developer/Platforms/iPhoneOS.platform/Developer/SDKs/iPhoneOS18.2.sdk" -fexceptions -frtti -g -O0 -fno-strict-overflow -ffunction-sections -fdata-sections -fmessage-length=0 -pipe -DIL2CPP_DEBUG=1 -DHAVE_BDWGC_GC -DBASELIB_INLINE_NAMESPACE=il2cpp_baselib -DIL2CPP_MONO_DEBUGGER_DISABLED -DRUNTIME_IL2CPP -DTARGET_ARM64 -DIL2CPP_ENABLE_WRITE_BARRIERS=1 -DIL2CPP_INCREMENTAL_TIME_SLICE=3 -D_DEBUG -I"." -I"Il2CppOutputProject/Source/il2cppOutput" -I"Il2CppOutputProject/IL2CPP/libil2cpp/pch" -I"Il2CppOutputProject/IL2CPP/libil2cpp" -I"Il2CppOutputProject/IL2CPP/external/baselib/Include" -I"Il2CppOutputProject/IL2CPP/libil2cpp/os/ClassLibraryPAL/brotli/include" -I"Il2CppOutputProject/IL2CPP/external/baselib/Platforms/IOS/Include" -o "Il2CppTempDirArtifacts/Debug/artifacts/arm64/actx/hn6n9bovi372.o" -fcolor-diagnostics -stdlib=libc++ -arch arm64 -mios-version-min=11.0 -fno-strict-float-cast-overflow -c -x c++ "Il2CppOutputProject/Source/il2cppOutput/Generics__113.cpp"
[347/410    0s] C_iOS_arm64 Il2CppTempDirArtifacts/Debug/artifacts/arm64/actx/gfm7ow7we1qn.o
##### CommandLine
"/Applications/Xcode.app/Contents/Developer/Toolchains/XcodeDefault.xctoolchain/usr/bin/clang++" -std=c++17 -Wswitch -Wno-trigraphs -Wno-tautological-compare -Wno-invalid-offsetof -Wno-implicitly-unsigned-literal -Wno-integer-overflow -Wno-shift-negative-value -Wno-unknown-attributes -Wno-implicit-function-declaration -Wno-null-conversion -Wno-missing-declarations -Wno-unused-value -Wno-pragma-once-outside-header -Wno-unknown-warning-option -Wno-undef-prefix -fvisibility=hidden -isysroot "/Applications/Xcode.app/Contents/Developer/Platforms/iPhoneOS.platform/Developer/SDKs/iPhoneOS18.2.sdk" -fexceptions -frtti -g -O0 -fno-strict-overflow -ffunction-sections -fdata-sections -fmessage-length=0 -pipe -DIL2CPP_DEBUG=1 -DHAVE_BDWGC_GC -DBASELIB_INLINE_NAMESPACE=il2cpp_baselib -DIL2CPP_MONO_DEBUGGER_DISABLED -DRUNTIME_IL2CPP -DTARGET_ARM64 -DIL2CPP_ENABLE_WRITE_BARRIERS=1 -DIL2CPP_INCREMENTAL_TIME_SLICE=3 -D_DEBUG -I"." -I"Il2CppOutputProject/Source/il2cppOutput" -I"Il2CppOutputProject/IL2CPP/libil2cpp/pch" -I"Il2CppOutputProject/IL2CPP/libil2cpp" -I"Il2CppOutputProject/IL2CPP/external/baselib/Include" -I"Il2CppOutputProject/IL2CPP/libil2cpp/os/ClassLibraryPAL/brotli/include" -I"Il2CppOutputProject/IL2CPP/external/baselib/Platforms/IOS/Include" -o "Il2CppTempDirArtifacts/Debug/artifacts/arm64/actx/gfm7ow7we1qn.o" -fcolor-diagnostics -stdlib=libc++ -arch arm64 -mios-version-min=11.0 -fno-strict-float-cast-overflow -c -x c++ "Il2CppOutputProject/Source/il2cppOutput/Generics__112.cpp"
[348/410    0s] C_iOS_arm64 Il2CppTempDirArtifacts/Debug/artifacts/arm64/actx/vzij9mtzbdf4.o
##### CommandLine
"/Applications/Xcode.app/Contents/Developer/Toolchains/XcodeDefault.xctoolchain/usr/bin/clang++" -std=c++17 -Wswitch -Wno-trigraphs -Wno-tautological-compare -Wno-invalid-offsetof -Wno-implicitly-unsigned-literal -Wno-integer-overflow -Wno-shift-negative-value -Wno-unknown-attributes -Wno-implicit-function-declaration -Wno-null-conversion -Wno-missing-declarations -Wno-unused-value -Wno-pragma-once-outside-header -Wno-unknown-warning-option -Wno-undef-prefix -fvisibility=hidden -isysroot "/Applications/Xcode.app/Contents/Developer/Platforms/iPhoneOS.platform/Developer/SDKs/iPhoneOS18.2.sdk" -fexceptions -frtti -g -O0 -fno-strict-overflow -ffunction-sections -fdata-sections -fmessage-length=0 -pipe -DIL2CPP_DEBUG=1 -DHAVE_BDWGC_GC -DBASELIB_INLINE_NAMESPACE=il2cpp_baselib -DIL2CPP_MONO_DEBUGGER_DISABLED -DRUNTIME_IL2CPP -DTARGET_ARM64 -DIL2CPP_ENABLE_WRITE_BARRIERS=1 -DIL2CPP_INCREMENTAL_TIME_SLICE=3 -D_DEBUG -I"." -I"Il2CppOutputProject/Source/il2cppOutput" -I"Il2CppOutputProject/IL2CPP/libil2cpp/pch" -I"Il2CppOutputProject/IL2CPP/libil2cpp" -I"Il2CppOutputProject/IL2CPP/external/baselib/Include" -I"Il2CppOutputProject/IL2CPP/libil2cpp/os/ClassLibraryPAL/brotli/include" -I"Il2CppOutputProject/IL2CPP/external/baselib/Platforms/IOS/Include" -o "Il2CppTempDirArtifacts/Debug/artifacts/arm64/actx/vzij9mtzbdf4.o" -fcolor-diagnostics -stdlib=libc++ -arch arm64 -mios-version-min=11.0 -fno-strict-float-cast-overflow -c -x c++ "Il2CppOutputProject/Source/il2cppOutput/Generics__111.cpp"
[349/410    0s] C_iOS_arm64 Il2CppTempDirArtifacts/Debug/artifacts/arm64/actx/ury2o7c17ayo.o
##### CommandLine
"/Applications/Xcode.app/Contents/Developer/Toolchains/XcodeDefault.xctoolchain/usr/bin/clang++" -std=c++17 -Wswitch -Wno-trigraphs -Wno-tautological-compare -Wno-invalid-offsetof -Wno-implicitly-unsigned-literal -Wno-integer-overflow -Wno-shift-negative-value -Wno-unknown-attributes -Wno-implicit-function-declaration -Wno-null-conversion -Wno-missing-declarations -Wno-unused-value -Wno-pragma-once-outside-header -Wno-unknown-warning-option -Wno-undef-prefix -fvisibility=hidden -isysroot "/Applications/Xcode.app/Contents/Developer/Platforms/iPhoneOS.platform/Developer/SDKs/iPhoneOS18.2.sdk" -fexceptions -frtti -g -O0 -fno-strict-overflow -ffunction-sections -fdata-sections -fmessage-length=0 -pipe -DIL2CPP_DEBUG=1 -DHAVE_BDWGC_GC -DBASELIB_INLINE_NAMESPACE=il2cpp_baselib -DIL2CPP_MONO_DEBUGGER_DISABLED -DRUNTIME_IL2CPP -DTARGET_ARM64 -DIL2CPP_ENABLE_WRITE_BARRIERS=1 -DIL2CPP_INCREMENTAL_TIME_SLICE=3 -D_DEBUG -I"." -I"Il2CppOutputProject/Source/il2cppOutput" -I"Il2CppOutputProject/IL2CPP/libil2cpp/pch" -I"Il2CppOutputProject/IL2CPP/libil2cpp" -I"Il2CppOutputProject/IL2CPP/external/baselib/Include" -I"Il2CppOutputProject/IL2CPP/libil2cpp/os/ClassLibraryPAL/brotli/include" -I"Il2CppOutputProject/IL2CPP/external/baselib/Platforms/IOS/Include" -o "Il2CppTempDirArtifacts/Debug/artifacts/arm64/actx/ury2o7c17ayo.o" -fcolor-diagnostics -stdlib=libc++ -arch arm64 -mios-version-min=11.0 -fno-strict-float-cast-overflow -c -x c++ "Il2CppOutputProject/Source/il2cppOutput/Generics__110.cpp"
[350/410    0s] C_iOS_arm64 Il2CppTempDirArtifacts/Debug/artifacts/arm64/actx/8y7xrfe0yccc.o
##### CommandLine
"/Applications/Xcode.app/Contents/Developer/Toolchains/XcodeDefault.xctoolchain/usr/bin/clang++" -std=c++17 -Wswitch -Wno-trigraphs -Wno-tautological-compare -Wno-invalid-offsetof -Wno-implicitly-unsigned-literal -Wno-integer-overflow -Wno-shift-negative-value -Wno-unknown-attributes -Wno-implicit-function-declaration -Wno-null-conversion -Wno-missing-declarations -Wno-unused-value -Wno-pragma-once-outside-header -Wno-unknown-warning-option -Wno-undef-prefix -fvisibility=hidden -isysroot "/Applications/Xcode.app/Contents/Developer/Platforms/iPhoneOS.platform/Developer/SDKs/iPhoneOS18.2.sdk" -fexceptions -frtti -g -O0 -fno-strict-overflow -ffunction-sections -fdata-sections -fmessage-length=0 -pipe -DIL2CPP_DEBUG=1 -DHAVE_BDWGC_GC -DBASELIB_INLINE_NAMESPACE=il2cpp_baselib -DIL2CPP_MONO_DEBUGGER_DISABLED -DRUNTIME_IL2CPP -DTARGET_ARM64 -DIL2CPP_ENABLE_WRITE_BARRIERS=1 -DIL2CPP_INCREMENTAL_TIME_SLICE=3 -D_DEBUG -I"." -I"Il2CppOutputProject/Source/il2cppOutput" -I"Il2CppOutputProject/IL2CPP/libil2cpp/pch" -I"Il2CppOutputProject/IL2CPP/libil2cpp" -I"Il2CppOutputProject/IL2CPP/external/baselib/Include" -I"Il2CppOutputProject/IL2CPP/libil2cpp/os/ClassLibraryPAL/brotli/include" -I"Il2CppOutputProject/IL2CPP/external/baselib/Platforms/IOS/Include" -o "Il2CppTempDirArtifacts/Debug/artifacts/arm64/actx/8y7xrfe0yccc.o" -fcolor-diagnostics -stdlib=libc++ -arch arm64 -mios-version-min=11.0 -fno-strict-float-cast-overflow -c -x c++ "Il2CppOutputProject/Source/il2cppOutput/Generics__109.cpp"
[351/410    0s] C_iOS_arm64 Il2CppTempDirArtifacts/Debug/artifacts/arm64/actx/nj49b6z2vo0s.o
##### CommandLine
"/Applications/Xcode.app/Contents/Developer/Toolchains/XcodeDefault.xctoolchain/usr/bin/clang++" -std=c++17 -Wswitch -Wno-trigraphs -Wno-tautological-compare -Wno-invalid-offsetof -Wno-implicitly-unsigned-literal -Wno-integer-overflow -Wno-shift-negative-value -Wno-unknown-attributes -Wno-implicit-function-declaration -Wno-null-conversion -Wno-missing-declarations -Wno-unused-value -Wno-pragma-once-outside-header -Wno-unknown-warning-option -Wno-undef-prefix -fvisibility=hidden -isysroot "/Applications/Xcode.app/Contents/Developer/Platforms/iPhoneOS.platform/Developer/SDKs/iPhoneOS18.2.sdk" -fexceptions -frtti -g -O0 -fno-strict-overflow -ffunction-sections -fdata-sections -fmessage-length=0 -pipe -DIL2CPP_DEBUG=1 -DHAVE_BDWGC_GC -DBASELIB_INLINE_NAMESPACE=il2cpp_baselib -DIL2CPP_MONO_DEBUGGER_DISABLED -DRUNTIME_IL2CPP -DTARGET_ARM64 -DIL2CPP_ENABLE_WRITE_BARRIERS=1 -DIL2CPP_INCREMENTAL_TIME_SLICE=3 -D_DEBUG -I"." -I"Il2CppOutputProject/Source/il2cppOutput" -I"Il2CppOutputProject/IL2CPP/libil2cpp/pch" -I"Il2CppOutputProject/IL2CPP/libil2cpp" -I"Il2CppOutputProject/IL2CPP/external/baselib/Include" -I"Il2CppOutputProject/IL2CPP/libil2cpp/os/ClassLibraryPAL/brotli/include" -I"Il2CppOutputProject/IL2CPP/external/baselib/Platforms/IOS/Include" -o "Il2CppTempDirArtifacts/Debug/artifacts/arm64/actx/nj49b6z2vo0s.o" -fcolor-diagnostics -stdlib=libc++ -arch arm64 -mios-version-min=11.0 -fno-strict-float-cast-overflow -c -x c++ "Il2CppOutputProject/Source/il2cppOutput/Generics__108.cpp"
[352/410    0s] C_iOS_arm64 Il2CppTempDirArtifacts/Debug/artifacts/arm64/actx/230lwwl5s0o9.o
##### CommandLine
"/Applications/Xcode.app/Contents/Developer/Toolchains/XcodeDefault.xctoolchain/usr/bin/clang++" -std=c++17 -Wswitch -Wno-trigraphs -Wno-tautological-compare -Wno-invalid-offsetof -Wno-implicitly-unsigned-literal -Wno-integer-overflow -Wno-shift-negative-value -Wno-unknown-attributes -Wno-implicit-function-declaration -Wno-null-conversion -Wno-missing-declarations -Wno-unused-value -Wno-pragma-once-outside-header -Wno-unknown-warning-option -Wno-undef-prefix -fvisibility=hidden -isysroot "/Applications/Xcode.app/Contents/Developer/Platforms/iPhoneOS.platform/Developer/SDKs/iPhoneOS18.2.sdk" -fexceptions -frtti -g -O0 -fno-strict-overflow -ffunction-sections -fdata-sections -fmessage-length=0 -pipe -DIL2CPP_DEBUG=1 -DHAVE_BDWGC_GC -DBASELIB_INLINE_NAMESPACE=il2cpp_baselib -DIL2CPP_MONO_DEBUGGER_DISABLED -DRUNTIME_IL2CPP -DTARGET_ARM64 -DIL2CPP_ENABLE_WRITE_BARRIERS=1 -DIL2CPP_INCREMENTAL_TIME_SLICE=3 -D_DEBUG -I"." -I"Il2CppOutputProject/Source/il2cppOutput" -I"Il2CppOutputProject/IL2CPP/libil2cpp/pch" -I"Il2CppOutputProject/IL2CPP/libil2cpp" -I"Il2CppOutputProject/IL2CPP/external/baselib/Include" -I"Il2CppOutputProject/IL2CPP/libil2cpp/os/ClassLibraryPAL/brotli/include" -I"Il2CppOutputProject/IL2CPP/external/baselib/Platforms/IOS/Include" -o "Il2CppTempDirArtifacts/Debug/artifacts/arm64/actx/230lwwl5s0o9.o" -fcolor-diagnostics -stdlib=libc++ -arch arm64 -mios-version-min=11.0 -fno-strict-float-cast-overflow -c -x c++ "Il2CppOutputProject/Source/il2cppOutput/Generics__107.cpp"
[353/410    0s] C_iOS_arm64 Il2CppTempDirArtifacts/Debug/artifacts/arm64/actx/1vg5bh56oy7t.o
##### CommandLine
"/Applications/Xcode.app/Contents/Developer/Toolchains/XcodeDefault.xctoolchain/usr/bin/clang++" -std=c++17 -Wswitch -Wno-trigraphs -Wno-tautological-compare -Wno-invalid-offsetof -Wno-implicitly-unsigned-literal -Wno-integer-overflow -Wno-shift-negative-value -Wno-unknown-attributes -Wno-implicit-function-declaration -Wno-null-conversion -Wno-missing-declarations -Wno-unused-value -Wno-pragma-once-outside-header -Wno-unknown-warning-option -Wno-undef-prefix -fvisibility=hidden -isysroot "/Applications/Xcode.app/Contents/Developer/Platforms/iPhoneOS.platform/Developer/SDKs/iPhoneOS18.2.sdk" -fexceptions -frtti -g -O0 -fno-strict-overflow -ffunction-sections -fdata-sections -fmessage-length=0 -pipe -DIL2CPP_DEBUG=1 -DHAVE_BDWGC_GC -DBASELIB_INLINE_NAMESPACE=il2cpp_baselib -DIL2CPP_MONO_DEBUGGER_DISABLED -DRUNTIME_IL2CPP -DTARGET_ARM64 -DIL2CPP_ENABLE_WRITE_BARRIERS=1 -DIL2CPP_INCREMENTAL_TIME_SLICE=3 -D_DEBUG -I"." -I"Il2CppOutputProject/Source/il2cppOutput" -I"Il2CppOutputProject/IL2CPP/libil2cpp/pch" -I"Il2CppOutputProject/IL2CPP/libil2cpp" -I"Il2CppOutputProject/IL2CPP/external/baselib/Include" -I"Il2CppOutputProject/IL2CPP/libil2cpp/os/ClassLibraryPAL/brotli/include" -I"Il2CppOutputProject/IL2CPP/external/baselib/Platforms/IOS/Include" -o "Il2CppTempDirArtifacts/Debug/artifacts/arm64/actx/1vg5bh56oy7t.o" -fcolor-diagnostics -stdlib=libc++ -arch arm64 -mios-version-min=11.0 -fno-strict-float-cast-overflow -c -x c++ "Il2CppOutputProject/Source/il2cppOutput/Generics__106.cpp"
[354/410    0s] C_iOS_arm64 Il2CppTempDirArtifacts/Debug/artifacts/arm64/actx/0kvfvnph6sgm.o
##### CommandLine
"/Applications/Xcode.app/Contents/Developer/Toolchains/XcodeDefault.xctoolchain/usr/bin/clang++" -std=c++17 -Wswitch -Wno-trigraphs -Wno-tautological-compare -Wno-invalid-offsetof -Wno-implicitly-unsigned-literal -Wno-integer-overflow -Wno-shift-negative-value -Wno-unknown-attributes -Wno-implicit-function-declaration -Wno-null-conversion -Wno-missing-declarations -Wno-unused-value -Wno-pragma-once-outside-header -Wno-unknown-warning-option -Wno-undef-prefix -fvisibility=hidden -isysroot "/Applications/Xcode.app/Contents/Developer/Platforms/iPhoneOS.platform/Developer/SDKs/iPhoneOS18.2.sdk" -fexceptions -frtti -g -O0 -fno-strict-overflow -ffunction-sections -fdata-sections -fmessage-length=0 -pipe -DIL2CPP_DEBUG=1 -DHAVE_BDWGC_GC -DBASELIB_INLINE_NAMESPACE=il2cpp_baselib -DIL2CPP_MONO_DEBUGGER_DISABLED -DRUNTIME_IL2CPP -DTARGET_ARM64 -DIL2CPP_ENABLE_WRITE_BARRIERS=1 -DIL2CPP_INCREMENTAL_TIME_SLICE=3 -D_DEBUG -I"." -I"Il2CppOutputProject/Source/il2cppOutput" -I"Il2CppOutputProject/IL2CPP/libil2cpp/pch" -I"Il2CppOutputProject/IL2CPP/libil2cpp" -I"Il2CppOutputProject/IL2CPP/external/baselib/Include" -I"Il2CppOutputProject/IL2CPP/libil2cpp/os/ClassLibraryPAL/brotli/include" -I"Il2CppOutputProject/IL2CPP/external/baselib/Platforms/IOS/Include" -o "Il2CppTempDirArtifacts/Debug/artifacts/arm64/actx/0kvfvnph6sgm.o" -fcolor-diagnostics -stdlib=libc++ -arch arm64 -mios-version-min=11.0 -fno-strict-float-cast-overflow -c -x c++ "Il2CppOutputProject/Source/il2cppOutput/Generics__11.cpp"
[355/410    0s] C_iOS_arm64 Il2CppTempDirArtifacts/Debug/artifacts/arm64/actx/ggdhw7q9lawa.o
##### CommandLine
"/Applications/Xcode.app/Contents/Developer/Toolchains/XcodeDefault.xctoolchain/usr/bin/clang++" -std=c++17 -Wswitch -Wno-trigraphs -Wno-tautological-compare -Wno-invalid-offsetof -Wno-implicitly-unsigned-literal -Wno-integer-overflow -Wno-shift-negative-value -Wno-unknown-attributes -Wno-implicit-function-declaration -Wno-null-conversion -Wno-missing-declarations -Wno-unused-value -Wno-pragma-once-outside-header -Wno-unknown-warning-option -Wno-undef-prefix -fvisibility=hidden -isysroot "/Applications/Xcode.app/Contents/Developer/Platforms/iPhoneOS.platform/Developer/SDKs/iPhoneOS18.2.sdk" -fexceptions -frtti -g -O0 -fno-strict-overflow -ffunction-sections -fdata-sections -fmessage-length=0 -pipe -DIL2CPP_DEBUG=1 -DHAVE_BDWGC_GC -DBASELIB_INLINE_NAMESPACE=il2cpp_baselib -DIL2CPP_MONO_DEBUGGER_DISABLED -DRUNTIME_IL2CPP -DTARGET_ARM64 -DIL2CPP_ENABLE_WRITE_BARRIERS=1 -DIL2CPP_INCREMENTAL_TIME_SLICE=3 -D_DEBUG -I"." -I"Il2CppOutputProject/Source/il2cppOutput" -I"Il2CppOutputProject/IL2CPP/libil2cpp/pch" -I"Il2CppOutputProject/IL2CPP/libil2cpp" -I"Il2CppOutputProject/IL2CPP/external/baselib/Include" -I"Il2CppOutputProject/IL2CPP/libil2cpp/os/ClassLibraryPAL/brotli/include" -I"Il2CppOutputProject/IL2CPP/external/baselib/Platforms/IOS/Include" -o "Il2CppTempDirArtifacts/Debug/artifacts/arm64/actx/ggdhw7q9lawa.o" -fcolor-diagnostics -stdlib=libc++ -arch arm64 -mios-version-min=11.0 -fno-strict-float-cast-overflow -c -x c++ "Il2CppOutputProject/Source/il2cppOutput/Generics__105.cpp"
[356/410    0s] C_iOS_arm64 Il2CppTempDirArtifacts/Debug/artifacts/arm64/actx/v09sgyccjmkr.o
##### CommandLine
"/Applications/Xcode.app/Contents/Developer/Toolchains/XcodeDefault.xctoolchain/usr/bin/clang++" -std=c++17 -Wswitch -Wno-trigraphs -Wno-tautological-compare -Wno-invalid-offsetof -Wno-implicitly-unsigned-literal -Wno-integer-overflow -Wno-shift-negative-value -Wno-unknown-attributes -Wno-implicit-function-declaration -Wno-null-conversion -Wno-missing-declarations -Wno-unused-value -Wno-pragma-once-outside-header -Wno-unknown-warning-option -Wno-undef-prefix -fvisibility=hidden -isysroot "/Applications/Xcode.app/Contents/Developer/Platforms/iPhoneOS.platform/Developer/SDKs/iPhoneOS18.2.sdk" -fexceptions -frtti -g -O0 -fno-strict-overflow -ffunction-sections -fdata-sections -fmessage-length=0 -pipe -DIL2CPP_DEBUG=1 -DHAVE_BDWGC_GC -DBASELIB_INLINE_NAMESPACE=il2cpp_baselib -DIL2CPP_MONO_DEBUGGER_DISABLED -DRUNTIME_IL2CPP -DTARGET_ARM64 -DIL2CPP_ENABLE_WRITE_BARRIERS=1 -DIL2CPP_INCREMENTAL_TIME_SLICE=3 -D_DEBUG -I"." -I"Il2CppOutputProject/Source/il2cppOutput" -I"Il2CppOutputProject/IL2CPP/libil2cpp/pch" -I"Il2CppOutputProject/IL2CPP/libil2cpp" -I"Il2CppOutputProject/IL2CPP/external/baselib/Include" -I"Il2CppOutputProject/IL2CPP/libil2cpp/os/ClassLibraryPAL/brotli/include" -I"Il2CppOutputProject/IL2CPP/external/baselib/Platforms/IOS/Include" -o "Il2CppTempDirArtifacts/Debug/artifacts/arm64/actx/v09sgyccjmkr.o" -fcolor-diagnostics -stdlib=libc++ -arch arm64 -mios-version-min=11.0 -fno-strict-float-cast-overflow -c -x c++ "Il2CppOutputProject/Source/il2cppOutput/Generics__104.cpp"
[357/410    0s] C_iOS_arm64 Il2CppTempDirArtifacts/Debug/artifacts/arm64/actx/uspcwiwdfk3b.o
##### CommandLine
"/Applications/Xcode.app/Contents/Developer/Toolchains/XcodeDefault.xctoolchain/usr/bin/clang++" -std=c++17 -Wswitch -Wno-trigraphs -Wno-tautological-compare -Wno-invalid-offsetof -Wno-implicitly-unsigned-literal -Wno-integer-overflow -Wno-shift-negative-value -Wno-unknown-attributes -Wno-implicit-function-declaration -Wno-null-conversion -Wno-missing-declarations -Wno-unused-value -Wno-pragma-once-outside-header -Wno-unknown-warning-option -Wno-undef-prefix -fvisibility=hidden -isysroot "/Applications/Xcode.app/Contents/Developer/Platforms/iPhoneOS.platform/Developer/SDKs/iPhoneOS18.2.sdk" -fexceptions -frtti -g -O0 -fno-strict-overflow -ffunction-sections -fdata-sections -fmessage-length=0 -pipe -DIL2CPP_DEBUG=1 -DHAVE_BDWGC_GC -DBASELIB_INLINE_NAMESPACE=il2cpp_baselib -DIL2CPP_MONO_DEBUGGER_DISABLED -DRUNTIME_IL2CPP -DTARGET_ARM64 -DIL2CPP_ENABLE_WRITE_BARRIERS=1 -DIL2CPP_INCREMENTAL_TIME_SLICE=3 -D_DEBUG -I"." -I"Il2CppOutputProject/Source/il2cppOutput" -I"Il2CppOutputProject/IL2CPP/libil2cpp/pch" -I"Il2CppOutputProject/IL2CPP/libil2cpp" -I"Il2CppOutputProject/IL2CPP/external/baselib/Include" -I"Il2CppOutputProject/IL2CPP/libil2cpp/os/ClassLibraryPAL/brotli/include" -I"Il2CppOutputProject/IL2CPP/external/baselib/Platforms/IOS/Include" -o "Il2CppTempDirArtifacts/Debug/artifacts/arm64/actx/uspcwiwdfk3b.o" -fcolor-diagnostics -stdlib=libc++ -arch arm64 -mios-version-min=11.0 -fno-strict-float-cast-overflow -c -x c++ "Il2CppOutputProject/Source/il2cppOutput/Generics__103.cpp"
[358/410    0s] C_iOS_arm64 Il2CppTempDirArtifacts/Debug/artifacts/arm64/actx/9cmog9hgcwrs.o
##### CommandLine
"/Applications/Xcode.app/Contents/Developer/Toolchains/XcodeDefault.xctoolchain/usr/bin/clang++" -std=c++17 -Wswitch -Wno-trigraphs -Wno-tautological-compare -Wno-invalid-offsetof -Wno-implicitly-unsigned-literal -Wno-integer-overflow -Wno-shift-negative-value -Wno-unknown-attributes -Wno-implicit-function-declaration -Wno-null-conversion -Wno-missing-declarations -Wno-unused-value -Wno-pragma-once-outside-header -Wno-unknown-warning-option -Wno-undef-prefix -fvisibility=hidden -isysroot "/Applications/Xcode.app/Contents/Developer/Platforms/iPhoneOS.platform/Developer/SDKs/iPhoneOS18.2.sdk" -fexceptions -frtti -g -O0 -fno-strict-overflow -ffunction-sections -fdata-sections -fmessage-length=0 -pipe -DIL2CPP_DEBUG=1 -DHAVE_BDWGC_GC -DBASELIB_INLINE_NAMESPACE=il2cpp_baselib -DIL2CPP_MONO_DEBUGGER_DISABLED -DRUNTIME_IL2CPP -DTARGET_ARM64 -DIL2CPP_ENABLE_WRITE_BARRIERS=1 -DIL2CPP_INCREMENTAL_TIME_SLICE=3 -D_DEBUG -I"." -I"Il2CppOutputProject/Source/il2cppOutput" -I"Il2CppOutputProject/IL2CPP/libil2cpp/pch" -I"Il2CppOutputProject/IL2CPP/libil2cpp" -I"Il2CppOutputProject/IL2CPP/external/baselib/Include" -I"Il2CppOutputProject/IL2CPP/libil2cpp/os/ClassLibraryPAL/brotli/include" -I"Il2CppOutputProject/IL2CPP/external/baselib/Platforms/IOS/Include" -o "Il2CppTempDirArtifacts/Debug/artifacts/arm64/actx/9cmog9hgcwrs.o" -fcolor-diagnostics -stdlib=libc++ -arch arm64 -mios-version-min=11.0 -fno-strict-float-cast-overflow -c -x c++ "Il2CppOutputProject/Source/il2cppOutput/Generics__102.cpp"
[359/410    1s] C_iOS_arm64 Il2CppTempDirArtifacts/Debug/artifacts/arm64/actx/8417vt1h8tad.o
##### CommandLine
"/Applications/Xcode.app/Contents/Developer/Toolchains/XcodeDefault.xctoolchain/usr/bin/clang++" -std=c++17 -Wswitch -Wno-trigraphs -Wno-tautological-compare -Wno-invalid-offsetof -Wno-implicitly-unsigned-literal -Wno-integer-overflow -Wno-shift-negative-value -Wno-unknown-attributes -Wno-implicit-function-declaration -Wno-null-conversion -Wno-missing-declarations -Wno-unused-value -Wno-pragma-once-outside-header -Wno-unknown-warning-option -Wno-undef-prefix -fvisibility=hidden -isysroot "/Applications/Xcode.app/Contents/Developer/Platforms/iPhoneOS.platform/Developer/SDKs/iPhoneOS18.2.sdk" -fexceptions -frtti -g -O0 -fno-strict-overflow -ffunction-sections -fdata-sections -fmessage-length=0 -pipe -DIL2CPP_DEBUG=1 -DHAVE_BDWGC_GC -DBASELIB_INLINE_NAMESPACE=il2cpp_baselib -DIL2CPP_MONO_DEBUGGER_DISABLED -DRUNTIME_IL2CPP -DTARGET_ARM64 -DIL2CPP_ENABLE_WRITE_BARRIERS=1 -DIL2CPP_INCREMENTAL_TIME_SLICE=3 -D_DEBUG -I"." -I"Il2CppOutputProject/Source/il2cppOutput" -I"Il2CppOutputProject/IL2CPP/libil2cpp/pch" -I"Il2CppOutputProject/IL2CPP/libil2cpp" -I"Il2CppOutputProject/IL2CPP/external/baselib/Include" -I"Il2CppOutputProject/IL2CPP/libil2cpp/os/ClassLibraryPAL/brotli/include" -I"Il2CppOutputProject/IL2CPP/external/baselib/Platforms/IOS/Include" -o "Il2CppTempDirArtifacts/Debug/artifacts/arm64/actx/8417vt1h8tad.o" -fcolor-diagnostics -stdlib=libc++ -arch arm64 -mios-version-min=11.0 -fno-strict-float-cast-overflow -c -x c++ "Il2CppOutputProject/Source/il2cppOutput/Generics__101.cpp"
[360/410    0s] C_iOS_arm64 Il2CppTempDirArtifacts/Debug/artifacts/arm64/actx/f5rrfebk3442.o
##### CommandLine
"/Applications/Xcode.app/Contents/Developer/Toolchains/XcodeDefault.xctoolchain/usr/bin/clang++" -std=c++17 -Wswitch -Wno-trigraphs -Wno-tautological-compare -Wno-invalid-offsetof -Wno-implicitly-unsigned-literal -Wno-integer-overflow -Wno-shift-negative-value -Wno-unknown-attributes -Wno-implicit-function-declaration -Wno-null-conversion -Wno-missing-declarations -Wno-unused-value -Wno-pragma-once-outside-header -Wno-unknown-warning-option -Wno-undef-prefix -fvisibility=hidden -isysroot "/Applications/Xcode.app/Contents/Developer/Platforms/iPhoneOS.platform/Developer/SDKs/iPhoneOS18.2.sdk" -fexceptions -frtti -g -O0 -fno-strict-overflow -ffunction-sections -fdata-sections -fmessage-length=0 -pipe -DIL2CPP_DEBUG=1 -DHAVE_BDWGC_GC -DBASELIB_INLINE_NAMESPACE=il2cpp_baselib -DIL2CPP_MONO_DEBUGGER_DISABLED -DRUNTIME_IL2CPP -DTARGET_ARM64 -DIL2CPP_ENABLE_WRITE_BARRIERS=1 -DIL2CPP_INCREMENTAL_TIME_SLICE=3 -D_DEBUG -I"." -I"Il2CppOutputProject/Source/il2cppOutput" -I"Il2CppOutputProject/IL2CPP/libil2cpp/pch" -I"Il2CppOutputProject/IL2CPP/libil2cpp" -I"Il2CppOutputProject/IL2CPP/external/baselib/Include" -I"Il2CppOutputProject/IL2CPP/libil2cpp/os/ClassLibraryPAL/brotli/include" -I"Il2CppOutputProject/IL2CPP/external/baselib/Platforms/IOS/Include" -o "Il2CppTempDirArtifacts/Debug/artifacts/arm64/actx/f5rrfebk3442.o" -fcolor-diagnostics -stdlib=libc++ -arch arm64 -mios-version-min=11.0 -fno-strict-float-cast-overflow -c -x c++ "Il2CppOutputProject/Source/il2cppOutput/Generics__10.cpp"
[361/410    0s] C_iOS_arm64 Il2CppTempDirArtifacts/Debug/artifacts/arm64/actx/of3vl7y9co7a.o
##### CommandLine
"/Applications/Xcode.app/Contents/Developer/Toolchains/XcodeDefault.xctoolchain/usr/bin/clang++" -std=c++17 -Wswitch -Wno-trigraphs -Wno-tautological-compare -Wno-invalid-offsetof -Wno-implicitly-unsigned-literal -Wno-integer-overflow -Wno-shift-negative-value -Wno-unknown-attributes -Wno-implicit-function-declaration -Wno-null-conversion -Wno-missing-declarations -Wno-unused-value -Wno-pragma-once-outside-header -Wno-unknown-warning-option -Wno-undef-prefix -fvisibility=hidden -isysroot "/Applications/Xcode.app/Contents/Developer/Platforms/iPhoneOS.platform/Developer/SDKs/iPhoneOS18.2.sdk" -fexceptions -frtti -g -O0 -fno-strict-overflow -ffunction-sections -fdata-sections -fmessage-length=0 -pipe -DIL2CPP_DEBUG=1 -DHAVE_BDWGC_GC -DBASELIB_INLINE_NAMESPACE=il2cpp_baselib -DIL2CPP_MONO_DEBUGGER_DISABLED -DRUNTIME_IL2CPP -DTARGET_ARM64 -DIL2CPP_ENABLE_WRITE_BARRIERS=1 -DIL2CPP_INCREMENTAL_TIME_SLICE=3 -D_DEBUG -I"." -I"Il2CppOutputProject/Source/il2cppOutput" -I"Il2CppOutputProject/IL2CPP/libil2cpp/pch" -I"Il2CppOutputProject/IL2CPP/libil2cpp" -I"Il2CppOutputProject/IL2CPP/external/baselib/Include" -I"Il2CppOutputProject/IL2CPP/libil2cpp/os/ClassLibraryPAL/brotli/include" -I"Il2CppOutputProject/IL2CPP/external/baselib/Platforms/IOS/Include" -o "Il2CppTempDirArtifacts/Debug/artifacts/arm64/actx/of3vl7y9co7a.o" -fcolor-diagnostics -stdlib=libc++ -arch arm64 -mios-version-min=11.0 -fno-strict-float-cast-overflow -c -x c++ "Il2CppOutputProject/Source/il2cppOutput/GenericMethods__9.cpp"
[362/410    1s] C_iOS_arm64 Il2CppTempDirArtifacts/Debug/artifacts/arm64/actx/zqvxcxjn2ygu.o
##### CommandLine
"/Applications/Xcode.app/Contents/Developer/Toolchains/XcodeDefault.xctoolchain/usr/bin/clang++" -std=c++17 -Wswitch -Wno-trigraphs -Wno-tautological-compare -Wno-invalid-offsetof -Wno-implicitly-unsigned-literal -Wno-integer-overflow -Wno-shift-negative-value -Wno-unknown-attributes -Wno-implicit-function-declaration -Wno-null-conversion -Wno-missing-declarations -Wno-unused-value -Wno-pragma-once-outside-header -Wno-unknown-warning-option -Wno-undef-prefix -fvisibility=hidden -isysroot "/Applications/Xcode.app/Contents/Developer/Platforms/iPhoneOS.platform/Developer/SDKs/iPhoneOS18.2.sdk" -fexceptions -frtti -g -O0 -fno-strict-overflow -ffunction-sections -fdata-sections -fmessage-length=0 -pipe -DIL2CPP_DEBUG=1 -DHAVE_BDWGC_GC -DBASELIB_INLINE_NAMESPACE=il2cpp_baselib -DIL2CPP_MONO_DEBUGGER_DISABLED -DRUNTIME_IL2CPP -DTARGET_ARM64 -DIL2CPP_ENABLE_WRITE_BARRIERS=1 -DIL2CPP_INCREMENTAL_TIME_SLICE=3 -D_DEBUG -I"." -I"Il2CppOutputProject/Source/il2cppOutput" -I"Il2CppOutputProject/IL2CPP/libil2cpp/pch" -I"Il2CppOutputProject/IL2CPP/libil2cpp" -I"Il2CppOutputProject/IL2CPP/external/baselib/Include" -I"Il2CppOutputProject/IL2CPP/libil2cpp/os/ClassLibraryPAL/brotli/include" -I"Il2CppOutputProject/IL2CPP/external/baselib/Platforms/IOS/Include" -o "Il2CppTempDirArtifacts/Debug/artifacts/arm64/actx/zqvxcxjn2ygu.o" -fcolor-diagnostics -stdlib=libc++ -arch arm64 -mios-version-min=11.0 -fno-strict-float-cast-overflow -c -x c++ "Il2CppOutputProject/Source/il2cppOutput/Generics__1.cpp"
[363/410    0s] C_iOS_arm64 Il2CppTempDirArtifacts/Debug/artifacts/arm64/actx/4vijiinmotvl.o
##### CommandLine
"/Applications/Xcode.app/Contents/Developer/Toolchains/XcodeDefault.xctoolchain/usr/bin/clang++" -std=c++17 -Wswitch -Wno-trigraphs -Wno-tautological-compare -Wno-invalid-offsetof -Wno-implicitly-unsigned-literal -Wno-integer-overflow -Wno-shift-negative-value -Wno-unknown-attributes -Wno-implicit-function-declaration -Wno-null-conversion -Wno-missing-declarations -Wno-unused-value -Wno-pragma-once-outside-header -Wno-unknown-warning-option -Wno-undef-prefix -fvisibility=hidden -isysroot "/Applications/Xcode.app/Contents/Developer/Platforms/iPhoneOS.platform/Developer/SDKs/iPhoneOS18.2.sdk" -fexceptions -frtti -g -O0 -fno-strict-overflow -ffunction-sections -fdata-sections -fmessage-length=0 -pipe -DIL2CPP_DEBUG=1 -DHAVE_BDWGC_GC -DBASELIB_INLINE_NAMESPACE=il2cpp_baselib -DIL2CPP_MONO_DEBUGGER_DISABLED -DRUNTIME_IL2CPP -DTARGET_ARM64 -DIL2CPP_ENABLE_WRITE_BARRIERS=1 -DIL2CPP_INCREMENTAL_TIME_SLICE=3 -D_DEBUG -I"." -I"Il2CppOutputProject/Source/il2cppOutput" -I"Il2CppOutputProject/IL2CPP/libil2cpp/pch" -I"Il2CppOutputProject/IL2CPP/libil2cpp" -I"Il2CppOutputProject/IL2CPP/external/baselib/Include" -I"Il2CppOutputProject/IL2CPP/libil2cpp/os/ClassLibraryPAL/brotli/include" -I"Il2CppOutputProject/IL2CPP/external/baselib/Platforms/IOS/Include" -o "Il2CppTempDirArtifacts/Debug/artifacts/arm64/actx/4vijiinmotvl.o" -fcolor-diagnostics -stdlib=libc++ -arch arm64 -mios-version-min=11.0 -fno-strict-float-cast-overflow -c -x c++ "Il2CppOutputProject/Source/il2cppOutput/Generics.cpp"
[364/410    0s] C_iOS_arm64 Il2CppTempDirArtifacts/Debug/artifacts/arm64/actx/3zz75xkca0vr.o
##### CommandLine
"/Applications/Xcode.app/Contents/Developer/Toolchains/XcodeDefault.xctoolchain/usr/bin/clang++" -std=c++17 -Wswitch -Wno-trigraphs -Wno-tautological-compare -Wno-invalid-offsetof -Wno-implicitly-unsigned-literal -Wno-integer-overflow -Wno-shift-negative-value -Wno-unknown-attributes -Wno-implicit-function-declaration -Wno-null-conversion -Wno-missing-declarations -Wno-unused-value -Wno-pragma-once-outside-header -Wno-unknown-warning-option -Wno-undef-prefix -fvisibility=hidden -isysroot "/Applications/Xcode.app/Contents/Developer/Platforms/iPhoneOS.platform/Developer/SDKs/iPhoneOS18.2.sdk" -fexceptions -frtti -g -O0 -fno-strict-overflow -ffunction-sections -fdata-sections -fmessage-length=0 -pipe -DIL2CPP_DEBUG=1 -DHAVE_BDWGC_GC -DBASELIB_INLINE_NAMESPACE=il2cpp_baselib -DIL2CPP_MONO_DEBUGGER_DISABLED -DRUNTIME_IL2CPP -DTARGET_ARM64 -DIL2CPP_ENABLE_WRITE_BARRIERS=1 -DIL2CPP_INCREMENTAL_TIME_SLICE=3 -D_DEBUG -I"." -I"Il2CppOutputProject/Source/il2cppOutput" -I"Il2CppOutputProject/IL2CPP/libil2cpp/pch" -I"Il2CppOutputProject/IL2CPP/libil2cpp" -I"Il2CppOutputProject/IL2CPP/external/baselib/Include" -I"Il2CppOutputProject/IL2CPP/libil2cpp/os/ClassLibraryPAL/brotli/include" -I"Il2CppOutputProject/IL2CPP/external/baselib/Platforms/IOS/Include" -o "Il2CppTempDirArtifacts/Debug/artifacts/arm64/actx/3zz75xkca0vr.o" -fcolor-diagnostics -stdlib=libc++ -arch arm64 -mios-version-min=11.0 -fno-strict-float-cast-overflow -c -x c++ "Il2CppOutputProject/Source/il2cppOutput/GenericMethods__8.cpp"
[365/410    0s] C_iOS_arm64 Il2CppTempDirArtifacts/Debug/artifacts/arm64/actx/ikwjqo6e7bk8.o
##### CommandLine
"/Applications/Xcode.app/Contents/Developer/Toolchains/XcodeDefault.xctoolchain/usr/bin/clang++" -std=c++17 -Wswitch -Wno-trigraphs -Wno-tautological-compare -Wno-invalid-offsetof -Wno-implicitly-unsigned-literal -Wno-integer-overflow -Wno-shift-negative-value -Wno-unknown-attributes -Wno-implicit-function-declaration -Wno-null-conversion -Wno-missing-declarations -Wno-unused-value -Wno-pragma-once-outside-header -Wno-unknown-warning-option -Wno-undef-prefix -fvisibility=hidden -isysroot "/Applications/Xcode.app/Contents/Developer/Platforms/iPhoneOS.platform/Developer/SDKs/iPhoneOS18.2.sdk" -fexceptions -frtti -g -O0 -fno-strict-overflow -ffunction-sections -fdata-sections -fmessage-length=0 -pipe -DIL2CPP_DEBUG=1 -DHAVE_BDWGC_GC -DBASELIB_INLINE_NAMESPACE=il2cpp_baselib -DIL2CPP_MONO_DEBUGGER_DISABLED -DRUNTIME_IL2CPP -DTARGET_ARM64 -DIL2CPP_ENABLE_WRITE_BARRIERS=1 -DIL2CPP_INCREMENTAL_TIME_SLICE=3 -D_DEBUG -I"." -I"Il2CppOutputProject/Source/il2cppOutput" -I"Il2CppOutputProject/IL2CPP/libil2cpp/pch" -I"Il2CppOutputProject/IL2CPP/libil2cpp" -I"Il2CppOutputProject/IL2CPP/external/baselib/Include" -I"Il2CppOutputProject/IL2CPP/libil2cpp/os/ClassLibraryPAL/brotli/include" -I"Il2CppOutputProject/IL2CPP/external/baselib/Platforms/IOS/Include" -o "Il2CppTempDirArtifacts/Debug/artifacts/arm64/actx/ikwjqo6e7bk8.o" -fcolor-diagnostics -stdlib=libc++ -arch arm64 -mios-version-min=11.0 -fno-strict-float-cast-overflow -c -x c++ "Il2CppOutputProject/Source/il2cppOutput/GenericMethods__7.cpp"
[366/410    0s] C_iOS_arm64 Il2CppTempDirArtifacts/Debug/artifacts/arm64/actx/nefyqo4r2obq.o
##### CommandLine
"/Applications/Xcode.app/Contents/Developer/Toolchains/XcodeDefault.xctoolchain/usr/bin/clang++" -std=c++17 -Wswitch -Wno-trigraphs -Wno-tautological-compare -Wno-invalid-offsetof -Wno-implicitly-unsigned-literal -Wno-integer-overflow -Wno-shift-negative-value -Wno-unknown-attributes -Wno-implicit-function-declaration -Wno-null-conversion -Wno-missing-declarations -Wno-unused-value -Wno-pragma-once-outside-header -Wno-unknown-warning-option -Wno-undef-prefix -fvisibility=hidden -isysroot "/Applications/Xcode.app/Contents/Developer/Platforms/iPhoneOS.platform/Developer/SDKs/iPhoneOS18.2.sdk" -fexceptions -frtti -g -O0 -fno-strict-overflow -ffunction-sections -fdata-sections -fmessage-length=0 -pipe -DIL2CPP_DEBUG=1 -DHAVE_BDWGC_GC -DBASELIB_INLINE_NAMESPACE=il2cpp_baselib -DIL2CPP_MONO_DEBUGGER_DISABLED -DRUNTIME_IL2CPP -DTARGET_ARM64 -DIL2CPP_ENABLE_WRITE_BARRIERS=1 -DIL2CPP_INCREMENTAL_TIME_SLICE=3 -D_DEBUG -I"." -I"Il2CppOutputProject/Source/il2cppOutput" -I"Il2CppOutputProject/IL2CPP/libil2cpp/pch" -I"Il2CppOutputProject/IL2CPP/libil2cpp" -I"Il2CppOutputProject/IL2CPP/external/baselib/Include" -I"Il2CppOutputProject/IL2CPP/libil2cpp/os/ClassLibraryPAL/brotli/include" -I"Il2CppOutputProject/IL2CPP/external/baselib/Platforms/IOS/Include" -o "Il2CppTempDirArtifacts/Debug/artifacts/arm64/actx/nefyqo4r2obq.o" -fcolor-diagnostics -stdlib=libc++ -arch arm64 -mios-version-min=11.0 -fno-strict-float-cast-overflow -c -x c++ "Il2CppOutputProject/Source/il2cppOutput/GenericMethods__40.cpp"
[367/410    0s] C_iOS_arm64 Il2CppTempDirArtifacts/Debug/artifacts/arm64/actx/hcc358pg392s.o
##### CommandLine
"/Applications/Xcode.app/Contents/Developer/Toolchains/XcodeDefault.xctoolchain/usr/bin/clang++" -std=c++17 -Wswitch -Wno-trigraphs -Wno-tautological-compare -Wno-invalid-offsetof -Wno-implicitly-unsigned-literal -Wno-integer-overflow -Wno-shift-negative-value -Wno-unknown-attributes -Wno-implicit-function-declaration -Wno-null-conversion -Wno-missing-declarations -Wno-unused-value -Wno-pragma-once-outside-header -Wno-unknown-warning-option -Wno-undef-prefix -fvisibility=hidden -isysroot "/Applications/Xcode.app/Contents/Developer/Platforms/iPhoneOS.platform/Developer/SDKs/iPhoneOS18.2.sdk" -fexceptions -frtti -g -O0 -fno-strict-overflow -ffunction-sections -fdata-sections -fmessage-length=0 -pipe -DIL2CPP_DEBUG=1 -DHAVE_BDWGC_GC -DBASELIB_INLINE_NAMESPACE=il2cpp_baselib -DIL2CPP_MONO_DEBUGGER_DISABLED -DRUNTIME_IL2CPP -DTARGET_ARM64 -DIL2CPP_ENABLE_WRITE_BARRIERS=1 -DIL2CPP_INCREMENTAL_TIME_SLICE=3 -D_DEBUG -I"." -I"Il2CppOutputProject/Source/il2cppOutput" -I"Il2CppOutputProject/IL2CPP/libil2cpp/pch" -I"Il2CppOutputProject/IL2CPP/libil2cpp" -I"Il2CppOutputProject/IL2CPP/external/baselib/Include" -I"Il2CppOutputProject/IL2CPP/libil2cpp/os/ClassLibraryPAL/brotli/include" -I"Il2CppOutputProject/IL2CPP/external/baselib/Platforms/IOS/Include" -o "Il2CppTempDirArtifacts/Debug/artifacts/arm64/actx/hcc358pg392s.o" -fcolor-diagnostics -stdlib=libc++ -arch arm64 -mios-version-min=11.0 -fno-strict-float-cast-overflow -c -x c++ "Il2CppOutputProject/Source/il2cppOutput/GenericMethods__6.cpp"
[368/410    0s] C_iOS_arm64 Il2CppTempDirArtifacts/Debug/artifacts/arm64/actx/ww8eqzbj0lr9.o
##### CommandLine
"/Applications/Xcode.app/Contents/Developer/Toolchains/XcodeDefault.xctoolchain/usr/bin/clang++" -std=c++17 -Wswitch -Wno-trigraphs -Wno-tautological-compare -Wno-invalid-offsetof -Wno-implicitly-unsigned-literal -Wno-integer-overflow -Wno-shift-negative-value -Wno-unknown-attributes -Wno-implicit-function-declaration -Wno-null-conversion -Wno-missing-declarations -Wno-unused-value -Wno-pragma-once-outside-header -Wno-unknown-warning-option -Wno-undef-prefix -fvisibility=hidden -isysroot "/Applications/Xcode.app/Contents/Developer/Platforms/iPhoneOS.platform/Developer/SDKs/iPhoneOS18.2.sdk" -fexceptions -frtti -g -O0 -fno-strict-overflow -ffunction-sections -fdata-sections -fmessage-length=0 -pipe -DIL2CPP_DEBUG=1 -DHAVE_BDWGC_GC -DBASELIB_INLINE_NAMESPACE=il2cpp_baselib -DIL2CPP_MONO_DEBUGGER_DISABLED -DRUNTIME_IL2CPP -DTARGET_ARM64 -DIL2CPP_ENABLE_WRITE_BARRIERS=1 -DIL2CPP_INCREMENTAL_TIME_SLICE=3 -D_DEBUG -I"." -I"Il2CppOutputProject/Source/il2cppOutput" -I"Il2CppOutputProject/IL2CPP/libil2cpp/pch" -I"Il2CppOutputProject/IL2CPP/libil2cpp" -I"Il2CppOutputProject/IL2CPP/external/baselib/Include" -I"Il2CppOutputProject/IL2CPP/libil2cpp/os/ClassLibraryPAL/brotli/include" -I"Il2CppOutputProject/IL2CPP/external/baselib/Platforms/IOS/Include" -o "Il2CppTempDirArtifacts/Debug/artifacts/arm64/actx/ww8eqzbj0lr9.o" -fcolor-diagnostics -stdlib=libc++ -arch arm64 -mios-version-min=11.0 -fno-strict-float-cast-overflow -c -x c++ "Il2CppOutputProject/Source/il2cppOutput/GenericMethods__5.cpp"
[369/410    0s] C_iOS_arm64 Il2CppTempDirArtifacts/Debug/artifacts/arm64/actx/g6k5dnrtq2du.o
##### CommandLine
"/Applications/Xcode.app/Contents/Developer/Toolchains/XcodeDefault.xctoolchain/usr/bin/clang++" -std=c++17 -Wswitch -Wno-trigraphs -Wno-tautological-compare -Wno-invalid-offsetof -Wno-implicitly-unsigned-literal -Wno-integer-overflow -Wno-shift-negative-value -Wno-unknown-attributes -Wno-implicit-function-declaration -Wno-null-conversion -Wno-missing-declarations -Wno-unused-value -Wno-pragma-once-outside-header -Wno-unknown-warning-option -Wno-undef-prefix -fvisibility=hidden -isysroot "/Applications/Xcode.app/Contents/Developer/Platforms/iPhoneOS.platform/Developer/SDKs/iPhoneOS18.2.sdk" -fexceptions -frtti -g -O0 -fno-strict-overflow -ffunction-sections -fdata-sections -fmessage-length=0 -pipe -DIL2CPP_DEBUG=1 -DHAVE_BDWGC_GC -DBASELIB_INLINE_NAMESPACE=il2cpp_baselib -DIL2CPP_MONO_DEBUGGER_DISABLED -DRUNTIME_IL2CPP -DTARGET_ARM64 -DIL2CPP_ENABLE_WRITE_BARRIERS=1 -DIL2CPP_INCREMENTAL_TIME_SLICE=3 -D_DEBUG -I"." -I"Il2CppOutputProject/Source/il2cppOutput" -I"Il2CppOutputProject/IL2CPP/libil2cpp/pch" -I"Il2CppOutputProject/IL2CPP/libil2cpp" -I"Il2CppOutputProject/IL2CPP/external/baselib/Include" -I"Il2CppOutputProject/IL2CPP/libil2cpp/os/ClassLibraryPAL/brotli/include" -I"Il2CppOutputProject/IL2CPP/external/baselib/Platforms/IOS/Include" -o "Il2CppTempDirArtifacts/Debug/artifacts/arm64/actx/g6k5dnrtq2du.o" -fcolor-diagnostics -stdlib=libc++ -arch arm64 -mios-version-min=11.0 -fno-strict-float-cast-overflow -c -x c++ "Il2CppOutputProject/Source/il2cppOutput/GenericMethods__38.cpp"
[370/410    0s] C_iOS_arm64 Il2CppTempDirArtifacts/Debug/artifacts/arm64/actx/1lottw5qtqpd.o
##### CommandLine
"/Applications/Xcode.app/Contents/Developer/Toolchains/XcodeDefault.xctoolchain/usr/bin/clang++" -std=c++17 -Wswitch -Wno-trigraphs -Wno-tautological-compare -Wno-invalid-offsetof -Wno-implicitly-unsigned-literal -Wno-integer-overflow -Wno-shift-negative-value -Wno-unknown-attributes -Wno-implicit-function-declaration -Wno-null-conversion -Wno-missing-declarations -Wno-unused-value -Wno-pragma-once-outside-header -Wno-unknown-warning-option -Wno-undef-prefix -fvisibility=hidden -isysroot "/Applications/Xcode.app/Contents/Developer/Platforms/iPhoneOS.platform/Developer/SDKs/iPhoneOS18.2.sdk" -fexceptions -frtti -g -O0 -fno-strict-overflow -ffunction-sections -fdata-sections -fmessage-length=0 -pipe -DIL2CPP_DEBUG=1 -DHAVE_BDWGC_GC -DBASELIB_INLINE_NAMESPACE=il2cpp_baselib -DIL2CPP_MONO_DEBUGGER_DISABLED -DRUNTIME_IL2CPP -DTARGET_ARM64 -DIL2CPP_ENABLE_WRITE_BARRIERS=1 -DIL2CPP_INCREMENTAL_TIME_SLICE=3 -D_DEBUG -I"." -I"Il2CppOutputProject/Source/il2cppOutput" -I"Il2CppOutputProject/IL2CPP/libil2cpp/pch" -I"Il2CppOutputProject/IL2CPP/libil2cpp" -I"Il2CppOutputProject/IL2CPP/external/baselib/Include" -I"Il2CppOutputProject/IL2CPP/libil2cpp/os/ClassLibraryPAL/brotli/include" -I"Il2CppOutputProject/IL2CPP/external/baselib/Platforms/IOS/Include" -o "Il2CppTempDirArtifacts/Debug/artifacts/arm64/actx/1lottw5qtqpd.o" -fcolor-diagnostics -stdlib=libc++ -arch arm64 -mios-version-min=11.0 -fno-strict-float-cast-overflow -c -x c++ "Il2CppOutputProject/Source/il2cppOutput/GenericMethods__39.cpp"
[371/410    0s] C_iOS_arm64 Il2CppTempDirArtifacts/Debug/artifacts/arm64/actx/omzeb4kq6qs5.o
##### CommandLine
"/Applications/Xcode.app/Contents/Developer/Toolchains/XcodeDefault.xctoolchain/usr/bin/clang++" -std=c++17 -Wswitch -Wno-trigraphs -Wno-tautological-compare -Wno-invalid-offsetof -Wno-implicitly-unsigned-literal -Wno-integer-overflow -Wno-shift-negative-value -Wno-unknown-attributes -Wno-implicit-function-declaration -Wno-null-conversion -Wno-missing-declarations -Wno-unused-value -Wno-pragma-once-outside-header -Wno-unknown-warning-option -Wno-undef-prefix -fvisibility=hidden -isysroot "/Applications/Xcode.app/Contents/Developer/Platforms/iPhoneOS.platform/Developer/SDKs/iPhoneOS18.2.sdk" -fexceptions -frtti -g -O0 -fno-strict-overflow -ffunction-sections -fdata-sections -fmessage-length=0 -pipe -DIL2CPP_DEBUG=1 -DHAVE_BDWGC_GC -DBASELIB_INLINE_NAMESPACE=il2cpp_baselib -DIL2CPP_MONO_DEBUGGER_DISABLED -DRUNTIME_IL2CPP -DTARGET_ARM64 -DIL2CPP_ENABLE_WRITE_BARRIERS=1 -DIL2CPP_INCREMENTAL_TIME_SLICE=3 -D_DEBUG -I"." -I"Il2CppOutputProject/Source/il2cppOutput" -I"Il2CppOutputProject/IL2CPP/libil2cpp/pch" -I"Il2CppOutputProject/IL2CPP/libil2cpp" -I"Il2CppOutputProject/IL2CPP/external/baselib/Include" -I"Il2CppOutputProject/IL2CPP/libil2cpp/os/ClassLibraryPAL/brotli/include" -I"Il2CppOutputProject/IL2CPP/external/baselib/Platforms/IOS/Include" -o "Il2CppTempDirArtifacts/Debug/artifacts/arm64/actx/omzeb4kq6qs5.o" -fcolor-diagnostics -stdlib=libc++ -arch arm64 -mios-version-min=11.0 -fno-strict-float-cast-overflow -c -x c++ "Il2CppOutputProject/Source/il2cppOutput/GenericMethods__41.cpp"
[372/410    1s] C_iOS_arm64 Il2CppTempDirArtifacts/Debug/artifacts/arm64/actx/npyjgknk55yt.o
##### CommandLine
"/Applications/Xcode.app/Contents/Developer/Toolchains/XcodeDefault.xctoolchain/usr/bin/clang++" -std=c++17 -Wswitch -Wno-trigraphs -Wno-tautological-compare -Wno-invalid-offsetof -Wno-implicitly-unsigned-literal -Wno-integer-overflow -Wno-shift-negative-value -Wno-unknown-attributes -Wno-implicit-function-declaration -Wno-null-conversion -Wno-missing-declarations -Wno-unused-value -Wno-pragma-once-outside-header -Wno-unknown-warning-option -Wno-undef-prefix -fvisibility=hidden -isysroot "/Applications/Xcode.app/Contents/Developer/Platforms/iPhoneOS.platform/Developer/SDKs/iPhoneOS18.2.sdk" -fexceptions -frtti -g -O0 -fno-strict-overflow -ffunction-sections -fdata-sections -fmessage-length=0 -pipe -DIL2CPP_DEBUG=1 -DHAVE_BDWGC_GC -DBASELIB_INLINE_NAMESPACE=il2cpp_baselib -DIL2CPP_MONO_DEBUGGER_DISABLED -DRUNTIME_IL2CPP -DTARGET_ARM64 -DIL2CPP_ENABLE_WRITE_BARRIERS=1 -DIL2CPP_INCREMENTAL_TIME_SLICE=3 -D_DEBUG -I"." -I"Il2CppOutputProject/Source/il2cppOutput" -I"Il2CppOutputProject/IL2CPP/libil2cpp/pch" -I"Il2CppOutputProject/IL2CPP/libil2cpp" -I"Il2CppOutputProject/IL2CPP/external/baselib/Include" -I"Il2CppOutputProject/IL2CPP/libil2cpp/os/ClassLibraryPAL/brotli/include" -I"Il2CppOutputProject/IL2CPP/external/baselib/Platforms/IOS/Include" -o "Il2CppTempDirArtifacts/Debug/artifacts/arm64/actx/npyjgknk55yt.o" -fcolor-diagnostics -stdlib=libc++ -arch arm64 -mios-version-min=11.0 -fno-strict-float-cast-overflow -c -x c++ "Il2CppOutputProject/Source/il2cppOutput/Generics__100.cpp"
[373/410    0s] C_iOS_arm64 Il2CppTempDirArtifacts/Debug/artifacts/arm64/actx/bh5qaqxlxxfq.o
##### CommandLine
"/Applications/Xcode.app/Contents/Developer/Toolchains/XcodeDefault.xctoolchain/usr/bin/clang++" -std=c++17 -Wswitch -Wno-trigraphs -Wno-tautological-compare -Wno-invalid-offsetof -Wno-implicitly-unsigned-literal -Wno-integer-overflow -Wno-shift-negative-value -Wno-unknown-attributes -Wno-implicit-function-declaration -Wno-null-conversion -Wno-missing-declarations -Wno-unused-value -Wno-pragma-once-outside-header -Wno-unknown-warning-option -Wno-undef-prefix -fvisibility=hidden -isysroot "/Applications/Xcode.app/Contents/Developer/Platforms/iPhoneOS.platform/Developer/SDKs/iPhoneOS18.2.sdk" -fexceptions -frtti -g -O0 -fno-strict-overflow -ffunction-sections -fdata-sections -fmessage-length=0 -pipe -DIL2CPP_DEBUG=1 -DHAVE_BDWGC_GC -DBASELIB_INLINE_NAMESPACE=il2cpp_baselib -DIL2CPP_MONO_DEBUGGER_DISABLED -DRUNTIME_IL2CPP -DTARGET_ARM64 -DIL2CPP_ENABLE_WRITE_BARRIERS=1 -DIL2CPP_INCREMENTAL_TIME_SLICE=3 -D_DEBUG -I"." -I"Il2CppOutputProject/Source/il2cppOutput" -I"Il2CppOutputProject/IL2CPP/libil2cpp/pch" -I"Il2CppOutputProject/IL2CPP/libil2cpp" -I"Il2CppOutputProject/IL2CPP/external/baselib/Include" -I"Il2CppOutputProject/IL2CPP/libil2cpp/os/ClassLibraryPAL/brotli/include" -I"Il2CppOutputProject/IL2CPP/external/baselib/Platforms/IOS/Include" -o "Il2CppTempDirArtifacts/Debug/artifacts/arm64/actx/bh5qaqxlxxfq.o" -fcolor-diagnostics -stdlib=libc++ -arch arm64 -mios-version-min=11.0 -fno-strict-float-cast-overflow -c -x c++ "Il2CppOutputProject/Source/il2cppOutput/GenericMethods__4.cpp"
[374/410    1s] C_iOS_arm64 Il2CppTempDirArtifacts/Debug/artifacts/arm64/actx/uix0dywxjclv.o
##### CommandLine
"/Applications/Xcode.app/Contents/Developer/Toolchains/XcodeDefault.xctoolchain/usr/bin/clang++" -std=c++17 -Wswitch -Wno-trigraphs -Wno-tautological-compare -Wno-invalid-offsetof -Wno-implicitly-unsigned-literal -Wno-integer-overflow -Wno-shift-negative-value -Wno-unknown-attributes -Wno-implicit-function-declaration -Wno-null-conversion -Wno-missing-declarations -Wno-unused-value -Wno-pragma-once-outside-header -Wno-unknown-warning-option -Wno-undef-prefix -fvisibility=hidden -isysroot "/Applications/Xcode.app/Contents/Developer/Platforms/iPhoneOS.platform/Developer/SDKs/iPhoneOS18.2.sdk" -fexceptions -frtti -g -O0 -fno-strict-overflow -ffunction-sections -fdata-sections -fmessage-length=0 -pipe -DIL2CPP_DEBUG=1 -DHAVE_BDWGC_GC -DBASELIB_INLINE_NAMESPACE=il2cpp_baselib -DIL2CPP_MONO_DEBUGGER_DISABLED -DRUNTIME_IL2CPP -DTARGET_ARM64 -DIL2CPP_ENABLE_WRITE_BARRIERS=1 -DIL2CPP_INCREMENTAL_TIME_SLICE=3 -D_DEBUG -I"." -I"Il2CppOutputProject/Source/il2cppOutput" -I"Il2CppOutputProject/IL2CPP/libil2cpp/pch" -I"Il2CppOutputProject/IL2CPP/libil2cpp" -I"Il2CppOutputProject/IL2CPP/external/baselib/Include" -I"Il2CppOutputProject/IL2CPP/libil2cpp/os/ClassLibraryPAL/brotli/include" -I"Il2CppOutputProject/IL2CPP/external/baselib/Platforms/IOS/Include" -o "Il2CppTempDirArtifacts/Debug/artifacts/arm64/actx/uix0dywxjclv.o" -fcolor-diagnostics -stdlib=libc++ -arch arm64 -mios-version-min=11.0 -fno-strict-float-cast-overflow -c -x c++ "Il2CppOutputProject/Source/il2cppOutput/GenericMethods__36.cpp"
[375/410    1s] C_iOS_arm64 Il2CppTempDirArtifacts/Debug/artifacts/arm64/actx/fy0ot7avm0we.o
##### CommandLine
"/Applications/Xcode.app/Contents/Developer/Toolchains/XcodeDefault.xctoolchain/usr/bin/clang++" -std=c++17 -Wswitch -Wno-trigraphs -Wno-tautological-compare -Wno-invalid-offsetof -Wno-implicitly-unsigned-literal -Wno-integer-overflow -Wno-shift-negative-value -Wno-unknown-attributes -Wno-implicit-function-declaration -Wno-null-conversion -Wno-missing-declarations -Wno-unused-value -Wno-pragma-once-outside-header -Wno-unknown-warning-option -Wno-undef-prefix -fvisibility=hidden -isysroot "/Applications/Xcode.app/Contents/Developer/Platforms/iPhoneOS.platform/Developer/SDKs/iPhoneOS18.2.sdk" -fexceptions -frtti -g -O0 -fno-strict-overflow -ffunction-sections -fdata-sections -fmessage-length=0 -pipe -DIL2CPP_DEBUG=1 -DHAVE_BDWGC_GC -DBASELIB_INLINE_NAMESPACE=il2cpp_baselib -DIL2CPP_MONO_DEBUGGER_DISABLED -DRUNTIME_IL2CPP -DTARGET_ARM64 -DIL2CPP_ENABLE_WRITE_BARRIERS=1 -DIL2CPP_INCREMENTAL_TIME_SLICE=3 -D_DEBUG -I"." -I"Il2CppOutputProject/Source/il2cppOutput" -I"Il2CppOutputProject/IL2CPP/libil2cpp/pch" -I"Il2CppOutputProject/IL2CPP/libil2cpp" -I"Il2CppOutputProject/IL2CPP/external/baselib/Include" -I"Il2CppOutputProject/IL2CPP/libil2cpp/os/ClassLibraryPAL/brotli/include" -I"Il2CppOutputProject/IL2CPP/external/baselib/Platforms/IOS/Include" -o "Il2CppTempDirArtifacts/Debug/artifacts/arm64/actx/fy0ot7avm0we.o" -fcolor-diagnostics -stdlib=libc++ -arch arm64 -mios-version-min=11.0 -fno-strict-float-cast-overflow -c -x c++ "Il2CppOutputProject/Source/il2cppOutput/GenericMethods__37.cpp"
[376/410    0s] C_iOS_arm64 Il2CppTempDirArtifacts/Debug/artifacts/arm64/actx/92tcyoi0go9b.o
##### CommandLine
"/Applications/Xcode.app/Contents/Developer/Toolchains/XcodeDefault.xctoolchain/usr/bin/clang++" -std=c++17 -Wswitch -Wno-trigraphs -Wno-tautological-compare -Wno-invalid-offsetof -Wno-implicitly-unsigned-literal -Wno-integer-overflow -Wno-shift-negative-value -Wno-unknown-attributes -Wno-implicit-function-declaration -Wno-null-conversion -Wno-missing-declarations -Wno-unused-value -Wno-pragma-once-outside-header -Wno-unknown-warning-option -Wno-undef-prefix -fvisibility=hidden -isysroot "/Applications/Xcode.app/Contents/Developer/Platforms/iPhoneOS.platform/Developer/SDKs/iPhoneOS18.2.sdk" -fexceptions -frtti -g -O0 -fno-strict-overflow -ffunction-sections -fdata-sections -fmessage-length=0 -pipe -DIL2CPP_DEBUG=1 -DHAVE_BDWGC_GC -DBASELIB_INLINE_NAMESPACE=il2cpp_baselib -DIL2CPP_MONO_DEBUGGER_DISABLED -DRUNTIME_IL2CPP -DTARGET_ARM64 -DIL2CPP_ENABLE_WRITE_BARRIERS=1 -DIL2CPP_INCREMENTAL_TIME_SLICE=3 -D_DEBUG -I"." -I"Il2CppOutputProject/Source/il2cppOutput" -I"Il2CppOutputProject/IL2CPP/libil2cpp/pch" -I"Il2CppOutputProject/IL2CPP/libil2cpp" -I"Il2CppOutputProject/IL2CPP/external/baselib/Include" -I"Il2CppOutputProject/IL2CPP/libil2cpp/os/ClassLibraryPAL/brotli/include" -I"Il2CppOutputProject/IL2CPP/external/baselib/Platforms/IOS/Include" -o "Il2CppTempDirArtifacts/Debug/artifacts/arm64/actx/92tcyoi0go9b.o" -fcolor-diagnostics -stdlib=libc++ -arch arm64 -mios-version-min=11.0 -fno-strict-float-cast-overflow -c -x c++ "Il2CppOutputProject/Source/il2cppOutput/GenericMethods__35.cpp"
[377/410    0s] C_iOS_arm64 Il2CppTempDirArtifacts/Debug/artifacts/arm64/actx/2z2jiq96694t.o
##### CommandLine
"/Applications/Xcode.app/Contents/Developer/Toolchains/XcodeDefault.xctoolchain/usr/bin/clang++" -std=c++17 -Wswitch -Wno-trigraphs -Wno-tautological-compare -Wno-invalid-offsetof -Wno-implicitly-unsigned-literal -Wno-integer-overflow -Wno-shift-negative-value -Wno-unknown-attributes -Wno-implicit-function-declaration -Wno-null-conversion -Wno-missing-declarations -Wno-unused-value -Wno-pragma-once-outside-header -Wno-unknown-warning-option -Wno-undef-prefix -fvisibility=hidden -isysroot "/Applications/Xcode.app/Contents/Developer/Platforms/iPhoneOS.platform/Developer/SDKs/iPhoneOS18.2.sdk" -fexceptions -frtti -g -O0 -fno-strict-overflow -ffunction-sections -fdata-sections -fmessage-length=0 -pipe -DIL2CPP_DEBUG=1 -DHAVE_BDWGC_GC -DBASELIB_INLINE_NAMESPACE=il2cpp_baselib -DIL2CPP_MONO_DEBUGGER_DISABLED -DRUNTIME_IL2CPP -DTARGET_ARM64 -DIL2CPP_ENABLE_WRITE_BARRIERS=1 -DIL2CPP_INCREMENTAL_TIME_SLICE=3 -D_DEBUG -I"." -I"Il2CppOutputProject/Source/il2cppOutput" -I"Il2CppOutputProject/IL2CPP/libil2cpp/pch" -I"Il2CppOutputProject/IL2CPP/libil2cpp" -I"Il2CppOutputProject/IL2CPP/external/baselib/Include" -I"Il2CppOutputProject/IL2CPP/libil2cpp/os/ClassLibraryPAL/brotli/include" -I"Il2CppOutputProject/IL2CPP/external/baselib/Platforms/IOS/Include" -o "Il2CppTempDirArtifacts/Debug/artifacts/arm64/actx/2z2jiq96694t.o" -fcolor-diagnostics -stdlib=libc++ -arch arm64 -mios-version-min=11.0 -fno-strict-float-cast-overflow -c -x c++ "Il2CppOutputProject/Source/il2cppOutput/GenericMethods__32.cpp"
[378/410    0s] C_iOS_arm64 Il2CppTempDirArtifacts/Debug/artifacts/arm64/actx/1ri3xat827ne.o
##### CommandLine
"/Applications/Xcode.app/Contents/Developer/Toolchains/XcodeDefault.xctoolchain/usr/bin/clang++" -std=c++17 -Wswitch -Wno-trigraphs -Wno-tautological-compare -Wno-invalid-offsetof -Wno-implicitly-unsigned-literal -Wno-integer-overflow -Wno-shift-negative-value -Wno-unknown-attributes -Wno-implicit-function-declaration -Wno-null-conversion -Wno-missing-declarations -Wno-unused-value -Wno-pragma-once-outside-header -Wno-unknown-warning-option -Wno-undef-prefix -fvisibility=hidden -isysroot "/Applications/Xcode.app/Contents/Developer/Platforms/iPhoneOS.platform/Developer/SDKs/iPhoneOS18.2.sdk" -fexceptions -frtti -g -O0 -fno-strict-overflow -ffunction-sections -fdata-sections -fmessage-length=0 -pipe -DIL2CPP_DEBUG=1 -DHAVE_BDWGC_GC -DBASELIB_INLINE_NAMESPACE=il2cpp_baselib -DIL2CPP_MONO_DEBUGGER_DISABLED -DRUNTIME_IL2CPP -DTARGET_ARM64 -DIL2CPP_ENABLE_WRITE_BARRIERS=1 -DIL2CPP_INCREMENTAL_TIME_SLICE=3 -D_DEBUG -I"." -I"Il2CppOutputProject/Source/il2cppOutput" -I"Il2CppOutputProject/IL2CPP/libil2cpp/pch" -I"Il2CppOutputProject/IL2CPP/libil2cpp" -I"Il2CppOutputProject/IL2CPP/external/baselib/Include" -I"Il2CppOutputProject/IL2CPP/libil2cpp/os/ClassLibraryPAL/brotli/include" -I"Il2CppOutputProject/IL2CPP/external/baselib/Platforms/IOS/Include" -o "Il2CppTempDirArtifacts/Debug/artifacts/arm64/actx/1ri3xat827ne.o" -fcolor-diagnostics -stdlib=libc++ -arch arm64 -mios-version-min=11.0 -fno-strict-float-cast-overflow -c -x c++ "Il2CppOutputProject/Source/il2cppOutput/GenericMethods__31.cpp"
[379/410    1s] C_iOS_arm64 Il2CppTempDirArtifacts/Debug/artifacts/arm64/actx/8u9vd911cmsw.o
##### CommandLine
"/Applications/Xcode.app/Contents/Developer/Toolchains/XcodeDefault.xctoolchain/usr/bin/clang++" -std=c++17 -Wswitch -Wno-trigraphs -Wno-tautological-compare -Wno-invalid-offsetof -Wno-implicitly-unsigned-literal -Wno-integer-overflow -Wno-shift-negative-value -Wno-unknown-attributes -Wno-implicit-function-declaration -Wno-null-conversion -Wno-missing-declarations -Wno-unused-value -Wno-pragma-once-outside-header -Wno-unknown-warning-option -Wno-undef-prefix -fvisibility=hidden -isysroot "/Applications/Xcode.app/Contents/Developer/Platforms/iPhoneOS.platform/Developer/SDKs/iPhoneOS18.2.sdk" -fexceptions -frtti -g -O0 -fno-strict-overflow -ffunction-sections -fdata-sections -fmessage-length=0 -pipe -DIL2CPP_DEBUG=1 -DHAVE_BDWGC_GC -DBASELIB_INLINE_NAMESPACE=il2cpp_baselib -DIL2CPP_MONO_DEBUGGER_DISABLED -DRUNTIME_IL2CPP -DTARGET_ARM64 -DIL2CPP_ENABLE_WRITE_BARRIERS=1 -DIL2CPP_INCREMENTAL_TIME_SLICE=3 -D_DEBUG -I"." -I"Il2CppOutputProject/Source/il2cppOutput" -I"Il2CppOutputProject/IL2CPP/libil2cpp/pch" -I"Il2CppOutputProject/IL2CPP/libil2cpp" -I"Il2CppOutputProject/IL2CPP/external/baselib/Include" -I"Il2CppOutputProject/IL2CPP/libil2cpp/os/ClassLibraryPAL/brotli/include" -I"Il2CppOutputProject/IL2CPP/external/baselib/Platforms/IOS/Include" -o "Il2CppTempDirArtifacts/Debug/artifacts/arm64/actx/8u9vd911cmsw.o" -fcolor-diagnostics -stdlib=libc++ -arch arm64 -mios-version-min=11.0 -fno-strict-float-cast-overflow -c -x c++ "Il2CppOutputProject/Source/il2cppOutput/GenericMethods__34.cpp"
[380/410    0s] C_iOS_arm64 Il2CppTempDirArtifacts/Debug/artifacts/arm64/actx/gcffi1eb0jcv.o
##### CommandLine
"/Applications/Xcode.app/Contents/Developer/Toolchains/XcodeDefault.xctoolchain/usr/bin/clang++" -std=c++17 -Wswitch -Wno-trigraphs -Wno-tautological-compare -Wno-invalid-offsetof -Wno-implicitly-unsigned-literal -Wno-integer-overflow -Wno-shift-negative-value -Wno-unknown-attributes -Wno-implicit-function-declaration -Wno-null-conversion -Wno-missing-declarations -Wno-unused-value -Wno-pragma-once-outside-header -Wno-unknown-warning-option -Wno-undef-prefix -fvisibility=hidden -isysroot "/Applications/Xcode.app/Contents/Developer/Platforms/iPhoneOS.platform/Developer/SDKs/iPhoneOS18.2.sdk" -fexceptions -frtti -g -O0 -fno-strict-overflow -ffunction-sections -fdata-sections -fmessage-length=0 -pipe -DIL2CPP_DEBUG=1 -DHAVE_BDWGC_GC -DBASELIB_INLINE_NAMESPACE=il2cpp_baselib -DIL2CPP_MONO_DEBUGGER_DISABLED -DRUNTIME_IL2CPP -DTARGET_ARM64 -DIL2CPP_ENABLE_WRITE_BARRIERS=1 -DIL2CPP_INCREMENTAL_TIME_SLICE=3 -D_DEBUG -I"." -I"Il2CppOutputProject/Source/il2cppOutput" -I"Il2CppOutputProject/IL2CPP/libil2cpp/pch" -I"Il2CppOutputProject/IL2CPP/libil2cpp" -I"Il2CppOutputProject/IL2CPP/external/baselib/Include" -I"Il2CppOutputProject/IL2CPP/libil2cpp/os/ClassLibraryPAL/brotli/include" -I"Il2CppOutputProject/IL2CPP/external/baselib/Platforms/IOS/Include" -o "Il2CppTempDirArtifacts/Debug/artifacts/arm64/actx/gcffi1eb0jcv.o" -fcolor-diagnostics -stdlib=libc++ -arch arm64 -mios-version-min=11.0 -fno-strict-float-cast-overflow -c -x c++ "Il2CppOutputProject/Source/il2cppOutput/GenericMethods__30.cpp"
[381/410    1s] C_iOS_arm64 Il2CppTempDirArtifacts/Debug/artifacts/arm64/actx/nf67xzn49xgd.o
##### CommandLine
"/Applications/Xcode.app/Contents/Developer/Toolchains/XcodeDefault.xctoolchain/usr/bin/clang++" -std=c++17 -Wswitch -Wno-trigraphs -Wno-tautological-compare -Wno-invalid-offsetof -Wno-implicitly-unsigned-literal -Wno-integer-overflow -Wno-shift-negative-value -Wno-unknown-attributes -Wno-implicit-function-declaration -Wno-null-conversion -Wno-missing-declarations -Wno-unused-value -Wno-pragma-once-outside-header -Wno-unknown-warning-option -Wno-undef-prefix -fvisibility=hidden -isysroot "/Applications/Xcode.app/Contents/Developer/Platforms/iPhoneOS.platform/Developer/SDKs/iPhoneOS18.2.sdk" -fexceptions -frtti -g -O0 -fno-strict-overflow -ffunction-sections -fdata-sections -fmessage-length=0 -pipe -DIL2CPP_DEBUG=1 -DHAVE_BDWGC_GC -DBASELIB_INLINE_NAMESPACE=il2cpp_baselib -DIL2CPP_MONO_DEBUGGER_DISABLED -DRUNTIME_IL2CPP -DTARGET_ARM64 -DIL2CPP_ENABLE_WRITE_BARRIERS=1 -DIL2CPP_INCREMENTAL_TIME_SLICE=3 -D_DEBUG -I"." -I"Il2CppOutputProject/Source/il2cppOutput" -I"Il2CppOutputProject/IL2CPP/libil2cpp/pch" -I"Il2CppOutputProject/IL2CPP/libil2cpp" -I"Il2CppOutputProject/IL2CPP/external/baselib/Include" -I"Il2CppOutputProject/IL2CPP/libil2cpp/os/ClassLibraryPAL/brotli/include" -I"Il2CppOutputProject/IL2CPP/external/baselib/Platforms/IOS/Include" -o "Il2CppTempDirArtifacts/Debug/artifacts/arm64/actx/nf67xzn49xgd.o" -fcolor-diagnostics -stdlib=libc++ -arch arm64 -mios-version-min=11.0 -fno-strict-float-cast-overflow -c -x c++ "Il2CppOutputProject/Source/il2cppOutput/GenericMethods__33.cpp"
[382/410    1s] C_iOS_arm64 Il2CppTempDirArtifacts/Debug/artifacts/arm64/actx/a9kaqahntvya.o
##### CommandLine
"/Applications/Xcode.app/Contents/Developer/Toolchains/XcodeDefault.xctoolchain/usr/bin/clang++" -std=c++17 -Wswitch -Wno-trigraphs -Wno-tautological-compare -Wno-invalid-offsetof -Wno-implicitly-unsigned-literal -Wno-integer-overflow -Wno-shift-negative-value -Wno-unknown-attributes -Wno-implicit-function-declaration -Wno-null-conversion -Wno-missing-declarations -Wno-unused-value -Wno-pragma-once-outside-header -Wno-unknown-warning-option -Wno-undef-prefix -fvisibility=hidden -isysroot "/Applications/Xcode.app/Contents/Developer/Platforms/iPhoneOS.platform/Developer/SDKs/iPhoneOS18.2.sdk" -fexceptions -frtti -g -O0 -fno-strict-overflow -ffunction-sections -fdata-sections -fmessage-length=0 -pipe -DIL2CPP_DEBUG=1 -DHAVE_BDWGC_GC -DBASELIB_INLINE_NAMESPACE=il2cpp_baselib -DIL2CPP_MONO_DEBUGGER_DISABLED -DRUNTIME_IL2CPP -DTARGET_ARM64 -DIL2CPP_ENABLE_WRITE_BARRIERS=1 -DIL2CPP_INCREMENTAL_TIME_SLICE=3 -D_DEBUG -I"." -I"Il2CppOutputProject/Source/il2cppOutput" -I"Il2CppOutputProject/IL2CPP/libil2cpp/pch" -I"Il2CppOutputProject/IL2CPP/libil2cpp" -I"Il2CppOutputProject/IL2CPP/external/baselib/Include" -I"Il2CppOutputProject/IL2CPP/libil2cpp/os/ClassLibraryPAL/brotli/include" -I"Il2CppOutputProject/IL2CPP/external/baselib/Platforms/IOS/Include" -o "Il2CppTempDirArtifacts/Debug/artifacts/arm64/actx/a9kaqahntvya.o" -fcolor-diagnostics -stdlib=libc++ -arch arm64 -mios-version-min=11.0 -fno-strict-float-cast-overflow -c -x c++ "Il2CppOutputProject/Source/il2cppOutput/GenericMethods__3.cpp"
[383/410    1s] C_iOS_arm64 Il2CppTempDirArtifacts/Debug/artifacts/arm64/actx/ujoal9farlqi.o
##### CommandLine
"/Applications/Xcode.app/Contents/Developer/Toolchains/XcodeDefault.xctoolchain/usr/bin/clang++" -std=c++17 -Wswitch -Wno-trigraphs -Wno-tautological-compare -Wno-invalid-offsetof -Wno-implicitly-unsigned-literal -Wno-integer-overflow -Wno-shift-negative-value -Wno-unknown-attributes -Wno-implicit-function-declaration -Wno-null-conversion -Wno-missing-declarations -Wno-unused-value -Wno-pragma-once-outside-header -Wno-unknown-warning-option -Wno-undef-prefix -fvisibility=hidden -isysroot "/Applications/Xcode.app/Contents/Developer/Platforms/iPhoneOS.platform/Developer/SDKs/iPhoneOS18.2.sdk" -fexceptions -frtti -g -O0 -fno-strict-overflow -ffunction-sections -fdata-sections -fmessage-length=0 -pipe -DIL2CPP_DEBUG=1 -DHAVE_BDWGC_GC -DBASELIB_INLINE_NAMESPACE=il2cpp_baselib -DIL2CPP_MONO_DEBUGGER_DISABLED -DRUNTIME_IL2CPP -DTARGET_ARM64 -DIL2CPP_ENABLE_WRITE_BARRIERS=1 -DIL2CPP_INCREMENTAL_TIME_SLICE=3 -D_DEBUG -I"." -I"Il2CppOutputProject/Source/il2cppOutput" -I"Il2CppOutputProject/IL2CPP/libil2cpp/pch" -I"Il2CppOutputProject/IL2CPP/libil2cpp" -I"Il2CppOutputProject/IL2CPP/external/baselib/Include" -I"Il2CppOutputProject/IL2CPP/libil2cpp/os/ClassLibraryPAL/brotli/include" -I"Il2CppOutputProject/IL2CPP/external/baselib/Platforms/IOS/Include" -o "Il2CppTempDirArtifacts/Debug/artifacts/arm64/actx/ujoal9farlqi.o" -fcolor-diagnostics -stdlib=libc++ -arch arm64 -mios-version-min=11.0 -fno-strict-float-cast-overflow -c -x c++ "Il2CppOutputProject/Source/il2cppOutput/GenericMethods__29.cpp"
[384/410    0s] C_iOS_arm64 Il2CppTempDirArtifacts/Debug/artifacts/arm64/actx/93km5z1coxez.o
##### CommandLine
"/Applications/Xcode.app/Contents/Developer/Toolchains/XcodeDefault.xctoolchain/usr/bin/clang++" -std=c++17 -Wswitch -Wno-trigraphs -Wno-tautological-compare -Wno-invalid-offsetof -Wno-implicitly-unsigned-literal -Wno-integer-overflow -Wno-shift-negative-value -Wno-unknown-attributes -Wno-implicit-function-declaration -Wno-null-conversion -Wno-missing-declarations -Wno-unused-value -Wno-pragma-once-outside-header -Wno-unknown-warning-option -Wno-undef-prefix -fvisibility=hidden -isysroot "/Applications/Xcode.app/Contents/Developer/Platforms/iPhoneOS.platform/Developer/SDKs/iPhoneOS18.2.sdk" -fexceptions -frtti -g -O0 -fno-strict-overflow -ffunction-sections -fdata-sections -fmessage-length=0 -pipe -DIL2CPP_DEBUG=1 -DHAVE_BDWGC_GC -DBASELIB_INLINE_NAMESPACE=il2cpp_baselib -DIL2CPP_MONO_DEBUGGER_DISABLED -DRUNTIME_IL2CPP -DTARGET_ARM64 -DIL2CPP_ENABLE_WRITE_BARRIERS=1 -DIL2CPP_INCREMENTAL_TIME_SLICE=3 -D_DEBUG -I"." -I"Il2CppOutputProject/Source/il2cppOutput" -I"Il2CppOutputProject/IL2CPP/libil2cpp/pch" -I"Il2CppOutputProject/IL2CPP/libil2cpp" -I"Il2CppOutputProject/IL2CPP/external/baselib/Include" -I"Il2CppOutputProject/IL2CPP/libil2cpp/os/ClassLibraryPAL/brotli/include" -I"Il2CppOutputProject/IL2CPP/external/baselib/Platforms/IOS/Include" -o "Il2CppTempDirArtifacts/Debug/artifacts/arm64/actx/93km5z1coxez.o" -fcolor-diagnostics -stdlib=libc++ -arch arm64 -mios-version-min=11.0 -fno-strict-float-cast-overflow -c -x c++ "Il2CppOutputProject/Source/il2cppOutput/GenericMethods__28.cpp"
[385/410    0s] C_iOS_arm64 Il2CppTempDirArtifacts/Debug/artifacts/arm64/actx/8v05kklekvxj.o
##### CommandLine
"/Applications/Xcode.app/Contents/Developer/Toolchains/XcodeDefault.xctoolchain/usr/bin/clang++" -std=c++17 -Wswitch -Wno-trigraphs -Wno-tautological-compare -Wno-invalid-offsetof -Wno-implicitly-unsigned-literal -Wno-integer-overflow -Wno-shift-negative-value -Wno-unknown-attributes -Wno-implicit-function-declaration -Wno-null-conversion -Wno-missing-declarations -Wno-unused-value -Wno-pragma-once-outside-header -Wno-unknown-warning-option -Wno-undef-prefix -fvisibility=hidden -isysroot "/Applications/Xcode.app/Contents/Developer/Platforms/iPhoneOS.platform/Developer/SDKs/iPhoneOS18.2.sdk" -fexceptions -frtti -g -O0 -fno-strict-overflow -ffunction-sections -fdata-sections -fmessage-length=0 -pipe -DIL2CPP_DEBUG=1 -DHAVE_BDWGC_GC -DBASELIB_INLINE_NAMESPACE=il2cpp_baselib -DIL2CPP_MONO_DEBUGGER_DISABLED -DRUNTIME_IL2CPP -DTARGET_ARM64 -DIL2CPP_ENABLE_WRITE_BARRIERS=1 -DIL2CPP_INCREMENTAL_TIME_SLICE=3 -D_DEBUG -I"." -I"Il2CppOutputProject/Source/il2cppOutput" -I"Il2CppOutputProject/IL2CPP/libil2cpp/pch" -I"Il2CppOutputProject/IL2CPP/libil2cpp" -I"Il2CppOutputProject/IL2CPP/external/baselib/Include" -I"Il2CppOutputProject/IL2CPP/libil2cpp/os/ClassLibraryPAL/brotli/include" -I"Il2CppOutputProject/IL2CPP/external/baselib/Platforms/IOS/Include" -o "Il2CppTempDirArtifacts/Debug/artifacts/arm64/actx/8v05kklekvxj.o" -fcolor-diagnostics -stdlib=libc++ -arch arm64 -mios-version-min=11.0 -fno-strict-float-cast-overflow -c -x c++ "Il2CppOutputProject/Source/il2cppOutput/GenericMethods__27.cpp"
[386/410    0s] C_iOS_arm64 Il2CppTempDirArtifacts/Debug/artifacts/arm64/actx/upikpn3r02oj.o
##### CommandLine
"/Applications/Xcode.app/Contents/Developer/Toolchains/XcodeDefault.xctoolchain/usr/bin/clang++" -std=c++17 -Wswitch -Wno-trigraphs -Wno-tautological-compare -Wno-invalid-offsetof -Wno-implicitly-unsigned-literal -Wno-integer-overflow -Wno-shift-negative-value -Wno-unknown-attributes -Wno-implicit-function-declaration -Wno-null-conversion -Wno-missing-declarations -Wno-unused-value -Wno-pragma-once-outside-header -Wno-unknown-warning-option -Wno-undef-prefix -fvisibility=hidden -isysroot "/Applications/Xcode.app/Contents/Developer/Platforms/iPhoneOS.platform/Developer/SDKs/iPhoneOS18.2.sdk" -fexceptions -frtti -g -O0 -fno-strict-overflow -ffunction-sections -fdata-sections -fmessage-length=0 -pipe -DIL2CPP_DEBUG=1 -DHAVE_BDWGC_GC -DBASELIB_INLINE_NAMESPACE=il2cpp_baselib -DIL2CPP_MONO_DEBUGGER_DISABLED -DRUNTIME_IL2CPP -DTARGET_ARM64 -DIL2CPP_ENABLE_WRITE_BARRIERS=1 -DIL2CPP_INCREMENTAL_TIME_SLICE=3 -D_DEBUG -I"." -I"Il2CppOutputProject/Source/il2cppOutput" -I"Il2CppOutputProject/IL2CPP/libil2cpp/pch" -I"Il2CppOutputProject/IL2CPP/libil2cpp" -I"Il2CppOutputProject/IL2CPP/external/baselib/Include" -I"Il2CppOutputProject/IL2CPP/libil2cpp/os/ClassLibraryPAL/brotli/include" -I"Il2CppOutputProject/IL2CPP/external/baselib/Platforms/IOS/Include" -o "Il2CppTempDirArtifacts/Debug/artifacts/arm64/actx/upikpn3r02oj.o" -fcolor-diagnostics -stdlib=libc++ -arch arm64 -mios-version-min=11.0 -fno-strict-float-cast-overflow -c -x c++ "Il2CppOutputProject/Source/il2cppOutput/GenericMethods__21.cpp"
[387/410    0s] C_iOS_arm64 Il2CppTempDirArtifacts/Debug/artifacts/arm64/actx/gd6opcyn7shi.o
##### CommandLine
"/Applications/Xcode.app/Contents/Developer/Toolchains/XcodeDefault.xctoolchain/usr/bin/clang++" -std=c++17 -Wswitch -Wno-trigraphs -Wno-tautological-compare -Wno-invalid-offsetof -Wno-implicitly-unsigned-literal -Wno-integer-overflow -Wno-shift-negative-value -Wno-unknown-attributes -Wno-implicit-function-declaration -Wno-null-conversion -Wno-missing-declarations -Wno-unused-value -Wno-pragma-once-outside-header -Wno-unknown-warning-option -Wno-undef-prefix -fvisibility=hidden -isysroot "/Applications/Xcode.app/Contents/Developer/Platforms/iPhoneOS.platform/Developer/SDKs/iPhoneOS18.2.sdk" -fexceptions -frtti -g -O0 -fno-strict-overflow -ffunction-sections -fdata-sections -fmessage-length=0 -pipe -DIL2CPP_DEBUG=1 -DHAVE_BDWGC_GC -DBASELIB_INLINE_NAMESPACE=il2cpp_baselib -DIL2CPP_MONO_DEBUGGER_DISABLED -DRUNTIME_IL2CPP -DTARGET_ARM64 -DIL2CPP_ENABLE_WRITE_BARRIERS=1 -DIL2CPP_INCREMENTAL_TIME_SLICE=3 -D_DEBUG -I"." -I"Il2CppOutputProject/Source/il2cppOutput" -I"Il2CppOutputProject/IL2CPP/libil2cpp/pch" -I"Il2CppOutputProject/IL2CPP/libil2cpp" -I"Il2CppOutputProject/IL2CPP/external/baselib/Include" -I"Il2CppOutputProject/IL2CPP/libil2cpp/os/ClassLibraryPAL/brotli/include" -I"Il2CppOutputProject/IL2CPP/external/baselib/Platforms/IOS/Include" -o "Il2CppTempDirArtifacts/Debug/artifacts/arm64/actx/gd6opcyn7shi.o" -fcolor-diagnostics -stdlib=libc++ -arch arm64 -mios-version-min=11.0 -fno-strict-float-cast-overflow -c -x c++ "Il2CppOutputProject/Source/il2cppOutput/GenericMethods__23.cpp"
[388/410    1s] C_iOS_arm64 Il2CppTempDirArtifacts/Debug/artifacts/arm64/actx/ngxh5a7gh7l0.o
##### CommandLine
"/Applications/Xcode.app/Contents/Developer/Toolchains/XcodeDefault.xctoolchain/usr/bin/clang++" -std=c++17 -Wswitch -Wno-trigraphs -Wno-tautological-compare -Wno-invalid-offsetof -Wno-implicitly-unsigned-literal -Wno-integer-overflow -Wno-shift-negative-value -Wno-unknown-attributes -Wno-implicit-function-declaration -Wno-null-conversion -Wno-missing-declarations -Wno-unused-value -Wno-pragma-once-outside-header -Wno-unknown-warning-option -Wno-undef-prefix -fvisibility=hidden -isysroot "/Applications/Xcode.app/Contents/Developer/Platforms/iPhoneOS.platform/Developer/SDKs/iPhoneOS18.2.sdk" -fexceptions -frtti -g -O0 -fno-strict-overflow -ffunction-sections -fdata-sections -fmessage-length=0 -pipe -DIL2CPP_DEBUG=1 -DHAVE_BDWGC_GC -DBASELIB_INLINE_NAMESPACE=il2cpp_baselib -DIL2CPP_MONO_DEBUGGER_DISABLED -DRUNTIME_IL2CPP -DTARGET_ARM64 -DIL2CPP_ENABLE_WRITE_BARRIERS=1 -DIL2CPP_INCREMENTAL_TIME_SLICE=3 -D_DEBUG -I"." -I"Il2CppOutputProject/Source/il2cppOutput" -I"Il2CppOutputProject/IL2CPP/libil2cpp/pch" -I"Il2CppOutputProject/IL2CPP/libil2cpp" -I"Il2CppOutputProject/IL2CPP/external/baselib/Include" -I"Il2CppOutputProject/IL2CPP/libil2cpp/os/ClassLibraryPAL/brotli/include" -I"Il2CppOutputProject/IL2CPP/external/baselib/Platforms/IOS/Include" -o "Il2CppTempDirArtifacts/Debug/artifacts/arm64/actx/ngxh5a7gh7l0.o" -fcolor-diagnostics -stdlib=libc++ -arch arm64 -mios-version-min=11.0 -fno-strict-float-cast-overflow -c -x c++ "Il2CppOutputProject/Source/il2cppOutput/GenericMethods__26.cpp"
[389/410    1s] C_iOS_arm64 Il2CppTempDirArtifacts/Debug/artifacts/arm64/actx/f5l84whp3q02.o
##### CommandLine
"/Applications/Xcode.app/Contents/Developer/Toolchains/XcodeDefault.xctoolchain/usr/bin/clang++" -std=c++17 -Wswitch -Wno-trigraphs -Wno-tautological-compare -Wno-invalid-offsetof -Wno-implicitly-unsigned-literal -Wno-integer-overflow -Wno-shift-negative-value -Wno-unknown-attributes -Wno-implicit-function-declaration -Wno-null-conversion -Wno-missing-declarations -Wno-unused-value -Wno-pragma-once-outside-header -Wno-unknown-warning-option -Wno-undef-prefix -fvisibility=hidden -isysroot "/Applications/Xcode.app/Contents/Developer/Platforms/iPhoneOS.platform/Developer/SDKs/iPhoneOS18.2.sdk" -fexceptions -frtti -g -O0 -fno-strict-overflow -ffunction-sections -fdata-sections -fmessage-length=0 -pipe -DIL2CPP_DEBUG=1 -DHAVE_BDWGC_GC -DBASELIB_INLINE_NAMESPACE=il2cpp_baselib -DIL2CPP_MONO_DEBUGGER_DISABLED -DRUNTIME_IL2CPP -DTARGET_ARM64 -DIL2CPP_ENABLE_WRITE_BARRIERS=1 -DIL2CPP_INCREMENTAL_TIME_SLICE=3 -D_DEBUG -I"." -I"Il2CppOutputProject/Source/il2cppOutput" -I"Il2CppOutputProject/IL2CPP/libil2cpp/pch" -I"Il2CppOutputProject/IL2CPP/libil2cpp" -I"Il2CppOutputProject/IL2CPP/external/baselib/Include" -I"Il2CppOutputProject/IL2CPP/libil2cpp/os/ClassLibraryPAL/brotli/include" -I"Il2CppOutputProject/IL2CPP/external/baselib/Platforms/IOS/Include" -o "Il2CppTempDirArtifacts/Debug/artifacts/arm64/actx/f5l84whp3q02.o" -fcolor-diagnostics -stdlib=libc++ -arch arm64 -mios-version-min=11.0 -fno-strict-float-cast-overflow -c -x c++ "Il2CppOutputProject/Source/il2cppOutput/GenericMethods__22.cpp"
[390/410    1s] C_iOS_arm64 Il2CppTempDirArtifacts/Debug/artifacts/arm64/actx/1s9c5lclaht1.o
##### CommandLine
"/Applications/Xcode.app/Contents/Developer/Toolchains/XcodeDefault.xctoolchain/usr/bin/clang++" -std=c++17 -Wswitch -Wno-trigraphs -Wno-tautological-compare -Wno-invalid-offsetof -Wno-implicitly-unsigned-literal -Wno-integer-overflow -Wno-shift-negative-value -Wno-unknown-attributes -Wno-implicit-function-declaration -Wno-null-conversion -Wno-missing-declarations -Wno-unused-value -Wno-pragma-once-outside-header -Wno-unknown-warning-option -Wno-undef-prefix -fvisibility=hidden -isysroot "/Applications/Xcode.app/Contents/Developer/Platforms/iPhoneOS.platform/Developer/SDKs/iPhoneOS18.2.sdk" -fexceptions -frtti -g -O0 -fno-strict-overflow -ffunction-sections -fdata-sections -fmessage-length=0 -pipe -DIL2CPP_DEBUG=1 -DHAVE_BDWGC_GC -DBASELIB_INLINE_NAMESPACE=il2cpp_baselib -DIL2CPP_MONO_DEBUGGER_DISABLED -DRUNTIME_IL2CPP -DTARGET_ARM64 -DIL2CPP_ENABLE_WRITE_BARRIERS=1 -DIL2CPP_INCREMENTAL_TIME_SLICE=3 -D_DEBUG -I"." -I"Il2CppOutputProject/Source/il2cppOutput" -I"Il2CppOutputProject/IL2CPP/libil2cpp/pch" -I"Il2CppOutputProject/IL2CPP/libil2cpp" -I"Il2CppOutputProject/IL2CPP/external/baselib/Include" -I"Il2CppOutputProject/IL2CPP/libil2cpp/os/ClassLibraryPAL/brotli/include" -I"Il2CppOutputProject/IL2CPP/external/baselib/Platforms/IOS/Include" -o "Il2CppTempDirArtifacts/Debug/artifacts/arm64/actx/1s9c5lclaht1.o" -fcolor-diagnostics -stdlib=libc++ -arch arm64 -mios-version-min=11.0 -fno-strict-float-cast-overflow -c -x c++ "Il2CppOutputProject/Source/il2cppOutput/GenericMethods__24.cpp"
[391/410    1s] C_iOS_arm64 Il2CppTempDirArtifacts/Debug/artifacts/arm64/actx/m8c1kvqid54k.o
##### CommandLine
"/Applications/Xcode.app/Contents/Developer/Toolchains/XcodeDefault.xctoolchain/usr/bin/clang++" -std=c++17 -Wswitch -Wno-trigraphs -Wno-tautological-compare -Wno-invalid-offsetof -Wno-implicitly-unsigned-literal -Wno-integer-overflow -Wno-shift-negative-value -Wno-unknown-attributes -Wno-implicit-function-declaration -Wno-null-conversion -Wno-missing-declarations -Wno-unused-value -Wno-pragma-once-outside-header -Wno-unknown-warning-option -Wno-undef-prefix -fvisibility=hidden -isysroot "/Applications/Xcode.app/Contents/Developer/Platforms/iPhoneOS.platform/Developer/SDKs/iPhoneOS18.2.sdk" -fexceptions -frtti -g -O0 -fno-strict-overflow -ffunction-sections -fdata-sections -fmessage-length=0 -pipe -DIL2CPP_DEBUG=1 -DHAVE_BDWGC_GC -DBASELIB_INLINE_NAMESPACE=il2cpp_baselib -DIL2CPP_MONO_DEBUGGER_DISABLED -DRUNTIME_IL2CPP -DTARGET_ARM64 -DIL2CPP_ENABLE_WRITE_BARRIERS=1 -DIL2CPP_INCREMENTAL_TIME_SLICE=3 -D_DEBUG -I"." -I"Il2CppOutputProject/Source/il2cppOutput" -I"Il2CppOutputProject/IL2CPP/libil2cpp/pch" -I"Il2CppOutputProject/IL2CPP/libil2cpp" -I"Il2CppOutputProject/IL2CPP/external/baselib/Include" -I"Il2CppOutputProject/IL2CPP/libil2cpp/os/ClassLibraryPAL/brotli/include" -I"Il2CppOutputProject/IL2CPP/external/baselib/Platforms/IOS/Include" -o "Il2CppTempDirArtifacts/Debug/artifacts/arm64/actx/m8c1kvqid54k.o" -fcolor-diagnostics -stdlib=libc++ -arch arm64 -mios-version-min=11.0 -fno-strict-float-cast-overflow -c -x c++ "Il2CppOutputProject/Source/il2cppOutput/GenericMethods__25.cpp"
[392/410    1s] C_iOS_arm64 Il2CppTempDirArtifacts/Debug/artifacts/arm64/actx/pthma12pq7mr.o
##### CommandLine
"/Applications/Xcode.app/Contents/Developer/Toolchains/XcodeDefault.xctoolchain/usr/bin/clang++" -std=c++17 -Wswitch -Wno-trigraphs -Wno-tautological-compare -Wno-invalid-offsetof -Wno-implicitly-unsigned-literal -Wno-integer-overflow -Wno-shift-negative-value -Wno-unknown-attributes -Wno-implicit-function-declaration -Wno-null-conversion -Wno-missing-declarations -Wno-unused-value -Wno-pragma-once-outside-header -Wno-unknown-warning-option -Wno-undef-prefix -fvisibility=hidden -isysroot "/Applications/Xcode.app/Contents/Developer/Platforms/iPhoneOS.platform/Developer/SDKs/iPhoneOS18.2.sdk" -fexceptions -frtti -g -O0 -fno-strict-overflow -ffunction-sections -fdata-sections -fmessage-length=0 -pipe -DIL2CPP_DEBUG=1 -DHAVE_BDWGC_GC -DBASELIB_INLINE_NAMESPACE=il2cpp_baselib -DIL2CPP_MONO_DEBUGGER_DISABLED -DRUNTIME_IL2CPP -DTARGET_ARM64 -DIL2CPP_ENABLE_WRITE_BARRIERS=1 -DIL2CPP_INCREMENTAL_TIME_SLICE=3 -D_DEBUG -I"." -I"Il2CppOutputProject/Source/il2cppOutput" -I"Il2CppOutputProject/IL2CPP/libil2cpp/pch" -I"Il2CppOutputProject/IL2CPP/libil2cpp" -I"Il2CppOutputProject/IL2CPP/external/baselib/Include" -I"Il2CppOutputProject/IL2CPP/libil2cpp/os/ClassLibraryPAL/brotli/include" -I"Il2CppOutputProject/IL2CPP/external/baselib/Platforms/IOS/Include" -o "Il2CppTempDirArtifacts/Debug/artifacts/arm64/actx/pthma12pq7mr.o" -fcolor-diagnostics -stdlib=libc++ -arch arm64 -mios-version-min=11.0 -fno-strict-float-cast-overflow -c -x c++ "Il2CppOutputProject/Source/il2cppOutput/GenericMethods__2.cpp"
[393/410    1s] C_iOS_arm64 Il2CppTempDirArtifacts/Debug/artifacts/arm64/actx/99ew9dpuxed0.o
##### CommandLine
"/Applications/Xcode.app/Contents/Developer/Toolchains/XcodeDefault.xctoolchain/usr/bin/clang++" -std=c++17 -Wswitch -Wno-trigraphs -Wno-tautological-compare -Wno-invalid-offsetof -Wno-implicitly-unsigned-literal -Wno-integer-overflow -Wno-shift-negative-value -Wno-unknown-attributes -Wno-implicit-function-declaration -Wno-null-conversion -Wno-missing-declarations -Wno-unused-value -Wno-pragma-once-outside-header -Wno-unknown-warning-option -Wno-undef-prefix -fvisibility=hidden -isysroot "/Applications/Xcode.app/Contents/Developer/Platforms/iPhoneOS.platform/Developer/SDKs/iPhoneOS18.2.sdk" -fexceptions -frtti -g -O0 -fno-strict-overflow -ffunction-sections -fdata-sections -fmessage-length=0 -pipe -DIL2CPP_DEBUG=1 -DHAVE_BDWGC_GC -DBASELIB_INLINE_NAMESPACE=il2cpp_baselib -DIL2CPP_MONO_DEBUGGER_DISABLED -DRUNTIME_IL2CPP -DTARGET_ARM64 -DIL2CPP_ENABLE_WRITE_BARRIERS=1 -DIL2CPP_INCREMENTAL_TIME_SLICE=3 -D_DEBUG -I"." -I"Il2CppOutputProject/Source/il2cppOutput" -I"Il2CppOutputProject/IL2CPP/libil2cpp/pch" -I"Il2CppOutputProject/IL2CPP/libil2cpp" -I"Il2CppOutputProject/IL2CPP/external/baselib/Include" -I"Il2CppOutputProject/IL2CPP/libil2cpp/os/ClassLibraryPAL/brotli/include" -I"Il2CppOutputProject/IL2CPP/external/baselib/Platforms/IOS/Include" -o "Il2CppTempDirArtifacts/Debug/artifacts/arm64/actx/99ew9dpuxed0.o" -fcolor-diagnostics -stdlib=libc++ -arch arm64 -mios-version-min=11.0 -fno-strict-float-cast-overflow -c -x c++ "Il2CppOutputProject/Source/il2cppOutput/GenericMethods__20.cpp"
[394/410    1s] C_iOS_arm64 Il2CppTempDirArtifacts/Debug/artifacts/arm64/actx/nhorcmqtogrn.o
##### CommandLine
"/Applications/Xcode.app/Contents/Developer/Toolchains/XcodeDefault.xctoolchain/usr/bin/clang++" -std=c++17 -Wswitch -Wno-trigraphs -Wno-tautological-compare -Wno-invalid-offsetof -Wno-implicitly-unsigned-literal -Wno-integer-overflow -Wno-shift-negative-value -Wno-unknown-attributes -Wno-implicit-function-declaration -Wno-null-conversion -Wno-missing-declarations -Wno-unused-value -Wno-pragma-once-outside-header -Wno-unknown-warning-option -Wno-undef-prefix -fvisibility=hidden -isysroot "/Applications/Xcode.app/Contents/Developer/Platforms/iPhoneOS.platform/Developer/SDKs/iPhoneOS18.2.sdk" -fexceptions -frtti -g -O0 -fno-strict-overflow -ffunction-sections -fdata-sections -fmessage-length=0 -pipe -DIL2CPP_DEBUG=1 -DHAVE_BDWGC_GC -DBASELIB_INLINE_NAMESPACE=il2cpp_baselib -DIL2CPP_MONO_DEBUGGER_DISABLED -DRUNTIME_IL2CPP -DTARGET_ARM64 -DIL2CPP_ENABLE_WRITE_BARRIERS=1 -DIL2CPP_INCREMENTAL_TIME_SLICE=3 -D_DEBUG -I"." -I"Il2CppOutputProject/Source/il2cppOutput" -I"Il2CppOutputProject/IL2CPP/libil2cpp/pch" -I"Il2CppOutputProject/IL2CPP/libil2cpp" -I"Il2CppOutputProject/IL2CPP/external/baselib/Include" -I"Il2CppOutputProject/IL2CPP/libil2cpp/os/ClassLibraryPAL/brotli/include" -I"Il2CppOutputProject/IL2CPP/external/baselib/Platforms/IOS/Include" -o "Il2CppTempDirArtifacts/Debug/artifacts/arm64/actx/nhorcmqtogrn.o" -fcolor-diagnostics -stdlib=libc++ -arch arm64 -mios-version-min=11.0 -fno-strict-float-cast-overflow -c -x c++ "Il2CppOutputProject/Source/il2cppOutput/GenericMethods__19.cpp"
[395/410    0s] C_iOS_arm64 Il2CppTempDirArtifacts/Debug/artifacts/arm64/actx/1t0mcxvxhqyo.o
##### CommandLine
"/Applications/Xcode.app/Contents/Developer/Toolchains/XcodeDefault.xctoolchain/usr/bin/clang++" -std=c++17 -Wswitch -Wno-trigraphs -Wno-tautological-compare -Wno-invalid-offsetof -Wno-implicitly-unsigned-literal -Wno-integer-overflow -Wno-shift-negative-value -Wno-unknown-attributes -Wno-implicit-function-declaration -Wno-null-conversion -Wno-missing-declarations -Wno-unused-value -Wno-pragma-once-outside-header -Wno-unknown-warning-option -Wno-undef-prefix -fvisibility=hidden -isysroot "/Applications/Xcode.app/Contents/Developer/Platforms/iPhoneOS.platform/Developer/SDKs/iPhoneOS18.2.sdk" -fexceptions -frtti -g -O0 -fno-strict-overflow -ffunction-sections -fdata-sections -fmessage-length=0 -pipe -DIL2CPP_DEBUG=1 -DHAVE_BDWGC_GC -DBASELIB_INLINE_NAMESPACE=il2cpp_baselib -DIL2CPP_MONO_DEBUGGER_DISABLED -DRUNTIME_IL2CPP -DTARGET_ARM64 -DIL2CPP_ENABLE_WRITE_BARRIERS=1 -DIL2CPP_INCREMENTAL_TIME_SLICE=3 -D_DEBUG -I"." -I"Il2CppOutputProject/Source/il2cppOutput" -I"Il2CppOutputProject/IL2CPP/libil2cpp/pch" -I"Il2CppOutputProject/IL2CPP/libil2cpp" -I"Il2CppOutputProject/IL2CPP/external/baselib/Include" -I"Il2CppOutputProject/IL2CPP/libil2cpp/os/ClassLibraryPAL/brotli/include" -I"Il2CppOutputProject/IL2CPP/external/baselib/Platforms/IOS/Include" -o "Il2CppTempDirArtifacts/Debug/artifacts/arm64/actx/1t0mcxvxhqyo.o" -fcolor-diagnostics -stdlib=libc++ -arch arm64 -mios-version-min=11.0 -fno-strict-float-cast-overflow -c -x c++ "Il2CppOutputProject/Source/il2cppOutput/GenericMethods__17.cpp"
[396/410    0s] C_iOS_arm64 Il2CppTempDirArtifacts/Debug/artifacts/arm64/actx/82lpw9r80l17.o
##### CommandLine
"/Applications/Xcode.app/Contents/Developer/Toolchains/XcodeDefault.xctoolchain/usr/bin/clang++" -std=c++17 -Wswitch -Wno-trigraphs -Wno-tautological-compare -Wno-invalid-offsetof -Wno-implicitly-unsigned-literal -Wno-integer-overflow -Wno-shift-negative-value -Wno-unknown-attributes -Wno-implicit-function-declaration -Wno-null-conversion -Wno-missing-declarations -Wno-unused-value -Wno-pragma-once-outside-header -Wno-unknown-warning-option -Wno-undef-prefix -fvisibility=hidden -isysroot "/Applications/Xcode.app/Contents/Developer/Platforms/iPhoneOS.platform/Developer/SDKs/iPhoneOS18.2.sdk" -fexceptions -frtti -g -O0 -fno-strict-overflow -ffunction-sections -fdata-sections -fmessage-length=0 -pipe -DIL2CPP_DEBUG=1 -DHAVE_BDWGC_GC -DBASELIB_INLINE_NAMESPACE=il2cpp_baselib -DIL2CPP_MONO_DEBUGGER_DISABLED -DRUNTIME_IL2CPP -DTARGET_ARM64 -DIL2CPP_ENABLE_WRITE_BARRIERS=1 -DIL2CPP_INCREMENTAL_TIME_SLICE=3 -D_DEBUG -I"." -I"Il2CppOutputProject/Source/il2cppOutput" -I"Il2CppOutputProject/IL2CPP/libil2cpp/pch" -I"Il2CppOutputProject/IL2CPP/libil2cpp" -I"Il2CppOutputProject/IL2CPP/external/baselib/Include" -I"Il2CppOutputProject/IL2CPP/libil2cpp/os/ClassLibraryPAL/brotli/include" -I"Il2CppOutputProject/IL2CPP/external/baselib/Platforms/IOS/Include" -o "Il2CppTempDirArtifacts/Debug/artifacts/arm64/actx/82lpw9r80l17.o" -fcolor-diagnostics -stdlib=libc++ -arch arm64 -mios-version-min=11.0 -fno-strict-float-cast-overflow -c -x c++ "Il2CppOutputProject/Source/il2cppOutput/GenericMethods__12.cpp"
[397/410    0s] C_iOS_arm64 Il2CppTempDirArtifacts/Debug/artifacts/arm64/actx/uq9twym47bu6.o
##### CommandLine
"/Applications/Xcode.app/Contents/Developer/Toolchains/XcodeDefault.xctoolchain/usr/bin/clang++" -std=c++17 -Wswitch -Wno-trigraphs -Wno-tautological-compare -Wno-invalid-offsetof -Wno-implicitly-unsigned-literal -Wno-integer-overflow -Wno-shift-negative-value -Wno-unknown-attributes -Wno-implicit-function-declaration -Wno-null-conversion -Wno-missing-declarations -Wno-unused-value -Wno-pragma-once-outside-header -Wno-unknown-warning-option -Wno-undef-prefix -fvisibility=hidden -isysroot "/Applications/Xcode.app/Contents/Developer/Platforms/iPhoneOS.platform/Developer/SDKs/iPhoneOS18.2.sdk" -fexceptions -frtti -g -O0 -fno-strict-overflow -ffunction-sections -fdata-sections -fmessage-length=0 -pipe -DIL2CPP_DEBUG=1 -DHAVE_BDWGC_GC -DBASELIB_INLINE_NAMESPACE=il2cpp_baselib -DIL2CPP_MONO_DEBUGGER_DISABLED -DRUNTIME_IL2CPP -DTARGET_ARM64 -DIL2CPP_ENABLE_WRITE_BARRIERS=1 -DIL2CPP_INCREMENTAL_TIME_SLICE=3 -D_DEBUG -I"." -I"Il2CppOutputProject/Source/il2cppOutput" -I"Il2CppOutputProject/IL2CPP/libil2cpp/pch" -I"Il2CppOutputProject/IL2CPP/libil2cpp" -I"Il2CppOutputProject/IL2CPP/external/baselib/Include" -I"Il2CppOutputProject/IL2CPP/libil2cpp/os/ClassLibraryPAL/brotli/include" -I"Il2CppOutputProject/IL2CPP/external/baselib/Platforms/IOS/Include" -o "Il2CppTempDirArtifacts/Debug/artifacts/arm64/actx/uq9twym47bu6.o" -fcolor-diagnostics -stdlib=libc++ -arch arm64 -mios-version-min=11.0 -fno-strict-float-cast-overflow -c -x c++ "Il2CppOutputProject/Source/il2cppOutput/GenericMethods__14.cpp"
[398/410    0s] C_iOS_arm64 Il2CppTempDirArtifacts/Debug/artifacts/arm64/actx/f6cic801a05p.o
##### CommandLine
"/Applications/Xcode.app/Contents/Developer/Toolchains/XcodeDefault.xctoolchain/usr/bin/clang++" -std=c++17 -Wswitch -Wno-trigraphs -Wno-tautological-compare -Wno-invalid-offsetof -Wno-implicitly-unsigned-literal -Wno-integer-overflow -Wno-shift-negative-value -Wno-unknown-attributes -Wno-implicit-function-declaration -Wno-null-conversion -Wno-missing-declarations -Wno-unused-value -Wno-pragma-once-outside-header -Wno-unknown-warning-option -Wno-undef-prefix -fvisibility=hidden -isysroot "/Applications/Xcode.app/Contents/Developer/Platforms/iPhoneOS.platform/Developer/SDKs/iPhoneOS18.2.sdk" -fexceptions -frtti -g -O0 -fno-strict-overflow -ffunction-sections -fdata-sections -fmessage-length=0 -pipe -DIL2CPP_DEBUG=1 -DHAVE_BDWGC_GC -DBASELIB_INLINE_NAMESPACE=il2cpp_baselib -DIL2CPP_MONO_DEBUGGER_DISABLED -DRUNTIME_IL2CPP -DTARGET_ARM64 -DIL2CPP_ENABLE_WRITE_BARRIERS=1 -DIL2CPP_INCREMENTAL_TIME_SLICE=3 -D_DEBUG -I"." -I"Il2CppOutputProject/Source/il2cppOutput" -I"Il2CppOutputProject/IL2CPP/libil2cpp/pch" -I"Il2CppOutputProject/IL2CPP/libil2cpp" -I"Il2CppOutputProject/IL2CPP/external/baselib/Include" -I"Il2CppOutputProject/IL2CPP/libil2cpp/os/ClassLibraryPAL/brotli/include" -I"Il2CppOutputProject/IL2CPP/external/baselib/Platforms/IOS/Include" -o "Il2CppTempDirArtifacts/Debug/artifacts/arm64/actx/f6cic801a05p.o" -fcolor-diagnostics -stdlib=libc++ -arch arm64 -mios-version-min=11.0 -fno-strict-float-cast-overflow -c -x c++ "Il2CppOutputProject/Source/il2cppOutput/GenericMethods__15.cpp"
[399/410    1s] C_iOS_arm64 Il2CppTempDirArtifacts/Debug/artifacts/arm64/actx/gexywnh0e2m5.o
##### CommandLine
"/Applications/Xcode.app/Contents/Developer/Toolchains/XcodeDefault.xctoolchain/usr/bin/clang++" -std=c++17 -Wswitch -Wno-trigraphs -Wno-tautological-compare -Wno-invalid-offsetof -Wno-implicitly-unsigned-literal -Wno-integer-overflow -Wno-shift-negative-value -Wno-unknown-attributes -Wno-implicit-function-declaration -Wno-null-conversion -Wno-missing-declarations -Wno-unused-value -Wno-pragma-once-outside-header -Wno-unknown-warning-option -Wno-undef-prefix -fvisibility=hidden -isysroot "/Applications/Xcode.app/Contents/Developer/Platforms/iPhoneOS.platform/Developer/SDKs/iPhoneOS18.2.sdk" -fexceptions -frtti -g -O0 -fno-strict-overflow -ffunction-sections -fdata-sections -fmessage-length=0 -pipe -DIL2CPP_DEBUG=1 -DHAVE_BDWGC_GC -DBASELIB_INLINE_NAMESPACE=il2cpp_baselib -DIL2CPP_MONO_DEBUGGER_DISABLED -DRUNTIME_IL2CPP -DTARGET_ARM64 -DIL2CPP_ENABLE_WRITE_BARRIERS=1 -DIL2CPP_INCREMENTAL_TIME_SLICE=3 -D_DEBUG -I"." -I"Il2CppOutputProject/Source/il2cppOutput" -I"Il2CppOutputProject/IL2CPP/libil2cpp/pch" -I"Il2CppOutputProject/IL2CPP/libil2cpp" -I"Il2CppOutputProject/IL2CPP/external/baselib/Include" -I"Il2CppOutputProject/IL2CPP/libil2cpp/os/ClassLibraryPAL/brotli/include" -I"Il2CppOutputProject/IL2CPP/external/baselib/Platforms/IOS/Include" -o "Il2CppTempDirArtifacts/Debug/artifacts/arm64/actx/gexywnh0e2m5.o" -fcolor-diagnostics -stdlib=libc++ -arch arm64 -mios-version-min=11.0 -fno-strict-float-cast-overflow -c -x c++ "Il2CppOutputProject/Source/il2cppOutput/GenericMethods__16.cpp"
[400/410    1s] C_iOS_arm64 Il2CppTempDirArtifacts/Debug/artifacts/arm64/actx/m93as69ukea8.o
##### CommandLine
"/Applications/Xcode.app/Contents/Developer/Toolchains/XcodeDefault.xctoolchain/usr/bin/clang++" -std=c++17 -Wswitch -Wno-trigraphs -Wno-tautological-compare -Wno-invalid-offsetof -Wno-implicitly-unsigned-literal -Wno-integer-overflow -Wno-shift-negative-value -Wno-unknown-attributes -Wno-implicit-function-declaration -Wno-null-conversion -Wno-missing-declarations -Wno-unused-value -Wno-pragma-once-outside-header -Wno-unknown-warning-option -Wno-undef-prefix -fvisibility=hidden -isysroot "/Applications/Xcode.app/Contents/Developer/Platforms/iPhoneOS.platform/Developer/SDKs/iPhoneOS18.2.sdk" -fexceptions -frtti -g -O0 -fno-strict-overflow -ffunction-sections -fdata-sections -fmessage-length=0 -pipe -DIL2CPP_DEBUG=1 -DHAVE_BDWGC_GC -DBASELIB_INLINE_NAMESPACE=il2cpp_baselib -DIL2CPP_MONO_DEBUGGER_DISABLED -DRUNTIME_IL2CPP -DTARGET_ARM64 -DIL2CPP_ENABLE_WRITE_BARRIERS=1 -DIL2CPP_INCREMENTAL_TIME_SLICE=3 -D_DEBUG -I"." -I"Il2CppOutputProject/Source/il2cppOutput" -I"Il2CppOutputProject/IL2CPP/libil2cpp/pch" -I"Il2CppOutputProject/IL2CPP/libil2cpp" -I"Il2CppOutputProject/IL2CPP/external/baselib/Include" -I"Il2CppOutputProject/IL2CPP/libil2cpp/os/ClassLibraryPAL/brotli/include" -I"Il2CppOutputProject/IL2CPP/external/baselib/Platforms/IOS/Include" -o "Il2CppTempDirArtifacts/Debug/artifacts/arm64/actx/m93as69ukea8.o" -fcolor-diagnostics -stdlib=libc++ -arch arm64 -mios-version-min=11.0 -fno-strict-float-cast-overflow -c -x c++ "Il2CppOutputProject/Source/il2cppOutput/GenericMethods__18.cpp"
[401/410    0s] C_iOS_arm64 Il2CppTempDirArtifacts/Debug/artifacts/arm64/actx/tipdcj6539cr.o
##### CommandLine
"/Applications/Xcode.app/Contents/Developer/Toolchains/XcodeDefault.xctoolchain/usr/bin/clang++" -std=c++17 -Wswitch -Wno-trigraphs -Wno-tautological-compare -Wno-invalid-offsetof -Wno-implicitly-unsigned-literal -Wno-integer-overflow -Wno-shift-negative-value -Wno-unknown-attributes -Wno-implicit-function-declaration -Wno-null-conversion -Wno-missing-declarations -Wno-unused-value -Wno-pragma-once-outside-header -Wno-unknown-warning-option -Wno-undef-prefix -fvisibility=hidden -isysroot "/Applications/Xcode.app/Contents/Developer/Platforms/iPhoneOS.platform/Developer/SDKs/iPhoneOS18.2.sdk" -fexceptions -frtti -g -O0 -fno-strict-overflow -ffunction-sections -fdata-sections -fmessage-length=0 -pipe -DIL2CPP_DEBUG=1 -DHAVE_BDWGC_GC -DBASELIB_INLINE_NAMESPACE=il2cpp_baselib -DIL2CPP_MONO_DEBUGGER_DISABLED -DRUNTIME_IL2CPP -DTARGET_ARM64 -DIL2CPP_ENABLE_WRITE_BARRIERS=1 -DIL2CPP_INCREMENTAL_TIME_SLICE=3 -D_DEBUG -I"." -I"Il2CppOutputProject/Source/il2cppOutput" -I"Il2CppOutputProject/IL2CPP/libil2cpp/pch" -I"Il2CppOutputProject/IL2CPP/libil2cpp" -I"Il2CppOutputProject/IL2CPP/external/baselib/Include" -I"Il2CppOutputProject/IL2CPP/libil2cpp/os/ClassLibraryPAL/brotli/include" -I"Il2CppOutputProject/IL2CPP/external/baselib/Platforms/IOS/Include" -o "Il2CppTempDirArtifacts/Debug/artifacts/arm64/actx/tipdcj6539cr.o" -fcolor-diagnostics -stdlib=libc++ -arch arm64 -mios-version-min=11.0 -fno-strict-float-cast-overflow -c -x c++ "Il2CppOutputProject/Source/il2cppOutput/GenericMethods__13.cpp"
[           0s] ComputeLeafInputSignature Lib_iOS_arm64_11.0 Il2CppTempDirArtifacts/Debug/artifacts/arm64/jkts/il2cpp.a [pending dependencies]
[402/411    0s] WriteText Il2CppTempDirArtifacts/Debug/artifacts/arm64/jkts/il2cpp.objectfiles
[           0s] ComputeLeafInputSignature Lib_iOS_arm64_11.0 Il2CppTempDirArtifacts/Debug/artifacts/arm64/jkts/il2cpp.a [success 40f9b369a3fccf3d5596289ea3623c91]
[403/411    0s] C_iOS_arm64 Il2CppTempDirArtifacts/Debug/artifacts/arm64/actx/nni1g0dbyxpo.o
##### CommandLine
"/Applications/Xcode.app/Contents/Developer/Toolchains/XcodeDefault.xctoolchain/usr/bin/clang++" -std=c++17 -Wswitch -Wno-trigraphs -Wno-tautological-compare -Wno-invalid-offsetof -Wno-implicitly-unsigned-literal -Wno-integer-overflow -Wno-shift-negative-value -Wno-unknown-attributes -Wno-implicit-function-declaration -Wno-null-conversion -Wno-missing-declarations -Wno-unused-value -Wno-pragma-once-outside-header -Wno-unknown-warning-option -Wno-undef-prefix -fvisibility=hidden -isysroot "/Applications/Xcode.app/Contents/Developer/Platforms/iPhoneOS.platform/Developer/SDKs/iPhoneOS18.2.sdk" -fexceptions -frtti -g -O0 -fno-strict-overflow -ffunction-sections -fdata-sections -fmessage-length=0 -pipe -DIL2CPP_DEBUG=1 -DHAVE_BDWGC_GC -DBASELIB_INLINE_NAMESPACE=il2cpp_baselib -DIL2CPP_MONO_DEBUGGER_DISABLED -DRUNTIME_IL2CPP -DTARGET_ARM64 -DIL2CPP_ENABLE_WRITE_BARRIERS=1 -DIL2CPP_INCREMENTAL_TIME_SLICE=3 -D_DEBUG -I"." -I"Il2CppOutputProject/Source/il2cppOutput" -I"Il2CppOutputProject/IL2CPP/libil2cpp/pch" -I"Il2CppOutputProject/IL2CPP/libil2cpp" -I"Il2CppOutputProject/IL2CPP/external/baselib/Include" -I"Il2CppOutputProject/IL2CPP/libil2cpp/os/ClassLibraryPAL/brotli/include" -I"Il2CppOutputProject/IL2CPP/external/baselib/Platforms/IOS/Include" -o "Il2CppTempDirArtifacts/Debug/artifacts/arm64/actx/nni1g0dbyxpo.o" -fcolor-diagnostics -stdlib=libc++ -arch arm64 -mios-version-min=11.0 -fno-strict-float-cast-overflow -c -x c++ "Il2CppOutputProject/Source/il2cppOutput/GenericMethods__11.cpp"
[404/411    0s] C_iOS_arm64 Il2CppTempDirArtifacts/Debug/artifacts/arm64/actx/mfykwkxcuv88.o
##### CommandLine
"/Applications/Xcode.app/Contents/Developer/Toolchains/XcodeDefault.xctoolchain/usr/bin/clang++" -std=c++17 -Wswitch -Wno-trigraphs -Wno-tautological-compare -Wno-invalid-offsetof -Wno-implicitly-unsigned-literal -Wno-integer-overflow -Wno-shift-negative-value -Wno-unknown-attributes -Wno-implicit-function-declaration -Wno-null-conversion -Wno-missing-declarations -Wno-unused-value -Wno-pragma-once-outside-header -Wno-unknown-warning-option -Wno-undef-prefix -fvisibility=hidden -isysroot "/Applications/Xcode.app/Contents/Developer/Platforms/iPhoneOS.platform/Developer/SDKs/iPhoneOS18.2.sdk" -fexceptions -frtti -g -O0 -fno-strict-overflow -ffunction-sections -fdata-sections -fmessage-length=0 -pipe -DIL2CPP_DEBUG=1 -DHAVE_BDWGC_GC -DBASELIB_INLINE_NAMESPACE=il2cpp_baselib -DIL2CPP_MONO_DEBUGGER_DISABLED -DRUNTIME_IL2CPP -DTARGET_ARM64 -DIL2CPP_ENABLE_WRITE_BARRIERS=1 -DIL2CPP_INCREMENTAL_TIME_SLICE=3 -D_DEBUG -I"." -I"Il2CppOutputProject/Source/il2cppOutput" -I"Il2CppOutputProject/IL2CPP/libil2cpp/pch" -I"Il2CppOutputProject/IL2CPP/libil2cpp" -I"Il2CppOutputProject/IL2CPP/external/baselib/Include" -I"Il2CppOutputProject/IL2CPP/libil2cpp/os/ClassLibraryPAL/brotli/include" -I"Il2CppOutputProject/IL2CPP/external/baselib/Platforms/IOS/Include" -o "Il2CppTempDirArtifacts/Debug/artifacts/arm64/actx/mfykwkxcuv88.o" -fcolor-diagnostics -stdlib=libc++ -arch arm64 -mios-version-min=11.0 -fno-strict-float-cast-overflow -c -x c++ "Il2CppOutputProject/Source/il2cppOutput/GenericMethods__10.cpp"
[405/411    0s] C_iOS_arm64 Il2CppTempDirArtifacts/Debug/artifacts/arm64/actx/hf1n9ajlhoou.o
##### CommandLine
"/Applications/Xcode.app/Contents/Developer/Toolchains/XcodeDefault.xctoolchain/usr/bin/clang++" -std=c++17 -Wswitch -Wno-trigraphs -Wno-tautological-compare -Wno-invalid-offsetof -Wno-implicitly-unsigned-literal -Wno-integer-overflow -Wno-shift-negative-value -Wno-unknown-attributes -Wno-implicit-function-declaration -Wno-null-conversion -Wno-missing-declarations -Wno-unused-value -Wno-pragma-once-outside-header -Wno-unknown-warning-option -Wno-undef-prefix -fvisibility=hidden -isysroot "/Applications/Xcode.app/Contents/Developer/Platforms/iPhoneOS.platform/Developer/SDKs/iPhoneOS18.2.sdk" -fexceptions -frtti -g -O0 -fno-strict-overflow -ffunction-sections -fdata-sections -fmessage-length=0 -pipe -DIL2CPP_DEBUG=1 -DHAVE_BDWGC_GC -DBASELIB_INLINE_NAMESPACE=il2cpp_baselib -DIL2CPP_MONO_DEBUGGER_DISABLED -DRUNTIME_IL2CPP -DTARGET_ARM64 -DIL2CPP_ENABLE_WRITE_BARRIERS=1 -DIL2CPP_INCREMENTAL_TIME_SLICE=3 -D_DEBUG -I"." -I"Il2CppOutputProject/Source/il2cppOutput" -I"Il2CppOutputProject/IL2CPP/libil2cpp/pch" -I"Il2CppOutputProject/IL2CPP/libil2cpp" -I"Il2CppOutputProject/IL2CPP/external/baselib/Include" -I"Il2CppOutputProject/IL2CPP/libil2cpp/os/ClassLibraryPAL/brotli/include" -I"Il2CppOutputProject/IL2CPP/external/baselib/Platforms/IOS/Include" -o "Il2CppTempDirArtifacts/Debug/artifacts/arm64/actx/hf1n9ajlhoou.o" -fcolor-diagnostics -stdlib=libc++ -arch arm64 -mios-version-min=11.0 -fno-strict-float-cast-overflow -c -x c++ "Il2CppOutputProject/Source/il2cppOutput/mscorlib__11.cpp"
[406/411    0s] C_iOS_arm64 Il2CppTempDirArtifacts/Debug/artifacts/arm64/actx/olx5plmrm55b.o
##### CommandLine
"/Applications/Xcode.app/Contents/Developer/Toolchains/XcodeDefault.xctoolchain/usr/bin/clang++" -std=c++17 -Wswitch -Wno-trigraphs -Wno-tautological-compare -Wno-invalid-offsetof -Wno-implicitly-unsigned-literal -Wno-integer-overflow -Wno-shift-negative-value -Wno-unknown-attributes -Wno-implicit-function-declaration -Wno-null-conversion -Wno-missing-declarations -Wno-unused-value -Wno-pragma-once-outside-header -Wno-unknown-warning-option -Wno-undef-prefix -fvisibility=hidden -isysroot "/Applications/Xcode.app/Contents/Developer/Platforms/iPhoneOS.platform/Developer/SDKs/iPhoneOS18.2.sdk" -fexceptions -frtti -g -O0 -fno-strict-overflow -ffunction-sections -fdata-sections -fmessage-length=0 -pipe -DIL2CPP_DEBUG=1 -DHAVE_BDWGC_GC -DBASELIB_INLINE_NAMESPACE=il2cpp_baselib -DIL2CPP_MONO_DEBUGGER_DISABLED -DRUNTIME_IL2CPP -DTARGET_ARM64 -DIL2CPP_ENABLE_WRITE_BARRIERS=1 -DIL2CPP_INCREMENTAL_TIME_SLICE=3 -D_DEBUG -I"." -I"Il2CppOutputProject/Source/il2cppOutput" -I"Il2CppOutputProject/IL2CPP/libil2cpp/pch" -I"Il2CppOutputProject/IL2CPP/libil2cpp" -I"Il2CppOutputProject/IL2CPP/external/baselib/Include" -I"Il2CppOutputProject/IL2CPP/libil2cpp/os/ClassLibraryPAL/brotli/include" -I"Il2CppOutputProject/IL2CPP/external/baselib/Platforms/IOS/Include" -o "Il2CppTempDirArtifacts/Debug/artifacts/arm64/actx/olx5plmrm55b.o" -fcolor-diagnostics -stdlib=libc++ -arch arm64 -mios-version-min=11.0 -fno-strict-float-cast-overflow -c -x c++ "Il2CppOutputProject/Source/il2cppOutput/GenericMethods__1.cpp"
[406/411    0s] Lib_iOS_arm64_11.0 Il2CppTempDirArtifacts/Debug/artifacts/arm64/jkts/il2cpp.a [CacheHit 40f9b369a3fccf3d5596289ea3623c9100000000000000000000000000000006]
[407/411    0s] Lib_iOS_arm64_11.0 Il2CppTempDirArtifacts/Debug/artifacts/arm64/jkts/il2cpp.a
[409/411    0s] CopyFiles /Users/tuantu/Desktop/dev/AI/mobile/game_df/ios-build/DerivedData/Build/Products/Debug-iphoneos/il2cpp.a
[410/411    1s] Lib_iOS_arm64_11.0 Il2CppTempDirArtifacts/Debug/artifacts/arm64/actx/libGameAssembly.a
##### CommandLine
"/Applications/Xcode.app/Contents/Developer/Toolchains/XcodeDefault.xctoolchain/usr/bin/libtool" -arch_only arm64 -static -filelist "Il2CppTempDirArtifacts/Debug/artifacts/arm64/actx/libGameAssembly.objectfiles" -o "Il2CppTempDirArtifacts/Debug/artifacts/arm64/actx/libGameAssembly.a"
[411/411    0s] CopyFiles /Users/tuantu/Desktop/dev/AI/mobile/game_df/ios-build/DerivedData/Build/Products/Debug-iphoneos/libGameAssembly.a
*** il2cpp build success (34.28 seconds), 409 items updated, 411 evaluated
ExitCode: 0 Duration: 34s
Success: 




Copy /Users/tuantu/Desktop/dev/AI/mobile/game_df/ios-build/DerivedData/Build/Products/Debug-iphoneos/UnityFramework.framework/Modules/module.modulemap /Users/tuantu/Desktop/dev/AI/mobile/game_df/ios-build/DerivedData/Build/Intermediates.noindex/Unity-iPhone.build/Debug-iphoneos/UnityFramework.build/module.modulemap (in target 'UnityFramework' from project 'Unity-iPhone')
    cd /Users/tuantu/Desktop/dev/AI/mobile/game_df/ios-build
    builtin-copy -exclude .DS_Store -exclude CVS -exclude .svn -exclude .git -exclude .hg -resolve-src-symlinks /Users/tuantu/Desktop/dev/AI/mobile/game_df/ios-build/DerivedData/Build/Intermediates.noindex/Unity-iPhone.build/Debug-iphoneos/UnityFramework.build/module.modulemap /Users/tuantu/Desktop/dev/AI/mobile/game_df/ios-build/DerivedData/Build/Products/Debug-iphoneos/UnityFramework.framework/Modules

ProcessInfoPlistFile /Users/tuantu/Desktop/dev/AI/mobile/game_df/ios-build/DerivedData/Build/Products/Debug-iphoneos/UnityFramework.framework/Info.plist /Users/tuantu/Desktop/dev/AI/mobile/game_df/ios-build/UnityFramework/Info.plist (in target 'UnityFramework' from project 'Unity-iPhone')
    cd /Users/tuantu/Desktop/dev/AI/mobile/game_df/ios-build
    builtin-infoPlistUtility /Users/tuantu/Desktop/dev/AI/mobile/game_df/ios-build/UnityFramework/Info.plist -producttype com.apple.product-type.framework -expandbuildsettings -format binary -platform iphoneos -requiredArchitecture arm64 -o /Users/tuantu/Desktop/dev/AI/mobile/game_df/ios-build/DerivedData/Build/Products/Debug-iphoneos/UnityFramework.framework/Info.plist

CpResource /Users/tuantu/Desktop/dev/AI/mobile/game_df/ios-build/DerivedData/Build/Products/Debug-iphoneos/UnityFramework.framework/PrivacyInfo.xcprivacy /Users/tuantu/Desktop/dev/AI/mobile/game_df/ios-build/UnityFramework/PrivacyInfo.xcprivacy (in target 'UnityFramework' from project 'Unity-iPhone')
    cd /Users/tuantu/Desktop/dev/AI/mobile/game_df/ios-build
    builtin-copy -exclude .DS_Store -exclude CVS -exclude .svn -exclude .git -exclude .hg -resolve-src-symlinks /Users/tuantu/Desktop/dev/AI/mobile/game_df/ios-build/UnityFramework/PrivacyInfo.xcprivacy /Users/tuantu/Desktop/dev/AI/mobile/game_df/ios-build/DerivedData/Build/Products/Debug-iphoneos/UnityFramework.framework

ProcessProductPackaging /Users/tuantu/Library/Developer/Xcode/UserData/Provisioning\ Profiles/9caf3932-35d2-49de-b947-3e600fd3e1ab.mobileprovision /Users/tuantu/Desktop/dev/AI/mobile/game_df/ios-build/DerivedData/Build/Products/Debug-iphoneos/FootballTowerDefense.app/embedded.mobileprovision (in target 'Unity-iPhone' from project 'Unity-iPhone')
    cd /Users/tuantu/Desktop/dev/AI/mobile/game_df/ios-build
    builtin-productPackagingUtility /Users/tuantu/Library/Developer/Xcode/UserData/Provisioning\ Profiles/9caf3932-35d2-49de-b947-3e600fd3e1ab.mobileprovision -o /Users/tuantu/Desktop/dev/AI/mobile/game_df/ios-build/DerivedData/Build/Products/Debug-iphoneos/FootballTowerDefense.app/embedded.mobileprovision

ProcessProductPackaging "" /Users/tuantu/Desktop/dev/AI/mobile/game_df/ios-build/DerivedData/Build/Intermediates.noindex/Unity-iPhone.build/Debug-iphoneos/Unity-iPhone.build/FootballTowerDefense.app.xcent (in target 'Unity-iPhone' from project 'Unity-iPhone')
    cd /Users/tuantu/Desktop/dev/AI/mobile/game_df/ios-build
    
    Entitlements:
    
    {
    "application-identifier" = "PJS4V57G3Q.com.tuantu.lamuralla";
    "com.apple.developer.team-identifier" = PJS4V57G3Q;
    "get-task-allow" = 1;
}
    
    builtin-productPackagingUtility -entitlements -format xml -o /Users/tuantu/Desktop/dev/AI/mobile/game_df/ios-build/DerivedData/Build/Intermediates.noindex/Unity-iPhone.build/Debug-iphoneos/Unity-iPhone.build/FootballTowerDefense.app.xcent

ProcessPCH /Users/tuantu/Desktop/dev/AI/mobile/game_df/ios-build/DerivedData/Build/Intermediates.noindex/PrecompiledHeaders/SharedPrecompiledHeaders/17206835082884198670/Prefix.pch.gch /Users/tuantu/Desktop/dev/AI/mobile/game_df/ios-build/Classes/Prefix.pch normal arm64 objective-c com.apple.compilers.llvm.clang.1_0.compiler (in target 'UnityFramework' from project 'Unity-iPhone')
    cd /Users/tuantu/Desktop/dev/AI/mobile/game_df/ios-build
    
    Precompile of '/Users/tuantu/Desktop/dev/AI/mobile/game_df/ios-build/Classes/Prefix.pch' required by '/Users/tuantu/Desktop/dev/AI/mobile/game_df/ios-build/Classes/UI/StoreReview.m'
    Using response file: /Users/tuantu/Desktop/dev/AI/mobile/game_df/ios-build/DerivedData/Build/Intermediates.noindex/Unity-iPhone.build/Debug-iphoneos/UnityFramework.build/Objects-normal/arm64/e6072d4f65d7061329687fe24e3d63a7-common-args.resp
    
    /Applications/Xcode.app/Contents/Developer/Toolchains/XcodeDefault.xctoolchain/usr/bin/clang -x objective-c-header -fmessage-length\=0 -fdiagnostics-show-note-include-stack -fmacro-backtrace-limit\=0 -fno-color-diagnostics -Wno-trigraphs -Wno-missing-field-initializers -Wno-missing-prototypes -Wquoted-include-in-framework-header -Wno-implicit-atomic-properties -Wno-objc-interface-ivars -Wno-arc-repeated-use-of-weak -Wimplicit-retain-self -Wduplicate-method-match -Wno-missing-braces -Wparentheses -Wswitch -Wno-unused-function -Wno-unused-label -Wno-unused-parameter -Wunused-variable -Wunused-value -Wempty-body -Wuninitialized -Wno-unknown-pragmas -Wno-shadow -Wno-four-char-constants -Wno-conversion -Wconstant-conversion -Wint-conversion -Wbool-conversion -Wenum-conversion -Wno-float-conversion -Wnon-literal-null-conversion -Wobjc-literal-conversion -Wshorten-64-to-32 -Wpointer-sign -Wno-newline-eof -Wno-selector -Wno-strict-selector-match -Wno-undeclared-selector -Wdeprecated-implementations -Wno-implicit-fallthrough -fstrict-aliasing -Wprotocol -Wdeprecated-declarations -Wno-sign-conversion -Winfinite-recursion -Wcomma -Wblock-capture-autoreleasing -Wno-strict-prototypes -Wno-semicolon-before-method-body -index-store-path /Users/tuantu/Desktop/dev/AI/mobile/game_df/ios-build/DerivedData/Index.noindex/DataStore -Wno-missing-declarations @/Users/tuantu/Desktop/dev/AI/mobile/game_df/ios-build/DerivedData/Build/Intermediates.noindex/Unity-iPhone.build/Debug-iphoneos/UnityFramework.build/Objects-normal/arm64/e6072d4f65d7061329687fe24e3d63a7-common-args.resp -c /Users/tuantu/Desktop/dev/AI/mobile/game_df/ios-build/Classes/Prefix.pch -MD -MT dependencies -MF /Users/tuantu/Desktop/dev/AI/mobile/game_df/ios-build/DerivedData/Build/Intermediates.noindex/PrecompiledHeaders/SharedPrecompiledHeaders/17206835082884198670/Prefix.pch.d -iquote /Users/tuantu/Desktop/dev/AI/mobile/game_df/ios-build/DerivedData/Build/Intermediates.noindex/Unity-iPhone.build/Debug-iphoneos/UnityFramework.build/UnityFramework-generated-files.hmap -I/Users/tuantu/Desktop/dev/AI/mobile/game_df/ios-build/DerivedData/Build/Intermediates.noindex/Unity-iPhone.build/Debug-iphoneos/UnityFramework.build/UnityFramework-own-target-headers.hmap -I/Users/tuantu/Desktop/dev/AI/mobile/game_df/ios-build/DerivedData/Build/Intermediates.noindex/Unity-iPhone.build/Debug-iphoneos/UnityFramework.build/UnityFramework-all-target-headers.hmap -iquote /Users/tuantu/Desktop/dev/AI/mobile/game_df/ios-build/DerivedData/Build/Intermediates.noindex/Unity-iPhone.build/Debug-iphoneos/UnityFramework.build/UnityFramework-project-headers.hmap -I/Users/tuantu/Desktop/dev/AI/mobile/game_df/ios-build/DerivedData/Build/Products/Debug-iphoneos/include -I/Users/tuantu/Desktop/dev/AI/mobile/game_df/ios-build/Classes -I/Users/tuantu/Desktop/dev/AI/mobile/game_df/ios-build -I/Users/tuantu/Desktop/dev/AI/mobile/game_df/ios-build/Classes/Native -I/Users/tuantu/Desktop/dev/AI/mobile/game_df/ios-build/Libraries/bdwgc/include -I/Users/tuantu/Desktop/dev/AI/mobile/game_df/ios-build/Il2CppOutputProject/IL2CPP/libil2cpp -I/Users/tuantu/Desktop/dev/AI/mobile/game_df/ios-build/Il2CppOutputProject/IL2CPP/libil2cpp/pch -I/Users/tuantu/Desktop/dev/AI/mobile/game_df/ios-build/Il2CppOutputProject/IL2CPP/external/baselib/Include -I/Users/tuantu/Desktop/dev/AI/mobile/game_df/ios-build/Il2CppOutputProject/IL2CPP/external/baselib/Platforms/IOS/Include -I/Users/tuantu/Desktop/dev/AI/mobile/game_df/ios-build/Libraries/external/baselib/Platforms/IOS/Include -I/Users/tuantu/Desktop/dev/AI/mobile/game_df/ios-build/DerivedData/Build/Intermediates.noindex/Unity-iPhone.build/Debug-iphoneos/UnityFramework.build/DerivedSources-normal/arm64 -I/Users/tuantu/Desktop/dev/AI/mobile/game_df/ios-build/DerivedData/Build/Intermediates.noindex/Unity-iPhone.build/Debug-iphoneos/UnityFramework.build/DerivedSources/arm64 -I/Users/tuantu/Desktop/dev/AI/mobile/game_df/ios-build/DerivedData/Build/Intermediates.noindex/Unity-iPhone.build/Debug-iphoneos/UnityFramework.build/DerivedSources -o /Users/tuantu/Desktop/dev/AI/mobile/game_df/ios-build/DerivedData/Build/Intermediates.noindex/PrecompiledHeaders/SharedPrecompiledHeaders/17206835082884198670/Prefix.pch.gch --serialize-diagnostics /Users/tuantu/Desktop/dev/AI/mobile/game_df/ios-build/DerivedData/Build/Intermediates.noindex/PrecompiledHeaders/SharedPrecompiledHeaders/17206835082884198670/Prefix.pch.dia

ProcessPCH++ /Users/tuantu/Desktop/dev/AI/mobile/game_df/ios-build/DerivedData/Build/Intermediates.noindex/PrecompiledHeaders/SharedPrecompiledHeaders/2229478468874706855/Prefix.pch.gch /Users/tuantu/Desktop/dev/AI/mobile/game_df/ios-build/Classes/Prefix.pch normal arm64 objective-c++ com.apple.compilers.llvm.clang.1_0.compiler (in target 'UnityFramework' from project 'Unity-iPhone')
    cd /Users/tuantu/Desktop/dev/AI/mobile/game_df/ios-build
    
    Precompile of '/Users/tuantu/Desktop/dev/AI/mobile/game_df/ios-build/Classes/Prefix.pch' required by '/Users/tuantu/Desktop/dev/AI/mobile/game_df/ios-build/Libraries/com.unity.inputsystem/InputSystem/Plugins/iOS/iOSStepCounter.mm'
    Using response file: /Users/tuantu/Desktop/dev/AI/mobile/game_df/ios-build/DerivedData/Build/Intermediates.noindex/Unity-iPhone.build/Debug-iphoneos/UnityFramework.build/Objects-normal/arm64/af3fcb34312c57c0f52879cdce924b91-common-args.resp
    
    /Applications/Xcode.app/Contents/Developer/Toolchains/XcodeDefault.xctoolchain/usr/bin/clang -x objective-c++-header -fmessage-length\=0 -fdiagnostics-show-note-include-stack -fmacro-backtrace-limit\=0 -fno-color-diagnostics -Wno-trigraphs -Wno-missing-field-initializers -Wno-missing-prototypes -Wquoted-include-in-framework-header -Wno-implicit-atomic-properties -Wno-objc-interface-ivars -Wno-arc-repeated-use-of-weak -Wimplicit-retain-self -Wno-non-virtual-dtor -Wno-overloaded-virtual -Wno-exit-time-destructors -Wduplicate-method-match -Wno-missing-braces -Wparentheses -Wswitch -Wno-unused-function -Wno-unused-label -Wno-unused-parameter -Wunused-variable -Wunused-value -Wempty-body -Wuninitialized -Wno-unknown-pragmas -Wno-shadow -Wno-four-char-constants -Wno-conversion -Wconstant-conversion -Wint-conversion -Wbool-conversion -Wenum-conversion -Wno-float-conversion -Wnon-literal-null-conversion -Wobjc-literal-conversion -Wshorten-64-to-32 -Wno-newline-eof -Wno-selector -Wno-strict-selector-match -Wno-undeclared-selector -Wdeprecated-implementations -Wno-c++11-extensions -Wno-implicit-fallthrough -fstrict-aliasing -Wprotocol -Wdeprecated-declarations -Winvalid-offsetof -Wno-sign-conversion -Winfinite-recursion -Wmove -Wcomma -Wblock-capture-autoreleasing -Wno-strict-prototypes -Wrange-loop-analysis -Wno-semicolon-before-method-body -index-store-path /Users/tuantu/Desktop/dev/AI/mobile/game_df/ios-build/DerivedData/Index.noindex/DataStore -Wno-missing-declarations @/Users/tuantu/Desktop/dev/AI/mobile/game_df/ios-build/DerivedData/Build/Intermediates.noindex/Unity-iPhone.build/Debug-iphoneos/UnityFramework.build/Objects-normal/arm64/af3fcb34312c57c0f52879cdce924b91-common-args.resp -c /Users/tuantu/Desktop/dev/AI/mobile/game_df/ios-build/Classes/Prefix.pch -MD -MT dependencies -MF /Users/tuantu/Desktop/dev/AI/mobile/game_df/ios-build/DerivedData/Build/Intermediates.noindex/PrecompiledHeaders/SharedPrecompiledHeaders/2229478468874706855/Prefix.pch.d -iquote /Users/tuantu/Desktop/dev/AI/mobile/game_df/ios-build/DerivedData/Build/Intermediates.noindex/Unity-iPhone.build/Debug-iphoneos/UnityFramework.build/UnityFramework-generated-files.hmap -I/Users/tuantu/Desktop/dev/AI/mobile/game_df/ios-build/DerivedData/Build/Intermediates.noindex/Unity-iPhone.build/Debug-iphoneos/UnityFramework.build/UnityFramework-own-target-headers.hmap -I/Users/tuantu/Desktop/dev/AI/mobile/game_df/ios-build/DerivedData/Build/Intermediates.noindex/Unity-iPhone.build/Debug-iphoneos/UnityFramework.build/UnityFramework-all-target-headers.hmap -iquote /Users/tuantu/Desktop/dev/AI/mobile/game_df/ios-build/DerivedData/Build/Intermediates.noindex/Unity-iPhone.build/Debug-iphoneos/UnityFramework.build/UnityFramework-project-headers.hmap -I/Users/tuantu/Desktop/dev/AI/mobile/game_df/ios-build/DerivedData/Build/Products/Debug-iphoneos/include -I/Users/tuantu/Desktop/dev/AI/mobile/game_df/ios-build/Classes -I/Users/tuantu/Desktop/dev/AI/mobile/game_df/ios-build -I/Users/tuantu/Desktop/dev/AI/mobile/game_df/ios-build/Classes/Native -I/Users/tuantu/Desktop/dev/AI/mobile/game_df/ios-build/Libraries/bdwgc/include -I/Users/tuantu/Desktop/dev/AI/mobile/game_df/ios-build/Il2CppOutputProject/IL2CPP/libil2cpp -I/Users/tuantu/Desktop/dev/AI/mobile/game_df/ios-build/Il2CppOutputProject/IL2CPP/libil2cpp/pch -I/Users/tuantu/Desktop/dev/AI/mobile/game_df/ios-build/Il2CppOutputProject/IL2CPP/external/baselib/Include -I/Users/tuantu/Desktop/dev/AI/mobile/game_df/ios-build/Il2CppOutputProject/IL2CPP/external/baselib/Platforms/IOS/Include -I/Users/tuantu/Desktop/dev/AI/mobile/game_df/ios-build/Libraries/external/baselib/Platforms/IOS/Include -I/Users/tuantu/Desktop/dev/AI/mobile/game_df/ios-build/DerivedData/Build/Intermediates.noindex/Unity-iPhone.build/Debug-iphoneos/UnityFramework.build/DerivedSources-normal/arm64 -I/Users/tuantu/Desktop/dev/AI/mobile/game_df/ios-build/DerivedData/Build/Intermediates.noindex/Unity-iPhone.build/Debug-iphoneos/UnityFramework.build/DerivedSources/arm64 -I/Users/tuantu/Desktop/dev/AI/mobile/game_df/ios-build/DerivedData/Build/Intermediates.noindex/Unity-iPhone.build/Debug-iphoneos/UnityFramework.build/DerivedSources -o /Users/tuantu/Desktop/dev/AI/mobile/game_df/ios-build/DerivedData/Build/Intermediates.noindex/PrecompiledHeaders/SharedPrecompiledHeaders/2229478468874706855/Prefix.pch.gch --serialize-diagnostics /Users/tuantu/Desktop/dev/AI/mobile/game_df/ios-build/DerivedData/Build/Intermediates.noindex/PrecompiledHeaders/SharedPrecompiledHeaders/2229478468874706855/Prefix.pch.dia

ProcessPCH++ /Users/tuantu/Desktop/dev/AI/mobile/game_df/ios-build/DerivedData/Build/Intermediates.noindex/PrecompiledHeaders/SharedPrecompiledHeaders/1163250914509140188/Prefix.pch.gch /Users/tuantu/Desktop/dev/AI/mobile/game_df/ios-build/Classes/Prefix.pch normal arm64 c++ com.apple.compilers.llvm.clang.1_0.compiler (in target 'UnityFramework' from project 'Unity-iPhone')
    cd /Users/tuantu/Desktop/dev/AI/mobile/game_df/ios-build
    
    Precompile of '/Users/tuantu/Desktop/dev/AI/mobile/game_df/ios-build/Classes/Prefix.pch' required by '/Users/tuantu/Desktop/dev/AI/mobile/game_df/ios-build/Libraries/lib_burst_generated.cpp'
    Using response file: /Users/tuantu/Desktop/dev/AI/mobile/game_df/ios-build/DerivedData/Build/Intermediates.noindex/Unity-iPhone.build/Debug-iphoneos/UnityFramework.build/Objects-normal/arm64/82b82416624d2658e5098eb0a28c15c5-common-args.resp
    
    /Applications/Xcode.app/Contents/Developer/Toolchains/XcodeDefault.xctoolchain/usr/bin/clang -x c++-header -fmessage-length\=0 -fdiagnostics-show-note-include-stack -fmacro-backtrace-limit\=0 -fno-color-diagnostics -Wno-trigraphs -Wno-missing-field-initializers -Wno-missing-prototypes -Wquoted-include-in-framework-header -Wno-non-virtual-dtor -Wno-overloaded-virtual -Wno-exit-time-destructors -Wno-missing-braces -Wparentheses -Wswitch -Wno-unused-function -Wno-unused-label -Wno-unused-parameter -Wunused-variable -Wunused-value -Wempty-body -Wuninitialized -Wno-unknown-pragmas -Wno-shadow -Wno-four-char-constants -Wno-conversion -Wconstant-conversion -Wint-conversion -Wbool-conversion -Wenum-conversion -Wno-float-conversion -Wnon-literal-null-conversion -Wobjc-literal-conversion -Wshorten-64-to-32 -Wno-newline-eof -Wno-c++11-extensions -Wno-implicit-fallthrough -fstrict-aliasing -Wdeprecated-declarations -Winvalid-offsetof -Wno-sign-conversion -Winfinite-recursion -Wmove -Wcomma -Wblock-capture-autoreleasing -Wno-strict-prototypes -Wrange-loop-analysis -Wno-semicolon-before-method-body -index-store-path /Users/tuantu/Desktop/dev/AI/mobile/game_df/ios-build/DerivedData/Index.noindex/DataStore -Wno-missing-declarations @/Users/tuantu/Desktop/dev/AI/mobile/game_df/ios-build/DerivedData/Build/Intermediates.noindex/Unity-iPhone.build/Debug-iphoneos/UnityFramework.build/Objects-normal/arm64/82b82416624d2658e5098eb0a28c15c5-common-args.resp -c /Users/tuantu/Desktop/dev/AI/mobile/game_df/ios-build/Classes/Prefix.pch -MD -MT dependencies -MF /Users/tuantu/Desktop/dev/AI/mobile/game_df/ios-build/DerivedData/Build/Intermediates.noindex/PrecompiledHeaders/SharedPrecompiledHeaders/1163250914509140188/Prefix.pch.d -iquote /Users/tuantu/Desktop/dev/AI/mobile/game_df/ios-build/DerivedData/Build/Intermediates.noindex/Unity-iPhone.build/Debug-iphoneos/UnityFramework.build/UnityFramework-generated-files.hmap -I/Users/tuantu/Desktop/dev/AI/mobile/game_df/ios-build/DerivedData/Build/Intermediates.noindex/Unity-iPhone.build/Debug-iphoneos/UnityFramework.build/UnityFramework-own-target-headers.hmap -I/Users/tuantu/Desktop/dev/AI/mobile/game_df/ios-build/DerivedData/Build/Intermediates.noindex/Unity-iPhone.build/Debug-iphoneos/UnityFramework.build/UnityFramework-all-target-headers.hmap -iquote /Users/tuantu/Desktop/dev/AI/mobile/game_df/ios-build/DerivedData/Build/Intermediates.noindex/Unity-iPhone.build/Debug-iphoneos/UnityFramework.build/UnityFramework-project-headers.hmap -I/Users/tuantu/Desktop/dev/AI/mobile/game_df/ios-build/DerivedData/Build/Products/Debug-iphoneos/include -I/Users/tuantu/Desktop/dev/AI/mobile/game_df/ios-build/Classes -I/Users/tuantu/Desktop/dev/AI/mobile/game_df/ios-build -I/Users/tuantu/Desktop/dev/AI/mobile/game_df/ios-build/Classes/Native -I/Users/tuantu/Desktop/dev/AI/mobile/game_df/ios-build/Libraries/bdwgc/include -I/Users/tuantu/Desktop/dev/AI/mobile/game_df/ios-build/Il2CppOutputProject/IL2CPP/libil2cpp -I/Users/tuantu/Desktop/dev/AI/mobile/game_df/ios-build/Il2CppOutputProject/IL2CPP/libil2cpp/pch -I/Users/tuantu/Desktop/dev/AI/mobile/game_df/ios-build/Il2CppOutputProject/IL2CPP/external/baselib/Include -I/Users/tuantu/Desktop/dev/AI/mobile/game_df/ios-build/Il2CppOutputProject/IL2CPP/external/baselib/Platforms/IOS/Include -I/Users/tuantu/Desktop/dev/AI/mobile/game_df/ios-build/Libraries/external/baselib/Platforms/IOS/Include -I/Users/tuantu/Desktop/dev/AI/mobile/game_df/ios-build/DerivedData/Build/Intermediates.noindex/Unity-iPhone.build/Debug-iphoneos/UnityFramework.build/DerivedSources-normal/arm64 -I/Users/tuantu/Desktop/dev/AI/mobile/game_df/ios-build/DerivedData/Build/Intermediates.noindex/Unity-iPhone.build/Debug-iphoneos/UnityFramework.build/DerivedSources/arm64 -I/Users/tuantu/Desktop/dev/AI/mobile/game_df/ios-build/DerivedData/Build/Intermediates.noindex/Unity-iPhone.build/Debug-iphoneos/UnityFramework.build/DerivedSources -o /Users/tuantu/Desktop/dev/AI/mobile/game_df/ios-build/DerivedData/Build/Intermediates.noindex/PrecompiledHeaders/SharedPrecompiledHeaders/1163250914509140188/Prefix.pch.gch --serialize-diagnostics /Users/tuantu/Desktop/dev/AI/mobile/game_df/ios-build/DerivedData/Build/Intermediates.noindex/PrecompiledHeaders/SharedPrecompiledHeaders/1163250914509140188/Prefix.pch.dia

ProcessProductPackagingDER /Users/tuantu/Desktop/dev/AI/mobile/game_df/ios-build/DerivedData/Build/Intermediates.noindex/Unity-iPhone.build/Debug-iphoneos/Unity-iPhone.build/FootballTowerDefense.app.xcent /Users/tuantu/Desktop/dev/AI/mobile/game_df/ios-build/DerivedData/Build/Intermediates.noindex/Unity-iPhone.build/Debug-iphoneos/Unity-iPhone.build/FootballTowerDefense.app.xcent.der (in target 'Unity-iPhone' from project 'Unity-iPhone')
    cd /Users/tuantu/Desktop/dev/AI/mobile/game_df/ios-build
    /usr/bin/derq query -f xml -i /Users/tuantu/Desktop/dev/AI/mobile/game_df/ios-build/DerivedData/Build/Intermediates.noindex/Unity-iPhone.build/Debug-iphoneos/Unity-iPhone.build/FootballTowerDefense.app.xcent -o /Users/tuantu/Desktop/dev/AI/mobile/game_df/ios-build/DerivedData/Build/Intermediates.noindex/Unity-iPhone.build/Debug-iphoneos/Unity-iPhone.build/FootballTowerDefense.app.xcent.der --raw

CompileC /Users/tuantu/Desktop/dev/AI/mobile/game_df/ios-build/DerivedData/Build/Intermediates.noindex/Unity-iPhone.build/Debug-iphoneos/UnityFramework.build/Objects-normal/arm64/lib_burst_generated.o /Users/tuantu/Desktop/dev/AI/mobile/game_df/ios-build/Libraries/lib_burst_generated.cpp normal arm64 c++ com.apple.compilers.llvm.clang.1_0.compiler (in target 'UnityFramework' from project 'Unity-iPhone')
    cd /Users/tuantu/Desktop/dev/AI/mobile/game_df/ios-build
    
    Using response file: /Users/tuantu/Desktop/dev/AI/mobile/game_df/ios-build/DerivedData/Build/Intermediates.noindex/Unity-iPhone.build/Debug-iphoneos/UnityFramework.build/Objects-normal/arm64/82b82416624d2658e5098eb0a28c15c5-common-args.resp
    
    /Applications/Xcode.app/Contents/Developer/Toolchains/XcodeDefault.xctoolchain/usr/bin/clang -x c++ -ivfsstatcache /Users/tuantu/Desktop/dev/AI/mobile/game_df/ios-build/DerivedData/SDKStatCaches.noindex/iphoneos18.2-22C146-d5b9239ec3bf5b3adbecdf21472871e3.sdkstatcache -fmessage-length\=0 -fdiagnostics-show-note-include-stack -fmacro-backtrace-limit\=0 -fno-color-diagnostics -Wno-trigraphs -Wno-missing-field-initializers -Wno-missing-prototypes -Wquoted-include-in-framework-header -Wno-non-virtual-dtor -Wno-overloaded-virtual -Wno-exit-time-destructors -Wno-missing-braces -Wparentheses -Wswitch -Wno-unused-function -Wno-unused-label -Wno-unused-parameter -Wunused-variable -Wunused-value -Wempty-body -Wuninitialized -Wno-unknown-pragmas -Wno-shadow -Wno-four-char-constants -Wno-conversion -Wconstant-conversion -Wint-conversion -Wbool-conversion -Wenum-conversion -Wno-float-conversion -Wnon-literal-null-conversion -Wobjc-literal-conversion -Wshorten-64-to-32 -Wno-newline-eof -Wno-c++11-extensions -Wno-implicit-fallthrough -fstrict-aliasing -Wdeprecated-declarations -Winvalid-offsetof -Wno-sign-conversion -Winfinite-recursion -Wmove -Wcomma -Wblock-capture-autoreleasing -Wno-strict-prototypes -Wrange-loop-analysis -Wno-semicolon-before-method-body -index-store-path /Users/tuantu/Desktop/dev/AI/mobile/game_df/ios-build/DerivedData/Index.noindex/DataStore -Wno-missing-declarations @/Users/tuantu/Desktop/dev/AI/mobile/game_df/ios-build/DerivedData/Build/Intermediates.noindex/Unity-iPhone.build/Debug-iphoneos/UnityFramework.build/Objects-normal/arm64/82b82416624d2658e5098eb0a28c15c5-common-args.resp -include /Users/tuantu/Desktop/dev/AI/mobile/game_df/ios-build/DerivedData/Build/Intermediates.noindex/PrecompiledHeaders/SharedPrecompiledHeaders/1163250914509140188/Prefix.pch -MMD -MT dependencies -MF /Users/tuantu/Desktop/dev/AI/mobile/game_df/ios-build/DerivedData/Build/Intermediates.noindex/Unity-iPhone.build/Debug-iphoneos/UnityFramework.build/Objects-normal/arm64/lib_burst_generated.d --serialize-diagnostics /Users/tuantu/Desktop/dev/AI/mobile/game_df/ios-build/DerivedData/Build/Intermediates.noindex/Unity-iPhone.build/Debug-iphoneos/UnityFramework.build/Objects-normal/arm64/lib_burst_generated.dia -c /Users/tuantu/Desktop/dev/AI/mobile/game_df/ios-build/Libraries/lib_burst_generated.cpp -o /Users/tuantu/Desktop/dev/AI/mobile/game_df/ios-build/DerivedData/Build/Intermediates.noindex/Unity-iPhone.build/Debug-iphoneos/UnityFramework.build/Objects-normal/arm64/lib_burst_generated.o -index-unit-output-path /Unity-iPhone.build/Debug-iphoneos/UnityFramework.build/Objects-normal/arm64/lib_burst_generated.o

CompileC /Users/tuantu/Desktop/dev/AI/mobile/game_df/ios-build/DerivedData/Build/Intermediates.noindex/Unity-iPhone.build/Debug-iphoneos/UnityFramework.build/Objects-normal/arm64/RegisterFeatures.o /Users/tuantu/Desktop/dev/AI/mobile/game_df/ios-build/Libraries/RegisterFeatures.cpp normal arm64 c++ com.apple.compilers.llvm.clang.1_0.compiler (in target 'UnityFramework' from project 'Unity-iPhone')
    cd /Users/tuantu/Desktop/dev/AI/mobile/game_df/ios-build
    
    Using response file: /Users/tuantu/Desktop/dev/AI/mobile/game_df/ios-build/DerivedData/Build/Intermediates.noindex/Unity-iPhone.build/Debug-iphoneos/UnityFramework.build/Objects-normal/arm64/82b82416624d2658e5098eb0a28c15c5-common-args.resp
    
    /Applications/Xcode.app/Contents/Developer/Toolchains/XcodeDefault.xctoolchain/usr/bin/clang -x c++ -ivfsstatcache /Users/tuantu/Desktop/dev/AI/mobile/game_df/ios-build/DerivedData/SDKStatCaches.noindex/iphoneos18.2-22C146-d5b9239ec3bf5b3adbecdf21472871e3.sdkstatcache -fmessage-length\=0 -fdiagnostics-show-note-include-stack -fmacro-backtrace-limit\=0 -fno-color-diagnostics -Wno-trigraphs -Wno-missing-field-initializers -Wno-missing-prototypes -Wquoted-include-in-framework-header -Wno-non-virtual-dtor -Wno-overloaded-virtual -Wno-exit-time-destructors -Wno-missing-braces -Wparentheses -Wswitch -Wno-unused-function -Wno-unused-label -Wno-unused-parameter -Wunused-variable -Wunused-value -Wempty-body -Wuninitialized -Wno-unknown-pragmas -Wno-shadow -Wno-four-char-constants -Wno-conversion -Wconstant-conversion -Wint-conversion -Wbool-conversion -Wenum-conversion -Wno-float-conversion -Wnon-literal-null-conversion -Wobjc-literal-conversion -Wshorten-64-to-32 -Wno-newline-eof -Wno-c++11-extensions -Wno-implicit-fallthrough -fstrict-aliasing -Wdeprecated-declarations -Winvalid-offsetof -Wno-sign-conversion -Winfinite-recursion -Wmove -Wcomma -Wblock-capture-autoreleasing -Wno-strict-prototypes -Wrange-loop-analysis -Wno-semicolon-before-method-body -index-store-path /Users/tuantu/Desktop/dev/AI/mobile/game_df/ios-build/DerivedData/Index.noindex/DataStore -Wno-missing-declarations @/Users/tuantu/Desktop/dev/AI/mobile/game_df/ios-build/DerivedData/Build/Intermediates.noindex/Unity-iPhone.build/Debug-iphoneos/UnityFramework.build/Objects-normal/arm64/82b82416624d2658e5098eb0a28c15c5-common-args.resp -include /Users/tuantu/Desktop/dev/AI/mobile/game_df/ios-build/DerivedData/Build/Intermediates.noindex/PrecompiledHeaders/SharedPrecompiledHeaders/1163250914509140188/Prefix.pch -MMD -MT dependencies -MF /Users/tuantu/Desktop/dev/AI/mobile/game_df/ios-build/DerivedData/Build/Intermediates.noindex/Unity-iPhone.build/Debug-iphoneos/UnityFramework.build/Objects-normal/arm64/RegisterFeatures.d --serialize-diagnostics /Users/tuantu/Desktop/dev/AI/mobile/game_df/ios-build/DerivedData/Build/Intermediates.noindex/Unity-iPhone.build/Debug-iphoneos/UnityFramework.build/Objects-normal/arm64/RegisterFeatures.dia -c /Users/tuantu/Desktop/dev/AI/mobile/game_df/ios-build/Libraries/RegisterFeatures.cpp -o /Users/tuantu/Desktop/dev/AI/mobile/game_df/ios-build/DerivedData/Build/Intermediates.noindex/Unity-iPhone.build/Debug-iphoneos/UnityFramework.build/Objects-normal/arm64/RegisterFeatures.o -index-unit-output-path /Unity-iPhone.build/Debug-iphoneos/UnityFramework.build/Objects-normal/arm64/RegisterFeatures.o

CompileC /Users/tuantu/Desktop/dev/AI/mobile/game_df/ios-build/DerivedData/Build/Intermediates.noindex/Unity-iPhone.build/Debug-iphoneos/UnityFramework.build/Objects-normal/arm64/Il2CppOptions.o /Users/tuantu/Desktop/dev/AI/mobile/game_df/ios-build/Libraries/Il2CppOptions.cpp normal arm64 c++ com.apple.compilers.llvm.clang.1_0.compiler (in target 'UnityFramework' from project 'Unity-iPhone')
    cd /Users/tuantu/Desktop/dev/AI/mobile/game_df/ios-build
    
    Using response file: /Users/tuantu/Desktop/dev/AI/mobile/game_df/ios-build/DerivedData/Build/Intermediates.noindex/Unity-iPhone.build/Debug-iphoneos/UnityFramework.build/Objects-normal/arm64/82b82416624d2658e5098eb0a28c15c5-common-args.resp
    
    /Applications/Xcode.app/Contents/Developer/Toolchains/XcodeDefault.xctoolchain/usr/bin/clang -x c++ -ivfsstatcache /Users/tuantu/Desktop/dev/AI/mobile/game_df/ios-build/DerivedData/SDKStatCaches.noindex/iphoneos18.2-22C146-d5b9239ec3bf5b3adbecdf21472871e3.sdkstatcache -fmessage-length\=0 -fdiagnostics-show-note-include-stack -fmacro-backtrace-limit\=0 -fno-color-diagnostics -Wno-trigraphs -Wno-missing-field-initializers -Wno-missing-prototypes -Wquoted-include-in-framework-header -Wno-non-virtual-dtor -Wno-overloaded-virtual -Wno-exit-time-destructors -Wno-missing-braces -Wparentheses -Wswitch -Wno-unused-function -Wno-unused-label -Wno-unused-parameter -Wunused-variable -Wunused-value -Wempty-body -Wuninitialized -Wno-unknown-pragmas -Wno-shadow -Wno-four-char-constants -Wno-conversion -Wconstant-conversion -Wint-conversion -Wbool-conversion -Wenum-conversion -Wno-float-conversion -Wnon-literal-null-conversion -Wobjc-literal-conversion -Wshorten-64-to-32 -Wno-newline-eof -Wno-c++11-extensions -Wno-implicit-fallthrough -fstrict-aliasing -Wdeprecated-declarations -Winvalid-offsetof -Wno-sign-conversion -Winfinite-recursion -Wmove -Wcomma -Wblock-capture-autoreleasing -Wno-strict-prototypes -Wrange-loop-analysis -Wno-semicolon-before-method-body -index-store-path /Users/tuantu/Desktop/dev/AI/mobile/game_df/ios-build/DerivedData/Index.noindex/DataStore -Wno-missing-declarations @/Users/tuantu/Desktop/dev/AI/mobile/game_df/ios-build/DerivedData/Build/Intermediates.noindex/Unity-iPhone.build/Debug-iphoneos/UnityFramework.build/Objects-normal/arm64/82b82416624d2658e5098eb0a28c15c5-common-args.resp -include /Users/tuantu/Desktop/dev/AI/mobile/game_df/ios-build/DerivedData/Build/Intermediates.noindex/PrecompiledHeaders/SharedPrecompiledHeaders/1163250914509140188/Prefix.pch -MMD -MT dependencies -MF /Users/tuantu/Desktop/dev/AI/mobile/game_df/ios-build/DerivedData/Build/Intermediates.noindex/Unity-iPhone.build/Debug-iphoneos/UnityFramework.build/Objects-normal/arm64/Il2CppOptions.d --serialize-diagnostics /Users/tuantu/Desktop/dev/AI/mobile/game_df/ios-build/DerivedData/Build/Intermediates.noindex/Unity-iPhone.build/Debug-iphoneos/UnityFramework.build/Objects-normal/arm64/Il2CppOptions.dia -c /Users/tuantu/Desktop/dev/AI/mobile/game_df/ios-build/Libraries/Il2CppOptions.cpp -o /Users/tuantu/Desktop/dev/AI/mobile/game_df/ios-build/DerivedData/Build/Intermediates.noindex/Unity-iPhone.build/Debug-iphoneos/UnityFramework.build/Objects-normal/arm64/Il2CppOptions.o -index-unit-output-path /Unity-iPhone.build/Debug-iphoneos/UnityFramework.build/Objects-normal/arm64/Il2CppOptions.o

CompileC /Users/tuantu/Desktop/dev/AI/mobile/game_df/ios-build/DerivedData/Build/Intermediates.noindex/Unity-iPhone.build/Debug-iphoneos/UnityFramework.build/Objects-normal/arm64/DeviceInfo.o /Users/tuantu/Desktop/dev/AI/mobile/game_df/ios-build/Classes/Unity/DeviceInfo.cpp normal arm64 c++ com.apple.compilers.llvm.clang.1_0.compiler (in target 'UnityFramework' from project 'Unity-iPhone')
    cd /Users/tuantu/Desktop/dev/AI/mobile/game_df/ios-build
    
    Using response file: /Users/tuantu/Desktop/dev/AI/mobile/game_df/ios-build/DerivedData/Build/Intermediates.noindex/Unity-iPhone.build/Debug-iphoneos/UnityFramework.build/Objects-normal/arm64/82b82416624d2658e5098eb0a28c15c5-common-args.resp
    
    /Applications/Xcode.app/Contents/Developer/Toolchains/XcodeDefault.xctoolchain/usr/bin/clang -x c++ -ivfsstatcache /Users/tuantu/Desktop/dev/AI/mobile/game_df/ios-build/DerivedData/SDKStatCaches.noindex/iphoneos18.2-22C146-d5b9239ec3bf5b3adbecdf21472871e3.sdkstatcache -fmessage-length\=0 -fdiagnostics-show-note-include-stack -fmacro-backtrace-limit\=0 -fno-color-diagnostics -Wno-trigraphs -Wno-missing-field-initializers -Wno-missing-prototypes -Wquoted-include-in-framework-header -Wno-non-virtual-dtor -Wno-overloaded-virtual -Wno-exit-time-destructors -Wno-missing-braces -Wparentheses -Wswitch -Wno-unused-function -Wno-unused-label -Wno-unused-parameter -Wunused-variable -Wunused-value -Wempty-body -Wuninitialized -Wno-unknown-pragmas -Wno-shadow -Wno-four-char-constants -Wno-conversion -Wconstant-conversion -Wint-conversion -Wbool-conversion -Wenum-conversion -Wno-float-conversion -Wnon-literal-null-conversion -Wobjc-literal-conversion -Wshorten-64-to-32 -Wno-newline-eof -Wno-c++11-extensions -Wno-implicit-fallthrough -fstrict-aliasing -Wdeprecated-declarations -Winvalid-offsetof -Wno-sign-conversion -Winfinite-recursion -Wmove -Wcomma -Wblock-capture-autoreleasing -Wno-strict-prototypes -Wrange-loop-analysis -Wno-semicolon-before-method-body -index-store-path /Users/tuantu/Desktop/dev/AI/mobile/game_df/ios-build/DerivedData/Index.noindex/DataStore -Wno-missing-declarations @/Users/tuantu/Desktop/dev/AI/mobile/game_df/ios-build/DerivedData/Build/Intermediates.noindex/Unity-iPhone.build/Debug-iphoneos/UnityFramework.build/Objects-normal/arm64/82b82416624d2658e5098eb0a28c15c5-common-args.resp -include /Users/tuantu/Desktop/dev/AI/mobile/game_df/ios-build/DerivedData/Build/Intermediates.noindex/PrecompiledHeaders/SharedPrecompiledHeaders/1163250914509140188/Prefix.pch -MMD -MT dependencies -MF /Users/tuantu/Desktop/dev/AI/mobile/game_df/ios-build/DerivedData/Build/Intermediates.noindex/Unity-iPhone.build/Debug-iphoneos/UnityFramework.build/Objects-normal/arm64/DeviceInfo.d --serialize-diagnostics /Users/tuantu/Desktop/dev/AI/mobile/game_df/ios-build/DerivedData/Build/Intermediates.noindex/Unity-iPhone.build/Debug-iphoneos/UnityFramework.build/Objects-normal/arm64/DeviceInfo.dia -c /Users/tuantu/Desktop/dev/AI/mobile/game_df/ios-build/Classes/Unity/DeviceInfo.cpp -o /Users/tuantu/Desktop/dev/AI/mobile/game_df/ios-build/DerivedData/Build/Intermediates.noindex/Unity-iPhone.build/Debug-iphoneos/UnityFramework.build/Objects-normal/arm64/DeviceInfo.o -index-unit-output-path /Unity-iPhone.build/Debug-iphoneos/UnityFramework.build/Objects-normal/arm64/DeviceInfo.o

CompileC /Users/tuantu/Desktop/dev/AI/mobile/game_df/ios-build/DerivedData/Build/Intermediates.noindex/Unity-iPhone.build/Debug-iphoneos/UnityFramework.build/Objects-normal/arm64/RenderPluginDelegate.o /Users/tuantu/Desktop/dev/AI/mobile/game_df/ios-build/Classes/PluginBase/RenderPluginDelegate.mm normal arm64 objective-c++ com.apple.compilers.llvm.clang.1_0.compiler (in target 'UnityFramework' from project 'Unity-iPhone')
    cd /Users/tuantu/Desktop/dev/AI/mobile/game_df/ios-build
    
    Using response file: /Users/tuantu/Desktop/dev/AI/mobile/game_df/ios-build/DerivedData/Build/Intermediates.noindex/Unity-iPhone.build/Debug-iphoneos/UnityFramework.build/Objects-normal/arm64/af3fcb34312c57c0f52879cdce924b91-common-args.resp
    
    /Applications/Xcode.app/Contents/Developer/Toolchains/XcodeDefault.xctoolchain/usr/bin/clang -x objective-c++ -ivfsstatcache /Users/tuantu/Desktop/dev/AI/mobile/game_df/ios-build/DerivedData/SDKStatCaches.noindex/iphoneos18.2-22C146-d5b9239ec3bf5b3adbecdf21472871e3.sdkstatcache -fmessage-length\=0 -fdiagnostics-show-note-include-stack -fmacro-backtrace-limit\=0 -fno-color-diagnostics -Wno-trigraphs -Wno-missing-field-initializers -Wno-missing-prototypes -Wquoted-include-in-framework-header -Wno-implicit-atomic-properties -Wno-objc-interface-ivars -Wno-arc-repeated-use-of-weak -Wimplicit-retain-self -Wno-non-virtual-dtor -Wno-overloaded-virtual -Wno-exit-time-destructors -Wduplicate-method-match -Wno-missing-braces -Wparentheses -Wswitch -Wno-unused-function -Wno-unused-label -Wno-unused-parameter -Wunused-variable -Wunused-value -Wempty-body -Wuninitialized -Wno-unknown-pragmas -Wno-shadow -Wno-four-char-constants -Wno-conversion -Wconstant-conversion -Wint-conversion -Wbool-conversion -Wenum-conversion -Wno-float-conversion -Wnon-literal-null-conversion -Wobjc-literal-conversion -Wshorten-64-to-32 -Wno-newline-eof -Wno-selector -Wno-strict-selector-match -Wno-undeclared-selector -Wdeprecated-implementations -Wno-c++11-extensions -Wno-implicit-fallthrough -fstrict-aliasing -Wprotocol -Wdeprecated-declarations -Winvalid-offsetof -Wno-sign-conversion -Winfinite-recursion -Wmove -Wcomma -Wblock-capture-autoreleasing -Wno-strict-prototypes -Wrange-loop-analysis -Wno-semicolon-before-method-body -index-store-path /Users/tuantu/Desktop/dev/AI/mobile/game_df/ios-build/DerivedData/Index.noindex/DataStore -Wno-missing-declarations @/Users/tuantu/Desktop/dev/AI/mobile/game_df/ios-build/DerivedData/Build/Intermediates.noindex/Unity-iPhone.build/Debug-iphoneos/UnityFramework.build/Objects-normal/arm64/af3fcb34312c57c0f52879cdce924b91-common-args.resp -include /Users/tuantu/Desktop/dev/AI/mobile/game_df/ios-build/DerivedData/Build/Intermediates.noindex/PrecompiledHeaders/SharedPrecompiledHeaders/2229478468874706855/Prefix.pch -MMD -MT dependencies -MF /Users/tuantu/Desktop/dev/AI/mobile/game_df/ios-build/DerivedData/Build/Intermediates.noindex/Unity-iPhone.build/Debug-iphoneos/UnityFramework.build/Objects-normal/arm64/RenderPluginDelegate.d --serialize-diagnostics /Users/tuantu/Desktop/dev/AI/mobile/game_df/ios-build/DerivedData/Build/Intermediates.noindex/Unity-iPhone.build/Debug-iphoneos/UnityFramework.build/Objects-normal/arm64/RenderPluginDelegate.dia -c /Users/tuantu/Desktop/dev/AI/mobile/game_df/ios-build/Classes/PluginBase/RenderPluginDelegate.mm -o /Users/tuantu/Desktop/dev/AI/mobile/game_df/ios-build/DerivedData/Build/Intermediates.noindex/Unity-iPhone.build/Debug-iphoneos/UnityFramework.build/Objects-normal/arm64/RenderPluginDelegate.o -index-unit-output-path /Unity-iPhone.build/Debug-iphoneos/UnityFramework.build/Objects-normal/arm64/RenderPluginDelegate.o

CompileC /Users/tuantu/Desktop/dev/AI/mobile/game_df/ios-build/DerivedData/Build/Intermediates.noindex/Unity-iPhone.build/Debug-iphoneos/UnityFramework.build/Objects-normal/arm64/UnityViewControllerListener.o /Users/tuantu/Desktop/dev/AI/mobile/game_df/ios-build/Classes/PluginBase/UnityViewControllerListener.mm normal arm64 objective-c++ com.apple.compilers.llvm.clang.1_0.compiler (in target 'UnityFramework' from project 'Unity-iPhone')
    cd /Users/tuantu/Desktop/dev/AI/mobile/game_df/ios-build
    
    Using response file: /Users/tuantu/Desktop/dev/AI/mobile/game_df/ios-build/DerivedData/Build/Intermediates.noindex/Unity-iPhone.build/Debug-iphoneos/UnityFramework.build/Objects-normal/arm64/af3fcb34312c57c0f52879cdce924b91-common-args.resp
    
    /Applications/Xcode.app/Contents/Developer/Toolchains/XcodeDefault.xctoolchain/usr/bin/clang -x objective-c++ -ivfsstatcache /Users/tuantu/Desktop/dev/AI/mobile/game_df/ios-build/DerivedData/SDKStatCaches.noindex/iphoneos18.2-22C146-d5b9239ec3bf5b3adbecdf21472871e3.sdkstatcache -fmessage-length\=0 -fdiagnostics-show-note-include-stack -fmacro-backtrace-limit\=0 -fno-color-diagnostics -Wno-trigraphs -Wno-missing-field-initializers -Wno-missing-prototypes -Wquoted-include-in-framework-header -Wno-implicit-atomic-properties -Wno-objc-interface-ivars -Wno-arc-repeated-use-of-weak -Wimplicit-retain-self -Wno-non-virtual-dtor -Wno-overloaded-virtual -Wno-exit-time-destructors -Wduplicate-method-match -Wno-missing-braces -Wparentheses -Wswitch -Wno-unused-function -Wno-unused-label -Wno-unused-parameter -Wunused-variable -Wunused-value -Wempty-body -Wuninitialized -Wno-unknown-pragmas -Wno-shadow -Wno-four-char-constants -Wno-conversion -Wconstant-conversion -Wint-conversion -Wbool-conversion -Wenum-conversion -Wno-float-conversion -Wnon-literal-null-conversion -Wobjc-literal-conversion -Wshorten-64-to-32 -Wno-newline-eof -Wno-selector -Wno-strict-selector-match -Wno-undeclared-selector -Wdeprecated-implementations -Wno-c++11-extensions -Wno-implicit-fallthrough -fstrict-aliasing -Wprotocol -Wdeprecated-declarations -Winvalid-offsetof -Wno-sign-conversion -Winfinite-recursion -Wmove -Wcomma -Wblock-capture-autoreleasing -Wno-strict-prototypes -Wrange-loop-analysis -Wno-semicolon-before-method-body -index-store-path /Users/tuantu/Desktop/dev/AI/mobile/game_df/ios-build/DerivedData/Index.noindex/DataStore -Wno-missing-declarations @/Users/tuantu/Desktop/dev/AI/mobile/game_df/ios-build/DerivedData/Build/Intermediates.noindex/Unity-iPhone.build/Debug-iphoneos/UnityFramework.build/Objects-normal/arm64/af3fcb34312c57c0f52879cdce924b91-common-args.resp -include /Users/tuantu/Desktop/dev/AI/mobile/game_df/ios-build/DerivedData/Build/Intermediates.noindex/PrecompiledHeaders/SharedPrecompiledHeaders/2229478468874706855/Prefix.pch -MMD -MT dependencies -MF /Users/tuantu/Desktop/dev/AI/mobile/game_df/ios-build/DerivedData/Build/Intermediates.noindex/Unity-iPhone.build/Debug-iphoneos/UnityFramework.build/Objects-normal/arm64/UnityViewControllerListener.d --serialize-diagnostics /Users/tuantu/Desktop/dev/AI/mobile/game_df/ios-build/DerivedData/Build/Intermediates.noindex/Unity-iPhone.build/Debug-iphoneos/UnityFramework.build/Objects-normal/arm64/UnityViewControllerListener.dia -c /Users/tuantu/Desktop/dev/AI/mobile/game_df/ios-build/Classes/PluginBase/UnityViewControllerListener.mm -o /Users/tuantu/Desktop/dev/AI/mobile/game_df/ios-build/DerivedData/Build/Intermediates.noindex/Unity-iPhone.build/Debug-iphoneos/UnityFramework.build/Objects-normal/arm64/UnityViewControllerListener.o -index-unit-output-path /Unity-iPhone.build/Debug-iphoneos/UnityFramework.build/Objects-normal/arm64/UnityViewControllerListener.o

CompileC /Users/tuantu/Desktop/dev/AI/mobile/game_df/ios-build/DerivedData/Build/Intermediates.noindex/Unity-iPhone.build/Debug-iphoneos/UnityFramework.build/Objects-normal/arm64/StoreReview.o /Users/tuantu/Desktop/dev/AI/mobile/game_df/ios-build/Classes/UI/StoreReview.m normal arm64 objective-c com.apple.compilers.llvm.clang.1_0.compiler (in target 'UnityFramework' from project 'Unity-iPhone')
    cd /Users/tuantu/Desktop/dev/AI/mobile/game_df/ios-build
    
    Using response file: /Users/tuantu/Desktop/dev/AI/mobile/game_df/ios-build/DerivedData/Build/Intermediates.noindex/Unity-iPhone.build/Debug-iphoneos/UnityFramework.build/Objects-normal/arm64/e6072d4f65d7061329687fe24e3d63a7-common-args.resp
    
    /Applications/Xcode.app/Contents/Developer/Toolchains/XcodeDefault.xctoolchain/usr/bin/clang -x objective-c -ivfsstatcache /Users/tuantu/Desktop/dev/AI/mobile/game_df/ios-build/DerivedData/SDKStatCaches.noindex/iphoneos18.2-22C146-d5b9239ec3bf5b3adbecdf21472871e3.sdkstatcache -fmessage-length\=0 -fdiagnostics-show-note-include-stack -fmacro-backtrace-limit\=0 -fno-color-diagnostics -Wno-trigraphs -Wno-missing-field-initializers -Wno-missing-prototypes -Wquoted-include-in-framework-header -Wno-implicit-atomic-properties -Wno-objc-interface-ivars -Wno-arc-repeated-use-of-weak -Wimplicit-retain-self -Wduplicate-method-match -Wno-missing-braces -Wparentheses -Wswitch -Wno-unused-function -Wno-unused-label -Wno-unused-parameter -Wunused-variable -Wunused-value -Wempty-body -Wuninitialized -Wno-unknown-pragmas -Wno-shadow -Wno-four-char-constants -Wno-conversion -Wconstant-conversion -Wint-conversion -Wbool-conversion -Wenum-conversion -Wno-float-conversion -Wnon-literal-null-conversion -Wobjc-literal-conversion -Wshorten-64-to-32 -Wpointer-sign -Wno-newline-eof -Wno-selector -Wno-strict-selector-match -Wno-undeclared-selector -Wdeprecated-implementations -Wno-implicit-fallthrough -fstrict-aliasing -Wprotocol -Wdeprecated-declarations -Wno-sign-conversion -Winfinite-recursion -Wcomma -Wblock-capture-autoreleasing -Wno-strict-prototypes -Wno-semicolon-before-method-body -index-store-path /Users/tuantu/Desktop/dev/AI/mobile/game_df/ios-build/DerivedData/Index.noindex/DataStore -Wno-missing-declarations @/Users/tuantu/Desktop/dev/AI/mobile/game_df/ios-build/DerivedData/Build/Intermediates.noindex/Unity-iPhone.build/Debug-iphoneos/UnityFramework.build/Objects-normal/arm64/e6072d4f65d7061329687fe24e3d63a7-common-args.resp -include /Users/tuantu/Desktop/dev/AI/mobile/game_df/ios-build/DerivedData/Build/Intermediates.noindex/PrecompiledHeaders/SharedPrecompiledHeaders/17206835082884198670/Prefix.pch -MMD -MT dependencies -MF /Users/tuantu/Desktop/dev/AI/mobile/game_df/ios-build/DerivedData/Build/Intermediates.noindex/Unity-iPhone.build/Debug-iphoneos/UnityFramework.build/Objects-normal/arm64/StoreReview.d --serialize-diagnostics /Users/tuantu/Desktop/dev/AI/mobile/game_df/ios-build/DerivedData/Build/Intermediates.noindex/Unity-iPhone.build/Debug-iphoneos/UnityFramework.build/Objects-normal/arm64/StoreReview.dia -c /Users/tuantu/Desktop/dev/AI/mobile/game_df/ios-build/Classes/UI/StoreReview.m -o /Users/tuantu/Desktop/dev/AI/mobile/game_df/ios-build/DerivedData/Build/Intermediates.noindex/Unity-iPhone.build/Debug-iphoneos/UnityFramework.build/Objects-normal/arm64/StoreReview.o -index-unit-output-path /Unity-iPhone.build/Debug-iphoneos/UnityFramework.build/Objects-normal/arm64/StoreReview.o

CompileC /Users/tuantu/Desktop/dev/AI/mobile/game_df/ios-build/DerivedData/Build/Intermediates.noindex/Unity-iPhone.build/Debug-iphoneos/UnityFramework.build/Objects-normal/arm64/LifeCycleListener.o /Users/tuantu/Desktop/dev/AI/mobile/game_df/ios-build/Classes/PluginBase/LifeCycleListener.mm normal arm64 objective-c++ com.apple.compilers.llvm.clang.1_0.compiler (in target 'UnityFramework' from project 'Unity-iPhone')
    cd /Users/tuantu/Desktop/dev/AI/mobile/game_df/ios-build
    
    Using response file: /Users/tuantu/Desktop/dev/AI/mobile/game_df/ios-build/DerivedData/Build/Intermediates.noindex/Unity-iPhone.build/Debug-iphoneos/UnityFramework.build/Objects-normal/arm64/af3fcb34312c57c0f52879cdce924b91-common-args.resp
    
    /Applications/Xcode.app/Contents/Developer/Toolchains/XcodeDefault.xctoolchain/usr/bin/clang -x objective-c++ -ivfsstatcache /Users/tuantu/Desktop/dev/AI/mobile/game_df/ios-build/DerivedData/SDKStatCaches.noindex/iphoneos18.2-22C146-d5b9239ec3bf5b3adbecdf21472871e3.sdkstatcache -fmessage-length\=0 -fdiagnostics-show-note-include-stack -fmacro-backtrace-limit\=0 -fno-color-diagnostics -Wno-trigraphs -Wno-missing-field-initializers -Wno-missing-prototypes -Wquoted-include-in-framework-header -Wno-implicit-atomic-properties -Wno-objc-interface-ivars -Wno-arc-repeated-use-of-weak -Wimplicit-retain-self -Wno-non-virtual-dtor -Wno-overloaded-virtual -Wno-exit-time-destructors -Wduplicate-method-match -Wno-missing-braces -Wparentheses -Wswitch -Wno-unused-function -Wno-unused-label -Wno-unused-parameter -Wunused-variable -Wunused-value -Wempty-body -Wuninitialized -Wno-unknown-pragmas -Wno-shadow -Wno-four-char-constants -Wno-conversion -Wconstant-conversion -Wint-conversion -Wbool-conversion -Wenum-conversion -Wno-float-conversion -Wnon-literal-null-conversion -Wobjc-literal-conversion -Wshorten-64-to-32 -Wno-newline-eof -Wno-selector -Wno-strict-selector-match -Wno-undeclared-selector -Wdeprecated-implementations -Wno-c++11-extensions -Wno-implicit-fallthrough -fstrict-aliasing -Wprotocol -Wdeprecated-declarations -Winvalid-offsetof -Wno-sign-conversion -Winfinite-recursion -Wmove -Wcomma -Wblock-capture-autoreleasing -Wno-strict-prototypes -Wrange-loop-analysis -Wno-semicolon-before-method-body -index-store-path /Users/tuantu/Desktop/dev/AI/mobile/game_df/ios-build/DerivedData/Index.noindex/DataStore -Wno-missing-declarations @/Users/tuantu/Desktop/dev/AI/mobile/game_df/ios-build/DerivedData/Build/Intermediates.noindex/Unity-iPhone.build/Debug-iphoneos/UnityFramework.build/Objects-normal/arm64/af3fcb34312c57c0f52879cdce924b91-common-args.resp -include /Users/tuantu/Desktop/dev/AI/mobile/game_df/ios-build/DerivedData/Build/Intermediates.noindex/PrecompiledHeaders/SharedPrecompiledHeaders/2229478468874706855/Prefix.pch -MMD -MT dependencies -MF /Users/tuantu/Desktop/dev/AI/mobile/game_df/ios-build/DerivedData/Build/Intermediates.noindex/Unity-iPhone.build/Debug-iphoneos/UnityFramework.build/Objects-normal/arm64/LifeCycleListener.d --serialize-diagnostics /Users/tuantu/Desktop/dev/AI/mobile/game_df/ios-build/DerivedData/Build/Intermediates.noindex/Unity-iPhone.build/Debug-iphoneos/UnityFramework.build/Objects-normal/arm64/LifeCycleListener.dia -c /Users/tuantu/Desktop/dev/AI/mobile/game_df/ios-build/Classes/PluginBase/LifeCycleListener.mm -o /Users/tuantu/Desktop/dev/AI/mobile/game_df/ios-build/DerivedData/Build/Intermediates.noindex/Unity-iPhone.build/Debug-iphoneos/UnityFramework.build/Objects-normal/arm64/LifeCycleListener.o -index-unit-output-path /Unity-iPhone.build/Debug-iphoneos/UnityFramework.build/Objects-normal/arm64/LifeCycleListener.o

CompileC /Users/tuantu/Desktop/dev/AI/mobile/game_df/ios-build/DerivedData/Build/Intermediates.noindex/Unity-iPhone.build/Debug-iphoneos/UnityFramework.build/Objects-normal/arm64/AppDelegateListener.o /Users/tuantu/Desktop/dev/AI/mobile/game_df/ios-build/Classes/PluginBase/AppDelegateListener.mm normal arm64 objective-c++ com.apple.compilers.llvm.clang.1_0.compiler (in target 'UnityFramework' from project 'Unity-iPhone')
    cd /Users/tuantu/Desktop/dev/AI/mobile/game_df/ios-build
    
    Using response file: /Users/tuantu/Desktop/dev/AI/mobile/game_df/ios-build/DerivedData/Build/Intermediates.noindex/Unity-iPhone.build/Debug-iphoneos/UnityFramework.build/Objects-normal/arm64/af3fcb34312c57c0f52879cdce924b91-common-args.resp
    
    /Applications/Xcode.app/Contents/Developer/Toolchains/XcodeDefault.xctoolchain/usr/bin/clang -x objective-c++ -ivfsstatcache /Users/tuantu/Desktop/dev/AI/mobile/game_df/ios-build/DerivedData/SDKStatCaches.noindex/iphoneos18.2-22C146-d5b9239ec3bf5b3adbecdf21472871e3.sdkstatcache -fmessage-length\=0 -fdiagnostics-show-note-include-stack -fmacro-backtrace-limit\=0 -fno-color-diagnostics -Wno-trigraphs -Wno-missing-field-initializers -Wno-missing-prototypes -Wquoted-include-in-framework-header -Wno-implicit-atomic-properties -Wno-objc-interface-ivars -Wno-arc-repeated-use-of-weak -Wimplicit-retain-self -Wno-non-virtual-dtor -Wno-overloaded-virtual -Wno-exit-time-destructors -Wduplicate-method-match -Wno-missing-braces -Wparentheses -Wswitch -Wno-unused-function -Wno-unused-label -Wno-unused-parameter -Wunused-variable -Wunused-value -Wempty-body -Wuninitialized -Wno-unknown-pragmas -Wno-shadow -Wno-four-char-constants -Wno-conversion -Wconstant-conversion -Wint-conversion -Wbool-conversion -Wenum-conversion -Wno-float-conversion -Wnon-literal-null-conversion -Wobjc-literal-conversion -Wshorten-64-to-32 -Wno-newline-eof -Wno-selector -Wno-strict-selector-match -Wno-undeclared-selector -Wdeprecated-implementations -Wno-c++11-extensions -Wno-implicit-fallthrough -fstrict-aliasing -Wprotocol -Wdeprecated-declarations -Winvalid-offsetof -Wno-sign-conversion -Winfinite-recursion -Wmove -Wcomma -Wblock-capture-autoreleasing -Wno-strict-prototypes -Wrange-loop-analysis -Wno-semicolon-before-method-body -index-store-path /Users/tuantu/Desktop/dev/AI/mobile/game_df/ios-build/DerivedData/Index.noindex/DataStore -Wno-missing-declarations @/Users/tuantu/Desktop/dev/AI/mobile/game_df/ios-build/DerivedData/Build/Intermediates.noindex/Unity-iPhone.build/Debug-iphoneos/UnityFramework.build/Objects-normal/arm64/af3fcb34312c57c0f52879cdce924b91-common-args.resp -include /Users/tuantu/Desktop/dev/AI/mobile/game_df/ios-build/DerivedData/Build/Intermediates.noindex/PrecompiledHeaders/SharedPrecompiledHeaders/2229478468874706855/Prefix.pch -MMD -MT dependencies -MF /Users/tuantu/Desktop/dev/AI/mobile/game_df/ios-build/DerivedData/Build/Intermediates.noindex/Unity-iPhone.build/Debug-iphoneos/UnityFramework.build/Objects-normal/arm64/AppDelegateListener.d --serialize-diagnostics /Users/tuantu/Desktop/dev/AI/mobile/game_df/ios-build/DerivedData/Build/Intermediates.noindex/Unity-iPhone.build/Debug-iphoneos/UnityFramework.build/Objects-normal/arm64/AppDelegateListener.dia -c /Users/tuantu/Desktop/dev/AI/mobile/game_df/ios-build/Classes/PluginBase/AppDelegateListener.mm -o /Users/tuantu/Desktop/dev/AI/mobile/game_df/ios-build/DerivedData/Build/Intermediates.noindex/Unity-iPhone.build/Debug-iphoneos/UnityFramework.build/Objects-normal/arm64/AppDelegateListener.o -index-unit-output-path /Unity-iPhone.build/Debug-iphoneos/UnityFramework.build/Objects-normal/arm64/AppDelegateListener.o

CompileC /Users/tuantu/Desktop/dev/AI/mobile/game_df/ios-build/DerivedData/Build/Intermediates.noindex/Unity-iPhone.build/Debug-iphoneos/UnityFramework.build/Objects-normal/arm64/VideoPlayer.o /Users/tuantu/Desktop/dev/AI/mobile/game_df/ios-build/Classes/Unity/VideoPlayer.mm normal arm64 objective-c++ com.apple.compilers.llvm.clang.1_0.compiler (in target 'UnityFramework' from project 'Unity-iPhone')
    cd /Users/tuantu/Desktop/dev/AI/mobile/game_df/ios-build
    
    Using response file: /Users/tuantu/Desktop/dev/AI/mobile/game_df/ios-build/DerivedData/Build/Intermediates.noindex/Unity-iPhone.build/Debug-iphoneos/UnityFramework.build/Objects-normal/arm64/af3fcb34312c57c0f52879cdce924b91-common-args.resp
    
    /Applications/Xcode.app/Contents/Developer/Toolchains/XcodeDefault.xctoolchain/usr/bin/clang -x objective-c++ -ivfsstatcache /Users/tuantu/Desktop/dev/AI/mobile/game_df/ios-build/DerivedData/SDKStatCaches.noindex/iphoneos18.2-22C146-d5b9239ec3bf5b3adbecdf21472871e3.sdkstatcache -fmessage-length\=0 -fdiagnostics-show-note-include-stack -fmacro-backtrace-limit\=0 -fno-color-diagnostics -Wno-trigraphs -Wno-missing-field-initializers -Wno-missing-prototypes -Wquoted-include-in-framework-header -Wno-implicit-atomic-properties -Wno-objc-interface-ivars -Wno-arc-repeated-use-of-weak -Wimplicit-retain-self -Wno-non-virtual-dtor -Wno-overloaded-virtual -Wno-exit-time-destructors -Wduplicate-method-match -Wno-missing-braces -Wparentheses -Wswitch -Wno-unused-function -Wno-unused-label -Wno-unused-parameter -Wunused-variable -Wunused-value -Wempty-body -Wuninitialized -Wno-unknown-pragmas -Wno-shadow -Wno-four-char-constants -Wno-conversion -Wconstant-conversion -Wint-conversion -Wbool-conversion -Wenum-conversion -Wno-float-conversion -Wnon-literal-null-conversion -Wobjc-literal-conversion -Wshorten-64-to-32 -Wno-newline-eof -Wno-selector -Wno-strict-selector-match -Wno-undeclared-selector -Wdeprecated-implementations -Wno-c++11-extensions -Wno-implicit-fallthrough -fstrict-aliasing -Wprotocol -Wdeprecated-declarations -Winvalid-offsetof -Wno-sign-conversion -Winfinite-recursion -Wmove -Wcomma -Wblock-capture-autoreleasing -Wno-strict-prototypes -Wrange-loop-analysis -Wno-semicolon-before-method-body -index-store-path /Users/tuantu/Desktop/dev/AI/mobile/game_df/ios-build/DerivedData/Index.noindex/DataStore -Wno-missing-declarations @/Users/tuantu/Desktop/dev/AI/mobile/game_df/ios-build/DerivedData/Build/Intermediates.noindex/Unity-iPhone.build/Debug-iphoneos/UnityFramework.build/Objects-normal/arm64/af3fcb34312c57c0f52879cdce924b91-common-args.resp -include /Users/tuantu/Desktop/dev/AI/mobile/game_df/ios-build/DerivedData/Build/Intermediates.noindex/PrecompiledHeaders/SharedPrecompiledHeaders/2229478468874706855/Prefix.pch -MMD -MT dependencies -MF /Users/tuantu/Desktop/dev/AI/mobile/game_df/ios-build/DerivedData/Build/Intermediates.noindex/Unity-iPhone.build/Debug-iphoneos/UnityFramework.build/Objects-normal/arm64/VideoPlayer.d --serialize-diagnostics /Users/tuantu/Desktop/dev/AI/mobile/game_df/ios-build/DerivedData/Build/Intermediates.noindex/Unity-iPhone.build/Debug-iphoneos/UnityFramework.build/Objects-normal/arm64/VideoPlayer.dia -c /Users/tuantu/Desktop/dev/AI/mobile/game_df/ios-build/Classes/Unity/VideoPlayer.mm -o /Users/tuantu/Desktop/dev/AI/mobile/game_df/ios-build/DerivedData/Build/Intermediates.noindex/Unity-iPhone.build/Debug-iphoneos/UnityFramework.build/Objects-normal/arm64/VideoPlayer.o -index-unit-output-path /Unity-iPhone.build/Debug-iphoneos/UnityFramework.build/Objects-normal/arm64/VideoPlayer.o

CompileC /Users/tuantu/Desktop/dev/AI/mobile/game_df/ios-build/DerivedData/Build/Intermediates.noindex/Unity-iPhone.build/Debug-iphoneos/UnityFramework.build/Objects-normal/arm64/main.o /Users/tuantu/Desktop/dev/AI/mobile/game_df/ios-build/Classes/main.mm normal arm64 objective-c++ com.apple.compilers.llvm.clang.1_0.compiler (in target 'UnityFramework' from project 'Unity-iPhone')
    cd /Users/tuantu/Desktop/dev/AI/mobile/game_df/ios-build
    
    Using response file: /Users/tuantu/Desktop/dev/AI/mobile/game_df/ios-build/DerivedData/Build/Intermediates.noindex/Unity-iPhone.build/Debug-iphoneos/UnityFramework.build/Objects-normal/arm64/af3fcb34312c57c0f52879cdce924b91-common-args.resp
    
    /Applications/Xcode.app/Contents/Developer/Toolchains/XcodeDefault.xctoolchain/usr/bin/clang -x objective-c++ -ivfsstatcache /Users/tuantu/Desktop/dev/AI/mobile/game_df/ios-build/DerivedData/SDKStatCaches.noindex/iphoneos18.2-22C146-d5b9239ec3bf5b3adbecdf21472871e3.sdkstatcache -fmessage-length\=0 -fdiagnostics-show-note-include-stack -fmacro-backtrace-limit\=0 -fno-color-diagnostics -Wno-trigraphs -Wno-missing-field-initializers -Wno-missing-prototypes -Wquoted-include-in-framework-header -Wno-implicit-atomic-properties -Wno-objc-interface-ivars -Wno-arc-repeated-use-of-weak -Wimplicit-retain-self -Wno-non-virtual-dtor -Wno-overloaded-virtual -Wno-exit-time-destructors -Wduplicate-method-match -Wno-missing-braces -Wparentheses -Wswitch -Wno-unused-function -Wno-unused-label -Wno-unused-parameter -Wunused-variable -Wunused-value -Wempty-body -Wuninitialized -Wno-unknown-pragmas -Wno-shadow -Wno-four-char-constants -Wno-conversion -Wconstant-conversion -Wint-conversion -Wbool-conversion -Wenum-conversion -Wno-float-conversion -Wnon-literal-null-conversion -Wobjc-literal-conversion -Wshorten-64-to-32 -Wno-newline-eof -Wno-selector -Wno-strict-selector-match -Wno-undeclared-selector -Wdeprecated-implementations -Wno-c++11-extensions -Wno-implicit-fallthrough -fstrict-aliasing -Wprotocol -Wdeprecated-declarations -Winvalid-offsetof -Wno-sign-conversion -Winfinite-recursion -Wmove -Wcomma -Wblock-capture-autoreleasing -Wno-strict-prototypes -Wrange-loop-analysis -Wno-semicolon-before-method-body -index-store-path /Users/tuantu/Desktop/dev/AI/mobile/game_df/ios-build/DerivedData/Index.noindex/DataStore -Wno-missing-declarations @/Users/tuantu/Desktop/dev/AI/mobile/game_df/ios-build/DerivedData/Build/Intermediates.noindex/Unity-iPhone.build/Debug-iphoneos/UnityFramework.build/Objects-normal/arm64/af3fcb34312c57c0f52879cdce924b91-common-args.resp -include /Users/tuantu/Desktop/dev/AI/mobile/game_df/ios-build/DerivedData/Build/Intermediates.noindex/PrecompiledHeaders/SharedPrecompiledHeaders/2229478468874706855/Prefix.pch -MMD -MT dependencies -MF /Users/tuantu/Desktop/dev/AI/mobile/game_df/ios-build/DerivedData/Build/Intermediates.noindex/Unity-iPhone.build/Debug-iphoneos/UnityFramework.build/Objects-normal/arm64/main.d --serialize-diagnostics /Users/tuantu/Desktop/dev/AI/mobile/game_df/ios-build/DerivedData/Build/Intermediates.noindex/Unity-iPhone.build/Debug-iphoneos/UnityFramework.build/Objects-normal/arm64/main.dia -c /Users/tuantu/Desktop/dev/AI/mobile/game_df/ios-build/Classes/main.mm -o /Users/tuantu/Desktop/dev/AI/mobile/game_df/ios-build/DerivedData/Build/Intermediates.noindex/Unity-iPhone.build/Debug-iphoneos/UnityFramework.build/Objects-normal/arm64/main.o -index-unit-output-path /Unity-iPhone.build/Debug-iphoneos/UnityFramework.build/Objects-normal/arm64/main.o

CompileC /Users/tuantu/Desktop/dev/AI/mobile/game_df/ios-build/DerivedData/Build/Intermediates.noindex/Unity-iPhone.build/Debug-iphoneos/UnityFramework.build/Objects-normal/arm64/iPhone_Sensors.o /Users/tuantu/Desktop/dev/AI/mobile/game_df/ios-build/Classes/iPhone_Sensors.mm normal arm64 objective-c++ com.apple.compilers.llvm.clang.1_0.compiler (in target 'UnityFramework' from project 'Unity-iPhone')
    cd /Users/tuantu/Desktop/dev/AI/mobile/game_df/ios-build
    
    Using response file: /Users/tuantu/Desktop/dev/AI/mobile/game_df/ios-build/DerivedData/Build/Intermediates.noindex/Unity-iPhone.build/Debug-iphoneos/UnityFramework.build/Objects-normal/arm64/af3fcb34312c57c0f52879cdce924b91-common-args.resp
    
    /Applications/Xcode.app/Contents/Developer/Toolchains/XcodeDefault.xctoolchain/usr/bin/clang -x objective-c++ -ivfsstatcache /Users/tuantu/Desktop/dev/AI/mobile/game_df/ios-build/DerivedData/SDKStatCaches.noindex/iphoneos18.2-22C146-d5b9239ec3bf5b3adbecdf21472871e3.sdkstatcache -fmessage-length\=0 -fdiagnostics-show-note-include-stack -fmacro-backtrace-limit\=0 -fno-color-diagnostics -Wno-trigraphs -Wno-missing-field-initializers -Wno-missing-prototypes -Wquoted-include-in-framework-header -Wno-implicit-atomic-properties -Wno-objc-interface-ivars -Wno-arc-repeated-use-of-weak -Wimplicit-retain-self -Wno-non-virtual-dtor -Wno-overloaded-virtual -Wno-exit-time-destructors -Wduplicate-method-match -Wno-missing-braces -Wparentheses -Wswitch -Wno-unused-function -Wno-unused-label -Wno-unused-parameter -Wunused-variable -Wunused-value -Wempty-body -Wuninitialized -Wno-unknown-pragmas -Wno-shadow -Wno-four-char-constants -Wno-conversion -Wconstant-conversion -Wint-conversion -Wbool-conversion -Wenum-conversion -Wno-float-conversion -Wnon-literal-null-conversion -Wobjc-literal-conversion -Wshorten-64-to-32 -Wno-newline-eof -Wno-selector -Wno-strict-selector-match -Wno-undeclared-selector -Wdeprecated-implementations -Wno-c++11-extensions -Wno-implicit-fallthrough -fstrict-aliasing -Wprotocol -Wdeprecated-declarations -Winvalid-offsetof -Wno-sign-conversion -Winfinite-recursion -Wmove -Wcomma -Wblock-capture-autoreleasing -Wno-strict-prototypes -Wrange-loop-analysis -Wno-semicolon-before-method-body -index-store-path /Users/tuantu/Desktop/dev/AI/mobile/game_df/ios-build/DerivedData/Index.noindex/DataStore -Wno-missing-declarations @/Users/tuantu/Desktop/dev/AI/mobile/game_df/ios-build/DerivedData/Build/Intermediates.noindex/Unity-iPhone.build/Debug-iphoneos/UnityFramework.build/Objects-normal/arm64/af3fcb34312c57c0f52879cdce924b91-common-args.resp -include /Users/tuantu/Desktop/dev/AI/mobile/game_df/ios-build/DerivedData/Build/Intermediates.noindex/PrecompiledHeaders/SharedPrecompiledHeaders/2229478468874706855/Prefix.pch -MMD -MT dependencies -MF /Users/tuantu/Desktop/dev/AI/mobile/game_df/ios-build/DerivedData/Build/Intermediates.noindex/Unity-iPhone.build/Debug-iphoneos/UnityFramework.build/Objects-normal/arm64/iPhone_Sensors.d --serialize-diagnostics /Users/tuantu/Desktop/dev/AI/mobile/game_df/ios-build/DerivedData/Build/Intermediates.noindex/Unity-iPhone.build/Debug-iphoneos/UnityFramework.build/Objects-normal/arm64/iPhone_Sensors.dia -c /Users/tuantu/Desktop/dev/AI/mobile/game_df/ios-build/Classes/iPhone_Sensors.mm -o /Users/tuantu/Desktop/dev/AI/mobile/game_df/ios-build/DerivedData/Build/Intermediates.noindex/Unity-iPhone.build/Debug-iphoneos/UnityFramework.build/Objects-normal/arm64/iPhone_Sensors.o -index-unit-output-path /Unity-iPhone.build/Debug-iphoneos/UnityFramework.build/Objects-normal/arm64/iPhone_Sensors.o
/Users/tuantu/Desktop/dev/AI/mobile/game_df/ios-build/Classes/iPhone_Sensors.mm:590:16: warning: 'hasAttitudeAndRotationRate' is deprecated: first deprecated in iOS 14.0 - hasAttitudeAndRotationRate has been deprecated, use -hasAttitude and -hasRotationRate instead [-Wdeprecated-declarations]
  590 |     if (motion.hasAttitudeAndRotationRate)
      |                ^
In file included from /Users/tuantu/Desktop/dev/AI/mobile/game_df/ios-build/Classes/iPhone_Sensors.mm:12:
In file included from /Applications/Xcode.app/Contents/Developer/Platforms/iPhoneOS.platform/Developer/SDKs/iPhoneOS18.2.sdk/System/Library/Frameworks/GameController.framework/Headers/GameController.h:43:
/Applications/Xcode.app/Contents/Developer/Platforms/iPhoneOS.platform/Developer/SDKs/iPhoneOS18.2.sdk/System/Library/Frameworks/GameController.framework/Headers/GCMotion.h:179:38: note: 'hasAttitudeAndRotationRate' has been explicitly marked deprecated here
  179 | @property (nonatomic, readonly) BOOL hasAttitudeAndRotationRate API_DEPRECATED("hasAttitudeAndRotationRate has been deprecated, use -hasAttitude and -hasRotationRate instead", macos(10.13, 11.0), ios(11.0, 14.0), tvos(11.0, 14.0));
      |                                      ^
/Users/tuantu/Desktop/dev/AI/mobile/game_df/ios-build/Classes/iPhone_Sensors.mm:627:20: warning: 'controllerPausedHandler' is deprecated: first deprecated in iOS 13.0 - controllerPausedHandler has been deprecated. Use the Menu button found on the controller's profile, if it exists. [-Wdeprecated-declarations]
  627 |     if (controller.controllerPausedHandler == nil)
      |                    ^
In file included from /Users/tuantu/Desktop/dev/AI/mobile/game_df/ios-build/Classes/iPhone_Sensors.mm:12:
In file included from /Applications/Xcode.app/Contents/Developer/Platforms/iPhoneOS.platform/Developer/SDKs/iPhoneOS18.2.sdk/System/Library/Frameworks/GameController.framework/Headers/GameController.h:68:
/Applications/Xcode.app/Contents/Developer/Platforms/iPhoneOS.platform/Developer/SDKs/iPhoneOS18.2.sdk/System/Library/Frameworks/GameController.framework/Headers/GCController.h:138:46: note: 'controllerPausedHandler' has been explicitly marked deprecated here
  138 | @property (nonatomic, copy, nullable) void (^controllerPausedHandler)(GCController *controller) API_DEPRECATED("controllerPausedHandler has been deprecated. Use the Menu button found on the controller's profile, if it exists.", macos(10.9, 10.15), ios(7.0, 13.0), tvos(9.0, 13.0));
      |                                              ^
/Users/tuantu/Desktop/dev/AI/mobile/game_df/ios-build/Classes/iPhone_Sensors.mm:628:20: warning: 'controllerPausedHandler' is deprecated: first deprecated in iOS 13.0 - controllerPausedHandler has been deprecated. Use the Menu button found on the controller's profile, if it exists. [-Wdeprecated-declarations]
  628 |         controller.controllerPausedHandler = gControllerHandler;
      |                    ^
In file included from /Users/tuantu/Desktop/dev/AI/mobile/game_df/ios-build/Classes/iPhone_Sensors.mm:12:
In file included from /Applications/Xcode.app/Contents/Developer/Platforms/iPhoneOS.platform/Developer/SDKs/iPhoneOS18.2.sdk/System/Library/Frameworks/GameController.framework/Headers/GameController.h:68:
/Applications/Xcode.app/Contents/Developer/Platforms/iPhoneOS.platform/Developer/SDKs/iPhoneOS18.2.sdk/System/Library/Frameworks/GameController.framework/Headers/GCController.h:138:46: note: 'controllerPausedHandler' has been explicitly marked deprecated here
  138 | @property (nonatomic, copy, nullable) void (^controllerPausedHandler)(GCController *controller) API_DEPRECATED("controllerPausedHandler has been deprecated. Use the Menu button found on the controller's profile, if it exists.", macos(10.9, 10.15), ios(7.0, 13.0), tvos(9.0, 13.0));
      |                                              ^
3 warnings generated.

CompileC /Users/tuantu/Desktop/dev/AI/mobile/game_df/ios-build/DerivedData/Build/Intermediates.noindex/Unity-iPhone.build/Debug-iphoneos/UnityFramework.build/Objects-normal/arm64/iOSStepCounter.o /Users/tuantu/Desktop/dev/AI/mobile/game_df/ios-build/Libraries/com.unity.inputsystem/InputSystem/Plugins/iOS/iOSStepCounter.mm normal arm64 objective-c++ com.apple.compilers.llvm.clang.1_0.compiler (in target 'UnityFramework' from project 'Unity-iPhone')
    cd /Users/tuantu/Desktop/dev/AI/mobile/game_df/ios-build
    
    Using response file: /Users/tuantu/Desktop/dev/AI/mobile/game_df/ios-build/DerivedData/Build/Intermediates.noindex/Unity-iPhone.build/Debug-iphoneos/UnityFramework.build/Objects-normal/arm64/af3fcb34312c57c0f52879cdce924b91-common-args.resp
    
    /Applications/Xcode.app/Contents/Developer/Toolchains/XcodeDefault.xctoolchain/usr/bin/clang -x objective-c++ -ivfsstatcache /Users/tuantu/Desktop/dev/AI/mobile/game_df/ios-build/DerivedData/SDKStatCaches.noindex/iphoneos18.2-22C146-d5b9239ec3bf5b3adbecdf21472871e3.sdkstatcache -fmessage-length\=0 -fdiagnostics-show-note-include-stack -fmacro-backtrace-limit\=0 -fno-color-diagnostics -Wno-trigraphs -Wno-missing-field-initializers -Wno-missing-prototypes -Wquoted-include-in-framework-header -Wno-implicit-atomic-properties -Wno-objc-interface-ivars -Wno-arc-repeated-use-of-weak -Wimplicit-retain-self -Wno-non-virtual-dtor -Wno-overloaded-virtual -Wno-exit-time-destructors -Wduplicate-method-match -Wno-missing-braces -Wparentheses -Wswitch -Wno-unused-function -Wno-unused-label -Wno-unused-parameter -Wunused-variable -Wunused-value -Wempty-body -Wuninitialized -Wno-unknown-pragmas -Wno-shadow -Wno-four-char-constants -Wno-conversion -Wconstant-conversion -Wint-conversion -Wbool-conversion -Wenum-conversion -Wno-float-conversion -Wnon-literal-null-conversion -Wobjc-literal-conversion -Wshorten-64-to-32 -Wno-newline-eof -Wno-selector -Wno-strict-selector-match -Wno-undeclared-selector -Wdeprecated-implementations -Wno-c++11-extensions -Wno-implicit-fallthrough -fstrict-aliasing -Wprotocol -Wdeprecated-declarations -Winvalid-offsetof -Wno-sign-conversion -Winfinite-recursion -Wmove -Wcomma -Wblock-capture-autoreleasing -Wno-strict-prototypes -Wrange-loop-analysis -Wno-semicolon-before-method-body -index-store-path /Users/tuantu/Desktop/dev/AI/mobile/game_df/ios-build/DerivedData/Index.noindex/DataStore -Wno-missing-declarations @/Users/tuantu/Desktop/dev/AI/mobile/game_df/ios-build/DerivedData/Build/Intermediates.noindex/Unity-iPhone.build/Debug-iphoneos/UnityFramework.build/Objects-normal/arm64/af3fcb34312c57c0f52879cdce924b91-common-args.resp -include /Users/tuantu/Desktop/dev/AI/mobile/game_df/ios-build/DerivedData/Build/Intermediates.noindex/PrecompiledHeaders/SharedPrecompiledHeaders/2229478468874706855/Prefix.pch -MMD -MT dependencies -MF /Users/tuantu/Desktop/dev/AI/mobile/game_df/ios-build/DerivedData/Build/Intermediates.noindex/Unity-iPhone.build/Debug-iphoneos/UnityFramework.build/Objects-normal/arm64/iOSStepCounter.d --serialize-diagnostics /Users/tuantu/Desktop/dev/AI/mobile/game_df/ios-build/DerivedData/Build/Intermediates.noindex/Unity-iPhone.build/Debug-iphoneos/UnityFramework.build/Objects-normal/arm64/iOSStepCounter.dia -c /Users/tuantu/Desktop/dev/AI/mobile/game_df/ios-build/Libraries/com.unity.inputsystem/InputSystem/Plugins/iOS/iOSStepCounter.mm -o /Users/tuantu/Desktop/dev/AI/mobile/game_df/ios-build/DerivedData/Build/Intermediates.noindex/Unity-iPhone.build/Debug-iphoneos/UnityFramework.build/Objects-normal/arm64/iOSStepCounter.o -index-unit-output-path /Unity-iPhone.build/Debug-iphoneos/UnityFramework.build/Objects-normal/arm64/iOSStepCounter.o

CompileC /Users/tuantu/Desktop/dev/AI/mobile/game_df/ios-build/DerivedData/Build/Intermediates.noindex/Unity-iPhone.build/Debug-iphoneos/UnityFramework.build/Objects-normal/arm64/UnityViewControllerBase.o /Users/tuantu/Desktop/dev/AI/mobile/game_df/ios-build/Classes/UI/UnityViewControllerBase.mm normal arm64 objective-c++ com.apple.compilers.llvm.clang.1_0.compiler (in target 'UnityFramework' from project 'Unity-iPhone')
    cd /Users/tuantu/Desktop/dev/AI/mobile/game_df/ios-build
    
    Using response file: /Users/tuantu/Desktop/dev/AI/mobile/game_df/ios-build/DerivedData/Build/Intermediates.noindex/Unity-iPhone.build/Debug-iphoneos/UnityFramework.build/Objects-normal/arm64/af3fcb34312c57c0f52879cdce924b91-common-args.resp
    
    /Applications/Xcode.app/Contents/Developer/Toolchains/XcodeDefault.xctoolchain/usr/bin/clang -x objective-c++ -ivfsstatcache /Users/tuantu/Desktop/dev/AI/mobile/game_df/ios-build/DerivedData/SDKStatCaches.noindex/iphoneos18.2-22C146-d5b9239ec3bf5b3adbecdf21472871e3.sdkstatcache -fmessage-length\=0 -fdiagnostics-show-note-include-stack -fmacro-backtrace-limit\=0 -fno-color-diagnostics -Wno-trigraphs -Wno-missing-field-initializers -Wno-missing-prototypes -Wquoted-include-in-framework-header -Wno-implicit-atomic-properties -Wno-objc-interface-ivars -Wno-arc-repeated-use-of-weak -Wimplicit-retain-self -Wno-non-virtual-dtor -Wno-overloaded-virtual -Wno-exit-time-destructors -Wduplicate-method-match -Wno-missing-braces -Wparentheses -Wswitch -Wno-unused-function -Wno-unused-label -Wno-unused-parameter -Wunused-variable -Wunused-value -Wempty-body -Wuninitialized -Wno-unknown-pragmas -Wno-shadow -Wno-four-char-constants -Wno-conversion -Wconstant-conversion -Wint-conversion -Wbool-conversion -Wenum-conversion -Wno-float-conversion -Wnon-literal-null-conversion -Wobjc-literal-conversion -Wshorten-64-to-32 -Wno-newline-eof -Wno-selector -Wno-strict-selector-match -Wno-undeclared-selector -Wdeprecated-implementations -Wno-c++11-extensions -Wno-implicit-fallthrough -fstrict-aliasing -Wprotocol -Wdeprecated-declarations -Winvalid-offsetof -Wno-sign-conversion -Winfinite-recursion -Wmove -Wcomma -Wblock-capture-autoreleasing -Wno-strict-prototypes -Wrange-loop-analysis -Wno-semicolon-before-method-body -index-store-path /Users/tuantu/Desktop/dev/AI/mobile/game_df/ios-build/DerivedData/Index.noindex/DataStore -Wno-missing-declarations @/Users/tuantu/Desktop/dev/AI/mobile/game_df/ios-build/DerivedData/Build/Intermediates.noindex/Unity-iPhone.build/Debug-iphoneos/UnityFramework.build/Objects-normal/arm64/af3fcb34312c57c0f52879cdce924b91-common-args.resp -include /Users/tuantu/Desktop/dev/AI/mobile/game_df/ios-build/DerivedData/Build/Intermediates.noindex/PrecompiledHeaders/SharedPrecompiledHeaders/2229478468874706855/Prefix.pch -MMD -MT dependencies -MF /Users/tuantu/Desktop/dev/AI/mobile/game_df/ios-build/DerivedData/Build/Intermediates.noindex/Unity-iPhone.build/Debug-iphoneos/UnityFramework.build/Objects-normal/arm64/UnityViewControllerBase.d --serialize-diagnostics /Users/tuantu/Desktop/dev/AI/mobile/game_df/ios-build/DerivedData/Build/Intermediates.noindex/Unity-iPhone.build/Debug-iphoneos/UnityFramework.build/Objects-normal/arm64/UnityViewControllerBase.dia -c /Users/tuantu/Desktop/dev/AI/mobile/game_df/ios-build/Classes/UI/UnityViewControllerBase.mm -o /Users/tuantu/Desktop/dev/AI/mobile/game_df/ios-build/DerivedData/Build/Intermediates.noindex/Unity-iPhone.build/Debug-iphoneos/UnityFramework.build/Objects-normal/arm64/UnityViewControllerBase.o -index-unit-output-path /Unity-iPhone.build/Debug-iphoneos/UnityFramework.build/Objects-normal/arm64/UnityViewControllerBase.o

CompileC /Users/tuantu/Desktop/dev/AI/mobile/game_df/ios-build/DerivedData/Build/Intermediates.noindex/Unity-iPhone.build/Debug-iphoneos/UnityFramework.build/Objects-normal/arm64/UnityViewControllerBase+visionOS.o /Users/tuantu/Desktop/dev/AI/mobile/game_df/ios-build/Classes/UI/UnityViewControllerBase+visionOS.mm normal arm64 objective-c++ com.apple.compilers.llvm.clang.1_0.compiler (in target 'UnityFramework' from project 'Unity-iPhone')
    cd /Users/tuantu/Desktop/dev/AI/mobile/game_df/ios-build
    
    Using response file: /Users/tuantu/Desktop/dev/AI/mobile/game_df/ios-build/DerivedData/Build/Intermediates.noindex/Unity-iPhone.build/Debug-iphoneos/UnityFramework.build/Objects-normal/arm64/af3fcb34312c57c0f52879cdce924b91-common-args.resp
    
    /Applications/Xcode.app/Contents/Developer/Toolchains/XcodeDefault.xctoolchain/usr/bin/clang -x objective-c++ -ivfsstatcache /Users/tuantu/Desktop/dev/AI/mobile/game_df/ios-build/DerivedData/SDKStatCaches.noindex/iphoneos18.2-22C146-d5b9239ec3bf5b3adbecdf21472871e3.sdkstatcache -fmessage-length\=0 -fdiagnostics-show-note-include-stack -fmacro-backtrace-limit\=0 -fno-color-diagnostics -Wno-trigraphs -Wno-missing-field-initializers -Wno-missing-prototypes -Wquoted-include-in-framework-header -Wno-implicit-atomic-properties -Wno-objc-interface-ivars -Wno-arc-repeated-use-of-weak -Wimplicit-retain-self -Wno-non-virtual-dtor -Wno-overloaded-virtual -Wno-exit-time-destructors -Wduplicate-method-match -Wno-missing-braces -Wparentheses -Wswitch -Wno-unused-function -Wno-unused-label -Wno-unused-parameter -Wunused-variable -Wunused-value -Wempty-body -Wuninitialized -Wno-unknown-pragmas -Wno-shadow -Wno-four-char-constants -Wno-conversion -Wconstant-conversion -Wint-conversion -Wbool-conversion -Wenum-conversion -Wno-float-conversion -Wnon-literal-null-conversion -Wobjc-literal-conversion -Wshorten-64-to-32 -Wno-newline-eof -Wno-selector -Wno-strict-selector-match -Wno-undeclared-selector -Wdeprecated-implementations -Wno-c++11-extensions -Wno-implicit-fallthrough -fstrict-aliasing -Wprotocol -Wdeprecated-declarations -Winvalid-offsetof -Wno-sign-conversion -Winfinite-recursion -Wmove -Wcomma -Wblock-capture-autoreleasing -Wno-strict-prototypes -Wrange-loop-analysis -Wno-semicolon-before-method-body -index-store-path /Users/tuantu/Desktop/dev/AI/mobile/game_df/ios-build/DerivedData/Index.noindex/DataStore -Wno-missing-declarations @/Users/tuantu/Desktop/dev/AI/mobile/game_df/ios-build/DerivedData/Build/Intermediates.noindex/Unity-iPhone.build/Debug-iphoneos/UnityFramework.build/Objects-normal/arm64/af3fcb34312c57c0f52879cdce924b91-common-args.resp -include /Users/tuantu/Desktop/dev/AI/mobile/game_df/ios-build/DerivedData/Build/Intermediates.noindex/PrecompiledHeaders/SharedPrecompiledHeaders/2229478468874706855/Prefix.pch -MMD -MT dependencies -MF /Users/tuantu/Desktop/dev/AI/mobile/game_df/ios-build/DerivedData/Build/Intermediates.noindex/Unity-iPhone.build/Debug-iphoneos/UnityFramework.build/Objects-normal/arm64/UnityViewControllerBase+visionOS.d --serialize-diagnostics /Users/tuantu/Desktop/dev/AI/mobile/game_df/ios-build/DerivedData/Build/Intermediates.noindex/Unity-iPhone.build/Debug-iphoneos/UnityFramework.build/Objects-normal/arm64/UnityViewControllerBase+visionOS.dia -c /Users/tuantu/Desktop/dev/AI/mobile/game_df/ios-build/Classes/UI/UnityViewControllerBase+visionOS.mm -o /Users/tuantu/Desktop/dev/AI/mobile/game_df/ios-build/DerivedData/Build/Intermediates.noindex/Unity-iPhone.build/Debug-iphoneos/UnityFramework.build/Objects-normal/arm64/UnityViewControllerBase+visionOS.o -index-unit-output-path /Unity-iPhone.build/Debug-iphoneos/UnityFramework.build/Objects-normal/arm64/UnityViewControllerBase+visionOS.o

CompileC /Users/tuantu/Desktop/dev/AI/mobile/game_df/ios-build/DerivedData/Build/Intermediates.noindex/Unity-iPhone.build/Debug-iphoneos/UnityFramework.build/Objects-normal/arm64/UnityViewControllerBase+tvOS.o /Users/tuantu/Desktop/dev/AI/mobile/game_df/ios-build/Classes/UI/UnityViewControllerBase+tvOS.mm normal arm64 objective-c++ com.apple.compilers.llvm.clang.1_0.compiler (in target 'UnityFramework' from project 'Unity-iPhone')
    cd /Users/tuantu/Desktop/dev/AI/mobile/game_df/ios-build
    
    Using response file: /Users/tuantu/Desktop/dev/AI/mobile/game_df/ios-build/DerivedData/Build/Intermediates.noindex/Unity-iPhone.build/Debug-iphoneos/UnityFramework.build/Objects-normal/arm64/af3fcb34312c57c0f52879cdce924b91-common-args.resp
    
    /Applications/Xcode.app/Contents/Developer/Toolchains/XcodeDefault.xctoolchain/usr/bin/clang -x objective-c++ -ivfsstatcache /Users/tuantu/Desktop/dev/AI/mobile/game_df/ios-build/DerivedData/SDKStatCaches.noindex/iphoneos18.2-22C146-d5b9239ec3bf5b3adbecdf21472871e3.sdkstatcache -fmessage-length\=0 -fdiagnostics-show-note-include-stack -fmacro-backtrace-limit\=0 -fno-color-diagnostics -Wno-trigraphs -Wno-missing-field-initializers -Wno-missing-prototypes -Wquoted-include-in-framework-header -Wno-implicit-atomic-properties -Wno-objc-interface-ivars -Wno-arc-repeated-use-of-weak -Wimplicit-retain-self -Wno-non-virtual-dtor -Wno-overloaded-virtual -Wno-exit-time-destructors -Wduplicate-method-match -Wno-missing-braces -Wparentheses -Wswitch -Wno-unused-function -Wno-unused-label -Wno-unused-parameter -Wunused-variable -Wunused-value -Wempty-body -Wuninitialized -Wno-unknown-pragmas -Wno-shadow -Wno-four-char-constants -Wno-conversion -Wconstant-conversion -Wint-conversion -Wbool-conversion -Wenum-conversion -Wno-float-conversion -Wnon-literal-null-conversion -Wobjc-literal-conversion -Wshorten-64-to-32 -Wno-newline-eof -Wno-selector -Wno-strict-selector-match -Wno-undeclared-selector -Wdeprecated-implementations -Wno-c++11-extensions -Wno-implicit-fallthrough -fstrict-aliasing -Wprotocol -Wdeprecated-declarations -Winvalid-offsetof -Wno-sign-conversion -Winfinite-recursion -Wmove -Wcomma -Wblock-capture-autoreleasing -Wno-strict-prototypes -Wrange-loop-analysis -Wno-semicolon-before-method-body -index-store-path /Users/tuantu/Desktop/dev/AI/mobile/game_df/ios-build/DerivedData/Index.noindex/DataStore -Wno-missing-declarations @/Users/tuantu/Desktop/dev/AI/mobile/game_df/ios-build/DerivedData/Build/Intermediates.noindex/Unity-iPhone.build/Debug-iphoneos/UnityFramework.build/Objects-normal/arm64/af3fcb34312c57c0f52879cdce924b91-common-args.resp -include /Users/tuantu/Desktop/dev/AI/mobile/game_df/ios-build/DerivedData/Build/Intermediates.noindex/PrecompiledHeaders/SharedPrecompiledHeaders/2229478468874706855/Prefix.pch -MMD -MT dependencies -MF /Users/tuantu/Desktop/dev/AI/mobile/game_df/ios-build/DerivedData/Build/Intermediates.noindex/Unity-iPhone.build/Debug-iphoneos/UnityFramework.build/Objects-normal/arm64/UnityViewControllerBase+tvOS.d --serialize-diagnostics /Users/tuantu/Desktop/dev/AI/mobile/game_df/ios-build/DerivedData/Build/Intermediates.noindex/Unity-iPhone.build/Debug-iphoneos/UnityFramework.build/Objects-normal/arm64/UnityViewControllerBase+tvOS.dia -c /Users/tuantu/Desktop/dev/AI/mobile/game_df/ios-build/Classes/UI/UnityViewControllerBase+tvOS.mm -o /Users/tuantu/Desktop/dev/AI/mobile/game_df/ios-build/DerivedData/Build/Intermediates.noindex/Unity-iPhone.build/Debug-iphoneos/UnityFramework.build/Objects-normal/arm64/UnityViewControllerBase+tvOS.o -index-unit-output-path /Unity-iPhone.build/Debug-iphoneos/UnityFramework.build/Objects-normal/arm64/UnityViewControllerBase+tvOS.o

CompileC /Users/tuantu/Desktop/dev/AI/mobile/game_df/ios-build/DerivedData/Build/Intermediates.noindex/Unity-iPhone.build/Debug-iphoneos/UnityFramework.build/Objects-normal/arm64/UnityViewControllerBase+iOS.o /Users/tuantu/Desktop/dev/AI/mobile/game_df/ios-build/Classes/UI/UnityViewControllerBase+iOS.mm normal arm64 objective-c++ com.apple.compilers.llvm.clang.1_0.compiler (in target 'UnityFramework' from project 'Unity-iPhone')
    cd /Users/tuantu/Desktop/dev/AI/mobile/game_df/ios-build
    
    Using response file: /Users/tuantu/Desktop/dev/AI/mobile/game_df/ios-build/DerivedData/Build/Intermediates.noindex/Unity-iPhone.build/Debug-iphoneos/UnityFramework.build/Objects-normal/arm64/af3fcb34312c57c0f52879cdce924b91-common-args.resp
    
    /Applications/Xcode.app/Contents/Developer/Toolchains/XcodeDefault.xctoolchain/usr/bin/clang -x objective-c++ -ivfsstatcache /Users/tuantu/Desktop/dev/AI/mobile/game_df/ios-build/DerivedData/SDKStatCaches.noindex/iphoneos18.2-22C146-d5b9239ec3bf5b3adbecdf21472871e3.sdkstatcache -fmessage-length\=0 -fdiagnostics-show-note-include-stack -fmacro-backtrace-limit\=0 -fno-color-diagnostics -Wno-trigraphs -Wno-missing-field-initializers -Wno-missing-prototypes -Wquoted-include-in-framework-header -Wno-implicit-atomic-properties -Wno-objc-interface-ivars -Wno-arc-repeated-use-of-weak -Wimplicit-retain-self -Wno-non-virtual-dtor -Wno-overloaded-virtual -Wno-exit-time-destructors -Wduplicate-method-match -Wno-missing-braces -Wparentheses -Wswitch -Wno-unused-function -Wno-unused-label -Wno-unused-parameter -Wunused-variable -Wunused-value -Wempty-body -Wuninitialized -Wno-unknown-pragmas -Wno-shadow -Wno-four-char-constants -Wno-conversion -Wconstant-conversion -Wint-conversion -Wbool-conversion -Wenum-conversion -Wno-float-conversion -Wnon-literal-null-conversion -Wobjc-literal-conversion -Wshorten-64-to-32 -Wno-newline-eof -Wno-selector -Wno-strict-selector-match -Wno-undeclared-selector -Wdeprecated-implementations -Wno-c++11-extensions -Wno-implicit-fallthrough -fstrict-aliasing -Wprotocol -Wdeprecated-declarations -Winvalid-offsetof -Wno-sign-conversion -Winfinite-recursion -Wmove -Wcomma -Wblock-capture-autoreleasing -Wno-strict-prototypes -Wrange-loop-analysis -Wno-semicolon-before-method-body -index-store-path /Users/tuantu/Desktop/dev/AI/mobile/game_df/ios-build/DerivedData/Index.noindex/DataStore -Wno-missing-declarations @/Users/tuantu/Desktop/dev/AI/mobile/game_df/ios-build/DerivedData/Build/Intermediates.noindex/Unity-iPhone.build/Debug-iphoneos/UnityFramework.build/Objects-normal/arm64/af3fcb34312c57c0f52879cdce924b91-common-args.resp -include /Users/tuantu/Desktop/dev/AI/mobile/game_df/ios-build/DerivedData/Build/Intermediates.noindex/PrecompiledHeaders/SharedPrecompiledHeaders/2229478468874706855/Prefix.pch -MMD -MT dependencies -MF /Users/tuantu/Desktop/dev/AI/mobile/game_df/ios-build/DerivedData/Build/Intermediates.noindex/Unity-iPhone.build/Debug-iphoneos/UnityFramework.build/Objects-normal/arm64/UnityViewControllerBase+iOS.d --serialize-diagnostics /Users/tuantu/Desktop/dev/AI/mobile/game_df/ios-build/DerivedData/Build/Intermediates.noindex/Unity-iPhone.build/Debug-iphoneos/UnityFramework.build/Objects-normal/arm64/UnityViewControllerBase+iOS.dia -c /Users/tuantu/Desktop/dev/AI/mobile/game_df/ios-build/Classes/UI/UnityViewControllerBase+iOS.mm -o /Users/tuantu/Desktop/dev/AI/mobile/game_df/ios-build/DerivedData/Build/Intermediates.noindex/Unity-iPhone.build/Debug-iphoneos/UnityFramework.build/Objects-normal/arm64/UnityViewControllerBase+iOS.o -index-unit-output-path /Unity-iPhone.build/Debug-iphoneos/UnityFramework.build/Objects-normal/arm64/UnityViewControllerBase+iOS.o

CompileC /Users/tuantu/Desktop/dev/AI/mobile/game_df/ios-build/DerivedData/Build/Intermediates.noindex/Unity-iPhone.build/Debug-iphoneos/UnityFramework.build/Objects-normal/arm64/UnityView.o /Users/tuantu/Desktop/dev/AI/mobile/game_df/ios-build/Classes/UI/UnityView.mm normal arm64 objective-c++ com.apple.compilers.llvm.clang.1_0.compiler (in target 'UnityFramework' from project 'Unity-iPhone')
    cd /Users/tuantu/Desktop/dev/AI/mobile/game_df/ios-build
    
    Using response file: /Users/tuantu/Desktop/dev/AI/mobile/game_df/ios-build/DerivedData/Build/Intermediates.noindex/Unity-iPhone.build/Debug-iphoneos/UnityFramework.build/Objects-normal/arm64/af3fcb34312c57c0f52879cdce924b91-common-args.resp
    
    /Applications/Xcode.app/Contents/Developer/Toolchains/XcodeDefault.xctoolchain/usr/bin/clang -x objective-c++ -ivfsstatcache /Users/tuantu/Desktop/dev/AI/mobile/game_df/ios-build/DerivedData/SDKStatCaches.noindex/iphoneos18.2-22C146-d5b9239ec3bf5b3adbecdf21472871e3.sdkstatcache -fmessage-length\=0 -fdiagnostics-show-note-include-stack -fmacro-backtrace-limit\=0 -fno-color-diagnostics -Wno-trigraphs -Wno-missing-field-initializers -Wno-missing-prototypes -Wquoted-include-in-framework-header -Wno-implicit-atomic-properties -Wno-objc-interface-ivars -Wno-arc-repeated-use-of-weak -Wimplicit-retain-self -Wno-non-virtual-dtor -Wno-overloaded-virtual -Wno-exit-time-destructors -Wduplicate-method-match -Wno-missing-braces -Wparentheses -Wswitch -Wno-unused-function -Wno-unused-label -Wno-unused-parameter -Wunused-variable -Wunused-value -Wempty-body -Wuninitialized -Wno-unknown-pragmas -Wno-shadow -Wno-four-char-constants -Wno-conversion -Wconstant-conversion -Wint-conversion -Wbool-conversion -Wenum-conversion -Wno-float-conversion -Wnon-literal-null-conversion -Wobjc-literal-conversion -Wshorten-64-to-32 -Wno-newline-eof -Wno-selector -Wno-strict-selector-match -Wno-undeclared-selector -Wdeprecated-implementations -Wno-c++11-extensions -Wno-implicit-fallthrough -fstrict-aliasing -Wprotocol -Wdeprecated-declarations -Winvalid-offsetof -Wno-sign-conversion -Winfinite-recursion -Wmove -Wcomma -Wblock-capture-autoreleasing -Wno-strict-prototypes -Wrange-loop-analysis -Wno-semicolon-before-method-body -index-store-path /Users/tuantu/Desktop/dev/AI/mobile/game_df/ios-build/DerivedData/Index.noindex/DataStore -Wno-missing-declarations @/Users/tuantu/Desktop/dev/AI/mobile/game_df/ios-build/DerivedData/Build/Intermediates.noindex/Unity-iPhone.build/Debug-iphoneos/UnityFramework.build/Objects-normal/arm64/af3fcb34312c57c0f52879cdce924b91-common-args.resp -include /Users/tuantu/Desktop/dev/AI/mobile/game_df/ios-build/DerivedData/Build/Intermediates.noindex/PrecompiledHeaders/SharedPrecompiledHeaders/2229478468874706855/Prefix.pch -MMD -MT dependencies -MF /Users/tuantu/Desktop/dev/AI/mobile/game_df/ios-build/DerivedData/Build/Intermediates.noindex/Unity-iPhone.build/Debug-iphoneos/UnityFramework.build/Objects-normal/arm64/UnityView.d --serialize-diagnostics /Users/tuantu/Desktop/dev/AI/mobile/game_df/ios-build/DerivedData/Build/Intermediates.noindex/Unity-iPhone.build/Debug-iphoneos/UnityFramework.build/Objects-normal/arm64/UnityView.dia -c /Users/tuantu/Desktop/dev/AI/mobile/game_df/ios-build/Classes/UI/UnityView.mm -o /Users/tuantu/Desktop/dev/AI/mobile/game_df/ios-build/DerivedData/Build/Intermediates.noindex/Unity-iPhone.build/Debug-iphoneos/UnityFramework.build/Objects-normal/arm64/UnityView.o -index-unit-output-path /Unity-iPhone.build/Debug-iphoneos/UnityFramework.build/Objects-normal/arm64/UnityView.o
In file included from /Users/tuantu/Desktop/dev/AI/mobile/game_df/ios-build/Classes/UI/UnityView.mm:1:
In file included from /Users/tuantu/Desktop/dev/AI/mobile/game_df/ios-build/Classes/Prefix.pch:13:
In file included from /Users/tuantu/Desktop/dev/AI/mobile/game_df/ios-build/Classes/Unity/UnityInterface.h:10:
/Users/tuantu/Desktop/dev/AI/mobile/game_df/ios-build/Classes/Unity/UnityRendering.h:133:16: warning: 'useCVTextureCache' is deprecated [-Wdeprecated-declarations]
  133 | typedef struct RenderingSurfaceParams
      |                ^
/Users/tuantu/Desktop/dev/AI/mobile/game_df/ios-build/Classes/UI/UnityView.mm:215:44: note: in implicit copy constructor for 'RenderingSurfaceParams' first required here
  215 |         [GetMainDisplay() recreateSurface: params];
      |                                            ^
In file included from /Users/tuantu/Desktop/dev/AI/mobile/game_df/ios-build/Classes/UI/UnityView.mm:1:
In file included from /Users/tuantu/Desktop/dev/AI/mobile/game_df/ios-build/Classes/Prefix.pch:13:
In file included from /Users/tuantu/Desktop/dev/AI/mobile/game_df/ios-build/Classes/Unity/UnityInterface.h:10:
/Users/tuantu/Desktop/dev/AI/mobile/game_df/ios-build/Classes/Unity/UnityRendering.h:150:44: note: 'useCVTextureCache' has been explicitly marked deprecated here
  150 |     int useCVTextureCache   __attribute__((deprecated));
      |                                            ^
1 warning generated.

CompileC /Users/tuantu/Desktop/dev/AI/mobile/game_df/ios-build/DerivedData/Build/Intermediates.noindex/Unity-iPhone.build/Debug-iphoneos/UnityFramework.build/Objects-normal/arm64/UnityView+tvOS.o /Users/tuantu/Desktop/dev/AI/mobile/game_df/ios-build/Classes/UI/UnityView+tvOS.mm normal arm64 objective-c++ com.apple.compilers.llvm.clang.1_0.compiler (in target 'UnityFramework' from project 'Unity-iPhone')
    cd /Users/tuantu/Desktop/dev/AI/mobile/game_df/ios-build
    
    Using response file: /Users/tuantu/Desktop/dev/AI/mobile/game_df/ios-build/DerivedData/Build/Intermediates.noindex/Unity-iPhone.build/Debug-iphoneos/UnityFramework.build/Objects-normal/arm64/af3fcb34312c57c0f52879cdce924b91-common-args.resp
    
    /Applications/Xcode.app/Contents/Developer/Toolchains/XcodeDefault.xctoolchain/usr/bin/clang -x objective-c++ -ivfsstatcache /Users/tuantu/Desktop/dev/AI/mobile/game_df/ios-build/DerivedData/SDKStatCaches.noindex/iphoneos18.2-22C146-d5b9239ec3bf5b3adbecdf21472871e3.sdkstatcache -fmessage-length\=0 -fdiagnostics-show-note-include-stack -fmacro-backtrace-limit\=0 -fno-color-diagnostics -Wno-trigraphs -Wno-missing-field-initializers -Wno-missing-prototypes -Wquoted-include-in-framework-header -Wno-implicit-atomic-properties -Wno-objc-interface-ivars -Wno-arc-repeated-use-of-weak -Wimplicit-retain-self -Wno-non-virtual-dtor -Wno-overloaded-virtual -Wno-exit-time-destructors -Wduplicate-method-match -Wno-missing-braces -Wparentheses -Wswitch -Wno-unused-function -Wno-unused-label -Wno-unused-parameter -Wunused-variable -Wunused-value -Wempty-body -Wuninitialized -Wno-unknown-pragmas -Wno-shadow -Wno-four-char-constants -Wno-conversion -Wconstant-conversion -Wint-conversion -Wbool-conversion -Wenum-conversion -Wno-float-conversion -Wnon-literal-null-conversion -Wobjc-literal-conversion -Wshorten-64-to-32 -Wno-newline-eof -Wno-selector -Wno-strict-selector-match -Wno-undeclared-selector -Wdeprecated-implementations -Wno-c++11-extensions -Wno-implicit-fallthrough -fstrict-aliasing -Wprotocol -Wdeprecated-declarations -Winvalid-offsetof -Wno-sign-conversion -Winfinite-recursion -Wmove -Wcomma -Wblock-capture-autoreleasing -Wno-strict-prototypes -Wrange-loop-analysis -Wno-semicolon-before-method-body -index-store-path /Users/tuantu/Desktop/dev/AI/mobile/game_df/ios-build/DerivedData/Index.noindex/DataStore -Wno-missing-declarations @/Users/tuantu/Desktop/dev/AI/mobile/game_df/ios-build/DerivedData/Build/Intermediates.noindex/Unity-iPhone.build/Debug-iphoneos/UnityFramework.build/Objects-normal/arm64/af3fcb34312c57c0f52879cdce924b91-common-args.resp -include /Users/tuantu/Desktop/dev/AI/mobile/game_df/ios-build/DerivedData/Build/Intermediates.noindex/PrecompiledHeaders/SharedPrecompiledHeaders/2229478468874706855/Prefix.pch -MMD -MT dependencies -MF /Users/tuantu/Desktop/dev/AI/mobile/game_df/ios-build/DerivedData/Build/Intermediates.noindex/Unity-iPhone.build/Debug-iphoneos/UnityFramework.build/Objects-normal/arm64/UnityView+tvOS.d --serialize-diagnostics /Users/tuantu/Desktop/dev/AI/mobile/game_df/ios-build/DerivedData/Build/Intermediates.noindex/Unity-iPhone.build/Debug-iphoneos/UnityFramework.build/Objects-normal/arm64/UnityView+tvOS.dia -c /Users/tuantu/Desktop/dev/AI/mobile/game_df/ios-build/Classes/UI/UnityView+tvOS.mm -o /Users/tuantu/Desktop/dev/AI/mobile/game_df/ios-build/DerivedData/Build/Intermediates.noindex/Unity-iPhone.build/Debug-iphoneos/UnityFramework.build/Objects-normal/arm64/UnityView+tvOS.o -index-unit-output-path /Unity-iPhone.build/Debug-iphoneos/UnityFramework.build/Objects-normal/arm64/UnityView+tvOS.o

CompileC /Users/tuantu/Desktop/dev/AI/mobile/game_df/ios-build/DerivedData/Build/Intermediates.noindex/Unity-iPhone.build/Debug-iphoneos/UnityFramework.build/Objects-normal/arm64/UnityView+iOS.o /Users/tuantu/Desktop/dev/AI/mobile/game_df/ios-build/Classes/UI/UnityView+iOS.mm normal arm64 objective-c++ com.apple.compilers.llvm.clang.1_0.compiler (in target 'UnityFramework' from project 'Unity-iPhone')
    cd /Users/tuantu/Desktop/dev/AI/mobile/game_df/ios-build
    
    Using response file: /Users/tuantu/Desktop/dev/AI/mobile/game_df/ios-build/DerivedData/Build/Intermediates.noindex/Unity-iPhone.build/Debug-iphoneos/UnityFramework.build/Objects-normal/arm64/af3fcb34312c57c0f52879cdce924b91-common-args.resp
    
    /Applications/Xcode.app/Contents/Developer/Toolchains/XcodeDefault.xctoolchain/usr/bin/clang -x objective-c++ -ivfsstatcache /Users/tuantu/Desktop/dev/AI/mobile/game_df/ios-build/DerivedData/SDKStatCaches.noindex/iphoneos18.2-22C146-d5b9239ec3bf5b3adbecdf21472871e3.sdkstatcache -fmessage-length\=0 -fdiagnostics-show-note-include-stack -fmacro-backtrace-limit\=0 -fno-color-diagnostics -Wno-trigraphs -Wno-missing-field-initializers -Wno-missing-prototypes -Wquoted-include-in-framework-header -Wno-implicit-atomic-properties -Wno-objc-interface-ivars -Wno-arc-repeated-use-of-weak -Wimplicit-retain-self -Wno-non-virtual-dtor -Wno-overloaded-virtual -Wno-exit-time-destructors -Wduplicate-method-match -Wno-missing-braces -Wparentheses -Wswitch -Wno-unused-function -Wno-unused-label -Wno-unused-parameter -Wunused-variable -Wunused-value -Wempty-body -Wuninitialized -Wno-unknown-pragmas -Wno-shadow -Wno-four-char-constants -Wno-conversion -Wconstant-conversion -Wint-conversion -Wbool-conversion -Wenum-conversion -Wno-float-conversion -Wnon-literal-null-conversion -Wobjc-literal-conversion -Wshorten-64-to-32 -Wno-newline-eof -Wno-selector -Wno-strict-selector-match -Wno-undeclared-selector -Wdeprecated-implementations -Wno-c++11-extensions -Wno-implicit-fallthrough -fstrict-aliasing -Wprotocol -Wdeprecated-declarations -Winvalid-offsetof -Wno-sign-conversion -Winfinite-recursion -Wmove -Wcomma -Wblock-capture-autoreleasing -Wno-strict-prototypes -Wrange-loop-analysis -Wno-semicolon-before-method-body -index-store-path /Users/tuantu/Desktop/dev/AI/mobile/game_df/ios-build/DerivedData/Index.noindex/DataStore -Wno-missing-declarations @/Users/tuantu/Desktop/dev/AI/mobile/game_df/ios-build/DerivedData/Build/Intermediates.noindex/Unity-iPhone.build/Debug-iphoneos/UnityFramework.build/Objects-normal/arm64/af3fcb34312c57c0f52879cdce924b91-common-args.resp -include /Users/tuantu/Desktop/dev/AI/mobile/game_df/ios-build/DerivedData/Build/Intermediates.noindex/PrecompiledHeaders/SharedPrecompiledHeaders/2229478468874706855/Prefix.pch -MMD -MT dependencies -MF /Users/tuantu/Desktop/dev/AI/mobile/game_df/ios-build/DerivedData/Build/Intermediates.noindex/Unity-iPhone.build/Debug-iphoneos/UnityFramework.build/Objects-normal/arm64/UnityView+iOS.d --serialize-diagnostics /Users/tuantu/Desktop/dev/AI/mobile/game_df/ios-build/DerivedData/Build/Intermediates.noindex/Unity-iPhone.build/Debug-iphoneos/UnityFramework.build/Objects-normal/arm64/UnityView+iOS.dia -c /Users/tuantu/Desktop/dev/AI/mobile/game_df/ios-build/Classes/UI/UnityView+iOS.mm -o /Users/tuantu/Desktop/dev/AI/mobile/game_df/ios-build/DerivedData/Build/Intermediates.noindex/Unity-iPhone.build/Debug-iphoneos/UnityFramework.build/Objects-normal/arm64/UnityView+iOS.o -index-unit-output-path /Unity-iPhone.build/Debug-iphoneos/UnityFramework.build/Objects-normal/arm64/UnityView+iOS.o

CompileC /Users/tuantu/Desktop/dev/AI/mobile/game_df/ios-build/DerivedData/Build/Intermediates.noindex/Unity-iPhone.build/Debug-iphoneos/UnityFramework.build/Objects-normal/arm64/UnityView+Keyboard.o /Users/tuantu/Desktop/dev/AI/mobile/game_df/ios-build/Classes/UI/UnityView+Keyboard.mm normal arm64 objective-c++ com.apple.compilers.llvm.clang.1_0.compiler (in target 'UnityFramework' from project 'Unity-iPhone')
    cd /Users/tuantu/Desktop/dev/AI/mobile/game_df/ios-build
    
    Using response file: /Users/tuantu/Desktop/dev/AI/mobile/game_df/ios-build/DerivedData/Build/Intermediates.noindex/Unity-iPhone.build/Debug-iphoneos/UnityFramework.build/Objects-normal/arm64/af3fcb34312c57c0f52879cdce924b91-common-args.resp
    
    /Applications/Xcode.app/Contents/Developer/Toolchains/XcodeDefault.xctoolchain/usr/bin/clang -x objective-c++ -ivfsstatcache /Users/tuantu/Desktop/dev/AI/mobile/game_df/ios-build/DerivedData/SDKStatCaches.noindex/iphoneos18.2-22C146-d5b9239ec3bf5b3adbecdf21472871e3.sdkstatcache -fmessage-length\=0 -fdiagnostics-show-note-include-stack -fmacro-backtrace-limit\=0 -fno-color-diagnostics -Wno-trigraphs -Wno-missing-field-initializers -Wno-missing-prototypes -Wquoted-include-in-framework-header -Wno-implicit-atomic-properties -Wno-objc-interface-ivars -Wno-arc-repeated-use-of-weak -Wimplicit-retain-self -Wno-non-virtual-dtor -Wno-overloaded-virtual -Wno-exit-time-destructors -Wduplicate-method-match -Wno-missing-braces -Wparentheses -Wswitch -Wno-unused-function -Wno-unused-label -Wno-unused-parameter -Wunused-variable -Wunused-value -Wempty-body -Wuninitialized -Wno-unknown-pragmas -Wno-shadow -Wno-four-char-constants -Wno-conversion -Wconstant-conversion -Wint-conversion -Wbool-conversion -Wenum-conversion -Wno-float-conversion -Wnon-literal-null-conversion -Wobjc-literal-conversion -Wshorten-64-to-32 -Wno-newline-eof -Wno-selector -Wno-strict-selector-match -Wno-undeclared-selector -Wdeprecated-implementations -Wno-c++11-extensions -Wno-implicit-fallthrough -fstrict-aliasing -Wprotocol -Wdeprecated-declarations -Winvalid-offsetof -Wno-sign-conversion -Winfinite-recursion -Wmove -Wcomma -Wblock-capture-autoreleasing -Wno-strict-prototypes -Wrange-loop-analysis -Wno-semicolon-before-method-body -index-store-path /Users/tuantu/Desktop/dev/AI/mobile/game_df/ios-build/DerivedData/Index.noindex/DataStore -Wno-missing-declarations @/Users/tuantu/Desktop/dev/AI/mobile/game_df/ios-build/DerivedData/Build/Intermediates.noindex/Unity-iPhone.build/Debug-iphoneos/UnityFramework.build/Objects-normal/arm64/af3fcb34312c57c0f52879cdce924b91-common-args.resp -include /Users/tuantu/Desktop/dev/AI/mobile/game_df/ios-build/DerivedData/Build/Intermediates.noindex/PrecompiledHeaders/SharedPrecompiledHeaders/2229478468874706855/Prefix.pch -MMD -MT dependencies -MF /Users/tuantu/Desktop/dev/AI/mobile/game_df/ios-build/DerivedData/Build/Intermediates.noindex/Unity-iPhone.build/Debug-iphoneos/UnityFramework.build/Objects-normal/arm64/UnityView+Keyboard.d --serialize-diagnostics /Users/tuantu/Desktop/dev/AI/mobile/game_df/ios-build/DerivedData/Build/Intermediates.noindex/Unity-iPhone.build/Debug-iphoneos/UnityFramework.build/Objects-normal/arm64/UnityView+Keyboard.dia -c /Users/tuantu/Desktop/dev/AI/mobile/game_df/ios-build/Classes/UI/UnityView+Keyboard.mm -o /Users/tuantu/Desktop/dev/AI/mobile/game_df/ios-build/DerivedData/Build/Intermediates.noindex/Unity-iPhone.build/Debug-iphoneos/UnityFramework.build/Objects-normal/arm64/UnityView+Keyboard.o -index-unit-output-path /Unity-iPhone.build/Debug-iphoneos/UnityFramework.build/Objects-normal/arm64/UnityView+Keyboard.o

CompileC /Users/tuantu/Desktop/dev/AI/mobile/game_df/ios-build/DerivedData/Build/Intermediates.noindex/Unity-iPhone.build/Debug-iphoneos/UnityFramework.build/Objects-normal/arm64/UnityScene.o /Users/tuantu/Desktop/dev/AI/mobile/game_df/ios-build/Classes/UI/UnityScene.mm normal arm64 objective-c++ com.apple.compilers.llvm.clang.1_0.compiler (in target 'UnityFramework' from project 'Unity-iPhone')
    cd /Users/tuantu/Desktop/dev/AI/mobile/game_df/ios-build
    
    Using response file: /Users/tuantu/Desktop/dev/AI/mobile/game_df/ios-build/DerivedData/Build/Intermediates.noindex/Unity-iPhone.build/Debug-iphoneos/UnityFramework.build/Objects-normal/arm64/af3fcb34312c57c0f52879cdce924b91-common-args.resp
    
    /Applications/Xcode.app/Contents/Developer/Toolchains/XcodeDefault.xctoolchain/usr/bin/clang -x objective-c++ -ivfsstatcache /Users/tuantu/Desktop/dev/AI/mobile/game_df/ios-build/DerivedData/SDKStatCaches.noindex/iphoneos18.2-22C146-d5b9239ec3bf5b3adbecdf21472871e3.sdkstatcache -fmessage-length\=0 -fdiagnostics-show-note-include-stack -fmacro-backtrace-limit\=0 -fno-color-diagnostics -Wno-trigraphs -Wno-missing-field-initializers -Wno-missing-prototypes -Wquoted-include-in-framework-header -Wno-implicit-atomic-properties -Wno-objc-interface-ivars -Wno-arc-repeated-use-of-weak -Wimplicit-retain-self -Wno-non-virtual-dtor -Wno-overloaded-virtual -Wno-exit-time-destructors -Wduplicate-method-match -Wno-missing-braces -Wparentheses -Wswitch -Wno-unused-function -Wno-unused-label -Wno-unused-parameter -Wunused-variable -Wunused-value -Wempty-body -Wuninitialized -Wno-unknown-pragmas -Wno-shadow -Wno-four-char-constants -Wno-conversion -Wconstant-conversion -Wint-conversion -Wbool-conversion -Wenum-conversion -Wno-float-conversion -Wnon-literal-null-conversion -Wobjc-literal-conversion -Wshorten-64-to-32 -Wno-newline-eof -Wno-selector -Wno-strict-selector-match -Wno-undeclared-selector -Wdeprecated-implementations -Wno-c++11-extensions -Wno-implicit-fallthrough -fstrict-aliasing -Wprotocol -Wdeprecated-declarations -Winvalid-offsetof -Wno-sign-conversion -Winfinite-recursion -Wmove -Wcomma -Wblock-capture-autoreleasing -Wno-strict-prototypes -Wrange-loop-analysis -Wno-semicolon-before-method-body -index-store-path /Users/tuantu/Desktop/dev/AI/mobile/game_df/ios-build/DerivedData/Index.noindex/DataStore -Wno-missing-declarations @/Users/tuantu/Desktop/dev/AI/mobile/game_df/ios-build/DerivedData/Build/Intermediates.noindex/Unity-iPhone.build/Debug-iphoneos/UnityFramework.build/Objects-normal/arm64/af3fcb34312c57c0f52879cdce924b91-common-args.resp -include /Users/tuantu/Desktop/dev/AI/mobile/game_df/ios-build/DerivedData/Build/Intermediates.noindex/PrecompiledHeaders/SharedPrecompiledHeaders/2229478468874706855/Prefix.pch -MMD -MT dependencies -MF /Users/tuantu/Desktop/dev/AI/mobile/game_df/ios-build/DerivedData/Build/Intermediates.noindex/Unity-iPhone.build/Debug-iphoneos/UnityFramework.build/Objects-normal/arm64/UnityScene.d --serialize-diagnostics /Users/tuantu/Desktop/dev/AI/mobile/game_df/ios-build/DerivedData/Build/Intermediates.noindex/Unity-iPhone.build/Debug-iphoneos/UnityFramework.build/Objects-normal/arm64/UnityScene.dia -c /Users/tuantu/Desktop/dev/AI/mobile/game_df/ios-build/Classes/UI/UnityScene.mm -o /Users/tuantu/Desktop/dev/AI/mobile/game_df/ios-build/DerivedData/Build/Intermediates.noindex/Unity-iPhone.build/Debug-iphoneos/UnityFramework.build/Objects-normal/arm64/UnityScene.o -index-unit-output-path /Unity-iPhone.build/Debug-iphoneos/UnityFramework.build/Objects-normal/arm64/UnityScene.o

CompileC /Users/tuantu/Desktop/dev/AI/mobile/game_df/ios-build/DerivedData/Build/Intermediates.noindex/Unity-iPhone.build/Debug-iphoneos/UnityFramework.build/Objects-normal/arm64/UnityInternalInterface.o /Users/tuantu/Desktop/dev/AI/mobile/game_df/ios-build/Classes/Unity/UnityInternalInterface.mm normal arm64 objective-c++ com.apple.compilers.llvm.clang.1_0.compiler (in target 'UnityFramework' from project 'Unity-iPhone')
    cd /Users/tuantu/Desktop/dev/AI/mobile/game_df/ios-build
    
    Using response file: /Users/tuantu/Desktop/dev/AI/mobile/game_df/ios-build/DerivedData/Build/Intermediates.noindex/Unity-iPhone.build/Debug-iphoneos/UnityFramework.build/Objects-normal/arm64/af3fcb34312c57c0f52879cdce924b91-common-args.resp
    
    /Applications/Xcode.app/Contents/Developer/Toolchains/XcodeDefault.xctoolchain/usr/bin/clang -x objective-c++ -ivfsstatcache /Users/tuantu/Desktop/dev/AI/mobile/game_df/ios-build/DerivedData/SDKStatCaches.noindex/iphoneos18.2-22C146-d5b9239ec3bf5b3adbecdf21472871e3.sdkstatcache -fmessage-length\=0 -fdiagnostics-show-note-include-stack -fmacro-backtrace-limit\=0 -fno-color-diagnostics -Wno-trigraphs -Wno-missing-field-initializers -Wno-missing-prototypes -Wquoted-include-in-framework-header -Wno-implicit-atomic-properties -Wno-objc-interface-ivars -Wno-arc-repeated-use-of-weak -Wimplicit-retain-self -Wno-non-virtual-dtor -Wno-overloaded-virtual -Wno-exit-time-destructors -Wduplicate-method-match -Wno-missing-braces -Wparentheses -Wswitch -Wno-unused-function -Wno-unused-label -Wno-unused-parameter -Wunused-variable -Wunused-value -Wempty-body -Wuninitialized -Wno-unknown-pragmas -Wno-shadow -Wno-four-char-constants -Wno-conversion -Wconstant-conversion -Wint-conversion -Wbool-conversion -Wenum-conversion -Wno-float-conversion -Wnon-literal-null-conversion -Wobjc-literal-conversion -Wshorten-64-to-32 -Wno-newline-eof -Wno-selector -Wno-strict-selector-match -Wno-undeclared-selector -Wdeprecated-implementations -Wno-c++11-extensions -Wno-implicit-fallthrough -fstrict-aliasing -Wprotocol -Wdeprecated-declarations -Winvalid-offsetof -Wno-sign-conversion -Winfinite-recursion -Wmove -Wcomma -Wblock-capture-autoreleasing -Wno-strict-prototypes -Wrange-loop-analysis -Wno-semicolon-before-method-body -index-store-path /Users/tuantu/Desktop/dev/AI/mobile/game_df/ios-build/DerivedData/Index.noindex/DataStore -Wno-missing-declarations @/Users/tuantu/Desktop/dev/AI/mobile/game_df/ios-build/DerivedData/Build/Intermediates.noindex/Unity-iPhone.build/Debug-iphoneos/UnityFramework.build/Objects-normal/arm64/af3fcb34312c57c0f52879cdce924b91-common-args.resp -include /Users/tuantu/Desktop/dev/AI/mobile/game_df/ios-build/DerivedData/Build/Intermediates.noindex/PrecompiledHeaders/SharedPrecompiledHeaders/2229478468874706855/Prefix.pch -MMD -MT dependencies -MF /Users/tuantu/Desktop/dev/AI/mobile/game_df/ios-build/DerivedData/Build/Intermediates.noindex/Unity-iPhone.build/Debug-iphoneos/UnityFramework.build/Objects-normal/arm64/UnityInternalInterface.d --serialize-diagnostics /Users/tuantu/Desktop/dev/AI/mobile/game_df/ios-build/DerivedData/Build/Intermediates.noindex/Unity-iPhone.build/Debug-iphoneos/UnityFramework.build/Objects-normal/arm64/UnityInternalInterface.dia -c /Users/tuantu/Desktop/dev/AI/mobile/game_df/ios-build/Classes/Unity/UnityInternalInterface.mm -o /Users/tuantu/Desktop/dev/AI/mobile/game_df/ios-build/DerivedData/Build/Intermediates.noindex/Unity-iPhone.build/Debug-iphoneos/UnityFramework.build/Objects-normal/arm64/UnityInternalInterface.o -index-unit-output-path /Unity-iPhone.build/Debug-iphoneos/UnityFramework.build/Objects-normal/arm64/UnityInternalInterface.o

CompileC /Users/tuantu/Desktop/dev/AI/mobile/game_df/ios-build/DerivedData/Build/Intermediates.noindex/Unity-iPhone.build/Debug-iphoneos/UnityFramework.build/Objects-normal/arm64/UnityInternalGraphicsInterface.o /Users/tuantu/Desktop/dev/AI/mobile/game_df/ios-build/Classes/Unity/UnityInternalGraphicsInterface.mm normal arm64 objective-c++ com.apple.compilers.llvm.clang.1_0.compiler (in target 'UnityFramework' from project 'Unity-iPhone')
    cd /Users/tuantu/Desktop/dev/AI/mobile/game_df/ios-build
    
    Using response file: /Users/tuantu/Desktop/dev/AI/mobile/game_df/ios-build/DerivedData/Build/Intermediates.noindex/Unity-iPhone.build/Debug-iphoneos/UnityFramework.build/Objects-normal/arm64/af3fcb34312c57c0f52879cdce924b91-common-args.resp
    
    /Applications/Xcode.app/Contents/Developer/Toolchains/XcodeDefault.xctoolchain/usr/bin/clang -x objective-c++ -ivfsstatcache /Users/tuantu/Desktop/dev/AI/mobile/game_df/ios-build/DerivedData/SDKStatCaches.noindex/iphoneos18.2-22C146-d5b9239ec3bf5b3adbecdf21472871e3.sdkstatcache -fmessage-length\=0 -fdiagnostics-show-note-include-stack -fmacro-backtrace-limit\=0 -fno-color-diagnostics -Wno-trigraphs -Wno-missing-field-initializers -Wno-missing-prototypes -Wquoted-include-in-framework-header -Wno-implicit-atomic-properties -Wno-objc-interface-ivars -Wno-arc-repeated-use-of-weak -Wimplicit-retain-self -Wno-non-virtual-dtor -Wno-overloaded-virtual -Wno-exit-time-destructors -Wduplicate-method-match -Wno-missing-braces -Wparentheses -Wswitch -Wno-unused-function -Wno-unused-label -Wno-unused-parameter -Wunused-variable -Wunused-value -Wempty-body -Wuninitialized -Wno-unknown-pragmas -Wno-shadow -Wno-four-char-constants -Wno-conversion -Wconstant-conversion -Wint-conversion -Wbool-conversion -Wenum-conversion -Wno-float-conversion -Wnon-literal-null-conversion -Wobjc-literal-conversion -Wshorten-64-to-32 -Wno-newline-eof -Wno-selector -Wno-strict-selector-match -Wno-undeclared-selector -Wdeprecated-implementations -Wno-c++11-extensions -Wno-implicit-fallthrough -fstrict-aliasing -Wprotocol -Wdeprecated-declarations -Winvalid-offsetof -Wno-sign-conversion -Winfinite-recursion -Wmove -Wcomma -Wblock-capture-autoreleasing -Wno-strict-prototypes -Wrange-loop-analysis -Wno-semicolon-before-method-body -index-store-path /Users/tuantu/Desktop/dev/AI/mobile/game_df/ios-build/DerivedData/Index.noindex/DataStore -Wno-missing-declarations @/Users/tuantu/Desktop/dev/AI/mobile/game_df/ios-build/DerivedData/Build/Intermediates.noindex/Unity-iPhone.build/Debug-iphoneos/UnityFramework.build/Objects-normal/arm64/af3fcb34312c57c0f52879cdce924b91-common-args.resp -include /Users/tuantu/Desktop/dev/AI/mobile/game_df/ios-build/DerivedData/Build/Intermediates.noindex/PrecompiledHeaders/SharedPrecompiledHeaders/2229478468874706855/Prefix.pch -MMD -MT dependencies -MF /Users/tuantu/Desktop/dev/AI/mobile/game_df/ios-build/DerivedData/Build/Intermediates.noindex/Unity-iPhone.build/Debug-iphoneos/UnityFramework.build/Objects-normal/arm64/UnityInternalGraphicsInterface.d --serialize-diagnostics /Users/tuantu/Desktop/dev/AI/mobile/game_df/ios-build/DerivedData/Build/Intermediates.noindex/Unity-iPhone.build/Debug-iphoneos/UnityFramework.build/Objects-normal/arm64/UnityInternalGraphicsInterface.dia -c /Users/tuantu/Desktop/dev/AI/mobile/game_df/ios-build/Classes/Unity/UnityInternalGraphicsInterface.mm -o /Users/tuantu/Desktop/dev/AI/mobile/game_df/ios-build/DerivedData/Build/Intermediates.noindex/Unity-iPhone.build/Debug-iphoneos/UnityFramework.build/Objects-normal/arm64/UnityInternalGraphicsInterface.o -index-unit-output-path /Unity-iPhone.build/Debug-iphoneos/UnityFramework.build/Objects-normal/arm64/UnityInternalGraphicsInterface.o

CompileC /Users/tuantu/Desktop/dev/AI/mobile/game_df/ios-build/DerivedData/Build/Intermediates.noindex/Unity-iPhone.build/Debug-iphoneos/UnityFramework.build/Objects-normal/arm64/UnityAppController.o /Users/tuantu/Desktop/dev/AI/mobile/game_df/ios-build/Classes/UnityAppController.mm normal arm64 objective-c++ com.apple.compilers.llvm.clang.1_0.compiler (in target 'UnityFramework' from project 'Unity-iPhone')
    cd /Users/tuantu/Desktop/dev/AI/mobile/game_df/ios-build
    
    Using response file: /Users/tuantu/Desktop/dev/AI/mobile/game_df/ios-build/DerivedData/Build/Intermediates.noindex/Unity-iPhone.build/Debug-iphoneos/UnityFramework.build/Objects-normal/arm64/af3fcb34312c57c0f52879cdce924b91-common-args.resp
    
    /Applications/Xcode.app/Contents/Developer/Toolchains/XcodeDefault.xctoolchain/usr/bin/clang -x objective-c++ -ivfsstatcache /Users/tuantu/Desktop/dev/AI/mobile/game_df/ios-build/DerivedData/SDKStatCaches.noindex/iphoneos18.2-22C146-d5b9239ec3bf5b3adbecdf21472871e3.sdkstatcache -fmessage-length\=0 -fdiagnostics-show-note-include-stack -fmacro-backtrace-limit\=0 -fno-color-diagnostics -Wno-trigraphs -Wno-missing-field-initializers -Wno-missing-prototypes -Wquoted-include-in-framework-header -Wno-implicit-atomic-properties -Wno-objc-interface-ivars -Wno-arc-repeated-use-of-weak -Wimplicit-retain-self -Wno-non-virtual-dtor -Wno-overloaded-virtual -Wno-exit-time-destructors -Wduplicate-method-match -Wno-missing-braces -Wparentheses -Wswitch -Wno-unused-function -Wno-unused-label -Wno-unused-parameter -Wunused-variable -Wunused-value -Wempty-body -Wuninitialized -Wno-unknown-pragmas -Wno-shadow -Wno-four-char-constants -Wno-conversion -Wconstant-conversion -Wint-conversion -Wbool-conversion -Wenum-conversion -Wno-float-conversion -Wnon-literal-null-conversion -Wobjc-literal-conversion -Wshorten-64-to-32 -Wno-newline-eof -Wno-selector -Wno-strict-selector-match -Wno-undeclared-selector -Wdeprecated-implementations -Wno-c++11-extensions -Wno-implicit-fallthrough -fstrict-aliasing -Wprotocol -Wdeprecated-declarations -Winvalid-offsetof -Wno-sign-conversion -Winfinite-recursion -Wmove -Wcomma -Wblock-capture-autoreleasing -Wno-strict-prototypes -Wrange-loop-analysis -Wno-semicolon-before-method-body -index-store-path /Users/tuantu/Desktop/dev/AI/mobile/game_df/ios-build/DerivedData/Index.noindex/DataStore -Wno-missing-declarations @/Users/tuantu/Desktop/dev/AI/mobile/game_df/ios-build/DerivedData/Build/Intermediates.noindex/Unity-iPhone.build/Debug-iphoneos/UnityFramework.build/Objects-normal/arm64/af3fcb34312c57c0f52879cdce924b91-common-args.resp -include /Users/tuantu/Desktop/dev/AI/mobile/game_df/ios-build/DerivedData/Build/Intermediates.noindex/PrecompiledHeaders/SharedPrecompiledHeaders/2229478468874706855/Prefix.pch -MMD -MT dependencies -MF /Users/tuantu/Desktop/dev/AI/mobile/game_df/ios-build/DerivedData/Build/Intermediates.noindex/Unity-iPhone.build/Debug-iphoneos/UnityFramework.build/Objects-normal/arm64/UnityAppController.d --serialize-diagnostics /Users/tuantu/Desktop/dev/AI/mobile/game_df/ios-build/DerivedData/Build/Intermediates.noindex/Unity-iPhone.build/Debug-iphoneos/UnityFramework.build/Objects-normal/arm64/UnityAppController.dia -c /Users/tuantu/Desktop/dev/AI/mobile/game_df/ios-build/Classes/UnityAppController.mm -o /Users/tuantu/Desktop/dev/AI/mobile/game_df/ios-build/DerivedData/Build/Intermediates.noindex/Unity-iPhone.build/Debug-iphoneos/UnityFramework.build/Objects-normal/arm64/UnityAppController.o -index-unit-output-path /Unity-iPhone.build/Debug-iphoneos/UnityFramework.build/Objects-normal/arm64/UnityAppController.o

CompileC /Users/tuantu/Desktop/dev/AI/mobile/game_df/ios-build/DerivedData/Build/Intermediates.noindex/Unity-iPhone.build/Debug-iphoneos/UnityFramework.build/Objects-normal/arm64/UnityAppController+ViewHandling.o /Users/tuantu/Desktop/dev/AI/mobile/game_df/ios-build/Classes/UI/UnityAppController+ViewHandling.mm normal arm64 objective-c++ com.apple.compilers.llvm.clang.1_0.compiler (in target 'UnityFramework' from project 'Unity-iPhone')
    cd /Users/tuantu/Desktop/dev/AI/mobile/game_df/ios-build
    
    Using response file: /Users/tuantu/Desktop/dev/AI/mobile/game_df/ios-build/DerivedData/Build/Intermediates.noindex/Unity-iPhone.build/Debug-iphoneos/UnityFramework.build/Objects-normal/arm64/af3fcb34312c57c0f52879cdce924b91-common-args.resp
    
    /Applications/Xcode.app/Contents/Developer/Toolchains/XcodeDefault.xctoolchain/usr/bin/clang -x objective-c++ -ivfsstatcache /Users/tuantu/Desktop/dev/AI/mobile/game_df/ios-build/DerivedData/SDKStatCaches.noindex/iphoneos18.2-22C146-d5b9239ec3bf5b3adbecdf21472871e3.sdkstatcache -fmessage-length\=0 -fdiagnostics-show-note-include-stack -fmacro-backtrace-limit\=0 -fno-color-diagnostics -Wno-trigraphs -Wno-missing-field-initializers -Wno-missing-prototypes -Wquoted-include-in-framework-header -Wno-implicit-atomic-properties -Wno-objc-interface-ivars -Wno-arc-repeated-use-of-weak -Wimplicit-retain-self -Wno-non-virtual-dtor -Wno-overloaded-virtual -Wno-exit-time-destructors -Wduplicate-method-match -Wno-missing-braces -Wparentheses -Wswitch -Wno-unused-function -Wno-unused-label -Wno-unused-parameter -Wunused-variable -Wunused-value -Wempty-body -Wuninitialized -Wno-unknown-pragmas -Wno-shadow -Wno-four-char-constants -Wno-conversion -Wconstant-conversion -Wint-conversion -Wbool-conversion -Wenum-conversion -Wno-float-conversion -Wnon-literal-null-conversion -Wobjc-literal-conversion -Wshorten-64-to-32 -Wno-newline-eof -Wno-selector -Wno-strict-selector-match -Wno-undeclared-selector -Wdeprecated-implementations -Wno-c++11-extensions -Wno-implicit-fallthrough -fstrict-aliasing -Wprotocol -Wdeprecated-declarations -Winvalid-offsetof -Wno-sign-conversion -Winfinite-recursion -Wmove -Wcomma -Wblock-capture-autoreleasing -Wno-strict-prototypes -Wrange-loop-analysis -Wno-semicolon-before-method-body -index-store-path /Users/tuantu/Desktop/dev/AI/mobile/game_df/ios-build/DerivedData/Index.noindex/DataStore -Wno-missing-declarations @/Users/tuantu/Desktop/dev/AI/mobile/game_df/ios-build/DerivedData/Build/Intermediates.noindex/Unity-iPhone.build/Debug-iphoneos/UnityFramework.build/Objects-normal/arm64/af3fcb34312c57c0f52879cdce924b91-common-args.resp -include /Users/tuantu/Desktop/dev/AI/mobile/game_df/ios-build/DerivedData/Build/Intermediates.noindex/PrecompiledHeaders/SharedPrecompiledHeaders/2229478468874706855/Prefix.pch -MMD -MT dependencies -MF /Users/tuantu/Desktop/dev/AI/mobile/game_df/ios-build/DerivedData/Build/Intermediates.noindex/Unity-iPhone.build/Debug-iphoneos/UnityFramework.build/Objects-normal/arm64/UnityAppController+ViewHandling.d --serialize-diagnostics /Users/tuantu/Desktop/dev/AI/mobile/game_df/ios-build/DerivedData/Build/Intermediates.noindex/Unity-iPhone.build/Debug-iphoneos/UnityFramework.build/Objects-normal/arm64/UnityAppController+ViewHandling.dia -c /Users/tuantu/Desktop/dev/AI/mobile/game_df/ios-build/Classes/UI/UnityAppController+ViewHandling.mm -o /Users/tuantu/Desktop/dev/AI/mobile/game_df/ios-build/DerivedData/Build/Intermediates.noindex/Unity-iPhone.build/Debug-iphoneos/UnityFramework.build/Objects-normal/arm64/UnityAppController+ViewHandling.o -index-unit-output-path /Unity-iPhone.build/Debug-iphoneos/UnityFramework.build/Objects-normal/arm64/UnityAppController+ViewHandling.o

CompileC /Users/tuantu/Desktop/dev/AI/mobile/game_df/ios-build/DerivedData/Build/Intermediates.noindex/Unity-iPhone.build/Debug-iphoneos/UnityFramework.build/Objects-normal/arm64/UnityAppController+UnityInterface.o /Users/tuantu/Desktop/dev/AI/mobile/game_df/ios-build/Classes/UnityAppController+UnityInterface.mm normal arm64 objective-c++ com.apple.compilers.llvm.clang.1_0.compiler (in target 'UnityFramework' from project 'Unity-iPhone')
    cd /Users/tuantu/Desktop/dev/AI/mobile/game_df/ios-build
    
    Using response file: /Users/tuantu/Desktop/dev/AI/mobile/game_df/ios-build/DerivedData/Build/Intermediates.noindex/Unity-iPhone.build/Debug-iphoneos/UnityFramework.build/Objects-normal/arm64/af3fcb34312c57c0f52879cdce924b91-common-args.resp
    
    /Applications/Xcode.app/Contents/Developer/Toolchains/XcodeDefault.xctoolchain/usr/bin/clang -x objective-c++ -ivfsstatcache /Users/tuantu/Desktop/dev/AI/mobile/game_df/ios-build/DerivedData/SDKStatCaches.noindex/iphoneos18.2-22C146-d5b9239ec3bf5b3adbecdf21472871e3.sdkstatcache -fmessage-length\=0 -fdiagnostics-show-note-include-stack -fmacro-backtrace-limit\=0 -fno-color-diagnostics -Wno-trigraphs -Wno-missing-field-initializers -Wno-missing-prototypes -Wquoted-include-in-framework-header -Wno-implicit-atomic-properties -Wno-objc-interface-ivars -Wno-arc-repeated-use-of-weak -Wimplicit-retain-self -Wno-non-virtual-dtor -Wno-overloaded-virtual -Wno-exit-time-destructors -Wduplicate-method-match -Wno-missing-braces -Wparentheses -Wswitch -Wno-unused-function -Wno-unused-label -Wno-unused-parameter -Wunused-variable -Wunused-value -Wempty-body -Wuninitialized -Wno-unknown-pragmas -Wno-shadow -Wno-four-char-constants -Wno-conversion -Wconstant-conversion -Wint-conversion -Wbool-conversion -Wenum-conversion -Wno-float-conversion -Wnon-literal-null-conversion -Wobjc-literal-conversion -Wshorten-64-to-32 -Wno-newline-eof -Wno-selector -Wno-strict-selector-match -Wno-undeclared-selector -Wdeprecated-implementations -Wno-c++11-extensions -Wno-implicit-fallthrough -fstrict-aliasing -Wprotocol -Wdeprecated-declarations -Winvalid-offsetof -Wno-sign-conversion -Winfinite-recursion -Wmove -Wcomma -Wblock-capture-autoreleasing -Wno-strict-prototypes -Wrange-loop-analysis -Wno-semicolon-before-method-body -index-store-path /Users/tuantu/Desktop/dev/AI/mobile/game_df/ios-build/DerivedData/Index.noindex/DataStore -Wno-missing-declarations @/Users/tuantu/Desktop/dev/AI/mobile/game_df/ios-build/DerivedData/Build/Intermediates.noindex/Unity-iPhone.build/Debug-iphoneos/UnityFramework.build/Objects-normal/arm64/af3fcb34312c57c0f52879cdce924b91-common-args.resp -include /Users/tuantu/Desktop/dev/AI/mobile/game_df/ios-build/DerivedData/Build/Intermediates.noindex/PrecompiledHeaders/SharedPrecompiledHeaders/2229478468874706855/Prefix.pch -MMD -MT dependencies -MF /Users/tuantu/Desktop/dev/AI/mobile/game_df/ios-build/DerivedData/Build/Intermediates.noindex/Unity-iPhone.build/Debug-iphoneos/UnityFramework.build/Objects-normal/arm64/UnityAppController+UnityInterface.d --serialize-diagnostics /Users/tuantu/Desktop/dev/AI/mobile/game_df/ios-build/DerivedData/Build/Intermediates.noindex/Unity-iPhone.build/Debug-iphoneos/UnityFramework.build/Objects-normal/arm64/UnityAppController+UnityInterface.dia -c /Users/tuantu/Desktop/dev/AI/mobile/game_df/ios-build/Classes/UnityAppController+UnityInterface.mm -o /Users/tuantu/Desktop/dev/AI/mobile/game_df/ios-build/DerivedData/Build/Intermediates.noindex/Unity-iPhone.build/Debug-iphoneos/UnityFramework.build/Objects-normal/arm64/UnityAppController+UnityInterface.o -index-unit-output-path /Unity-iPhone.build/Debug-iphoneos/UnityFramework.build/Objects-normal/arm64/UnityAppController+UnityInterface.o

CompileC /Users/tuantu/Desktop/dev/AI/mobile/game_df/ios-build/DerivedData/Build/Intermediates.noindex/Unity-iPhone.build/Debug-iphoneos/UnityFramework.build/Objects-normal/arm64/UnityAppController+Thermal.o /Users/tuantu/Desktop/dev/AI/mobile/game_df/ios-build/Classes/UnityAppController+Thermal.mm normal arm64 objective-c++ com.apple.compilers.llvm.clang.1_0.compiler (in target 'UnityFramework' from project 'Unity-iPhone')
    cd /Users/tuantu/Desktop/dev/AI/mobile/game_df/ios-build
    
    Using response file: /Users/tuantu/Desktop/dev/AI/mobile/game_df/ios-build/DerivedData/Build/Intermediates.noindex/Unity-iPhone.build/Debug-iphoneos/UnityFramework.build/Objects-normal/arm64/af3fcb34312c57c0f52879cdce924b91-common-args.resp
    
    /Applications/Xcode.app/Contents/Developer/Toolchains/XcodeDefault.xctoolchain/usr/bin/clang -x objective-c++ -ivfsstatcache /Users/tuantu/Desktop/dev/AI/mobile/game_df/ios-build/DerivedData/SDKStatCaches.noindex/iphoneos18.2-22C146-d5b9239ec3bf5b3adbecdf21472871e3.sdkstatcache -fmessage-length\=0 -fdiagnostics-show-note-include-stack -fmacro-backtrace-limit\=0 -fno-color-diagnostics -Wno-trigraphs -Wno-missing-field-initializers -Wno-missing-prototypes -Wquoted-include-in-framework-header -Wno-implicit-atomic-properties -Wno-objc-interface-ivars -Wno-arc-repeated-use-of-weak -Wimplicit-retain-self -Wno-non-virtual-dtor -Wno-overloaded-virtual -Wno-exit-time-destructors -Wduplicate-method-match -Wno-missing-braces -Wparentheses -Wswitch -Wno-unused-function -Wno-unused-label -Wno-unused-parameter -Wunused-variable -Wunused-value -Wempty-body -Wuninitialized -Wno-unknown-pragmas -Wno-shadow -Wno-four-char-constants -Wno-conversion -Wconstant-conversion -Wint-conversion -Wbool-conversion -Wenum-conversion -Wno-float-conversion -Wnon-literal-null-conversion -Wobjc-literal-conversion -Wshorten-64-to-32 -Wno-newline-eof -Wno-selector -Wno-strict-selector-match -Wno-undeclared-selector -Wdeprecated-implementations -Wno-c++11-extensions -Wno-implicit-fallthrough -fstrict-aliasing -Wprotocol -Wdeprecated-declarations -Winvalid-offsetof -Wno-sign-conversion -Winfinite-recursion -Wmove -Wcomma -Wblock-capture-autoreleasing -Wno-strict-prototypes -Wrange-loop-analysis -Wno-semicolon-before-method-body -index-store-path /Users/tuantu/Desktop/dev/AI/mobile/game_df/ios-build/DerivedData/Index.noindex/DataStore -Wno-missing-declarations @/Users/tuantu/Desktop/dev/AI/mobile/game_df/ios-build/DerivedData/Build/Intermediates.noindex/Unity-iPhone.build/Debug-iphoneos/UnityFramework.build/Objects-normal/arm64/af3fcb34312c57c0f52879cdce924b91-common-args.resp -include /Users/tuantu/Desktop/dev/AI/mobile/game_df/ios-build/DerivedData/Build/Intermediates.noindex/PrecompiledHeaders/SharedPrecompiledHeaders/2229478468874706855/Prefix.pch -MMD -MT dependencies -MF /Users/tuantu/Desktop/dev/AI/mobile/game_df/ios-build/DerivedData/Build/Intermediates.noindex/Unity-iPhone.build/Debug-iphoneos/UnityFramework.build/Objects-normal/arm64/UnityAppController+Thermal.d --serialize-diagnostics /Users/tuantu/Desktop/dev/AI/mobile/game_df/ios-build/DerivedData/Build/Intermediates.noindex/Unity-iPhone.build/Debug-iphoneos/UnityFramework.build/Objects-normal/arm64/UnityAppController+Thermal.dia -c /Users/tuantu/Desktop/dev/AI/mobile/game_df/ios-build/Classes/UnityAppController+Thermal.mm -o /Users/tuantu/Desktop/dev/AI/mobile/game_df/ios-build/DerivedData/Build/Intermediates.noindex/Unity-iPhone.build/Debug-iphoneos/UnityFramework.build/Objects-normal/arm64/UnityAppController+Thermal.o -index-unit-output-path /Unity-iPhone.build/Debug-iphoneos/UnityFramework.build/Objects-normal/arm64/UnityAppController+Thermal.o

CompileC /Users/tuantu/Desktop/dev/AI/mobile/game_df/ios-build/DerivedData/Build/Intermediates.noindex/Unity-iPhone.build/Debug-iphoneos/UnityFramework.build/Objects-normal/arm64/UnityAppController+Rendering.o /Users/tuantu/Desktop/dev/AI/mobile/game_df/ios-build/Classes/UnityAppController+Rendering.mm normal arm64 objective-c++ com.apple.compilers.llvm.clang.1_0.compiler (in target 'UnityFramework' from project 'Unity-iPhone')
    cd /Users/tuantu/Desktop/dev/AI/mobile/game_df/ios-build
    
    Using response file: /Users/tuantu/Desktop/dev/AI/mobile/game_df/ios-build/DerivedData/Build/Intermediates.noindex/Unity-iPhone.build/Debug-iphoneos/UnityFramework.build/Objects-normal/arm64/af3fcb34312c57c0f52879cdce924b91-common-args.resp
    
    /Applications/Xcode.app/Contents/Developer/Toolchains/XcodeDefault.xctoolchain/usr/bin/clang -x objective-c++ -ivfsstatcache /Users/tuantu/Desktop/dev/AI/mobile/game_df/ios-build/DerivedData/SDKStatCaches.noindex/iphoneos18.2-22C146-d5b9239ec3bf5b3adbecdf21472871e3.sdkstatcache -fmessage-length\=0 -fdiagnostics-show-note-include-stack -fmacro-backtrace-limit\=0 -fno-color-diagnostics -Wno-trigraphs -Wno-missing-field-initializers -Wno-missing-prototypes -Wquoted-include-in-framework-header -Wno-implicit-atomic-properties -Wno-objc-interface-ivars -Wno-arc-repeated-use-of-weak -Wimplicit-retain-self -Wno-non-virtual-dtor -Wno-overloaded-virtual -Wno-exit-time-destructors -Wduplicate-method-match -Wno-missing-braces -Wparentheses -Wswitch -Wno-unused-function -Wno-unused-label -Wno-unused-parameter -Wunused-variable -Wunused-value -Wempty-body -Wuninitialized -Wno-unknown-pragmas -Wno-shadow -Wno-four-char-constants -Wno-conversion -Wconstant-conversion -Wint-conversion -Wbool-conversion -Wenum-conversion -Wno-float-conversion -Wnon-literal-null-conversion -Wobjc-literal-conversion -Wshorten-64-to-32 -Wno-newline-eof -Wno-selector -Wno-strict-selector-match -Wno-undeclared-selector -Wdeprecated-implementations -Wno-c++11-extensions -Wno-implicit-fallthrough -fstrict-aliasing -Wprotocol -Wdeprecated-declarations -Winvalid-offsetof -Wno-sign-conversion -Winfinite-recursion -Wmove -Wcomma -Wblock-capture-autoreleasing -Wno-strict-prototypes -Wrange-loop-analysis -Wno-semicolon-before-method-body -index-store-path /Users/tuantu/Desktop/dev/AI/mobile/game_df/ios-build/DerivedData/Index.noindex/DataStore -Wno-missing-declarations @/Users/tuantu/Desktop/dev/AI/mobile/game_df/ios-build/DerivedData/Build/Intermediates.noindex/Unity-iPhone.build/Debug-iphoneos/UnityFramework.build/Objects-normal/arm64/af3fcb34312c57c0f52879cdce924b91-common-args.resp -include /Users/tuantu/Desktop/dev/AI/mobile/game_df/ios-build/DerivedData/Build/Intermediates.noindex/PrecompiledHeaders/SharedPrecompiledHeaders/2229478468874706855/Prefix.pch -MMD -MT dependencies -MF /Users/tuantu/Desktop/dev/AI/mobile/game_df/ios-build/DerivedData/Build/Intermediates.noindex/Unity-iPhone.build/Debug-iphoneos/UnityFramework.build/Objects-normal/arm64/UnityAppController+Rendering.d --serialize-diagnostics /Users/tuantu/Desktop/dev/AI/mobile/game_df/ios-build/DerivedData/Build/Intermediates.noindex/Unity-iPhone.build/Debug-iphoneos/UnityFramework.build/Objects-normal/arm64/UnityAppController+Rendering.dia -c /Users/tuantu/Desktop/dev/AI/mobile/game_df/ios-build/Classes/UnityAppController+Rendering.mm -o /Users/tuantu/Desktop/dev/AI/mobile/game_df/ios-build/DerivedData/Build/Intermediates.noindex/Unity-iPhone.build/Debug-iphoneos/UnityFramework.build/Objects-normal/arm64/UnityAppController+Rendering.o -index-unit-output-path /Unity-iPhone.build/Debug-iphoneos/UnityFramework.build/Objects-normal/arm64/UnityAppController+Rendering.o

CompileC /Users/tuantu/Desktop/dev/AI/mobile/game_df/ios-build/DerivedData/Build/Intermediates.noindex/Unity-iPhone.build/Debug-iphoneos/UnityFramework.build/Objects-normal/arm64/UnityAppController+Rendering+visionOS.o /Users/tuantu/Desktop/dev/AI/mobile/game_df/ios-build/Classes/UnityAppController+Rendering+visionOS.mm normal arm64 objective-c++ com.apple.compilers.llvm.clang.1_0.compiler (in target 'UnityFramework' from project 'Unity-iPhone')
    cd /Users/tuantu/Desktop/dev/AI/mobile/game_df/ios-build
    
    Using response file: /Users/tuantu/Desktop/dev/AI/mobile/game_df/ios-build/DerivedData/Build/Intermediates.noindex/Unity-iPhone.build/Debug-iphoneos/UnityFramework.build/Objects-normal/arm64/af3fcb34312c57c0f52879cdce924b91-common-args.resp
    
    /Applications/Xcode.app/Contents/Developer/Toolchains/XcodeDefault.xctoolchain/usr/bin/clang -x objective-c++ -ivfsstatcache /Users/tuantu/Desktop/dev/AI/mobile/game_df/ios-build/DerivedData/SDKStatCaches.noindex/iphoneos18.2-22C146-d5b9239ec3bf5b3adbecdf21472871e3.sdkstatcache -fmessage-length\=0 -fdiagnostics-show-note-include-stack -fmacro-backtrace-limit\=0 -fno-color-diagnostics -Wno-trigraphs -Wno-missing-field-initializers -Wno-missing-prototypes -Wquoted-include-in-framework-header -Wno-implicit-atomic-properties -Wno-objc-interface-ivars -Wno-arc-repeated-use-of-weak -Wimplicit-retain-self -Wno-non-virtual-dtor -Wno-overloaded-virtual -Wno-exit-time-destructors -Wduplicate-method-match -Wno-missing-braces -Wparentheses -Wswitch -Wno-unused-function -Wno-unused-label -Wno-unused-parameter -Wunused-variable -Wunused-value -Wempty-body -Wuninitialized -Wno-unknown-pragmas -Wno-shadow -Wno-four-char-constants -Wno-conversion -Wconstant-conversion -Wint-conversion -Wbool-conversion -Wenum-conversion -Wno-float-conversion -Wnon-literal-null-conversion -Wobjc-literal-conversion -Wshorten-64-to-32 -Wno-newline-eof -Wno-selector -Wno-strict-selector-match -Wno-undeclared-selector -Wdeprecated-implementations -Wno-c++11-extensions -Wno-implicit-fallthrough -fstrict-aliasing -Wprotocol -Wdeprecated-declarations -Winvalid-offsetof -Wno-sign-conversion -Winfinite-recursion -Wmove -Wcomma -Wblock-capture-autoreleasing -Wno-strict-prototypes -Wrange-loop-analysis -Wno-semicolon-before-method-body -index-store-path /Users/tuantu/Desktop/dev/AI/mobile/game_df/ios-build/DerivedData/Index.noindex/DataStore -Wno-missing-declarations @/Users/tuantu/Desktop/dev/AI/mobile/game_df/ios-build/DerivedData/Build/Intermediates.noindex/Unity-iPhone.build/Debug-iphoneos/UnityFramework.build/Objects-normal/arm64/af3fcb34312c57c0f52879cdce924b91-common-args.resp -include /Users/tuantu/Desktop/dev/AI/mobile/game_df/ios-build/DerivedData/Build/Intermediates.noindex/PrecompiledHeaders/SharedPrecompiledHeaders/2229478468874706855/Prefix.pch -MMD -MT dependencies -MF /Users/tuantu/Desktop/dev/AI/mobile/game_df/ios-build/DerivedData/Build/Intermediates.noindex/Unity-iPhone.build/Debug-iphoneos/UnityFramework.build/Objects-normal/arm64/UnityAppController+Rendering+visionOS.d --serialize-diagnostics /Users/tuantu/Desktop/dev/AI/mobile/game_df/ios-build/DerivedData/Build/Intermediates.noindex/Unity-iPhone.build/Debug-iphoneos/UnityFramework.build/Objects-normal/arm64/UnityAppController+Rendering+visionOS.dia -c /Users/tuantu/Desktop/dev/AI/mobile/game_df/ios-build/Classes/UnityAppController+Rendering+visionOS.mm -o /Users/tuantu/Desktop/dev/AI/mobile/game_df/ios-build/DerivedData/Build/Intermediates.noindex/Unity-iPhone.build/Debug-iphoneos/UnityFramework.build/Objects-normal/arm64/UnityAppController+Rendering+visionOS.o -index-unit-output-path /Unity-iPhone.build/Debug-iphoneos/UnityFramework.build/Objects-normal/arm64/UnityAppController+Rendering+visionOS.o

CompileC /Users/tuantu/Desktop/dev/AI/mobile/game_df/ios-build/DerivedData/Build/Intermediates.noindex/Unity-iPhone.build/Debug-iphoneos/UnityFramework.build/Objects-normal/arm64/OrientationSupport.o /Users/tuantu/Desktop/dev/AI/mobile/game_df/ios-build/Classes/UI/OrientationSupport.mm normal arm64 objective-c++ com.apple.compilers.llvm.clang.1_0.compiler (in target 'UnityFramework' from project 'Unity-iPhone')
    cd /Users/tuantu/Desktop/dev/AI/mobile/game_df/ios-build
    
    Using response file: /Users/tuantu/Desktop/dev/AI/mobile/game_df/ios-build/DerivedData/Build/Intermediates.noindex/Unity-iPhone.build/Debug-iphoneos/UnityFramework.build/Objects-normal/arm64/af3fcb34312c57c0f52879cdce924b91-common-args.resp
    
    /Applications/Xcode.app/Contents/Developer/Toolchains/XcodeDefault.xctoolchain/usr/bin/clang -x objective-c++ -ivfsstatcache /Users/tuantu/Desktop/dev/AI/mobile/game_df/ios-build/DerivedData/SDKStatCaches.noindex/iphoneos18.2-22C146-d5b9239ec3bf5b3adbecdf21472871e3.sdkstatcache -fmessage-length\=0 -fdiagnostics-show-note-include-stack -fmacro-backtrace-limit\=0 -fno-color-diagnostics -Wno-trigraphs -Wno-missing-field-initializers -Wno-missing-prototypes -Wquoted-include-in-framework-header -Wno-implicit-atomic-properties -Wno-objc-interface-ivars -Wno-arc-repeated-use-of-weak -Wimplicit-retain-self -Wno-non-virtual-dtor -Wno-overloaded-virtual -Wno-exit-time-destructors -Wduplicate-method-match -Wno-missing-braces -Wparentheses -Wswitch -Wno-unused-function -Wno-unused-label -Wno-unused-parameter -Wunused-variable -Wunused-value -Wempty-body -Wuninitialized -Wno-unknown-pragmas -Wno-shadow -Wno-four-char-constants -Wno-conversion -Wconstant-conversion -Wint-conversion -Wbool-conversion -Wenum-conversion -Wno-float-conversion -Wnon-literal-null-conversion -Wobjc-literal-conversion -Wshorten-64-to-32 -Wno-newline-eof -Wno-selector -Wno-strict-selector-match -Wno-undeclared-selector -Wdeprecated-implementations -Wno-c++11-extensions -Wno-implicit-fallthrough -fstrict-aliasing -Wprotocol -Wdeprecated-declarations -Winvalid-offsetof -Wno-sign-conversion -Winfinite-recursion -Wmove -Wcomma -Wblock-capture-autoreleasing -Wno-strict-prototypes -Wrange-loop-analysis -Wno-semicolon-before-method-body -index-store-path /Users/tuantu/Desktop/dev/AI/mobile/game_df/ios-build/DerivedData/Index.noindex/DataStore -Wno-missing-declarations @/Users/tuantu/Desktop/dev/AI/mobile/game_df/ios-build/DerivedData/Build/Intermediates.noindex/Unity-iPhone.build/Debug-iphoneos/UnityFramework.build/Objects-normal/arm64/af3fcb34312c57c0f52879cdce924b91-common-args.resp -include /Users/tuantu/Desktop/dev/AI/mobile/game_df/ios-build/DerivedData/Build/Intermediates.noindex/PrecompiledHeaders/SharedPrecompiledHeaders/2229478468874706855/Prefix.pch -MMD -MT dependencies -MF /Users/tuantu/Desktop/dev/AI/mobile/game_df/ios-build/DerivedData/Build/Intermediates.noindex/Unity-iPhone.build/Debug-iphoneos/UnityFramework.build/Objects-normal/arm64/OrientationSupport.d --serialize-diagnostics /Users/tuantu/Desktop/dev/AI/mobile/game_df/ios-build/DerivedData/Build/Intermediates.noindex/Unity-iPhone.build/Debug-iphoneos/UnityFramework.build/Objects-normal/arm64/OrientationSupport.dia -c /Users/tuantu/Desktop/dev/AI/mobile/game_df/ios-build/Classes/UI/OrientationSupport.mm -o /Users/tuantu/Desktop/dev/AI/mobile/game_df/ios-build/DerivedData/Build/Intermediates.noindex/Unity-iPhone.build/Debug-iphoneos/UnityFramework.build/Objects-normal/arm64/OrientationSupport.o -index-unit-output-path /Unity-iPhone.build/Debug-iphoneos/UnityFramework.build/Objects-normal/arm64/OrientationSupport.o

CompileC /Users/tuantu/Desktop/dev/AI/mobile/game_df/ios-build/DerivedData/Build/Intermediates.noindex/Unity-iPhone.build/Debug-iphoneos/UnityFramework.build/Objects-normal/arm64/OnDemandResources.o /Users/tuantu/Desktop/dev/AI/mobile/game_df/ios-build/Classes/Unity/OnDemandResources.mm normal arm64 objective-c++ com.apple.compilers.llvm.clang.1_0.compiler (in target 'UnityFramework' from project 'Unity-iPhone')
    cd /Users/tuantu/Desktop/dev/AI/mobile/game_df/ios-build
    
    Using response file: /Users/tuantu/Desktop/dev/AI/mobile/game_df/ios-build/DerivedData/Build/Intermediates.noindex/Unity-iPhone.build/Debug-iphoneos/UnityFramework.build/Objects-normal/arm64/af3fcb34312c57c0f52879cdce924b91-common-args.resp
    
    /Applications/Xcode.app/Contents/Developer/Toolchains/XcodeDefault.xctoolchain/usr/bin/clang -x objective-c++ -ivfsstatcache /Users/tuantu/Desktop/dev/AI/mobile/game_df/ios-build/DerivedData/SDKStatCaches.noindex/iphoneos18.2-22C146-d5b9239ec3bf5b3adbecdf21472871e3.sdkstatcache -fmessage-length\=0 -fdiagnostics-show-note-include-stack -fmacro-backtrace-limit\=0 -fno-color-diagnostics -Wno-trigraphs -Wno-missing-field-initializers -Wno-missing-prototypes -Wquoted-include-in-framework-header -Wno-implicit-atomic-properties -Wno-objc-interface-ivars -Wno-arc-repeated-use-of-weak -Wimplicit-retain-self -Wno-non-virtual-dtor -Wno-overloaded-virtual -Wno-exit-time-destructors -Wduplicate-method-match -Wno-missing-braces -Wparentheses -Wswitch -Wno-unused-function -Wno-unused-label -Wno-unused-parameter -Wunused-variable -Wunused-value -Wempty-body -Wuninitialized -Wno-unknown-pragmas -Wno-shadow -Wno-four-char-constants -Wno-conversion -Wconstant-conversion -Wint-conversion -Wbool-conversion -Wenum-conversion -Wno-float-conversion -Wnon-literal-null-conversion -Wobjc-literal-conversion -Wshorten-64-to-32 -Wno-newline-eof -Wno-selector -Wno-strict-selector-match -Wno-undeclared-selector -Wdeprecated-implementations -Wno-c++11-extensions -Wno-implicit-fallthrough -fstrict-aliasing -Wprotocol -Wdeprecated-declarations -Winvalid-offsetof -Wno-sign-conversion -Winfinite-recursion -Wmove -Wcomma -Wblock-capture-autoreleasing -Wno-strict-prototypes -Wrange-loop-analysis -Wno-semicolon-before-method-body -index-store-path /Users/tuantu/Desktop/dev/AI/mobile/game_df/ios-build/DerivedData/Index.noindex/DataStore -Wno-missing-declarations @/Users/tuantu/Desktop/dev/AI/mobile/game_df/ios-build/DerivedData/Build/Intermediates.noindex/Unity-iPhone.build/Debug-iphoneos/UnityFramework.build/Objects-normal/arm64/af3fcb34312c57c0f52879cdce924b91-common-args.resp -include /Users/tuantu/Desktop/dev/AI/mobile/game_df/ios-build/DerivedData/Build/Intermediates.noindex/PrecompiledHeaders/SharedPrecompiledHeaders/2229478468874706855/Prefix.pch -MMD -MT dependencies -MF /Users/tuantu/Desktop/dev/AI/mobile/game_df/ios-build/DerivedData/Build/Intermediates.noindex/Unity-iPhone.build/Debug-iphoneos/UnityFramework.build/Objects-normal/arm64/OnDemandResources.d --serialize-diagnostics /Users/tuantu/Desktop/dev/AI/mobile/game_df/ios-build/DerivedData/Build/Intermediates.noindex/Unity-iPhone.build/Debug-iphoneos/UnityFramework.build/Objects-normal/arm64/OnDemandResources.dia -c /Users/tuantu/Desktop/dev/AI/mobile/game_df/ios-build/Classes/Unity/OnDemandResources.mm -o /Users/tuantu/Desktop/dev/AI/mobile/game_df/ios-build/DerivedData/Build/Intermediates.noindex/Unity-iPhone.build/Debug-iphoneos/UnityFramework.build/Objects-normal/arm64/OnDemandResources.o -index-unit-output-path /Unity-iPhone.build/Debug-iphoneos/UnityFramework.build/Objects-normal/arm64/OnDemandResources.o

CompileC /Users/tuantu/Desktop/dev/AI/mobile/game_df/ios-build/DerivedData/Build/Intermediates.noindex/Unity-iPhone.build/Debug-iphoneos/UnityFramework.build/Objects-normal/arm64/NoGraphicsHelper.o /Users/tuantu/Desktop/dev/AI/mobile/game_df/ios-build/Classes/Unity/NoGraphicsHelper.mm normal arm64 objective-c++ com.apple.compilers.llvm.clang.1_0.compiler (in target 'UnityFramework' from project 'Unity-iPhone')
    cd /Users/tuantu/Desktop/dev/AI/mobile/game_df/ios-build
    
    Using response file: /Users/tuantu/Desktop/dev/AI/mobile/game_df/ios-build/DerivedData/Build/Intermediates.noindex/Unity-iPhone.build/Debug-iphoneos/UnityFramework.build/Objects-normal/arm64/af3fcb34312c57c0f52879cdce924b91-common-args.resp
    
    /Applications/Xcode.app/Contents/Developer/Toolchains/XcodeDefault.xctoolchain/usr/bin/clang -x objective-c++ -ivfsstatcache /Users/tuantu/Desktop/dev/AI/mobile/game_df/ios-build/DerivedData/SDKStatCaches.noindex/iphoneos18.2-22C146-d5b9239ec3bf5b3adbecdf21472871e3.sdkstatcache -fmessage-length\=0 -fdiagnostics-show-note-include-stack -fmacro-backtrace-limit\=0 -fno-color-diagnostics -Wno-trigraphs -Wno-missing-field-initializers -Wno-missing-prototypes -Wquoted-include-in-framework-header -Wno-implicit-atomic-properties -Wno-objc-interface-ivars -Wno-arc-repeated-use-of-weak -Wimplicit-retain-self -Wno-non-virtual-dtor -Wno-overloaded-virtual -Wno-exit-time-destructors -Wduplicate-method-match -Wno-missing-braces -Wparentheses -Wswitch -Wno-unused-function -Wno-unused-label -Wno-unused-parameter -Wunused-variable -Wunused-value -Wempty-body -Wuninitialized -Wno-unknown-pragmas -Wno-shadow -Wno-four-char-constants -Wno-conversion -Wconstant-conversion -Wint-conversion -Wbool-conversion -Wenum-conversion -Wno-float-conversion -Wnon-literal-null-conversion -Wobjc-literal-conversion -Wshorten-64-to-32 -Wno-newline-eof -Wno-selector -Wno-strict-selector-match -Wno-undeclared-selector -Wdeprecated-implementations -Wno-c++11-extensions -Wno-implicit-fallthrough -fstrict-aliasing -Wprotocol -Wdeprecated-declarations -Winvalid-offsetof -Wno-sign-conversion -Winfinite-recursion -Wmove -Wcomma -Wblock-capture-autoreleasing -Wno-strict-prototypes -Wrange-loop-analysis -Wno-semicolon-before-method-body -index-store-path /Users/tuantu/Desktop/dev/AI/mobile/game_df/ios-build/DerivedData/Index.noindex/DataStore -Wno-missing-declarations @/Users/tuantu/Desktop/dev/AI/mobile/game_df/ios-build/DerivedData/Build/Intermediates.noindex/Unity-iPhone.build/Debug-iphoneos/UnityFramework.build/Objects-normal/arm64/af3fcb34312c57c0f52879cdce924b91-common-args.resp -include /Users/tuantu/Desktop/dev/AI/mobile/game_df/ios-build/DerivedData/Build/Intermediates.noindex/PrecompiledHeaders/SharedPrecompiledHeaders/2229478468874706855/Prefix.pch -MMD -MT dependencies -MF /Users/tuantu/Desktop/dev/AI/mobile/game_df/ios-build/DerivedData/Build/Intermediates.noindex/Unity-iPhone.build/Debug-iphoneos/UnityFramework.build/Objects-normal/arm64/NoGraphicsHelper.d --serialize-diagnostics /Users/tuantu/Desktop/dev/AI/mobile/game_df/ios-build/DerivedData/Build/Intermediates.noindex/Unity-iPhone.build/Debug-iphoneos/UnityFramework.build/Objects-normal/arm64/NoGraphicsHelper.dia -c /Users/tuantu/Desktop/dev/AI/mobile/game_df/ios-build/Classes/Unity/NoGraphicsHelper.mm -o /Users/tuantu/Desktop/dev/AI/mobile/game_df/ios-build/DerivedData/Build/Intermediates.noindex/Unity-iPhone.build/Debug-iphoneos/UnityFramework.build/Objects-normal/arm64/NoGraphicsHelper.o -index-unit-output-path /Unity-iPhone.build/Debug-iphoneos/UnityFramework.build/Objects-normal/arm64/NoGraphicsHelper.o

CompileC /Users/tuantu/Desktop/dev/AI/mobile/game_df/ios-build/DerivedData/Build/Intermediates.noindex/Unity-iPhone.build/Debug-iphoneos/UnityFramework.build/Objects-normal/arm64/MetalHelper.o /Users/tuantu/Desktop/dev/AI/mobile/game_df/ios-build/Classes/Unity/MetalHelper.mm normal arm64 objective-c++ com.apple.compilers.llvm.clang.1_0.compiler (in target 'UnityFramework' from project 'Unity-iPhone')
    cd /Users/tuantu/Desktop/dev/AI/mobile/game_df/ios-build
    
    Using response file: /Users/tuantu/Desktop/dev/AI/mobile/game_df/ios-build/DerivedData/Build/Intermediates.noindex/Unity-iPhone.build/Debug-iphoneos/UnityFramework.build/Objects-normal/arm64/af3fcb34312c57c0f52879cdce924b91-common-args.resp
    
    /Applications/Xcode.app/Contents/Developer/Toolchains/XcodeDefault.xctoolchain/usr/bin/clang -x objective-c++ -ivfsstatcache /Users/tuantu/Desktop/dev/AI/mobile/game_df/ios-build/DerivedData/SDKStatCaches.noindex/iphoneos18.2-22C146-d5b9239ec3bf5b3adbecdf21472871e3.sdkstatcache -fmessage-length\=0 -fdiagnostics-show-note-include-stack -fmacro-backtrace-limit\=0 -fno-color-diagnostics -Wno-trigraphs -Wno-missing-field-initializers -Wno-missing-prototypes -Wquoted-include-in-framework-header -Wno-implicit-atomic-properties -Wno-objc-interface-ivars -Wno-arc-repeated-use-of-weak -Wimplicit-retain-self -Wno-non-virtual-dtor -Wno-overloaded-virtual -Wno-exit-time-destructors -Wduplicate-method-match -Wno-missing-braces -Wparentheses -Wswitch -Wno-unused-function -Wno-unused-label -Wno-unused-parameter -Wunused-variable -Wunused-value -Wempty-body -Wuninitialized -Wno-unknown-pragmas -Wno-shadow -Wno-four-char-constants -Wno-conversion -Wconstant-conversion -Wint-conversion -Wbool-conversion -Wenum-conversion -Wno-float-conversion -Wnon-literal-null-conversion -Wobjc-literal-conversion -Wshorten-64-to-32 -Wno-newline-eof -Wno-selector -Wno-strict-selector-match -Wno-undeclared-selector -Wdeprecated-implementations -Wno-c++11-extensions -Wno-implicit-fallthrough -fstrict-aliasing -Wprotocol -Wdeprecated-declarations -Winvalid-offsetof -Wno-sign-conversion -Winfinite-recursion -Wmove -Wcomma -Wblock-capture-autoreleasing -Wno-strict-prototypes -Wrange-loop-analysis -Wno-semicolon-before-method-body -index-store-path /Users/tuantu/Desktop/dev/AI/mobile/game_df/ios-build/DerivedData/Index.noindex/DataStore -Wno-missing-declarations @/Users/tuantu/Desktop/dev/AI/mobile/game_df/ios-build/DerivedData/Build/Intermediates.noindex/Unity-iPhone.build/Debug-iphoneos/UnityFramework.build/Objects-normal/arm64/af3fcb34312c57c0f52879cdce924b91-common-args.resp -include /Users/tuantu/Desktop/dev/AI/mobile/game_df/ios-build/DerivedData/Build/Intermediates.noindex/PrecompiledHeaders/SharedPrecompiledHeaders/2229478468874706855/Prefix.pch -MMD -MT dependencies -MF /Users/tuantu/Desktop/dev/AI/mobile/game_df/ios-build/DerivedData/Build/Intermediates.noindex/Unity-iPhone.build/Debug-iphoneos/UnityFramework.build/Objects-normal/arm64/MetalHelper.d --serialize-diagnostics /Users/tuantu/Desktop/dev/AI/mobile/game_df/ios-build/DerivedData/Build/Intermediates.noindex/Unity-iPhone.build/Debug-iphoneos/UnityFramework.build/Objects-normal/arm64/MetalHelper.dia -c /Users/tuantu/Desktop/dev/AI/mobile/game_df/ios-build/Classes/Unity/MetalHelper.mm -o /Users/tuantu/Desktop/dev/AI/mobile/game_df/ios-build/DerivedData/Build/Intermediates.noindex/Unity-iPhone.build/Debug-iphoneos/UnityFramework.build/Objects-normal/arm64/MetalHelper.o -index-unit-output-path /Unity-iPhone.build/Debug-iphoneos/UnityFramework.build/Objects-normal/arm64/MetalHelper.o

CompileC /Users/tuantu/Desktop/dev/AI/mobile/game_df/ios-build/DerivedData/Build/Intermediates.noindex/Unity-iPhone.build/Debug-iphoneos/UnityFramework.build/Objects-normal/arm64/Logging.o /Users/tuantu/Desktop/dev/AI/mobile/game_df/ios-build/Classes/Unity/Logging.mm normal arm64 objective-c++ com.apple.compilers.llvm.clang.1_0.compiler (in target 'UnityFramework' from project 'Unity-iPhone')
    cd /Users/tuantu/Desktop/dev/AI/mobile/game_df/ios-build
    
    Using response file: /Users/tuantu/Desktop/dev/AI/mobile/game_df/ios-build/DerivedData/Build/Intermediates.noindex/Unity-iPhone.build/Debug-iphoneos/UnityFramework.build/Objects-normal/arm64/af3fcb34312c57c0f52879cdce924b91-common-args.resp
    
    /Applications/Xcode.app/Contents/Developer/Toolchains/XcodeDefault.xctoolchain/usr/bin/clang -x objective-c++ -ivfsstatcache /Users/tuantu/Desktop/dev/AI/mobile/game_df/ios-build/DerivedData/SDKStatCaches.noindex/iphoneos18.2-22C146-d5b9239ec3bf5b3adbecdf21472871e3.sdkstatcache -fmessage-length\=0 -fdiagnostics-show-note-include-stack -fmacro-backtrace-limit\=0 -fno-color-diagnostics -Wno-trigraphs -Wno-missing-field-initializers -Wno-missing-prototypes -Wquoted-include-in-framework-header -Wno-implicit-atomic-properties -Wno-objc-interface-ivars -Wno-arc-repeated-use-of-weak -Wimplicit-retain-self -Wno-non-virtual-dtor -Wno-overloaded-virtual -Wno-exit-time-destructors -Wduplicate-method-match -Wno-missing-braces -Wparentheses -Wswitch -Wno-unused-function -Wno-unused-label -Wno-unused-parameter -Wunused-variable -Wunused-value -Wempty-body -Wuninitialized -Wno-unknown-pragmas -Wno-shadow -Wno-four-char-constants -Wno-conversion -Wconstant-conversion -Wint-conversion -Wbool-conversion -Wenum-conversion -Wno-float-conversion -Wnon-literal-null-conversion -Wobjc-literal-conversion -Wshorten-64-to-32 -Wno-newline-eof -Wno-selector -Wno-strict-selector-match -Wno-undeclared-selector -Wdeprecated-implementations -Wno-c++11-extensions -Wno-implicit-fallthrough -fstrict-aliasing -Wprotocol -Wdeprecated-declarations -Winvalid-offsetof -Wno-sign-conversion -Winfinite-recursion -Wmove -Wcomma -Wblock-capture-autoreleasing -Wno-strict-prototypes -Wrange-loop-analysis -Wno-semicolon-before-method-body -index-store-path /Users/tuantu/Desktop/dev/AI/mobile/game_df/ios-build/DerivedData/Index.noindex/DataStore -Wno-missing-declarations @/Users/tuantu/Desktop/dev/AI/mobile/game_df/ios-build/DerivedData/Build/Intermediates.noindex/Unity-iPhone.build/Debug-iphoneos/UnityFramework.build/Objects-normal/arm64/af3fcb34312c57c0f52879cdce924b91-common-args.resp -include /Users/tuantu/Desktop/dev/AI/mobile/game_df/ios-build/DerivedData/Build/Intermediates.noindex/PrecompiledHeaders/SharedPrecompiledHeaders/2229478468874706855/Prefix.pch -MMD -MT dependencies -MF /Users/tuantu/Desktop/dev/AI/mobile/game_df/ios-build/DerivedData/Build/Intermediates.noindex/Unity-iPhone.build/Debug-iphoneos/UnityFramework.build/Objects-normal/arm64/Logging.d --serialize-diagnostics /Users/tuantu/Desktop/dev/AI/mobile/game_df/ios-build/DerivedData/Build/Intermediates.noindex/Unity-iPhone.build/Debug-iphoneos/UnityFramework.build/Objects-normal/arm64/Logging.dia -c /Users/tuantu/Desktop/dev/AI/mobile/game_df/ios-build/Classes/Unity/Logging.mm -o /Users/tuantu/Desktop/dev/AI/mobile/game_df/ios-build/DerivedData/Build/Intermediates.noindex/Unity-iPhone.build/Debug-iphoneos/UnityFramework.build/Objects-normal/arm64/Logging.o -index-unit-output-path /Unity-iPhone.build/Debug-iphoneos/UnityFramework.build/Objects-normal/arm64/Logging.o

CompileC /Users/tuantu/Desktop/dev/AI/mobile/game_df/ios-build/DerivedData/Build/Intermediates.noindex/Unity-iPhone.build/Debug-iphoneos/UnityFramework.build/Objects-normal/arm64/KeyboardViews+tvOS+visionOS.o /Users/tuantu/Desktop/dev/AI/mobile/game_df/ios-build/Classes/UI/KeyboardViews+tvOS+visionOS.mm normal arm64 objective-c++ com.apple.compilers.llvm.clang.1_0.compiler (in target 'UnityFramework' from project 'Unity-iPhone')
    cd /Users/tuantu/Desktop/dev/AI/mobile/game_df/ios-build
    
    Using response file: /Users/tuantu/Desktop/dev/AI/mobile/game_df/ios-build/DerivedData/Build/Intermediates.noindex/Unity-iPhone.build/Debug-iphoneos/UnityFramework.build/Objects-normal/arm64/af3fcb34312c57c0f52879cdce924b91-common-args.resp
    
    /Applications/Xcode.app/Contents/Developer/Toolchains/XcodeDefault.xctoolchain/usr/bin/clang -x objective-c++ -ivfsstatcache /Users/tuantu/Desktop/dev/AI/mobile/game_df/ios-build/DerivedData/SDKStatCaches.noindex/iphoneos18.2-22C146-d5b9239ec3bf5b3adbecdf21472871e3.sdkstatcache -fmessage-length\=0 -fdiagnostics-show-note-include-stack -fmacro-backtrace-limit\=0 -fno-color-diagnostics -Wno-trigraphs -Wno-missing-field-initializers -Wno-missing-prototypes -Wquoted-include-in-framework-header -Wno-implicit-atomic-properties -Wno-objc-interface-ivars -Wno-arc-repeated-use-of-weak -Wimplicit-retain-self -Wno-non-virtual-dtor -Wno-overloaded-virtual -Wno-exit-time-destructors -Wduplicate-method-match -Wno-missing-braces -Wparentheses -Wswitch -Wno-unused-function -Wno-unused-label -Wno-unused-parameter -Wunused-variable -Wunused-value -Wempty-body -Wuninitialized -Wno-unknown-pragmas -Wno-shadow -Wno-four-char-constants -Wno-conversion -Wconstant-conversion -Wint-conversion -Wbool-conversion -Wenum-conversion -Wno-float-conversion -Wnon-literal-null-conversion -Wobjc-literal-conversion -Wshorten-64-to-32 -Wno-newline-eof -Wno-selector -Wno-strict-selector-match -Wno-undeclared-selector -Wdeprecated-implementations -Wno-c++11-extensions -Wno-implicit-fallthrough -fstrict-aliasing -Wprotocol -Wdeprecated-declarations -Winvalid-offsetof -Wno-sign-conversion -Winfinite-recursion -Wmove -Wcomma -Wblock-capture-autoreleasing -Wno-strict-prototypes -Wrange-loop-analysis -Wno-semicolon-before-method-body -index-store-path /Users/tuantu/Desktop/dev/AI/mobile/game_df/ios-build/DerivedData/Index.noindex/DataStore -Wno-missing-declarations @/Users/tuantu/Desktop/dev/AI/mobile/game_df/ios-build/DerivedData/Build/Intermediates.noindex/Unity-iPhone.build/Debug-iphoneos/UnityFramework.build/Objects-normal/arm64/af3fcb34312c57c0f52879cdce924b91-common-args.resp -include /Users/tuantu/Desktop/dev/AI/mobile/game_df/ios-build/DerivedData/Build/Intermediates.noindex/PrecompiledHeaders/SharedPrecompiledHeaders/2229478468874706855/Prefix.pch -MMD -MT dependencies -MF /Users/tuantu/Desktop/dev/AI/mobile/game_df/ios-build/DerivedData/Build/Intermediates.noindex/Unity-iPhone.build/Debug-iphoneos/UnityFramework.build/Objects-normal/arm64/KeyboardViews+tvOS+visionOS.d --serialize-diagnostics /Users/tuantu/Desktop/dev/AI/mobile/game_df/ios-build/DerivedData/Build/Intermediates.noindex/Unity-iPhone.build/Debug-iphoneos/UnityFramework.build/Objects-normal/arm64/KeyboardViews+tvOS+visionOS.dia -c /Users/tuantu/Desktop/dev/AI/mobile/game_df/ios-build/Classes/UI/KeyboardViews+tvOS+visionOS.mm -o /Users/tuantu/Desktop/dev/AI/mobile/game_df/ios-build/DerivedData/Build/Intermediates.noindex/Unity-iPhone.build/Debug-iphoneos/UnityFramework.build/Objects-normal/arm64/KeyboardViews+tvOS+visionOS.o -index-unit-output-path /Unity-iPhone.build/Debug-iphoneos/UnityFramework.build/Objects-normal/arm64/KeyboardViews+tvOS+visionOS.o

CompileC /Users/tuantu/Desktop/dev/AI/mobile/game_df/ios-build/DerivedData/Build/Intermediates.noindex/Unity-iPhone.build/Debug-iphoneos/UnityFramework.build/Objects-normal/arm64/KeyboardViews+iOS.o /Users/tuantu/Desktop/dev/AI/mobile/game_df/ios-build/Classes/UI/KeyboardViews+iOS.mm normal arm64 objective-c++ com.apple.compilers.llvm.clang.1_0.compiler (in target 'UnityFramework' from project 'Unity-iPhone')
    cd /Users/tuantu/Desktop/dev/AI/mobile/game_df/ios-build
    
    Using response file: /Users/tuantu/Desktop/dev/AI/mobile/game_df/ios-build/DerivedData/Build/Intermediates.noindex/Unity-iPhone.build/Debug-iphoneos/UnityFramework.build/Objects-normal/arm64/af3fcb34312c57c0f52879cdce924b91-common-args.resp
    
    /Applications/Xcode.app/Contents/Developer/Toolchains/XcodeDefault.xctoolchain/usr/bin/clang -x objective-c++ -ivfsstatcache /Users/tuantu/Desktop/dev/AI/mobile/game_df/ios-build/DerivedData/SDKStatCaches.noindex/iphoneos18.2-22C146-d5b9239ec3bf5b3adbecdf21472871e3.sdkstatcache -fmessage-length\=0 -fdiagnostics-show-note-include-stack -fmacro-backtrace-limit\=0 -fno-color-diagnostics -Wno-trigraphs -Wno-missing-field-initializers -Wno-missing-prototypes -Wquoted-include-in-framework-header -Wno-implicit-atomic-properties -Wno-objc-interface-ivars -Wno-arc-repeated-use-of-weak -Wimplicit-retain-self -Wno-non-virtual-dtor -Wno-overloaded-virtual -Wno-exit-time-destructors -Wduplicate-method-match -Wno-missing-braces -Wparentheses -Wswitch -Wno-unused-function -Wno-unused-label -Wno-unused-parameter -Wunused-variable -Wunused-value -Wempty-body -Wuninitialized -Wno-unknown-pragmas -Wno-shadow -Wno-four-char-constants -Wno-conversion -Wconstant-conversion -Wint-conversion -Wbool-conversion -Wenum-conversion -Wno-float-conversion -Wnon-literal-null-conversion -Wobjc-literal-conversion -Wshorten-64-to-32 -Wno-newline-eof -Wno-selector -Wno-strict-selector-match -Wno-undeclared-selector -Wdeprecated-implementations -Wno-c++11-extensions -Wno-implicit-fallthrough -fstrict-aliasing -Wprotocol -Wdeprecated-declarations -Winvalid-offsetof -Wno-sign-conversion -Winfinite-recursion -Wmove -Wcomma -Wblock-capture-autoreleasing -Wno-strict-prototypes -Wrange-loop-analysis -Wno-semicolon-before-method-body -index-store-path /Users/tuantu/Desktop/dev/AI/mobile/game_df/ios-build/DerivedData/Index.noindex/DataStore -Wno-missing-declarations @/Users/tuantu/Desktop/dev/AI/mobile/game_df/ios-build/DerivedData/Build/Intermediates.noindex/Unity-iPhone.build/Debug-iphoneos/UnityFramework.build/Objects-normal/arm64/af3fcb34312c57c0f52879cdce924b91-common-args.resp -include /Users/tuantu/Desktop/dev/AI/mobile/game_df/ios-build/DerivedData/Build/Intermediates.noindex/PrecompiledHeaders/SharedPrecompiledHeaders/2229478468874706855/Prefix.pch -MMD -MT dependencies -MF /Users/tuantu/Desktop/dev/AI/mobile/game_df/ios-build/DerivedData/Build/Intermediates.noindex/Unity-iPhone.build/Debug-iphoneos/UnityFramework.build/Objects-normal/arm64/KeyboardViews+iOS.d --serialize-diagnostics /Users/tuantu/Desktop/dev/AI/mobile/game_df/ios-build/DerivedData/Build/Intermediates.noindex/Unity-iPhone.build/Debug-iphoneos/UnityFramework.build/Objects-normal/arm64/KeyboardViews+iOS.dia -c /Users/tuantu/Desktop/dev/AI/mobile/game_df/ios-build/Classes/UI/KeyboardViews+iOS.mm -o /Users/tuantu/Desktop/dev/AI/mobile/game_df/ios-build/DerivedData/Build/Intermediates.noindex/Unity-iPhone.build/Debug-iphoneos/UnityFramework.build/Objects-normal/arm64/KeyboardViews+iOS.o -index-unit-output-path /Unity-iPhone.build/Debug-iphoneos/UnityFramework.build/Objects-normal/arm64/KeyboardViews+iOS.o

CompileC /Users/tuantu/Desktop/dev/AI/mobile/game_df/ios-build/DerivedData/Build/Intermediates.noindex/Unity-iPhone.build/Debug-iphoneos/UnityFramework.build/Objects-normal/arm64/KeyboardViews+iOS+Glass.o /Users/tuantu/Desktop/dev/AI/mobile/game_df/ios-build/Classes/UI/KeyboardViews+iOS+Glass.mm normal arm64 objective-c++ com.apple.compilers.llvm.clang.1_0.compiler (in target 'UnityFramework' from project 'Unity-iPhone')
    cd /Users/tuantu/Desktop/dev/AI/mobile/game_df/ios-build
    
    Using response file: /Users/tuantu/Desktop/dev/AI/mobile/game_df/ios-build/DerivedData/Build/Intermediates.noindex/Unity-iPhone.build/Debug-iphoneos/UnityFramework.build/Objects-normal/arm64/af3fcb34312c57c0f52879cdce924b91-common-args.resp
    
    /Applications/Xcode.app/Contents/Developer/Toolchains/XcodeDefault.xctoolchain/usr/bin/clang -x objective-c++ -ivfsstatcache /Users/tuantu/Desktop/dev/AI/mobile/game_df/ios-build/DerivedData/SDKStatCaches.noindex/iphoneos18.2-22C146-d5b9239ec3bf5b3adbecdf21472871e3.sdkstatcache -fmessage-length\=0 -fdiagnostics-show-note-include-stack -fmacro-backtrace-limit\=0 -fno-color-diagnostics -Wno-trigraphs -Wno-missing-field-initializers -Wno-missing-prototypes -Wquoted-include-in-framework-header -Wno-implicit-atomic-properties -Wno-objc-interface-ivars -Wno-arc-repeated-use-of-weak -Wimplicit-retain-self -Wno-non-virtual-dtor -Wno-overloaded-virtual -Wno-exit-time-destructors -Wduplicate-method-match -Wno-missing-braces -Wparentheses -Wswitch -Wno-unused-function -Wno-unused-label -Wno-unused-parameter -Wunused-variable -Wunused-value -Wempty-body -Wuninitialized -Wno-unknown-pragmas -Wno-shadow -Wno-four-char-constants -Wno-conversion -Wconstant-conversion -Wint-conversion -Wbool-conversion -Wenum-conversion -Wno-float-conversion -Wnon-literal-null-conversion -Wobjc-literal-conversion -Wshorten-64-to-32 -Wno-newline-eof -Wno-selector -Wno-strict-selector-match -Wno-undeclared-selector -Wdeprecated-implementations -Wno-c++11-extensions -Wno-implicit-fallthrough -fstrict-aliasing -Wprotocol -Wdeprecated-declarations -Winvalid-offsetof -Wno-sign-conversion -Winfinite-recursion -Wmove -Wcomma -Wblock-capture-autoreleasing -Wno-strict-prototypes -Wrange-loop-analysis -Wno-semicolon-before-method-body -index-store-path /Users/tuantu/Desktop/dev/AI/mobile/game_df/ios-build/DerivedData/Index.noindex/DataStore -Wno-missing-declarations @/Users/tuantu/Desktop/dev/AI/mobile/game_df/ios-build/DerivedData/Build/Intermediates.noindex/Unity-iPhone.build/Debug-iphoneos/UnityFramework.build/Objects-normal/arm64/af3fcb34312c57c0f52879cdce924b91-common-args.resp -include /Users/tuantu/Desktop/dev/AI/mobile/game_df/ios-build/DerivedData/Build/Intermediates.noindex/PrecompiledHeaders/SharedPrecompiledHeaders/2229478468874706855/Prefix.pch -MMD -MT dependencies -MF /Users/tuantu/Desktop/dev/AI/mobile/game_df/ios-build/DerivedData/Build/Intermediates.noindex/Unity-iPhone.build/Debug-iphoneos/UnityFramework.build/Objects-normal/arm64/KeyboardViews+iOS+Glass.d --serialize-diagnostics /Users/tuantu/Desktop/dev/AI/mobile/game_df/ios-build/DerivedData/Build/Intermediates.noindex/Unity-iPhone.build/Debug-iphoneos/UnityFramework.build/Objects-normal/arm64/KeyboardViews+iOS+Glass.dia -c /Users/tuantu/Desktop/dev/AI/mobile/game_df/ios-build/Classes/UI/KeyboardViews+iOS+Glass.mm -o /Users/tuantu/Desktop/dev/AI/mobile/game_df/ios-build/DerivedData/Build/Intermediates.noindex/Unity-iPhone.build/Debug-iphoneos/UnityFramework.build/Objects-normal/arm64/KeyboardViews+iOS+Glass.o -index-unit-output-path /Unity-iPhone.build/Debug-iphoneos/UnityFramework.build/Objects-normal/arm64/KeyboardViews+iOS+Glass.o

CompileC /Users/tuantu/Desktop/dev/AI/mobile/game_df/ios-build/DerivedData/Build/Intermediates.noindex/Unity-iPhone.build/Debug-iphoneos/UnityFramework.build/Objects-normal/arm64/Keyboard.o /Users/tuantu/Desktop/dev/AI/mobile/game_df/ios-build/Classes/UI/Keyboard.mm normal arm64 objective-c++ com.apple.compilers.llvm.clang.1_0.compiler (in target 'UnityFramework' from project 'Unity-iPhone')
    cd /Users/tuantu/Desktop/dev/AI/mobile/game_df/ios-build
    
    Using response file: /Users/tuantu/Desktop/dev/AI/mobile/game_df/ios-build/DerivedData/Build/Intermediates.noindex/Unity-iPhone.build/Debug-iphoneos/UnityFramework.build/Objects-normal/arm64/af3fcb34312c57c0f52879cdce924b91-common-args.resp
    
    /Applications/Xcode.app/Contents/Developer/Toolchains/XcodeDefault.xctoolchain/usr/bin/clang -x objective-c++ -ivfsstatcache /Users/tuantu/Desktop/dev/AI/mobile/game_df/ios-build/DerivedData/SDKStatCaches.noindex/iphoneos18.2-22C146-d5b9239ec3bf5b3adbecdf21472871e3.sdkstatcache -fmessage-length\=0 -fdiagnostics-show-note-include-stack -fmacro-backtrace-limit\=0 -fno-color-diagnostics -Wno-trigraphs -Wno-missing-field-initializers -Wno-missing-prototypes -Wquoted-include-in-framework-header -Wno-implicit-atomic-properties -Wno-objc-interface-ivars -Wno-arc-repeated-use-of-weak -Wimplicit-retain-self -Wno-non-virtual-dtor -Wno-overloaded-virtual -Wno-exit-time-destructors -Wduplicate-method-match -Wno-missing-braces -Wparentheses -Wswitch -Wno-unused-function -Wno-unused-label -Wno-unused-parameter -Wunused-variable -Wunused-value -Wempty-body -Wuninitialized -Wno-unknown-pragmas -Wno-shadow -Wno-four-char-constants -Wno-conversion -Wconstant-conversion -Wint-conversion -Wbool-conversion -Wenum-conversion -Wno-float-conversion -Wnon-literal-null-conversion -Wobjc-literal-conversion -Wshorten-64-to-32 -Wno-newline-eof -Wno-selector -Wno-strict-selector-match -Wno-undeclared-selector -Wdeprecated-implementations -Wno-c++11-extensions -Wno-implicit-fallthrough -fstrict-aliasing -Wprotocol -Wdeprecated-declarations -Winvalid-offsetof -Wno-sign-conversion -Winfinite-recursion -Wmove -Wcomma -Wblock-capture-autoreleasing -Wno-strict-prototypes -Wrange-loop-analysis -Wno-semicolon-before-method-body -index-store-path /Users/tuantu/Desktop/dev/AI/mobile/game_df/ios-build/DerivedData/Index.noindex/DataStore -Wno-missing-declarations @/Users/tuantu/Desktop/dev/AI/mobile/game_df/ios-build/DerivedData/Build/Intermediates.noindex/Unity-iPhone.build/Debug-iphoneos/UnityFramework.build/Objects-normal/arm64/af3fcb34312c57c0f52879cdce924b91-common-args.resp -include /Users/tuantu/Desktop/dev/AI/mobile/game_df/ios-build/DerivedData/Build/Intermediates.noindex/PrecompiledHeaders/SharedPrecompiledHeaders/2229478468874706855/Prefix.pch -MMD -MT dependencies -MF /Users/tuantu/Desktop/dev/AI/mobile/game_df/ios-build/DerivedData/Build/Intermediates.noindex/Unity-iPhone.build/Debug-iphoneos/UnityFramework.build/Objects-normal/arm64/Keyboard.d --serialize-diagnostics /Users/tuantu/Desktop/dev/AI/mobile/game_df/ios-build/DerivedData/Build/Intermediates.noindex/Unity-iPhone.build/Debug-iphoneos/UnityFramework.build/Objects-normal/arm64/Keyboard.dia -c /Users/tuantu/Desktop/dev/AI/mobile/game_df/ios-build/Classes/UI/Keyboard.mm -o /Users/tuantu/Desktop/dev/AI/mobile/game_df/ios-build/DerivedData/Build/Intermediates.noindex/Unity-iPhone.build/Debug-iphoneos/UnityFramework.build/Objects-normal/arm64/Keyboard.o -index-unit-output-path /Unity-iPhone.build/Debug-iphoneos/UnityFramework.build/Objects-normal/arm64/Keyboard.o

CompileC /Users/tuantu/Desktop/dev/AI/mobile/game_df/ios-build/DerivedData/Build/Intermediates.noindex/Unity-iPhone.build/Debug-iphoneos/UnityFramework.build/Objects-normal/arm64/FullScreenVideoPlayer.o /Users/tuantu/Desktop/dev/AI/mobile/game_df/ios-build/Classes/Unity/FullScreenVideoPlayer.mm normal arm64 objective-c++ com.apple.compilers.llvm.clang.1_0.compiler (in target 'UnityFramework' from project 'Unity-iPhone')
    cd /Users/tuantu/Desktop/dev/AI/mobile/game_df/ios-build
    
    Using response file: /Users/tuantu/Desktop/dev/AI/mobile/game_df/ios-build/DerivedData/Build/Intermediates.noindex/Unity-iPhone.build/Debug-iphoneos/UnityFramework.build/Objects-normal/arm64/af3fcb34312c57c0f52879cdce924b91-common-args.resp
    
    /Applications/Xcode.app/Contents/Developer/Toolchains/XcodeDefault.xctoolchain/usr/bin/clang -x objective-c++ -ivfsstatcache /Users/tuantu/Desktop/dev/AI/mobile/game_df/ios-build/DerivedData/SDKStatCaches.noindex/iphoneos18.2-22C146-d5b9239ec3bf5b3adbecdf21472871e3.sdkstatcache -fmessage-length\=0 -fdiagnostics-show-note-include-stack -fmacro-backtrace-limit\=0 -fno-color-diagnostics -Wno-trigraphs -Wno-missing-field-initializers -Wno-missing-prototypes -Wquoted-include-in-framework-header -Wno-implicit-atomic-properties -Wno-objc-interface-ivars -Wno-arc-repeated-use-of-weak -Wimplicit-retain-self -Wno-non-virtual-dtor -Wno-overloaded-virtual -Wno-exit-time-destructors -Wduplicate-method-match -Wno-missing-braces -Wparentheses -Wswitch -Wno-unused-function -Wno-unused-label -Wno-unused-parameter -Wunused-variable -Wunused-value -Wempty-body -Wuninitialized -Wno-unknown-pragmas -Wno-shadow -Wno-four-char-constants -Wno-conversion -Wconstant-conversion -Wint-conversion -Wbool-conversion -Wenum-conversion -Wno-float-conversion -Wnon-literal-null-conversion -Wobjc-literal-conversion -Wshorten-64-to-32 -Wno-newline-eof -Wno-selector -Wno-strict-selector-match -Wno-undeclared-selector -Wdeprecated-implementations -Wno-c++11-extensions -Wno-implicit-fallthrough -fstrict-aliasing -Wprotocol -Wdeprecated-declarations -Winvalid-offsetof -Wno-sign-conversion -Winfinite-recursion -Wmove -Wcomma -Wblock-capture-autoreleasing -Wno-strict-prototypes -Wrange-loop-analysis -Wno-semicolon-before-method-body -index-store-path /Users/tuantu/Desktop/dev/AI/mobile/game_df/ios-build/DerivedData/Index.noindex/DataStore -Wno-missing-declarations @/Users/tuantu/Desktop/dev/AI/mobile/game_df/ios-build/DerivedData/Build/Intermediates.noindex/Unity-iPhone.build/Debug-iphoneos/UnityFramework.build/Objects-normal/arm64/af3fcb34312c57c0f52879cdce924b91-common-args.resp -include /Users/tuantu/Desktop/dev/AI/mobile/game_df/ios-build/DerivedData/Build/Intermediates.noindex/PrecompiledHeaders/SharedPrecompiledHeaders/2229478468874706855/Prefix.pch -MMD -MT dependencies -MF /Users/tuantu/Desktop/dev/AI/mobile/game_df/ios-build/DerivedData/Build/Intermediates.noindex/Unity-iPhone.build/Debug-iphoneos/UnityFramework.build/Objects-normal/arm64/FullScreenVideoPlayer.d --serialize-diagnostics /Users/tuantu/Desktop/dev/AI/mobile/game_df/ios-build/DerivedData/Build/Intermediates.noindex/Unity-iPhone.build/Debug-iphoneos/UnityFramework.build/Objects-normal/arm64/FullScreenVideoPlayer.dia -c /Users/tuantu/Desktop/dev/AI/mobile/game_df/ios-build/Classes/Unity/FullScreenVideoPlayer.mm -o /Users/tuantu/Desktop/dev/AI/mobile/game_df/ios-build/DerivedData/Build/Intermediates.noindex/Unity-iPhone.build/Debug-iphoneos/UnityFramework.build/Objects-normal/arm64/FullScreenVideoPlayer.o -index-unit-output-path /Unity-iPhone.build/Debug-iphoneos/UnityFramework.build/Objects-normal/arm64/FullScreenVideoPlayer.o

CompileC /Users/tuantu/Desktop/dev/AI/mobile/game_df/ios-build/DerivedData/Build/Intermediates.noindex/Unity-iPhone.build/Debug-iphoneos/UnityFramework.build/Objects-normal/arm64/Filesystem.o /Users/tuantu/Desktop/dev/AI/mobile/game_df/ios-build/Classes/Unity/Filesystem.mm normal arm64 objective-c++ com.apple.compilers.llvm.clang.1_0.compiler (in target 'UnityFramework' from project 'Unity-iPhone')
    cd /Users/tuantu/Desktop/dev/AI/mobile/game_df/ios-build
    
    Using response file: /Users/tuantu/Desktop/dev/AI/mobile/game_df/ios-build/DerivedData/Build/Intermediates.noindex/Unity-iPhone.build/Debug-iphoneos/UnityFramework.build/Objects-normal/arm64/af3fcb34312c57c0f52879cdce924b91-common-args.resp
    
    /Applications/Xcode.app/Contents/Developer/Toolchains/XcodeDefault.xctoolchain/usr/bin/clang -x objective-c++ -ivfsstatcache /Users/tuantu/Desktop/dev/AI/mobile/game_df/ios-build/DerivedData/SDKStatCaches.noindex/iphoneos18.2-22C146-d5b9239ec3bf5b3adbecdf21472871e3.sdkstatcache -fmessage-length\=0 -fdiagnostics-show-note-include-stack -fmacro-backtrace-limit\=0 -fno-color-diagnostics -Wno-trigraphs -Wno-missing-field-initializers -Wno-missing-prototypes -Wquoted-include-in-framework-header -Wno-implicit-atomic-properties -Wno-objc-interface-ivars -Wno-arc-repeated-use-of-weak -Wimplicit-retain-self -Wno-non-virtual-dtor -Wno-overloaded-virtual -Wno-exit-time-destructors -Wduplicate-method-match -Wno-missing-braces -Wparentheses -Wswitch -Wno-unused-function -Wno-unused-label -Wno-unused-parameter -Wunused-variable -Wunused-value -Wempty-body -Wuninitialized -Wno-unknown-pragmas -Wno-shadow -Wno-four-char-constants -Wno-conversion -Wconstant-conversion -Wint-conversion -Wbool-conversion -Wenum-conversion -Wno-float-conversion -Wnon-literal-null-conversion -Wobjc-literal-conversion -Wshorten-64-to-32 -Wno-newline-eof -Wno-selector -Wno-strict-selector-match -Wno-undeclared-selector -Wdeprecated-implementations -Wno-c++11-extensions -Wno-implicit-fallthrough -fstrict-aliasing -Wprotocol -Wdeprecated-declarations -Winvalid-offsetof -Wno-sign-conversion -Winfinite-recursion -Wmove -Wcomma -Wblock-capture-autoreleasing -Wno-strict-prototypes -Wrange-loop-analysis -Wno-semicolon-before-method-body -index-store-path /Users/tuantu/Desktop/dev/AI/mobile/game_df/ios-build/DerivedData/Index.noindex/DataStore -Wno-missing-declarations @/Users/tuantu/Desktop/dev/AI/mobile/game_df/ios-build/DerivedData/Build/Intermediates.noindex/Unity-iPhone.build/Debug-iphoneos/UnityFramework.build/Objects-normal/arm64/af3fcb34312c57c0f52879cdce924b91-common-args.resp -include /Users/tuantu/Desktop/dev/AI/mobile/game_df/ios-build/DerivedData/Build/Intermediates.noindex/PrecompiledHeaders/SharedPrecompiledHeaders/2229478468874706855/Prefix.pch -MMD -MT dependencies -MF /Users/tuantu/Desktop/dev/AI/mobile/game_df/ios-build/DerivedData/Build/Intermediates.noindex/Unity-iPhone.build/Debug-iphoneos/UnityFramework.build/Objects-normal/arm64/Filesystem.d --serialize-diagnostics /Users/tuantu/Desktop/dev/AI/mobile/game_df/ios-build/DerivedData/Build/Intermediates.noindex/Unity-iPhone.build/Debug-iphoneos/UnityFramework.build/Objects-normal/arm64/Filesystem.dia -c /Users/tuantu/Desktop/dev/AI/mobile/game_df/ios-build/Classes/Unity/Filesystem.mm -o /Users/tuantu/Desktop/dev/AI/mobile/game_df/ios-build/DerivedData/Build/Intermediates.noindex/Unity-iPhone.build/Debug-iphoneos/UnityFramework.build/Objects-normal/arm64/Filesystem.o -index-unit-output-path /Unity-iPhone.build/Debug-iphoneos/UnityFramework.build/Objects-normal/arm64/Filesystem.o

CompileC /Users/tuantu/Desktop/dev/AI/mobile/game_df/ios-build/DerivedData/Build/Intermediates.noindex/Unity-iPhone.build/Debug-iphoneos/UnityFramework.build/Objects-normal/arm64/DisplayManager.o /Users/tuantu/Desktop/dev/AI/mobile/game_df/ios-build/Classes/Unity/DisplayManager.mm normal arm64 objective-c++ com.apple.compilers.llvm.clang.1_0.compiler (in target 'UnityFramework' from project 'Unity-iPhone')
    cd /Users/tuantu/Desktop/dev/AI/mobile/game_df/ios-build
    
    Using response file: /Users/tuantu/Desktop/dev/AI/mobile/game_df/ios-build/DerivedData/Build/Intermediates.noindex/Unity-iPhone.build/Debug-iphoneos/UnityFramework.build/Objects-normal/arm64/af3fcb34312c57c0f52879cdce924b91-common-args.resp
    
    /Applications/Xcode.app/Contents/Developer/Toolchains/XcodeDefault.xctoolchain/usr/bin/clang -x objective-c++ -ivfsstatcache /Users/tuantu/Desktop/dev/AI/mobile/game_df/ios-build/DerivedData/SDKStatCaches.noindex/iphoneos18.2-22C146-d5b9239ec3bf5b3adbecdf21472871e3.sdkstatcache -fmessage-length\=0 -fdiagnostics-show-note-include-stack -fmacro-backtrace-limit\=0 -fno-color-diagnostics -Wno-trigraphs -Wno-missing-field-initializers -Wno-missing-prototypes -Wquoted-include-in-framework-header -Wno-implicit-atomic-properties -Wno-objc-interface-ivars -Wno-arc-repeated-use-of-weak -Wimplicit-retain-self -Wno-non-virtual-dtor -Wno-overloaded-virtual -Wno-exit-time-destructors -Wduplicate-method-match -Wno-missing-braces -Wparentheses -Wswitch -Wno-unused-function -Wno-unused-label -Wno-unused-parameter -Wunused-variable -Wunused-value -Wempty-body -Wuninitialized -Wno-unknown-pragmas -Wno-shadow -Wno-four-char-constants -Wno-conversion -Wconstant-conversion -Wint-conversion -Wbool-conversion -Wenum-conversion -Wno-float-conversion -Wnon-literal-null-conversion -Wobjc-literal-conversion -Wshorten-64-to-32 -Wno-newline-eof -Wno-selector -Wno-strict-selector-match -Wno-undeclared-selector -Wdeprecated-implementations -Wno-c++11-extensions -Wno-implicit-fallthrough -fstrict-aliasing -Wprotocol -Wdeprecated-declarations -Winvalid-offsetof -Wno-sign-conversion -Winfinite-recursion -Wmove -Wcomma -Wblock-capture-autoreleasing -Wno-strict-prototypes -Wrange-loop-analysis -Wno-semicolon-before-method-body -index-store-path /Users/tuantu/Desktop/dev/AI/mobile/game_df/ios-build/DerivedData/Index.noindex/DataStore -Wno-missing-declarations @/Users/tuantu/Desktop/dev/AI/mobile/game_df/ios-build/DerivedData/Build/Intermediates.noindex/Unity-iPhone.build/Debug-iphoneos/UnityFramework.build/Objects-normal/arm64/af3fcb34312c57c0f52879cdce924b91-common-args.resp -include /Users/tuantu/Desktop/dev/AI/mobile/game_df/ios-build/DerivedData/Build/Intermediates.noindex/PrecompiledHeaders/SharedPrecompiledHeaders/2229478468874706855/Prefix.pch -MMD -MT dependencies -MF /Users/tuantu/Desktop/dev/AI/mobile/game_df/ios-build/DerivedData/Build/Intermediates.noindex/Unity-iPhone.build/Debug-iphoneos/UnityFramework.build/Objects-normal/arm64/DisplayManager.d --serialize-diagnostics /Users/tuantu/Desktop/dev/AI/mobile/game_df/ios-build/DerivedData/Build/Intermediates.noindex/Unity-iPhone.build/Debug-iphoneos/UnityFramework.build/Objects-normal/arm64/DisplayManager.dia -c /Users/tuantu/Desktop/dev/AI/mobile/game_df/ios-build/Classes/Unity/DisplayManager.mm -o /Users/tuantu/Desktop/dev/AI/mobile/game_df/ios-build/DerivedData/Build/Intermediates.noindex/Unity-iPhone.build/Debug-iphoneos/UnityFramework.build/Objects-normal/arm64/DisplayManager.o -index-unit-output-path /Unity-iPhone.build/Debug-iphoneos/UnityFramework.build/Objects-normal/arm64/DisplayManager.o
In file included from /Users/tuantu/Desktop/dev/AI/mobile/game_df/ios-build/Classes/Unity/DisplayManager.mm:1:
In file included from /Users/tuantu/Desktop/dev/AI/mobile/game_df/ios-build/Classes/Prefix.pch:13:
In file included from /Users/tuantu/Desktop/dev/AI/mobile/game_df/ios-build/Classes/Unity/UnityInterface.h:10:
/Users/tuantu/Desktop/dev/AI/mobile/game_df/ios-build/Classes/Unity/UnityRendering.h:133:16: warning: 'useCVTextureCache' is deprecated [-Wdeprecated-declarations]
  133 | typedef struct RenderingSurfaceParams
      |                ^
/Users/tuantu/Desktop/dev/AI/mobile/game_df/ios-build/Classes/Unity/DisplayManager.mm:330:32: note: in implicit copy constructor for 'RenderingSurfaceParams' first required here
  330 |         [self recreateSurface: params];
      |                                ^
In file included from /Users/tuantu/Desktop/dev/AI/mobile/game_df/ios-build/Classes/Unity/DisplayManager.mm:1:
In file included from /Users/tuantu/Desktop/dev/AI/mobile/game_df/ios-build/Classes/Prefix.pch:13:
In file included from /Users/tuantu/Desktop/dev/AI/mobile/game_df/ios-build/Classes/Unity/UnityInterface.h:10:
/Users/tuantu/Desktop/dev/AI/mobile/game_df/ios-build/Classes/Unity/UnityRendering.h:150:44: note: 'useCVTextureCache' has been explicitly marked deprecated here
  150 |     int useCVTextureCache   __attribute__((deprecated));
      |                                            ^
1 warning generated.

CompileC /Users/tuantu/Desktop/dev/AI/mobile/game_df/ios-build/DerivedData/Build/Intermediates.noindex/Unity-iPhone.build/Debug-iphoneos/UnityFramework.build/Objects-normal/arm64/DeviceSettings.o /Users/tuantu/Desktop/dev/AI/mobile/game_df/ios-build/Classes/Unity/DeviceSettings.mm normal arm64 objective-c++ com.apple.compilers.llvm.clang.1_0.compiler (in target 'UnityFramework' from project 'Unity-iPhone')
    cd /Users/tuantu/Desktop/dev/AI/mobile/game_df/ios-build
    
    Using response file: /Users/tuantu/Desktop/dev/AI/mobile/game_df/ios-build/DerivedData/Build/Intermediates.noindex/Unity-iPhone.build/Debug-iphoneos/UnityFramework.build/Objects-normal/arm64/af3fcb34312c57c0f52879cdce924b91-common-args.resp
    
    /Applications/Xcode.app/Contents/Developer/Toolchains/XcodeDefault.xctoolchain/usr/bin/clang -x objective-c++ -ivfsstatcache /Users/tuantu/Desktop/dev/AI/mobile/game_df/ios-build/DerivedData/SDKStatCaches.noindex/iphoneos18.2-22C146-d5b9239ec3bf5b3adbecdf21472871e3.sdkstatcache -fmessage-length\=0 -fdiagnostics-show-note-include-stack -fmacro-backtrace-limit\=0 -fno-color-diagnostics -Wno-trigraphs -Wno-missing-field-initializers -Wno-missing-prototypes -Wquoted-include-in-framework-header -Wno-implicit-atomic-properties -Wno-objc-interface-ivars -Wno-arc-repeated-use-of-weak -Wimplicit-retain-self -Wno-non-virtual-dtor -Wno-overloaded-virtual -Wno-exit-time-destructors -Wduplicate-method-match -Wno-missing-braces -Wparentheses -Wswitch -Wno-unused-function -Wno-unused-label -Wno-unused-parameter -Wunused-variable -Wunused-value -Wempty-body -Wuninitialized -Wno-unknown-pragmas -Wno-shadow -Wno-four-char-constants -Wno-conversion -Wconstant-conversion -Wint-conversion -Wbool-conversion -Wenum-conversion -Wno-float-conversion -Wnon-literal-null-conversion -Wobjc-literal-conversion -Wshorten-64-to-32 -Wno-newline-eof -Wno-selector -Wno-strict-selector-match -Wno-undeclared-selector -Wdeprecated-implementations -Wno-c++11-extensions -Wno-implicit-fallthrough -fstrict-aliasing -Wprotocol -Wdeprecated-declarations -Winvalid-offsetof -Wno-sign-conversion -Winfinite-recursion -Wmove -Wcomma -Wblock-capture-autoreleasing -Wno-strict-prototypes -Wrange-loop-analysis -Wno-semicolon-before-method-body -index-store-path /Users/tuantu/Desktop/dev/AI/mobile/game_df/ios-build/DerivedData/Index.noindex/DataStore -Wno-missing-declarations @/Users/tuantu/Desktop/dev/AI/mobile/game_df/ios-build/DerivedData/Build/Intermediates.noindex/Unity-iPhone.build/Debug-iphoneos/UnityFramework.build/Objects-normal/arm64/af3fcb34312c57c0f52879cdce924b91-common-args.resp -include /Users/tuantu/Desktop/dev/AI/mobile/game_df/ios-build/DerivedData/Build/Intermediates.noindex/PrecompiledHeaders/SharedPrecompiledHeaders/2229478468874706855/Prefix.pch -MMD -MT dependencies -MF /Users/tuantu/Desktop/dev/AI/mobile/game_df/ios-build/DerivedData/Build/Intermediates.noindex/Unity-iPhone.build/Debug-iphoneos/UnityFramework.build/Objects-normal/arm64/DeviceSettings.d --serialize-diagnostics /Users/tuantu/Desktop/dev/AI/mobile/game_df/ios-build/DerivedData/Build/Intermediates.noindex/Unity-iPhone.build/Debug-iphoneos/UnityFramework.build/Objects-normal/arm64/DeviceSettings.dia -c /Users/tuantu/Desktop/dev/AI/mobile/game_df/ios-build/Classes/Unity/DeviceSettings.mm -o /Users/tuantu/Desktop/dev/AI/mobile/game_df/ios-build/DerivedData/Build/Intermediates.noindex/Unity-iPhone.build/Debug-iphoneos/UnityFramework.build/Objects-normal/arm64/DeviceSettings.o -index-unit-output-path /Unity-iPhone.build/Debug-iphoneos/UnityFramework.build/Objects-normal/arm64/DeviceSettings.o

CompileC /Users/tuantu/Desktop/dev/AI/mobile/game_df/ios-build/DerivedData/Build/Intermediates.noindex/Unity-iPhone.build/Debug-iphoneos/UnityFramework.build/Objects-normal/arm64/CrashReporter.o /Users/tuantu/Desktop/dev/AI/mobile/game_df/ios-build/Classes/CrashReporter.mm normal arm64 objective-c++ com.apple.compilers.llvm.clang.1_0.compiler (in target 'UnityFramework' from project 'Unity-iPhone')
    cd /Users/tuantu/Desktop/dev/AI/mobile/game_df/ios-build
    
    Using response file: /Users/tuantu/Desktop/dev/AI/mobile/game_df/ios-build/DerivedData/Build/Intermediates.noindex/Unity-iPhone.build/Debug-iphoneos/UnityFramework.build/Objects-normal/arm64/af3fcb34312c57c0f52879cdce924b91-common-args.resp
    
    /Applications/Xcode.app/Contents/Developer/Toolchains/XcodeDefault.xctoolchain/usr/bin/clang -x objective-c++ -ivfsstatcache /Users/tuantu/Desktop/dev/AI/mobile/game_df/ios-build/DerivedData/SDKStatCaches.noindex/iphoneos18.2-22C146-d5b9239ec3bf5b3adbecdf21472871e3.sdkstatcache -fmessage-length\=0 -fdiagnostics-show-note-include-stack -fmacro-backtrace-limit\=0 -fno-color-diagnostics -Wno-trigraphs -Wno-missing-field-initializers -Wno-missing-prototypes -Wquoted-include-in-framework-header -Wno-implicit-atomic-properties -Wno-objc-interface-ivars -Wno-arc-repeated-use-of-weak -Wimplicit-retain-self -Wno-non-virtual-dtor -Wno-overloaded-virtual -Wno-exit-time-destructors -Wduplicate-method-match -Wno-missing-braces -Wparentheses -Wswitch -Wno-unused-function -Wno-unused-label -Wno-unused-parameter -Wunused-variable -Wunused-value -Wempty-body -Wuninitialized -Wno-unknown-pragmas -Wno-shadow -Wno-four-char-constants -Wno-conversion -Wconstant-conversion -Wint-conversion -Wbool-conversion -Wenum-conversion -Wno-float-conversion -Wnon-literal-null-conversion -Wobjc-literal-conversion -Wshorten-64-to-32 -Wno-newline-eof -Wno-selector -Wno-strict-selector-match -Wno-undeclared-selector -Wdeprecated-implementations -Wno-c++11-extensions -Wno-implicit-fallthrough -fstrict-aliasing -Wprotocol -Wdeprecated-declarations -Winvalid-offsetof -Wno-sign-conversion -Winfinite-recursion -Wmove -Wcomma -Wblock-capture-autoreleasing -Wno-strict-prototypes -Wrange-loop-analysis -Wno-semicolon-before-method-body -index-store-path /Users/tuantu/Desktop/dev/AI/mobile/game_df/ios-build/DerivedData/Index.noindex/DataStore -Wno-missing-declarations @/Users/tuantu/Desktop/dev/AI/mobile/game_df/ios-build/DerivedData/Build/Intermediates.noindex/Unity-iPhone.build/Debug-iphoneos/UnityFramework.build/Objects-normal/arm64/af3fcb34312c57c0f52879cdce924b91-common-args.resp -include /Users/tuantu/Desktop/dev/AI/mobile/game_df/ios-build/DerivedData/Build/Intermediates.noindex/PrecompiledHeaders/SharedPrecompiledHeaders/2229478468874706855/Prefix.pch -MMD -MT dependencies -MF /Users/tuantu/Desktop/dev/AI/mobile/game_df/ios-build/DerivedData/Build/Intermediates.noindex/Unity-iPhone.build/Debug-iphoneos/UnityFramework.build/Objects-normal/arm64/CrashReporter.d --serialize-diagnostics /Users/tuantu/Desktop/dev/AI/mobile/game_df/ios-build/DerivedData/Build/Intermediates.noindex/Unity-iPhone.build/Debug-iphoneos/UnityFramework.build/Objects-normal/arm64/CrashReporter.dia -c /Users/tuantu/Desktop/dev/AI/mobile/game_df/ios-build/Classes/CrashReporter.mm -o /Users/tuantu/Desktop/dev/AI/mobile/game_df/ios-build/DerivedData/Build/Intermediates.noindex/Unity-iPhone.build/Debug-iphoneos/UnityFramework.build/Objects-normal/arm64/CrashReporter.o -index-unit-output-path /Unity-iPhone.build/Debug-iphoneos/UnityFramework.build/Objects-normal/arm64/CrashReporter.o

CompileC /Users/tuantu/Desktop/dev/AI/mobile/game_df/ios-build/DerivedData/Build/Intermediates.noindex/Unity-iPhone.build/Debug-iphoneos/UnityFramework.build/Objects-normal/arm64/CameraCapture.o /Users/tuantu/Desktop/dev/AI/mobile/game_df/ios-build/Classes/Unity/CameraCapture.mm normal arm64 objective-c++ com.apple.compilers.llvm.clang.1_0.compiler (in target 'UnityFramework' from project 'Unity-iPhone')
    cd /Users/tuantu/Desktop/dev/AI/mobile/game_df/ios-build
    
    Using response file: /Users/tuantu/Desktop/dev/AI/mobile/game_df/ios-build/DerivedData/Build/Intermediates.noindex/Unity-iPhone.build/Debug-iphoneos/UnityFramework.build/Objects-normal/arm64/af3fcb34312c57c0f52879cdce924b91-common-args.resp
    
    /Applications/Xcode.app/Contents/Developer/Toolchains/XcodeDefault.xctoolchain/usr/bin/clang -x objective-c++ -ivfsstatcache /Users/tuantu/Desktop/dev/AI/mobile/game_df/ios-build/DerivedData/SDKStatCaches.noindex/iphoneos18.2-22C146-d5b9239ec3bf5b3adbecdf21472871e3.sdkstatcache -fmessage-length\=0 -fdiagnostics-show-note-include-stack -fmacro-backtrace-limit\=0 -fno-color-diagnostics -Wno-trigraphs -Wno-missing-field-initializers -Wno-missing-prototypes -Wquoted-include-in-framework-header -Wno-implicit-atomic-properties -Wno-objc-interface-ivars -Wno-arc-repeated-use-of-weak -Wimplicit-retain-self -Wno-non-virtual-dtor -Wno-overloaded-virtual -Wno-exit-time-destructors -Wduplicate-method-match -Wno-missing-braces -Wparentheses -Wswitch -Wno-unused-function -Wno-unused-label -Wno-unused-parameter -Wunused-variable -Wunused-value -Wempty-body -Wuninitialized -Wno-unknown-pragmas -Wno-shadow -Wno-four-char-constants -Wno-conversion -Wconstant-conversion -Wint-conversion -Wbool-conversion -Wenum-conversion -Wno-float-conversion -Wnon-literal-null-conversion -Wobjc-literal-conversion -Wshorten-64-to-32 -Wno-newline-eof -Wno-selector -Wno-strict-selector-match -Wno-undeclared-selector -Wdeprecated-implementations -Wno-c++11-extensions -Wno-implicit-fallthrough -fstrict-aliasing -Wprotocol -Wdeprecated-declarations -Winvalid-offsetof -Wno-sign-conversion -Winfinite-recursion -Wmove -Wcomma -Wblock-capture-autoreleasing -Wno-strict-prototypes -Wrange-loop-analysis -Wno-semicolon-before-method-body -index-store-path /Users/tuantu/Desktop/dev/AI/mobile/game_df/ios-build/DerivedData/Index.noindex/DataStore -Wno-missing-declarations @/Users/tuantu/Desktop/dev/AI/mobile/game_df/ios-build/DerivedData/Build/Intermediates.noindex/Unity-iPhone.build/Debug-iphoneos/UnityFramework.build/Objects-normal/arm64/af3fcb34312c57c0f52879cdce924b91-common-args.resp -include /Users/tuantu/Desktop/dev/AI/mobile/game_df/ios-build/DerivedData/Build/Intermediates.noindex/PrecompiledHeaders/SharedPrecompiledHeaders/2229478468874706855/Prefix.pch -MMD -MT dependencies -MF /Users/tuantu/Desktop/dev/AI/mobile/game_df/ios-build/DerivedData/Build/Intermediates.noindex/Unity-iPhone.build/Debug-iphoneos/UnityFramework.build/Objects-normal/arm64/CameraCapture.d --serialize-diagnostics /Users/tuantu/Desktop/dev/AI/mobile/game_df/ios-build/DerivedData/Build/Intermediates.noindex/Unity-iPhone.build/Debug-iphoneos/UnityFramework.build/Objects-normal/arm64/CameraCapture.dia -c /Users/tuantu/Desktop/dev/AI/mobile/game_df/ios-build/Classes/Unity/CameraCapture.mm -o /Users/tuantu/Desktop/dev/AI/mobile/game_df/ios-build/DerivedData/Build/Intermediates.noindex/Unity-iPhone.build/Debug-iphoneos/UnityFramework.build/Objects-normal/arm64/CameraCapture.o -index-unit-output-path /Unity-iPhone.build/Debug-iphoneos/UnityFramework.build/Objects-normal/arm64/CameraCapture.o

CompileC /Users/tuantu/Desktop/dev/AI/mobile/game_df/ios-build/DerivedData/Build/Intermediates.noindex/Unity-iPhone.build/Debug-iphoneos/UnityFramework.build/Objects-normal/arm64/CVTextureCache.o /Users/tuantu/Desktop/dev/AI/mobile/game_df/ios-build/Classes/Unity/CVTextureCache.mm normal arm64 objective-c++ com.apple.compilers.llvm.clang.1_0.compiler (in target 'UnityFramework' from project 'Unity-iPhone')
    cd /Users/tuantu/Desktop/dev/AI/mobile/game_df/ios-build
    
    Using response file: /Users/tuantu/Desktop/dev/AI/mobile/game_df/ios-build/DerivedData/Build/Intermediates.noindex/Unity-iPhone.build/Debug-iphoneos/UnityFramework.build/Objects-normal/arm64/af3fcb34312c57c0f52879cdce924b91-common-args.resp
    
    /Applications/Xcode.app/Contents/Developer/Toolchains/XcodeDefault.xctoolchain/usr/bin/clang -x objective-c++ -ivfsstatcache /Users/tuantu/Desktop/dev/AI/mobile/game_df/ios-build/DerivedData/SDKStatCaches.noindex/iphoneos18.2-22C146-d5b9239ec3bf5b3adbecdf21472871e3.sdkstatcache -fmessage-length\=0 -fdiagnostics-show-note-include-stack -fmacro-backtrace-limit\=0 -fno-color-diagnostics -Wno-trigraphs -Wno-missing-field-initializers -Wno-missing-prototypes -Wquoted-include-in-framework-header -Wno-implicit-atomic-properties -Wno-objc-interface-ivars -Wno-arc-repeated-use-of-weak -Wimplicit-retain-self -Wno-non-virtual-dtor -Wno-overloaded-virtual -Wno-exit-time-destructors -Wduplicate-method-match -Wno-missing-braces -Wparentheses -Wswitch -Wno-unused-function -Wno-unused-label -Wno-unused-parameter -Wunused-variable -Wunused-value -Wempty-body -Wuninitialized -Wno-unknown-pragmas -Wno-shadow -Wno-four-char-constants -Wno-conversion -Wconstant-conversion -Wint-conversion -Wbool-conversion -Wenum-conversion -Wno-float-conversion -Wnon-literal-null-conversion -Wobjc-literal-conversion -Wshorten-64-to-32 -Wno-newline-eof -Wno-selector -Wno-strict-selector-match -Wno-undeclared-selector -Wdeprecated-implementations -Wno-c++11-extensions -Wno-implicit-fallthrough -fstrict-aliasing -Wprotocol -Wdeprecated-declarations -Winvalid-offsetof -Wno-sign-conversion -Winfinite-recursion -Wmove -Wcomma -Wblock-capture-autoreleasing -Wno-strict-prototypes -Wrange-loop-analysis -Wno-semicolon-before-method-body -index-store-path /Users/tuantu/Desktop/dev/AI/mobile/game_df/ios-build/DerivedData/Index.noindex/DataStore -Wno-missing-declarations @/Users/tuantu/Desktop/dev/AI/mobile/game_df/ios-build/DerivedData/Build/Intermediates.noindex/Unity-iPhone.build/Debug-iphoneos/UnityFramework.build/Objects-normal/arm64/af3fcb34312c57c0f52879cdce924b91-common-args.resp -include /Users/tuantu/Desktop/dev/AI/mobile/game_df/ios-build/DerivedData/Build/Intermediates.noindex/PrecompiledHeaders/SharedPrecompiledHeaders/2229478468874706855/Prefix.pch -MMD -MT dependencies -MF /Users/tuantu/Desktop/dev/AI/mobile/game_df/ios-build/DerivedData/Build/Intermediates.noindex/Unity-iPhone.build/Debug-iphoneos/UnityFramework.build/Objects-normal/arm64/CVTextureCache.d --serialize-diagnostics /Users/tuantu/Desktop/dev/AI/mobile/game_df/ios-build/DerivedData/Build/Intermediates.noindex/Unity-iPhone.build/Debug-iphoneos/UnityFramework.build/Objects-normal/arm64/CVTextureCache.dia -c /Users/tuantu/Desktop/dev/AI/mobile/game_df/ios-build/Classes/Unity/CVTextureCache.mm -o /Users/tuantu/Desktop/dev/AI/mobile/game_df/ios-build/DerivedData/Build/Intermediates.noindex/Unity-iPhone.build/Debug-iphoneos/UnityFramework.build/Objects-normal/arm64/CVTextureCache.o -index-unit-output-path /Unity-iPhone.build/Debug-iphoneos/UnityFramework.build/Objects-normal/arm64/CVTextureCache.o

CompileC /Users/tuantu/Desktop/dev/AI/mobile/game_df/ios-build/DerivedData/Build/Intermediates.noindex/Unity-iPhone.build/Debug-iphoneos/UnityFramework.build/Objects-normal/arm64/CMVideoSampling.o /Users/tuantu/Desktop/dev/AI/mobile/game_df/ios-build/Classes/Unity/CMVideoSampling.mm normal arm64 objective-c++ com.apple.compilers.llvm.clang.1_0.compiler (in target 'UnityFramework' from project 'Unity-iPhone')
    cd /Users/tuantu/Desktop/dev/AI/mobile/game_df/ios-build
    
    Using response file: /Users/tuantu/Desktop/dev/AI/mobile/game_df/ios-build/DerivedData/Build/Intermediates.noindex/Unity-iPhone.build/Debug-iphoneos/UnityFramework.build/Objects-normal/arm64/af3fcb34312c57c0f52879cdce924b91-common-args.resp
    
    /Applications/Xcode.app/Contents/Developer/Toolchains/XcodeDefault.xctoolchain/usr/bin/clang -x objective-c++ -ivfsstatcache /Users/tuantu/Desktop/dev/AI/mobile/game_df/ios-build/DerivedData/SDKStatCaches.noindex/iphoneos18.2-22C146-d5b9239ec3bf5b3adbecdf21472871e3.sdkstatcache -fmessage-length\=0 -fdiagnostics-show-note-include-stack -fmacro-backtrace-limit\=0 -fno-color-diagnostics -Wno-trigraphs -Wno-missing-field-initializers -Wno-missing-prototypes -Wquoted-include-in-framework-header -Wno-implicit-atomic-properties -Wno-objc-interface-ivars -Wno-arc-repeated-use-of-weak -Wimplicit-retain-self -Wno-non-virtual-dtor -Wno-overloaded-virtual -Wno-exit-time-destructors -Wduplicate-method-match -Wno-missing-braces -Wparentheses -Wswitch -Wno-unused-function -Wno-unused-label -Wno-unused-parameter -Wunused-variable -Wunused-value -Wempty-body -Wuninitialized -Wno-unknown-pragmas -Wno-shadow -Wno-four-char-constants -Wno-conversion -Wconstant-conversion -Wint-conversion -Wbool-conversion -Wenum-conversion -Wno-float-conversion -Wnon-literal-null-conversion -Wobjc-literal-conversion -Wshorten-64-to-32 -Wno-newline-eof -Wno-selector -Wno-strict-selector-match -Wno-undeclared-selector -Wdeprecated-implementations -Wno-c++11-extensions -Wno-implicit-fallthrough -fstrict-aliasing -Wprotocol -Wdeprecated-declarations -Winvalid-offsetof -Wno-sign-conversion -Winfinite-recursion -Wmove -Wcomma -Wblock-capture-autoreleasing -Wno-strict-prototypes -Wrange-loop-analysis -Wno-semicolon-before-method-body -index-store-path /Users/tuantu/Desktop/dev/AI/mobile/game_df/ios-build/DerivedData/Index.noindex/DataStore -Wno-missing-declarations @/Users/tuantu/Desktop/dev/AI/mobile/game_df/ios-build/DerivedData/Build/Intermediates.noindex/Unity-iPhone.build/Debug-iphoneos/UnityFramework.build/Objects-normal/arm64/af3fcb34312c57c0f52879cdce924b91-common-args.resp -include /Users/tuantu/Desktop/dev/AI/mobile/game_df/ios-build/DerivedData/Build/Intermediates.noindex/PrecompiledHeaders/SharedPrecompiledHeaders/2229478468874706855/Prefix.pch -MMD -MT dependencies -MF /Users/tuantu/Desktop/dev/AI/mobile/game_df/ios-build/DerivedData/Build/Intermediates.noindex/Unity-iPhone.build/Debug-iphoneos/UnityFramework.build/Objects-normal/arm64/CMVideoSampling.d --serialize-diagnostics /Users/tuantu/Desktop/dev/AI/mobile/game_df/ios-build/DerivedData/Build/Intermediates.noindex/Unity-iPhone.build/Debug-iphoneos/UnityFramework.build/Objects-normal/arm64/CMVideoSampling.dia -c /Users/tuantu/Desktop/dev/AI/mobile/game_df/ios-build/Classes/Unity/CMVideoSampling.mm -o /Users/tuantu/Desktop/dev/AI/mobile/game_df/ios-build/DerivedData/Build/Intermediates.noindex/Unity-iPhone.build/Debug-iphoneos/UnityFramework.build/Objects-normal/arm64/CMVideoSampling.o -index-unit-output-path /Unity-iPhone.build/Debug-iphoneos/UnityFramework.build/Objects-normal/arm64/CMVideoSampling.o

CompileC /Users/tuantu/Desktop/dev/AI/mobile/game_df/ios-build/DerivedData/Build/Intermediates.noindex/Unity-iPhone.build/Debug-iphoneos/UnityFramework.build/Objects-normal/arm64/ActivityIndicator.o /Users/tuantu/Desktop/dev/AI/mobile/game_df/ios-build/Classes/UI/ActivityIndicator.mm normal arm64 objective-c++ com.apple.compilers.llvm.clang.1_0.compiler (in target 'UnityFramework' from project 'Unity-iPhone')
    cd /Users/tuantu/Desktop/dev/AI/mobile/game_df/ios-build
    
    Using response file: /Users/tuantu/Desktop/dev/AI/mobile/game_df/ios-build/DerivedData/Build/Intermediates.noindex/Unity-iPhone.build/Debug-iphoneos/UnityFramework.build/Objects-normal/arm64/af3fcb34312c57c0f52879cdce924b91-common-args.resp
    
    /Applications/Xcode.app/Contents/Developer/Toolchains/XcodeDefault.xctoolchain/usr/bin/clang -x objective-c++ -ivfsstatcache /Users/tuantu/Desktop/dev/AI/mobile/game_df/ios-build/DerivedData/SDKStatCaches.noindex/iphoneos18.2-22C146-d5b9239ec3bf5b3adbecdf21472871e3.sdkstatcache -fmessage-length\=0 -fdiagnostics-show-note-include-stack -fmacro-backtrace-limit\=0 -fno-color-diagnostics -Wno-trigraphs -Wno-missing-field-initializers -Wno-missing-prototypes -Wquoted-include-in-framework-header -Wno-implicit-atomic-properties -Wno-objc-interface-ivars -Wno-arc-repeated-use-of-weak -Wimplicit-retain-self -Wno-non-virtual-dtor -Wno-overloaded-virtual -Wno-exit-time-destructors -Wduplicate-method-match -Wno-missing-braces -Wparentheses -Wswitch -Wno-unused-function -Wno-unused-label -Wno-unused-parameter -Wunused-variable -Wunused-value -Wempty-body -Wuninitialized -Wno-unknown-pragmas -Wno-shadow -Wno-four-char-constants -Wno-conversion -Wconstant-conversion -Wint-conversion -Wbool-conversion -Wenum-conversion -Wno-float-conversion -Wnon-literal-null-conversion -Wobjc-literal-conversion -Wshorten-64-to-32 -Wno-newline-eof -Wno-selector -Wno-strict-selector-match -Wno-undeclared-selector -Wdeprecated-implementations -Wno-c++11-extensions -Wno-implicit-fallthrough -fstrict-aliasing -Wprotocol -Wdeprecated-declarations -Winvalid-offsetof -Wno-sign-conversion -Winfinite-recursion -Wmove -Wcomma -Wblock-capture-autoreleasing -Wno-strict-prototypes -Wrange-loop-analysis -Wno-semicolon-before-method-body -index-store-path /Users/tuantu/Desktop/dev/AI/mobile/game_df/ios-build/DerivedData/Index.noindex/DataStore -Wno-missing-declarations @/Users/tuantu/Desktop/dev/AI/mobile/game_df/ios-build/DerivedData/Build/Intermediates.noindex/Unity-iPhone.build/Debug-iphoneos/UnityFramework.build/Objects-normal/arm64/af3fcb34312c57c0f52879cdce924b91-common-args.resp -include /Users/tuantu/Desktop/dev/AI/mobile/game_df/ios-build/DerivedData/Build/Intermediates.noindex/PrecompiledHeaders/SharedPrecompiledHeaders/2229478468874706855/Prefix.pch -MMD -MT dependencies -MF /Users/tuantu/Desktop/dev/AI/mobile/game_df/ios-build/DerivedData/Build/Intermediates.noindex/Unity-iPhone.build/Debug-iphoneos/UnityFramework.build/Objects-normal/arm64/ActivityIndicator.d --serialize-diagnostics /Users/tuantu/Desktop/dev/AI/mobile/game_df/ios-build/DerivedData/Build/Intermediates.noindex/Unity-iPhone.build/Debug-iphoneos/UnityFramework.build/Objects-normal/arm64/ActivityIndicator.dia -c /Users/tuantu/Desktop/dev/AI/mobile/game_df/ios-build/Classes/UI/ActivityIndicator.mm -o /Users/tuantu/Desktop/dev/AI/mobile/game_df/ios-build/DerivedData/Build/Intermediates.noindex/Unity-iPhone.build/Debug-iphoneos/UnityFramework.build/Objects-normal/arm64/ActivityIndicator.o -index-unit-output-path /Unity-iPhone.build/Debug-iphoneos/UnityFramework.build/Objects-normal/arm64/ActivityIndicator.o

CompileC /Users/tuantu/Desktop/dev/AI/mobile/game_df/ios-build/DerivedData/Build/Intermediates.noindex/Unity-iPhone.build/Debug-iphoneos/UnityFramework.build/Objects-normal/arm64/AVCapture.o /Users/tuantu/Desktop/dev/AI/mobile/game_df/ios-build/Classes/Unity/AVCapture.mm normal arm64 objective-c++ com.apple.compilers.llvm.clang.1_0.compiler (in target 'UnityFramework' from project 'Unity-iPhone')
    cd /Users/tuantu/Desktop/dev/AI/mobile/game_df/ios-build
    
    Using response file: /Users/tuantu/Desktop/dev/AI/mobile/game_df/ios-build/DerivedData/Build/Intermediates.noindex/Unity-iPhone.build/Debug-iphoneos/UnityFramework.build/Objects-normal/arm64/af3fcb34312c57c0f52879cdce924b91-common-args.resp
    
    /Applications/Xcode.app/Contents/Developer/Toolchains/XcodeDefault.xctoolchain/usr/bin/clang -x objective-c++ -ivfsstatcache /Users/tuantu/Desktop/dev/AI/mobile/game_df/ios-build/DerivedData/SDKStatCaches.noindex/iphoneos18.2-22C146-d5b9239ec3bf5b3adbecdf21472871e3.sdkstatcache -fmessage-length\=0 -fdiagnostics-show-note-include-stack -fmacro-backtrace-limit\=0 -fno-color-diagnostics -Wno-trigraphs -Wno-missing-field-initializers -Wno-missing-prototypes -Wquoted-include-in-framework-header -Wno-implicit-atomic-properties -Wno-objc-interface-ivars -Wno-arc-repeated-use-of-weak -Wimplicit-retain-self -Wno-non-virtual-dtor -Wno-overloaded-virtual -Wno-exit-time-destructors -Wduplicate-method-match -Wno-missing-braces -Wparentheses -Wswitch -Wno-unused-function -Wno-unused-label -Wno-unused-parameter -Wunused-variable -Wunused-value -Wempty-body -Wuninitialized -Wno-unknown-pragmas -Wno-shadow -Wno-four-char-constants -Wno-conversion -Wconstant-conversion -Wint-conversion -Wbool-conversion -Wenum-conversion -Wno-float-conversion -Wnon-literal-null-conversion -Wobjc-literal-conversion -Wshorten-64-to-32 -Wno-newline-eof -Wno-selector -Wno-strict-selector-match -Wno-undeclared-selector -Wdeprecated-implementations -Wno-c++11-extensions -Wno-implicit-fallthrough -fstrict-aliasing -Wprotocol -Wdeprecated-declarations -Winvalid-offsetof -Wno-sign-conversion -Winfinite-recursion -Wmove -Wcomma -Wblock-capture-autoreleasing -Wno-strict-prototypes -Wrange-loop-analysis -Wno-semicolon-before-method-body -index-store-path /Users/tuantu/Desktop/dev/AI/mobile/game_df/ios-build/DerivedData/Index.noindex/DataStore -Wno-missing-declarations @/Users/tuantu/Desktop/dev/AI/mobile/game_df/ios-build/DerivedData/Build/Intermediates.noindex/Unity-iPhone.build/Debug-iphoneos/UnityFramework.build/Objects-normal/arm64/af3fcb34312c57c0f52879cdce924b91-common-args.resp -include /Users/tuantu/Desktop/dev/AI/mobile/game_df/ios-build/DerivedData/Build/Intermediates.noindex/PrecompiledHeaders/SharedPrecompiledHeaders/2229478468874706855/Prefix.pch -MMD -MT dependencies -MF /Users/tuantu/Desktop/dev/AI/mobile/game_df/ios-build/DerivedData/Build/Intermediates.noindex/Unity-iPhone.build/Debug-iphoneos/UnityFramework.build/Objects-normal/arm64/AVCapture.d --serialize-diagnostics /Users/tuantu/Desktop/dev/AI/mobile/game_df/ios-build/DerivedData/Build/Intermediates.noindex/Unity-iPhone.build/Debug-iphoneos/UnityFramework.build/Objects-normal/arm64/AVCapture.dia -c /Users/tuantu/Desktop/dev/AI/mobile/game_df/ios-build/Classes/Unity/AVCapture.mm -o /Users/tuantu/Desktop/dev/AI/mobile/game_df/ios-build/DerivedData/Build/Intermediates.noindex/Unity-iPhone.build/Debug-iphoneos/UnityFramework.build/Objects-normal/arm64/AVCapture.o -index-unit-output-path /Unity-iPhone.build/Debug-iphoneos/UnityFramework.build/Objects-normal/arm64/AVCapture.o

Ld /Users/tuantu/Desktop/dev/AI/mobile/game_df/ios-build/DerivedData/Build/Products/Debug-iphoneos/UnityFramework.framework/UnityFramework normal (in target 'UnityFramework' from project 'Unity-iPhone')
    cd /Users/tuantu/Desktop/dev/AI/mobile/game_df/ios-build
    /Applications/Xcode.app/Contents/Developer/Toolchains/XcodeDefault.xctoolchain/usr/bin/clang++ -Xlinker -reproducible -target arm64-apple-ios15.0 -dynamiclib -isysroot /Applications/Xcode.app/Contents/Developer/Platforms/iPhoneOS.platform/Developer/SDKs/iPhoneOS18.2.sdk -O0 -L/Users/tuantu/Desktop/dev/AI/mobile/game_df/ios-build/DerivedData/Build/Intermediates.noindex/EagerLinkingTBDs/Debug-iphoneos -L/Users/tuantu/Desktop/dev/AI/mobile/game_df/ios-build/DerivedData/Build/Products/Debug-iphoneos -L/Users/tuantu/Desktop/dev/AI/mobile/game_df/ios-build/Libraries -F/Users/tuantu/Desktop/dev/AI/mobile/game_df/ios-build/DerivedData/Build/Intermediates.noindex/EagerLinkingTBDs/Debug-iphoneos -F/Users/tuantu/Desktop/dev/AI/mobile/game_df/ios-build/DerivedData/Build/Products/Debug-iphoneos -F/Users/tuantu/Desktop/dev/AI/mobile/game_df/ios-build/Frameworks -filelist /Users/tuantu/Desktop/dev/AI/mobile/game_df/ios-build/DerivedData/Build/Intermediates.noindex/Unity-iPhone.build/Debug-iphoneos/UnityFramework.build/Objects-normal/arm64/UnityFramework.LinkFileList -install_name @rpath/UnityFramework.framework/UnityFramework -Xlinker -rpath -Xlinker @executable_path/Frameworks -Xlinker -rpath -Xlinker @loader_path/Frameworks -Xlinker -map -Xlinker /Users/tuantu/Desktop/dev/AI/mobile/game_df/ios-build/DerivedData/Build/Intermediates.noindex/Unity-iPhone.build/Debug-iphoneos/UnityFramework.build/UnityFramework-LinkMap-normal-arm64.txt -dead_strip -Xlinker -object_path_lto -Xlinker /Users/tuantu/Desktop/dev/AI/mobile/game_df/ios-build/DerivedData/Build/Intermediates.noindex/Unity-iPhone.build/Debug-iphoneos/UnityFramework.build/Objects-normal/arm64/UnityFramework_lto.o -Xlinker -no_deduplicate -stdlib\=libc++ -fobjc-arc -fobjc-link-runtime -weak-lSystem /Users/tuantu/Desktop/dev/AI/mobile/game_df/ios-build/DerivedData/Build/Products/Debug-iphoneos/il2cpp.a -framework UnityRuntime -lGameAssembly -liconv.2 -l_burst_generated /Users/tuantu/Desktop/dev/AI/mobile/game_df/ios-build/Libraries/baselib.a -framework AudioToolbox -framework AVFoundation -framework AVKit -framework CFNetwork -framework CoreGraphics -framework CoreMedia -framework CoreMotion -framework CoreText -framework CoreVideo -framework Foundation -framework Metal -framework QuartzCore -framework Security -framework SystemConfiguration -framework UIKit -weak_framework GameController -Xlinker -dependency_info -Xlinker /Users/tuantu/Desktop/dev/AI/mobile/game_df/ios-build/DerivedData/Build/Intermediates.noindex/Unity-iPhone.build/Debug-iphoneos/UnityFramework.build/Objects-normal/arm64/UnityFramework_dependency_info.dat -o /Users/tuantu/Desktop/dev/AI/mobile/game_df/ios-build/DerivedData/Build/Products/Debug-iphoneos/UnityFramework.framework/UnityFramework

GenerateTAPI /Users/tuantu/Desktop/dev/AI/mobile/game_df/ios-build/DerivedData/Build/Intermediates.noindex/EagerLinkingTBDs/Debug-iphoneos/UnityFramework.framework/UnityFramework.tbd (in target 'UnityFramework' from project 'Unity-iPhone')
    cd /Users/tuantu/Desktop/dev/AI/mobile/game_df/ios-build
    /Applications/Xcode.app/Contents/Developer/Toolchains/XcodeDefault.xctoolchain/usr/bin/tapi stubify -isysroot /Applications/Xcode.app/Contents/Developer/Platforms/iPhoneOS.platform/Developer/SDKs/iPhoneOS18.2.sdk -F/Users/tuantu/Desktop/dev/AI/mobile/game_df/ios-build/DerivedData/Build/Products/Debug-iphoneos -F/Users/tuantu/Desktop/dev/AI/mobile/game_df/ios-build/Frameworks -L/Users/tuantu/Desktop/dev/AI/mobile/game_df/ios-build/DerivedData/Build/Products/Debug-iphoneos -L/Users/tuantu/Desktop/dev/AI/mobile/game_df/ios-build/Libraries /Users/tuantu/Desktop/dev/AI/mobile/game_df/ios-build/DerivedData/Build/Products/Debug-iphoneos/UnityFramework.framework/UnityFramework -o /Users/tuantu/Desktop/dev/AI/mobile/game_df/ios-build/DerivedData/Build/Intermediates.noindex/EagerLinkingTBDs/Debug-iphoneos/UnityFramework.framework/UnityFramework.tbd

RegisterExecutionPolicyException /Users/tuantu/Desktop/dev/AI/mobile/game_df/ios-build/DerivedData/Build/Products/Debug-iphoneos/UnityFramework.framework (in target 'UnityFramework' from project 'Unity-iPhone')
    cd /Users/tuantu/Desktop/dev/AI/mobile/game_df/ios-build
    builtin-RegisterExecutionPolicyException /Users/tuantu/Desktop/dev/AI/mobile/game_df/ios-build/DerivedData/Build/Products/Debug-iphoneos/UnityFramework.framework

Touch /Users/tuantu/Desktop/dev/AI/mobile/game_df/ios-build/DerivedData/Build/Products/Debug-iphoneos/UnityFramework.framework (in target 'UnityFramework' from project 'Unity-iPhone')
    cd /Users/tuantu/Desktop/dev/AI/mobile/game_df/ios-build
    /usr/bin/touch -c /Users/tuantu/Desktop/dev/AI/mobile/game_df/ios-build/DerivedData/Build/Products/Debug-iphoneos/UnityFramework.framework

CpResource /Users/tuantu/Desktop/dev/AI/mobile/game_df/ios-build/DerivedData/Build/Products/Debug-iphoneos/FootballTowerDefense.app/Data /Users/tuantu/Desktop/dev/AI/mobile/game_df/ios-build/Data (in target 'Unity-iPhone' from project 'Unity-iPhone')
    cd /Users/tuantu/Desktop/dev/AI/mobile/game_df/ios-build
    builtin-copy -exclude .DS_Store -exclude CVS -exclude .svn -exclude .git -exclude .hg -resolve-src-symlinks /Users/tuantu/Desktop/dev/AI/mobile/game_df/ios-build/Data /Users/tuantu/Desktop/dev/AI/mobile/game_df/ios-build/DerivedData/Build/Products/Debug-iphoneos/FootballTowerDefense.app

CopyPNGFile /Users/tuantu/Desktop/dev/AI/mobile/game_df/ios-build/DerivedData/Build/Products/Debug-iphoneos/FootballTowerDefense.app/LaunchScreen-iPhonePortrait.png /Users/tuantu/Desktop/dev/AI/mobile/game_df/ios-build/LaunchScreen-iPhonePortrait.png (in target 'Unity-iPhone' from project 'Unity-iPhone')
    cd /Users/tuantu/Desktop/dev/AI/mobile/game_df/ios-build
    /Applications/Xcode.app/Contents/Developer/usr/bin/copypng -compress -strip-PNG-text /Users/tuantu/Desktop/dev/AI/mobile/game_df/ios-build/LaunchScreen-iPhonePortrait.png /Users/tuantu/Desktop/dev/AI/mobile/game_df/ios-build/DerivedData/Build/Products/Debug-iphoneos/FootballTowerDefense.app/LaunchScreen-iPhonePortrait.png

CopyPNGFile /Users/tuantu/Desktop/dev/AI/mobile/game_df/ios-build/DerivedData/Build/Products/Debug-iphoneos/FootballTowerDefense.app/LaunchScreen-iPhoneLandscape.png /Users/tuantu/Desktop/dev/AI/mobile/game_df/ios-build/LaunchScreen-iPhoneLandscape.png (in target 'Unity-iPhone' from project 'Unity-iPhone')
    cd /Users/tuantu/Desktop/dev/AI/mobile/game_df/ios-build
    /Applications/Xcode.app/Contents/Developer/usr/bin/copypng -compress -strip-PNG-text /Users/tuantu/Desktop/dev/AI/mobile/game_df/ios-build/LaunchScreen-iPhoneLandscape.png /Users/tuantu/Desktop/dev/AI/mobile/game_df/ios-build/DerivedData/Build/Products/Debug-iphoneos/FootballTowerDefense.app/LaunchScreen-iPhoneLandscape.png

CopyPNGFile /Users/tuantu/Desktop/dev/AI/mobile/game_df/ios-build/DerivedData/Build/Products/Debug-iphoneos/FootballTowerDefense.app/LaunchScreen-iPad.png /Users/tuantu/Desktop/dev/AI/mobile/game_df/ios-build/LaunchScreen-iPad.png (in target 'Unity-iPhone' from project 'Unity-iPhone')
    cd /Users/tuantu/Desktop/dev/AI/mobile/game_df/ios-build
    /Applications/Xcode.app/Contents/Developer/usr/bin/copypng -compress -strip-PNG-text /Users/tuantu/Desktop/dev/AI/mobile/game_df/ios-build/LaunchScreen-iPad.png /Users/tuantu/Desktop/dev/AI/mobile/game_df/ios-build/DerivedData/Build/Products/Debug-iphoneos/FootballTowerDefense.app/LaunchScreen-iPad.png

CompileStoryboard /Users/tuantu/Desktop/dev/AI/mobile/game_df/ios-build/LaunchScreen-iPad.storyboard (in target 'Unity-iPhone' from project 'Unity-iPhone')
    cd /Users/tuantu/Desktop/dev/AI/mobile/game_df/ios-build
    /Applications/Xcode.app/Contents/Developer/usr/bin/ibtool --errors --warnings --notices --module FootballTowerDefense --output-partial-info-plist /Users/tuantu/Desktop/dev/AI/mobile/game_df/ios-build/DerivedData/Build/Intermediates.noindex/Unity-iPhone.build/Debug-iphoneos/Unity-iPhone.build/LaunchScreen-iPad-SBPartialInfo.plist --auto-activate-custom-fonts --target-device iphone --target-device ipad --minimum-deployment-target 15.0 --output-format human-readable-text --compilation-directory /Users/tuantu/Desktop/dev/AI/mobile/game_df/ios-build/DerivedData/Build/Intermediates.noindex/Unity-iPhone.build/Debug-iphoneos/Unity-iPhone.build /Users/tuantu/Desktop/dev/AI/mobile/game_df/ios-build/LaunchScreen-iPad.storyboard

CompileStoryboard /Users/tuantu/Desktop/dev/AI/mobile/game_df/ios-build/LaunchScreen-iPhone.storyboard (in target 'Unity-iPhone' from project 'Unity-iPhone')
    cd /Users/tuantu/Desktop/dev/AI/mobile/game_df/ios-build
    /Applications/Xcode.app/Contents/Developer/usr/bin/ibtool --errors --warnings --notices --module FootballTowerDefense --output-partial-info-plist /Users/tuantu/Desktop/dev/AI/mobile/game_df/ios-build/DerivedData/Build/Intermediates.noindex/Unity-iPhone.build/Debug-iphoneos/Unity-iPhone.build/LaunchScreen-iPhone-SBPartialInfo.plist --auto-activate-custom-fonts --target-device iphone --target-device ipad --minimum-deployment-target 15.0 --output-format human-readable-text --compilation-directory /Users/tuantu/Desktop/dev/AI/mobile/game_df/ios-build/DerivedData/Build/Intermediates.noindex/Unity-iPhone.build/Debug-iphoneos/Unity-iPhone.build /Users/tuantu/Desktop/dev/AI/mobile/game_df/ios-build/LaunchScreen-iPhone.storyboard

LinkStoryboards (in target 'Unity-iPhone' from project 'Unity-iPhone')
    cd /Users/tuantu/Desktop/dev/AI/mobile/game_df/ios-build
    /Applications/Xcode.app/Contents/Developer/usr/bin/ibtool --errors --warnings --notices --module FootballTowerDefense --target-device iphone --target-device ipad --minimum-deployment-target 15.0 --output-format human-readable-text --link /Users/tuantu/Desktop/dev/AI/mobile/game_df/ios-build/DerivedData/Build/Products/Debug-iphoneos/FootballTowerDefense.app /Users/tuantu/Desktop/dev/AI/mobile/game_df/ios-build/DerivedData/Build/Intermediates.noindex/Unity-iPhone.build/Debug-iphoneos/Unity-iPhone.build/LaunchScreen-iPhone.storyboardc /Users/tuantu/Desktop/dev/AI/mobile/game_df/ios-build/DerivedData/Build/Intermediates.noindex/Unity-iPhone.build/Debug-iphoneos/Unity-iPhone.build/LaunchScreen-iPad.storyboardc

GenerateAssetSymbols /Users/tuantu/Desktop/dev/AI/mobile/game_df/ios-build/Unity-iPhone/Images.xcassets (in target 'Unity-iPhone' from project 'Unity-iPhone')
    cd /Users/tuantu/Desktop/dev/AI/mobile/game_df/ios-build
    /Applications/Xcode.app/Contents/Developer/usr/bin/actool --output-format human-readable-text --notices --warnings --export-dependency-info /Users/tuantu/Desktop/dev/AI/mobile/game_df/ios-build/DerivedData/Build/Intermediates.noindex/Unity-iPhone.build/Debug-iphoneos/Unity-iPhone.build/assetcatalog_dependencies --output-partial-info-plist /Users/tuantu/Desktop/dev/AI/mobile/game_df/ios-build/DerivedData/Build/Intermediates.noindex/Unity-iPhone.build/Debug-iphoneos/Unity-iPhone.build/assetcatalog_generated_info.plist --app-icon AppIcon --compress-pngs --enable-on-demand-resources NO --development-region English --target-device iphone --target-device ipad --minimum-deployment-target 15.0 --platform iphoneos --compile /Users/tuantu/Desktop/dev/AI/mobile/game_df/ios-build/DerivedData/Build/Products/Debug-iphoneos/FootballTowerDefense.app /Users/tuantu/Desktop/dev/AI/mobile/game_df/ios-build/Unity-iPhone/Images.xcassets --bundle-identifier com.tuantu.lamuralla --generate-objc-asset-symbols /Users/tuantu/Desktop/dev/AI/mobile/game_df/ios-build/DerivedData/Build/Intermediates.noindex/Unity-iPhone.build/Debug-iphoneos/Unity-iPhone.build/DerivedSources/GeneratedAssetSymbols.h --generate-asset-symbol-index /Users/tuantu/Desktop/dev/AI/mobile/game_df/ios-build/DerivedData/Build/Intermediates.noindex/Unity-iPhone.build/Debug-iphoneos/Unity-iPhone.build/DerivedSources/GeneratedAssetSymbols-Index.plist
/* com.apple.actool.compilation-results */
/Users/tuantu/Desktop/dev/AI/mobile/game_df/ios-build/DerivedData/Build/Intermediates.noindex/Unity-iPhone.build/Debug-iphoneos/Unity-iPhone.build/DerivedSources/GeneratedAssetSymbols-Index.plist
/Users/tuantu/Desktop/dev/AI/mobile/game_df/ios-build/DerivedData/Build/Intermediates.noindex/Unity-iPhone.build/Debug-iphoneos/Unity-iPhone.build/DerivedSources/GeneratedAssetSymbols.h


CompileAssetCatalog /Users/tuantu/Desktop/dev/AI/mobile/game_df/ios-build/DerivedData/Build/Products/Debug-iphoneos/FootballTowerDefense.app /Users/tuantu/Desktop/dev/AI/mobile/game_df/ios-build/Unity-iPhone/Images.xcassets (in target 'Unity-iPhone' from project 'Unity-iPhone')
    cd /Users/tuantu/Desktop/dev/AI/mobile/game_df/ios-build
    /Applications/Xcode.app/Contents/Developer/usr/bin/actool --output-format human-readable-text --notices --warnings --export-dependency-info /Users/tuantu/Desktop/dev/AI/mobile/game_df/ios-build/DerivedData/Build/Intermediates.noindex/Unity-iPhone.build/Debug-iphoneos/Unity-iPhone.build/assetcatalog_dependencies --output-partial-info-plist /Users/tuantu/Desktop/dev/AI/mobile/game_df/ios-build/DerivedData/Build/Intermediates.noindex/Unity-iPhone.build/Debug-iphoneos/Unity-iPhone.build/assetcatalog_generated_info.plist --app-icon AppIcon --compress-pngs --enable-on-demand-resources NO --filter-for-thinning-device-configuration iPhone13,2 --filter-for-device-os-version 18.2 --development-region English --target-device iphone --target-device ipad --minimum-deployment-target 15.0 --platform iphoneos --compile /Users/tuantu/Desktop/dev/AI/mobile/game_df/ios-build/DerivedData/Build/Products/Debug-iphoneos/FootballTowerDefense.app /Users/tuantu/Desktop/dev/AI/mobile/game_df/ios-build/Unity-iPhone/Images.xcassets
/* com.apple.actool.document.notices */
/Users/tuantu/Desktop/dev/AI/mobile/game_df/ios-build/Unity-iPhone/Images.xcassets:./AppIcon.appiconset/[][ipad][76x76][][][1x][][][][]: notice: 76x76@1x app icons only apply to iPad apps targeting releases of iOS prior to 10.0.
/* com.apple.actool.compilation-results */
/Users/tuantu/Desktop/dev/AI/mobile/game_df/ios-build/DerivedData/Build/Intermediates.noindex/Unity-iPhone.build/Debug-iphoneos/Unity-iPhone.build/assetcatalog_generated_info.plist
/Users/tuantu/Desktop/dev/AI/mobile/game_df/ios-build/DerivedData/Build/Products/Debug-iphoneos/FootballTowerDefense.app/AppIcon60x60@2x.png
/Users/tuantu/Desktop/dev/AI/mobile/game_df/ios-build/DerivedData/Build/Products/Debug-iphoneos/FootballTowerDefense.app/AppIcon76x76@2x~ipad.png
/Users/tuantu/Desktop/dev/AI/mobile/game_df/ios-build/DerivedData/Build/Products/Debug-iphoneos/FootballTowerDefense.app/Assets.car


CompileC /Users/tuantu/Desktop/dev/AI/mobile/game_df/ios-build/DerivedData/Build/Intermediates.noindex/Unity-iPhone.build/Debug-iphoneos/Unity-iPhone.build/Objects-normal/arm64/main.o /Users/tuantu/Desktop/dev/AI/mobile/game_df/ios-build/MainApp/main.mm normal arm64 objective-c++ com.apple.compilers.llvm.clang.1_0.compiler (in target 'Unity-iPhone' from project 'Unity-iPhone')
    cd /Users/tuantu/Desktop/dev/AI/mobile/game_df/ios-build
    
    Using response file: /Users/tuantu/Desktop/dev/AI/mobile/game_df/ios-build/DerivedData/Build/Intermediates.noindex/Unity-iPhone.build/Debug-iphoneos/Unity-iPhone.build/Objects-normal/arm64/af3fcb34312c57c0f52879cdce924b91-common-args.resp
    
    /Applications/Xcode.app/Contents/Developer/Toolchains/XcodeDefault.xctoolchain/usr/bin/clang -x objective-c++ -ivfsstatcache /Users/tuantu/Desktop/dev/AI/mobile/game_df/ios-build/DerivedData/SDKStatCaches.noindex/iphoneos18.2-22C146-d5b9239ec3bf5b3adbecdf21472871e3.sdkstatcache -fmessage-length\=0 -fdiagnostics-show-note-include-stack -fmacro-backtrace-limit\=0 -fno-color-diagnostics -Wno-trigraphs -Wno-missing-field-initializers -Wno-missing-prototypes -Wquoted-include-in-framework-header -Wno-implicit-atomic-properties -Wno-objc-interface-ivars -Wno-arc-repeated-use-of-weak -Wimplicit-retain-self -Wno-non-virtual-dtor -Wno-overloaded-virtual -Wno-exit-time-destructors -Wduplicate-method-match -Wno-missing-braces -Wparentheses -Wswitch -Wno-unused-function -Wno-unused-label -Wno-unused-parameter -Wunused-variable -Wunused-value -Wempty-body -Wuninitialized -Wno-unknown-pragmas -Wno-shadow -Wno-four-char-constants -Wno-conversion -Wconstant-conversion -Wint-conversion -Wbool-conversion -Wenum-conversion -Wno-float-conversion -Wnon-literal-null-conversion -Wobjc-literal-conversion -Wshorten-64-to-32 -Wno-newline-eof -Wno-selector -Wno-strict-selector-match -Wno-undeclared-selector -Wdeprecated-implementations -Wno-c++11-extensions -Wno-implicit-fallthrough -fstrict-aliasing -Wprotocol -Wdeprecated-declarations -Winvalid-offsetof -Wno-sign-conversion -Winfinite-recursion -Wmove -Wcomma -Wblock-capture-autoreleasing -Wno-strict-prototypes -Wrange-loop-analysis -Wno-semicolon-before-method-body -index-store-path /Users/tuantu/Desktop/dev/AI/mobile/game_df/ios-build/DerivedData/Index.noindex/DataStore @/Users/tuantu/Desktop/dev/AI/mobile/game_df/ios-build/DerivedData/Build/Intermediates.noindex/Unity-iPhone.build/Debug-iphoneos/Unity-iPhone.build/Objects-normal/arm64/af3fcb34312c57c0f52879cdce924b91-common-args.resp -MMD -MT dependencies -MF /Users/tuantu/Desktop/dev/AI/mobile/game_df/ios-build/DerivedData/Build/Intermediates.noindex/Unity-iPhone.build/Debug-iphoneos/Unity-iPhone.build/Objects-normal/arm64/main.d --serialize-diagnostics /Users/tuantu/Desktop/dev/AI/mobile/game_df/ios-build/DerivedData/Build/Intermediates.noindex/Unity-iPhone.build/Debug-iphoneos/Unity-iPhone.build/Objects-normal/arm64/main.dia -c /Users/tuantu/Desktop/dev/AI/mobile/game_df/ios-build/MainApp/main.mm -o /Users/tuantu/Desktop/dev/AI/mobile/game_df/ios-build/DerivedData/Build/Intermediates.noindex/Unity-iPhone.build/Debug-iphoneos/Unity-iPhone.build/Objects-normal/arm64/main.o -index-unit-output-path /Unity-iPhone.build/Debug-iphoneos/Unity-iPhone.build/Objects-normal/arm64/main.o

Ld /Users/tuantu/Desktop/dev/AI/mobile/game_df/ios-build/DerivedData/Build/Products/Debug-iphoneos/FootballTowerDefense.app/FootballTowerDefense normal (in target 'Unity-iPhone' from project 'Unity-iPhone')
    cd /Users/tuantu/Desktop/dev/AI/mobile/game_df/ios-build
    /Applications/Xcode.app/Contents/Developer/Toolchains/XcodeDefault.xctoolchain/usr/bin/clang++ -Xlinker -reproducible -target arm64-apple-ios15.0 -isysroot /Applications/Xcode.app/Contents/Developer/Platforms/iPhoneOS.platform/Developer/SDKs/iPhoneOS18.2.sdk -O0 -L/Users/tuantu/Desktop/dev/AI/mobile/game_df/ios-build/DerivedData/Build/Intermediates.noindex/EagerLinkingTBDs/Debug-iphoneos -L/Users/tuantu/Desktop/dev/AI/mobile/game_df/ios-build/DerivedData/Build/Products/Debug-iphoneos -F/Users/tuantu/Desktop/dev/AI/mobile/game_df/ios-build/DerivedData/Build/Intermediates.noindex/EagerLinkingTBDs/Debug-iphoneos -F/Users/tuantu/Desktop/dev/AI/mobile/game_df/ios-build/DerivedData/Build/Products/Debug-iphoneos -F/Users/tuantu/Desktop/dev/AI/mobile/game_df/ios-build/Frameworks -filelist /Users/tuantu/Desktop/dev/AI/mobile/game_df/ios-build/DerivedData/Build/Intermediates.noindex/Unity-iPhone.build/Debug-iphoneos/Unity-iPhone.build/Objects-normal/arm64/FootballTowerDefense.LinkFileList -Xlinker -rpath -Xlinker @executable_path/Frameworks -Xlinker -map -Xlinker /Users/tuantu/Desktop/dev/AI/mobile/game_df/ios-build/DerivedData/Build/Intermediates.noindex/Unity-iPhone.build/Debug-iphoneos/Unity-iPhone.build/FootballTowerDefense-LinkMap-normal-arm64.txt -dead_strip -Xlinker -object_path_lto -Xlinker /Users/tuantu/Desktop/dev/AI/mobile/game_df/ios-build/DerivedData/Build/Intermediates.noindex/Unity-iPhone.build/Debug-iphoneos/Unity-iPhone.build/Objects-normal/arm64/FootballTowerDefense_lto.o -Xlinker -no_deduplicate -stdlib\=libc++ -fobjc-arc -fobjc-link-runtime -Xlinker -no_adhoc_codesign -Xlinker -dependency_info -Xlinker /Users/tuantu/Desktop/dev/AI/mobile/game_df/ios-build/DerivedData/Build/Intermediates.noindex/Unity-iPhone.build/Debug-iphoneos/Unity-iPhone.build/Objects-normal/arm64/FootballTowerDefense_dependency_info.dat -o /Users/tuantu/Desktop/dev/AI/mobile/game_df/ios-build/DerivedData/Build/Products/Debug-iphoneos/FootballTowerDefense.app/FootballTowerDefense

Copy /Users/tuantu/Desktop/dev/AI/mobile/game_df/ios-build/DerivedData/Build/Products/Debug-iphoneos/FootballTowerDefense.app/Frameworks/UnityRuntime.framework /Users/tuantu/Desktop/dev/AI/mobile/game_df/ios-build/Frameworks/UnityRuntime.framework (in target 'Unity-iPhone' from project 'Unity-iPhone')
    cd /Users/tuantu/Desktop/dev/AI/mobile/game_df/ios-build
    builtin-copy -exclude .DS_Store -exclude CVS -exclude .svn -exclude .git -exclude .hg -exclude Headers -exclude PrivateHeaders -exclude Modules -exclude \*.tbd -bitcode-strip all -bitcode-strip-tool /Applications/Xcode.app/Contents/Developer/Toolchains/XcodeDefault.xctoolchain/usr/bin/bitcode_strip -resolve-src-symlinks -remove-static-executable /Users/tuantu/Desktop/dev/AI/mobile/game_df/ios-build/Frameworks/UnityRuntime.framework /Users/tuantu/Desktop/dev/AI/mobile/game_df/ios-build/DerivedData/Build/Products/Debug-iphoneos/FootballTowerDefense.app/Frameworks
note: Injecting stub binary into codeless framework (in target 'Unity-iPhone' from project 'Unity-iPhone')
    /Applications/Xcode.app/Contents/Developer/Toolchains/XcodeDefault.xctoolchain/usr/bin/clang -isysroot /Applications/Xcode.app/Contents/Developer/Platforms/iPhoneOS.platform/Developer/SDKs/iPhoneOS18.2.sdk -x c -c /dev/null -target arm64-apple-ios15.0 -o /private/var/folders/lv/6wld7yhs6qb6t4bdzr7pyrc40000gn/T/xcbuild.tmp.cVtc2zLZ/Data.noindex/arm64-apple.o
    /Applications/Xcode.app/Contents/Developer/Toolchains/XcodeDefault.xctoolchain/usr/bin/clang -isysroot /Applications/Xcode.app/Contents/Developer/Platforms/iPhoneOS.platform/Developer/SDKs/iPhoneOS18.2.sdk -dynamiclib -Xlinker -adhoc_codesign -target arm64-apple-ios15.0 -o /private/var/folders/lv/6wld7yhs6qb6t4bdzr7pyrc40000gn/T/xcbuild.tmp.cVtc2zLZ/Data.noindex/arm64-apple /private/var/folders/lv/6wld7yhs6qb6t4bdzr7pyrc40000gn/T/xcbuild.tmp.cVtc2zLZ/Data.noindex/arm64-apple.o
    /Applications/Xcode.app/Contents/Developer/Toolchains/XcodeDefault.xctoolchain/usr/bin/lipo -create -output /Users/tuantu/Desktop/dev/AI/mobile/game_df/ios-build/DerivedData/Build/Products/Debug-iphoneos/FootballTowerDefense.app/Frameworks/UnityRuntime.framework/UnityRuntime /private/var/folders/lv/6wld7yhs6qb6t4bdzr7pyrc40000gn/T/xcbuild.tmp.cVtc2zLZ/Data.noindex/arm64-apple

Copy /Users/tuantu/Desktop/dev/AI/mobile/game_df/ios-build/DerivedData/Build/Products/Debug-iphoneos/FootballTowerDefense.app/Frameworks/UnityFramework.framework /Users/tuantu/Desktop/dev/AI/mobile/game_df/ios-build/DerivedData/Build/Products/Debug-iphoneos/UnityFramework.framework (in target 'Unity-iPhone' from project 'Unity-iPhone')
    cd /Users/tuantu/Desktop/dev/AI/mobile/game_df/ios-build
    builtin-copy -exclude .DS_Store -exclude CVS -exclude .svn -exclude .git -exclude .hg -exclude Headers -exclude PrivateHeaders -exclude Modules -exclude \*.tbd -bitcode-strip all -bitcode-strip-tool /Applications/Xcode.app/Contents/Developer/Toolchains/XcodeDefault.xctoolchain/usr/bin/bitcode_strip -resolve-src-symlinks -remove-static-executable /Users/tuantu/Desktop/dev/AI/mobile/game_df/ios-build/DerivedData/Build/Products/Debug-iphoneos/UnityFramework.framework /Users/tuantu/Desktop/dev/AI/mobile/game_df/ios-build/DerivedData/Build/Products/Debug-iphoneos/FootballTowerDefense.app/Frameworks
/Applications/Xcode.app/Contents/Developer/Toolchains/XcodeDefault.xctoolchain/usr/bin/bitcode_strip /Users/tuantu/Desktop/dev/AI/mobile/game_df/ios-build/DerivedData/Build/Products/Debug-iphoneos/UnityFramework.framework/UnityFramework -r -o /Users/tuantu/Desktop/dev/AI/mobile/game_df/ios-build/DerivedData/Build/Products/Debug-iphoneos/FootballTowerDefense.app/Frameworks/UnityFramework.framework/UnityFramework 

CodeSign /Users/tuantu/Desktop/dev/AI/mobile/game_df/ios-build/DerivedData/Build/Products/Debug-iphoneos/FootballTowerDefense.app/Frameworks/UnityFramework.framework (in target 'Unity-iPhone' from project 'Unity-iPhone')
    cd /Users/tuantu/Desktop/dev/AI/mobile/game_df/ios-build
    
    Signing Identity:     "Apple Development: letuantu13dt1@gmail.com (P2TS2X2378)"
    Provisioning Profile: "iOS Team Provisioning Profile: com.tuantu.lamuralla"
                          (9caf3932-35d2-49de-b947-3e600fd3e1ab)
    
    /usr/bin/codesign --force --sign 7E427D041FC5A0A9F27079AA7B78C78F70789D7E --timestamp\=none --preserve-metadata\=identifier,entitlements,flags --generate-entitlement-der /Users/tuantu/Desktop/dev/AI/mobile/game_df/ios-build/DerivedData/Build/Products/Debug-iphoneos/FootballTowerDefense.app/Frameworks/UnityFramework.framework

ProcessInfoPlistFile /Users/tuantu/Desktop/dev/AI/mobile/game_df/ios-build/DerivedData/Build/Products/Debug-iphoneos/FootballTowerDefense.app/Info.plist /Users/tuantu/Desktop/dev/AI/mobile/game_df/ios-build/Info.plist (in target 'Unity-iPhone' from project 'Unity-iPhone')
    cd /Users/tuantu/Desktop/dev/AI/mobile/game_df/ios-build
    builtin-infoPlistUtility /Users/tuantu/Desktop/dev/AI/mobile/game_df/ios-build/Info.plist -producttype com.apple.product-type.application -genpkginfo /Users/tuantu/Desktop/dev/AI/mobile/game_df/ios-build/DerivedData/Build/Products/Debug-iphoneos/FootballTowerDefense.app/PkgInfo -expandbuildsettings -format binary -platform iphoneos -additionalcontentfile /Users/tuantu/Desktop/dev/AI/mobile/game_df/ios-build/DerivedData/Build/Intermediates.noindex/Unity-iPhone.build/Debug-iphoneos/Unity-iPhone.build/LaunchScreen-iPhone-SBPartialInfo.plist -additionalcontentfile /Users/tuantu/Desktop/dev/AI/mobile/game_df/ios-build/DerivedData/Build/Intermediates.noindex/Unity-iPhone.build/Debug-iphoneos/Unity-iPhone.build/LaunchScreen-iPad-SBPartialInfo.plist -additionalcontentfile /Users/tuantu/Desktop/dev/AI/mobile/game_df/ios-build/DerivedData/Build/Intermediates.noindex/Unity-iPhone.build/Debug-iphoneos/Unity-iPhone.build/assetcatalog_generated_info.plist -scanforprivacyfile /Users/tuantu/Desktop/dev/AI/mobile/game_df/ios-build/DerivedData/Build/Products/Debug-iphoneos/FootballTowerDefense.app/Frameworks/UnityFramework.framework -scanforprivacyfile /Users/tuantu/Desktop/dev/AI/mobile/game_df/ios-build/DerivedData/Build/Products/Debug-iphoneos/FootballTowerDefense.app/Frameworks/UnityRuntime.framework -requiredArchitecture arm64 -o /Users/tuantu/Desktop/dev/AI/mobile/game_df/ios-build/DerivedData/Build/Products/Debug-iphoneos/FootballTowerDefense.app/Info.plist

CodeSign /Users/tuantu/Desktop/dev/AI/mobile/game_df/ios-build/DerivedData/Build/Products/Debug-iphoneos/FootballTowerDefense.app/Frameworks/UnityRuntime.framework (in target 'Unity-iPhone' from project 'Unity-iPhone')
    cd /Users/tuantu/Desktop/dev/AI/mobile/game_df/ios-build
    
    Signing Identity:     "Apple Development: letuantu13dt1@gmail.com (P2TS2X2378)"
    Provisioning Profile: "iOS Team Provisioning Profile: com.tuantu.lamuralla"
                          (9caf3932-35d2-49de-b947-3e600fd3e1ab)
    
    /usr/bin/codesign --force --sign 7E427D041FC5A0A9F27079AA7B78C78F70789D7E --timestamp\=none --preserve-metadata\=identifier,entitlements,flags --generate-entitlement-der /Users/tuantu/Desktop/dev/AI/mobile/game_df/ios-build/DerivedData/Build/Products/Debug-iphoneos/FootballTowerDefense.app/Frameworks/UnityRuntime.framework

CodeSign /Users/tuantu/Desktop/dev/AI/mobile/game_df/ios-build/DerivedData/Build/Products/Debug-iphoneos/FootballTowerDefense.app (in target 'Unity-iPhone' from project 'Unity-iPhone')
    cd /Users/tuantu/Desktop/dev/AI/mobile/game_df/ios-build
    
    Signing Identity:     "Apple Development: letuantu13dt1@gmail.com (P2TS2X2378)"
    Provisioning Profile: "iOS Team Provisioning Profile: com.tuantu.lamuralla"
                          (9caf3932-35d2-49de-b947-3e600fd3e1ab)
    
    /usr/bin/codesign --force --sign 7E427D041FC5A0A9F27079AA7B78C78F70789D7E --entitlements /Users/tuantu/Desktop/dev/AI/mobile/game_df/ios-build/DerivedData/Build/Intermediates.noindex/Unity-iPhone.build/Debug-iphoneos/Unity-iPhone.build/FootballTowerDefense.app.xcent --timestamp\=none --generate-entitlement-der /Users/tuantu/Desktop/dev/AI/mobile/game_df/ios-build/DerivedData/Build/Products/Debug-iphoneos/FootballTowerDefense.app

RegisterExecutionPolicyException /Users/tuantu/Desktop/dev/AI/mobile/game_df/ios-build/DerivedData/Build/Products/Debug-iphoneos/FootballTowerDefense.app (in target 'Unity-iPhone' from project 'Unity-iPhone')
    cd /Users/tuantu/Desktop/dev/AI/mobile/game_df/ios-build
    builtin-RegisterExecutionPolicyException /Users/tuantu/Desktop/dev/AI/mobile/game_df/ios-build/DerivedData/Build/Products/Debug-iphoneos/FootballTowerDefense.app

Validate /Users/tuantu/Desktop/dev/AI/mobile/game_df/ios-build/DerivedData/Build/Products/Debug-iphoneos/FootballTowerDefense.app (in target 'Unity-iPhone' from project 'Unity-iPhone')
    cd /Users/tuantu/Desktop/dev/AI/mobile/game_df/ios-build
    builtin-validationUtility /Users/tuantu/Desktop/dev/AI/mobile/game_df/ios-build/DerivedData/Build/Products/Debug-iphoneos/FootballTowerDefense.app -infoplist-subpath Info.plist

Touch /Users/tuantu/Desktop/dev/AI/mobile/game_df/ios-build/DerivedData/Build/Products/Debug-iphoneos/FootballTowerDefense.app (in target 'Unity-iPhone' from project 'Unity-iPhone')
    cd /Users/tuantu/Desktop/dev/AI/mobile/game_df/ios-build
    /usr/bin/touch -c /Users/tuantu/Desktop/dev/AI/mobile/game_df/ios-build/DerivedData/Build/Products/Debug-iphoneos/FootballTowerDefense.app

warning: Run script build phase 'Run Script' will be run during every build because it does not specify any outputs. To address this issue, either add output dependencies to the script phase, or configure it to run in every build by unchecking "Based on dependency analysis" in the script phase. (in target 'GameAssembly' from project 'Unity-iPhone')
** BUILD SUCCEEDED **

