Unity Editor version:    6000.5.4f1 (d550df8bd089)
Branch:                  6000.5/staging
Build type:              Release
Batch mode:              YES
macOS version:           Version 15.2 (Build 24C101)
Darwin version:          24.2.0
Architecture:            arm64
Running under Rosetta:   NO
Available memory:        16384 MB
Date:                    2026-09-24T06:34:11Z
[Licensing::Module] Trying to connect to existing licensing client channel...
[Licensing::IpcConnector] Successfully connected to: "LicenseClient-tuantu" at "2026-09-24T06:34:11.214976Z"
Launching external process: /Applications/Unity/Hub/Editor/6000.5.4f1/Unity.app/Contents/Helpers/PackageManager/Server/UnityPackageManager

COMMAND LINE ARGUMENTS:
/Applications/Unity/Hub/Editor/6000.5.4f1/Unity.app/Contents/MacOS/Unity
-batchmode
-nographics
-quit
-projectPath
/Users/tuantu/Desktop/dev/AI/mobile/game_df/LaMuralla
-executeMethod
LaMuralla.EditorTools.BuildScript.BuildIOS
-logFile
/Users/tuantu/Desktop/dev/AI/mobile/game_df/ios-development-unity.log
Successfully changed project path to: /Users/tuantu/Desktop/dev/AI/mobile/game_df/LaMuralla
/Users/tuantu/Desktop/dev/AI/mobile/game_df/LaMuralla
[UnityMemory] Configuration Parameters - Can be set up in boot.config
    "memorysetup-temp-allocator-size-gi-baking-worker=262144"
    "memorysetup-temp-allocator-size-gi-baking-worker=262144"
    "memorysetup-temp-allocator-size-gi-baking-worker=262144"
    "memorysetup-temp-allocator-size-gi-baking-worker=262144"
    "memorysetup-temp-allocator-size-gi-baking-worker=262144"
    "memorysetup-temp-allocator-size-nav-mesh-worker=65536"
    "memorysetup-temp-allocator-size-audio-worker=65536"
    "memorysetup-temp-allocator-size-cloud-worker=32768"
    "memorysetup-allocator-temp-initial-block-size-main=262144"
    "memorysetup-allocator-temp-initial-block-size-worker=262144"
    "memorysetup-temp-allocator-size-preload-manager=33554432"
    "memorysetup-temp-allocator-size-gfx=262144"
    "memorysetup-temp-allocator-size-background-worker=32768"
    "memorysetup-temp-allocator-size-job-worker=262144"
    "memorysetup-bucket-allocator-granularity=16"
    "memorysetup-bucket-allocator-bucket-count=8"
    "memorysetup-bucket-allocator-block-size=33554432"
    "memorysetup-bucket-allocator-block-count=8"
    "memorysetup-main-allocator-block-size=16777216"
    "memorysetup-thread-allocator-block-size=16777216"
    "memorysetup-main-allocator-mimalloc-enabled=0"
    "memorysetup-gfx-main-allocator-block-size=16777216"
    "memorysetup-gfx-thread-allocator-block-size=16777216"
    "memorysetup-cache-allocator-block-size=4194304"
    "memorysetup-typetree-allocator-block-size=2097152"
    "memorysetup-profiler-bucket-allocator-granularity=16"
    "memorysetup-profiler-bucket-allocator-bucket-count=8"
    "memorysetup-profiler-bucket-allocator-block-size=33554432"
    "memorysetup-profiler-bucket-allocator-block-count=8"
    "memorysetup-profiler-allocator-block-size=16777216"
    "memorysetup-profiler-editor-allocator-block-size=1048576"
    "memorysetup-temp-allocator-size-main=16777216"
    "memorysetup-job-temp-allocator-block-size=2097152"
    "memorysetup-job-temp-allocator-block-size-background=1048576"
    "memorysetup-job-temp-allocator-reduction-small-platforms=262144"
Logging is directed to a specific file, skipping project log.Player connection [8456045120]  Target information:

Player connection [8456045120]  * "[IP] 192.168.1.16 [Port] 55504 [Flags] 2 [Guid] 1824490156 [EditorId] 1824490156 [Version] 1048832 [Id] OSXEditor(0,Mac-mini-cua-Le.local) [Debug] 1 [PackageName] OSXEditor [ProjectName] Editor" 

Player connection [8456045120]  * "[IP] 169.254.243.228 [Port] 55504 [Flags] 2 [Guid] 1824490156 [EditorId] 1824490156 [Version] 1048832 [Id] OSXEditor(0,Mac-mini-cua-Le.local) [Debug] 1 [PackageName] OSXEditor [ProjectName] Editor" 

Player connection [8456045120] Host joined multi-casting on [225.0.0.222:54997]...
Player connection [8456045120] Host joined alternative multi-casting on [225.0.0.222:34997]...
Input System module state changed to: Initialized.
[Physics::Module] Initialized fallback backend.
[Physics::Module] Id: 0xdecafbad
[Licensing::Client] Error: HandshakeResponse reported an error:
	ResponseCode: 505
	ResponseStatus: Unsupported protocol version '1.18.1'.
[Licensing::Module] Error: Failed to handshake to channel: "LicenseClient-tuantu"
[Licensing::IpcConnector] LicenseClient-tuantu channel disconnected successfully.
[Licensing::IpcConnector] Channel LicenseClient-tuantu-6000.5.4 doesn't exist
Launching external process: /Applications/Unity/Hub/Editor/6000.5.4f1/Unity.app/Contents/Helpers/UnityLicensingClient.app/Contents/MacOS/Unity.Licensing.Client
[Licensing::Module] Successfully launched the LicensingClient (PId: 69534)
[Package Manager] Connected to IPC stream "Upm-69506" after 0.3 seconds.
[Licensing::Module] Licensing is not yet initialized.
[Licensing::IpcConnector] Successfully connected to: "LicenseClient-tuantu-6000.5.4" at "2026-09-24T06:34:11.864561Z"
[Licensing::Client] Handshaking with LicensingClient:
  Version:                 1.18.1+9fbee8e
  Session Id:              2ea0d68c704c44f4b3723a6557ffae99
  Correlation Id:          ca47b68819239f24f6567a64f1b46fa7
  External correlation Id: 6762920210471333574
  Machine Id:              tZ6ndV0Sv7z2pvARXWdt0M81v+k=
[Licensing::Module] Successfully connected to LicensingClient on channel: "LicenseClient-tuantu-6000.5.4" (connect: 0.38s, validation: 0.04s, handshake: 0.27s)
[Licensing::IpcConnector] Successfully connected to: "LicenseClient-tuantu-6000.5.4-notifications" at "2026-09-24T06:34:12.174172Z"
[Licensing::Module] Connected to LicensingClient (PId: 69534, launch time: 0.00, total connection time: 0.69s)
[Licensing::Module] Error: Access token is unavailable; failed to update
[Licensing::Client] Successfully resolved entitlement details
[Licensing::Module] License group:
  Id: 18968467365468-UnityPersXXXX
  Product: Unity Personal
  Type: Assigned
  Expiration: Unlimited
[Licensing::Client] Successfully updated license, isAsync: True, time: 0.00
[Licensing::Client] Successfully resolved entitlement details
[Licensing::Module] Licensing Background thread has ended after 0.97s
[Licensing::Module] Licensing is initialized (took 0.54s).
[Licensing::Client] Successfully resolved entitlement details
Library Redirect Path: Library/
[Physics::Module] Selected backend.
[Physics::Module] Name: PhysX
[Physics::Module] Id: 0xf2b8ea05
[Physics::Module] SDK Version: 4.1.2
[Physics::Module] Integration Version: 1.0.0
[Physics::Module] Threading Mode: Multi-Threaded
[Licensing::Client] Successfully resolved entitlement details
Initialize engine version: 6000.5.4f1 (d550df8bd089)
[Subsystems] Discovering subsystems at path /Applications/Unity/Hub/Editor/6000.5.4f1/Unity.app/Contents/Resources/UnitySubsystems
[Subsystems] Discovering subsystems at path /Users/tuantu/Desktop/dev/AI/mobile/game_df/LaMuralla/Assets
Forcing GfxDevice: Null
GfxDevice: creating device client; kGfxThreadingModeNonThreaded
NullGfxDevice:
    Version:  NULL 1.0 [1.0]
    Renderer: Null Device
    Vendor:   Unity Technologies
Initialize mono
Mono path[0] = '/Applications/Unity/Hub/Editor/6000.5.4f1/Unity.app/Contents/Resources/Scripting/Managed'
Mono path[1] = '/Applications/Unity/Hub/Editor/6000.5.4f1/Unity.app/Contents/Resources/Scripting/BCLExtensions/runtime/netstandard2.1'
Mono path[2] = '/Applications/Unity/Hub/Editor/6000.5.4f1/Unity.app/Contents/Resources/Scripting/MonoBleedingEdge/lib/mono/unityjit-macos'
Mono config path = '/Applications/Unity/Hub/Editor/6000.5.4f1/Unity.app/Contents/Resources/Scripting/MonoBleedingEdge/etc'
Using monoOptions --debugger-agent=transport=dt_socket,embedding=1,server=y,suspend=n,address=127.0.0.1:56506
CodeReloadManager initialized
ImportWorker Server TCP listen port: 0
AcceleratorClientConnectionCallback - disconnected - :0
Begin MonoManager ReloadAssembly
Registering precompiled unity dll's ...
Register platform support module: /Applications/Unity/Hub/Editor/6000.5.4f1/PlaybackEngines/MacStandaloneSupport/UnityEditor.OSXStandalone.Extensions.dll
Register platform support module: /Applications/Unity/Hub/Editor/6000.5.4f1/PlaybackEngines/iOSSupport/UnityEditor.iOS.Extensions.dll
Registered in 0.001640 seconds.
[usbmuxd] Start listen thread
[usbmuxd] Listen thread started
[usbmuxd] Send listen message
Native extension for iOS target not found
[usbmuxd] Attached: 161 00008101-000E446C3CFA001E
Native extension for OSXStandalone target not found
Package Manager log level set to [2]
ScheduleIndexationOnStartup MainProcess:False IndexOnStartup:True
Mono: successfully reloaded assembly
- Finished resetting the current domain, in  0.292 seconds
Domain Reload Profiling: 743ms
	BeginReloadAssembly (107ms)
	RebuildCommonClasses (6ms)
	RebuildNativeTypeToScriptingClass (15ms)
	initialDomainReloadingComplete (65ms)
	LoadAllAssembliesAndSetupDomain (257ms)
		LoadAssemblies (105ms)
		AnalyzeDomain (198ms)
			TypeCache.Refresh (197ms)
				TypeCache.ScanAssembly (181ms)
	FinalizeReload (293ms)
		SetupLoadedEditorAssemblies (0ms)
			InitializePlatformSupportModulesInManaged (62ms)
			BeforeProcessingInitializeOnLoad (49ms)
			ProcessInitializeOnLoadAttributes (59ms)
			ProcessInitializeOnLoadMethodAttributes (72ms)
[Licensing::Client] Successfully resolved entitlement details
[Licensing::Client] Successfully resolved entitlement details
Application.AssetDatabase Initial Refresh Start
[Package Manager] Restoring resolved packages state from cache
[Licensing::Client] Successfully resolved entitlement details
[Package Manager] Registered 36 packages:
  Packages from [https://package.openupm.com]:
    com.google.ads.mobile@11.3.0 (location: /Users/tuantu/Desktop/dev/AI/mobile/game_df/LaMuralla/Library/PackageCache/com.google.ads.mobile@d3eae59ba596)
    com.google.external-dependency-manager@1.2.187 (location: /Users/tuantu/Desktop/dev/AI/mobile/game_df/LaMuralla/Library/PackageCache/com.google.external-dependency-manager@f5312a5700af)
  Packages from [https://packages.unity.com]:
    com.unity.inputsystem@1.19.0 (location: /Users/tuantu/Desktop/dev/AI/mobile/game_df/LaMuralla/Library/PackageCache/com.unity.inputsystem@21a28c3a6c83)
    com.unity.ide.rider@3.0.38 (location: /Users/tuantu/Desktop/dev/AI/mobile/game_df/LaMuralla/Library/PackageCache/com.unity.ide.rider@1f60b3138684)
    com.unity.ide.visualstudio@2.0.26 (location: /Users/tuantu/Desktop/dev/AI/mobile/game_df/LaMuralla/Library/PackageCache/com.unity.ide.visualstudio@a99d56dec63f)
    com.unity.searcher@4.9.4 (location: /Users/tuantu/Desktop/dev/AI/mobile/game_df/LaMuralla/Library/PackageCache/com.unity.searcher@d45a78918735)
    com.unity.burst@1.8.29 (location: /Users/tuantu/Desktop/dev/AI/mobile/game_df/LaMuralla/Library/PackageCache/com.unity.burst@6bb9aca3ef38)
    com.unity.nuget.mono-cecil@1.11.6 (location: /Users/tuantu/Desktop/dev/AI/mobile/game_df/LaMuralla/Library/PackageCache/com.unity.nuget.mono-cecil@ecb9724e46ff)
    com.unity.test-framework.performance@3.5.0 (location: /Users/tuantu/Desktop/dev/AI/mobile/game_df/LaMuralla/Library/PackageCache/com.unity.test-framework.performance@8b56083ec0f0)
  Built-in packages:
    com.unity.2d.sprite@1.0.0 (location: /Users/tuantu/Desktop/dev/AI/mobile/game_df/LaMuralla/Library/PackageCache/com.unity.2d.sprite@053a968eab56)
    com.unity.render-pipelines.universal@17.5.0 (location: /Users/tuantu/Desktop/dev/AI/mobile/game_df/LaMuralla/Library/PackageCache/com.unity.render-pipelines.universal@e38be786c41e)
    com.unity.test-framework@1.7.0 (location: /Users/tuantu/Desktop/dev/AI/mobile/game_df/LaMuralla/Library/PackageCache/com.unity.test-framework@1405238725ab)
    com.unity.ugui@2.5.0 (location: /Users/tuantu/Desktop/dev/AI/mobile/game_df/LaMuralla/Library/PackageCache/com.unity.ugui@f2d87ebaaa32)
    com.unity.modules.animation@1.0.0 (location: /Users/tuantu/Desktop/dev/AI/mobile/game_df/LaMuralla/Library/PackageCache/com.unity.modules.animation)
    com.unity.modules.audio@1.0.0 (location: /Users/tuantu/Desktop/dev/AI/mobile/game_df/LaMuralla/Library/PackageCache/com.unity.modules.audio)
    com.unity.modules.director@1.0.0 (location: /Users/tuantu/Desktop/dev/AI/mobile/game_df/LaMuralla/Library/PackageCache/com.unity.modules.director)
    com.unity.modules.imageconversion@1.0.0 (location: /Users/tuantu/Desktop/dev/AI/mobile/game_df/LaMuralla/Library/PackageCache/com.unity.modules.imageconversion)
    com.unity.modules.imgui@1.0.0 (location: /Users/tuantu/Desktop/dev/AI/mobile/game_df/LaMuralla/Library/PackageCache/com.unity.modules.imgui)
    com.unity.modules.jsonserialize@1.0.0 (location: /Users/tuantu/Desktop/dev/AI/mobile/game_df/LaMuralla/Library/PackageCache/com.unity.modules.jsonserialize)
    com.unity.modules.particlesystem@1.0.0 (location: /Users/tuantu/Desktop/dev/AI/mobile/game_df/LaMuralla/Library/PackageCache/com.unity.modules.particlesystem)
    com.unity.modules.physics2d@1.0.0 (location: /Users/tuantu/Desktop/dev/AI/mobile/game_df/LaMuralla/Library/PackageCache/com.unity.modules.physics2d)
    com.unity.modules.physicscore2d@1.0.0 (location: /Users/tuantu/Desktop/dev/AI/mobile/game_df/LaMuralla/Library/PackageCache/com.unity.modules.physicscore2d)
    com.unity.modules.screencapture@1.0.0 (location: /Users/tuantu/Desktop/dev/AI/mobile/game_df/LaMuralla/Library/PackageCache/com.unity.modules.screencapture)
    com.unity.modules.ui@1.0.0 (location: /Users/tuantu/Desktop/dev/AI/mobile/game_df/LaMuralla/Library/PackageCache/com.unity.modules.ui)
    com.unity.modules.uielements@1.0.0 (location: /Users/tuantu/Desktop/dev/AI/mobile/game_df/LaMuralla/Library/PackageCache/com.unity.modules.uielements)
    com.unity.modules.unitywebrequest@1.0.0 (location: /Users/tuantu/Desktop/dev/AI/mobile/game_df/LaMuralla/Library/PackageCache/com.unity.modules.unitywebrequest)
    com.unity.modules.hierarchycore@1.0.0 (location: /Users/tuantu/Desktop/dev/AI/mobile/game_df/LaMuralla/Library/PackageCache/com.unity.modules.hierarchycore)
    com.unity.modules.physics@1.0.0 (location: /Users/tuantu/Desktop/dev/AI/mobile/game_df/LaMuralla/Library/PackageCache/com.unity.modules.physics)
    com.unity.ext.nunit@2.1.0 (location: /Users/tuantu/Desktop/dev/AI/mobile/game_df/LaMuralla/Library/PackageCache/com.unity.ext.nunit@44f7d31723bd)
    com.unity.render-pipelines.core@17.5.0 (location: /Users/tuantu/Desktop/dev/AI/mobile/game_df/LaMuralla/Library/PackageCache/com.unity.render-pipelines.core@539ef1c759fb)
    com.unity.shadergraph@17.5.0 (location: /Users/tuantu/Desktop/dev/AI/mobile/game_df/LaMuralla/Library/PackageCache/com.unity.shadergraph@636559dc59a3)
    com.unity.render-pipelines.universal-config@17.5.0 (location: /Users/tuantu/Desktop/dev/AI/mobile/game_df/LaMuralla/Library/PackageCache/com.unity.render-pipelines.universal-config@fdda01c80fe3)
    com.unity.modules.androidjni@1.0.0 (location: /Users/tuantu/Desktop/dev/AI/mobile/game_df/LaMuralla/Library/PackageCache/com.unity.modules.androidjni)
    com.unity.collections@6.5.0 (location: /Users/tuantu/Desktop/dev/AI/mobile/game_df/LaMuralla/Library/PackageCache/com.unity.collections@a43cabe808ca)
    com.unity.modules.terrain@1.0.0 (location: /Users/tuantu/Desktop/dev/AI/mobile/game_df/LaMuralla/Library/PackageCache/com.unity.modules.terrain)
    com.unity.mathematics@1.4.0 (location: /Users/tuantu/Desktop/dev/AI/mobile/game_df/LaMuralla/Library/PackageCache/com.unity.mathematics@981956d94fb6)
[Subsystems] No new subsystems found in resolved package list.
[Package Manager] Done registering packages in 0.01 seconds
info: Microsoft.Hosting.Lifetime[14]
      Now listening on: http://unix:/tmp/ilpp.sock-98c753a53bcdc717560c8df2da6dc7cd
info: Microsoft.Hosting.Lifetime[0]
      Application started. Press Ctrl+C to shut down.
info: Microsoft.Hosting.Lifetime[0]
      Hosting environment: Production
info: Microsoft.Hosting.Lifetime[0]
      Content root path: /Users/tuantu/Desktop/dev/AI/mobile/game_df/LaMuralla
info: Microsoft.AspNetCore.Hosting.Diagnostics[1]
      Request starting HTTP/2 POST http://ilpp/UnityILPP.PostProcessing/Ping - application/grpc -
info: Microsoft.AspNetCore.Routing.EndpointMiddleware[0]
      Executing endpoint 'gRPC - /UnityILPP.PostProcessing/Ping'
info: Microsoft.AspNetCore.Routing.EndpointMiddleware[1]
      Executed endpoint 'gRPC - /UnityILPP.PostProcessing/Ping'
info: Microsoft.AspNetCore.Hosting.Diagnostics[2]
      Request finished HTTP/2 POST http://ilpp/UnityILPP.PostProcessing/Ping - 200 - application/grpc 28.1962ms
Starting: /Applications/Unity/Hub/Editor/6000.5.4f1/Unity.app/Contents/Resources/BuildPipeline/bee_backend --ipc --defer-dag-verification --dagfile="Library/Bee/900b0aE.dag" --continue-on-failure --profile="Library/Bee/backend1.traceevents" ScriptAssemblies
WorkingDir: /Users/tuantu/Desktop/dev/AI/mobile/game_df/LaMuralla
DisplayProgressbar: Compiling Scripts
info: Microsoft.AspNetCore.Hosting.Diagnostics[1]
      Request starting HTTP/2 POST http://ilpp/UnityILPP.PostProcessing/ConfigurePostProcessors - application/grpc -
info: Microsoft.AspNetCore.Routing.EndpointMiddleware[0]
      Executing endpoint 'gRPC - /UnityILPP.PostProcessing/ConfigurePostProcessors'
warn: Unity.ILPP.Runner.PostProcessingAssemblyLoadContext[0]
      Assembly unityeditor.ios.extensions.xcode has duplicate hint path. Ignoring "/Applications/Unity/Hub/Editor/6000.5.4f1/PlaybackEngines/iOSSupport/UnityEditor.iOS.Extensions.Xcode.dll" in favor of "/Applications/Unity/Hub/Editor/6000.5.4f1/PlaybackEngines/MacStandaloneSupport/UnityEditor.iOS.Extensions.Xcode.dll"
warn: Unity.ILPP.Runner.PostProcessingAssemblyLoadContext[0]
      Assembly system.runtime.interopservices.windowsruntime has duplicate hint path. Ignoring "/Applications/Unity/Hub/Editor/6000.5.4f1/Unity.app/Contents/Resources/Scripting/UnityReferenceAssemblies/unity-4.8-api/Facades/System.Runtime.InteropServices.WindowsRuntime.dll" in favor of "/Applications/Unity/Hub/Editor/6000.5.4f1/Unity.app/Contents/Resources/Scripting/NetStandard/Extensions/2.0.0/System.Runtime.InteropServices.WindowsRuntime.dll"
warn: Unity.ILPP.Runner.PostProcessingAssemblyLoadContext[0]
      Assembly system.componentmodel.composition has duplicate hint path. Ignoring "/Applications/Unity/Hub/Editor/6000.5.4f1/Unity.app/Contents/Resources/Scripting/UnityReferenceAssemblies/unity-4.8-api/System.ComponentModel.Composition.dll" in favor of "/Applications/Unity/Hub/Editor/6000.5.4f1/Unity.app/Contents/Resources/Scripting/NetStandard/compat/2.1.0/shims/netfx/System.ComponentModel.Composition.dll"
info: Unity.ILPP.Runner.PostProcessingAssemblyLoadContext[0]
      Resolved Unity.Burst.Cecil, Version=0.11.6.0, Culture=neutral, PublicKeyToken=50cebf1cceb9d05e with Library/PackageCache/com.unity.burst@6bb9aca3ef38/Unity.Burst.CodeGen/Unity.Burst.Cecil.dll
info: Unity.ILPP.Runner.PostProcessingAssemblyLoadContext[0]
      Resolved Mono.Cecil, Version=0.11.5.0, Culture=neutral, PublicKeyToken=50cebf1cceb9d05e with Library/PackageCache/com.unity.nuget.mono-cecil@ecb9724e46ff/Mono.Cecil.dll
info: Microsoft.AspNetCore.Routing.EndpointMiddleware[1]
      Executed endpoint 'gRPC - /UnityILPP.PostProcessing/ConfigurePostProcessors'
info: Microsoft.AspNetCore.Hosting.Diagnostics[2]
      Request finished HTTP/2 POST http://ilpp/UnityILPP.PostProcessing/ConfigurePostProcessors - 200 - application/grpc 30.1609ms
ExitCode: 0 Duration: 1s45ms
[490/667    0s] ILPP-Configuration Library/ilpp-configuration.nevergeneratedoutput
*** Tundra build success (1.01 seconds), 1 items updated, 667 evaluated
AssetDatabase: script compilation time: 1.752780s
Begin MonoManager ReloadAssembly
Total cache size 268345900
Total cache size after purge 268345900, took 00:00:00.1680831
Native extension for iOS target not found
Native extension for OSXStandalone target not found
ScheduleIndexationOnStartup MainProcess:True IndexOnStartup:True
Mono: successfully reloaded assembly
- Finished resetting the current domain, in  1.906 seconds
Domain Reload Profiling: 2382ms
	BeginReloadAssembly (203ms)
		DisableScriptedObjects (75ms)
		CreateAndSetChildDomain (55ms)
	RebuildCommonClasses (5ms)
	RebuildNativeTypeToScriptingClass (10ms)
	initialDomainReloadingComplete (24ms)
	LoadAllAssembliesAndSetupDomain (233ms)
		LoadAssemblies (154ms)
		AnalyzeDomain (78ms)
			TypeCache.Refresh (57ms)
				TypeCache.ScanAssembly (51ms)
			BuildScriptInfoCaches (16ms)
			ResolveRequiredComponents (3ms)
	FinalizeReload (1907ms)
		SetupLoadedEditorAssemblies (0ms)
			InitializePlatformSupportModulesInManaged (7ms)
			BeforeProcessingInitializeOnLoad (44ms)
			ProcessInitializeOnLoadAttributes (1401ms)
			ProcessInitializeOnLoadMethodAttributes (323ms)
		AwakeInstancesAfterBackupRestoration (11ms)
Starting new worker id: 0 with log in /Users/tuantu/Desktop/dev/AI/mobile/game_df/LaMuralla/Logs/AssetImportWorkerHW0.log

Asset Pipeline Refresh (id=1b7464c91ab3d4247b5da99e422f4a6f): Total: 4.786 seconds - Initiated by InitialRefreshV2(ForceSynchronousImport)
	(Values over 0.05ms)
	Summary:
		Imports: total=0 (actual=0, local cache=0, cache server=0)
		Asset DB Process Time: managed=0 ms, native=2491 ms
		Asset DB Callback time: managed=24 ms, native=8 ms
		Scripting: domain reloads=1, domain reload time=490 ms, compile time=1754 ms, other=17 ms
		Project Asset Count: scripts=889, non-scripts=1767
		Asset File Changes: new=0, changed=0, moved=0, deleted=0
		Scan Filter Count: 1
	InvokePackagesCallback: 9.056ms
	ApplyChangesToAssetFolders: 0.318ms
	Scan: 359.016ms
	Collect global state as custom dependencies: 2.360ms
	CategorizeScriptCompilationAssets: 21.690ms
	ProcessAssetsWithTransientArtifactChanges: 24.451ms
	CategorizeAssets: 68.883ms
	CompileScripts: 1753.772ms
	ImportOutOfDateAssets: 1940.665ms (1916.305ms without children)
		UnloadImportedAssets: 2.403ms
		EnsureUptoDateAssetsAreRegisteredWithGuidPM: 0.274ms
		ImportSchedulerStart: 21.648ms
	PostProcessAllAssets: 24.352ms
		MonoPostProcessAllAssets: 24.058ms
			UniversalRenderPipelineGlobalSettingsPostprocessor.OnPostprocessAllAssets 6.925ms
			SyncVS.PostprocessSyncProject 5.722ms
			WindowAssetPostprocessingWatcher.OnPostprocessAllAssets 1.151ms
			SpeedTree9Postprocessor.OnPostprocessAllAssets 1.031ms
			EditModeScopePostprocessor.OnPostprocessAllAssets 0.644ms
			RenderPipelineGlobalSettingsPostprocessor.OnPostprocessAllAssets 0.345ms
			ShaderReflectionAssetPostProcessor.OnPostprocessAllAssets 0.206ms
			InputActionAssetPostprocessor.OnPostprocessAllAssets 0.134ms
			ReferencedClipsPostProcessor.OnPostprocessAllAssets 0.131ms
			ProjectSettingsPostprocessor.OnPostprocessAllAssets 0.107ms
			TerrainToolbarOverlayPostProcessor.OnPostprocessAllAssets 0.104ms
			AssetDatabaseCallbacks.OnPostprocessAllAssets 0.080ms
	UnloadStreamsBegin: 2.623ms
	PersistCurrentRevisions: 0.054ms
	GenerateScriptTypeHashes: 1.281ms
	GenerateScriptTypeSerializationHashes: 2.447ms
	Untracked: 576.482ms

Application.AssetDatabase Initial Refresh End
Shader Hidden/ChartRasterizerHardware is not supported: GPU does not support conservative rasterization
Shader Hidden/ChartRasterizerHardware is not supported: GPU does not support conservative rasterization
Scanning for USB devices : 0.213ms
Initializing Unity extensions:
[MODES] ModeService[none].Initialize
[MODES] ModeService[none].LoadModes
[MODES] Loading mode Default (0) for mode-current-id-Football Tower Defense
Unloading 27 Unused Serialized files (Serialized files now loaded: 0)
Curl error 7: Failed to connect to config.uca.cloud.unity3d.com port 443 after 7 ms: Error
Unloading 3819 unused Assets / (1.6 MB). Loaded Objects now: 4679.
Memory consumption went from 213.2 MB to 211.6 MB.
Total: 6.643959 ms (FindLiveObjects: 0.191917 ms CreateObjectMapping: 0.566666 ms MarkObjects: 4.779250 ms  DeleteObjects: 1.105792 ms)

[BuildScript] Build 1 scene: Assets/_Project/Scenes/Match.unity
UnityEngine.Debug:ExtractStackTraceNoAlloc (byte*,int,string)
UnityEngine.StackTraceUtility:ExtractStackTrace () (at /Users/bokken/build/output/unity/unity/Runtime/Export/Scripting/StackTrace.cs:35)
UnityEngine.DebugLogHandler:Internal_Log (UnityEngine.LogType,UnityEngine.LogOption,string,UnityEngine.Object)
UnityEngine.DebugLogHandler:LogFormat (UnityEngine.LogType,UnityEngine.Object,string,object[])
UnityEngine.Logger:Log (UnityEngine.LogType,object)
UnityEngine.Debug:Log (object)
LaMuralla.EditorTools.BuildScript:BuildIOS (UnityEditor.BuildOptions) (at Assets/_Project/Editor/BuildScript.cs:51)
LaMuralla.EditorTools.BuildScript:BuildIOS () (at Assets/_Project/Editor/BuildScript.cs:27)

(Filename: Assets/_Project/Editor/BuildScript.cs Line: 51)

Importing 'GUID: 681886c5eb7344803b6206f758bf0b1c - Path: Assets/Settings/UniversalRP.asset' with importer (NativeFormatImporter)
Imported 'GUID: 681886c5eb7344803b6206f758bf0b1c' -> (Import Result ID: '8c55fe111487ee4aac95a1fc7019b4e5') in 0.003 seconds [static dependencies only]. Details - ImportResultOutputID=e489e02c007be4736342cf00ae79c2d3 DependenciesID=a7017b1f6813c9ffed684db2b1fa4db7 StaticDependenciesID=1eccabf624ed69e2a1fb40024c26a2d1 
Asset Pipeline Refresh (id=5b3dd58e205f0498ab65c8edd19954b8): Total: 0.151 seconds - Initiated by StopAssetImportingV2(NoUpdateAssetOptions)
1 URP assets included in build
- UniversalRP - Assets/Settings/UniversalRP.asset
	 - Renderer2D - Assets/Settings/Renderer2D.asset - UnityEngine.Rendering.Universal.Renderer2DData
UnityEngine.Debug:ExtractStackTraceNoAlloc (byte*,int,string)
UnityEngine.StackTraceUtility:ExtractStackTrace () (at /Users/bokken/build/output/unity/unity/Runtime/Export/Scripting/StackTrace.cs:35)
UnityEngine.DebugLogHandler:Internal_Log (UnityEngine.LogType,UnityEngine.LogOption,string,UnityEngine.Object)
UnityEngine.DebugLogHandler:LogFormat (UnityEngine.LogType,UnityEngine.Object,string,object[])
UnityEngine.Logger:Log (UnityEngine.LogType,object)
UnityEngine.Debug:Log (object)
UnityEditor.Rendering.Universal.URPPreprocessBuild:LogIncludedAssets (System.Collections.Generic.List`1<UnityEngine.Rendering.Universal.UniversalRenderPipelineAsset>) (at ./Library/PackageCache/com.unity.render-pipelines.universal@e38be786c41e/Editor/BuildProcessors/URPPreprocessBuild.cs:73)
UnityEditor.Rendering.Universal.URPPreprocessBuild:OnPreprocessBuild (UnityEditor.Build.Reporting.BuildReport) (at ./Library/PackageCache/com.unity.render-pipelines.universal@e38be786c41e/Editor/BuildProcessors/URPPreprocessBuild.cs:32)
UnityEditor.Build.BuildPipelineInterfaces/<>c__DisplayClass17_0:<OnBuildPreProcess>b__1 (UnityEditor.Build.IPreprocessBuildWithReport) (at /Users/bokken/build/output/unity/unity/Editor/Mono/BuildPipeline/BuildPipelineInterfaces.cs:1131)
UnityEditor.Build.BuildPipelineInterfaces:InvokeCallbackInterfacesPair<UnityEditor.Build.IPreprocessBuild, UnityEditor.Build.IPreprocessBuildWithReport> (System.Collections.Generic.List`1<UnityEditor.Build.IPreprocessBuild>,System.Action`1<UnityEditor.Build.IPreprocessBuild>,System.Collections.Generic.List`1<UnityEditor.Build.IPreprocessBuildWithReport>,System.Action`1<UnityEditor.Build.IPreprocessBuildWithReport>,bool) (at /Users/bokken/build/output/unity/unity/Editor/Mono/BuildPipeline/BuildPipelineInterfaces.cs:1090)
UnityEditor.Build.BuildPipelineInterfaces:OnBuildPreProcess (UnityEditor.Build.Reporting.BuildReport) (at /Users/bokken/build/output/unity/unity/Editor/Mono/BuildPipeline/BuildPipelineInterfaces.cs:1122)
UnityEditor.BuildPipeline:BuildPlayerInternal (string[],string,string,UnityEditor.BuildTargetGroup,UnityEditor.BuildTarget,int,UnityEditor.BuildOptions,string[],string[],bool)
UnityEditor.BuildPipeline:BuildPlayer (UnityEditor.BuildPlayerOptions) (at /Users/bokken/build/output/unity/unity/Editor/Mono/BuildPipeline/BuildPipeline.bindings.cs:267)
LaMuralla.EditorTools.BuildScript:BuildIOS (UnityEditor.BuildOptions) (at Assets/_Project/Editor/BuildScript.cs:61)
LaMuralla.EditorTools.BuildScript:BuildIOS () (at Assets/_Project/Editor/BuildScript.cs:27)

(Filename: ./Library/PackageCache/com.unity.render-pipelines.universal@e38be786c41e/Editor/BuildProcessors/URPPreprocessBuild.cs Line: 73)

[TestRunBuilder] Creating new file 'Assets/Resources/PerformanceTestRunInfo.json' (2091 bytes)
UnityEngine.Debug:ExtractStackTraceNoAlloc (byte*,int,string)
UnityEngine.StackTraceUtility:ExtractStackTrace () (at /Users/bokken/build/output/unity/unity/Runtime/Export/Scripting/StackTrace.cs:35)
UnityEngine.DebugLogHandler:Internal_Log (UnityEngine.LogType,UnityEngine.LogOption,string,UnityEngine.Object)
UnityEngine.DebugLogHandler:LogFormat (UnityEngine.LogType,UnityEngine.Object,string,object[])
UnityEngine.Logger:Log (UnityEngine.LogType,object)
UnityEngine.Debug:Log (object)
Unity.PerformanceTesting.Editor.TestRunBuilder:SaveToStorage (object,string) (at ./Library/PackageCache/com.unity.test-framework.performance@8b56083ec0f0/Editor/TestRunBuilder.cs:242)
Unity.PerformanceTesting.Editor.TestRunBuilder:OnPreprocessBuild (UnityEditor.Build.Reporting.BuildReport) (at ./Library/PackageCache/com.unity.test-framework.performance@8b56083ec0f0/Editor/TestRunBuilder.cs:35)
UnityEditor.Build.BuildPipelineInterfaces/<>c__DisplayClass17_0:<OnBuildPreProcess>b__1 (UnityEditor.Build.IPreprocessBuildWithReport) (at /Users/bokken/build/output/unity/unity/Editor/Mono/BuildPipeline/BuildPipelineInterfaces.cs:1131)
UnityEditor.Build.BuildPipelineInterfaces:InvokeCallbackInterfacesPair<UnityEditor.Build.IPreprocessBuild, UnityEditor.Build.IPreprocessBuildWithReport> (System.Collections.Generic.List`1<UnityEditor.Build.IPreprocessBuild>,System.Action`1<UnityEditor.Build.IPreprocessBuild>,System.Collections.Generic.List`1<UnityEditor.Build.IPreprocessBuildWithReport>,System.Action`1<UnityEditor.Build.IPreprocessBuildWithReport>,bool) (at /Users/bokken/build/output/unity/unity/Editor/Mono/BuildPipeline/BuildPipelineInterfaces.cs:1090)
UnityEditor.Build.BuildPipelineInterfaces:OnBuildPreProcess (UnityEditor.Build.Reporting.BuildReport) (at /Users/bokken/build/output/unity/unity/Editor/Mono/BuildPipeline/BuildPipelineInterfaces.cs:1122)
UnityEditor.BuildPipeline:BuildPlayerInternal (string[],string,string,UnityEditor.BuildTargetGroup,UnityEditor.BuildTarget,int,UnityEditor.BuildOptions,string[],string[],bool)
UnityEditor.BuildPipeline:BuildPlayer (UnityEditor.BuildPlayerOptions) (at /Users/bokken/build/output/unity/unity/Editor/Mono/BuildPipeline/BuildPipeline.bindings.cs:267)
LaMuralla.EditorTools.BuildScript:BuildIOS (UnityEditor.BuildOptions) (at Assets/_Project/Editor/BuildScript.cs:61)
LaMuralla.EditorTools.BuildScript:BuildIOS () (at Assets/_Project/Editor/BuildScript.cs:27)

(Filename: ./Library/PackageCache/com.unity.test-framework.performance@8b56083ec0f0/Editor/TestRunBuilder.cs Line: 242)

[TestRunBuilder] Creating new file 'Assets/Resources/PerformanceTestRunSettings.json' (23 bytes)
UnityEngine.Debug:ExtractStackTraceNoAlloc (byte*,int,string)
UnityEngine.StackTraceUtility:ExtractStackTrace () (at /Users/bokken/build/output/unity/unity/Runtime/Export/Scripting/StackTrace.cs:35)
UnityEngine.DebugLogHandler:Internal_Log (UnityEngine.LogType,UnityEngine.LogOption,string,UnityEngine.Object)
UnityEngine.DebugLogHandler:LogFormat (UnityEngine.LogType,UnityEngine.Object,string,object[])
UnityEngine.Logger:Log (UnityEngine.LogType,object)
UnityEngine.Debug:Log (object)
Unity.PerformanceTesting.Editor.TestRunBuilder:SaveToStorage (object,string) (at ./Library/PackageCache/com.unity.test-framework.performance@8b56083ec0f0/Editor/TestRunBuilder.cs:242)
Unity.PerformanceTesting.Editor.TestRunBuilder:OnPreprocessBuild (UnityEditor.Build.Reporting.BuildReport) (at ./Library/PackageCache/com.unity.test-framework.performance@8b56083ec0f0/Editor/TestRunBuilder.cs:38)
UnityEditor.Build.BuildPipelineInterfaces/<>c__DisplayClass17_0:<OnBuildPreProcess>b__1 (UnityEditor.Build.IPreprocessBuildWithReport) (at /Users/bokken/build/output/unity/unity/Editor/Mono/BuildPipeline/BuildPipelineInterfaces.cs:1131)
UnityEditor.Build.BuildPipelineInterfaces:InvokeCallbackInterfacesPair<UnityEditor.Build.IPreprocessBuild, UnityEditor.Build.IPreprocessBuildWithReport> (System.Collections.Generic.List`1<UnityEditor.Build.IPreprocessBuild>,System.Action`1<UnityEditor.Build.IPreprocessBuild>,System.Collections.Generic.List`1<UnityEditor.Build.IPreprocessBuildWithReport>,System.Action`1<UnityEditor.Build.IPreprocessBuildWithReport>,bool) (at /Users/bokken/build/output/unity/unity/Editor/Mono/BuildPipeline/BuildPipelineInterfaces.cs:1090)
UnityEditor.Build.BuildPipelineInterfaces:OnBuildPreProcess (UnityEditor.Build.Reporting.BuildReport) (at /Users/bokken/build/output/unity/unity/Editor/Mono/BuildPipeline/BuildPipelineInterfaces.cs:1122)
UnityEditor.BuildPipeline:BuildPlayerInternal (string[],string,string,UnityEditor.BuildTargetGroup,UnityEditor.BuildTarget,int,UnityEditor.BuildOptions,string[],string[],bool)
UnityEditor.BuildPipeline:BuildPlayer (UnityEditor.BuildPlayerOptions) (at /Users/bokken/build/output/unity/unity/Editor/Mono/BuildPipeline/BuildPipeline.bindings.cs:267)
LaMuralla.EditorTools.BuildScript:BuildIOS (UnityEditor.BuildOptions) (at Assets/_Project/Editor/BuildScript.cs:61)
LaMuralla.EditorTools.BuildScript:BuildIOS () (at Assets/_Project/Editor/BuildScript.cs:27)

(Filename: ./Library/PackageCache/com.unity.test-framework.performance@8b56083ec0f0/Editor/TestRunBuilder.cs Line: 242)

Importing 'GUID: 681886c5eb7344803b6206f758bf0b1c - Path: Assets/Settings/UniversalRP.asset' with importer (NativeFormatImporter)
Imported 'GUID: 681886c5eb7344803b6206f758bf0b1c' -> (Import Result ID: '8c55fe111487ee4aac95a1fc7019b4e5') in 0.004 seconds [static dependencies only]. Details - ImportResultOutputID=e489e02c007be4736342cf00ae79c2d3 DependenciesID=a7017b1f6813c9ffed684db2b1fa4db7 StaticDependenciesID=1eccabf624ed69e2a1fb40024c26a2d1 
Curl error 7: Failed to connect to cdp.cloud.unity3d.com port 443 after 1 ms: Error
Asset Pipeline Refresh (id=f5c014264e919491486bde5ad73020e7): Total: 0.036 seconds - Initiated by StopAssetImportingV2(NoUpdateAssetOptions)
Importing 'GUID: 00000000000000004000000000000000 - Path: ProjectSettings/ProjectSettings.asset' with importer (LibraryAssetImporter)
Imported 'GUID: 00000000000000004000000000000000' -> (Import Result ID: 'ab0cfd5fa216aea9572308355f6ff30f') in 0.001 seconds [static dependencies only]. Details - ImportResultOutputID=276a810dac73e1f29404d5e5f692e214 DependenciesID=fe98d2a03f7cdc57b8819e912740b325 StaticDependenciesID=2e73be42f04c10e14b1d5d3afd783151 
Importing 'GUID: 00000000000000006100000000000000 - Path: ProjectSettings/GraphicsSettings.asset' with importer (LibraryAssetImporter)
Imported 'GUID: 00000000000000006100000000000000' -> (Import Result ID: 'fe1c65bc316b58b9691a59f1972e7937') in 0.000 seconds [static dependencies only]. Details - ImportResultOutputID=f9600466f06a676b7a4f639f6629ea48 DependenciesID=d04b8c5f7082604c767271eeb1e59141 StaticDependenciesID=db73957384f60bf6b040d9d608c5f6a9 
Importing 'GUID: 93b439a37f63240aca3dd4e01d978a9f - Path: Assets/Settings/UniversalRenderPipelineGlobalSettings.asset' with importer (NativeFormatImporter)
Imported 'GUID: 93b439a37f63240aca3dd4e01d978a9f' -> (Import Result ID: '61e478e826a72dd54016a83b651bfc05') in 0.001 seconds [static dependencies only]. Details - ImportResultOutputID=ecc13003a17edc7e9a942a09539c31a7 DependenciesID=f733297d947a509cea5f8abfde16957d StaticDependenciesID=342524f58b3eef4122c0d4b9c05a7bd6 
Asset Pipeline Refresh (id=e1af378fd843c403cab0dc938ceee7cd): Total: 0.074 seconds - Initiated by StopAssetImportingV2(NoUpdateAssetOptions)
Launching external process: /Applications/Unity/Hub/Editor/6000.5.4f1/Unity.app/Contents/Helpers/UnityShaderCompiler
Launched and connected shader compiler UnityShaderCompiler after 0.06 seconds
info: Microsoft.AspNetCore.Hosting.Diagnostics[1]
      Request starting HTTP/2 POST http://ilpp/UnityILPP.PostProcessing/Ping - application/grpc -
info: Microsoft.AspNetCore.Routing.EndpointMiddleware[0]
      Executing endpoint 'gRPC - /UnityILPP.PostProcessing/Ping'
info: Microsoft.AspNetCore.Routing.EndpointMiddleware[1]
      Executed endpoint 'gRPC - /UnityILPP.PostProcessing/Ping'
info: Microsoft.AspNetCore.Hosting.Diagnostics[2]
      Request finished HTTP/2 POST http://ilpp/UnityILPP.PostProcessing/Ping - 200 - application/grpc 1.2706ms
Starting: /Applications/Unity/Hub/Editor/6000.5.4f1/Unity.app/Contents/Resources/BuildPipeline/bee_backend --ipc --defer-dag-verification --dagfile="Library/Bee/900b0aESkipCompile.dag" --continue-on-failure --profile="Library/Bee/backend1.traceevents" ScriptAssembliesAndTypeDB
WorkingDir: /Users/tuantu/Desktop/dev/AI/mobile/game_df/LaMuralla
ExitCode: 0 Duration: 0s125ms
*** Tundra build success (0.09 seconds), 0 items updated, 3 evaluated
Importing 'GUID: 67622f2cfe983493c9e8b0867c745288 - Path: Assets/Resources/PerformanceTestRunSettings.json' with importer (TextScriptImporter)
Imported 'GUID: 67622f2cfe983493c9e8b0867c745288' -> (Import Result ID: '4edaa672dcd480773e954924d7502820') in 0.003 seconds [static dependencies only]. Details - ImportResultOutputID=59ea4eba2082cbd7cbab0655e22209ad DependenciesID=4d8ebd1526d0ba59b159ba7a40563614 StaticDependenciesID=b29e2c6ab00129c1cc9315e91efba7e2 
Importing 'GUID: 08cc1ce90832c4a229259596ce7fe25c - Path: Assets/Resources/PerformanceTestRunInfo.json' with importer (TextScriptImporter)
Imported 'GUID: 08cc1ce90832c4a229259596ce7fe25c' -> (Import Result ID: '6e4ac9fe334dd49a4b056f11cf9ccff2') in 0.002 seconds [static dependencies only]. Details - ImportResultOutputID=bd7b8eea9f8c8728253ff6145586c582 DependenciesID=b7ad8be7cdb76cb88c57b3306815c5a4 StaticDependenciesID=74c1c74abad0e4c5f8663cd9086ca437 
Asset Pipeline Refresh (id=8914c4344b0ac403e92f80dcf272d765): Total: 0.104 seconds - Initiated by RefreshV2(NoUpdateAssetOptions)
[ScriptCompilation] Requested script compilation because: Recompiling scripts for player build.
BuildPlayer: start building target 9
Total cache size 268345900
Total cache size after purge 268345900, took 00:00:00.2560967
info: Microsoft.AspNetCore.Hosting.Diagnostics[1]
      Request starting HTTP/2 POST http://ilpp/UnityILPP.PostProcessing/Ping - application/grpc -
info: Microsoft.AspNetCore.Routing.EndpointMiddleware[0]
      Executing endpoint 'gRPC - /UnityILPP.PostProcessing/Ping'
info: Microsoft.AspNetCore.Routing.EndpointMiddleware[1]
      Executed endpoint 'gRPC - /UnityILPP.PostProcessing/Ping'
info: Microsoft.AspNetCore.Hosting.Diagnostics[2]
      Request finished HTTP/2 POST http://ilpp/UnityILPP.PostProcessing/Ping - 200 - application/grpc 0.2575ms
Starting: /Applications/Unity/Hub/Editor/6000.5.4f1/Unity.app/Contents/Resources/BuildPipeline/bee_backend --ipc --defer-dag-verification --dagfile="Library/Bee/900b0aPDev.dag" --continue-on-failure --profile="Library/Bee/backend1.traceevents" ScriptAssembliesAndTypeDB
WorkingDir: /Users/tuantu/Desktop/dev/AI/mobile/game_df/LaMuralla
Worker ready: AssetImportWorkerHW0 0
info: Microsoft.AspNetCore.Hosting.Diagnostics[1]
      Request starting HTTP/2 POST http://ilpp/UnityILPP.PostProcessing/ConfigurePostProcessors - application/grpc -
info: Microsoft.AspNetCore.Routing.EndpointMiddleware[0]
      Executing endpoint 'gRPC - /UnityILPP.PostProcessing/ConfigurePostProcessors'
info: Unity.ILPP.Runner.PostProcessingAssemblyLoadContext[0]
      ALC ILPP context 1 is unloading
warn: Unity.ILPP.Runner.PostProcessingAssemblyLoadContext[0]
      Assembly unityeditor.ios.extensions.xcode has duplicate hint path. Ignoring "/Applications/Unity/Hub/Editor/6000.5.4f1/PlaybackEngines/iOSSupport/UnityEditor.iOS.Extensions.Xcode.dll" in favor of "/Applications/Unity/Hub/Editor/6000.5.4f1/PlaybackEngines/MacStandaloneSupport/UnityEditor.iOS.Extensions.Xcode.dll"
warn: Unity.ILPP.Runner.PostProcessingAssemblyLoadContext[0]
      Assembly system.runtime.interopservices.windowsruntime has duplicate hint path. Ignoring "/Applications/Unity/Hub/Editor/6000.5.4f1/Unity.app/Contents/Resources/Scripting/UnityReferenceAssemblies/unity-4.8-api/Facades/System.Runtime.InteropServices.WindowsRuntime.dll" in favor of "/Applications/Unity/Hub/Editor/6000.5.4f1/Unity.app/Contents/Resources/Scripting/NetStandard/Extensions/2.0.0/System.Runtime.InteropServices.WindowsRuntime.dll"
warn: Unity.ILPP.Runner.PostProcessingAssemblyLoadContext[0]
      Assembly system.componentmodel.composition has duplicate hint path. Ignoring "/Applications/Unity/Hub/Editor/6000.5.4f1/Unity.app/Contents/Resources/Scripting/UnityReferenceAssemblies/unity-4.8-api/System.ComponentModel.Composition.dll" in favor of "/Applications/Unity/Hub/Editor/6000.5.4f1/Unity.app/Contents/Resources/Scripting/NetStandard/compat/2.1.0/shims/netfx/System.ComponentModel.Composition.dll"
info: Unity.ILPP.Runner.PostProcessingAssemblyLoadContext[0]
      Resolved Unity.Burst.Cecil, Version=0.11.6.0, Culture=neutral, PublicKeyToken=50cebf1cceb9d05e with Library/PackageCache/com.unity.burst@6bb9aca3ef38/Unity.Burst.CodeGen/Unity.Burst.Cecil.dll
info: Unity.ILPP.Runner.PostProcessingAssemblyLoadContext[0]
      Resolved Mono.Cecil, Version=0.11.5.0, Culture=neutral, PublicKeyToken=50cebf1cceb9d05e with Library/PackageCache/com.unity.nuget.mono-cecil@ecb9724e46ff/Mono.Cecil.dll
info: Microsoft.AspNetCore.Routing.EndpointMiddleware[1]
      Executed endpoint 'gRPC - /UnityILPP.PostProcessing/ConfigurePostProcessors'
info: Microsoft.AspNetCore.Hosting.Diagnostics[2]
      Request finished HTTP/2 POST http://ilpp/UnityILPP.PostProcessing/ConfigurePostProcessors - 200 - application/grpc 5.4439ms
ExitCode: 0 Duration: 0s202ms
[437/509    0s] ILPP-Configuration Library/ilpp-configuration.nevergeneratedoutput
[457/509    0s] CopyFiles Library/Bee/PlayerScriptAssemblies/Unity.SurfaceCache.Runtime.dll
[458/509    0s] CopyFiles Library/Bee/PlayerScriptAssemblies/Unity.UnifiedRayTracing.Runtime.dll
[459/509    0s] CopyFiles Library/Bee/PlayerScriptAssemblies/Unity.RenderPipelines.Universal.2D.Runtime.dll
[460/509    0s] CopyFiles Library/Bee/PlayerScriptAssemblies/Unity.RenderPipelines.Universal.Config.Runtime.dll
[461/509    0s] CopyFiles Library/Bee/PlayerScriptAssemblies/UnityEngine.UI.dll
[462/509    0s] CopyFiles Library/Bee/PlayerScriptAssemblies/Unity.Mathematics.dll
[465/509    0s] CopyFiles Library/Bee/PlayerScriptAssemblies/Unity.RenderPipelines.ShaderGraph.ShaderGraphLibrary.dll
[468/509    0s] CopyFiles Library/Bee/PlayerScriptAssemblies/Unity.RenderPipeline.Universal.ShaderLibrary.dll
[469/509    0s] CopyFiles Library/Bee/PlayerScriptAssemblies/Unity.InternalAPIEngineBridge.RenderPipelines.Core.Runtime.Shared.dll
[470/509    0s] CopyFiles Library/Bee/PlayerScriptAssemblies/Unity.InputSystem.dll
[471/509    0s] CopyFiles Library/Bee/PlayerScriptAssemblies/Unity.RenderPipelines.Core.Runtime.Shared.dll
[472/509    0s] CopyFiles Library/Bee/PlayerScriptAssemblies/Unity.InputSystem.ForUI.dll
[473/509    0s] CopyFiles Library/Bee/PlayerScriptAssemblies/Unity.InternalAPIEngineBridge.004.dll
[474/509    0s] CopyFiles Library/Bee/PlayerScriptAssemblies/Unity.RenderPipelines.Core.ShaderLibrary.dll
[475/509    0s] CopyFiles Library/Bee/PlayerScriptAssemblies/LaMuralla.Core.dll
[476/509    0s] CopyFiles Library/Bee/PlayerScriptAssemblies/Unity.RenderPipelines.Universal.Shaders.dll
[477/509    0s] CopyFiles Library/Bee/PlayerScriptAssemblies/Unity.InternalAPIEngineBridge.RenderPipelines.Core.Runtime.Shared.pdb
[478/509    0s] CopyFiles Library/Bee/PlayerScriptAssemblies/Unity.RenderPipelines.GPUDriven.Runtime.dll
[479/509    0s] CopyFiles Library/Bee/PlayerScriptAssemblies/Unity.Burst.dll
[480/509    0s] CopyFiles Library/Bee/PlayerScriptAssemblies/LaMuralla.Unity.dll
[481/509    0s] CopyFiles Library/Bee/PlayerScriptAssemblies/Unity.RenderPipelines.Universal.Config.Runtime.pdb
[482/509    0s] CopyFiles Library/Bee/PlayerScriptAssemblies/Unity.Collections.dll
[483/509    0s] CopyFiles Library/Bee/PlayerScriptAssemblies/Unity.SurfaceCache.Runtime.pdb
[484/509    0s] CopyFiles Library/Bee/PlayerScriptAssemblies/Unity.TextMeshPro.dll
[485/509    0s] CopyFiles Library/Bee/PlayerScriptAssemblies/Unity.RenderPipelines.Universal.Runtime.pdb
[486/509    0s] CopyFiles Library/Bee/PlayerScriptAssemblies/Unity.RenderPipelines.Core.Runtime.dll
[487/509    0s] CopyFiles Library/Bee/PlayerScriptAssemblies/Unity.RenderPipelines.Universal.Runtime.dll
[488/509    0s] CopyFiles Library/Bee/PlayerScriptAssemblies/Unity.Collections.pdb
[489/509    0s] CopyFiles Library/Bee/PlayerScriptAssemblies/UnityEngine.UI.pdb
[490/509    0s] CopyFiles Library/Bee/PlayerScriptAssemblies/Unity.RenderPipelines.Universal.2D.Runtime.pdb
[491/509    0s] CopyFiles Library/Bee/PlayerScriptAssemblies/Unity.Burst.pdb
[492/509    0s] CopyFiles Library/Bee/PlayerScriptAssemblies/Unity.RenderPipeline.Universal.ShaderLibrary.pdb
[493/509    0s] CopyFiles Library/Bee/PlayerScriptAssemblies/Unity.RenderPipelines.Core.Runtime.Shared.pdb
[494/509    0s] CopyFiles Library/Bee/PlayerScriptAssemblies/Unity.InputSystem.ForUI.pdb
[495/509    0s] CopyFiles Library/Bee/PlayerScriptAssemblies/Unity.UnifiedRayTracing.Runtime.pdb
[496/509    0s] CopyFiles Library/Bee/PlayerScriptAssemblies/Unity.InternalAPIEngineBridge.004.pdb
[497/509    0s] CopyFiles Library/Bee/PlayerScriptAssemblies/Unity.InputSystem.pdb
[498/509    0s] CopyFiles Library/Bee/PlayerScriptAssemblies/Unity.Mathematics.pdb
[499/509    0s] CopyFiles Library/Bee/PlayerScriptAssemblies/Unity.RenderPipelines.Core.ShaderLibrary.pdb
[500/509    0s] CopyFiles Library/Bee/PlayerScriptAssemblies/Unity.RenderPipelines.Universal.Shaders.pdb
[501/509    0s] CopyFiles Library/Bee/PlayerScriptAssemblies/Unity.RenderPipelines.GPUDriven.Runtime.pdb
[502/509    0s] CopyFiles Library/Bee/PlayerScriptAssemblies/LaMuralla.Unity.pdb
[503/509    0s] CopyFiles Library/Bee/PlayerScriptAssemblies/Unity.RenderPipelines.ShaderGraph.ShaderGraphLibrary.pdb
[504/509    0s] CopyFiles Library/Bee/PlayerScriptAssemblies/LaMuralla.Core.pdb
[505/509    0s] CopyFiles Library/Bee/PlayerScriptAssemblies/Unity.TextMeshPro.pdb
[506/509    0s] CopyFiles Library/Bee/PlayerScriptAssemblies/Unity.RenderPipelines.Core.Runtime.pdb
*** Tundra build success (0.19 seconds), 47 items updated, 509 evaluated
Total cache size 268345900
Total cache size after purge 268345900, took 00:00:00.1023701
Rebuilding Data files because Assets/Resources/PerformanceTestRunSettings.json is dirty (hash)
Asset Pipeline Refresh (id=ed361aa923fea485c9736940de9211ac): Total: 0.152 seconds - Initiated by RefreshV2(NoUpdateAssetOptions)
Asset Pipeline Refresh (id=dc976f0bffc5540258bbce9ed1511872): Total: 0.091 seconds - Initiated by RefreshV2(NoUpdateAssetOptions)


Mono dependencies included in the build
Dependency assembly - System.IO.Compression.ZipFile.dll
Dependency assembly - System.Net.WebSockets.dll
Dependency assembly - System.Text.Encodings.Web.dll
Dependency assembly - System.Runtime.InteropServices.RuntimeInformation.dll
Dependency assembly - System.Data.dll
Dependency assembly - System.ServiceProcess.ServiceController.dll
Dependency assembly - System.Threading.Tasks.dll
Dependency assembly - System.Xaml.dll
Dependency assembly - System.IO.Pipes.dll
Dependency assembly - System.Linq.Parallel.dll
Dependency assembly - System.Security.Cryptography.Encryption.dll
Dependency assembly - System.Net.Primitives.dll
Dependency assembly - Unity.InternalAPIEngineBridge.004.dll
Dependency assembly - GoogleMobileAds.Ump.iOS.dll
Dependency assembly - System.Runtime.Serialization.Json.dll
Dependency assembly - System.Diagnostics.Tools.dll
Dependency assembly - System.Net.Ping.dll
Dependency assembly - Unity.RenderPipelines.Core.ShaderLibrary.dll
Dependency assembly - Unity.RenderPipeline.Universal.ShaderLibrary.dll
Dependency assembly - System.IO.FileSystem.dll
Dependency assembly - System.Json.dll
Dependency assembly - System.Diagnostics.Process.dll
Dependency assembly - System.Xml.ReaderWriter.dll
Dependency assembly - System.Text.Encoding.CodePages.dll
Dependency assembly - I18N.Other.dll
Dependency assembly - System.Data.Services.dll
Dependency assembly - System.ServiceModel.Primitives.dll
Dependency assembly - System.Data.Common.dll
Dependency assembly - System.Net.Http.WebRequest.dll
Dependency assembly - System.Data.SqlClient.dll
Dependency assembly - System.Threading.AccessControl.dll
Dependency assembly - System.Net.Requests.dll
Dependency assembly - System.Security.Cryptography.X509Certificates.dll
Dependency assembly - System.Net.Mail.dll
Dependency assembly - System.Web.ApplicationServices.dll
Dependency assembly - System.Data.Services.Client.dll
Dependency assembly - System.ServiceModel.NetTcp.dll
Dependency assembly - System.Security.Cryptography.OpenSsl.dll
Dependency assembly - Unity.RenderPipelines.GPUDriven.Runtime.dll
Dependency assembly - System.Data.OracleClient.dll
Dependency assembly - System.Diagnostics.TraceSource.dll
Dependency assembly - System.Net.ServicePoint.dll
Dependency assembly - System.Runtime.Loader.dll
Dependency assembly - System.Numerics.dll
Dependency assembly - System.ComponentModel.EventBasedAsync.dll
Dependency assembly - Microsoft.Extensions.Logging.Abstractions.dll
Dependency assembly - System.Numerics.Vectors.dll
Dependency assembly - System.AppContext.dll
Dependency assembly - System.Runtime.Remoting.dll
Dependency assembly - System.Runtime.Serialization.Formatters.dll
Dependency assembly - System.Security.Cryptography.Primitives.dll
Dependency assembly - System.Net.Cache.dll
Dependency assembly - System.ServiceModel.Activation.dll
Dependency assembly - System.Net.NetworkInformation.dll
Dependency assembly - GoogleMobileAds.dll
Dependency assembly - System.ComponentModel.Primitives.dll
Dependency assembly - System.Security.Cryptography.ProtectedData.dll
Dependency assembly - System.Runtime.Handles.dll
Dependency assembly - System.Web.dll
Dependency assembly - System.Core.dll
Dependency assembly - System.Xml.XDocument.dll
Dependency assembly - System.Xml.XmlSerializer.dll
Dependency assembly - System.Collections.dll
Dependency assembly - System.ServiceProcess.dll
Dependency assembly - System.dll
Dependency assembly - System.Runtime.Extensions.dll
Dependency assembly - System.ValueTuple.dll
Dependency assembly - System.Resources.ResourceManager.dll
Dependency assembly - System.Runtime.Serialization.Xml.dll
Dependency assembly - System.Net.Http.dll
Dependency assembly - System.Runtime.dll
Dependency assembly - System.DirectoryServices.Protocols.dll
Dependency assembly - System.Security.Cryptography.Encryption.ECDiffieHellman.dll
Dependency assembly - System.IO.FileSystem.AccessControl.dll
Dependency assembly - System.Security.Cryptography.RSA.dll
Dependency assembly - System.Xml.dll
Dependency assembly - System.Reflection.DispatchProxy.dll
Dependency assembly - System.ComponentModel.Annotations.dll
Dependency assembly - System.Security.Cryptography.Hashing.Algorithms.dll
Dependency assembly - System.Threading.dll
Dependency assembly - System.Web.RegularExpressions.dll
Dependency assembly - System.Runtime.InteropServices.WindowsRuntime.dll
Dependency assembly - I18N.dll
Dependency assembly - System.Drawing.Design.dll
Dependency assembly - System.IO.dll
Dependency assembly - Microsoft.Extensions.DependencyInjection.Abstractions.dll
Dependency assembly - System.Xml.Linq.dll
Dependency assembly - System.Configuration.Install.dll
Dependency assembly - Mono.Data.Sqlite.dll
Dependency assembly - LaMuralla.Core.dll
Dependency assembly - System.Configuration.dll
Dependency assembly - System.ServiceModel.Discovery.dll
Dependency assembly - System.ServiceModel.Duplex.dll
Dependency assembly - System.Design.dll
Dependency assembly - System.Reflection.TypeExtensions.dll
Dependency assembly - System.Console.dll
Dependency assembly - System.Xml.Xsl.Primitives.dll
Dependency assembly - System.Xml.XmlDocument.dll
Dependency assembly - Mono.Security.dll
Dependency assembly - System.Net.NameResolution.dll
Dependency assembly - System.ServiceModel.Security.dll
Dependency assembly - System.Collections.NonGeneric.dll
Dependency assembly - Unity.UnifiedRayTracing.Runtime.dll
Dependency assembly - System.Collections.Specialized.dll
Dependency assembly - System.Web.DynamicData.dll
Dependency assembly - System.Net.Utilities.dll
Dependency assembly - Unity.InternalAPIEngineBridge.RenderPipelines.Core.Runtime.Shared.dll
Dependency assembly - Microsoft.CSharp.dll
Dependency assembly - System.IO.FileSystem.Primitives.dll
Dependency assembly - Unity.RenderPipelines.Core.Runtime.Shared.dll
Dependency assembly - Unity.RenderPipelines.Universal.Runtime.dll
Dependency assembly - System.Security.Cryptography.Encoding.dll
Dependency assembly - Unity.RenderPipelines.Universal.Shaders.dll
Dependency assembly - System.Diagnostics.Contracts.dll
Dependency assembly - System.Diagnostics.Tracing.dll
Dependency assembly - Unity.RenderPipelines.ShaderGraph.ShaderGraphLibrary.dll
Dependency assembly - System.Runtime.Serialization.Primitives.dll
Dependency assembly - System.ObjectModel.dll
Dependency assembly - System.Messaging.dll
Dependency assembly - System.Collections.Immutable.dll
Dependency assembly - Microsoft.Win32.Primitives.dll
Dependency assembly - Unity.Burst.Unsafe.dll
Dependency assembly - System.Net.WebSockets.Client.dll
Dependency assembly - System.IO.Compression.dll
Dependency assembly - System.ServiceModel.dll
Dependency assembly - System.Globalization.dll
Dependency assembly - System.ComponentModel.DataAnnotations.dll
Dependency assembly - System.Security.Principal.dll
Dependency assembly - System.Drawing.dll
Dependency assembly - System.DirectoryServices.dll
Dependency assembly - System.Reflection.Metadata.dll
Dependency assembly - System.ServiceModel.Web.dll
Dependency assembly - System.Diagnostics.StackTrace.dll
Dependency assembly - System.Threading.Tasks.Parallel.dll
Dependency assembly - System.Runtime.CompilerServices.Unsafe.dll
Dependency assembly - System.Text.Json.dll
Dependency assembly - System.Data.Linq.dll
Dependency assembly - System.Reflection.Emit.dll
Dependency assembly - System.IO.Compression.FileSystem.dll
Dependency assembly - System.IdentityModel.Selectors.dll
Dependency assembly - System.Xml.XPath.XmlDocument.dll
Dependency assembly - System.Diagnostics.TextWriterTraceListener.dll
Dependency assembly - System.IO.FileSystem.DriveInfo.dll
Dependency assembly - System.Web.Extensions.dll
Dependency assembly - System.Diagnostics.Debug.dll
Dependency assembly - Unity.SurfaceCache.Runtime.dll
Dependency assembly - System.Windows.dll
Dependency assembly - System.Security.Cryptography.Csp.dll
Dependency assembly - System.Windows.Forms.DataVisualization.dll
Dependency assembly - System.IO.IsolatedStorage.dll
Dependency assembly - System.Runtime.DurableInstancing.dll
Dependency assembly - System.Management.dll
Dependency assembly - System.ServiceModel.Routing.dll
Dependency assembly - System.Resources.ReaderWriter.dll
Dependency assembly - System.ComponentModel.dll
Dependency assembly - System.Data.DataSetExtensions.dll
Dependency assembly - Microsoft.Win32.Registry.dll
Dependency assembly - System.ServiceModel.Http.dll
Dependency assembly - System.Buffers.dll
Dependency assembly - System.Reflection.dll
Dependency assembly - System.Text.Encoding.dll
Dependency assembly - System.EnterpriseServices.dll
Dependency assembly - System.Net.Sockets.dll
Dependency assembly - System.Xml.XPath.XDocument.dll
Dependency assembly - System.Security.Cryptography.Algorithms.dll
Dependency assembly - System.Threading.ThreadPool.dll
Dependency assembly - System.Reflection.Emit.Lightweight.dll
Dependency assembly - GoogleMobileAds.iOS.dll
Dependency assembly - System.IO.Hashing.dll
Dependency assembly - System.Xml.Serialization.dll
Dependency assembly - UnityEngine.UI.dll
Dependency assembly - System.Net.WebHeaderCollection.dll
Dependency assembly - System.Security.AccessControl.dll
Dependency assembly - System.Transactions.dll
Dependency assembly - System.Runtime.Serialization.Formatters.Soap.dll
Dependency assembly - Unity.Collections.dll
Dependency assembly - GoogleMobileAds.Common.dll
Dependency assembly - System.Security.SecureString.dll
Dependency assembly - System.Security.Principal.Windows.dll
Dependency assembly - System.Globalization.Extensions.dll
Dependency assembly - System.Net.Security.dll
Dependency assembly - mscorlib.dll
Dependency assembly - System.Globalization.Calendars.dll
Dependency assembly - System.Drawing.Primitives.dll
Dependency assembly - System.Linq.Queryable.dll
Dependency assembly - Unity.RenderPipelines.Universal.Config.Runtime.dll
Dependency assembly - System.Reflection.Extensions.dll
Dependency assembly - Unity.TextMeshPro.dll
Dependency assembly - System.Diagnostics.DiagnosticSource.dll
Dependency assembly - System.Collections.Concurrent.dll
Dependency assembly - System.Security.Cryptography.Encryption.Aes.dll
Dependency assembly - System.ComponentModel.TypeConverter.dll
Dependency assembly - System.Runtime.InteropServices.dll
Dependency assembly - Unity.InputSystem.ForUI.dll
Dependency assembly - I18N.Rare.dll
Dependency assembly - System.Security.Cryptography.Pkcs.dll
Dependency assembly - System.Net.dll
Dependency assembly - System.IdentityModel.dll
Dependency assembly - netstandard.dll
Dependency assembly - I18N.CJK.dll
Dependency assembly - System.Data.Entity.dll
Dependency assembly - System.Net.AuthenticationManager.dll
Dependency assembly - GoogleMobileAds.Core.dll
Dependency assembly - System.Runtime.Numerics.dll
Dependency assembly - System.Dynamic.Runtime.dll
Dependency assembly - Unity.Burst.dll
Dependency assembly - System.IO.FileSystem.Watcher.dll
Dependency assembly - I18N.MidEast.dll
Dependency assembly - System.ComponentModel.Composition.dll
Dependency assembly - System.Security.Cryptography.Encryption.ECDsa.dll
Dependency assembly - Unity.RenderPipelines.Universal.2D.Runtime.dll
Dependency assembly - System.Web.Extensions.Design.dll
Dependency assembly - System.Resources.Writer.dll
Dependency assembly - Accessibility.dll
Dependency assembly - Microsoft.Bcl.AsyncInterfaces.dll
Dependency assembly - System.Threading.Tasks.Extensions.dll
Dependency assembly - System.Reflection.Context.dll
Dependency assembly - System.Reflection.Primitives.dll
Dependency assembly - System.Runtime.Serialization.dll
Dependency assembly - System.Threading.Overlapped.dll
Dependency assembly - System.Security.Cryptography.Cng.dll
Dependency assembly - System.Resources.Reader.dll
Dependency assembly - GoogleMobileAds.Ump.dll
Dependency assembly - System.Memory.dll
Dependency assembly - Unity.Collections.LowLevel.ILSupport.dll
Dependency assembly - System.IO.UnmanagedMemoryStream.dll
Dependency assembly - System.Security.Cryptography.DeriveBytes.dll
Dependency assembly - System.Linq.dll
Dependency assembly - System.Net.HttpListener.dll
Dependency assembly - System.Linq.Expressions.dll
Dependency assembly - System.Runtime.Caching.dll
Dependency assembly - Unity.RenderPipelines.Core.Runtime.dll
Dependency assembly - LaMuralla.Unity.dll
Dependency assembly - System.Reflection.Emit.ILGeneration.dll
Dependency assembly - System.Windows.Forms.dll
Dependency assembly - Unity.Mathematics.dll
Dependency assembly - System.ServiceModel.Internals.dll
Dependency assembly - System.Web.Services.dll
Dependency assembly - Mono.Data.Tds.dll
Dependency assembly - System.Diagnostics.TraceEvent.dll
Dependency assembly - System.Threading.Thread.dll
Dependency assembly - System.Security.dll
Dependency assembly - System.Security.Cryptography.Hashing.dll
Dependency assembly - System.Diagnostics.FileVersionInfo.dll
Dependency assembly - System.Security.Claims.dll
Dependency assembly - System.Threading.Timer.dll
Dependency assembly - I18N.West.dll
Dependency assembly - System.Text.RegularExpressions.dll
Dependency assembly - System.Xml.XPath.dll
Dependency assembly - Microsoft.Win32.Registry.AccessControl.dll
Dependency assembly - System.Security.Cryptography.RandomNumberGenerator.dll
Dependency assembly - Unity.InputSystem.dll
Dependency assembly - System.IO.MemoryMappedFiles.dll
Dependency assembly - System.Text.Encoding.Extensions.dll
Dependency assembly - System.Runtime.CompilerServices.VisualC.dll

DisplayProgressbar: Fetching assembly references
SpriteAtlasPacking completed in 0.002542 sec
Opening scene 'Assets/_Project/Scenes/Match.unity'
Unloading 2 Unused Serialized files (Serialized files now loaded: 0)
Loaded scene 'Assets/_Project/Scenes/Match.unity'
	Deserialize:            2.299 ms
	Integration:            146.160 ms
	Integration of assets:  0.001 ms
	Thread Wait Time:       0.004 ms
	Total Operation Time:   148.464 ms
Unloading 125 unused Assets / (0.7 MB). Loaded Objects now: 4720.
Memory consumption went from 205.1 MB to 204.5 MB.
Total: 7.270000 ms (FindLiveObjects: 0.118459 ms CreateObjectMapping: 0.246291 ms MarkObjects: 6.637167 ms  DeleteObjects: 0.267000 ms)

Unloading 89 Unused Serialized files (Serialized files now loaded: 0)
Unloading 249 unused Assets / (1.1 MB). Loaded Objects now: 4718.
Memory consumption went from 218.1 MB to 217.0 MB.
Total: 5.159792 ms (FindLiveObjects: 0.079375 ms CreateObjectMapping: 0.224125 ms MarkObjects: 4.608042 ms  DeleteObjects: 0.248208 ms)

Unloading 0 Unused Serialized files (Serialized files now loaded: 0)
Unloading 0 unused Assets / (0 B). Loaded Objects now: 4718.
Memory consumption went from 216.7 MB to 216.7 MB.
Total: 4.377833 ms (FindLiveObjects: 0.098917 ms CreateObjectMapping: 0.210750 ms MarkObjects: 4.064250 ms  DeleteObjects: 0.003833 ms)

Unloading 1 Unused Serialized files (Serialized files now loaded: 0)
Unloading 174 unused Assets / (147.0 MB). Loaded Objects now: 4718.
Memory consumption went from 358.3 MB to 211.4 MB.
Total: 14.359208 ms (FindLiveObjects: 0.087500 ms CreateObjectMapping: 0.216625 ms MarkObjects: 5.167708 ms  DeleteObjects: 8.887208 ms)

Compiling shader "Hidden/Universal Render Pipeline/Sampling"
  Pass "BoxDownsample" (vp)
    Target graphics API: metal
    Full variant space:         1
    After settings filtering:   1
    After built-in stripping:   1
    After scriptable stripping: 1
    Processed in 0.28 seconds
  Pass "BoxDownsample" (fp)
    Target graphics API: metal
    Full variant space:         1
    After settings filtering:   1
    After built-in stripping:   1
    After scriptable stripping: 1
    Processed in 0.00 seconds
  Pass BoxDownsample (vp, metal) finished in 0.01 seconds. Local cache hits 1 (0.01s CPU time), remote cache hits 0 (0.00s CPU time), compiled 0 variants (0.00s CPU time), skipped 0 variants.
    Prepared data for serialisation in 0.00s
  Pass BoxDownsample (fp, metal) finished in 0.01 seconds. Local cache hits 1 (0.01s CPU time), remote cache hits 0 (0.00s CPU time), compiled 0 variants (0.00s CPU time), skipped 0 variants.
    Prepared data for serialisation in 0.00s
Serialized binary data for shader Hidden/Universal Render Pipeline/Sampling in 0.00s
    metal (total internal programs: 2, unique: 2)
Compiling shader "Hidden/Universal Render Pipeline/Stop NaN"
  Pass "Stop NaN" (vp)
    Target graphics API: metal
    Full variant space:         1
    After settings filtering:   1
    After built-in stripping:   1
    After scriptable stripping: 1
    Processed in 0.00 seconds
  Pass "Stop NaN" (fp)
    Target graphics API: metal
    Full variant space:         1
    After settings filtering:   1
    After built-in stripping:   1
    After scriptable stripping: 1
    Processed in 0.00 seconds
  Pass Stop NaN (vp, metal) finished in 0.00 seconds. Local cache hits 1 (0.00s CPU time), remote cache hits 0 (0.00s CPU time), compiled 0 variants (0.00s CPU time), skipped 0 variants.
    Prepared data for serialisation in 0.00s
  Pass Stop NaN (fp, metal) finished in 0.00 seconds. Local cache hits 1 (0.00s CPU time), remote cache hits 0 (0.00s CPU time), compiled 0 variants (0.00s CPU time), skipped 0 variants.
    Prepared data for serialisation in 0.00s
Serialized binary data for shader Hidden/Universal Render Pipeline/Stop NaN in 0.00s
    metal (total internal programs: 2, unique: 2)
Compiling shader "Hidden/CoreSRP/CoreCopy"
  Pass "Copy" (vp)
    Target graphics API: metal
    Full variant space:         1
    After settings filtering:   1
    After built-in stripping:   1
    After scriptable stripping: 1
    Processed in 0.00 seconds
  Pass "Copy" (fp)
    Target graphics API: metal
    Full variant space:         2
    After settings filtering:   2
    After built-in stripping:   2
    After scriptable stripping: 2
    Processed in 0.00 seconds
  Pass "CopyMS" (vp)
    Target graphics API: metal
    Full variant space:         1
    After settings filtering:   1
    After built-in stripping:   1
    After scriptable stripping: 1
    Processed in 0.00 seconds
  Pass "CopyMS" (fp)
    Target graphics API: metal
    Full variant space:         2
    After settings filtering:   2
    After built-in stripping:   2
    After scriptable stripping: 2
    Processed in 0.00 seconds
  Pass "Copy" (vp)
    Target graphics API: metal
    Full variant space:         1
    After settings filtering:   1
    After built-in stripping:   1
    After scriptable stripping: 1
    Processed in 0.00 seconds
  Pass "Copy" (fp)
    Target graphics API: metal
    Full variant space:         2
    After settings filtering:   2
    After built-in stripping:   2
    After scriptable stripping: 2
    Processed in 0.00 seconds
  Pass Copy (vp, metal) finished in 0.00 seconds. Local cache hits 1 (0.00s CPU time), remote cache hits 0 (0.00s CPU time), compiled 0 variants (0.00s CPU time), skipped 0 variants.
    Prepared data for serialisation in 0.00s
  Pass Copy (fp, metal) finished in 0.00 seconds. Local cache hits 2 (0.00s CPU time), remote cache hits 0 (0.00s CPU time), compiled 0 variants (0.00s CPU time), skipped 0 variants.
    Prepared data for serialisation in 0.00s
  Pass CopyMS (vp, metal) finished in 0.00 seconds. Local cache hits 1 (0.00s CPU time), remote cache hits 0 (0.00s CPU time), compiled 0 variants (0.00s CPU time), skipped 0 variants.
    Prepared data for serialisation in 0.00s
  Pass CopyMS (fp, metal) finished in 0.00 seconds. Local cache hits 2 (0.00s CPU time), remote cache hits 0 (0.00s CPU time), compiled 0 variants (0.00s CPU time), skipped 0 variants.
    Prepared data for serialisation in 0.00s
  Pass Copy (vp, metal) finished in 0.00 seconds. Local cache hits 1 (0.00s CPU time), remote cache hits 0 (0.00s CPU time), compiled 0 variants (0.00s CPU time), skipped 0 variants.
    Prepared data for serialisation in 0.00s
  Pass Copy (fp, metal) finished in 0.00 seconds. Local cache hits 2 (0.00s CPU time), remote cache hits 0 (0.00s CPU time), compiled 0 variants (0.00s CPU time), skipped 0 variants.
    Prepared data for serialisation in 0.00s
Serialized binary data for shader Hidden/CoreSRP/CoreCopy in 0.00s
    metal (total internal programs: 9, unique: 5)
Compiling shader "Hidden/Shadow2DShadowGeometry"
  Pass "Draw Geometry Shadow (R)" (vp)
    Target graphics API: metal
    Full variant space:         1
    After settings filtering:   1
    After built-in stripping:   1
    After scriptable stripping: 1
    Processed in 0.00 seconds
  Pass "Draw Geometry Shadow (R)" (fp)
    Target graphics API: metal
    Full variant space:         1
    After settings filtering:   1
    After built-in stripping:   1
    After scriptable stripping: 1
    Processed in 0.00 seconds
  Pass Draw Geometry Shadow (R) (vp, metal) finished in 0.00 seconds. Local cache hits 1 (0.00s CPU time), remote cache hits 0 (0.00s CPU time), compiled 0 variants (0.00s CPU time), skipped 0 variants.
    Prepared data for serialisation in 0.00s
  Pass Draw Geometry Shadow (R) (fp, metal) finished in 0.00 seconds. Local cache hits 1 (0.00s CPU time), remote cache hits 0 (0.00s CPU time), compiled 0 variants (0.00s CPU time), skipped 0 variants.
    Prepared data for serialisation in 0.00s
Serialized binary data for shader Hidden/Shadow2DShadowGeometry in 0.00s
    metal (total internal programs: 2, unique: 2)
Compiling shader "Hidden/Universal Render Pipeline/CameraMotionBlur"
  Pass "Camera Motion Blur - Low Quality" (vp)
    Target graphics API: metal
    Full variant space:         1
    After settings filtering:   1
    After built-in stripping:   1
    After scriptable stripping: 1
    Processed in 0.00 seconds
  Pass "Camera Motion Blur - Low Quality" (fp)
    Target graphics API: metal
    Full variant space:         2
    After settings filtering:   1
    After built-in stripping:   1
    After scriptable stripping: 1
    Processed in 0.00 seconds
  Pass "Camera Motion Blur - Medium Quality" (vp)
    Target graphics API: metal
    Full variant space:         1
    After settings filtering:   1
    After built-in stripping:   1
    After scriptable stripping: 1
    Processed in 0.00 seconds
  Pass "Camera Motion Blur - Medium Quality" (fp)
    Target graphics API: metal
    Full variant space:         2
    After settings filtering:   1
    After built-in stripping:   1
    After scriptable stripping: 1
    Processed in 0.00 seconds
  Pass "Camera Motion Blur - High Quality" (vp)
    Target graphics API: metal
    Full variant space:         1
    After settings filtering:   1
    After built-in stripping:   1
    After scriptable stripping: 1
    Processed in 0.00 seconds
  Pass "Camera Motion Blur - High Quality" (fp)
    Target graphics API: metal
    Full variant space:         2
    After settings filtering:   1
    After built-in stripping:   1
    After scriptable stripping: 1
    Processed in 0.00 seconds
  Pass "Camera And Object Motion Blur - Low Quality" (vp)
    Target graphics API: metal
    Full variant space:         1
    After settings filtering:   1
    After built-in stripping:   1
    After scriptable stripping: 1
    Processed in 0.00 seconds
  Pass "Camera And Object Motion Blur - Low Quality" (fp)
    Target graphics API: metal
    Full variant space:         2
    After settings filtering:   1
    After built-in stripping:   1
    After scriptable stripping: 1
    Processed in 0.00 seconds
  Pass "Camera And Object Motion Blur - Medium Quality" (vp)
    Target graphics API: metal
    Full variant space:         1
    After settings filtering:   1
    After built-in stripping:   1
    After scriptable stripping: 1
    Processed in 0.00 seconds
  Pass "Camera And Object Motion Blur - Medium Quality" (fp)
    Target graphics API: metal
    Full variant space:         2
    After settings filtering:   1
    After built-in stripping:   1
    After scriptable stripping: 1
    Processed in 0.00 seconds
  Pass "Camera And Object Motion Blur - High Quality" (vp)
    Target graphics API: metal
    Full variant space:         1
    After settings filtering:   1
    After built-in stripping:   1
    After scriptable stripping: 1
    Processed in 0.00 seconds
  Pass "Camera And Object Motion Blur - High Quality" (fp)
    Target graphics API: metal
    Full variant space:         2
    After settings filtering:   1
    After built-in stripping:   1
    After scriptable stripping: 1
    Processed in 0.00 seconds
  Pass Camera Motion Blur - Low Quality (vp, metal) finished in 0.01 seconds. Local cache hits 1 (0.00s CPU time), remote cache hits 0 (0.00s CPU time), compiled 0 variants (0.00s CPU time), skipped 0 variants.
    Prepared data for serialisation in 0.00s
  Pass Camera Motion Blur - Low Quality (fp, metal) finished in 0.01 seconds. Local cache hits 1 (0.00s CPU time), remote cache hits 0 (0.00s CPU time), compiled 0 variants (0.00s CPU time), skipped 0 variants.
    Prepared data for serialisation in 0.00s
  Pass Camera Motion Blur - Medium Quality (vp, metal) finished in 0.01 seconds. Local cache hits 1 (0.00s CPU time), remote cache hits 0 (0.00s CPU time), compiled 0 variants (0.00s CPU time), skipped 0 variants.
    Prepared data for serialisation in 0.00s
  Pass Camera Motion Blur - Medium Quality (fp, metal) finished in 0.00 seconds. Local cache hits 1 (0.00s CPU time), remote cache hits 0 (0.00s CPU time), compiled 0 variants (0.00s CPU time), skipped 0 variants.
    Prepared data for serialisation in 0.00s
  Pass Camera Motion Blur - High Quality (vp, metal) finished in 0.00 seconds. Local cache hits 1 (0.00s CPU time), remote cache hits 0 (0.00s CPU time), compiled 0 variants (0.00s CPU time), skipped 0 variants.
    Prepared data for serialisation in 0.00s
  Pass Camera Motion Blur - High Quality (fp, metal) finished in 0.00 seconds. Local cache hits 1 (0.00s CPU time), remote cache hits 0 (0.00s CPU time), compiled 0 variants (0.00s CPU time), skipped 0 variants.
    Prepared data for serialisation in 0.00s
  Pass Camera And Object Motion Blur - Low Quality (vp, metal) finished in 0.00 seconds. Local cache hits 1 (0.00s CPU time), remote cache hits 0 (0.00s CPU time), compiled 0 variants (0.00s CPU time), skipped 0 variants.
    Prepared data for serialisation in 0.00s
  Pass Camera And Object Motion Blur - Low Quality (fp, metal) finished in 0.00 seconds. Local cache hits 1 (0.00s CPU time), remote cache hits 0 (0.00s CPU time), compiled 0 variants (0.00s CPU time), skipped 0 variants.
    Prepared data for serialisation in 0.00s
  Pass Camera And Object Motion Blur - Medium Quality (vp, metal) finished in 0.00 seconds. Local cache hits 1 (0.00s CPU time), remote cache hits 0 (0.00s CPU time), compiled 0 variants (0.00s CPU time), skipped 0 variants.
    Prepared data for serialisation in 0.00s
  Pass Camera And Object Motion Blur - Medium Quality (fp, metal) finished in 0.00 seconds. Local cache hits 1 (0.00s CPU time), remote cache hits 0 (0.00s CPU time), compiled 0 variants (0.00s CPU time), skipped 0 variants.
    Prepared data for serialisation in 0.00s
  Pass Camera And Object Motion Blur - High Quality (vp, metal) finished in 0.00 seconds. Local cache hits 1 (0.00s CPU time), remote cache hits 0 (0.00s CPU time), compiled 0 variants (0.00s CPU time), skipped 0 variants.
    Prepared data for serialisation in 0.00s
  Pass Camera And Object Motion Blur - High Quality (fp, metal) finished in 0.00 seconds. Local cache hits 1 (0.00s CPU time), remote cache hits 0 (0.00s CPU time), compiled 0 variants (0.00s CPU time), skipped 0 variants.
    Prepared data for serialisation in 0.00s
Serialized binary data for shader Hidden/Universal Render Pipeline/CameraMotionBlur in 0.00s
    metal (total internal programs: 12, unique: 7)
Compiling shader "Hidden/TerrainEngine/Details/UniversalPipeline/BillboardWavingDoublePass"
  Pass "ForwardLit" (vp)
    Target graphics API: metal
    Full variant space:         3.072
    After settings filtering:   768
    After built-in stripping:   6
    After scriptable stripping: 6
    Processed in 0.00 seconds
  Pass "ForwardLit" (fp)
    Target graphics API: metal
    Full variant space:         491.520
    After settings filtering:   768
    After built-in stripping:   6
    After scriptable stripping: 6
    Processed in 0.00 seconds
  Pass "GBuffer" (vp)
    Target graphics API: metal
    Full variant space:         32
    After settings filtering:   24
    After built-in stripping:   3
    After scriptable stripping: 0
    Processed in 0.00 seconds
  Pass "GBuffer" (fp)
    Target graphics API: metal
    Full variant space:         1.280
    After settings filtering:   24
    After built-in stripping:   3
    After scriptable stripping: 0
    Processed in 0.00 seconds
  Pass "DepthOnly" (vp)
    Target graphics API: metal
    Full variant space:         2
    After settings filtering:   2
    After built-in stripping:   1
    After scriptable stripping: 1
    Processed in 0.00 seconds
  Pass "DepthOnly" (fp)
    Target graphics API: metal
    Full variant space:         2
    After settings filtering:   2
    After built-in stripping:   1
    After scriptable stripping: 1
    Processed in 0.00 seconds
  Pass "DepthNormals" (vp)
    Target graphics API: metal
    Full variant space:         2
    After settings filtering:   2
    After built-in stripping:   1
    After scriptable stripping: 1
    Processed in 0.00 seconds
  Pass "DepthNormals" (fp)
    Target graphics API: metal
    Full variant space:         2
    After settings filtering:   2
    After built-in stripping:   1
    After scriptable stripping: 1
    Processed in 0.00 seconds
  Pass ForwardLit (vp, metal) finished in 0.00 seconds. Local cache hits 6 (0.00s CPU time), remote cache hits 0 (0.00s CPU time), compiled 0 variants (0.00s CPU time), skipped 0 variants.
    Prepared data for serialisation in 0.00s
  Pass ForwardLit (fp, metal) finished in 0.00 seconds. Local cache hits 6 (0.00s CPU time), remote cache hits 0 (0.00s CPU time), compiled 0 variants (0.00s CPU time), skipped 0 variants.
    Prepared data for serialisation in 0.00s
  Pass DepthOnly (vp, metal) finished in 0.00 seconds. Local cache hits 1 (0.00s CPU time), remote cache hits 0 (0.00s CPU time), compiled 0 variants (0.00s CPU time), skipped 0 variants.
    Prepared data for serialisation in 0.00s
  Pass DepthOnly (fp, metal) finished in 0.00 seconds. Local cache hits 1 (0.00s CPU time), remote cache hits 0 (0.00s CPU time), compiled 0 variants (0.00s CPU time), skipped 0 variants.
    Prepared data for serialisation in 0.00s
  Pass DepthNormals (vp, metal) finished in 0.00 seconds. Local cache hits 1 (0.00s CPU time), remote cache hits 0 (0.00s CPU time), compiled 0 variants (0.00s CPU time), skipped 0 variants.
    Prepared data for serialisation in 0.00s
  Pass DepthNormals (fp, metal) finished in 0.00 seconds. Local cache hits 1 (0.00s CPU time), remote cache hits 0 (0.00s CPU time), compiled 0 variants (0.00s CPU time), skipped 0 variants.
    Prepared data for serialisation in 0.00s
Serialized binary data for shader Hidden/TerrainEngine/Details/UniversalPipeline/BillboardWavingDoublePass in 0.00s
    metal (total internal programs: 16, unique: 16)
Compiling shader "Hidden/Universal Render Pipeline/BokehDepthOfField"
  Pass "Bokeh Depth Of Field CoC" (vp)
    Target graphics API: metal
    Full variant space:         1
    After settings filtering:   1
    After built-in stripping:   1
    After scriptable stripping: 1
    Processed in 0.00 seconds
  Pass "Bokeh Depth Of Field CoC" (fp)
    Target graphics API: metal
    Full variant space:         2
    After settings filtering:   1
    After built-in stripping:   1
    After scriptable stripping: 1
    Processed in 0.00 seconds
  Pass "Bokeh Depth Of Field Prefilter" (vp)
    Target graphics API: metal
    Full variant space:         1
    After settings filtering:   1
    After built-in stripping:   1
    After scriptable stripping: 1
    Processed in 0.00 seconds
  Pass "Bokeh Depth Of Field Prefilter" (fp)
    Target graphics API: metal
    Full variant space:         2
    After settings filtering:   1
    After built-in stripping:   1
    After scriptable stripping: 1
    Processed in 0.00 seconds
  Pass "Bokeh Depth Of Field Blur" (vp)
    Target graphics API: metal
    Full variant space:         1
    After settings filtering:   1
    After built-in stripping:   1
    After scriptable stripping: 1
    Processed in 0.00 seconds
  Pass "Bokeh Depth Of Field Blur" (fp)
    Target graphics API: metal
    Full variant space:         2
    After settings filtering:   1
    After built-in stripping:   1
    After scriptable stripping: 1
    Processed in 0.00 seconds
  Pass "Bokeh Depth Of Field Post Blur" (vp)
    Target graphics API: metal
    Full variant space:         1
    After settings filtering:   1
    After built-in stripping:   1
    After scriptable stripping: 1
    Processed in 0.00 seconds
  Pass "Bokeh Depth Of Field Post Blur" (fp)
    Target graphics API: metal
    Full variant space:         2
    After settings filtering:   1
    After built-in stripping:   1
    After scriptable stripping: 1
    Processed in 0.00 seconds
  Pass "Bokeh Depth Of Field Composite" (vp)
    Target graphics API: metal
    Full variant space:         1
    After settings filtering:   1
    After built-in stripping:   1
    After scriptable stripping: 1
    Processed in 0.00 seconds
  Pass "Bokeh Depth Of Field Composite" (fp)
    Target graphics API: metal
    Full variant space:         4
    After settings filtering:   1
    After built-in stripping:   1
    After scriptable stripping: 1
    Processed in 0.00 seconds
  Pass "Bokeh Depth Of Field CoC" (vp)
    Target graphics API: metal
    Full variant space:         1
    After settings filtering:   1
    After built-in stripping:   1
    After scriptable stripping: 1
    Processed in 0.00 seconds
  Pass "Bokeh Depth Of Field CoC" (fp)
    Target graphics API: metal
    Full variant space:         2
    After settings filtering:   1
    After built-in stripping:   1
    After scriptable stripping: 1
    Processed in 0.00 seconds
  Pass "Bokeh Depth Of Field Prefilter" (vp)
    Target graphics API: metal
    Full variant space:         1
    After settings filtering:   1
    After built-in stripping:   1
    After scriptable stripping: 1
    Processed in 0.00 seconds
  Pass "Bokeh Depth Of Field Prefilter" (fp)
    Target graphics API: metal
    Full variant space:         2
    After settings filtering:   1
    After built-in stripping:   1
    After scriptable stripping: 1
    Processed in 0.00 seconds
  Pass "Bokeh Depth Of Field Blur" (vp)
    Target graphics API: metal
    Full variant space:         1
    After settings filtering:   1
    After built-in stripping:   1
    After scriptable stripping: 1
    Processed in 0.00 seconds
  Pass "Bokeh Depth Of Field Blur" (fp)
    Target graphics API: metal
    Full variant space:         2
    After settings filtering:   1
    After built-in stripping:   1
    After scriptable stripping: 1
    Processed in 0.00 seconds
  Pass "Bokeh Depth Of Field Post Blur" (vp)
    Target graphics API: metal
    Full variant space:         1
    After settings filtering:   1
    After built-in stripping:   1
    After scriptable stripping: 1
    Processed in 0.00 seconds
  Pass "Bokeh Depth Of Field Post Blur" (fp)
    Target graphics API: metal
    Full variant space:         2
    After settings filtering:   1
    After built-in stripping:   1
    After scriptable stripping: 1
    Processed in 0.00 seconds
  Pass "Bokeh Depth Of Field Composite" (vp)
    Target graphics API: metal
    Full variant space:         1
    After settings filtering:   1
    After built-in stripping:   1
    After scriptable stripping: 1
    Processed in 0.00 seconds
  Pass "Bokeh Depth Of Field Composite" (fp)
    Target graphics API: metal
    Full variant space:         4
    After settings filtering:   1
    After built-in stripping:   1
    After scriptable stripping: 1
    Processed in 0.00 seconds
  Pass Bokeh Depth Of Field CoC (vp, metal) finished in 0.01 seconds. Local cache hits 1 (0.00s CPU time), remote cache hits 0 (0.00s CPU time), compiled 0 variants (0.00s CPU time), skipped 0 variants.
    Prepared data for serialisation in 0.00s
  Pass Bokeh Depth Of Field CoC (fp, metal) finished in 0.01 seconds. Local cache hits 1 (0.00s CPU time), remote cache hits 0 (0.00s CPU time), compiled 0 variants (0.00s CPU time), skipped 0 variants.
    Prepared data for serialisation in 0.00s
  Pass Bokeh Depth Of Field Prefilter (vp, metal) finished in 0.01 seconds. Local cache hits 1 (0.00s CPU time), remote cache hits 0 (0.00s CPU time), compiled 0 variants (0.00s CPU time), skipped 0 variants.
    Prepared data for serialisation in 0.00s
  Pass Bokeh Depth Of Field Prefilter (fp, metal) finished in 0.01 seconds. Local cache hits 1 (0.00s CPU time), remote cache hits 0 (0.00s CPU time), compiled 0 variants (0.00s CPU time), skipped 0 variants.
    Prepared data for serialisation in 0.00s
  Pass Bokeh Depth Of Field Blur (vp, metal) finished in 0.01 seconds. Local cache hits 1 (0.00s CPU time), remote cache hits 0 (0.00s CPU time), compiled 0 variants (0.00s CPU time), skipped 0 variants.
    Prepared data for serialisation in 0.00s
  Pass Bokeh Depth Of Field Blur (fp, metal) finished in 0.01 seconds. Local cache hits 1 (0.00s CPU time), remote cache hits 0 (0.00s CPU time), compiled 0 variants (0.00s CPU time), skipped 0 variants.
    Prepared data for serialisation in 0.00s
  Pass Bokeh Depth Of Field Post Blur (vp, metal) finished in 0.01 seconds. Local cache hits 1 (0.00s CPU time), remote cache hits 0 (0.00s CPU time), compiled 0 variants (0.00s CPU time), skipped 0 variants.
    Prepared data for serialisation in 0.00s
  Pass Bokeh Depth Of Field Post Blur (fp, metal) finished in 0.01 seconds. Local cache hits 1 (0.00s CPU time), remote cache hits 0 (0.00s CPU time), compiled 0 variants (0.00s CPU time), skipped 0 variants.
    Prepared data for serialisation in 0.00s
  Pass Bokeh Depth Of Field Composite (vp, metal) finished in 0.01 seconds. Local cache hits 1 (0.00s CPU time), remote cache hits 0 (0.00s CPU time), compiled 0 variants (0.00s CPU time), skipped 0 variants.
    Prepared data for serialisation in 0.00s
  Pass Bokeh Depth Of Field Composite (fp, metal) finished in 0.01 seconds. Local cache hits 1 (0.00s CPU time), remote cache hits 0 (0.00s CPU time), compiled 0 variants (0.00s CPU time), skipped 0 variants.
    Prepared data for serialisation in 0.00s
  Pass Bokeh Depth Of Field CoC (vp, metal) finished in 0.01 seconds. Local cache hits 1 (0.00s CPU time), remote cache hits 0 (0.00s CPU time), compiled 0 variants (0.00s CPU time), skipped 0 variants.
    Prepared data for serialisation in 0.00s
  Pass Bokeh Depth Of Field CoC (fp, metal) finished in 0.00 seconds. Local cache hits 1 (0.00s CPU time), remote cache hits 0 (0.00s CPU time), compiled 0 variants (0.00s CPU time), skipped 0 variants.
    Prepared data for serialisation in 0.00s
  Pass Bokeh Depth Of Field Prefilter (vp, metal) finished in 0.00 seconds. Local cache hits 1 (0.00s CPU time), remote cache hits 0 (0.00s CPU time), compiled 0 variants (0.00s CPU time), skipped 0 variants.
    Prepared data for serialisation in 0.00s
  Pass Bokeh Depth Of Field Prefilter (fp, metal) finished in 0.00 seconds. Local cache hits 1 (0.00s CPU time), remote cache hits 0 (0.00s CPU time), compiled 0 variants (0.00s CPU time), skipped 0 variants.
    Prepared data for serialisation in 0.00s
  Pass Bokeh Depth Of Field Blur (vp, metal) finished in 0.00 seconds. Local cache hits 1 (0.00s CPU time), remote cache hits 0 (0.00s CPU time), compiled 0 variants (0.00s CPU time), skipped 0 variants.
    Prepared data for serialisation in 0.00s
  Pass Bokeh Depth Of Field Blur (fp, metal) finished in 0.00 seconds. Local cache hits 1 (0.00s CPU time), remote cache hits 0 (0.00s CPU time), compiled 0 variants (0.00s CPU time), skipped 0 variants.
    Prepared data for serialisation in 0.00s
  Pass Bokeh Depth Of Field Post Blur (vp, metal) finished in 0.00 seconds. Local cache hits 1 (0.00s CPU time), remote cache hits 0 (0.00s CPU time), compiled 0 variants (0.00s CPU time), skipped 0 variants.
    Prepared data for serialisation in 0.00s
  Pass Bokeh Depth Of Field Post Blur (fp, metal) finished in 0.00 seconds. Local cache hits 1 (0.00s CPU time), remote cache hits 0 (0.00s CPU time), compiled 0 variants (0.00s CPU time), skipped 0 variants.
    Prepared data for serialisation in 0.00s
  Pass Bokeh Depth Of Field Composite (vp, metal) finished in 0.00 seconds. Local cache hits 1 (0.00s CPU time), remote cache hits 0 (0.00s CPU time), compiled 0 variants (0.00s CPU time), skipped 0 variants.
    Prepared data for serialisation in 0.00s
  Pass Bokeh Depth Of Field Composite (fp, metal) finished in 0.00 seconds. Local cache hits 1 (0.00s CPU time), remote cache hits 0 (0.00s CPU time), compiled 0 variants (0.00s CPU time), skipped 0 variants.
    Prepared data for serialisation in 0.00s
Serialized binary data for shader Hidden/Universal Render Pipeline/BokehDepthOfField in 0.00s
    metal (total internal programs: 20, unique: 7)
Compiling shader "Hidden/Core/FallbackError"
  Pass "" (vp)
    Target graphics API: metal
    Full variant space:         3
    After settings filtering:   3
    After built-in stripping:   1
    After scriptable stripping: 1
    Processed in 0.00 seconds
  Pass "" (fp)
    Target graphics API: metal
    Full variant space:         3
    After settings filtering:   3
    After built-in stripping:   1
    After scriptable stripping: 1
    Processed in 0.00 seconds
  Pass  (vp, metal) finished in 0.00 seconds. Local cache hits 1 (0.00s CPU time), remote cache hits 0 (0.00s CPU time), compiled 0 variants (0.00s CPU time), skipped 0 variants.
    Prepared data for serialisation in 0.00s
  Pass  (fp, metal) finished in 0.00 seconds. Local cache hits 1 (0.00s CPU time), remote cache hits 0 (0.00s CPU time), compiled 0 variants (0.00s CPU time), skipped 0 variants.
    Prepared data for serialisation in 0.00s
Serialized binary data for shader Hidden/Core/FallbackError in 0.00s
    metal (total internal programs: 2, unique: 2)
Compiling shader "Hidden/Light2D"
  Pass "" (vp)
    Target graphics API: metal
    Full variant space:         1.024
    After settings filtering:   1.024
    After built-in stripping:   1.024
    After scriptable stripping: 1.024
    Processed in 0.02 seconds
  Pass "" (fp)
    Target graphics API: metal
    Full variant space:         1.024
    After settings filtering:   1.024
    After built-in stripping:   1.024
    After scriptable stripping: 1.024
    Processed in 0.02 seconds
  Pass  (vp, metal) finished in 0.04 seconds. Local cache hits 1024 (0.34s CPU time), remote cache hits 0 (0.00s CPU time), compiled 0 variants (0.00s CPU time), skipped 0 variants.
    Prepared data for serialisation in 0.01s
  Pass  (fp, metal) finished in 0.03 seconds. Local cache hits 1024 (0.32s CPU time), remote cache hits 0 (0.00s CPU time), compiled 0 variants (0.00s CPU time), skipped 0 variants.
    Prepared data for serialisation in 0.01s
Serialized binary data for shader Hidden/Light2D in 0.00s
    metal (total internal programs: 2048, unique: 2048)
Compressed shader 'Hidden/Light2D' on metal from 14.67MB to 0.19MB
Compressed shader 'Hidden/Light2D' in 0.02s
Compiling shader "Hidden/Universal Render Pipeline/XR/XROcclusionMesh"
  Pass "" (vp)
    Target graphics API: metal
    Full variant space:         2
    After settings filtering:   1
    After built-in stripping:   1
    After scriptable stripping: 0
    Processed in 0.00 seconds
  Pass "" (fp)
    Target graphics API: metal
    Full variant space:         2
    After settings filtering:   1
    After built-in stripping:   1
    After scriptable stripping: 0
    Processed in 0.00 seconds
Serialized binary data for shader Hidden/Universal Render Pipeline/XR/XROcclusionMesh in 0.00s
    metal (total internal programs: 0, unique: 0)
Compiling shader "Hidden/Shadow2DShadowSprite"
  Pass "Draw Sprite Shadow (R)" (vp)
    Target graphics API: metal
    Full variant space:         1
    After settings filtering:   1
    After built-in stripping:   1
    After scriptable stripping: 1
    Processed in 0.00 seconds
  Pass "Draw Sprite Shadow (R)" (fp)
    Target graphics API: metal
    Full variant space:         1
    After settings filtering:   1
    After built-in stripping:   1
    After scriptable stripping: 1
    Processed in 0.00 seconds
  Pass Draw Sprite Shadow (R) (vp, metal) finished in 0.00 seconds. Local cache hits 1 (0.00s CPU time), remote cache hits 0 (0.00s CPU time), compiled 0 variants (0.00s CPU time), skipped 0 variants.
    Prepared data for serialisation in 0.00s
  Pass Draw Sprite Shadow (R) (fp, metal) finished in 0.00 seconds. Local cache hits 1 (0.00s CPU time), remote cache hits 0 (0.00s CPU time), compiled 0 variants (0.00s CPU time), skipped 0 variants.
    Prepared data for serialisation in 0.00s
Serialized binary data for shader Hidden/Shadow2DShadowSprite in 0.00s
    metal (total internal programs: 2, unique: 2)
Compiling shader "Hidden/Universal Render Pipeline/Edge Adaptive Spatial Upsampling"
  Pass "EASU" (vp)
    Target graphics API: metal
    Full variant space:         1
    After settings filtering:   1
    After built-in stripping:   1
    After scriptable stripping: 1
    Processed in 0.00 seconds
  Pass "EASU" (fp)
    Target graphics API: metal
    Full variant space:         2
    After settings filtering:   1
    After built-in stripping:   1
    After scriptable stripping: 1
    Processed in 0.00 seconds
  Pass EASU (vp, metal) finished in 0.00 seconds. Local cache hits 1 (0.00s CPU time), remote cache hits 0 (0.00s CPU time), compiled 0 variants (0.00s CPU time), skipped 0 variants.
    Prepared data for serialisation in 0.00s
  Pass EASU (fp, metal) finished in 0.00 seconds. Local cache hits 1 (0.00s CPU time), remote cache hits 0 (0.00s CPU time), compiled 0 variants (0.00s CPU time), skipped 0 variants.
    Prepared data for serialisation in 0.00s
Serialized binary data for shader Hidden/Universal Render Pipeline/Edge Adaptive Spatial Upsampling in 0.00s
    metal (total internal programs: 2, unique: 2)
Compiling shader "Hidden/Universal/HDRDebugView"
  Pass "" (vp)
    Target graphics API: metal
    Full variant space:         1
    After settings filtering:   1
    After built-in stripping:   1
    After scriptable stripping: 1
    Processed in 0.00 seconds
  Pass "" (fp)
    Target graphics API: metal
    Full variant space:         4
    After settings filtering:   1
    After built-in stripping:   1
    After scriptable stripping: 1
    Processed in 0.00 seconds
  Pass "" (vp)
    Target graphics API: metal
    Full variant space:         1
    After settings filtering:   1
    After built-in stripping:   1
    After scriptable stripping: 1
    Processed in 0.00 seconds
  Pass "" (fp)
    Target graphics API: metal
    Full variant space:         4
    After settings filtering:   1
    After built-in stripping:   1
    After scriptable stripping: 1
    Processed in 0.00 seconds
  Pass  (vp, metal) finished in 0.00 seconds. Local cache hits 1 (0.00s CPU time), remote cache hits 0 (0.00s CPU time), compiled 0 variants (0.00s CPU time), skipped 0 variants.
    Prepared data for serialisation in 0.00s
  Pass  (fp, metal) finished in 0.00 seconds. Local cache hits 1 (0.00s CPU time), remote cache hits 0 (0.00s CPU time), compiled 0 variants (0.00s CPU time), skipped 0 variants.
    Prepared data for serialisation in 0.00s
  Pass  (vp, metal) finished in 0.00 seconds. Local cache hits 1 (0.00s CPU time), remote cache hits 0 (0.00s CPU time), compiled 0 variants (0.00s CPU time), skipped 0 variants.
    Prepared data for serialisation in 0.00s
  Pass  (fp, metal) finished in 0.00 seconds. Local cache hits 1 (0.00s CPU time), remote cache hits 0 (0.00s CPU time), compiled 0 variants (0.00s CPU time), skipped 0 variants.
    Prepared data for serialisation in 0.00s
Serialized binary data for shader Hidden/Universal/HDRDebugView in 0.00s
    metal (total internal programs: 4, unique: 3)
Compiling shader "Hidden/Universal Render Pipeline/GaussianDepthOfField"
  Pass "Gaussian Depth Of Field CoC" (vp)
    Target graphics API: metal
    Full variant space:         1
    After settings filtering:   1
    After built-in stripping:   1
    After scriptable stripping: 1
    Processed in 0.00 seconds
  Pass "Gaussian Depth Of Field CoC" (fp)
    Target graphics API: metal
    Full variant space:         1
    After settings filtering:   1
    After built-in stripping:   1
    After scriptable stripping: 1
    Processed in 0.00 seconds
  Pass "Gaussian Depth Of Field Prefilter" (vp)
    Target graphics API: metal
    Full variant space:         1
    After settings filtering:   1
    After built-in stripping:   1
    After scriptable stripping: 1
    Processed in 0.00 seconds
  Pass "Gaussian Depth Of Field Prefilter" (fp)
    Target graphics API: metal
    Full variant space:         4
    After settings filtering:   2
    After built-in stripping:   2
    After scriptable stripping: 2
    Processed in 0.00 seconds
  Pass "Gaussian Depth Of Field Blur Horizontal" (vp)
    Target graphics API: metal
    Full variant space:         1
    After settings filtering:   1
    After built-in stripping:   1
    After scriptable stripping: 1
    Processed in 0.00 seconds
  Pass "Gaussian Depth Of Field Blur Horizontal" (fp)
    Target graphics API: metal
    Full variant space:         2
    After settings filtering:   1
    After built-in stripping:   1
    After scriptable stripping: 1
    Processed in 0.00 seconds
  Pass "Gaussian Depth Of Field Blur Vertical" (vp)
    Target graphics API: metal
    Full variant space:         1
    After settings filtering:   1
    After built-in stripping:   1
    After scriptable stripping: 1
    Processed in 0.00 seconds
  Pass "Gaussian Depth Of Field Blur Vertical" (fp)
    Target graphics API: metal
    Full variant space:         2
    After settings filtering:   1
    After built-in stripping:   1
    After scriptable stripping: 1
    Processed in 0.00 seconds
  Pass "Gaussian Depth Of Field Composite" (vp)
    Target graphics API: metal
    Full variant space:         1
    After settings filtering:   1
    After built-in stripping:   1
    After scriptable stripping: 1
    Processed in 0.00 seconds
  Pass "Gaussian Depth Of Field Composite" (fp)
    Target graphics API: metal
    Full variant space:         4
    After settings filtering:   2
    After built-in stripping:   2
    After scriptable stripping: 2
    Processed in 0.00 seconds
  Pass Gaussian Depth Of Field CoC (vp, metal) finished in 0.01 seconds. Local cache hits 1 (0.00s CPU time), remote cache hits 0 (0.00s CPU time), compiled 0 variants (0.00s CPU time), skipped 0 variants.
    Prepared data for serialisation in 0.00s
  Pass Gaussian Depth Of Field CoC (fp, metal) finished in 0.00 seconds. Local cache hits 1 (0.00s CPU time), remote cache hits 0 (0.00s CPU time), compiled 0 variants (0.00s CPU time), skipped 0 variants.
    Prepared data for serialisation in 0.00s
  Pass Gaussian Depth Of Field Prefilter (vp, metal) finished in 0.00 seconds. Local cache hits 1 (0.00s CPU time), remote cache hits 0 (0.00s CPU time), compiled 0 variants (0.00s CPU time), skipped 0 variants.
    Prepared data for serialisation in 0.00s
  Pass Gaussian Depth Of Field Prefilter (fp, metal) finished in 0.00 seconds. Local cache hits 2 (0.00s CPU time), remote cache hits 0 (0.00s CPU time), compiled 0 variants (0.00s CPU time), skipped 0 variants.
    Prepared data for serialisation in 0.00s
  Pass Gaussian Depth Of Field Blur Horizontal (vp, metal) finished in 0.00 seconds. Local cache hits 1 (0.00s CPU time), remote cache hits 0 (0.00s CPU time), compiled 0 variants (0.00s CPU time), skipped 0 variants.
    Prepared data for serialisation in 0.00s
  Pass Gaussian Depth Of Field Blur Horizontal (fp, metal) finished in 0.00 seconds. Local cache hits 1 (0.00s CPU time), remote cache hits 0 (0.00s CPU time), compiled 0 variants (0.00s CPU time), skipped 0 variants.
    Prepared data for serialisation in 0.00s
  Pass Gaussian Depth Of Field Blur Vertical (vp, metal) finished in 0.00 seconds. Local cache hits 1 (0.00s CPU time), remote cache hits 0 (0.00s CPU time), compiled 0 variants (0.00s CPU time), skipped 0 variants.
    Prepared data for serialisation in 0.00s
  Pass Gaussian Depth Of Field Blur Vertical (fp, metal) finished in 0.00 seconds. Local cache hits 1 (0.00s CPU time), remote cache hits 0 (0.00s CPU time), compiled 0 variants (0.00s CPU time), skipped 0 variants.
    Prepared data for serialisation in 0.00s
  Pass Gaussian Depth Of Field Composite (vp, metal) finished in 0.00 seconds. Local cache hits 1 (0.00s CPU time), remote cache hits 0 (0.00s CPU time), compiled 0 variants (0.00s CPU time), skipped 0 variants.
    Prepared data for serialisation in 0.00s
  Pass Gaussian Depth Of Field Composite (fp, metal) finished in 0.00 seconds. Local cache hits 2 (0.00s CPU time), remote cache hits 0 (0.00s CPU time), compiled 0 variants (0.00s CPU time), skipped 0 variants.
    Prepared data for serialisation in 0.00s
Serialized binary data for shader Hidden/Universal Render Pipeline/GaussianDepthOfField in 0.00s
    metal (total internal programs: 12, unique: 8)
Compiling shader "Hidden/Universal Render Pipeline/Bloom"
  Pass "Bloom Prefilter" (vp)
    Target graphics API: metal
    Full variant space:         1
    After settings filtering:   1
    After built-in stripping:   1
    After scriptable stripping: 1
    Processed in 0.00 seconds
  Pass "Bloom Prefilter" (fp)
    Target graphics API: metal
    Full variant space:         4
    After settings filtering:   2
    After built-in stripping:   2
    After scriptable stripping: 2
    Processed in 0.00 seconds
  Pass "Bloom Blur Horizontal" (vp)
    Target graphics API: metal
    Full variant space:         1
    After settings filtering:   1
    After built-in stripping:   1
    After scriptable stripping: 1
    Processed in 0.00 seconds
  Pass "Bloom Blur Horizontal" (fp)
    Target graphics API: metal
    Full variant space:         1
    After settings filtering:   1
    After built-in stripping:   1
    After scriptable stripping: 1
    Processed in 0.00 seconds
  Pass "Bloom Blur Vertical" (vp)
    Target graphics API: metal
    Full variant space:         1
    After settings filtering:   1
    After built-in stripping:   1
    After scriptable stripping: 1
    Processed in 0.00 seconds
  Pass "Bloom Blur Vertical" (fp)
    Target graphics API: metal
    Full variant space:         1
    After settings filtering:   1
    After built-in stripping:   1
    After scriptable stripping: 1
    Processed in 0.00 seconds
  Pass "Bloom Upsample" (vp)
    Target graphics API: metal
    Full variant space:         1
    After settings filtering:   1
    After built-in stripping:   1
    After scriptable stripping: 1
    Processed in 0.00 seconds
  Pass "Bloom Upsample" (fp)
    Target graphics API: metal
    Full variant space:         2
    After settings filtering:   2
    After built-in stripping:   2
    After scriptable stripping: 2
    Processed in 0.00 seconds
  Pass "Bloom Kawase" (vp)
    Target graphics API: metal
    Full variant space:         1
    After settings filtering:   1
    After built-in stripping:   1
    After scriptable stripping: 1
    Processed in 0.00 seconds
  Pass "Bloom Kawase" (fp)
    Target graphics API: metal
    Full variant space:         1
    After settings filtering:   1
    After built-in stripping:   1
    After scriptable stripping: 1
    Processed in 0.00 seconds
  Pass "Bloom Dual Downsample" (vp)
    Target graphics API: metal
    Full variant space:         1
    After settings filtering:   1
    After built-in stripping:   1
    After scriptable stripping: 1
    Processed in 0.00 seconds
  Pass "Bloom Dual Downsample" (fp)
    Target graphics API: metal
    Full variant space:         1
    After settings filtering:   1
    After built-in stripping:   1
    After scriptable stripping: 1
    Processed in 0.00 seconds
  Pass "Bloom Dual Upsample" (vp)
    Target graphics API: metal
    Full variant space:         1
    After settings filtering:   1
    After built-in stripping:   1
    After scriptable stripping: 1
    Processed in 0.00 seconds
  Pass "Bloom Dual Upsample" (fp)
    Target graphics API: metal
    Full variant space:         1
    After settings filtering:   1
    After built-in stripping:   1
    After scriptable stripping: 1
    Processed in 0.00 seconds
  Pass Bloom Prefilter (vp, metal) finished in 0.01 seconds. Local cache hits 1 (0.00s CPU time), remote cache hits 0 (0.00s CPU time), compiled 0 variants (0.00s CPU time), skipped 0 variants.
    Prepared data for serialisation in 0.00s
  Pass Bloom Prefilter (fp, metal) finished in 0.01 seconds. Local cache hits 2 (0.00s CPU time), remote cache hits 0 (0.00s CPU time), compiled 0 variants (0.00s CPU time), skipped 0 variants.
    Prepared data for serialisation in 0.00s
  Pass Bloom Blur Horizontal (vp, metal) finished in 0.01 seconds. Local cache hits 1 (0.00s CPU time), remote cache hits 0 (0.00s CPU time), compiled 0 variants (0.00s CPU time), skipped 0 variants.
    Prepared data for serialisation in 0.00s
  Pass Bloom Blur Horizontal (fp, metal) finished in 0.01 seconds. Local cache hits 1 (0.00s CPU time), remote cache hits 0 (0.00s CPU time), compiled 0 variants (0.00s CPU time), skipped 0 variants.
    Prepared data for serialisation in 0.00s
  Pass Bloom Blur Vertical (vp, metal) finished in 0.01 seconds. Local cache hits 1 (0.00s CPU time), remote cache hits 0 (0.00s CPU time), compiled 0 variants (0.00s CPU time), skipped 0 variants.
    Prepared data for serialisation in 0.00s
  Pass Bloom Blur Vertical (fp, metal) finished in 0.00 seconds. Local cache hits 1 (0.00s CPU time), remote cache hits 0 (0.00s CPU time), compiled 0 variants (0.00s CPU time), skipped 0 variants.
    Prepared data for serialisation in 0.00s
  Pass Bloom Upsample (vp, metal) finished in 0.00 seconds. Local cache hits 1 (0.00s CPU time), remote cache hits 0 (0.00s CPU time), compiled 0 variants (0.00s CPU time), skipped 0 variants.
    Prepared data for serialisation in 0.00s
  Pass Bloom Upsample (fp, metal) finished in 0.00 seconds. Local cache hits 2 (0.00s CPU time), remote cache hits 0 (0.00s CPU time), compiled 0 variants (0.00s CPU time), skipped 0 variants.
    Prepared data for serialisation in 0.00s
  Pass Bloom Kawase (vp, metal) finished in 0.00 seconds. Local cache hits 1 (0.00s CPU time), remote cache hits 0 (0.00s CPU time), compiled 0 variants (0.00s CPU time), skipped 0 variants.
    Prepared data for serialisation in 0.00s
  Pass Bloom Kawase (fp, metal) finished in 0.00 seconds. Local cache hits 1 (0.00s CPU time), remote cache hits 0 (0.00s CPU time), compiled 0 variants (0.00s CPU time), skipped 0 variants.
    Prepared data for serialisation in 0.00s
  Pass Bloom Dual Downsample (vp, metal) finished in 0.00 seconds. Local cache hits 1 (0.00s CPU time), remote cache hits 0 (0.00s CPU time), compiled 0 variants (0.00s CPU time), skipped 0 variants.
    Prepared data for serialisation in 0.00s
  Pass Bloom Dual Downsample (fp, metal) finished in 0.00 seconds. Local cache hits 1 (0.00s CPU time), remote cache hits 0 (0.00s CPU time), compiled 0 variants (0.00s CPU time), skipped 0 variants.
    Prepared data for serialisation in 0.00s
  Pass Bloom Dual Upsample (vp, metal) finished in 0.00 seconds. Local cache hits 1 (0.00s CPU time), remote cache hits 0 (0.00s CPU time), compiled 0 variants (0.00s CPU time), skipped 0 variants.
    Prepared data for serialisation in 0.00s
  Pass Bloom Dual Upsample (fp, metal) finished in 0.00 seconds. Local cache hits 1 (0.00s CPU time), remote cache hits 0 (0.00s CPU time), compiled 0 variants (0.00s CPU time), skipped 0 variants.
    Prepared data for serialisation in 0.00s
Serialized binary data for shader Hidden/Universal Render Pipeline/Bloom in 0.00s
    metal (total internal programs: 16, unique: 10)
Compiling shader "Hidden/Core/VrsVisualization"
  Pass "VrsVisualization" (vp)
    Target graphics API: metal
    Full variant space:         1
    After settings filtering:   1
    After built-in stripping:   1
    After scriptable stripping: 1
    Processed in 0.00 seconds
  Pass "VrsVisualization" (fp)
    Target graphics API: metal
    Full variant space:         1
    After settings filtering:   1
    After built-in stripping:   1
    After scriptable stripping: 1
    Processed in 0.00 seconds
  Pass VrsVisualization (vp, metal) finished in 0.00 seconds. Local cache hits 1 (0.00s CPU time), remote cache hits 0 (0.00s CPU time), compiled 0 variants (0.00s CPU time), skipped 0 variants.
    Prepared data for serialisation in 0.00s
  Pass VrsVisualization (fp, metal) finished in 0.00 seconds. Local cache hits 1 (0.00s CPU time), remote cache hits 0 (0.00s CPU time), compiled 0 variants (0.00s CPU time), skipped 0 variants.
    Prepared data for serialisation in 0.00s
Serialized binary data for shader Hidden/Core/VrsVisualization in 0.00s
    metal (total internal programs: 2, unique: 2)
Compiling shader "Hidden/Universal Render Pipeline/SubpixelMorphologicalAntialiasing"
  Pass "" (vp)
    Target graphics API: metal
    Full variant space:         3
    After settings filtering:   3
    After built-in stripping:   3
    After scriptable stripping: 3
    Processed in 0.00 seconds
  Pass "" (fp)
    Target graphics API: metal
    Full variant space:         3
    After settings filtering:   3
    After built-in stripping:   3
    After scriptable stripping: 3
    Processed in 0.00 seconds
  Pass "" (vp)
    Target graphics API: metal
    Full variant space:         3
    After settings filtering:   3
    After built-in stripping:   3
    After scriptable stripping: 3
    Processed in 0.00 seconds
  Pass "" (fp)
    Target graphics API: metal
    Full variant space:         3
    After settings filtering:   3
    After built-in stripping:   3
    After scriptable stripping: 3
    Processed in 0.00 seconds
  Pass "" (vp)
    Target graphics API: metal
    Full variant space:         3
    After settings filtering:   3
    After built-in stripping:   3
    After scriptable stripping: 3
    Processed in 0.00 seconds
  Pass "" (fp)
    Target graphics API: metal
    Full variant space:         3
    After settings filtering:   3
    After built-in stripping:   3
    After scriptable stripping: 3
    Processed in 0.00 seconds
  Pass  (vp, metal) finished in 0.00 seconds. Local cache hits 3 (0.00s CPU time), remote cache hits 0 (0.00s CPU time), compiled 0 variants (0.00s CPU time), skipped 0 variants.
    Prepared data for serialisation in 0.00s
  Pass  (fp, metal) finished in 0.00 seconds. Local cache hits 3 (0.00s CPU time), remote cache hits 0 (0.00s CPU time), compiled 0 variants (0.00s CPU time), skipped 0 variants.
    Prepared data for serialisation in 0.00s
  Pass  (vp, metal) finished in 0.00 seconds. Local cache hits 3 (0.00s CPU time), remote cache hits 0 (0.00s CPU time), compiled 0 variants (0.00s CPU time), skipped 0 variants.
    Prepared data for serialisation in 0.00s
  Pass  (fp, metal) finished in 0.00 seconds. Local cache hits 3 (0.00s CPU time), remote cache hits 0 (0.00s CPU time), compiled 0 variants (0.00s CPU time), skipped 0 variants.
    Prepared data for serialisation in 0.00s
  Pass  (vp, metal) finished in 0.00 seconds. Local cache hits 3 (0.00s CPU time), remote cache hits 0 (0.00s CPU time), compiled 0 variants (0.00s CPU time), skipped 0 variants.
    Prepared data for serialisation in 0.00s
  Pass  (fp, metal) finished in 0.00 seconds. Local cache hits 3 (0.00s CPU time), remote cache hits 0 (0.00s CPU time), compiled 0 variants (0.00s CPU time), skipped 0 variants.
    Prepared data for serialisation in 0.00s
Serialized binary data for shader Hidden/Universal Render Pipeline/SubpixelMorphologicalAntialiasing in 0.00s
    metal (total internal programs: 18, unique: 18)
Compiling shader "Hidden/Universal Render Pipeline/LutBuilderLdr"
  Pass "LutBuilderLdr" (vp)
    Target graphics API: metal
    Full variant space:         1
    After settings filtering:   1
    After built-in stripping:   1
    After scriptable stripping: 1
    Processed in 0.00 seconds
  Pass "LutBuilderLdr" (fp)
    Target graphics API: metal
    Full variant space:         1
    After settings filtering:   1
    After built-in stripping:   1
    After scriptable stripping: 1
    Processed in 0.00 seconds
  Pass LutBuilderLdr (vp, metal) finished in 0.00 seconds. Local cache hits 1 (0.00s CPU time), remote cache hits 0 (0.00s CPU time), compiled 0 variants (0.00s CPU time), skipped 0 variants.
    Prepared data for serialisation in 0.00s
  Pass LutBuilderLdr (fp, metal) finished in 0.00 seconds. Local cache hits 1 (0.00s CPU time), remote cache hits 0 (0.00s CPU time), compiled 0 variants (0.00s CPU time), skipped 0 variants.
    Prepared data for serialisation in 0.00s
Serialized binary data for shader Hidden/Universal Render Pipeline/LutBuilderLdr in 0.00s
    metal (total internal programs: 2, unique: 2)
Compiling shader "Hidden/Universal Render Pipeline/LensFlareDataDriven"
  Pass "LensFlareAdditive" (vp)
    Target graphics API: metal
    Full variant space:         4
    After settings filtering:   4
    After built-in stripping:   4
    After scriptable stripping: 4
    Processed in 0.00 seconds
  Pass "LensFlareAdditive" (fp)
    Target graphics API: metal
    Full variant space:         4
    After settings filtering:   4
    After built-in stripping:   4
    After scriptable stripping: 4
    Processed in 0.00 seconds
  Pass "LensFlareScreen" (vp)
    Target graphics API: metal
    Full variant space:         4
    After settings filtering:   4
    After built-in stripping:   4
    After scriptable stripping: 4
    Processed in 0.00 seconds
  Pass "LensFlareScreen" (fp)
    Target graphics API: metal
    Full variant space:         4
    After settings filtering:   4
    After built-in stripping:   4
    After scriptable stripping: 4
    Processed in 0.00 seconds
  Pass "LensFlarePremultiply" (vp)
    Target graphics API: metal
    Full variant space:         4
    After settings filtering:   4
    After built-in stripping:   4
    After scriptable stripping: 4
    Processed in 0.00 seconds
  Pass "LensFlarePremultiply" (fp)
    Target graphics API: metal
    Full variant space:         4
    After settings filtering:   4
    After built-in stripping:   4
    After scriptable stripping: 4
    Processed in 0.00 seconds
  Pass "LensFlareLerp" (vp)
    Target graphics API: metal
    Full variant space:         4
    After settings filtering:   4
    After built-in stripping:   4
    After scriptable stripping: 4
    Processed in 0.00 seconds
  Pass "LensFlareLerp" (fp)
    Target graphics API: metal
    Full variant space:         4
    After settings filtering:   4
    After built-in stripping:   4
    After scriptable stripping: 4
    Processed in 0.00 seconds
  Pass "LensFlareOcclusion" (vp)
    Target graphics API: metal
    Full variant space:         1
    After settings filtering:   1
    After built-in stripping:   1
    After scriptable stripping: 1
    Processed in 0.00 seconds
  Pass "LensFlareOcclusion" (fp)
    Target graphics API: metal
    Full variant space:         1
    After settings filtering:   1
    After built-in stripping:   1
    After scriptable stripping: 1
    Processed in 0.00 seconds
  Pass LensFlareAdditive (vp, metal) finished in 0.01 seconds. Local cache hits 4 (0.00s CPU time), remote cache hits 0 (0.00s CPU time), compiled 0 variants (0.00s CPU time), skipped 0 variants.
    Prepared data for serialisation in 0.00s
  Pass LensFlareAdditive (fp, metal) finished in 0.00 seconds. Local cache hits 4 (0.00s CPU time), remote cache hits 0 (0.00s CPU time), compiled 0 variants (0.00s CPU time), skipped 0 variants.
    Prepared data for serialisation in 0.00s
  Pass LensFlareScreen (vp, metal) finished in 0.00 seconds. Local cache hits 4 (0.00s CPU time), remote cache hits 0 (0.00s CPU time), compiled 0 variants (0.00s CPU time), skipped 0 variants.
    Prepared data for serialisation in 0.00s
  Pass LensFlareScreen (fp, metal) finished in 0.00 seconds. Local cache hits 4 (0.00s CPU time), remote cache hits 0 (0.00s CPU time), compiled 0 variants (0.00s CPU time), skipped 0 variants.
    Prepared data for serialisation in 0.00s
  Pass LensFlarePremultiply (vp, metal) finished in 0.00 seconds. Local cache hits 4 (0.00s CPU time), remote cache hits 0 (0.00s CPU time), compiled 0 variants (0.00s CPU time), skipped 0 variants.
    Prepared data for serialisation in 0.00s
  Pass LensFlarePremultiply (fp, metal) finished in 0.00 seconds. Local cache hits 4 (0.00s CPU time), remote cache hits 0 (0.00s CPU time), compiled 0 variants (0.00s CPU time), skipped 0 variants.
    Prepared data for serialisation in 0.00s
  Pass LensFlareLerp (vp, metal) finished in 0.00 seconds. Local cache hits 4 (0.00s CPU time), remote cache hits 0 (0.00s CPU time), compiled 0 variants (0.00s CPU time), skipped 0 variants.
    Prepared data for serialisation in 0.00s
  Pass LensFlareLerp (fp, metal) finished in 0.00 seconds. Local cache hits 4 (0.00s CPU time), remote cache hits 0 (0.00s CPU time), compiled 0 variants (0.00s CPU time), skipped 0 variants.
    Prepared data for serialisation in 0.00s
  Pass LensFlareOcclusion (vp, metal) finished in 0.00 seconds. Local cache hits 1 (0.00s CPU time), remote cache hits 0 (0.00s CPU time), compiled 0 variants (0.00s CPU time), skipped 0 variants.
    Prepared data for serialisation in 0.00s
  Pass LensFlareOcclusion (fp, metal) finished in 0.00 seconds. Local cache hits 1 (0.00s CPU time), remote cache hits 0 (0.00s CPU time), compiled 0 variants (0.00s CPU time), skipped 0 variants.
    Prepared data for serialisation in 0.00s
Serialized binary data for shader Hidden/Universal Render Pipeline/LensFlareDataDriven in 0.00s
    metal (total internal programs: 34, unique: 14)
Compiling shader "Hidden/Universal Render Pipeline/LensFlareScreenSpace"
  Pass "LensFlareScreenSpac Prefilter" (vp)
    Target graphics API: metal
    Full variant space:         1
    After settings filtering:   1
    After built-in stripping:   1
    After scriptable stripping: 1
    Processed in 0.00 seconds
  Pass "LensFlareScreenSpac Prefilter" (fp)
    Target graphics API: metal
    Full variant space:         1
    After settings filtering:   1
    After built-in stripping:   1
    After scriptable stripping: 1
    Processed in 0.00 seconds
  Pass "LensFlareScreenSpace Downsample" (vp)
    Target graphics API: metal
    Full variant space:         1
    After settings filtering:   1
    After built-in stripping:   1
    After scriptable stripping: 1
    Processed in 0.00 seconds
  Pass "LensFlareScreenSpace Downsample" (fp)
    Target graphics API: metal
    Full variant space:         1
    After settings filtering:   1
    After built-in stripping:   1
    After scriptable stripping: 1
    Processed in 0.00 seconds
  Pass "LensFlareScreenSpace Upsample" (vp)
    Target graphics API: metal
    Full variant space:         1
    After settings filtering:   1
    After built-in stripping:   1
    After scriptable stripping: 1
    Processed in 0.00 seconds
  Pass "LensFlareScreenSpace Upsample" (fp)
    Target graphics API: metal
    Full variant space:         1
    After settings filtering:   1
    After built-in stripping:   1
    After scriptable stripping: 1
    Processed in 0.00 seconds
  Pass "LensFlareScreenSpace Composition" (vp)
    Target graphics API: metal
    Full variant space:         1
    After settings filtering:   1
    After built-in stripping:   1
    After scriptable stripping: 1
    Processed in 0.00 seconds
  Pass "LensFlareScreenSpace Composition" (fp)
    Target graphics API: metal
    Full variant space:         1
    After settings filtering:   1
    After built-in stripping:   1
    After scriptable stripping: 1
    Processed in 0.00 seconds
  Pass "LensFlareScreenSpace Write to BloomTexture" (vp)
    Target graphics API: metal
    Full variant space:         1
    After settings filtering:   1
    After built-in stripping:   1
    After scriptable stripping: 1
    Processed in 0.00 seconds
  Pass "LensFlareScreenSpace Write to BloomTexture" (fp)
    Target graphics API: metal
    Full variant space:         1
    After settings filtering:   1
    After built-in stripping:   1
    After scriptable stripping: 1
    Processed in 0.00 seconds
  Pass LensFlareScreenSpac Prefilter (vp, metal) finished in 0.01 seconds. Local cache hits 1 (0.00s CPU time), remote cache hits 0 (0.00s CPU time), compiled 0 variants (0.00s CPU time), skipped 0 variants.
    Prepared data for serialisation in 0.00s
  Pass LensFlareScreenSpac Prefilter (fp, metal) finished in 0.00 seconds. Local cache hits 1 (0.00s CPU time), remote cache hits 0 (0.00s CPU time), compiled 0 variants (0.00s CPU time), skipped 0 variants.
    Prepared data for serialisation in 0.00s
  Pass LensFlareScreenSpace Downsample (vp, metal) finished in 0.00 seconds. Local cache hits 1 (0.00s CPU time), remote cache hits 0 (0.00s CPU time), compiled 0 variants (0.00s CPU time), skipped 0 variants.
    Prepared data for serialisation in 0.00s
  Pass LensFlareScreenSpace Downsample (fp, metal) finished in 0.00 seconds. Local cache hits 1 (0.00s CPU time), remote cache hits 0 (0.00s CPU time), compiled 0 variants (0.00s CPU time), skipped 0 variants.
    Prepared data for serialisation in 0.00s
  Pass LensFlareScreenSpace Upsample (vp, metal) finished in 0.00 seconds. Local cache hits 1 (0.00s CPU time), remote cache hits 0 (0.00s CPU time), compiled 0 variants (0.00s CPU time), skipped 0 variants.
    Prepared data for serialisation in 0.00s
  Pass LensFlareScreenSpace Upsample (fp, metal) finished in 0.00 seconds. Local cache hits 1 (0.00s CPU time), remote cache hits 0 (0.00s CPU time), compiled 0 variants (0.00s CPU time), skipped 0 variants.
    Prepared data for serialisation in 0.00s
  Pass LensFlareScreenSpace Composition (vp, metal) finished in 0.00 seconds. Local cache hits 1 (0.00s CPU time), remote cache hits 0 (0.00s CPU time), compiled 0 variants (0.00s CPU time), skipped 0 variants.
    Prepared data for serialisation in 0.00s
  Pass LensFlareScreenSpace Composition (fp, metal) finished in 0.00 seconds. Local cache hits 1 (0.00s CPU time), remote cache hits 0 (0.00s CPU time), compiled 0 variants (0.00s CPU time), skipped 0 variants.
    Prepared data for serialisation in 0.00s
  Pass LensFlareScreenSpace Write to BloomTexture (vp, metal) finished in 0.00 seconds. Local cache hits 1 (0.00s CPU time), remote cache hits 0 (0.00s CPU time), compiled 0 variants (0.00s CPU time), skipped 0 variants.
    Prepared data for serialisation in 0.00s
  Pass LensFlareScreenSpace Write to BloomTexture (fp, metal) finished in 0.00 seconds. Local cache hits 1 (0.00s CPU time), remote cache hits 0 (0.00s CPU time), compiled 0 variants (0.00s CPU time), skipped 0 variants.
    Prepared data for serialisation in 0.00s
Serialized binary data for shader Hidden/Universal Render Pipeline/LensFlareScreenSpace in 0.00s
    metal (total internal programs: 10, unique: 6)
Compiling shader "Hidden/Shadow2DUnshadowGeometry"
  Pass "Geometry Unshadow (0) - Stencil: Ref 1, Comp Always, Pass Replace" (vp)
    Target graphics API: metal
    Full variant space:         1
    After settings filtering:   1
    After built-in stripping:   1
    After scriptable stripping: 1
    Processed in 0.00 seconds
  Pass "Geometry Unshadow (0) - Stencil: Ref 1, Comp Always, Pass Replace" (fp)
    Target graphics API: metal
    Full variant space:         1
    After settings filtering:   1
    After built-in stripping:   1
    After scriptable stripping: 1
    Processed in 0.00 seconds
  Pass "Geometry Unshadow (B) - Stencil: Ref 0, Comp Always, Pass Replace" (vp)
    Target graphics API: metal
    Full variant space:         1
    After settings filtering:   1
    After built-in stripping:   1
    After scriptable stripping: 1
    Processed in 0.00 seconds
  Pass "Geometry Unshadow (B) - Stencil: Ref 0, Comp Always, Pass Replace" (fp)
    Target graphics API: metal
    Full variant space:         1
    After settings filtering:   1
    After built-in stripping:   1
    After scriptable stripping: 1
    Processed in 0.00 seconds
  Pass Geometry Unshadow (0) - Stencil: Ref 1, Comp Always, Pass Replace (vp, metal) finished in 0.00 seconds. Local cache hits 1 (0.00s CPU time), remote cache hits 0 (0.00s CPU time), compiled 0 variants (0.00s CPU time), skipped 0 variants.
    Prepared data for serialisation in 0.00s
  Pass Geometry Unshadow (0) - Stencil: Ref 1, Comp Always, Pass Replace (fp, metal) finished in 0.00 seconds. Local cache hits 1 (0.00s CPU time), remote cache hits 0 (0.00s CPU time), compiled 0 variants (0.00s CPU time), skipped 0 variants.
    Prepared data for serialisation in 0.00s
  Pass Geometry Unshadow (B) - Stencil: Ref 0, Comp Always, Pass Replace (vp, metal) finished in 0.00 seconds. Local cache hits 1 (0.00s CPU time), remote cache hits 0 (0.00s CPU time), compiled 0 variants (0.00s CPU time), skipped 0 variants.
    Prepared data for serialisation in 0.00s
  Pass Geometry Unshadow (B) - Stencil: Ref 0, Comp Always, Pass Replace (fp, metal) finished in 0.00 seconds. Local cache hits 1 (0.00s CPU time), remote cache hits 0 (0.00s CPU time), compiled 0 variants (0.00s CPU time), skipped 0 variants.
    Prepared data for serialisation in 0.00s
Serialized binary data for shader Hidden/Shadow2DUnshadowGeometry in 0.00s
    metal (total internal programs: 4, unique: 3)
Compiling shader "Hidden/Universal/CoreBlit"
  Pass "Nearest" (vp)
    Target graphics API: metal
    Full variant space:         1
    After settings filtering:   1
    After built-in stripping:   1
    After scriptable stripping: 1
    Processed in 0.00 seconds
  Pass "Nearest" (fp)
    Target graphics API: metal
    Full variant space:         1
    After settings filtering:   1
    After built-in stripping:   1
    After scriptable stripping: 1
    Processed in 0.00 seconds
  Pass "Bilinear" (vp)
    Target graphics API: metal
    Full variant space:         1
    After settings filtering:   1
    After built-in stripping:   1
    After scriptable stripping: 1
    Processed in 0.00 seconds
  Pass "Bilinear" (fp)
    Target graphics API: metal
    Full variant space:         1
    After settings filtering:   1
    After built-in stripping:   1
    After scriptable stripping: 1
    Processed in 0.00 seconds
  Pass "NearestQuad" (vp)
    Target graphics API: metal
    Full variant space:         1
    After settings filtering:   1
    After built-in stripping:   1
    After scriptable stripping: 1
    Processed in 0.00 seconds
  Pass "NearestQuad" (fp)
    Target graphics API: metal
    Full variant space:         1
    After settings filtering:   1
    After built-in stripping:   1
    After scriptable stripping: 1
    Processed in 0.00 seconds
  Pass "BilinearQuad" (vp)
    Target graphics API: metal
    Full variant space:         1
    After settings filtering:   1
    After built-in stripping:   1
    After scriptable stripping: 1
    Processed in 0.00 seconds
  Pass "BilinearQuad" (fp)
    Target graphics API: metal
    Full variant space:         1
    After settings filtering:   1
    After built-in stripping:   1
    After scriptable stripping: 1
    Processed in 0.00 seconds
  Pass "NearestQuadPadding" (vp)
    Target graphics API: metal
    Full variant space:         1
    After settings filtering:   1
    After built-in stripping:   1
    After scriptable stripping: 1
    Processed in 0.00 seconds
  Pass "NearestQuadPadding" (fp)
    Target graphics API: metal
    Full variant space:         1
    After settings filtering:   1
    After built-in stripping:   1
    After scriptable stripping: 1
    Processed in 0.00 seconds
  Pass "BilinearQuadPadding" (vp)
    Target graphics API: metal
    Full variant space:         1
    After settings filtering:   1
    After built-in stripping:   1
    After scriptable stripping: 1
    Processed in 0.00 seconds
  Pass "BilinearQuadPadding" (fp)
    Target graphics API: metal
    Full variant space:         1
    After settings filtering:   1
    After built-in stripping:   1
    After scriptable stripping: 1
    Processed in 0.00 seconds
  Pass "NearestQuadPaddingRepeat" (vp)
    Target graphics API: metal
    Full variant space:         1
    After settings filtering:   1
    After built-in stripping:   1
    After scriptable stripping: 1
    Processed in 0.00 seconds
  Pass "NearestQuadPaddingRepeat" (fp)
    Target graphics API: metal
    Full variant space:         1
    After settings filtering:   1
    After built-in stripping:   1
    After scriptable stripping: 1
    Processed in 0.00 seconds
  Pass "BilinearQuadPaddingRepeat" (vp)
    Target graphics API: metal
    Full variant space:         1
    After settings filtering:   1
    After built-in stripping:   1
    After scriptable stripping: 1
    Processed in 0.00 seconds
  Pass "BilinearQuadPaddingRepeat" (fp)
    Target graphics API: metal
    Full variant space:         1
    After settings filtering:   1
    After built-in stripping:   1
    After scriptable stripping: 1
    Processed in 0.00 seconds
  Pass "BilinearQuadPaddingOctahedral" (vp)
    Target graphics API: metal
    Full variant space:         1
    After settings filtering:   1
    After built-in stripping:   1
    After scriptable stripping: 1
    Processed in 0.00 seconds
  Pass "BilinearQuadPaddingOctahedral" (fp)
    Target graphics API: metal
    Full variant space:         1
    After settings filtering:   1
    After built-in stripping:   1
    After scriptable stripping: 1
    Processed in 0.00 seconds
  Pass "NearestQuadPaddingAlphaBlend" (vp)
    Target graphics API: metal
    Full variant space:         1
    After settings filtering:   1
    After built-in stripping:   1
    After scriptable stripping: 1
    Processed in 0.00 seconds
  Pass "NearestQuadPaddingAlphaBlend" (fp)
    Target graphics API: metal
    Full variant space:         1
    After settings filtering:   1
    After built-in stripping:   1
    After scriptable stripping: 1
    Processed in 0.00 seconds
  Pass "BilinearQuadPaddingAlphaBlend" (vp)
    Target graphics API: metal
    Full variant space:         1
    After settings filtering:   1
    After built-in stripping:   1
    After scriptable stripping: 1
    Processed in 0.00 seconds
  Pass "BilinearQuadPaddingAlphaBlend" (fp)
    Target graphics API: metal
    Full variant space:         1
    After settings filtering:   1
    After built-in stripping:   1
    After scriptable stripping: 1
    Processed in 0.00 seconds
  Pass "NearestQuadPaddingAlphaBlendRepeat" (vp)
    Target graphics API: metal
    Full variant space:         1
    After settings filtering:   1
    After built-in stripping:   1
    After scriptable stripping: 1
    Processed in 0.00 seconds
  Pass "NearestQuadPaddingAlphaBlendRepeat" (fp)
    Target graphics API: metal
    Full variant space:         1
    After settings filtering:   1
    After built-in stripping:   1
    After scriptable stripping: 1
    Processed in 0.00 seconds
  Pass "BilinearQuadPaddingAlphaBlendRepeat" (vp)
    Target graphics API: metal
    Full variant space:         1
    After settings filtering:   1
    After built-in stripping:   1
    After scriptable stripping: 1
    Processed in 0.00 seconds
  Pass "BilinearQuadPaddingAlphaBlendRepeat" (fp)
    Target graphics API: metal
    Full variant space:         1
    After settings filtering:   1
    After built-in stripping:   1
    After scriptable stripping: 1
    Processed in 0.00 seconds
  Pass "BilinearQuadPaddingAlphaBlendOctahedral" (vp)
    Target graphics API: metal
    Full variant space:         1
    After settings filtering:   1
    After built-in stripping:   1
    After scriptable stripping: 1
    Processed in 0.00 seconds
  Pass "BilinearQuadPaddingAlphaBlendOctahedral" (fp)
    Target graphics API: metal
    Full variant space:         1
    After settings filtering:   1
    After built-in stripping:   1
    After scriptable stripping: 1
    Processed in 0.00 seconds
  Pass "CubeToOctahedral" (vp)
    Target graphics API: metal
    Full variant space:         1
    After settings filtering:   1
    After built-in stripping:   1
    After scriptable stripping: 1
    Processed in 0.00 seconds
  Pass "CubeToOctahedral" (fp)
    Target graphics API: metal
    Full variant space:         1
    After settings filtering:   1
    After built-in stripping:   1
    After scriptable stripping: 1
    Processed in 0.00 seconds
  Pass "CubeToOctahedralLuminance" (vp)
    Target graphics API: metal
    Full variant space:         1
    After settings filtering:   1
    After built-in stripping:   1
    After scriptable stripping: 1
    Processed in 0.00 seconds
  Pass "CubeToOctahedralLuminance" (fp)
    Target graphics API: metal
    Full variant space:         1
    After settings filtering:   1
    After built-in stripping:   1
    After scriptable stripping: 1
    Processed in 0.00 seconds
  Pass "CubeToOctahedralAlpha" (vp)
    Target graphics API: metal
    Full variant space:         1
    After settings filtering:   1
    After built-in stripping:   1
    After scriptable stripping: 1
    Processed in 0.00 seconds
  Pass "CubeToOctahedralAlpha" (fp)
    Target graphics API: metal
    Full variant space:         1
    After settings filtering:   1
    After built-in stripping:   1
    After scriptable stripping: 1
    Processed in 0.00 seconds
  Pass "CubeToOctahedralRed" (vp)
    Target graphics API: metal
    Full variant space:         1
    After settings filtering:   1
    After built-in stripping:   1
    After scriptable stripping: 1
    Processed in 0.00 seconds
  Pass "CubeToOctahedralRed" (fp)
    Target graphics API: metal
    Full variant space:         1
    After settings filtering:   1
    After built-in stripping:   1
    After scriptable stripping: 1
    Processed in 0.00 seconds
  Pass "BilinearQuadLuminance" (vp)
    Target graphics API: metal
    Full variant space:         1
    After settings filtering:   1
    After built-in stripping:   1
    After scriptable stripping: 1
    Processed in 0.00 seconds
  Pass "BilinearQuadLuminance" (fp)
    Target graphics API: metal
    Full variant space:         1
    After settings filtering:   1
    After built-in stripping:   1
    After scriptable stripping: 1
    Processed in 0.00 seconds
  Pass "BilinearQuadAlpha" (vp)
    Target graphics API: metal
    Full variant space:         1
    After settings filtering:   1
    After built-in stripping:   1
    After scriptable stripping: 1
    Processed in 0.00 seconds
  Pass "BilinearQuadAlpha" (fp)
    Target graphics API: metal
    Full variant space:         1
    After settings filtering:   1
    After built-in stripping:   1
    After scriptable stripping: 1
    Processed in 0.00 seconds
  Pass "BilinearQuadRed" (vp)
    Target graphics API: metal
    Full variant space:         1
    After settings filtering:   1
    After built-in stripping:   1
    After scriptable stripping: 1
    Processed in 0.00 seconds
  Pass "BilinearQuadRed" (fp)
    Target graphics API: metal
    Full variant space:         1
    After settings filtering:   1
    After built-in stripping:   1
    After scriptable stripping: 1
    Processed in 0.00 seconds
  Pass "NearestCubeToOctahedralPadding" (vp)
    Target graphics API: metal
    Full variant space:         2
    After settings filtering:   2
    After built-in stripping:   2
    After scriptable stripping: 2
    Processed in 0.00 seconds
  Pass "NearestCubeToOctahedralPadding" (fp)
    Target graphics API: metal
    Full variant space:         2
    After settings filtering:   2
    After built-in stripping:   2
    After scriptable stripping: 2
    Processed in 0.00 seconds
  Pass "BilinearCubeToOctahedralPadding" (vp)
    Target graphics API: metal
    Full variant space:         2
    After settings filtering:   2
    After built-in stripping:   2
    After scriptable stripping: 2
    Processed in 0.00 seconds
  Pass "BilinearCubeToOctahedralPadding" (fp)
    Target graphics API: metal
    Full variant space:         2
    After settings filtering:   2
    After built-in stripping:   2
    After scriptable stripping: 2
    Processed in 0.00 seconds
  Pass "BilinearDebugDraw" (vp)
    Target graphics API: metal
    Full variant space:         1
    After settings filtering:   1
    After built-in stripping:   1
    After scriptable stripping: 1
    Processed in 0.00 seconds
  Pass "BilinearDebugDraw" (fp)
    Target graphics API: metal
    Full variant space:         4
    After settings filtering:   2
    After built-in stripping:   2
    After scriptable stripping: 2
    Processed in 0.00 seconds
  Pass "NearestDebugDraw" (vp)
    Target graphics API: metal
    Full variant space:         1
    After settings filtering:   1
    After built-in stripping:   1
    After scriptable stripping: 1
    Processed in 0.00 seconds
  Pass "NearestDebugDraw" (fp)
    Target graphics API: metal
    Full variant space:         4
    After settings filtering:   2
    After built-in stripping:   2
    After scriptable stripping: 2
    Processed in 0.00 seconds
  Pass Nearest (vp, metal) finished in 0.03 seconds. Local cache hits 1 (0.00s CPU time), remote cache hits 0 (0.00s CPU time), compiled 0 variants (0.00s CPU time), skipped 0 variants.
    Prepared data for serialisation in 0.00s
  Pass Nearest (fp, metal) finished in 0.03 seconds. Local cache hits 1 (0.00s CPU time), remote cache hits 0 (0.00s CPU time), compiled 0 variants (0.00s CPU time), skipped 0 variants.
    Prepared data for serialisation in 0.00s
  Pass Bilinear (vp, metal) finished in 0.03 seconds. Local cache hits 1 (0.00s CPU time), remote cache hits 0 (0.00s CPU time), compiled 0 variants (0.00s CPU time), skipped 0 variants.
    Prepared data for serialisation in 0.00s
  Pass Bilinear (fp, metal) finished in 0.03 seconds. Local cache hits 1 (0.00s CPU time), remote cache hits 0 (0.00s CPU time), compiled 0 variants (0.00s CPU time), skipped 0 variants.
    Prepared data for serialisation in 0.00s
  Pass NearestQuad (vp, metal) finished in 0.03 seconds. Local cache hits 1 (0.00s CPU time), remote cache hits 0 (0.00s CPU time), compiled 0 variants (0.00s CPU time), skipped 0 variants.
    Prepared data for serialisation in 0.00s
  Pass NearestQuad (fp, metal) finished in 0.03 seconds. Local cache hits 1 (0.00s CPU time), remote cache hits 0 (0.00s CPU time), compiled 0 variants (0.00s CPU time), skipped 0 variants.
    Prepared data for serialisation in 0.00s
  Pass BilinearQuad (vp, metal) finished in 0.03 seconds. Local cache hits 1 (0.00s CPU time), remote cache hits 0 (0.00s CPU time), compiled 0 variants (0.00s CPU time), skipped 0 variants.
    Prepared data for serialisation in 0.00s
  Pass BilinearQuad (fp, metal) finished in 0.02 seconds. Local cache hits 1 (0.00s CPU time), remote cache hits 0 (0.00s CPU time), compiled 0 variants (0.00s CPU time), skipped 0 variants.
    Prepared data for serialisation in 0.00s
  Pass NearestQuadPadding (vp, metal) finished in 0.02 seconds. Local cache hits 1 (0.00s CPU time), remote cache hits 0 (0.00s CPU time), compiled 0 variants (0.00s CPU time), skipped 0 variants.
    Prepared data for serialisation in 0.00s
  Pass NearestQuadPadding (fp, metal) finished in 0.02 seconds. Local cache hits 1 (0.00s CPU time), remote cache hits 0 (0.00s CPU time), compiled 0 variants (0.00s CPU time), skipped 0 variants.
    Prepared data for serialisation in 0.00s
  Pass BilinearQuadPadding (vp, metal) finished in 0.02 seconds. Local cache hits 1 (0.00s CPU time), remote cache hits 0 (0.00s CPU time), compiled 0 variants (0.00s CPU time), skipped 0 variants.
    Prepared data for serialisation in 0.00s
  Pass BilinearQuadPadding (fp, metal) finished in 0.02 seconds. Local cache hits 1 (0.00s CPU time), remote cache hits 0 (0.00s CPU time), compiled 0 variants (0.00s CPU time), skipped 0 variants.
    Prepared data for serialisation in 0.00s
  Pass NearestQuadPaddingRepeat (vp, metal) finished in 0.02 seconds. Local cache hits 1 (0.00s CPU time), remote cache hits 0 (0.00s CPU time), compiled 0 variants (0.00s CPU time), skipped 0 variants.
    Prepared data for serialisation in 0.00s
  Pass NearestQuadPaddingRepeat (fp, metal) finished in 0.02 seconds. Local cache hits 1 (0.00s CPU time), remote cache hits 0 (0.00s CPU time), compiled 0 variants (0.00s CPU time), skipped 0 variants.
    Prepared data for serialisation in 0.00s
  Pass BilinearQuadPaddingRepeat (vp, metal) finished in 0.02 seconds. Local cache hits 1 (0.00s CPU time), remote cache hits 0 (0.00s CPU time), compiled 0 variants (0.00s CPU time), skipped 0 variants.
    Prepared data for serialisation in 0.00s
  Pass BilinearQuadPaddingRepeat (fp, metal) finished in 0.02 seconds. Local cache hits 1 (0.00s CPU time), remote cache hits 0 (0.00s CPU time), compiled 0 variants (0.00s CPU time), skipped 0 variants.
    Prepared data for serialisation in 0.00s
  Pass BilinearQuadPaddingOctahedral (vp, metal) finished in 0.02 seconds. Local cache hits 1 (0.00s CPU time), remote cache hits 0 (0.00s CPU time), compiled 0 variants (0.00s CPU time), skipped 0 variants.
    Prepared data for serialisation in 0.00s
  Pass BilinearQuadPaddingOctahedral (fp, metal) finished in 0.02 seconds. Local cache hits 1 (0.00s CPU time), remote cache hits 0 (0.00s CPU time), compiled 0 variants (0.00s CPU time), skipped 0 variants.
    Prepared data for serialisation in 0.00s
  Pass NearestQuadPaddingAlphaBlend (vp, metal) finished in 0.02 seconds. Local cache hits 1 (0.00s CPU time), remote cache hits 0 (0.00s CPU time), compiled 0 variants (0.00s CPU time), skipped 0 variants.
    Prepared data for serialisation in 0.00s
  Pass NearestQuadPaddingAlphaBlend (fp, metal) finished in 0.02 seconds. Local cache hits 1 (0.00s CPU time), remote cache hits 0 (0.00s CPU time), compiled 0 variants (0.00s CPU time), skipped 0 variants.
    Prepared data for serialisation in 0.00s
  Pass BilinearQuadPaddingAlphaBlend (vp, metal) finished in 0.02 seconds. Local cache hits 1 (0.00s CPU time), remote cache hits 0 (0.00s CPU time), compiled 0 variants (0.00s CPU time), skipped 0 variants.
    Prepared data for serialisation in 0.00s
  Pass BilinearQuadPaddingAlphaBlend (fp, metal) finished in 0.02 seconds. Local cache hits 1 (0.00s CPU time), remote cache hits 0 (0.00s CPU time), compiled 0 variants (0.00s CPU time), skipped 0 variants.
    Prepared data for serialisation in 0.00s
  Pass NearestQuadPaddingAlphaBlendRepeat (vp, metal) finished in 0.02 seconds. Local cache hits 1 (0.00s CPU time), remote cache hits 0 (0.00s CPU time), compiled 0 variants (0.00s CPU time), skipped 0 variants.
    Prepared data for serialisation in 0.00s
  Pass NearestQuadPaddingAlphaBlendRepeat (fp, metal) finished in 0.02 seconds. Local cache hits 1 (0.00s CPU time), remote cache hits 0 (0.00s CPU time), compiled 0 variants (0.00s CPU time), skipped 0 variants.
    Prepared data for serialisation in 0.00s
  Pass BilinearQuadPaddingAlphaBlendRepeat (vp, metal) finished in 0.01 seconds. Local cache hits 1 (0.00s CPU time), remote cache hits 0 (0.00s CPU time), compiled 0 variants (0.00s CPU time), skipped 0 variants.
    Prepared data for serialisation in 0.00s
  Pass BilinearQuadPaddingAlphaBlendRepeat (fp, metal) finished in 0.01 seconds. Local cache hits 1 (0.00s CPU time), remote cache hits 0 (0.00s CPU time), compiled 0 variants (0.00s CPU time), skipped 0 variants.
    Prepared data for serialisation in 0.00s
  Pass BilinearQuadPaddingAlphaBlendOctahedral (vp, metal) finished in 0.01 seconds. Local cache hits 1 (0.00s CPU time), remote cache hits 0 (0.00s CPU time), compiled 0 variants (0.00s CPU time), skipped 0 variants.
    Prepared data for serialisation in 0.00s
  Pass BilinearQuadPaddingAlphaBlendOctahedral (fp, metal) finished in 0.01 seconds. Local cache hits 1 (0.00s CPU time), remote cache hits 0 (0.00s CPU time), compiled 0 variants (0.00s CPU time), skipped 0 variants.
    Prepared data for serialisation in 0.00s
  Pass CubeToOctahedral (vp, metal) finished in 0.01 seconds. Local cache hits 1 (0.00s CPU time), remote cache hits 0 (0.00s CPU time), compiled 0 variants (0.00s CPU time), skipped 0 variants.
    Prepared data for serialisation in 0.00s
  Pass CubeToOctahedral (fp, metal) finished in 0.01 seconds. Local cache hits 1 (0.00s CPU time), remote cache hits 0 (0.00s CPU time), compiled 0 variants (0.00s CPU time), skipped 0 variants.
    Prepared data for serialisation in 0.00s
  Pass CubeToOctahedralLuminance (vp, metal) finished in 0.01 seconds. Local cache hits 1 (0.00s CPU time), remote cache hits 0 (0.00s CPU time), compiled 0 variants (0.00s CPU time), skipped 0 variants.
    Prepared data for serialisation in 0.00s
  Pass CubeToOctahedralLuminance (fp, metal) finished in 0.01 seconds. Local cache hits 1 (0.00s CPU time), remote cache hits 0 (0.00s CPU time), compiled 0 variants (0.00s CPU time), skipped 0 variants.
    Prepared data for serialisation in 0.00s
  Pass CubeToOctahedralAlpha (vp, metal) finished in 0.01 seconds. Local cache hits 1 (0.00s CPU time), remote cache hits 0 (0.00s CPU time), compiled 0 variants (0.00s CPU time), skipped 0 variants.
    Prepared data for serialisation in 0.00s
  Pass CubeToOctahedralAlpha (fp, metal) finished in 0.01 seconds. Local cache hits 1 (0.00s CPU time), remote cache hits 0 (0.00s CPU time), compiled 0 variants (0.00s CPU time), skipped 0 variants.
    Prepared data for serialisation in 0.00s
  Pass CubeToOctahedralRed (vp, metal) finished in 0.01 seconds. Local cache hits 1 (0.00s CPU time), remote cache hits 0 (0.00s CPU time), compiled 0 variants (0.00s CPU time), skipped 0 variants.
    Prepared data for serialisation in 0.00s
  Pass CubeToOctahedralRed (fp, metal) finished in 0.01 seconds. Local cache hits 1 (0.00s CPU time), remote cache hits 0 (0.00s CPU time), compiled 0 variants (0.00s CPU time), skipped 0 variants.
    Prepared data for serialisation in 0.00s
  Pass BilinearQuadLuminance (vp, metal) finished in 0.01 seconds. Local cache hits 1 (0.00s CPU time), remote cache hits 0 (0.00s CPU time), compiled 0 variants (0.00s CPU time), skipped 0 variants.
    Prepared data for serialisation in 0.00s
  Pass BilinearQuadLuminance (fp, metal) finished in 0.01 seconds. Local cache hits 1 (0.00s CPU time), remote cache hits 0 (0.00s CPU time), compiled 0 variants (0.00s CPU time), skipped 0 variants.
    Prepared data for serialisation in 0.00s
  Pass BilinearQuadAlpha (vp, metal) finished in 0.01 seconds. Local cache hits 1 (0.00s CPU time), remote cache hits 0 (0.00s CPU time), compiled 0 variants (0.00s CPU time), skipped 0 variants.
    Prepared data for serialisation in 0.00s
  Pass BilinearQuadAlpha (fp, metal) finished in 0.01 seconds. Local cache hits 1 (0.00s CPU time), remote cache hits 0 (0.00s CPU time), compiled 0 variants (0.00s CPU time), skipped 0 variants.
    Prepared data for serialisation in 0.00s
  Pass BilinearQuadRed (vp, metal) finished in 0.01 seconds. Local cache hits 1 (0.00s CPU time), remote cache hits 0 (0.00s CPU time), compiled 0 variants (0.00s CPU time), skipped 0 variants.
    Prepared data for serialisation in 0.00s
  Pass BilinearQuadRed (fp, metal) finished in 0.00 seconds. Local cache hits 1 (0.00s CPU time), remote cache hits 0 (0.00s CPU time), compiled 0 variants (0.00s CPU time), skipped 0 variants.
    Prepared data for serialisation in 0.00s
  Pass NearestCubeToOctahedralPadding (vp, metal) finished in 0.00 seconds. Local cache hits 2 (0.00s CPU time), remote cache hits 0 (0.00s CPU time), compiled 0 variants (0.00s CPU time), skipped 0 variants.
    Prepared data for serialisation in 0.00s
  Pass NearestCubeToOctahedralPadding (fp, metal) finished in 0.00 seconds. Local cache hits 2 (0.00s CPU time), remote cache hits 0 (0.00s CPU time), compiled 0 variants (0.00s CPU time), skipped 0 variants.
    Prepared data for serialisation in 0.00s
  Pass BilinearCubeToOctahedralPadding (vp, metal) finished in 0.00 seconds. Local cache hits 2 (0.00s CPU time), remote cache hits 0 (0.00s CPU time), compiled 0 variants (0.00s CPU time), skipped 0 variants.
    Prepared data for serialisation in 0.00s
  Pass BilinearCubeToOctahedralPadding (fp, metal) finished in 0.00 seconds. Local cache hits 2 (0.00s CPU time), remote cache hits 0 (0.00s CPU time), compiled 0 variants (0.00s CPU time), skipped 0 variants.
    Prepared data for serialisation in 0.00s
  Pass BilinearDebugDraw (vp, metal) finished in 0.00 seconds. Local cache hits 1 (0.00s CPU time), remote cache hits 0 (0.00s CPU time), compiled 0 variants (0.00s CPU time), skipped 0 variants.
    Prepared data for serialisation in 0.00s
  Pass BilinearDebugDraw (fp, metal) finished in 0.00 seconds. Local cache hits 2 (0.00s CPU time), remote cache hits 0 (0.00s CPU time), compiled 0 variants (0.00s CPU time), skipped 0 variants.
    Prepared data for serialisation in 0.00s
  Pass NearestDebugDraw (vp, metal) finished in 0.00 seconds. Local cache hits 1 (0.00s CPU time), remote cache hits 0 (0.00s CPU time), compiled 0 variants (0.00s CPU time), skipped 0 variants.
    Prepared data for serialisation in 0.00s
  Pass NearestDebugDraw (fp, metal) finished in 0.00 seconds. Local cache hits 2 (0.00s CPU time), remote cache hits 0 (0.00s CPU time), compiled 0 variants (0.00s CPU time), skipped 0 variants.
    Prepared data for serialisation in 0.00s
Serialized binary data for shader Hidden/Universal/CoreBlit in 0.00s
    metal (total internal programs: 56, unique: 24)
Compiling shader "Hidden/Universal Render Pipeline/TemporalAA"
  Pass "TemporalAA - Accumulate - Quality Very Low" (vp)
    Target graphics API: metal
    Full variant space:         1
    After settings filtering:   1
    After built-in stripping:   1
    After scriptable stripping: 1
    Processed in 0.00 seconds
  Pass "TemporalAA - Accumulate - Quality Very Low" (fp)
    Target graphics API: metal
    Full variant space:         2
    After settings filtering:   1
    After built-in stripping:   1
    After scriptable stripping: 1
    Processed in 0.00 seconds
  Pass "TemporalAA - Accumulate - Quality Low" (vp)
    Target graphics API: metal
    Full variant space:         1
    After settings filtering:   1
    After built-in stripping:   1
    After scriptable stripping: 1
    Processed in 0.00 seconds
  Pass "TemporalAA - Accumulate - Quality Low" (fp)
    Target graphics API: metal
    Full variant space:         2
    After settings filtering:   1
    After built-in stripping:   1
    After scriptable stripping: 1
    Processed in 0.00 seconds
  Pass "TemporalAA - Accumulate - Quality Medium" (vp)
    Target graphics API: metal
    Full variant space:         1
    After settings filtering:   1
    After built-in stripping:   1
    After scriptable stripping: 1
    Processed in 0.00 seconds
  Pass "TemporalAA - Accumulate - Quality Medium" (fp)
    Target graphics API: metal
    Full variant space:         2
    After settings filtering:   1
    After built-in stripping:   1
    After scriptable stripping: 1
    Processed in 0.00 seconds
  Pass "TemporalAA - Accumulate - Quality High" (vp)
    Target graphics API: metal
    Full variant space:         1
    After settings filtering:   1
    After built-in stripping:   1
    After scriptable stripping: 1
    Processed in 0.00 seconds
  Pass "TemporalAA - Accumulate - Quality High" (fp)
    Target graphics API: metal
    Full variant space:         2
    After settings filtering:   1
    After built-in stripping:   1
    After scriptable stripping: 1
    Processed in 0.00 seconds
  Pass "TemporalAA - Accumulate - Quality Very High" (vp)
    Target graphics API: metal
    Full variant space:         1
    After settings filtering:   1
    After built-in stripping:   1
    After scriptable stripping: 1
    Processed in 0.00 seconds
  Pass "TemporalAA - Accumulate - Quality Very High" (fp)
    Target graphics API: metal
    Full variant space:         4
    After settings filtering:   2
    After built-in stripping:   2
    After scriptable stripping: 2
    Processed in 0.00 seconds
  Pass "TemporalAA - Copy History" (vp)
    Target graphics API: metal
    Full variant space:         1
    After settings filtering:   1
    After built-in stripping:   1
    After scriptable stripping: 1
    Processed in 0.00 seconds
  Pass "TemporalAA - Copy History" (fp)
    Target graphics API: metal
    Full variant space:         2
    After settings filtering:   1
    After built-in stripping:   1
    After scriptable stripping: 1
    Processed in 0.00 seconds
  Pass TemporalAA - Accumulate - Quality Very Low (vp, metal) finished in 0.01 seconds. Local cache hits 1 (0.00s CPU time), remote cache hits 0 (0.00s CPU time), compiled 0 variants (0.00s CPU time), skipped 0 variants.
    Prepared data for serialisation in 0.00s
  Pass TemporalAA - Accumulate - Quality Very Low (fp, metal) finished in 0.01 seconds. Local cache hits 1 (0.00s CPU time), remote cache hits 0 (0.00s CPU time), compiled 0 variants (0.00s CPU time), skipped 0 variants.
    Prepared data for serialisation in 0.00s
  Pass TemporalAA - Accumulate - Quality Low (vp, metal) finished in 0.01 seconds. Local cache hits 1 (0.00s CPU time), remote cache hits 0 (0.00s CPU time), compiled 0 variants (0.00s CPU time), skipped 0 variants.
    Prepared data for serialisation in 0.00s
  Pass TemporalAA - Accumulate - Quality Low (fp, metal) finished in 0.00 seconds. Local cache hits 1 (0.00s CPU time), remote cache hits 0 (0.00s CPU time), compiled 0 variants (0.00s CPU time), skipped 0 variants.
    Prepared data for serialisation in 0.00s
  Pass TemporalAA - Accumulate - Quality Medium (vp, metal) finished in 0.00 seconds. Local cache hits 1 (0.00s CPU time), remote cache hits 0 (0.00s CPU time), compiled 0 variants (0.00s CPU time), skipped 0 variants.
    Prepared data for serialisation in 0.00s
  Pass TemporalAA - Accumulate - Quality Medium (fp, metal) finished in 0.00 seconds. Local cache hits 1 (0.00s CPU time), remote cache hits 0 (0.00s CPU time), compiled 0 variants (0.00s CPU time), skipped 0 variants.
    Prepared data for serialisation in 0.00s
  Pass TemporalAA - Accumulate - Quality High (vp, metal) finished in 0.00 seconds. Local cache hits 1 (0.00s CPU time), remote cache hits 0 (0.00s CPU time), compiled 0 variants (0.00s CPU time), skipped 0 variants.
    Prepared data for serialisation in 0.00s
  Pass TemporalAA - Accumulate - Quality High (fp, metal) finished in 0.00 seconds. Local cache hits 1 (0.00s CPU time), remote cache hits 0 (0.00s CPU time), compiled 0 variants (0.00s CPU time), skipped 0 variants.
    Prepared data for serialisation in 0.00s
  Pass TemporalAA - Accumulate - Quality Very High (vp, metal) finished in 0.00 seconds. Local cache hits 1 (0.00s CPU time), remote cache hits 0 (0.00s CPU time), compiled 0 variants (0.00s CPU time), skipped 0 variants.
    Prepared data for serialisation in 0.00s
  Pass TemporalAA - Accumulate - Quality Very High (fp, metal) finished in 0.00 seconds. Local cache hits 2 (0.00s CPU time), remote cache hits 0 (0.00s CPU time), compiled 0 variants (0.00s CPU time), skipped 0 variants.
    Prepared data for serialisation in 0.00s
  Pass TemporalAA - Copy History (vp, metal) finished in 0.00 seconds. Local cache hits 1 (0.00s CPU time), remote cache hits 0 (0.00s CPU time), compiled 0 variants (0.00s CPU time), skipped 0 variants.
    Prepared data for serialisation in 0.00s
  Pass TemporalAA - Copy History (fp, metal) finished in 0.00 seconds. Local cache hits 1 (0.00s CPU time), remote cache hits 0 (0.00s CPU time), compiled 0 variants (0.00s CPU time), skipped 0 variants.
    Prepared data for serialisation in 0.00s
Serialized binary data for shader Hidden/Universal Render Pipeline/TemporalAA in 0.00s
    metal (total internal programs: 13, unique: 8)
Compiling shader "Hidden/Universal Render Pipeline/PaniniProjection"
  Pass "Panini Projection" (vp)
    Target graphics API: metal
    Full variant space:         2
    After settings filtering:   2
    After built-in stripping:   2
    After scriptable stripping: 2
    Processed in 0.00 seconds
  Pass "Panini Projection" (fp)
    Target graphics API: metal
    Full variant space:         2
    After settings filtering:   2
    After built-in stripping:   2
    After scriptable stripping: 2
    Processed in 0.00 seconds
  Pass Panini Projection (vp, metal) finished in 0.00 seconds. Local cache hits 2 (0.00s CPU time), remote cache hits 0 (0.00s CPU time), compiled 0 variants (0.00s CPU time), skipped 0 variants.
    Prepared data for serialisation in 0.00s
  Pass Panini Projection (fp, metal) finished in 0.00 seconds. Local cache hits 2 (0.00s CPU time), remote cache hits 0 (0.00s CPU time), compiled 0 variants (0.00s CPU time), skipped 0 variants.
    Prepared data for serialisation in 0.00s
Serialized binary data for shader Hidden/Universal Render Pipeline/PaniniProjection in 0.00s
    metal (total internal programs: 4, unique: 4)
Compiling shader "Hidden/Universal/BlitHDROverlay"
  Pass "BilinearDebugDraw" (vp)
    Target graphics API: metal
    Full variant space:         1
    After settings filtering:   1
    After built-in stripping:   1
    After scriptable stripping: 0
    Processed in 0.00 seconds
  Pass "BilinearDebugDraw" (fp)
    Target graphics API: metal
    Full variant space:         8
    After settings filtering:   1
    After built-in stripping:   1
    After scriptable stripping: 0
    Processed in 0.00 seconds
  Pass "NearestDebugDraw" (vp)
    Target graphics API: metal
    Full variant space:         1
    After settings filtering:   1
    After built-in stripping:   1
    After scriptable stripping: 0
    Processed in 0.00 seconds
  Pass "NearestDebugDraw" (fp)
    Target graphics API: metal
    Full variant space:         8
    After settings filtering:   1
    After built-in stripping:   1
    After scriptable stripping: 0
    Processed in 0.00 seconds
Serialized binary data for shader Hidden/Universal/BlitHDROverlay in 0.00s
    metal (total internal programs: 0, unique: 0)
Compiling shader "Hidden/Universal Render Pipeline/FinalPost"
  Pass "FinalPost" (vp)
    Target graphics API: metal
    Full variant space:         1
    After settings filtering:   1
    After built-in stripping:   1
    After scriptable stripping: 1
    Processed in 0.00 seconds
  Pass "FinalPost" (fp)
    Target graphics API: metal
    Full variant space:         2.560
    After settings filtering:   48
    After built-in stripping:   48
    After scriptable stripping: 32
    Processed in 0.00 seconds
  Pass "FinalPostXR" (vp)
    Target graphics API: metal
    Full variant space:         1
    After settings filtering:   1
    After built-in stripping:   1
    After scriptable stripping: 0
    Processed in 0.00 seconds
  Pass "FinalPostXR" (fp)
    Target graphics API: metal
    Full variant space:         2.560
    After settings filtering:   48
    After built-in stripping:   48
    After scriptable stripping: 0
    Processed in 0.00 seconds
  Pass "FinalPost" (vp)
    Target graphics API: metal
    Full variant space:         1
    After settings filtering:   1
    After built-in stripping:   1
    After scriptable stripping: 1
    Processed in 0.00 seconds
  Pass "FinalPost" (fp)
    Target graphics API: metal
    Full variant space:         2.560
    After settings filtering:   48
    After built-in stripping:   48
    After scriptable stripping: 32
    Processed in 0.00 seconds
  Pass "FinalPostXR" (vp)
    Target graphics API: metal
    Full variant space:         1
    After settings filtering:   1
    After built-in stripping:   1
    After scriptable stripping: 0
    Processed in 0.00 seconds
  Pass "FinalPostXR" (fp)
    Target graphics API: metal
    Full variant space:         2.560
    After settings filtering:   48
    After built-in stripping:   48
    After scriptable stripping: 0
    Processed in 0.00 seconds
  Pass FinalPost (vp, metal) finished in 0.01 seconds. Local cache hits 1 (0.00s CPU time), remote cache hits 0 (0.00s CPU time), compiled 0 variants (0.00s CPU time), skipped 0 variants.
    Prepared data for serialisation in 0.00s
  Pass FinalPost (fp, metal) finished in 0.00 seconds. Local cache hits 32 (0.02s CPU time), remote cache hits 0 (0.00s CPU time), compiled 0 variants (0.00s CPU time), skipped 0 variants.
    Prepared data for serialisation in 0.00s
  Pass FinalPost (vp, metal) finished in 0.00 seconds. Local cache hits 1 (0.00s CPU time), remote cache hits 0 (0.00s CPU time), compiled 0 variants (0.00s CPU time), skipped 0 variants.
    Prepared data for serialisation in 0.00s
  Pass FinalPost (fp, metal) finished in 0.00 seconds. Local cache hits 32 (0.01s CPU time), remote cache hits 0 (0.00s CPU time), compiled 0 variants (0.00s CPU time), skipped 0 variants.
    Prepared data for serialisation in 0.00s
Serialized binary data for shader Hidden/Universal Render Pipeline/FinalPost in 0.00s
    metal (total internal programs: 66, unique: 49)
Compiling shader "Hidden/ShadowProjected2D"
  Pass "Projected Shadow (R)" (vp)
    Target graphics API: metal
    Full variant space:         1
    After settings filtering:   1
    After built-in stripping:   1
    After scriptable stripping: 1
    Processed in 0.00 seconds
  Pass "Projected Shadow (R)" (fp)
    Target graphics API: metal
    Full variant space:         1
    After settings filtering:   1
    After built-in stripping:   1
    After scriptable stripping: 1
    Processed in 0.00 seconds
  Pass "Projected Unshadow (G) - Stencil: Ref 1, Comp Eq, Pass Keep" (vp)
    Target graphics API: metal
    Full variant space:         1
    After settings filtering:   1
    After built-in stripping:   1
    After scriptable stripping: 1
    Processed in 0.00 seconds
  Pass "Projected Unshadow (G) - Stencil: Ref 1, Comp Eq, Pass Keep" (fp)
    Target graphics API: metal
    Full variant space:         1
    After settings filtering:   1
    After built-in stripping:   1
    After scriptable stripping: 1
    Processed in 0.00 seconds
  Pass Projected Shadow (R) (vp, metal) finished in 0.00 seconds. Local cache hits 1 (0.00s CPU time), remote cache hits 0 (0.00s CPU time), compiled 0 variants (0.00s CPU time), skipped 0 variants.
    Prepared data for serialisation in 0.00s
  Pass Projected Shadow (R) (fp, metal) finished in 0.00 seconds. Local cache hits 1 (0.00s CPU time), remote cache hits 0 (0.00s CPU time), compiled 0 variants (0.00s CPU time), skipped 0 variants.
    Prepared data for serialisation in 0.00s
  Pass Projected Unshadow (G) - Stencil: Ref 1, Comp Eq, Pass Keep (vp, metal) finished in 0.00 seconds. Local cache hits 1 (0.00s CPU time), remote cache hits 0 (0.00s CPU time), compiled 0 variants (0.00s CPU time), skipped 0 variants.
    Prepared data for serialisation in 0.00s
  Pass Projected Unshadow (G) - Stencil: Ref 1, Comp Eq, Pass Keep (fp, metal) finished in 0.00 seconds. Local cache hits 1 (0.00s CPU time), remote cache hits 0 (0.00s CPU time), compiled 0 variants (0.00s CPU time), skipped 0 variants.
    Prepared data for serialisation in 0.00s
Serialized binary data for shader Hidden/ShadowProjected2D in 0.00s
    metal (total internal programs: 4, unique: 2)
Compiling shader "Hidden/Universal Render Pipeline/Debug/DebugReplacement"
  Pass "Vertex Attributes" (vp)
    Target graphics API: metal
    Full variant space:         2
    After settings filtering:   2
    After built-in stripping:   1
    After scriptable stripping: 1
    Processed in 0.00 seconds
  Pass "Vertex Attributes" (fp)
    Target graphics API: metal
    Full variant space:         2
    After settings filtering:   2
    After built-in stripping:   1
    After scriptable stripping: 1
    Processed in 0.00 seconds
  Pass Vertex Attributes (vp, metal) finished in 0.00 seconds. Local cache hits 1 (0.00s CPU time), remote cache hits 0 (0.00s CPU time), compiled 0 variants (0.00s CPU time), skipped 0 variants.
    Prepared data for serialisation in 0.00s
  Pass Vertex Attributes (fp, metal) finished in 0.00 seconds. Local cache hits 1 (0.00s CPU time), remote cache hits 0 (0.00s CPU time), compiled 0 variants (0.00s CPU time), skipped 0 variants.
    Prepared data for serialisation in 0.00s
Serialized binary data for shader Hidden/Universal Render Pipeline/Debug/DebugReplacement in 0.00s
    metal (total internal programs: 2, unique: 2)
Compiling shader "Hidden/Universal/CoreBlitColorAndDepth"
  Pass "ColorOnly" (vp)
    Target graphics API: metal
    Full variant space:         4
    After settings filtering:   4
    After built-in stripping:   4
    After scriptable stripping: 4
    Processed in 0.00 seconds
  Pass "ColorOnly" (fp)
    Target graphics API: metal
    Full variant space:         4
    After settings filtering:   4
    After built-in stripping:   4
    After scriptable stripping: 4
    Processed in 0.00 seconds
  Pass "ColorAndDepth" (vp)
    Target graphics API: metal
    Full variant space:         4
    After settings filtering:   4
    After built-in stripping:   4
    After scriptable stripping: 4
    Processed in 0.00 seconds
  Pass "ColorAndDepth" (fp)
    Target graphics API: metal
    Full variant space:         4
    After settings filtering:   4
    After built-in stripping:   4
    After scriptable stripping: 4
    Processed in 0.00 seconds
  Pass "DepthOnly" (vp)
    Target graphics API: metal
    Full variant space:         4
    After settings filtering:   4
    After built-in stripping:   4
    After scriptable stripping: 4
    Processed in 0.00 seconds
  Pass "DepthOnly" (fp)
    Target graphics API: metal
    Full variant space:         4
    After settings filtering:   4
    After built-in stripping:   4
    After scriptable stripping: 4
    Processed in 0.00 seconds
  Pass ColorOnly (vp, metal) finished in 0.00 seconds. Local cache hits 4 (0.00s CPU time), remote cache hits 0 (0.00s CPU time), compiled 0 variants (0.00s CPU time), skipped 0 variants.
    Prepared data for serialisation in 0.00s
  Pass ColorOnly (fp, metal) finished in 0.00 seconds. Local cache hits 4 (0.00s CPU time), remote cache hits 0 (0.00s CPU time), compiled 0 variants (0.00s CPU time), skipped 0 variants.
    Prepared data for serialisation in 0.00s
  Pass ColorAndDepth (vp, metal) finished in 0.00 seconds. Local cache hits 4 (0.00s CPU time), remote cache hits 0 (0.00s CPU time), compiled 0 variants (0.00s CPU time), skipped 0 variants.
    Prepared data for serialisation in 0.00s
  Pass ColorAndDepth (fp, metal) finished in 0.00 seconds. Local cache hits 4 (0.00s CPU time), remote cache hits 0 (0.00s CPU time), compiled 0 variants (0.00s CPU time), skipped 0 variants.
    Prepared data for serialisation in 0.00s
  Pass DepthOnly (vp, metal) finished in 0.00 seconds. Local cache hits 4 (0.00s CPU time), remote cache hits 0 (0.00s CPU time), compiled 0 variants (0.00s CPU time), skipped 0 variants.
    Prepared data for serialisation in 0.00s
  Pass DepthOnly (fp, metal) finished in 0.00 seconds. Local cache hits 4 (0.00s CPU time), remote cache hits 0 (0.00s CPU time), compiled 0 variants (0.00s CPU time), skipped 0 variants.
    Prepared data for serialisation in 0.00s
Serialized binary data for shader Hidden/Universal/CoreBlitColorAndDepth in 0.00s
    metal (total internal programs: 24, unique: 16)
Compiling shader "Hidden/Universal Render Pipeline/XR/XRMirrorView"
  Pass "" (vp)
    Target graphics API: metal
    Full variant space:         1
    After settings filtering:   1
    After built-in stripping:   1
    After scriptable stripping: 0
    Processed in 0.00 seconds
  Pass "" (fp)
    Target graphics API: metal
    Full variant space:         4
    After settings filtering:   2
    After built-in stripping:   2
    After scriptable stripping: 0
    Processed in 0.00 seconds
Serialized binary data for shader Hidden/Universal Render Pipeline/XR/XRMirrorView in 0.00s
    metal (total internal programs: 0, unique: 0)
Compiling shader "Hidden/Universal Render Pipeline/CopyDepth"
  Pass "CopyDepth" (vp)
    Target graphics API: metal
    Full variant space:         8
    After settings filtering:   8
    After built-in stripping:   8
    After scriptable stripping: 8
    Processed in 0.00 seconds
  Pass "CopyDepth" (fp)
    Target graphics API: metal
    Full variant space:         8
    After settings filtering:   8
    After built-in stripping:   8
    After scriptable stripping: 8
    Processed in 0.00 seconds
  Pass CopyDepth (vp, metal) finished in 0.00 seconds. Local cache hits 8 (0.01s CPU time), remote cache hits 0 (0.00s CPU time), compiled 0 variants (0.00s CPU time), skipped 0 variants.
    Prepared data for serialisation in 0.00s
  Pass CopyDepth (fp, metal) finished in 0.00 seconds. Local cache hits 8 (0.00s CPU time), remote cache hits 0 (0.00s CPU time), compiled 0 variants (0.00s CPU time), skipped 0 variants.
    Prepared data for serialisation in 0.00s
Serialized binary data for shader Hidden/Universal Render Pipeline/CopyDepth in 0.00s
    metal (total internal programs: 16, unique: 16)
Compiling shader "Hidden/Shadow2DUnshadowSprite"
  Pass "Sprite Unshadow (B) - Stencil: Ref 1, Comp Always, Pass Replace" (vp)
    Target graphics API: metal
    Full variant space:         1
    After settings filtering:   1
    After built-in stripping:   1
    After scriptable stripping: 1
    Processed in 0.00 seconds
  Pass "Sprite Unshadow (B) - Stencil: Ref 1, Comp Always, Pass Replace" (fp)
    Target graphics API: metal
    Full variant space:         1
    After settings filtering:   1
    After built-in stripping:   1
    After scriptable stripping: 1
    Processed in 0.00 seconds
  Pass "Sprite Unshadow (B) - Stencil: Ref 0, Comp Always, Pass Replace" (vp)
    Target graphics API: metal
    Full variant space:         1
    After settings filtering:   1
    After built-in stripping:   1
    After scriptable stripping: 1
    Processed in 0.00 seconds
  Pass "Sprite Unshadow (B) - Stencil: Ref 0, Comp Always, Pass Replace" (fp)
    Target graphics API: metal
    Full variant space:         1
    After settings filtering:   1
    After built-in stripping:   1
    After scriptable stripping: 1
    Processed in 0.00 seconds
  Pass Sprite Unshadow (B) - Stencil: Ref 1, Comp Always, Pass Replace (vp, metal) finished in 0.00 seconds. Local cache hits 1 (0.00s CPU time), remote cache hits 0 (0.00s CPU time), compiled 0 variants (0.00s CPU time), skipped 0 variants.
    Prepared data for serialisation in 0.00s
  Pass Sprite Unshadow (B) - Stencil: Ref 1, Comp Always, Pass Replace (fp, metal) finished in 0.00 seconds. Local cache hits 1 (0.00s CPU time), remote cache hits 0 (0.00s CPU time), compiled 0 variants (0.00s CPU time), skipped 0 variants.
    Prepared data for serialisation in 0.00s
  Pass Sprite Unshadow (B) - Stencil: Ref 0, Comp Always, Pass Replace (vp, metal) finished in 0.00 seconds. Local cache hits 1 (0.00s CPU time), remote cache hits 0 (0.00s CPU time), compiled 0 variants (0.00s CPU time), skipped 0 variants.
    Prepared data for serialisation in 0.00s
  Pass Sprite Unshadow (B) - Stencil: Ref 0, Comp Always, Pass Replace (fp, metal) finished in 0.00 seconds. Local cache hits 1 (0.00s CPU time), remote cache hits 0 (0.00s CPU time), compiled 0 variants (0.00s CPU time), skipped 0 variants.
    Prepared data for serialisation in 0.00s
Serialized binary data for shader Hidden/Shadow2DUnshadowSprite in 0.00s
    metal (total internal programs: 4, unique: 3)
Compiling shader "Hidden/TerrainEngine/Details/UniversalPipeline/WavingDoublePass"
  Pass "ForwardLit" (vp)
    Target graphics API: metal
    Full variant space:         55.296
    After settings filtering:   2.304
    After built-in stripping:   18
    After scriptable stripping: 6
    Processed in 0.00 seconds
  Pass "ForwardLit" (fp)
    Target graphics API: metal
    Full variant space:         35.389.440
    After settings filtering:   4.608
    After built-in stripping:   36
    After scriptable stripping: 12
    Processed in 0.00 seconds
  Pass "GBuffer" (vp)
    Target graphics API: metal
    Full variant space:         1.152
    After settings filtering:   288
    After built-in stripping:   9
    After scriptable stripping: 0
    Processed in 0.00 seconds
  Pass "GBuffer" (fp)
    Target graphics API: metal
    Full variant space:         737.280
    After settings filtering:   576
    After built-in stripping:   18
    After scriptable stripping: 0
    Processed in 0.00 seconds
  Pass "DepthOnly" (vp)
    Target graphics API: metal
    Full variant space:         2
    After settings filtering:   2
    After built-in stripping:   1
    After scriptable stripping: 1
    Processed in 0.00 seconds
  Pass "DepthOnly" (fp)
    Target graphics API: metal
    Full variant space:         2
    After settings filtering:   2
    After built-in stripping:   1
    After scriptable stripping: 1
    Processed in 0.00 seconds
  Pass "DepthNormalsOnly" (vp)
    Target graphics API: metal
    Full variant space:         2
    After settings filtering:   2
    After built-in stripping:   1
    After scriptable stripping: 1
    Processed in 0.00 seconds
  Pass "DepthNormalsOnly" (fp)
    Target graphics API: metal
    Full variant space:         8
    After settings filtering:   2
    After built-in stripping:   1
    After scriptable stripping: 1
    Processed in 0.00 seconds
  Pass ForwardLit (vp, metal) finished in 0.00 seconds. Local cache hits 6 (0.00s CPU time), remote cache hits 0 (0.00s CPU time), compiled 0 variants (0.00s CPU time), skipped 0 variants.
    Prepared data for serialisation in 0.00s
  Pass ForwardLit (fp, metal) finished in 0.00 seconds. Local cache hits 12 (0.00s CPU time), remote cache hits 0 (0.00s CPU time), compiled 0 variants (0.00s CPU time), skipped 0 variants.
    Prepared data for serialisation in 0.00s
  Pass DepthOnly (vp, metal) finished in 0.00 seconds. Local cache hits 1 (0.00s CPU time), remote cache hits 0 (0.00s CPU time), compiled 0 variants (0.00s CPU time), skipped 0 variants.
    Prepared data for serialisation in 0.00s
  Pass DepthOnly (fp, metal) finished in 0.00 seconds. Local cache hits 1 (0.00s CPU time), remote cache hits 0 (0.00s CPU time), compiled 0 variants (0.00s CPU time), skipped 0 variants.
    Prepared data for serialisation in 0.00s
  Pass DepthNormalsOnly (vp, metal) finished in 0.00 seconds. Local cache hits 1 (0.00s CPU time), remote cache hits 0 (0.00s CPU time), compiled 0 variants (0.00s CPU time), skipped 0 variants.
    Prepared data for serialisation in 0.00s
  Pass DepthNormalsOnly (fp, metal) finished in 0.00 seconds. Local cache hits 1 (0.00s CPU time), remote cache hits 0 (0.00s CPU time), compiled 0 variants (0.00s CPU time), skipped 0 variants.
    Prepared data for serialisation in 0.00s
Serialized binary data for shader Hidden/TerrainEngine/Details/UniversalPipeline/WavingDoublePass in 0.00s
    metal (total internal programs: 22, unique: 22)
Compiling shader "Hidden/Universal Render Pipeline/FallbackError"
  Pass "" (vp)
    Target graphics API: metal
    Full variant space:         6
    After settings filtering:   6
    After built-in stripping:   1
    After scriptable stripping: 1
    Processed in 0.00 seconds
  Pass "" (fp)
    Target graphics API: metal
    Full variant space:         6
    After settings filtering:   6
    After built-in stripping:   1
    After scriptable stripping: 1
    Processed in 0.00 seconds
  Pass  (vp, metal) finished in 0.00 seconds. Local cache hits 1 (0.00s CPU time), remote cache hits 0 (0.00s CPU time), compiled 0 variants (0.00s CPU time), skipped 0 variants.
    Prepared data for serialisation in 0.00s
  Pass  (fp, metal) finished in 0.00 seconds. Local cache hits 1 (0.00s CPU time), remote cache hits 0 (0.00s CPU time), compiled 0 variants (0.00s CPU time), skipped 0 variants.
    Prepared data for serialisation in 0.00s
Serialized binary data for shader Hidden/Universal Render Pipeline/FallbackError in 0.00s
    metal (total internal programs: 2, unique: 2)
Compiling shader "Hidden/Universal Render Pipeline/UberPost"
  Pass "UberPost" (vp)
    Target graphics API: metal
    Full variant space:         1
    After settings filtering:   1
    After built-in stripping:   1
    After scriptable stripping: 1
    Processed in 0.00 seconds
  Pass "UberPost" (fp)
    Target graphics API: metal
    Full variant space:         92.160
    After settings filtering:   960
    After built-in stripping:   960
    After scriptable stripping: 720
    Processed in 0.01 seconds
  Pass "UberPostXR" (vp)
    Target graphics API: metal
    Full variant space:         1
    After settings filtering:   1
    After built-in stripping:   1
    After scriptable stripping: 0
    Processed in 0.00 seconds
  Pass "UberPostXR" (fp)
    Target graphics API: metal
    Full variant space:         92.160
    After settings filtering:   960
    After built-in stripping:   960
    After scriptable stripping: 0
    Processed in 0.00 seconds
  Pass UberPost (vp, metal) finished in 0.02 seconds. Local cache hits 1 (0.00s CPU time), remote cache hits 0 (0.00s CPU time), compiled 0 variants (0.00s CPU time), skipped 0 variants.
    Prepared data for serialisation in 0.00s
  Pass UberPost (fp, metal) finished in 0.03 seconds. Local cache hits 720 (0.26s CPU time), remote cache hits 0 (0.00s CPU time), compiled 0 variants (0.00s CPU time), skipped 0 variants.
    Prepared data for serialisation in 0.01s
Serialized binary data for shader Hidden/Universal Render Pipeline/UberPost in 0.00s
    metal (total internal programs: 721, unique: 721)
Compressed shader 'Hidden/Universal Render Pipeline/UberPost' on metal from 10.26MB to 0.20MB
Compressed shader 'Hidden/Universal Render Pipeline/UberPost' in 0.02s
Compiling shader "Hidden/Universal Render Pipeline/Scaling Setup"
  Pass "ScalingSetup" (vp)
    Target graphics API: metal
    Full variant space:         1
    After settings filtering:   1
    After built-in stripping:   1
    After scriptable stripping: 1
    Processed in 0.00 seconds
  Pass "ScalingSetup" (fp)
    Target graphics API: metal
    Full variant space:         12
    After settings filtering:   6
    After built-in stripping:   6
    After scriptable stripping: 4
    Processed in 0.00 seconds
  Pass ScalingSetup (vp, metal) finished in 0.00 seconds. Local cache hits 1 (0.00s CPU time), remote cache hits 0 (0.00s CPU time), compiled 0 variants (0.00s CPU time), skipped 0 variants.
    Prepared data for serialisation in 0.00s
  Pass ScalingSetup (fp, metal) finished in 0.00 seconds. Local cache hits 4 (0.00s CPU time), remote cache hits 0 (0.00s CPU time), compiled 0 variants (0.00s CPU time), skipped 0 variants.
    Prepared data for serialisation in 0.00s
Serialized binary data for shader Hidden/Universal Render Pipeline/Scaling Setup in 0.00s
    metal (total internal programs: 5, unique: 5)
Compiling shader "Hidden/Universal Render Pipeline/LutBuilderHdr"
  Pass "LutBuilderHdr" (vp)
    Target graphics API: metal
    Full variant space:         3
    After settings filtering:   3
    After built-in stripping:   3
    After scriptable stripping: 3
    Processed in 0.00 seconds
  Pass "LutBuilderHdr" (fp)
    Target graphics API: metal
    Full variant space:         6
    After settings filtering:   3
    After built-in stripping:   3
    After scriptable stripping: 3
    Processed in 0.00 seconds
  Pass LutBuilderHdr (vp, metal) finished in 0.00 seconds. Local cache hits 3 (0.00s CPU time), remote cache hits 0 (0.00s CPU time), compiled 0 variants (0.00s CPU time), skipped 0 variants.
    Prepared data for serialisation in 0.00s
  Pass LutBuilderHdr (fp, metal) finished in 0.00 seconds. Local cache hits 3 (0.00s CPU time), remote cache hits 0 (0.00s CPU time), compiled 0 variants (0.00s CPU time), skipped 0 variants.
    Prepared data for serialisation in 0.00s
Serialized binary data for shader Hidden/Universal Render Pipeline/LutBuilderHdr in 0.00s
    metal (total internal programs: 6, unique: 6)
Compiling shader "Hidden/TerrainEngine/Details/UniversalPipeline/Vertexlit"
  Pass "TerrainDetailVertex" (vp)
    Target graphics API: metal
    Full variant space:         9.216
    After settings filtering:   384
    After built-in stripping:   6
    After scriptable stripping: 6
    Processed in 0.00 seconds
  Pass "TerrainDetailVertex" (fp)
    Target graphics API: metal
    Full variant space:         1.474.560
    After settings filtering:   768
    After built-in stripping:   12
    After scriptable stripping: 12
    Processed in 0.00 seconds
  Pass "TerrainDetailVertex - GBuffer" (vp)
    Target graphics API: metal
    Full variant space:         192
    After settings filtering:   48
    After built-in stripping:   12
    After scriptable stripping: 6
    Processed in 0.00 seconds
  Pass "TerrainDetailVertex - GBuffer" (fp)
    Target graphics API: metal
    Full variant space:         15.360
    After settings filtering:   48
    After built-in stripping:   12
    After scriptable stripping: 6
    Processed in 0.00 seconds
  Pass "DepthOnly" (vp)
    Target graphics API: metal
    Full variant space:         2
    After settings filtering:   2
    After built-in stripping:   1
    After scriptable stripping: 1
    Processed in 0.00 seconds
  Pass "DepthOnly" (fp)
    Target graphics API: metal
    Full variant space:         2
    After settings filtering:   2
    After built-in stripping:   1
    After scriptable stripping: 1
    Processed in 0.00 seconds
  Pass "DepthNormals" (vp)
    Target graphics API: metal
    Full variant space:         2
    After settings filtering:   2
    After built-in stripping:   1
    After scriptable stripping: 1
    Processed in 0.00 seconds
  Pass "DepthNormals" (fp)
    Target graphics API: metal
    Full variant space:         2
    After settings filtering:   2
    After built-in stripping:   1
    After scriptable stripping: 1
    Processed in 0.00 seconds
  Pass TerrainDetailVertex (vp, metal) finished in 0.00 seconds. Local cache hits 6 (0.00s CPU time), remote cache hits 0 (0.00s CPU time), compiled 0 variants (0.00s CPU time), skipped 0 variants.
    Prepared data for serialisation in 0.00s
  Pass TerrainDetailVertex (fp, metal) finished in 0.00 seconds. Local cache hits 12 (0.00s CPU time), remote cache hits 0 (0.00s CPU time), compiled 0 variants (0.00s CPU time), skipped 0 variants.
    Prepared data for serialisation in 0.00s
  Pass TerrainDetailVertex - GBuffer (vp, metal) finished in 0.00 seconds. Local cache hits 6 (0.00s CPU time), remote cache hits 0 (0.00s CPU time), compiled 0 variants (0.00s CPU time), skipped 0 variants.
    Prepared data for serialisation in 0.00s
  Pass TerrainDetailVertex - GBuffer (fp, metal) finished in 0.00 seconds. Local cache hits 6 (0.00s CPU time), remote cache hits 0 (0.00s CPU time), compiled 0 variants (0.00s CPU time), skipped 0 variants.
    Prepared data for serialisation in 0.00s
  Pass DepthOnly (vp, metal) finished in 0.00 seconds. Local cache hits 1 (0.00s CPU time), remote cache hits 0 (0.00s CPU time), compiled 0 variants (0.00s CPU time), skipped 0 variants.
    Prepared data for serialisation in 0.00s
  Pass DepthOnly (fp, metal) finished in 0.00 seconds. Local cache hits 1 (0.00s CPU time), remote cache hits 0 (0.00s CPU time), compiled 0 variants (0.00s CPU time), skipped 0 variants.
    Prepared data for serialisation in 0.00s
  Pass DepthNormals (vp, metal) finished in 0.00 seconds. Local cache hits 1 (0.00s CPU time), remote cache hits 0 (0.00s CPU time), compiled 0 variants (0.00s CPU time), skipped 0 variants.
    Prepared data for serialisation in 0.00s
  Pass DepthNormals (fp, metal) finished in 0.00 seconds. Local cache hits 1 (0.00s CPU time), remote cache hits 0 (0.00s CPU time), compiled 0 variants (0.00s CPU time), skipped 0 variants.
    Prepared data for serialisation in 0.00s
Serialized binary data for shader Hidden/TerrainEngine/Details/UniversalPipeline/Vertexlit in 0.00s
    metal (total internal programs: 34, unique: 34)
Compiling shader "Hidden/Universal Render Pipeline/XR/XRMotionVector"
  Pass "XR Camera MotionVectors" (vp)
    Target graphics API: metal
    Full variant space:         1
    After settings filtering:   1
    After built-in stripping:   1
    After scriptable stripping: 0
    Processed in 0.00 seconds
  Pass "XR Camera MotionVectors" (fp)
    Target graphics API: metal
    Full variant space:         1
    After settings filtering:   1
    After built-in stripping:   1
    After scriptable stripping: 0
    Processed in 0.00 seconds
Serialized binary data for shader Hidden/Universal Render Pipeline/XR/XRMotionVector in 0.00s
    metal (total internal programs: 0, unique: 0)
Compiling compute shader "ProbeVolumeSamplingDebugPositionNormal"
    starting stripping...
    finished in 0.00 seconds. 1 of 1 variants left
    1 variants, starting compilation...
    finished in 0.00 seconds. Local cache hits 1, remote cache hits 0, compiled 0 variants
Compiling compute shader "VrsTexture"
    starting stripping...
    finished in 0.00 seconds. 24 of 24 variants left
    24 variants, starting compilation...
    finished in 0.00 seconds. Local cache hits 24, remote cache hits 0, compiled 0 variants
Compiling shader "Legacy Shaders/VertexLit"
  Pass "" (vp)
    Target graphics API: metal
    Full variant space:         12
    After settings filtering:   12
    After built-in stripping:   3
    After scriptable stripping: 3
    Processed in 0.00 seconds
  Pass "" (fp)
    Target graphics API: metal
    Full variant space:         12
    After settings filtering:   12
    After built-in stripping:   3
    After scriptable stripping: 3
    Processed in 0.00 seconds
  Pass "" (vp)
    Target graphics API: metal
    Full variant space:         4
    After settings filtering:   4
    After built-in stripping:   1
    After scriptable stripping: 1
    Processed in 0.00 seconds
  Pass "" (fp)
    Target graphics API: metal
    Full variant space:         4
    After settings filtering:   4
    After built-in stripping:   1
    After scriptable stripping: 1
    Processed in 0.00 seconds
  Pass "ShadowCaster" (vp)
    Target graphics API: metal
    Full variant space:         4
    After settings filtering:   4
    After built-in stripping:   2
    After scriptable stripping: 2
    Processed in 0.00 seconds
  Pass "ShadowCaster" (fp)
    Target graphics API: metal
    Full variant space:         4
    After settings filtering:   4
    After built-in stripping:   2
    After scriptable stripping: 2
    Processed in 0.00 seconds
  Pass  (vp, metal) finished in 0.00 seconds. Local cache hits 3 (0.00s CPU time), remote cache hits 0 (0.00s CPU time), compiled 0 variants (0.00s CPU time), skipped 0 variants.
    Prepared data for serialisation in 0.00s
  Pass  (fp, metal) finished in 0.00 seconds. Local cache hits 3 (0.00s CPU time), remote cache hits 0 (0.00s CPU time), compiled 0 variants (0.00s CPU time), skipped 0 variants.
    Prepared data for serialisation in 0.00s
  Pass  (vp, metal) finished in 0.00 seconds. Local cache hits 1 (0.00s CPU time), remote cache hits 0 (0.00s CPU time), compiled 0 variants (0.00s CPU time), skipped 0 variants.
    Prepared data for serialisation in 0.00s
  Pass  (fp, metal) finished in 0.00 seconds. Local cache hits 1 (0.00s CPU time), remote cache hits 0 (0.00s CPU time), compiled 0 variants (0.00s CPU time), skipped 0 variants.
    Prepared data for serialisation in 0.00s
  Pass ShadowCaster (vp, metal) finished in 0.00 seconds. Local cache hits 2 (0.00s CPU time), remote cache hits 0 (0.00s CPU time), compiled 0 variants (0.00s CPU time), skipped 0 variants.
    Prepared data for serialisation in 0.00s
  Pass ShadowCaster (fp, metal) finished in 0.00 seconds. Local cache hits 2 (0.00s CPU time), remote cache hits 0 (0.00s CPU time), compiled 0 variants (0.00s CPU time), skipped 0 variants.
    Prepared data for serialisation in 0.00s
Serialized binary data for shader Legacy Shaders/VertexLit in 0.00s
    metal (total internal programs: 12, unique: 12)
Compiling shader "Legacy Shaders/Diffuse"
  Pass "FORWARD" (vp)
    Target graphics API: metal
    Full variant space:         664
    After settings filtering:   664
    After built-in stripping:   8
    After scriptable stripping: 8
    Processed in 0.00 seconds
  Pass "FORWARD" (fp)
    Target graphics API: metal
    Full variant space:         504
    After settings filtering:   504
    After built-in stripping:   4
    After scriptable stripping: 4
    Processed in 0.00 seconds
  Pass "FORWARD" (vp)
    Target graphics API: metal
    Full variant space:         20
    After settings filtering:   20
    After built-in stripping:   5
    After scriptable stripping: 5
    Processed in 0.00 seconds
  Pass "FORWARD" (fp)
    Target graphics API: metal
    Full variant space:         20
    After settings filtering:   20
    After built-in stripping:   5
    After scriptable stripping: 5
    Processed in 0.00 seconds
  Pass "DEFERRED" (vp)
    Target graphics API: metal
    Full variant space:         76
    After settings filtering:   76
    After built-in stripping:   4
    After scriptable stripping: 4
    Processed in 0.00 seconds
  Pass "DEFERRED" (fp)
    Target graphics API: metal
    Full variant space:         76
    After settings filtering:   76
    After built-in stripping:   4
    After scriptable stripping: 4
    Processed in 0.00 seconds
  Pass FORWARD (vp, metal) finished in 0.00 seconds. Local cache hits 8 (0.00s CPU time), remote cache hits 0 (0.00s CPU time), compiled 0 variants (0.00s CPU time), skipped 0 variants.
    Prepared data for serialisation in 0.00s
  Pass FORWARD (fp, metal) finished in 0.00 seconds. Local cache hits 4 (0.00s CPU time), remote cache hits 0 (0.00s CPU time), compiled 0 variants (0.00s CPU time), skipped 0 variants.
    Prepared data for serialisation in 0.00s
  Pass FORWARD (vp, metal) finished in 0.00 seconds. Local cache hits 5 (0.00s CPU time), remote cache hits 0 (0.00s CPU time), compiled 0 variants (0.00s CPU time), skipped 0 variants.
    Prepared data for serialisation in 0.00s
  Pass FORWARD (fp, metal) finished in 0.00 seconds. Local cache hits 5 (0.00s CPU time), remote cache hits 0 (0.00s CPU time), compiled 0 variants (0.00s CPU time), skipped 0 variants.
    Prepared data for serialisation in 0.00s
  Pass DEFERRED (vp, metal) finished in 0.00 seconds. Local cache hits 4 (0.00s CPU time), remote cache hits 0 (0.00s CPU time), compiled 0 variants (0.00s CPU time), skipped 0 variants.
    Prepared data for serialisation in 0.00s
  Pass DEFERRED (fp, metal) finished in 0.00 seconds. Local cache hits 4 (0.00s CPU time), remote cache hits 0 (0.00s CPU time), compiled 0 variants (0.00s CPU time), skipped 0 variants.
    Prepared data for serialisation in 0.00s
Serialized binary data for shader Legacy Shaders/Diffuse in 0.00s
    metal (total internal programs: 30, unique: 29)
Compiling shader "Hidden/Internal-StencilWrite"
  Pass "" (vp)
    Target graphics API: metal
    Full variant space:         1
    After settings filtering:   1
    After built-in stripping:   1
    After scriptable stripping: 1
    Processed in 0.00 seconds
  Pass "" (fp)
    Target graphics API: metal
    Full variant space:         1
    After settings filtering:   1
    After built-in stripping:   1
    After scriptable stripping: 1
    Processed in 0.00 seconds
  Pass  (vp, metal) finished in 0.00 seconds. Local cache hits 1 (0.00s CPU time), remote cache hits 0 (0.00s CPU time), compiled 0 variants (0.00s CPU time), skipped 0 variants.
    Prepared data for serialisation in 0.00s
  Pass  (fp, metal) finished in 0.00 seconds. Local cache hits 1 (0.00s CPU time), remote cache hits 0 (0.00s CPU time), compiled 0 variants (0.00s CPU time), skipped 0 variants.
    Prepared data for serialisation in 0.00s
Serialized binary data for shader Hidden/Internal-StencilWrite in 0.00s
    metal (total internal programs: 2, unique: 2)
Compiling shader "Hidden/Internal-DepthNormalsTexture"
  Pass "" (vp)
    Target graphics API: metal
    Full variant space:         1
    After settings filtering:   1
    After built-in stripping:   1
    After scriptable stripping: 1
    Processed in 0.00 seconds
  Pass "" (fp)
    Target graphics API: metal
    Full variant space:         1
    After settings filtering:   1
    After built-in stripping:   1
    After scriptable stripping: 1
    Processed in 0.00 seconds
  Pass "" (vp)
    Target graphics API: metal
    Full variant space:         1
    After settings filtering:   1
    After built-in stripping:   1
    After scriptable stripping: 1
    Processed in 0.00 seconds
  Pass "" (fp)
    Target graphics API: metal
    Full variant space:         1
    After settings filtering:   1
    After built-in stripping:   1
    After scriptable stripping: 1
    Processed in 0.00 seconds
  Pass "" (vp)
    Target graphics API: metal
    Full variant space:         1
    After settings filtering:   1
    After built-in stripping:   1
    After scriptable stripping: 1
    Processed in 0.00 seconds
  Pass "" (fp)
    Target graphics API: metal
    Full variant space:         1
    After settings filtering:   1
    After built-in stripping:   1
    After scriptable stripping: 1
    Processed in 0.00 seconds
  Pass "" (vp)
    Target graphics API: metal
    Full variant space:         1
    After settings filtering:   1
    After built-in stripping:   1
    After scriptable stripping: 1
    Processed in 0.00 seconds
  Pass "" (fp)
    Target graphics API: metal
    Full variant space:         1
    After settings filtering:   1
    After built-in stripping:   1
    After scriptable stripping: 1
    Processed in 0.00 seconds
  Pass "" (vp)
    Target graphics API: metal
    Full variant space:         1
    After settings filtering:   1
    After built-in stripping:   1
    After scriptable stripping: 1
    Processed in 0.00 seconds
  Pass "" (fp)
    Target graphics API: metal
    Full variant space:         1
    After settings filtering:   1
    After built-in stripping:   1
    After scriptable stripping: 1
    Processed in 0.00 seconds
  Pass "" (vp)
    Target graphics API: metal
    Full variant space:         1
    After settings filtering:   1
    After built-in stripping:   1
    After scriptable stripping: 1
    Processed in 0.00 seconds
  Pass "" (fp)
    Target graphics API: metal
    Full variant space:         1
    After settings filtering:   1
    After built-in stripping:   1
    After scriptable stripping: 1
    Processed in 0.00 seconds
  Pass "" (vp)
    Target graphics API: metal
    Full variant space:         1
    After settings filtering:   1
    After built-in stripping:   1
    After scriptable stripping: 1
    Processed in 0.00 seconds
  Pass "" (fp)
    Target graphics API: metal
    Full variant space:         1
    After settings filtering:   1
    After built-in stripping:   1
    After scriptable stripping: 1
    Processed in 0.00 seconds
  Pass "" (vp)
    Target graphics API: metal
    Full variant space:         1
    After settings filtering:   1
    After built-in stripping:   1
    After scriptable stripping: 1
    Processed in 0.00 seconds
  Pass "" (fp)
    Target graphics API: metal
    Full variant space:         1
    After settings filtering:   1
    After built-in stripping:   1
    After scriptable stripping: 1
    Processed in 0.00 seconds
  Pass "" (vp)
    Target graphics API: metal
    Full variant space:         1
    After settings filtering:   1
    After built-in stripping:   1
    After scriptable stripping: 1
    Processed in 0.00 seconds
  Pass "" (fp)
    Target graphics API: metal
    Full variant space:         1
    After settings filtering:   1
    After built-in stripping:   1
    After scriptable stripping: 1
    Processed in 0.00 seconds
  Pass "" (vp)
    Target graphics API: metal
    Full variant space:         1
    After settings filtering:   1
    After built-in stripping:   1
    After scriptable stripping: 1
    Processed in 0.00 seconds
  Pass "" (fp)
    Target graphics API: metal
    Full variant space:         1
    After settings filtering:   1
    After built-in stripping:   1
    After scriptable stripping: 1
    Processed in 0.00 seconds
  Pass  (vp, metal) finished in 0.00 seconds. Local cache hits 1 (0.00s CPU time), remote cache hits 0 (0.00s CPU time), compiled 0 variants (0.00s CPU time), skipped 0 variants.
    Prepared data for serialisation in 0.00s
  Pass  (fp, metal) finished in 0.00 seconds. Local cache hits 1 (0.00s CPU time), remote cache hits 0 (0.00s CPU time), compiled 0 variants (0.00s CPU time), skipped 0 variants.
    Prepared data for serialisation in 0.00s
  Pass  (vp, metal) finished in 0.00 seconds. Local cache hits 1 (0.00s CPU time), remote cache hits 0 (0.00s CPU time), compiled 0 variants (0.00s CPU time), skipped 0 variants.
    Prepared data for serialisation in 0.00s
  Pass  (fp, metal) finished in 0.00 seconds. Local cache hits 1 (0.00s CPU time), remote cache hits 0 (0.00s CPU time), compiled 0 variants (0.00s CPU time), skipped 0 variants.
    Prepared data for serialisation in 0.00s
  Pass  (vp, metal) finished in 0.00 seconds. Local cache hits 1 (0.00s CPU time), remote cache hits 0 (0.00s CPU time), compiled 0 variants (0.00s CPU time), skipped 0 variants.
    Prepared data for serialisation in 0.00s
  Pass  (fp, metal) finished in 0.00 seconds. Local cache hits 1 (0.00s CPU time), remote cache hits 0 (0.00s CPU time), compiled 0 variants (0.00s CPU time), skipped 0 variants.
    Prepared data for serialisation in 0.00s
  Pass  (vp, metal) finished in 0.00 seconds. Local cache hits 1 (0.00s CPU time), remote cache hits 0 (0.00s CPU time), compiled 0 variants (0.00s CPU time), skipped 0 variants.
    Prepared data for serialisation in 0.00s
  Pass  (fp, metal) finished in 0.00 seconds. Local cache hits 1 (0.00s CPU time), remote cache hits 0 (0.00s CPU time), compiled 0 variants (0.00s CPU time), skipped 0 variants.
    Prepared data for serialisation in 0.00s
  Pass  (vp, metal) finished in 0.00 seconds. Local cache hits 1 (0.00s CPU time), remote cache hits 0 (0.00s CPU time), compiled 0 variants (0.00s CPU time), skipped 0 variants.
    Prepared data for serialisation in 0.00s
  Pass  (fp, metal) finished in 0.00 seconds. Local cache hits 1 (0.00s CPU time), remote cache hits 0 (0.00s CPU time), compiled 0 variants (0.00s CPU time), skipped 0 variants.
    Prepared data for serialisation in 0.00s
  Pass  (vp, metal) finished in 0.00 seconds. Local cache hits 1 (0.00s CPU time), remote cache hits 0 (0.00s CPU time), compiled 0 variants (0.00s CPU time), skipped 0 variants.
    Prepared data for serialisation in 0.00s
  Pass  (fp, metal) finished in 0.00 seconds. Local cache hits 1 (0.00s CPU time), remote cache hits 0 (0.00s CPU time), compiled 0 variants (0.00s CPU time), skipped 0 variants.
    Prepared data for serialisation in 0.00s
  Pass  (vp, metal) finished in 0.00 seconds. Local cache hits 1 (0.00s CPU time), remote cache hits 0 (0.00s CPU time), compiled 0 variants (0.00s CPU time), skipped 0 variants.
    Prepared data for serialisation in 0.00s
  Pass  (fp, metal) finished in 0.00 seconds. Local cache hits 1 (0.00s CPU time), remote cache hits 0 (0.00s CPU time), compiled 0 variants (0.00s CPU time), skipped 0 variants.
    Prepared data for serialisation in 0.00s
  Pass  (vp, metal) finished in 0.00 seconds. Local cache hits 1 (0.00s CPU time), remote cache hits 0 (0.00s CPU time), compiled 0 variants (0.00s CPU time), skipped 0 variants.
    Prepared data for serialisation in 0.00s
  Pass  (fp, metal) finished in 0.00 seconds. Local cache hits 1 (0.00s CPU time), remote cache hits 0 (0.00s CPU time), compiled 0 variants (0.00s CPU time), skipped 0 variants.
    Prepared data for serialisation in 0.00s
  Pass  (vp, metal) finished in 0.00 seconds. Local cache hits 1 (0.00s CPU time), remote cache hits 0 (0.00s CPU time), compiled 0 variants (0.00s CPU time), skipped 0 variants.
    Prepared data for serialisation in 0.00s
  Pass  (fp, metal) finished in 0.00 seconds. Local cache hits 1 (0.00s CPU time), remote cache hits 0 (0.00s CPU time), compiled 0 variants (0.00s CPU time), skipped 0 variants.
    Prepared data for serialisation in 0.00s
  Pass  (vp, metal) finished in 0.00 seconds. Local cache hits 1 (0.00s CPU time), remote cache hits 0 (0.00s CPU time), compiled 0 variants (0.00s CPU time), skipped 0 variants.
    Prepared data for serialisation in 0.00s
  Pass  (fp, metal) finished in 0.00 seconds. Local cache hits 1 (0.00s CPU time), remote cache hits 0 (0.00s CPU time), compiled 0 variants (0.00s CPU time), skipped 0 variants.
    Prepared data for serialisation in 0.00s
Serialized binary data for shader Hidden/Internal-DepthNormalsTexture in 0.00s
    metal (total internal programs: 20, unique: 16)
Compiling shader "Hidden/Internal-ScreenSpaceShadows"
  Pass "" (vp)
    Target graphics API: metal
    Full variant space:         4
    After settings filtering:   4
    After built-in stripping:   4
    After scriptable stripping: 4
    Processed in 0.00 seconds
  Pass "" (fp)
    Target graphics API: metal
    Full variant space:         4
    After settings filtering:   4
    After built-in stripping:   4
    After scriptable stripping: 4
    Processed in 0.00 seconds
  Pass "" (vp)
    Target graphics API: metal
    Full variant space:         4
    After settings filtering:   4
    After built-in stripping:   4
    After scriptable stripping: 4
    Processed in 0.00 seconds
  Pass "" (fp)
    Target graphics API: metal
    Full variant space:         4
    After settings filtering:   4
    After built-in stripping:   4
    After scriptable stripping: 4
    Processed in 0.00 seconds
  Pass "" (vp)
    Target graphics API: metal
    Full variant space:         4
    After settings filtering:   4
    After built-in stripping:   4
    After scriptable stripping: 4
    Processed in 0.00 seconds
  Pass "" (fp)
    Target graphics API: metal
    Full variant space:         4
    After settings filtering:   4
    After built-in stripping:   4
    After scriptable stripping: 4
    Processed in 0.00 seconds
  Pass "" (vp)
    Target graphics API: metal
    Full variant space:         4
    After settings filtering:   4
    After built-in stripping:   4
    After scriptable stripping: 4
    Processed in 0.00 seconds
  Pass "" (fp)
    Target graphics API: metal
    Full variant space:         4
    After settings filtering:   4
    After built-in stripping:   4
    After scriptable stripping: 4
    Processed in 0.00 seconds
  Pass  (vp, metal) finished in 0.00 seconds. Local cache hits 4 (0.00s CPU time), remote cache hits 0 (0.00s CPU time), compiled 0 variants (0.00s CPU time), skipped 0 variants.
    Prepared data for serialisation in 0.00s
  Pass  (fp, metal) finished in 0.00 seconds. Local cache hits 4 (0.00s CPU time), remote cache hits 0 (0.00s CPU time), compiled 0 variants (0.00s CPU time), skipped 0 variants.
    Prepared data for serialisation in 0.00s
  Pass  (vp, metal) finished in 0.00 seconds. Local cache hits 4 (0.00s CPU time), remote cache hits 0 (0.00s CPU time), compiled 0 variants (0.00s CPU time), skipped 0 variants.
    Prepared data for serialisation in 0.00s
  Pass  (fp, metal) finished in 0.00 seconds. Local cache hits 4 (0.00s CPU time), remote cache hits 0 (0.00s CPU time), compiled 0 variants (0.00s CPU time), skipped 0 variants.
    Prepared data for serialisation in 0.00s
  Pass  (vp, metal) finished in 0.00 seconds. Local cache hits 4 (0.00s CPU time), remote cache hits 0 (0.00s CPU time), compiled 0 variants (0.00s CPU time), skipped 0 variants.
    Prepared data for serialisation in 0.00s
  Pass  (fp, metal) finished in 0.00 seconds. Local cache hits 4 (0.00s CPU time), remote cache hits 0 (0.00s CPU time), compiled 0 variants (0.00s CPU time), skipped 0 variants.
    Prepared data for serialisation in 0.00s
  Pass  (vp, metal) finished in 0.00 seconds. Local cache hits 4 (0.00s CPU time), remote cache hits 0 (0.00s CPU time), compiled 0 variants (0.00s CPU time), skipped 0 variants.
    Prepared data for serialisation in 0.00s
  Pass  (fp, metal) finished in 0.00 seconds. Local cache hits 4 (0.00s CPU time), remote cache hits 0 (0.00s CPU time), compiled 0 variants (0.00s CPU time), skipped 0 variants.
    Prepared data for serialisation in 0.00s
Serialized binary data for shader Hidden/Internal-ScreenSpaceShadows in 0.00s
    metal (total internal programs: 32, unique: 20)
Compiling shader "Hidden/Internal-CombineDepthNormals"
  Pass "" (vp)
    Target graphics API: metal
    Full variant space:         1
    After settings filtering:   1
    After built-in stripping:   1
    After scriptable stripping: 1
    Processed in 0.00 seconds
  Pass "" (fp)
    Target graphics API: metal
    Full variant space:         1
    After settings filtering:   1
    After built-in stripping:   1
    After scriptable stripping: 1
    Processed in 0.00 seconds
  Pass  (vp, metal) finished in 0.00 seconds. Local cache hits 1 (0.00s CPU time), remote cache hits 0 (0.00s CPU time), compiled 0 variants (0.00s CPU time), skipped 0 variants.
    Prepared data for serialisation in 0.00s
  Pass  (fp, metal) finished in 0.00 seconds. Local cache hits 1 (0.00s CPU time), remote cache hits 0 (0.00s CPU time), compiled 0 variants (0.00s CPU time), skipped 0 variants.
    Prepared data for serialisation in 0.00s
Serialized binary data for shader Hidden/Internal-CombineDepthNormals in 0.00s
    metal (total internal programs: 2, unique: 2)
Compiling shader "Hidden/BlitCopy"
  Pass "" (vp)
    Target graphics API: metal
    Full variant space:         1
    After settings filtering:   1
    After built-in stripping:   1
    After scriptable stripping: 1
    Processed in 0.00 seconds
  Pass "" (fp)
    Target graphics API: metal
    Full variant space:         1
    After settings filtering:   1
    After built-in stripping:   1
    After scriptable stripping: 1
    Processed in 0.00 seconds
  Pass  (vp, metal) finished in 0.00 seconds. Local cache hits 1 (0.00s CPU time), remote cache hits 0 (0.00s CPU time), compiled 0 variants (0.00s CPU time), skipped 0 variants.
    Prepared data for serialisation in 0.00s
  Pass  (fp, metal) finished in 0.00 seconds. Local cache hits 1 (0.00s CPU time), remote cache hits 0 (0.00s CPU time), compiled 0 variants (0.00s CPU time), skipped 0 variants.
    Prepared data for serialisation in 0.00s
Serialized binary data for shader Hidden/BlitCopy in 0.00s
    metal (total internal programs: 2, unique: 2)
Compiling shader "Hidden/BlitCopyDepth"
  Pass "" (vp)
    Target graphics API: metal
    Full variant space:         1
    After settings filtering:   1
    After built-in stripping:   1
    After scriptable stripping: 1
    Processed in 0.00 seconds
  Pass "" (fp)
    Target graphics API: metal
    Full variant space:         1
    After settings filtering:   1
    After built-in stripping:   1
    After scriptable stripping: 1
    Processed in 0.00 seconds
  Pass  (vp, metal) finished in 0.00 seconds. Local cache hits 1 (0.00s CPU time), remote cache hits 0 (0.00s CPU time), compiled 0 variants (0.00s CPU time), skipped 0 variants.
    Prepared data for serialisation in 0.00s
  Pass  (fp, metal) finished in 0.00 seconds. Local cache hits 1 (0.00s CPU time), remote cache hits 0 (0.00s CPU time), compiled 0 variants (0.00s CPU time), skipped 0 variants.
    Prepared data for serialisation in 0.00s
Serialized binary data for shader Hidden/BlitCopyDepth in 0.00s
    metal (total internal programs: 2, unique: 2)
Compiling shader "Hidden/ConvertTexture"
  Pass "" (vp)
    Target graphics API: metal
    Full variant space:         1
    After settings filtering:   1
    After built-in stripping:   1
    After scriptable stripping: 1
    Processed in 0.00 seconds
  Pass "" (fp)
    Target graphics API: metal
    Full variant space:         1
    After settings filtering:   1
    After built-in stripping:   1
    After scriptable stripping: 1
    Processed in 0.00 seconds
  Pass  (vp, metal) finished in 0.00 seconds. Local cache hits 1 (0.00s CPU time), remote cache hits 0 (0.00s CPU time), compiled 0 variants (0.00s CPU time), skipped 0 variants.
    Prepared data for serialisation in 0.00s
  Pass  (fp, metal) finished in 0.00 seconds. Local cache hits 1 (0.00s CPU time), remote cache hits 0 (0.00s CPU time), compiled 0 variants (0.00s CPU time), skipped 0 variants.
    Prepared data for serialisation in 0.00s
Serialized binary data for shader Hidden/ConvertTexture in 0.00s
    metal (total internal programs: 2, unique: 2)
Compiling shader "Hidden/Internal-DeferredShading"
  Pass "" (vp)
    Target graphics API: metal
    Full variant space:         94
    After settings filtering:   94
    After built-in stripping:   26
    After scriptable stripping: 26
    Processed in 0.00 seconds
  Pass "" (fp)
    Target graphics API: metal
    Full variant space:         94
    After settings filtering:   94
    After built-in stripping:   26
    After scriptable stripping: 26
    Processed in 0.00 seconds
  Pass "" (vp)
    Target graphics API: metal
    Full variant space:         1
    After settings filtering:   1
    After built-in stripping:   1
    After scriptable stripping: 1
    Processed in 0.00 seconds
  Pass "" (fp)
    Target graphics API: metal
    Full variant space:         1
    After settings filtering:   1
    After built-in stripping:   1
    After scriptable stripping: 1
    Processed in 0.00 seconds
  Pass  (vp, metal) finished in 0.00 seconds. Local cache hits 26 (0.00s CPU time), remote cache hits 0 (0.00s CPU time), compiled 0 variants (0.00s CPU time), skipped 0 variants.
    Prepared data for serialisation in 0.00s
  Pass  (fp, metal) finished in 0.00 seconds. Local cache hits 26 (0.01s CPU time), remote cache hits 0 (0.00s CPU time), compiled 0 variants (0.00s CPU time), skipped 0 variants.
    Prepared data for serialisation in 0.00s
  Pass  (vp, metal) finished in 0.00 seconds. Local cache hits 1 (0.00s CPU time), remote cache hits 0 (0.00s CPU time), compiled 0 variants (0.00s CPU time), skipped 0 variants.
    Prepared data for serialisation in 0.00s
  Pass  (fp, metal) finished in 0.00 seconds. Local cache hits 1 (0.00s CPU time), remote cache hits 0 (0.00s CPU time), compiled 0 variants (0.00s CPU time), skipped 0 variants.
    Prepared data for serialisation in 0.00s
Serialized binary data for shader Hidden/Internal-DeferredShading in 0.00s
    metal (total internal programs: 54, unique: 54)
Compiling shader "Hidden/Internal-DeferredReflections"
  Pass "" (vp)
    Target graphics API: metal
    Full variant space:         1
    After settings filtering:   1
    After built-in stripping:   1
    After scriptable stripping: 1
    Processed in 0.00 seconds
  Pass "" (fp)
    Target graphics API: metal
    Full variant space:         1
    After settings filtering:   1
    After built-in stripping:   1
    After scriptable stripping: 1
    Processed in 0.00 seconds
  Pass "" (vp)
    Target graphics API: metal
    Full variant space:         2
    After settings filtering:   2
    After built-in stripping:   2
    After scriptable stripping: 2
    Processed in 0.00 seconds
  Pass "" (fp)
    Target graphics API: metal
    Full variant space:         2
    After settings filtering:   2
    After built-in stripping:   2
    After scriptable stripping: 2
    Processed in 0.00 seconds
  Pass  (vp, metal) finished in 0.00 seconds. Local cache hits 1 (0.00s CPU time), remote cache hits 0 (0.00s CPU time), compiled 0 variants (0.00s CPU time), skipped 0 variants.
    Prepared data for serialisation in 0.00s
  Pass  (fp, metal) finished in 0.00 seconds. Local cache hits 1 (0.00s CPU time), remote cache hits 0 (0.00s CPU time), compiled 0 variants (0.00s CPU time), skipped 0 variants.
    Prepared data for serialisation in 0.00s
  Pass  (vp, metal) finished in 0.00 seconds. Local cache hits 2 (0.00s CPU time), remote cache hits 0 (0.00s CPU time), compiled 0 variants (0.00s CPU time), skipped 0 variants.
    Prepared data for serialisation in 0.00s
  Pass  (fp, metal) finished in 0.00 seconds. Local cache hits 2 (0.00s CPU time), remote cache hits 0 (0.00s CPU time), compiled 0 variants (0.00s CPU time), skipped 0 variants.
    Prepared data for serialisation in 0.00s
Serialized binary data for shader Hidden/Internal-DeferredReflections in 0.00s
    metal (total internal programs: 6, unique: 6)
Compiling shader "Hidden/Internal-MotionVectors"
  Pass "" (vp)
    Target graphics API: metal
    Full variant space:         1
    After settings filtering:   1
    After built-in stripping:   1
    After scriptable stripping: 1
    Processed in 0.00 seconds
  Pass "" (fp)
    Target graphics API: metal
    Full variant space:         1
    After settings filtering:   1
    After built-in stripping:   1
    After scriptable stripping: 1
    Processed in 0.00 seconds
  Pass "" (vp)
    Target graphics API: metal
    Full variant space:         1
    After settings filtering:   1
    After built-in stripping:   1
    After scriptable stripping: 1
    Processed in 0.00 seconds
  Pass "" (fp)
    Target graphics API: metal
    Full variant space:         1
    After settings filtering:   1
    After built-in stripping:   1
    After scriptable stripping: 1
    Processed in 0.00 seconds
  Pass "" (vp)
    Target graphics API: metal
    Full variant space:         1
    After settings filtering:   1
    After built-in stripping:   1
    After scriptable stripping: 1
    Processed in 0.00 seconds
  Pass "" (fp)
    Target graphics API: metal
    Full variant space:         1
    After settings filtering:   1
    After built-in stripping:   1
    After scriptable stripping: 1
    Processed in 0.00 seconds
  Pass  (vp, metal) finished in 0.00 seconds. Local cache hits 1 (0.00s CPU time), remote cache hits 0 (0.00s CPU time), compiled 0 variants (0.00s CPU time), skipped 0 variants.
    Prepared data for serialisation in 0.00s
  Pass  (fp, metal) finished in 0.00 seconds. Local cache hits 1 (0.00s CPU time), remote cache hits 0 (0.00s CPU time), compiled 0 variants (0.00s CPU time), skipped 0 variants.
    Prepared data for serialisation in 0.00s
  Pass  (vp, metal) finished in 0.00 seconds. Local cache hits 1 (0.00s CPU time), remote cache hits 0 (0.00s CPU time), compiled 0 variants (0.00s CPU time), skipped 0 variants.
    Prepared data for serialisation in 0.00s
  Pass  (fp, metal) finished in 0.00 seconds. Local cache hits 1 (0.00s CPU time), remote cache hits 0 (0.00s CPU time), compiled 0 variants (0.00s CPU time), skipped 0 variants.
    Prepared data for serialisation in 0.00s
  Pass  (vp, metal) finished in 0.00 seconds. Local cache hits 1 (0.00s CPU time), remote cache hits 0 (0.00s CPU time), compiled 0 variants (0.00s CPU time), skipped 0 variants.
    Prepared data for serialisation in 0.00s
  Pass  (fp, metal) finished in 0.00 seconds. Local cache hits 1 (0.00s CPU time), remote cache hits 0 (0.00s CPU time), compiled 0 variants (0.00s CPU time), skipped 0 variants.
    Prepared data for serialisation in 0.00s
Serialized binary data for shader Hidden/Internal-MotionVectors in 0.00s
    metal (total internal programs: 6, unique: 5)
Compiling shader "Hidden/Internal-Flare"
  Pass "" (vp)
    Target graphics API: metal
    Full variant space:         1
    After settings filtering:   1
    After built-in stripping:   1
    After scriptable stripping: 1
    Processed in 0.00 seconds
  Pass "" (fp)
    Target graphics API: metal
    Full variant space:         1
    After settings filtering:   1
    After built-in stripping:   1
    After scriptable stripping: 1
    Processed in 0.00 seconds
  Pass  (vp, metal) finished in 0.00 seconds. Local cache hits 1 (0.00s CPU time), remote cache hits 0 (0.00s CPU time), compiled 0 variants (0.00s CPU time), skipped 0 variants.
    Prepared data for serialisation in 0.00s
  Pass  (fp, metal) finished in 0.00 seconds. Local cache hits 1 (0.00s CPU time), remote cache hits 0 (0.00s CPU time), compiled 0 variants (0.00s CPU time), skipped 0 variants.
    Prepared data for serialisation in 0.00s
Serialized binary data for shader Hidden/Internal-Flare in 0.00s
    metal (total internal programs: 2, unique: 2)
Compiling shader "Hidden/Internal-Halo"
  Pass "" (vp)
    Target graphics API: metal
    Full variant space:         4
    After settings filtering:   4
    After built-in stripping:   1
    After scriptable stripping: 1
    Processed in 0.00 seconds
  Pass "" (fp)
    Target graphics API: metal
    Full variant space:         4
    After settings filtering:   4
    After built-in stripping:   1
    After scriptable stripping: 1
    Processed in 0.00 seconds
  Pass  (vp, metal) finished in 0.00 seconds. Local cache hits 1 (0.00s CPU time), remote cache hits 0 (0.00s CPU time), compiled 0 variants (0.00s CPU time), skipped 0 variants.
    Prepared data for serialisation in 0.00s
  Pass  (fp, metal) finished in 0.00 seconds. Local cache hits 1 (0.00s CPU time), remote cache hits 0 (0.00s CPU time), compiled 0 variants (0.00s CPU time), skipped 0 variants.
    Prepared data for serialisation in 0.00s
Serialized binary data for shader Hidden/Internal-Halo in 0.00s
    metal (total internal programs: 2, unique: 2)
Compiling shader "Hidden/BlitCopyWithDepth"
  Pass "" (vp)
    Target graphics API: metal
    Full variant space:         1
    After settings filtering:   1
    After built-in stripping:   1
    After scriptable stripping: 1
    Processed in 0.00 seconds
  Pass "" (fp)
    Target graphics API: metal
    Full variant space:         1
    After settings filtering:   1
    After built-in stripping:   1
    After scriptable stripping: 1
    Processed in 0.00 seconds
  Pass  (vp, metal) finished in 0.00 seconds. Local cache hits 1 (0.00s CPU time), remote cache hits 0 (0.00s CPU time), compiled 0 variants (0.00s CPU time), skipped 0 variants.
    Prepared data for serialisation in 0.00s
  Pass  (fp, metal) finished in 0.00 seconds. Local cache hits 1 (0.00s CPU time), remote cache hits 0 (0.00s CPU time), compiled 0 variants (0.00s CPU time), skipped 0 variants.
    Prepared data for serialisation in 0.00s
Serialized binary data for shader Hidden/BlitCopyWithDepth in 0.00s
    metal (total internal programs: 2, unique: 2)
Compiling shader "Hidden/BlitToDepth"
  Pass "" (vp)
    Target graphics API: metal
    Full variant space:         1
    After settings filtering:   1
    After built-in stripping:   1
    After scriptable stripping: 1
    Processed in 0.00 seconds
  Pass "" (fp)
    Target graphics API: metal
    Full variant space:         1
    After settings filtering:   1
    After built-in stripping:   1
    After scriptable stripping: 1
    Processed in 0.00 seconds
  Pass  (vp, metal) finished in 0.00 seconds. Local cache hits 1 (0.00s CPU time), remote cache hits 0 (0.00s CPU time), compiled 0 variants (0.00s CPU time), skipped 0 variants.
    Prepared data for serialisation in 0.00s
  Pass  (fp, metal) finished in 0.00 seconds. Local cache hits 1 (0.00s CPU time), remote cache hits 0 (0.00s CPU time), compiled 0 variants (0.00s CPU time), skipped 0 variants.
    Prepared data for serialisation in 0.00s
Serialized binary data for shader Hidden/BlitToDepth in 0.00s
    metal (total internal programs: 2, unique: 2)
Compiling shader "Hidden/BlitToDepth_MSAA"
  Pass "" (vp)
    Target graphics API: metal
    Full variant space:         1
    After settings filtering:   1
    After built-in stripping:   1
    After scriptable stripping: 1
    Processed in 0.00 seconds
  Pass "" (fp)
    Target graphics API: metal
    Full variant space:         1
    After settings filtering:   1
    After built-in stripping:   1
    After scriptable stripping: 1
    Processed in 0.00 seconds
  Pass  (vp, metal) finished in 0.00 seconds. Local cache hits 1 (0.00s CPU time), remote cache hits 0 (0.00s CPU time), compiled 0 variants (0.00s CPU time), skipped 0 variants.
    Prepared data for serialisation in 0.00s
  Pass  (fp, metal) finished in 0.00 seconds. Local cache hits 1 (0.00s CPU time), remote cache hits 0 (0.00s CPU time), compiled 0 variants (0.00s CPU time), skipped 0 variants.
    Prepared data for serialisation in 0.00s
Serialized binary data for shader Hidden/BlitToDepth_MSAA in 0.00s
    metal (total internal programs: 2, unique: 2)
Compiling shader "Hidden/BlitCopyHDRTonemap"
  Pass "" (vp)
    Target graphics API: metal
    Full variant space:         1
    After settings filtering:   1
    After built-in stripping:   1
    After scriptable stripping: 1
    Processed in 0.00 seconds
  Pass "" (fp)
    Target graphics API: metal
    Full variant space:         1
    After settings filtering:   1
    After built-in stripping:   1
    After scriptable stripping: 1
    Processed in 0.00 seconds
  Pass  (vp, metal) finished in 0.00 seconds. Local cache hits 1 (0.00s CPU time), remote cache hits 0 (0.00s CPU time), compiled 0 variants (0.00s CPU time), skipped 0 variants.
    Prepared data for serialisation in 0.00s
  Pass  (fp, metal) finished in 0.00 seconds. Local cache hits 1 (0.00s CPU time), remote cache hits 0 (0.00s CPU time), compiled 0 variants (0.00s CPU time), skipped 0 variants.
    Prepared data for serialisation in 0.00s
Serialized binary data for shader Hidden/BlitCopyHDRTonemap in 0.00s
    metal (total internal programs: 2, unique: 2)
Compiling shader "Hidden/Internal-DebugPattern"
  Pass "Target Color and DepthStencil" (vp)
    Target graphics API: metal
    Full variant space:         1
    After settings filtering:   1
    After built-in stripping:   1
    After scriptable stripping: 1
    Processed in 0.00 seconds
  Pass "Target Color and DepthStencil" (fp)
    Target graphics API: metal
    Full variant space:         1
    After settings filtering:   1
    After built-in stripping:   1
    After scriptable stripping: 1
    Processed in 0.00 seconds
  Pass "Target only Color" (vp)
    Target graphics API: metal
    Full variant space:         1
    After settings filtering:   1
    After built-in stripping:   1
    After scriptable stripping: 1
    Processed in 0.00 seconds
  Pass "Target only Color" (fp)
    Target graphics API: metal
    Full variant space:         1
    After settings filtering:   1
    After built-in stripping:   1
    After scriptable stripping: 1
    Processed in 0.00 seconds
  Pass "Target only DepthStencil" (vp)
    Target graphics API: metal
    Full variant space:         1
    After settings filtering:   1
    After built-in stripping:   1
    After scriptable stripping: 1
    Processed in 0.00 seconds
  Pass "Target only DepthStencil" (fp)
    Target graphics API: metal
    Full variant space:         1
    After settings filtering:   1
    After built-in stripping:   1
    After scriptable stripping: 1
    Processed in 0.00 seconds
  Pass Target Color and DepthStencil (vp, metal) finished in 0.00 seconds. Local cache hits 1 (0.00s CPU time), remote cache hits 0 (0.00s CPU time), compiled 0 variants (0.00s CPU time), skipped 0 variants.
    Prepared data for serialisation in 0.00s
  Pass Target Color and DepthStencil (fp, metal) finished in 0.00 seconds. Local cache hits 1 (0.00s CPU time), remote cache hits 0 (0.00s CPU time), compiled 0 variants (0.00s CPU time), skipped 0 variants.
    Prepared data for serialisation in 0.00s
  Pass Target only Color (vp, metal) finished in 0.00 seconds. Local cache hits 1 (0.00s CPU time), remote cache hits 0 (0.00s CPU time), compiled 0 variants (0.00s CPU time), skipped 0 variants.
    Prepared data for serialisation in 0.00s
  Pass Target only Color (fp, metal) finished in 0.00 seconds. Local cache hits 1 (0.00s CPU time), remote cache hits 0 (0.00s CPU time), compiled 0 variants (0.00s CPU time), skipped 0 variants.
    Prepared data for serialisation in 0.00s
  Pass Target only DepthStencil (vp, metal) finished in 0.00 seconds. Local cache hits 1 (0.00s CPU time), remote cache hits 0 (0.00s CPU time), compiled 0 variants (0.00s CPU time), skipped 0 variants.
    Prepared data for serialisation in 0.00s
  Pass Target only DepthStencil (fp, metal) finished in 0.00 seconds. Local cache hits 1 (0.00s CPU time), remote cache hits 0 (0.00s CPU time), compiled 0 variants (0.00s CPU time), skipped 0 variants.
    Prepared data for serialisation in 0.00s
Serialized binary data for shader Hidden/Internal-DebugPattern in 0.00s
    metal (total internal programs: 6, unique: 4)
Compiling shader "Hidden/Internal-GUITextureClip"
  Pass "" (vp)
    Target graphics API: metal
    Full variant space:         1
    After settings filtering:   1
    After built-in stripping:   1
    After scriptable stripping: 1
    Processed in 0.00 seconds
  Pass "" (fp)
    Target graphics API: metal
    Full variant space:         1
    After settings filtering:   1
    After built-in stripping:   1
    After scriptable stripping: 1
    Processed in 0.00 seconds
  Pass "" (vp)
    Target graphics API: metal
    Full variant space:         1
    After settings filtering:   1
    After built-in stripping:   1
    After scriptable stripping: 1
    Processed in 0.00 seconds
  Pass "" (fp)
    Target graphics API: metal
    Full variant space:         1
    After settings filtering:   1
    After built-in stripping:   1
    After scriptable stripping: 1
    Processed in 0.00 seconds
  Pass  (vp, metal) finished in 0.00 seconds. Local cache hits 1 (0.00s CPU time), remote cache hits 0 (0.00s CPU time), compiled 0 variants (0.00s CPU time), skipped 0 variants.
    Prepared data for serialisation in 0.00s
  Pass  (fp, metal) finished in 0.00 seconds. Local cache hits 1 (0.00s CPU time), remote cache hits 0 (0.00s CPU time), compiled 0 variants (0.00s CPU time), skipped 0 variants.
    Prepared data for serialisation in 0.00s
  Pass  (vp, metal) finished in 0.00 seconds. Local cache hits 1 (0.00s CPU time), remote cache hits 0 (0.00s CPU time), compiled 0 variants (0.00s CPU time), skipped 0 variants.
    Prepared data for serialisation in 0.00s
  Pass  (fp, metal) finished in 0.00 seconds. Local cache hits 1 (0.00s CPU time), remote cache hits 0 (0.00s CPU time), compiled 0 variants (0.00s CPU time), skipped 0 variants.
    Prepared data for serialisation in 0.00s
Serialized binary data for shader Hidden/Internal-GUITextureClip in 0.00s
    metal (total internal programs: 4, unique: 2)
Compiling shader "Hidden/Internal-GUITextureClipText"
  Pass "" (vp)
    Target graphics API: metal
    Full variant space:         1
    After settings filtering:   1
    After built-in stripping:   1
    After scriptable stripping: 1
    Processed in 0.00 seconds
  Pass "" (fp)
    Target graphics API: metal
    Full variant space:         1
    After settings filtering:   1
    After built-in stripping:   1
    After scriptable stripping: 1
    Processed in 0.00 seconds
  Pass "" (vp)
    Target graphics API: metal
    Full variant space:         1
    After settings filtering:   1
    After built-in stripping:   1
    After scriptable stripping: 1
    Processed in 0.00 seconds
  Pass "" (fp)
    Target graphics API: metal
    Full variant space:         1
    After settings filtering:   1
    After built-in stripping:   1
    After scriptable stripping: 1
    Processed in 0.00 seconds
  Pass  (vp, metal) finished in 0.00 seconds. Local cache hits 1 (0.00s CPU time), remote cache hits 0 (0.00s CPU time), compiled 0 variants (0.00s CPU time), skipped 0 variants.
    Prepared data for serialisation in 0.00s
  Pass  (fp, metal) finished in 0.00 seconds. Local cache hits 1 (0.00s CPU time), remote cache hits 0 (0.00s CPU time), compiled 0 variants (0.00s CPU time), skipped 0 variants.
    Prepared data for serialisation in 0.00s
  Pass  (vp, metal) finished in 0.00 seconds. Local cache hits 1 (0.00s CPU time), remote cache hits 0 (0.00s CPU time), compiled 0 variants (0.00s CPU time), skipped 0 variants.
    Prepared data for serialisation in 0.00s
  Pass  (fp, metal) finished in 0.00 seconds. Local cache hits 1 (0.00s CPU time), remote cache hits 0 (0.00s CPU time), compiled 0 variants (0.00s CPU time), skipped 0 variants.
    Prepared data for serialisation in 0.00s
Serialized binary data for shader Hidden/Internal-GUITextureClipText in 0.00s
    metal (total internal programs: 4, unique: 2)
Compiling shader "Hidden/Internal-GUITexture"
  Pass "" (vp)
    Target graphics API: metal
    Full variant space:         1
    After settings filtering:   1
    After built-in stripping:   1
    After scriptable stripping: 1
    Processed in 0.00 seconds
  Pass "" (fp)
    Target graphics API: metal
    Full variant space:         1
    After settings filtering:   1
    After built-in stripping:   1
    After scriptable stripping: 1
    Processed in 0.00 seconds
  Pass "" (vp)
    Target graphics API: metal
    Full variant space:         1
    After settings filtering:   1
    After built-in stripping:   1
    After scriptable stripping: 1
    Processed in 0.00 seconds
  Pass "" (fp)
    Target graphics API: metal
    Full variant space:         1
    After settings filtering:   1
    After built-in stripping:   1
    After scriptable stripping: 1
    Processed in 0.00 seconds
  Pass  (vp, metal) finished in 0.00 seconds. Local cache hits 1 (0.00s CPU time), remote cache hits 0 (0.00s CPU time), compiled 0 variants (0.00s CPU time), skipped 0 variants.
    Prepared data for serialisation in 0.00s
  Pass  (fp, metal) finished in 0.00 seconds. Local cache hits 1 (0.00s CPU time), remote cache hits 0 (0.00s CPU time), compiled 0 variants (0.00s CPU time), skipped 0 variants.
    Prepared data for serialisation in 0.00s
  Pass  (vp, metal) finished in 0.00 seconds. Local cache hits 1 (0.00s CPU time), remote cache hits 0 (0.00s CPU time), compiled 0 variants (0.00s CPU time), skipped 0 variants.
    Prepared data for serialisation in 0.00s
  Pass  (fp, metal) finished in 0.00 seconds. Local cache hits 1 (0.00s CPU time), remote cache hits 0 (0.00s CPU time), compiled 0 variants (0.00s CPU time), skipped 0 variants.
    Prepared data for serialisation in 0.00s
Serialized binary data for shader Hidden/Internal-GUITexture in 0.00s
    metal (total internal programs: 4, unique: 2)
Compiling shader "Hidden/Internal-GUITextureBlit"
  Pass "" (vp)
    Target graphics API: metal
    Full variant space:         1
    After settings filtering:   1
    After built-in stripping:   1
    After scriptable stripping: 1
    Processed in 0.00 seconds
  Pass "" (fp)
    Target graphics API: metal
    Full variant space:         1
    After settings filtering:   1
    After built-in stripping:   1
    After scriptable stripping: 1
    Processed in 0.00 seconds
  Pass "" (vp)
    Target graphics API: metal
    Full variant space:         1
    After settings filtering:   1
    After built-in stripping:   1
    After scriptable stripping: 1
    Processed in 0.00 seconds
  Pass "" (fp)
    Target graphics API: metal
    Full variant space:         1
    After settings filtering:   1
    After built-in stripping:   1
    After scriptable stripping: 1
    Processed in 0.00 seconds
  Pass  (vp, metal) finished in 0.00 seconds. Local cache hits 1 (0.00s CPU time), remote cache hits 0 (0.00s CPU time), compiled 0 variants (0.00s CPU time), skipped 0 variants.
    Prepared data for serialisation in 0.00s
  Pass  (fp, metal) finished in 0.00 seconds. Local cache hits 1 (0.00s CPU time), remote cache hits 0 (0.00s CPU time), compiled 0 variants (0.00s CPU time), skipped 0 variants.
    Prepared data for serialisation in 0.00s
  Pass  (vp, metal) finished in 0.00 seconds. Local cache hits 1 (0.00s CPU time), remote cache hits 0 (0.00s CPU time), compiled 0 variants (0.00s CPU time), skipped 0 variants.
    Prepared data for serialisation in 0.00s
  Pass  (fp, metal) finished in 0.00 seconds. Local cache hits 1 (0.00s CPU time), remote cache hits 0 (0.00s CPU time), compiled 0 variants (0.00s CPU time), skipped 0 variants.
    Prepared data for serialisation in 0.00s
Serialized binary data for shader Hidden/Internal-GUITextureBlit in 0.00s
    metal (total internal programs: 4, unique: 2)
Compiling shader "Hidden/Internal-GUIRoundedRect"
  Pass "" (vp)
    Target graphics API: metal
    Full variant space:         1
    After settings filtering:   1
    After built-in stripping:   1
    After scriptable stripping: 1
    Processed in 0.00 seconds
  Pass "" (fp)
    Target graphics API: metal
    Full variant space:         1
    After settings filtering:   1
    After built-in stripping:   1
    After scriptable stripping: 1
    Processed in 0.00 seconds
  Pass "" (vp)
    Target graphics API: metal
    Full variant space:         1
    After settings filtering:   1
    After built-in stripping:   1
    After scriptable stripping: 1
    Processed in 0.00 seconds
  Pass "" (fp)
    Target graphics API: metal
    Full variant space:         1
    After settings filtering:   1
    After built-in stripping:   1
    After scriptable stripping: 1
    Processed in 0.00 seconds
  Pass  (vp, metal) finished in 0.00 seconds. Local cache hits 1 (0.00s CPU time), remote cache hits 0 (0.00s CPU time), compiled 0 variants (0.00s CPU time), skipped 0 variants.
    Prepared data for serialisation in 0.00s
  Pass  (fp, metal) finished in 0.00 seconds. Local cache hits 1 (0.00s CPU time), remote cache hits 0 (0.00s CPU time), compiled 0 variants (0.00s CPU time), skipped 0 variants.
    Prepared data for serialisation in 0.00s
  Pass  (vp, metal) finished in 0.00 seconds. Local cache hits 1 (0.00s CPU time), remote cache hits 0 (0.00s CPU time), compiled 0 variants (0.00s CPU time), skipped 0 variants.
    Prepared data for serialisation in 0.00s
  Pass  (fp, metal) finished in 0.00 seconds. Local cache hits 1 (0.00s CPU time), remote cache hits 0 (0.00s CPU time), compiled 0 variants (0.00s CPU time), skipped 0 variants.
    Prepared data for serialisation in 0.00s
Serialized binary data for shader Hidden/Internal-GUIRoundedRect in 0.00s
    metal (total internal programs: 4, unique: 2)
Compiling shader "Hidden/Internal-GUIRoundedRectWithColorPerBorder"
  Pass "" (vp)
    Target graphics API: metal
    Full variant space:         1
    After settings filtering:   1
    After built-in stripping:   1
    After scriptable stripping: 1
    Processed in 0.00 seconds
  Pass "" (fp)
    Target graphics API: metal
    Full variant space:         1
    After settings filtering:   1
    After built-in stripping:   1
    After scriptable stripping: 1
    Processed in 0.00 seconds
  Pass "" (vp)
    Target graphics API: metal
    Full variant space:         1
    After settings filtering:   1
    After built-in stripping:   1
    After scriptable stripping: 1
    Processed in 0.00 seconds
  Pass "" (fp)
    Target graphics API: metal
    Full variant space:         1
    After settings filtering:   1
    After built-in stripping:   1
    After scriptable stripping: 1
    Processed in 0.00 seconds
  Pass  (vp, metal) finished in 0.00 seconds. Local cache hits 1 (0.00s CPU time), remote cache hits 0 (0.00s CPU time), compiled 0 variants (0.00s CPU time), skipped 0 variants.
    Prepared data for serialisation in 0.00s
  Pass  (fp, metal) finished in 0.00 seconds. Local cache hits 1 (0.00s CPU time), remote cache hits 0 (0.00s CPU time), compiled 0 variants (0.00s CPU time), skipped 0 variants.
    Prepared data for serialisation in 0.00s
  Pass  (vp, metal) finished in 0.00 seconds. Local cache hits 1 (0.00s CPU time), remote cache hits 0 (0.00s CPU time), compiled 0 variants (0.00s CPU time), skipped 0 variants.
    Prepared data for serialisation in 0.00s
  Pass  (fp, metal) finished in 0.00 seconds. Local cache hits 1 (0.00s CPU time), remote cache hits 0 (0.00s CPU time), compiled 0 variants (0.00s CPU time), skipped 0 variants.
    Prepared data for serialisation in 0.00s
Serialized binary data for shader Hidden/Internal-GUIRoundedRectWithColorPerBorder in 0.00s
    metal (total internal programs: 4, unique: 2)
Compiling shader "Hidden/Internal-UIRDefault"
  Pass "" (vp)
    Target graphics API: metal
    Full variant space:         40
    After settings filtering:   40
    After built-in stripping:   40
    After scriptable stripping: 40
    Processed in 0.00 seconds
  Pass "" (fp)
    Target graphics API: metal
    Full variant space:         40
    After settings filtering:   40
    After built-in stripping:   40
    After scriptable stripping: 40
    Processed in 0.00 seconds
  Pass  (vp, metal) finished in 0.00 seconds. Local cache hits 40 (0.01s CPU time), remote cache hits 0 (0.00s CPU time), compiled 0 variants (0.00s CPU time), skipped 0 variants.
    Prepared data for serialisation in 0.00s
  Pass  (fp, metal) finished in 0.00 seconds. Local cache hits 40 (0.02s CPU time), remote cache hits 0 (0.00s CPU time), compiled 0 variants (0.00s CPU time), skipped 0 variants.
    Prepared data for serialisation in 0.00s
Serialized binary data for shader Hidden/Internal-UIRDefault in 0.00s
    metal (total internal programs: 80, unique: 80)
Compiling shader "Hidden/Internal-UIRAtlasBlitCopy"
  Pass "" (vp)
    Target graphics API: metal
    Full variant space:         1
    After settings filtering:   1
    After built-in stripping:   1
    After scriptable stripping: 1
    Processed in 0.00 seconds
  Pass "" (fp)
    Target graphics API: metal
    Full variant space:         1
    After settings filtering:   1
    After built-in stripping:   1
    After scriptable stripping: 1
    Processed in 0.00 seconds
  Pass  (vp, metal) finished in 0.00 seconds. Local cache hits 1 (0.00s CPU time), remote cache hits 0 (0.00s CPU time), compiled 0 variants (0.00s CPU time), skipped 0 variants.
    Prepared data for serialisation in 0.00s
  Pass  (fp, metal) finished in 0.00 seconds. Local cache hits 1 (0.00s CPU time), remote cache hits 0 (0.00s CPU time), compiled 0 variants (0.00s CPU time), skipped 0 variants.
    Prepared data for serialisation in 0.00s
Serialized binary data for shader Hidden/Internal-UIRAtlasBlitCopy in 0.00s
    metal (total internal programs: 2, unique: 2)
Compiling shader "Sprites/Default"
  Pass "" (vp)
    Target graphics API: metal
    Full variant space:         8
    After settings filtering:   8
    After built-in stripping:   4
    After scriptable stripping: 4
    Processed in 0.00 seconds
  Pass "" (fp)
    Target graphics API: metal
    Full variant space:         8
    After settings filtering:   8
    After built-in stripping:   4
    After scriptable stripping: 4
    Processed in 0.00 seconds
  Pass  (vp, metal) finished in 0.00 seconds. Local cache hits 4 (0.00s CPU time), remote cache hits 0 (0.00s CPU time), compiled 0 variants (0.00s CPU time), skipped 0 variants.
    Prepared data for serialisation in 0.00s
  Pass  (fp, metal) finished in 0.00 seconds. Local cache hits 4 (0.01s CPU time), remote cache hits 0 (0.00s CPU time), compiled 0 variants (0.00s CPU time), skipped 0 variants.
    Prepared data for serialisation in 0.00s
Serialized binary data for shader Sprites/Default in 0.00s
    metal (total internal programs: 8, unique: 8)
Compiling shader "Sprites/Mask"
  Pass "" (vp)
    Target graphics API: metal
    Full variant space:         4
    After settings filtering:   4
    After built-in stripping:   4
    After scriptable stripping: 4
    Processed in 0.00 seconds
  Pass "" (fp)
    Target graphics API: metal
    Full variant space:         4
    After settings filtering:   4
    After built-in stripping:   4
    After scriptable stripping: 4
    Processed in 0.00 seconds
  Pass  (vp, metal) finished in 0.00 seconds. Local cache hits 4 (0.00s CPU time), remote cache hits 0 (0.00s CPU time), compiled 0 variants (0.00s CPU time), skipped 0 variants.
    Prepared data for serialisation in 0.00s
  Pass  (fp, metal) finished in 0.00 seconds. Local cache hits 4 (0.00s CPU time), remote cache hits 0 (0.00s CPU time), compiled 0 variants (0.00s CPU time), skipped 0 variants.
    Prepared data for serialisation in 0.00s
Serialized binary data for shader Sprites/Mask in 0.00s
    metal (total internal programs: 8, unique: 8)
Compiling shader "UI/Default"
  Pass "Default" (vp)
    Target graphics API: metal
    Full variant space:         4
    After settings filtering:   4
    After built-in stripping:   4
    After scriptable stripping: 4
    Processed in 0.00 seconds
  Pass "Default" (fp)
    Target graphics API: metal
    Full variant space:         4
    After settings filtering:   4
    After built-in stripping:   4
    After scriptable stripping: 4
    Processed in 0.00 seconds
  Pass "XRMotionVectors" (vp)
    Target graphics API: metal
    Full variant space:         4
    After settings filtering:   4
    After built-in stripping:   4
    After scriptable stripping: 0
    Processed in 0.00 seconds
  Pass "XRMotionVectors" (fp)
    Target graphics API: metal
    Full variant space:         4
    After settings filtering:   4
    After built-in stripping:   4
    After scriptable stripping: 0
    Processed in 0.00 seconds
  Pass Default (vp, metal) finished in 0.00 seconds. Local cache hits 4 (0.00s CPU time), remote cache hits 0 (0.00s CPU time), compiled 0 variants (0.00s CPU time), skipped 0 variants.
    Prepared data for serialisation in 0.00s
  Pass Default (fp, metal) finished in 0.00 seconds. Local cache hits 4 (0.00s CPU time), remote cache hits 0 (0.00s CPU time), compiled 0 variants (0.00s CPU time), skipped 0 variants.
    Prepared data for serialisation in 0.00s
Serialized binary data for shader UI/Default in 0.00s
    metal (total internal programs: 8, unique: 8)
Compiling shader "UI/DefaultETC1"
  Pass "Default" (vp)
    Target graphics API: metal
    Full variant space:         4
    After settings filtering:   4
    After built-in stripping:   4
    After scriptable stripping: 4
    Processed in 0.00 seconds
  Pass "Default" (fp)
    Target graphics API: metal
    Full variant space:         4
    After settings filtering:   4
    After built-in stripping:   4
    After scriptable stripping: 4
    Processed in 0.00 seconds
  Pass "XRMotionVectors" (vp)
    Target graphics API: metal
    Full variant space:         4
    After settings filtering:   4
    After built-in stripping:   4
    After scriptable stripping: 0
    Processed in 0.00 seconds
  Pass "XRMotionVectors" (fp)
    Target graphics API: metal
    Full variant space:         4
    After settings filtering:   4
    After built-in stripping:   4
    After scriptable stripping: 0
    Processed in 0.00 seconds
  Pass Default (vp, metal) finished in 0.00 seconds. Local cache hits 4 (0.00s CPU time), remote cache hits 0 (0.00s CPU time), compiled 0 variants (0.00s CPU time), skipped 0 variants.
    Prepared data for serialisation in 0.00s
  Pass Default (fp, metal) finished in 0.00 seconds. Local cache hits 4 (0.00s CPU time), remote cache hits 0 (0.00s CPU time), compiled 0 variants (0.00s CPU time), skipped 0 variants.
    Prepared data for serialisation in 0.00s
Serialized binary data for shader UI/DefaultETC1 in 0.00s
    metal (total internal programs: 8, unique: 8)
Compiling shader "Hidden/CubeBlur"
  Pass "" (vp)
    Target graphics API: metal
    Full variant space:         1
    After settings filtering:   1
    After built-in stripping:   1
    After scriptable stripping: 1
    Processed in 0.00 seconds
  Pass "" (fp)
    Target graphics API: metal
    Full variant space:         1
    After settings filtering:   1
    After built-in stripping:   1
    After scriptable stripping: 1
    Processed in 0.00 seconds
  Pass "" (vp)
    Target graphics API: metal
    Full variant space:         1
    After settings filtering:   1
    After built-in stripping:   1
    After scriptable stripping: 1
    Processed in 0.00 seconds
  Pass "" (fp)
    Target graphics API: metal
    Full variant space:         1
    After settings filtering:   1
    After built-in stripping:   1
    After scriptable stripping: 1
    Processed in 0.00 seconds
  Pass  (vp, metal) finished in 0.00 seconds. Local cache hits 1 (0.00s CPU time), remote cache hits 0 (0.00s CPU time), compiled 0 variants (0.00s CPU time), skipped 0 variants.
    Prepared data for serialisation in 0.00s
  Pass  (fp, metal) finished in 0.00 seconds. Local cache hits 1 (0.00s CPU time), remote cache hits 0 (0.00s CPU time), compiled 0 variants (0.00s CPU time), skipped 0 variants.
    Prepared data for serialisation in 0.00s
  Pass  (vp, metal) finished in 0.00 seconds. Local cache hits 1 (0.00s CPU time), remote cache hits 0 (0.00s CPU time), compiled 0 variants (0.00s CPU time), skipped 0 variants.
    Prepared data for serialisation in 0.00s
  Pass  (fp, metal) finished in 0.00 seconds. Local cache hits 1 (0.00s CPU time), remote cache hits 0 (0.00s CPU time), compiled 0 variants (0.00s CPU time), skipped 0 variants.
    Prepared data for serialisation in 0.00s
Serialized binary data for shader Hidden/CubeBlur in 0.00s
    metal (total internal programs: 4, unique: 3)
Compiling shader "Hidden/CubeCopy"
  Pass "" (vp)
    Target graphics API: metal
    Full variant space:         1
    After settings filtering:   1
    After built-in stripping:   1
    After scriptable stripping: 1
    Processed in 0.00 seconds
  Pass "" (fp)
    Target graphics API: metal
    Full variant space:         1
    After settings filtering:   1
    After built-in stripping:   1
    After scriptable stripping: 1
    Processed in 0.00 seconds
  Pass "" (vp)
    Target graphics API: metal
    Full variant space:         1
    After settings filtering:   1
    After built-in stripping:   1
    After scriptable stripping: 1
    Processed in 0.00 seconds
  Pass "" (fp)
    Target graphics API: metal
    Full variant space:         1
    After settings filtering:   1
    After built-in stripping:   1
    After scriptable stripping: 1
    Processed in 0.00 seconds
  Pass  (vp, metal) finished in 0.00 seconds. Local cache hits 1 (0.00s CPU time), remote cache hits 0 (0.00s CPU time), compiled 0 variants (0.00s CPU time), skipped 0 variants.
    Prepared data for serialisation in 0.00s
  Pass  (fp, metal) finished in 0.00 seconds. Local cache hits 1 (0.00s CPU time), remote cache hits 0 (0.00s CPU time), compiled 0 variants (0.00s CPU time), skipped 0 variants.
    Prepared data for serialisation in 0.00s
  Pass  (vp, metal) finished in 0.00 seconds. Local cache hits 1 (0.00s CPU time), remote cache hits 0 (0.00s CPU time), compiled 0 variants (0.00s CPU time), skipped 0 variants.
    Prepared data for serialisation in 0.00s
  Pass  (fp, metal) finished in 0.00 seconds. Local cache hits 1 (0.00s CPU time), remote cache hits 0 (0.00s CPU time), compiled 0 variants (0.00s CPU time), skipped 0 variants.
    Prepared data for serialisation in 0.00s
Serialized binary data for shader Hidden/CubeCopy in 0.00s
    metal (total internal programs: 4, unique: 2)
Compiling shader "Hidden/CubeBlend"
  Pass "" (vp)
    Target graphics API: metal
    Full variant space:         1
    After settings filtering:   1
    After built-in stripping:   1
    After scriptable stripping: 1
    Processed in 0.00 seconds
  Pass "" (fp)
    Target graphics API: metal
    Full variant space:         1
    After settings filtering:   1
    After built-in stripping:   1
    After scriptable stripping: 1
    Processed in 0.00 seconds
  Pass "" (vp)
    Target graphics API: metal
    Full variant space:         1
    After settings filtering:   1
    After built-in stripping:   1
    After scriptable stripping: 1
    Processed in 0.00 seconds
  Pass "" (fp)
    Target graphics API: metal
    Full variant space:         1
    After settings filtering:   1
    After built-in stripping:   1
    After scriptable stripping: 1
    Processed in 0.00 seconds
  Pass  (vp, metal) finished in 0.00 seconds. Local cache hits 1 (0.00s CPU time), remote cache hits 0 (0.00s CPU time), compiled 0 variants (0.00s CPU time), skipped 0 variants.
    Prepared data for serialisation in 0.00s
  Pass  (fp, metal) finished in 0.00 seconds. Local cache hits 1 (0.00s CPU time), remote cache hits 0 (0.00s CPU time), compiled 0 variants (0.00s CPU time), skipped 0 variants.
    Prepared data for serialisation in 0.00s
  Pass  (vp, metal) finished in 0.00 seconds. Local cache hits 1 (0.00s CPU time), remote cache hits 0 (0.00s CPU time), compiled 0 variants (0.00s CPU time), skipped 0 variants.
    Prepared data for serialisation in 0.00s
  Pass  (fp, metal) finished in 0.00 seconds. Local cache hits 1 (0.00s CPU time), remote cache hits 0 (0.00s CPU time), compiled 0 variants (0.00s CPU time), skipped 0 variants.
    Prepared data for serialisation in 0.00s
Serialized binary data for shader Hidden/CubeBlend in 0.00s
    metal (total internal programs: 4, unique: 2)
Compiling shader "Hidden/VR/BlitTexArraySlice"
  Pass "" (vp)
    Target graphics API: metal
    Full variant space:         1
    After settings filtering:   1
    After built-in stripping:   1
    After scriptable stripping: 1
    Processed in 0.00 seconds
  Pass "" (fp)
    Target graphics API: metal
    Full variant space:         1
    After settings filtering:   1
    After built-in stripping:   1
    After scriptable stripping: 1
    Processed in 0.00 seconds
  Pass  (vp, metal) finished in 0.00 seconds. Local cache hits 1 (0.00s CPU time), remote cache hits 0 (0.00s CPU time), compiled 0 variants (0.00s CPU time), skipped 0 variants.
    Prepared data for serialisation in 0.00s
  Pass  (fp, metal) finished in 0.00 seconds. Local cache hits 1 (0.00s CPU time), remote cache hits 0 (0.00s CPU time), compiled 0 variants (0.00s CPU time), skipped 0 variants.
    Prepared data for serialisation in 0.00s
Serialized binary data for shader Hidden/VR/BlitTexArraySlice in 0.00s
    metal (total internal programs: 2, unique: 2)
Compiling shader "Hidden/Internal-ODSWorldTexture"
  Pass "" (vp)
    Target graphics API: metal
    Full variant space:         1
    After settings filtering:   1
    After built-in stripping:   1
    After scriptable stripping: 1
    Processed in 0.00 seconds
  Pass "" (fp)
    Target graphics API: metal
    Full variant space:         1
    After settings filtering:   1
    After built-in stripping:   1
    After scriptable stripping: 1
    Processed in 0.00 seconds
  Pass "" (vp)
    Target graphics API: metal
    Full variant space:         1
    After settings filtering:   1
    After built-in stripping:   1
    After scriptable stripping: 1
    Processed in 0.00 seconds
  Pass "" (fp)
    Target graphics API: metal
    Full variant space:         1
    After settings filtering:   1
    After built-in stripping:   1
    After scriptable stripping: 1
    Processed in 0.00 seconds
  Pass "" (vp)
    Target graphics API: metal
    Full variant space:         1
    After settings filtering:   1
    After built-in stripping:   1
    After scriptable stripping: 1
    Processed in 0.00 seconds
  Pass "" (fp)
    Target graphics API: metal
    Full variant space:         1
    After settings filtering:   1
    After built-in stripping:   1
    After scriptable stripping: 1
    Processed in 0.00 seconds
  Pass "" (vp)
    Target graphics API: metal
    Full variant space:         1
    After settings filtering:   1
    After built-in stripping:   1
    After scriptable stripping: 1
    Processed in 0.00 seconds
  Pass "" (fp)
    Target graphics API: metal
    Full variant space:         1
    After settings filtering:   1
    After built-in stripping:   1
    After scriptable stripping: 1
    Processed in 0.00 seconds
  Pass "" (vp)
    Target graphics API: metal
    Full variant space:         1
    After settings filtering:   1
    After built-in stripping:   1
    After scriptable stripping: 1
    Processed in 0.00 seconds
  Pass "" (fp)
    Target graphics API: metal
    Full variant space:         1
    After settings filtering:   1
    After built-in stripping:   1
    After scriptable stripping: 1
    Processed in 0.00 seconds
  Pass "" (vp)
    Target graphics API: metal
    Full variant space:         1
    After settings filtering:   1
    After built-in stripping:   1
    After scriptable stripping: 1
    Processed in 0.00 seconds
  Pass "" (fp)
    Target graphics API: metal
    Full variant space:         1
    After settings filtering:   1
    After built-in stripping:   1
    After scriptable stripping: 1
    Processed in 0.00 seconds
  Pass "" (vp)
    Target graphics API: metal
    Full variant space:         1
    After settings filtering:   1
    After built-in stripping:   1
    After scriptable stripping: 1
    Processed in 0.00 seconds
  Pass "" (fp)
    Target graphics API: metal
    Full variant space:         1
    After settings filtering:   1
    After built-in stripping:   1
    After scriptable stripping: 1
    Processed in 0.00 seconds
  Pass "" (vp)
    Target graphics API: metal
    Full variant space:         1
    After settings filtering:   1
    After built-in stripping:   1
    After scriptable stripping: 1
    Processed in 0.00 seconds
  Pass "" (fp)
    Target graphics API: metal
    Full variant space:         1
    After settings filtering:   1
    After built-in stripping:   1
    After scriptable stripping: 1
    Processed in 0.00 seconds
  Pass "" (vp)
    Target graphics API: metal
    Full variant space:         1
    After settings filtering:   1
    After built-in stripping:   1
    After scriptable stripping: 1
    Processed in 0.00 seconds
  Pass "" (fp)
    Target graphics API: metal
    Full variant space:         1
    After settings filtering:   1
    After built-in stripping:   1
    After scriptable stripping: 1
    Processed in 0.00 seconds
  Pass "" (vp)
    Target graphics API: metal
    Full variant space:         1
    After settings filtering:   1
    After built-in stripping:   1
    After scriptable stripping: 1
    Processed in 0.00 seconds
  Pass "" (fp)
    Target graphics API: metal
    Full variant space:         1
    After settings filtering:   1
    After built-in stripping:   1
    After scriptable stripping: 1
    Processed in 0.00 seconds
  Pass  (vp, metal) finished in 0.00 seconds. Local cache hits 1 (0.00s CPU time), remote cache hits 0 (0.00s CPU time), compiled 0 variants (0.00s CPU time), skipped 0 variants.
    Prepared data for serialisation in 0.00s
  Pass  (fp, metal) finished in 0.00 seconds. Local cache hits 1 (0.00s CPU time), remote cache hits 0 (0.00s CPU time), compiled 0 variants (0.00s CPU time), skipped 0 variants.
    Prepared data for serialisation in 0.00s
  Pass  (vp, metal) finished in 0.00 seconds. Local cache hits 1 (0.00s CPU time), remote cache hits 0 (0.00s CPU time), compiled 0 variants (0.00s CPU time), skipped 0 variants.
    Prepared data for serialisation in 0.00s
  Pass  (fp, metal) finished in 0.00 seconds. Local cache hits 1 (0.00s CPU time), remote cache hits 0 (0.00s CPU time), compiled 0 variants (0.00s CPU time), skipped 0 variants.
    Prepared data for serialisation in 0.00s
  Pass  (vp, metal) finished in 0.00 seconds. Local cache hits 1 (0.00s CPU time), remote cache hits 0 (0.00s CPU time), compiled 0 variants (0.00s CPU time), skipped 0 variants.
    Prepared data for serialisation in 0.00s
  Pass  (fp, metal) finished in 0.00 seconds. Local cache hits 1 (0.00s CPU time), remote cache hits 0 (0.00s CPU time), compiled 0 variants (0.00s CPU time), skipped 0 variants.
    Prepared data for serialisation in 0.00s
  Pass  (vp, metal) finished in 0.00 seconds. Local cache hits 1 (0.00s CPU time), remote cache hits 0 (0.00s CPU time), compiled 0 variants (0.00s CPU time), skipped 0 variants.
    Prepared data for serialisation in 0.00s
  Pass  (fp, metal) finished in 0.00 seconds. Local cache hits 1 (0.00s CPU time), remote cache hits 0 (0.00s CPU time), compiled 0 variants (0.00s CPU time), skipped 0 variants.
    Prepared data for serialisation in 0.00s
  Pass  (vp, metal) finished in 0.00 seconds. Local cache hits 1 (0.00s CPU time), remote cache hits 0 (0.00s CPU time), compiled 0 variants (0.00s CPU time), skipped 0 variants.
    Prepared data for serialisation in 0.00s
  Pass  (fp, metal) finished in 0.00 seconds. Local cache hits 1 (0.00s CPU time), remote cache hits 0 (0.00s CPU time), compiled 0 variants (0.00s CPU time), skipped 0 variants.
    Prepared data for serialisation in 0.00s
  Pass  (vp, metal) finished in 0.00 seconds. Local cache hits 1 (0.00s CPU time), remote cache hits 0 (0.00s CPU time), compiled 0 variants (0.00s CPU time), skipped 0 variants.
    Prepared data for serialisation in 0.00s
  Pass  (fp, metal) finished in 0.00 seconds. Local cache hits 1 (0.00s CPU time), remote cache hits 0 (0.00s CPU time), compiled 0 variants (0.00s CPU time), skipped 0 variants.
    Prepared data for serialisation in 0.00s
  Pass  (vp, metal) finished in 0.00 seconds. Local cache hits 1 (0.00s CPU time), remote cache hits 0 (0.00s CPU time), compiled 0 variants (0.00s CPU time), skipped 0 variants.
    Prepared data for serialisation in 0.00s
  Pass  (fp, metal) finished in 0.00 seconds. Local cache hits 1 (0.00s CPU time), remote cache hits 0 (0.00s CPU time), compiled 0 variants (0.00s CPU time), skipped 0 variants.
    Prepared data for serialisation in 0.00s
  Pass  (vp, metal) finished in 0.00 seconds. Local cache hits 1 (0.00s CPU time), remote cache hits 0 (0.00s CPU time), compiled 0 variants (0.00s CPU time), skipped 0 variants.
    Prepared data for serialisation in 0.00s
  Pass  (fp, metal) finished in 0.00 seconds. Local cache hits 1 (0.00s CPU time), remote cache hits 0 (0.00s CPU time), compiled 0 variants (0.00s CPU time), skipped 0 variants.
    Prepared data for serialisation in 0.00s
  Pass  (vp, metal) finished in 0.00 seconds. Local cache hits 1 (0.00s CPU time), remote cache hits 0 (0.00s CPU time), compiled 0 variants (0.00s CPU time), skipped 0 variants.
    Prepared data for serialisation in 0.00s
  Pass  (fp, metal) finished in 0.00 seconds. Local cache hits 1 (0.00s CPU time), remote cache hits 0 (0.00s CPU time), compiled 0 variants (0.00s CPU time), skipped 0 variants.
    Prepared data for serialisation in 0.00s
  Pass  (vp, metal) finished in 0.00 seconds. Local cache hits 1 (0.00s CPU time), remote cache hits 0 (0.00s CPU time), compiled 0 variants (0.00s CPU time), skipped 0 variants.
    Prepared data for serialisation in 0.00s
  Pass  (fp, metal) finished in 0.00 seconds. Local cache hits 1 (0.00s CPU time), remote cache hits 0 (0.00s CPU time), compiled 0 variants (0.00s CPU time), skipped 0 variants.
    Prepared data for serialisation in 0.00s
Serialized binary data for shader Hidden/Internal-ODSWorldTexture in 0.00s
    metal (total internal programs: 20, unique: 14)
Compiling shader "Hidden/Internal-CubemapToEquirect"
  Pass "" (vp)
    Target graphics API: metal
    Full variant space:         1
    After settings filtering:   1
    After built-in stripping:   1
    After scriptable stripping: 1
    Processed in 0.00 seconds
  Pass "" (fp)
    Target graphics API: metal
    Full variant space:         1
    After settings filtering:   1
    After built-in stripping:   1
    After scriptable stripping: 1
    Processed in 0.00 seconds
  Pass  (vp, metal) finished in 0.00 seconds. Local cache hits 1 (0.00s CPU time), remote cache hits 0 (0.00s CPU time), compiled 0 variants (0.00s CPU time), skipped 0 variants.
    Prepared data for serialisation in 0.00s
  Pass  (fp, metal) finished in 0.00 seconds. Local cache hits 1 (0.00s CPU time), remote cache hits 0 (0.00s CPU time), compiled 0 variants (0.00s CPU time), skipped 0 variants.
    Prepared data for serialisation in 0.00s
Serialized binary data for shader Hidden/Internal-CubemapToEquirect in 0.00s
    metal (total internal programs: 2, unique: 2)
Compiling shader "Hidden/VR/BlitFromTex2DToTexArraySlice"
  Pass "" (vp)
    Target graphics API: metal
    Full variant space:         1
    After settings filtering:   1
    After built-in stripping:   1
    After scriptable stripping: 1
    Processed in 0.00 seconds
  Pass "" (fp)
    Target graphics API: metal
    Full variant space:         1
    After settings filtering:   1
    After built-in stripping:   1
    After scriptable stripping: 1
    Processed in 0.00 seconds
  Pass "" (vp)
    Target graphics API: metal
    Full variant space:         1
    After settings filtering:   1
    After built-in stripping:   1
    After scriptable stripping: 1
    Processed in 0.00 seconds
  Pass "" (fp)
    Target graphics API: metal
    Full variant space:         1
    After settings filtering:   1
    After built-in stripping:   1
    After scriptable stripping: 1
    Processed in 0.00 seconds
  Pass "" (gp)
    Target graphics API: metal
    Full variant space:         1
    After settings filtering:   1
    After built-in stripping:   1
    After scriptable stripping: 1
    Processed in 0.00 seconds
  Pass  (vp, metal) finished in 0.00 seconds. Local cache hits 1 (0.00s CPU time), remote cache hits 0 (0.00s CPU time), compiled 0 variants (0.00s CPU time), skipped 0 variants.
    Prepared data for serialisation in 0.00s
  Pass  (fp, metal) finished in 0.00 seconds. Local cache hits 1 (0.00s CPU time), remote cache hits 0 (0.00s CPU time), compiled 0 variants (0.00s CPU time), skipped 0 variants.
    Prepared data for serialisation in 0.00s
  Pass  (vp, metal) finished in 0.00 seconds. Local cache hits 0 (0.00s CPU time), remote cache hits 0 (0.00s CPU time), compiled 0 variants (0.00s CPU time), skipped 1 variants.
    Prepared data for serialisation in 0.00s
  Pass  (fp, metal) finished in 0.00 seconds. Local cache hits 0 (0.00s CPU time), remote cache hits 0 (0.00s CPU time), compiled 0 variants (0.00s CPU time), skipped 1 variants.
    Prepared data for serialisation in 0.00s
  Pass  (gp, metal) finished in 0.00 seconds. Local cache hits 0 (0.00s CPU time), remote cache hits 0 (0.00s CPU time), compiled 0 variants (0.00s CPU time), skipped 1 variants.
    Prepared data for serialisation in 0.00s
Serialized binary data for shader Hidden/VR/BlitFromTex2DToTexArraySlice in 0.00s
    metal (total internal programs: 2, unique: 2)
Compiling shader "Hidden/VideoComposite"
  Pass "Default" (vp)
    Target graphics API: metal
    Full variant space:         1
    After settings filtering:   1
    After built-in stripping:   1
    After scriptable stripping: 1
    Processed in 0.00 seconds
  Pass "Default" (fp)
    Target graphics API: metal
    Full variant space:         1
    After settings filtering:   1
    After built-in stripping:   1
    After scriptable stripping: 1
    Processed in 0.00 seconds
  Pass Default (vp, metal) finished in 0.00 seconds. Local cache hits 1 (0.00s CPU time), remote cache hits 0 (0.00s CPU time), compiled 0 variants (0.00s CPU time), skipped 0 variants.
    Prepared data for serialisation in 0.00s
  Pass Default (fp, metal) finished in 0.00 seconds. Local cache hits 1 (0.00s CPU time), remote cache hits 0 (0.00s CPU time), compiled 0 variants (0.00s CPU time), skipped 0 variants.
    Prepared data for serialisation in 0.00s
Serialized binary data for shader Hidden/VideoComposite in 0.00s
    metal (total internal programs: 2, unique: 2)
Compiling shader "Hidden/VideoDecode"
  Pass "YCbCr_To_RGB1" (vp)
    Target graphics API: metal
    Full variant space:         2
    After settings filtering:   2
    After built-in stripping:   2
    After scriptable stripping: 2
    Processed in 0.00 seconds
  Pass "YCbCr_To_RGB1" (fp)
    Target graphics API: metal
    Full variant space:         2
    After settings filtering:   2
    After built-in stripping:   2
    After scriptable stripping: 2
    Processed in 0.00 seconds
  Pass "YCbCrA_To_RGBAFull" (vp)
    Target graphics API: metal
    Full variant space:         2
    After settings filtering:   2
    After built-in stripping:   2
    After scriptable stripping: 2
    Processed in 0.00 seconds
  Pass "YCbCrA_To_RGBAFull" (fp)
    Target graphics API: metal
    Full variant space:         2
    After settings filtering:   2
    After built-in stripping:   2
    After scriptable stripping: 2
    Processed in 0.00 seconds
  Pass "YCbCrA_To_RGBA" (vp)
    Target graphics API: metal
    Full variant space:         2
    After settings filtering:   2
    After built-in stripping:   2
    After scriptable stripping: 2
    Processed in 0.00 seconds
  Pass "YCbCrA_To_RGBA" (fp)
    Target graphics API: metal
    Full variant space:         2
    After settings filtering:   2
    After built-in stripping:   2
    After scriptable stripping: 2
    Processed in 0.00 seconds
  Pass "Flip_RGBA_To_RGBA" (vp)
    Target graphics API: metal
    Full variant space:         2
    After settings filtering:   2
    After built-in stripping:   2
    After scriptable stripping: 2
    Processed in 0.00 seconds
  Pass "Flip_RGBA_To_RGBA" (fp)
    Target graphics API: metal
    Full variant space:         2
    After settings filtering:   2
    After built-in stripping:   2
    After scriptable stripping: 2
    Processed in 0.00 seconds
  Pass "Flip_RGBASplit_To_RGBA" (vp)
    Target graphics API: metal
    Full variant space:         2
    After settings filtering:   2
    After built-in stripping:   2
    After scriptable stripping: 2
    Processed in 0.00 seconds
  Pass "Flip_RGBASplit_To_RGBA" (fp)
    Target graphics API: metal
    Full variant space:         2
    After settings filtering:   2
    After built-in stripping:   2
    After scriptable stripping: 2
    Processed in 0.00 seconds
  Pass "Flip_NV12_To_RGB1" (vp)
    Target graphics API: metal
    Full variant space:         2
    After settings filtering:   2
    After built-in stripping:   2
    After scriptable stripping: 2
    Processed in 0.00 seconds
  Pass "Flip_NV12_To_RGB1" (fp)
    Target graphics API: metal
    Full variant space:         2
    After settings filtering:   2
    After built-in stripping:   2
    After scriptable stripping: 2
    Processed in 0.00 seconds
  Pass "Flip_NV12_To_RGBA" (vp)
    Target graphics API: metal
    Full variant space:         2
    After settings filtering:   2
    After built-in stripping:   2
    After scriptable stripping: 2
    Processed in 0.00 seconds
  Pass "Flip_NV12_To_RGBA" (fp)
    Target graphics API: metal
    Full variant space:         2
    After settings filtering:   2
    After built-in stripping:   2
    After scriptable stripping: 2
    Processed in 0.00 seconds
  Pass "Flip_P010_To_RGB1" (vp)
    Target graphics API: metal
    Full variant space:         1
    After settings filtering:   1
    After built-in stripping:   1
    After scriptable stripping: 1
    Processed in 0.00 seconds
  Pass "Flip_P010_To_RGB1" (fp)
    Target graphics API: metal
    Full variant space:         1
    After settings filtering:   1
    After built-in stripping:   1
    After scriptable stripping: 1
    Processed in 0.00 seconds
  Pass YCbCr_To_RGB1 (vp, metal) finished in 0.00 seconds. Local cache hits 2 (0.00s CPU time), remote cache hits 0 (0.00s CPU time), compiled 0 variants (0.00s CPU time), skipped 0 variants.
    Prepared data for serialisation in 0.00s
  Pass YCbCr_To_RGB1 (fp, metal) finished in 0.00 seconds. Local cache hits 2 (0.00s CPU time), remote cache hits 0 (0.00s CPU time), compiled 0 variants (0.00s CPU time), skipped 0 variants.
    Prepared data for serialisation in 0.00s
  Pass YCbCrA_To_RGBAFull (vp, metal) finished in 0.00 seconds. Local cache hits 2 (0.00s CPU time), remote cache hits 0 (0.00s CPU time), compiled 0 variants (0.00s CPU time), skipped 0 variants.
    Prepared data for serialisation in 0.00s
  Pass YCbCrA_To_RGBAFull (fp, metal) finished in 0.00 seconds. Local cache hits 2 (0.00s CPU time), remote cache hits 0 (0.00s CPU time), compiled 0 variants (0.00s CPU time), skipped 0 variants.
    Prepared data for serialisation in 0.00s
  Pass YCbCrA_To_RGBA (vp, metal) finished in 0.00 seconds. Local cache hits 2 (0.00s CPU time), remote cache hits 0 (0.00s CPU time), compiled 0 variants (0.00s CPU time), skipped 0 variants.
    Prepared data for serialisation in 0.00s
  Pass YCbCrA_To_RGBA (fp, metal) finished in 0.00 seconds. Local cache hits 2 (0.00s CPU time), remote cache hits 0 (0.00s CPU time), compiled 0 variants (0.00s CPU time), skipped 0 variants.
    Prepared data for serialisation in 0.00s
  Pass Flip_RGBA_To_RGBA (vp, metal) finished in 0.00 seconds. Local cache hits 2 (0.00s CPU time), remote cache hits 0 (0.00s CPU time), compiled 0 variants (0.00s CPU time), skipped 0 variants.
    Prepared data for serialisation in 0.00s
  Pass Flip_RGBA_To_RGBA (fp, metal) finished in 0.00 seconds. Local cache hits 2 (0.00s CPU time), remote cache hits 0 (0.00s CPU time), compiled 0 variants (0.00s CPU time), skipped 0 variants.
    Prepared data for serialisation in 0.00s
  Pass Flip_RGBASplit_To_RGBA (vp, metal) finished in 0.00 seconds. Local cache hits 2 (0.00s CPU time), remote cache hits 0 (0.00s CPU time), compiled 0 variants (0.00s CPU time), skipped 0 variants.
    Prepared data for serialisation in 0.00s
  Pass Flip_RGBASplit_To_RGBA (fp, metal) finished in 0.00 seconds. Local cache hits 2 (0.00s CPU time), remote cache hits 0 (0.00s CPU time), compiled 0 variants (0.00s CPU time), skipped 0 variants.
    Prepared data for serialisation in 0.00s
  Pass Flip_NV12_To_RGB1 (vp, metal) finished in 0.00 seconds. Local cache hits 2 (0.00s CPU time), remote cache hits 0 (0.00s CPU time), compiled 0 variants (0.00s CPU time), skipped 0 variants.
    Prepared data for serialisation in 0.00s
  Pass Flip_NV12_To_RGB1 (fp, metal) finished in 0.00 seconds. Local cache hits 2 (0.00s CPU time), remote cache hits 0 (0.00s CPU time), compiled 0 variants (0.00s CPU time), skipped 0 variants.
    Prepared data for serialisation in 0.00s
  Pass Flip_NV12_To_RGBA (vp, metal) finished in 0.00 seconds. Local cache hits 2 (0.00s CPU time), remote cache hits 0 (0.00s CPU time), compiled 0 variants (0.00s CPU time), skipped 0 variants.
    Prepared data for serialisation in 0.00s
  Pass Flip_NV12_To_RGBA (fp, metal) finished in 0.00 seconds. Local cache hits 2 (0.00s CPU time), remote cache hits 0 (0.00s CPU time), compiled 0 variants (0.00s CPU time), skipped 0 variants.
    Prepared data for serialisation in 0.00s
  Pass Flip_P010_To_RGB1 (vp, metal) finished in 0.00 seconds. Local cache hits 1 (0.00s CPU time), remote cache hits 0 (0.00s CPU time), compiled 0 variants (0.00s CPU time), skipped 0 variants.
    Prepared data for serialisation in 0.00s
  Pass Flip_P010_To_RGB1 (fp, metal) finished in 0.00 seconds. Local cache hits 1 (0.00s CPU time), remote cache hits 0 (0.00s CPU time), compiled 0 variants (0.00s CPU time), skipped 0 variants.
    Prepared data for serialisation in 0.00s
Serialized binary data for shader Hidden/VideoDecode in 0.00s
    metal (total internal programs: 30, unique: 19)
Compiling shader "Hidden/TextCore/Distance Field SSD"
  Pass "" (vp)
    Target graphics API: metal
    Full variant space:         1
    After settings filtering:   1
    After built-in stripping:   1
    After scriptable stripping: 1
    Processed in 0.00 seconds
  Pass "" (fp)
    Target graphics API: metal
    Full variant space:         1
    After settings filtering:   1
    After built-in stripping:   1
    After scriptable stripping: 1
    Processed in 0.00 seconds
  Pass  (vp, metal) finished in 0.00 seconds. Local cache hits 1 (0.00s CPU time), remote cache hits 0 (0.00s CPU time), compiled 0 variants (0.00s CPU time), skipped 0 variants.
    Prepared data for serialisation in 0.00s
  Pass  (fp, metal) finished in 0.00 seconds. Local cache hits 1 (0.00s CPU time), remote cache hits 0 (0.00s CPU time), compiled 0 variants (0.00s CPU time), skipped 0 variants.
    Prepared data for serialisation in 0.00s
Serialized binary data for shader Hidden/TextCore/Distance Field SSD in 0.00s
    metal (total internal programs: 2, unique: 2)
Compiling shader "Hidden/Physics2D/SDF_CircleGeometry"
  Pass "" (vp)
    Target graphics API: metal
    Full variant space:         2
    After settings filtering:   2
    After built-in stripping:   1
    After scriptable stripping: 1
    Processed in 0.00 seconds
  Pass "" (fp)
    Target graphics API: metal
    Full variant space:         2
    After settings filtering:   2
    After built-in stripping:   1
    After scriptable stripping: 1
    Processed in 0.00 seconds
  Pass  (vp, metal) finished in 0.00 seconds. Local cache hits 1 (0.00s CPU time), remote cache hits 0 (0.00s CPU time), compiled 0 variants (0.00s CPU time), skipped 0 variants.
    Prepared data for serialisation in 0.00s
  Pass  (fp, metal) finished in 0.00 seconds. Local cache hits 1 (0.00s CPU time), remote cache hits 0 (0.00s CPU time), compiled 0 variants (0.00s CPU time), skipped 0 variants.
    Prepared data for serialisation in 0.00s
Serialized binary data for shader Hidden/Physics2D/SDF_CircleGeometry in 0.00s
    metal (total internal programs: 2, unique: 2)
Compiling shader "Hidden/Physics2D/SDF_CapsuleGeometry"
  Pass "" (vp)
    Target graphics API: metal
    Full variant space:         2
    After settings filtering:   2
    After built-in stripping:   1
    After scriptable stripping: 1
    Processed in 0.00 seconds
  Pass "" (fp)
    Target graphics API: metal
    Full variant space:         2
    After settings filtering:   2
    After built-in stripping:   1
    After scriptable stripping: 1
    Processed in 0.00 seconds
  Pass  (vp, metal) finished in 0.00 seconds. Local cache hits 1 (0.00s CPU time), remote cache hits 0 (0.00s CPU time), compiled 0 variants (0.00s CPU time), skipped 0 variants.
    Prepared data for serialisation in 0.00s
  Pass  (fp, metal) finished in 0.00 seconds. Local cache hits 1 (0.00s CPU time), remote cache hits 0 (0.00s CPU time), compiled 0 variants (0.00s CPU time), skipped 0 variants.
    Prepared data for serialisation in 0.00s
Serialized binary data for shader Hidden/Physics2D/SDF_CapsuleGeometry in 0.00s
    metal (total internal programs: 2, unique: 2)
Compiling shader "Hidden/Physics2D/SDF_PolygonGeometry"
  Pass "" (vp)
    Target graphics API: metal
    Full variant space:         2
    After settings filtering:   2
    After built-in stripping:   1
    After scriptable stripping: 1
    Processed in 0.00 seconds
  Pass "" (fp)
    Target graphics API: metal
    Full variant space:         2
    After settings filtering:   2
    After built-in stripping:   1
    After scriptable stripping: 1
    Processed in 0.00 seconds
  Pass  (vp, metal) finished in 0.00 seconds. Local cache hits 1 (0.00s CPU time), remote cache hits 0 (0.00s CPU time), compiled 0 variants (0.00s CPU time), skipped 0 variants.
    Prepared data for serialisation in 0.00s
  Pass  (fp, metal) finished in 0.00 seconds. Local cache hits 1 (0.00s CPU time), remote cache hits 0 (0.00s CPU time), compiled 0 variants (0.00s CPU time), skipped 0 variants.
    Prepared data for serialisation in 0.00s
Serialized binary data for shader Hidden/Physics2D/SDF_PolygonGeometry in 0.00s
    metal (total internal programs: 2, unique: 2)
Compiling shader "Hidden/Physics2D/SDF_Line"
  Pass "" (vp)
    Target graphics API: metal
    Full variant space:         2
    After settings filtering:   2
    After built-in stripping:   1
    After scriptable stripping: 1
    Processed in 0.00 seconds
  Pass "" (fp)
    Target graphics API: metal
    Full variant space:         2
    After settings filtering:   2
    After built-in stripping:   1
    After scriptable stripping: 1
    Processed in 0.00 seconds
  Pass  (vp, metal) finished in 0.00 seconds. Local cache hits 1 (0.00s CPU time), remote cache hits 0 (0.00s CPU time), compiled 0 variants (0.00s CPU time), skipped 0 variants.
    Prepared data for serialisation in 0.00s
  Pass  (fp, metal) finished in 0.00 seconds. Local cache hits 1 (0.00s CPU time), remote cache hits 0 (0.00s CPU time), compiled 0 variants (0.00s CPU time), skipped 0 variants.
    Prepared data for serialisation in 0.00s
Serialized binary data for shader Hidden/Physics2D/SDF_Line in 0.00s
    metal (total internal programs: 2, unique: 2)
Compiling shader "Hidden/Physics2D/SDF_Point"
  Pass "" (vp)
    Target graphics API: metal
    Full variant space:         2
    After settings filtering:   2
    After built-in stripping:   1
    After scriptable stripping: 1
    Processed in 0.00 seconds
  Pass "" (fp)
    Target graphics API: metal
    Full variant space:         2
    After settings filtering:   2
    After built-in stripping:   1
    After scriptable stripping: 1
    Processed in 0.00 seconds
  Pass  (vp, metal) finished in 0.00 seconds. Local cache hits 1 (0.00s CPU time), remote cache hits 0 (0.00s CPU time), compiled 0 variants (0.00s CPU time), skipped 0 variants.
    Prepared data for serialisation in 0.00s
  Pass  (fp, metal) finished in 0.00 seconds. Local cache hits 1 (0.00s CPU time), remote cache hits 0 (0.00s CPU time), compiled 0 variants (0.00s CPU time), skipped 0 variants.
    Prepared data for serialisation in 0.00s
Serialized binary data for shader Hidden/Physics2D/SDF_Point in 0.00s
    metal (total internal programs: 2, unique: 2)
SpriteAtlasDatabase::Cleanup
Compressed texture AppIcon is used as icon. This might compromise visual quality of the final image. Uncompressed format might be considered as better import option.
UnityEngine.Debug:ExtractStackTraceNoAlloc (byte*,int,string)
UnityEngine.StackTraceUtility:ExtractStackTrace () (at /Users/bokken/build/output/unity/unity/Runtime/Export/Scripting/StackTrace.cs:35)
UnityEngine.DebugLogHandler:Internal_Log (UnityEngine.LogType,UnityEngine.LogOption,string,UnityEngine.Object)
UnityEngine.DebugLogHandler:LogFormat (UnityEngine.LogType,UnityEngine.Object,string,object[])
UnityEngine.Logger:Log (UnityEngine.LogType,object)
UnityEngine.Debug:LogWarning (object)
UnityEditor.Utils.IconUtility:ExportImageToPath (string,UnityEngine.Texture2D,UnityEditor.Utils.ImageDescription) (at /Users/bokken/build/output/unity/unity/Editor/Mono/Utils/IconUtility.bindings.cs:82)
UnityEditor.Utils.IconUtility:ExportImage (string,UnityEngine.Texture2D,UnityEditor.Utils.ImageDescription) (at /Users/bokken/build/output/unity/unity/Editor/Mono/Utils/IconUtility.bindings.cs:118)
UnityEditor.Utils.IconUtility:ExportIcon (string,string,UnityEditor.Utils.ImageDescription,int) (at /Users/bokken/build/output/unity/unity/Editor/Mono/Utils/IconUtility.bindings.cs:145)
UnityEditor.Apple.Utils:SetupIconsForiOS (UnityEditor.Modules.AddIconsArgs) (at /Users/bokken/build/output/unity/unity/PlatformDependent/CommonApple/Extensions/EditorExtensionUtils.cs:188)
UnityEditor.iOS.iOSBuildPostprocessor:AddIconsToBuild (UnityEditor.Modules.AddIconsArgs) (at /Users/bokken/build/output/unity/unity/PlatformDependent/iPhonePlayer/Extensions/Common/iOSBuildPostprocessor.cs:699)
UnityEditor.PostprocessBuildPlayer:Postprocess (UnityEditor.BuildTarget,int,string,string,string,UnityEditor.BuildOptions,UnityEditor.RuntimeClassRegistry,UnityEditor.Build.Reporting.BuildReport) (at /Users/bokken/build/output/unity/unity/Editor/Mono/BuildPipeline/PostprocessBuildPlayer.cs:328)
UnityEditor.BuildPipeline:BuildPlayerInternal (string[],string,string,UnityEditor.BuildTargetGroup,UnityEditor.BuildTarget,int,UnityEditor.BuildOptions,string[],string[],bool)
UnityEditor.BuildPipeline:BuildPlayer (UnityEditor.BuildPlayerOptions) (at /Users/bokken/build/output/unity/unity/Editor/Mono/BuildPipeline/BuildPipeline.bindings.cs:267)
LaMuralla.EditorTools.BuildScript:BuildIOS (UnityEditor.BuildOptions) (at Assets/_Project/Editor/BuildScript.cs:61)
LaMuralla.EditorTools.BuildScript:BuildIOS () (at Assets/_Project/Editor/BuildScript.cs:27)

(Filename: /Users/bokken/build/output/unity/unity/Editor/Mono/Utils/IconUtility.bindings.cs Line: 82)

Compressed texture AppIcon is used as icon. This might compromise visual quality of the final image. Uncompressed format might be considered as better import option.
UnityEngine.Debug:ExtractStackTraceNoAlloc (byte*,int,string)
UnityEngine.StackTraceUtility:ExtractStackTrace () (at /Users/bokken/build/output/unity/unity/Runtime/Export/Scripting/StackTrace.cs:35)
UnityEngine.DebugLogHandler:Internal_Log (UnityEngine.LogType,UnityEngine.LogOption,string,UnityEngine.Object)
UnityEngine.DebugLogHandler:LogFormat (UnityEngine.LogType,UnityEngine.Object,string,object[])
UnityEngine.Logger:Log (UnityEngine.LogType,object)
UnityEngine.Debug:LogWarning (object)
UnityEditor.Utils.IconUtility:ExportImageToPath (string,UnityEngine.Texture2D,UnityEditor.Utils.ImageDescription) (at /Users/bokken/build/output/unity/unity/Editor/Mono/Utils/IconUtility.bindings.cs:82)
UnityEditor.Utils.IconUtility:ExportImage (string,UnityEngine.Texture2D,UnityEditor.Utils.ImageDescription) (at /Users/bokken/build/output/unity/unity/Editor/Mono/Utils/IconUtility.bindings.cs:118)
UnityEditor.Utils.IconUtility:ExportIcon (string,string,UnityEditor.Utils.ImageDescription,int) (at /Users/bokken/build/output/unity/unity/Editor/Mono/Utils/IconUtility.bindings.cs:145)
UnityEditor.Apple.Utils:SetupIconsForiOS (UnityEditor.Modules.AddIconsArgs) (at /Users/bokken/build/output/unity/unity/PlatformDependent/CommonApple/Extensions/EditorExtensionUtils.cs:188)
UnityEditor.iOS.iOSBuildPostprocessor:AddIconsToBuild (UnityEditor.Modules.AddIconsArgs) (at /Users/bokken/build/output/unity/unity/PlatformDependent/iPhonePlayer/Extensions/Common/iOSBuildPostprocessor.cs:699)
UnityEditor.PostprocessBuildPlayer:Postprocess (UnityEditor.BuildTarget,int,string,string,string,UnityEditor.BuildOptions,UnityEditor.RuntimeClassRegistry,UnityEditor.Build.Reporting.BuildReport) (at /Users/bokken/build/output/unity/unity/Editor/Mono/BuildPipeline/PostprocessBuildPlayer.cs:328)
UnityEditor.BuildPipeline:BuildPlayerInternal (string[],string,string,UnityEditor.BuildTargetGroup,UnityEditor.BuildTarget,int,UnityEditor.BuildOptions,string[],string[],bool)
UnityEditor.BuildPipeline:BuildPlayer (UnityEditor.BuildPlayerOptions) (at /Users/bokken/build/output/unity/unity/Editor/Mono/BuildPipeline/BuildPipeline.bindings.cs:267)
LaMuralla.EditorTools.BuildScript:BuildIOS (UnityEditor.BuildOptions) (at Assets/_Project/Editor/BuildScript.cs:61)
LaMuralla.EditorTools.BuildScript:BuildIOS () (at Assets/_Project/Editor/BuildScript.cs:27)

(Filename: /Users/bokken/build/output/unity/unity/Editor/Mono/Utils/IconUtility.bindings.cs Line: 82)

Compressed texture AppIcon is used as icon. This might compromise visual quality of the final image. Uncompressed format might be considered as better import option.
UnityEngine.Debug:ExtractStackTraceNoAlloc (byte*,int,string)
UnityEngine.StackTraceUtility:ExtractStackTrace () (at /Users/bokken/build/output/unity/unity/Runtime/Export/Scripting/StackTrace.cs:35)
UnityEngine.DebugLogHandler:Internal_Log (UnityEngine.LogType,UnityEngine.LogOption,string,UnityEngine.Object)
UnityEngine.DebugLogHandler:LogFormat (UnityEngine.LogType,UnityEngine.Object,string,object[])
UnityEngine.Logger:Log (UnityEngine.LogType,object)
UnityEngine.Debug:LogWarning (object)
UnityEditor.Utils.IconUtility:ExportImageToPath (string,UnityEngine.Texture2D,UnityEditor.Utils.ImageDescription) (at /Users/bokken/build/output/unity/unity/Editor/Mono/Utils/IconUtility.bindings.cs:82)
UnityEditor.Utils.IconUtility:ExportImage (string,UnityEngine.Texture2D,UnityEditor.Utils.ImageDescription) (at /Users/bokken/build/output/unity/unity/Editor/Mono/Utils/IconUtility.bindings.cs:118)
UnityEditor.Utils.IconUtility:ExportIcon (string,string,UnityEditor.Utils.ImageDescription,int) (at /Users/bokken/build/output/unity/unity/Editor/Mono/Utils/IconUtility.bindings.cs:145)
UnityEditor.Apple.Utils:SetupIconsForiOS (UnityEditor.Modules.AddIconsArgs) (at /Users/bokken/build/output/unity/unity/PlatformDependent/CommonApple/Extensions/EditorExtensionUtils.cs:188)
UnityEditor.iOS.iOSBuildPostprocessor:AddIconsToBuild (UnityEditor.Modules.AddIconsArgs) (at /Users/bokken/build/output/unity/unity/PlatformDependent/iPhonePlayer/Extensions/Common/iOSBuildPostprocessor.cs:699)
UnityEditor.PostprocessBuildPlayer:Postprocess (UnityEditor.BuildTarget,int,string,string,string,UnityEditor.BuildOptions,UnityEditor.RuntimeClassRegistry,UnityEditor.Build.Reporting.BuildReport) (at /Users/bokken/build/output/unity/unity/Editor/Mono/BuildPipeline/PostprocessBuildPlayer.cs:328)
UnityEditor.BuildPipeline:BuildPlayerInternal (string[],string,string,UnityEditor.BuildTargetGroup,UnityEditor.BuildTarget,int,UnityEditor.BuildOptions,string[],string[],bool)
UnityEditor.BuildPipeline:BuildPlayer (UnityEditor.BuildPlayerOptions) (at /Users/bokken/build/output/unity/unity/Editor/Mono/BuildPipeline/BuildPipeline.bindings.cs:267)
LaMuralla.EditorTools.BuildScript:BuildIOS (UnityEditor.BuildOptions) (at Assets/_Project/Editor/BuildScript.cs:61)
LaMuralla.EditorTools.BuildScript:BuildIOS () (at Assets/_Project/Editor/BuildScript.cs:27)

(Filename: /Users/bokken/build/output/unity/unity/Editor/Mono/Utils/IconUtility.bindings.cs Line: 82)

Compressed texture AppIcon is used as icon. This might compromise visual quality of the final image. Uncompressed format might be considered as better import option.
UnityEngine.Debug:ExtractStackTraceNoAlloc (byte*,int,string)
UnityEngine.StackTraceUtility:ExtractStackTrace () (at /Users/bokken/build/output/unity/unity/Runtime/Export/Scripting/StackTrace.cs:35)
UnityEngine.DebugLogHandler:Internal_Log (UnityEngine.LogType,UnityEngine.LogOption,string,UnityEngine.Object)
UnityEngine.DebugLogHandler:LogFormat (UnityEngine.LogType,UnityEngine.Object,string,object[])
UnityEngine.Logger:Log (UnityEngine.LogType,object)
UnityEngine.Debug:LogWarning (object)
UnityEditor.Utils.IconUtility:ExportImageToPath (string,UnityEngine.Texture2D,UnityEditor.Utils.ImageDescription) (at /Users/bokken/build/output/unity/unity/Editor/Mono/Utils/IconUtility.bindings.cs:82)
UnityEditor.Utils.IconUtility:ExportImage (string,UnityEngine.Texture2D,UnityEditor.Utils.ImageDescription) (at /Users/bokken/build/output/unity/unity/Editor/Mono/Utils/IconUtility.bindings.cs:118)
UnityEditor.Utils.IconUtility:ExportIcon (string,string,UnityEditor.Utils.ImageDescription,int) (at /Users/bokken/build/output/unity/unity/Editor/Mono/Utils/IconUtility.bindings.cs:145)
UnityEditor.Apple.Utils:SetupIconsForiOS (UnityEditor.Modules.AddIconsArgs) (at /Users/bokken/build/output/unity/unity/PlatformDependent/CommonApple/Extensions/EditorExtensionUtils.cs:188)
UnityEditor.iOS.iOSBuildPostprocessor:AddIconsToBuild (UnityEditor.Modules.AddIconsArgs) (at /Users/bokken/build/output/unity/unity/PlatformDependent/iPhonePlayer/Extensions/Common/iOSBuildPostprocessor.cs:699)
UnityEditor.PostprocessBuildPlayer:Postprocess (UnityEditor.BuildTarget,int,string,string,string,UnityEditor.BuildOptions,UnityEditor.RuntimeClassRegistry,UnityEditor.Build.Reporting.BuildReport) (at /Users/bokken/build/output/unity/unity/Editor/Mono/BuildPipeline/PostprocessBuildPlayer.cs:328)
UnityEditor.BuildPipeline:BuildPlayerInternal (string[],string,string,UnityEditor.BuildTargetGroup,UnityEditor.BuildTarget,int,UnityEditor.BuildOptions,string[],string[],bool)
UnityEditor.BuildPipeline:BuildPlayer (UnityEditor.BuildPlayerOptions) (at /Users/bokken/build/output/unity/unity/Editor/Mono/BuildPipeline/BuildPipeline.bindings.cs:267)
LaMuralla.EditorTools.BuildScript:BuildIOS (UnityEditor.BuildOptions) (at Assets/_Project/Editor/BuildScript.cs:61)
LaMuralla.EditorTools.BuildScript:BuildIOS () (at Assets/_Project/Editor/BuildScript.cs:27)

(Filename: /Users/bokken/build/output/unity/unity/Editor/Mono/Utils/IconUtility.bindings.cs Line: 82)

Compressed texture AppIcon is used as icon. This might compromise visual quality of the final image. Uncompressed format might be considered as better import option.
UnityEngine.Debug:ExtractStackTraceNoAlloc (byte*,int,string)
UnityEngine.StackTraceUtility:ExtractStackTrace () (at /Users/bokken/build/output/unity/unity/Runtime/Export/Scripting/StackTrace.cs:35)
UnityEngine.DebugLogHandler:Internal_Log (UnityEngine.LogType,UnityEngine.LogOption,string,UnityEngine.Object)
UnityEngine.DebugLogHandler:LogFormat (UnityEngine.LogType,UnityEngine.Object,string,object[])
UnityEngine.Logger:Log (UnityEngine.LogType,object)
UnityEngine.Debug:LogWarning (object)
UnityEditor.Utils.IconUtility:ExportImageToPath (string,UnityEngine.Texture2D,UnityEditor.Utils.ImageDescription) (at /Users/bokken/build/output/unity/unity/Editor/Mono/Utils/IconUtility.bindings.cs:82)
UnityEditor.Utils.IconUtility:ExportImage (string,UnityEngine.Texture2D,UnityEditor.Utils.ImageDescription) (at /Users/bokken/build/output/unity/unity/Editor/Mono/Utils/IconUtility.bindings.cs:118)
UnityEditor.Utils.IconUtility:ExportIcon (string,string,UnityEditor.Utils.ImageDescription,int) (at /Users/bokken/build/output/unity/unity/Editor/Mono/Utils/IconUtility.bindings.cs:145)
UnityEditor.Apple.Utils:SetupIconsForiOS (UnityEditor.Modules.AddIconsArgs) (at /Users/bokken/build/output/unity/unity/PlatformDependent/CommonApple/Extensions/EditorExtensionUtils.cs:188)
UnityEditor.iOS.iOSBuildPostprocessor:AddIconsToBuild (UnityEditor.Modules.AddIconsArgs) (at /Users/bokken/build/output/unity/unity/PlatformDependent/iPhonePlayer/Extensions/Common/iOSBuildPostprocessor.cs:699)
UnityEditor.PostprocessBuildPlayer:Postprocess (UnityEditor.BuildTarget,int,string,string,string,UnityEditor.BuildOptions,UnityEditor.RuntimeClassRegistry,UnityEditor.Build.Reporting.BuildReport) (at /Users/bokken/build/output/unity/unity/Editor/Mono/BuildPipeline/PostprocessBuildPlayer.cs:328)
UnityEditor.BuildPipeline:BuildPlayerInternal (string[],string,string,UnityEditor.BuildTargetGroup,UnityEditor.BuildTarget,int,UnityEditor.BuildOptions,string[],string[],bool)
UnityEditor.BuildPipeline:BuildPlayer (UnityEditor.BuildPlayerOptions) (at /Users/bokken/build/output/unity/unity/Editor/Mono/BuildPipeline/BuildPipeline.bindings.cs:267)
LaMuralla.EditorTools.BuildScript:BuildIOS (UnityEditor.BuildOptions) (at Assets/_Project/Editor/BuildScript.cs:61)
LaMuralla.EditorTools.BuildScript:BuildIOS () (at Assets/_Project/Editor/BuildScript.cs:27)

(Filename: /Users/bokken/build/output/unity/unity/Editor/Mono/Utils/IconUtility.bindings.cs Line: 82)

Compressed texture AppIcon is used as icon. This might compromise visual quality of the final image. Uncompressed format might be considered as better import option.
UnityEngine.Debug:ExtractStackTraceNoAlloc (byte*,int,string)
UnityEngine.StackTraceUtility:ExtractStackTrace () (at /Users/bokken/build/output/unity/unity/Runtime/Export/Scripting/StackTrace.cs:35)
UnityEngine.DebugLogHandler:Internal_Log (UnityEngine.LogType,UnityEngine.LogOption,string,UnityEngine.Object)
UnityEngine.DebugLogHandler:LogFormat (UnityEngine.LogType,UnityEngine.Object,string,object[])
UnityEngine.Logger:Log (UnityEngine.LogType,object)
UnityEngine.Debug:LogWarning (object)
UnityEditor.Utils.IconUtility:ExportImageToPath (string,UnityEngine.Texture2D,UnityEditor.Utils.ImageDescription) (at /Users/bokken/build/output/unity/unity/Editor/Mono/Utils/IconUtility.bindings.cs:82)
UnityEditor.Utils.IconUtility:ExportImage (string,UnityEngine.Texture2D,UnityEditor.Utils.ImageDescription) (at /Users/bokken/build/output/unity/unity/Editor/Mono/Utils/IconUtility.bindings.cs:118)
UnityEditor.Utils.IconUtility:ExportIcon (string,string,UnityEditor.Utils.ImageDescription,int) (at /Users/bokken/build/output/unity/unity/Editor/Mono/Utils/IconUtility.bindings.cs:145)
UnityEditor.Apple.Utils:SetupIconsForiOS (UnityEditor.Modules.AddIconsArgs) (at /Users/bokken/build/output/unity/unity/PlatformDependent/CommonApple/Extensions/EditorExtensionUtils.cs:190)
UnityEditor.iOS.iOSBuildPostprocessor:AddIconsToBuild (UnityEditor.Modules.AddIconsArgs) (at /Users/bokken/build/output/unity/unity/PlatformDependent/iPhonePlayer/Extensions/Common/iOSBuildPostprocessor.cs:699)
UnityEditor.PostprocessBuildPlayer:Postprocess (UnityEditor.BuildTarget,int,string,string,string,UnityEditor.BuildOptions,UnityEditor.RuntimeClassRegistry,UnityEditor.Build.Reporting.BuildReport) (at /Users/bokken/build/output/unity/unity/Editor/Mono/BuildPipeline/PostprocessBuildPlayer.cs:328)
UnityEditor.BuildPipeline:BuildPlayerInternal (string[],string,string,UnityEditor.BuildTargetGroup,UnityEditor.BuildTarget,int,UnityEditor.BuildOptions,string[],string[],bool)
UnityEditor.BuildPipeline:BuildPlayer (UnityEditor.BuildPlayerOptions) (at /Users/bokken/build/output/unity/unity/Editor/Mono/BuildPipeline/BuildPipeline.bindings.cs:267)
LaMuralla.EditorTools.BuildScript:BuildIOS (UnityEditor.BuildOptions) (at Assets/_Project/Editor/BuildScript.cs:61)
LaMuralla.EditorTools.BuildScript:BuildIOS () (at Assets/_Project/Editor/BuildScript.cs:27)

(Filename: /Users/bokken/build/output/unity/unity/Editor/Mono/Utils/IconUtility.bindings.cs Line: 82)

Compressed texture AppIcon is used as icon. This might compromise visual quality of the final image. Uncompressed format might be considered as better import option.
UnityEngine.Debug:ExtractStackTraceNoAlloc (byte*,int,string)
UnityEngine.StackTraceUtility:ExtractStackTrace () (at /Users/bokken/build/output/unity/unity/Runtime/Export/Scripting/StackTrace.cs:35)
UnityEngine.DebugLogHandler:Internal_Log (UnityEngine.LogType,UnityEngine.LogOption,string,UnityEngine.Object)
UnityEngine.DebugLogHandler:LogFormat (UnityEngine.LogType,UnityEngine.Object,string,object[])
UnityEngine.Logger:Log (UnityEngine.LogType,object)
UnityEngine.Debug:LogWarning (object)
UnityEditor.Utils.IconUtility:ExportImageToPath (string,UnityEngine.Texture2D,UnityEditor.Utils.ImageDescription) (at /Users/bokken/build/output/unity/unity/Editor/Mono/Utils/IconUtility.bindings.cs:82)
UnityEditor.Utils.IconUtility:ExportImage (string,UnityEngine.Texture2D,UnityEditor.Utils.ImageDescription) (at /Users/bokken/build/output/unity/unity/Editor/Mono/Utils/IconUtility.bindings.cs:118)
UnityEditor.Utils.IconUtility:ExportIcon (string,string,UnityEditor.Utils.ImageDescription,int) (at /Users/bokken/build/output/unity/unity/Editor/Mono/Utils/IconUtility.bindings.cs:145)
UnityEditor.Apple.Utils:SetupIconsForiOS (UnityEditor.Modules.AddIconsArgs) (at /Users/bokken/build/output/unity/unity/PlatformDependent/CommonApple/Extensions/EditorExtensionUtils.cs:190)
UnityEditor.iOS.iOSBuildPostprocessor:AddIconsToBuild (UnityEditor.Modules.AddIconsArgs) (at /Users/bokken/build/output/unity/unity/PlatformDependent/iPhonePlayer/Extensions/Common/iOSBuildPostprocessor.cs:699)
UnityEditor.PostprocessBuildPlayer:Postprocess (UnityEditor.BuildTarget,int,string,string,string,UnityEditor.BuildOptions,UnityEditor.RuntimeClassRegistry,UnityEditor.Build.Reporting.BuildReport) (at /Users/bokken/build/output/unity/unity/Editor/Mono/BuildPipeline/PostprocessBuildPlayer.cs:328)
UnityEditor.BuildPipeline:BuildPlayerInternal (string[],string,string,UnityEditor.BuildTargetGroup,UnityEditor.BuildTarget,int,UnityEditor.BuildOptions,string[],string[],bool)
UnityEditor.BuildPipeline:BuildPlayer (UnityEditor.BuildPlayerOptions) (at /Users/bokken/build/output/unity/unity/Editor/Mono/BuildPipeline/BuildPipeline.bindings.cs:267)
LaMuralla.EditorTools.BuildScript:BuildIOS (UnityEditor.BuildOptions) (at Assets/_Project/Editor/BuildScript.cs:61)
LaMuralla.EditorTools.BuildScript:BuildIOS () (at Assets/_Project/Editor/BuildScript.cs:27)

(Filename: /Users/bokken/build/output/unity/unity/Editor/Mono/Utils/IconUtility.bindings.cs Line: 82)

Compressed texture AppIcon is used as icon. This might compromise visual quality of the final image. Uncompressed format might be considered as better import option.
UnityEngine.Debug:ExtractStackTraceNoAlloc (byte*,int,string)
UnityEngine.StackTraceUtility:ExtractStackTrace () (at /Users/bokken/build/output/unity/unity/Runtime/Export/Scripting/StackTrace.cs:35)
UnityEngine.DebugLogHandler:Internal_Log (UnityEngine.LogType,UnityEngine.LogOption,string,UnityEngine.Object)
UnityEngine.DebugLogHandler:LogFormat (UnityEngine.LogType,UnityEngine.Object,string,object[])
UnityEngine.Logger:Log (UnityEngine.LogType,object)
UnityEngine.Debug:LogWarning (object)
UnityEditor.Utils.IconUtility:ExportImageToPath (string,UnityEngine.Texture2D,UnityEditor.Utils.ImageDescription) (at /Users/bokken/build/output/unity/unity/Editor/Mono/Utils/IconUtility.bindings.cs:82)
UnityEditor.Utils.IconUtility:ExportImage (string,UnityEngine.Texture2D,UnityEditor.Utils.ImageDescription) (at /Users/bokken/build/output/unity/unity/Editor/Mono/Utils/IconUtility.bindings.cs:118)
UnityEditor.Utils.IconUtility:ExportIcon (string,string,UnityEditor.Utils.ImageDescription,int) (at /Users/bokken/build/output/unity/unity/Editor/Mono/Utils/IconUtility.bindings.cs:145)
UnityEditor.Apple.Utils:SetupIconsForiOS (UnityEditor.Modules.AddIconsArgs) (at /Users/bokken/build/output/unity/unity/PlatformDependent/CommonApple/Extensions/EditorExtensionUtils.cs:190)
UnityEditor.iOS.iOSBuildPostprocessor:AddIconsToBuild (UnityEditor.Modules.AddIconsArgs) (at /Users/bokken/build/output/unity/unity/PlatformDependent/iPhonePlayer/Extensions/Common/iOSBuildPostprocessor.cs:699)
UnityEditor.PostprocessBuildPlayer:Postprocess (UnityEditor.BuildTarget,int,string,string,string,UnityEditor.BuildOptions,UnityEditor.RuntimeClassRegistry,UnityEditor.Build.Reporting.BuildReport) (at /Users/bokken/build/output/unity/unity/Editor/Mono/BuildPipeline/PostprocessBuildPlayer.cs:328)
UnityEditor.BuildPipeline:BuildPlayerInternal (string[],string,string,UnityEditor.BuildTargetGroup,UnityEditor.BuildTarget,int,UnityEditor.BuildOptions,string[],string[],bool)
UnityEditor.BuildPipeline:BuildPlayer (UnityEditor.BuildPlayerOptions) (at /Users/bokken/build/output/unity/unity/Editor/Mono/BuildPipeline/BuildPipeline.bindings.cs:267)
LaMuralla.EditorTools.BuildScript:BuildIOS (UnityEditor.BuildOptions) (at Assets/_Project/Editor/BuildScript.cs:61)
LaMuralla.EditorTools.BuildScript:BuildIOS () (at Assets/_Project/Editor/BuildScript.cs:27)

(Filename: /Users/bokken/build/output/unity/unity/Editor/Mono/Utils/IconUtility.bindings.cs Line: 82)

Compressed texture AppIcon is used as icon. This might compromise visual quality of the final image. Uncompressed format might be considered as better import option.
UnityEngine.Debug:ExtractStackTraceNoAlloc (byte*,int,string)
UnityEngine.StackTraceUtility:ExtractStackTrace () (at /Users/bokken/build/output/unity/unity/Runtime/Export/Scripting/StackTrace.cs:35)
UnityEngine.DebugLogHandler:Internal_Log (UnityEngine.LogType,UnityEngine.LogOption,string,UnityEngine.Object)
UnityEngine.DebugLogHandler:LogFormat (UnityEngine.LogType,UnityEngine.Object,string,object[])
UnityEngine.Logger:Log (UnityEngine.LogType,object)
UnityEngine.Debug:LogWarning (object)
UnityEditor.Utils.IconUtility:ExportImageToPath (string,UnityEngine.Texture2D,UnityEditor.Utils.ImageDescription) (at /Users/bokken/build/output/unity/unity/Editor/Mono/Utils/IconUtility.bindings.cs:82)
UnityEditor.Utils.IconUtility:ExportImage (string,UnityEngine.Texture2D,UnityEditor.Utils.ImageDescription) (at /Users/bokken/build/output/unity/unity/Editor/Mono/Utils/IconUtility.bindings.cs:118)
UnityEditor.Utils.IconUtility:ExportIcon (string,string,UnityEditor.Utils.ImageDescription,int) (at /Users/bokken/build/output/unity/unity/Editor/Mono/Utils/IconUtility.bindings.cs:145)
UnityEditor.Apple.Utils:SetupIconsForiOS (UnityEditor.Modules.AddIconsArgs) (at /Users/bokken/build/output/unity/unity/PlatformDependent/CommonApple/Extensions/EditorExtensionUtils.cs:190)
UnityEditor.iOS.iOSBuildPostprocessor:AddIconsToBuild (UnityEditor.Modules.AddIconsArgs) (at /Users/bokken/build/output/unity/unity/PlatformDependent/iPhonePlayer/Extensions/Common/iOSBuildPostprocessor.cs:699)
UnityEditor.PostprocessBuildPlayer:Postprocess (UnityEditor.BuildTarget,int,string,string,string,UnityEditor.BuildOptions,UnityEditor.RuntimeClassRegistry,UnityEditor.Build.Reporting.BuildReport) (at /Users/bokken/build/output/unity/unity/Editor/Mono/BuildPipeline/PostprocessBuildPlayer.cs:328)
UnityEditor.BuildPipeline:BuildPlayerInternal (string[],string,string,UnityEditor.BuildTargetGroup,UnityEditor.BuildTarget,int,UnityEditor.BuildOptions,string[],string[],bool)
UnityEditor.BuildPipeline:BuildPlayer (UnityEditor.BuildPlayerOptions) (at /Users/bokken/build/output/unity/unity/Editor/Mono/BuildPipeline/BuildPipeline.bindings.cs:267)
LaMuralla.EditorTools.BuildScript:BuildIOS (UnityEditor.BuildOptions) (at Assets/_Project/Editor/BuildScript.cs:61)
LaMuralla.EditorTools.BuildScript:BuildIOS () (at Assets/_Project/Editor/BuildScript.cs:27)

(Filename: /Users/bokken/build/output/unity/unity/Editor/Mono/Utils/IconUtility.bindings.cs Line: 82)

Compressed texture AppIcon is used as icon. This might compromise visual quality of the final image. Uncompressed format might be considered as better import option.
UnityEngine.Debug:ExtractStackTraceNoAlloc (byte*,int,string)
UnityEngine.StackTraceUtility:ExtractStackTrace () (at /Users/bokken/build/output/unity/unity/Runtime/Export/Scripting/StackTrace.cs:35)
UnityEngine.DebugLogHandler:Internal_Log (UnityEngine.LogType,UnityEngine.LogOption,string,UnityEngine.Object)
UnityEngine.DebugLogHandler:LogFormat (UnityEngine.LogType,UnityEngine.Object,string,object[])
UnityEngine.Logger:Log (UnityEngine.LogType,object)
UnityEngine.Debug:LogWarning (object)
UnityEditor.Utils.IconUtility:ExportImageToPath (string,UnityEngine.Texture2D,UnityEditor.Utils.ImageDescription) (at /Users/bokken/build/output/unity/unity/Editor/Mono/Utils/IconUtility.bindings.cs:82)
UnityEditor.Utils.IconUtility:ExportImage (string,UnityEngine.Texture2D,UnityEditor.Utils.ImageDescription) (at /Users/bokken/build/output/unity/unity/Editor/Mono/Utils/IconUtility.bindings.cs:118)
UnityEditor.Utils.IconUtility:ExportIcon (string,string,UnityEditor.Utils.ImageDescription,int) (at /Users/bokken/build/output/unity/unity/Editor/Mono/Utils/IconUtility.bindings.cs:145)
UnityEditor.Apple.Utils:SetupIconsForiOS (UnityEditor.Modules.AddIconsArgs) (at /Users/bokken/build/output/unity/unity/PlatformDependent/CommonApple/Extensions/EditorExtensionUtils.cs:190)
UnityEditor.iOS.iOSBuildPostprocessor:AddIconsToBuild (UnityEditor.Modules.AddIconsArgs) (at /Users/bokken/build/output/unity/unity/PlatformDependent/iPhonePlayer/Extensions/Common/iOSBuildPostprocessor.cs:699)
UnityEditor.PostprocessBuildPlayer:Postprocess (UnityEditor.BuildTarget,int,string,string,string,UnityEditor.BuildOptions,UnityEditor.RuntimeClassRegistry,UnityEditor.Build.Reporting.BuildReport) (at /Users/bokken/build/output/unity/unity/Editor/Mono/BuildPipeline/PostprocessBuildPlayer.cs:328)
UnityEditor.BuildPipeline:BuildPlayerInternal (string[],string,string,UnityEditor.BuildTargetGroup,UnityEditor.BuildTarget,int,UnityEditor.BuildOptions,string[],string[],bool)
UnityEditor.BuildPipeline:BuildPlayer (UnityEditor.BuildPlayerOptions) (at /Users/bokken/build/output/unity/unity/Editor/Mono/BuildPipeline/BuildPipeline.bindings.cs:267)
LaMuralla.EditorTools.BuildScript:BuildIOS (UnityEditor.BuildOptions) (at Assets/_Project/Editor/BuildScript.cs:61)
LaMuralla.EditorTools.BuildScript:BuildIOS () (at Assets/_Project/Editor/BuildScript.cs:27)

(Filename: /Users/bokken/build/output/unity/unity/Editor/Mono/Utils/IconUtility.bindings.cs Line: 82)

Compressed texture AppIcon is used as icon. This might compromise visual quality of the final image. Uncompressed format might be considered as better import option.
UnityEngine.Debug:ExtractStackTraceNoAlloc (byte*,int,string)
UnityEngine.StackTraceUtility:ExtractStackTrace () (at /Users/bokken/build/output/unity/unity/Runtime/Export/Scripting/StackTrace.cs:35)
UnityEngine.DebugLogHandler:Internal_Log (UnityEngine.LogType,UnityEngine.LogOption,string,UnityEngine.Object)
UnityEngine.DebugLogHandler:LogFormat (UnityEngine.LogType,UnityEngine.Object,string,object[])
UnityEngine.Logger:Log (UnityEngine.LogType,object)
UnityEngine.Debug:LogWarning (object)
UnityEditor.Utils.IconUtility:ExportImageToPath (string,UnityEngine.Texture2D,UnityEditor.Utils.ImageDescription) (at /Users/bokken/build/output/unity/unity/Editor/Mono/Utils/IconUtility.bindings.cs:82)
UnityEditor.Utils.IconUtility:ExportImage (string,UnityEngine.Texture2D,UnityEditor.Utils.ImageDescription) (at /Users/bokken/build/output/unity/unity/Editor/Mono/Utils/IconUtility.bindings.cs:118)
UnityEditor.Utils.IconUtility:ExportIcon (string,string,UnityEditor.Utils.ImageDescription,int) (at /Users/bokken/build/output/unity/unity/Editor/Mono/Utils/IconUtility.bindings.cs:145)
UnityEditor.Apple.Utils:SetupIconsForiOS (UnityEditor.Modules.AddIconsArgs) (at /Users/bokken/build/output/unity/unity/PlatformDependent/CommonApple/Extensions/EditorExtensionUtils.cs:192)
UnityEditor.iOS.iOSBuildPostprocessor:AddIconsToBuild (UnityEditor.Modules.AddIconsArgs) (at /Users/bokken/build/output/unity/unity/PlatformDependent/iPhonePlayer/Extensions/Common/iOSBuildPostprocessor.cs:699)
UnityEditor.PostprocessBuildPlayer:Postprocess (UnityEditor.BuildTarget,int,string,string,string,UnityEditor.BuildOptions,UnityEditor.RuntimeClassRegistry,UnityEditor.Build.Reporting.BuildReport) (at /Users/bokken/build/output/unity/unity/Editor/Mono/BuildPipeline/PostprocessBuildPlayer.cs:328)
UnityEditor.BuildPipeline:BuildPlayerInternal (string[],string,string,UnityEditor.BuildTargetGroup,UnityEditor.BuildTarget,int,UnityEditor.BuildOptions,string[],string[],bool)
UnityEditor.BuildPipeline:BuildPlayer (UnityEditor.BuildPlayerOptions) (at /Users/bokken/build/output/unity/unity/Editor/Mono/BuildPipeline/BuildPipeline.bindings.cs:267)
LaMuralla.EditorTools.BuildScript:BuildIOS (UnityEditor.BuildOptions) (at Assets/_Project/Editor/BuildScript.cs:61)
LaMuralla.EditorTools.BuildScript:BuildIOS () (at Assets/_Project/Editor/BuildScript.cs:27)

(Filename: /Users/bokken/build/output/unity/unity/Editor/Mono/Utils/IconUtility.bindings.cs Line: 82)

Compressed texture AppIcon is used as icon. This might compromise visual quality of the final image. Uncompressed format might be considered as better import option.
UnityEngine.Debug:ExtractStackTraceNoAlloc (byte*,int,string)
UnityEngine.StackTraceUtility:ExtractStackTrace () (at /Users/bokken/build/output/unity/unity/Runtime/Export/Scripting/StackTrace.cs:35)
UnityEngine.DebugLogHandler:Internal_Log (UnityEngine.LogType,UnityEngine.LogOption,string,UnityEngine.Object)
UnityEngine.DebugLogHandler:LogFormat (UnityEngine.LogType,UnityEngine.Object,string,object[])
UnityEngine.Logger:Log (UnityEngine.LogType,object)
UnityEngine.Debug:LogWarning (object)
UnityEditor.Utils.IconUtility:ExportImageToPath (string,UnityEngine.Texture2D,UnityEditor.Utils.ImageDescription) (at /Users/bokken/build/output/unity/unity/Editor/Mono/Utils/IconUtility.bindings.cs:82)
UnityEditor.Utils.IconUtility:ExportImage (string,UnityEngine.Texture2D,UnityEditor.Utils.ImageDescription) (at /Users/bokken/build/output/unity/unity/Editor/Mono/Utils/IconUtility.bindings.cs:118)
UnityEditor.Utils.IconUtility:ExportIcon (string,string,UnityEditor.Utils.ImageDescription,int) (at /Users/bokken/build/output/unity/unity/Editor/Mono/Utils/IconUtility.bindings.cs:145)
UnityEditor.Apple.Utils:SetupIconsForiOS (UnityEditor.Modules.AddIconsArgs) (at /Users/bokken/build/output/unity/unity/PlatformDependent/CommonApple/Extensions/EditorExtensionUtils.cs:192)
UnityEditor.iOS.iOSBuildPostprocessor:AddIconsToBuild (UnityEditor.Modules.AddIconsArgs) (at /Users/bokken/build/output/unity/unity/PlatformDependent/iPhonePlayer/Extensions/Common/iOSBuildPostprocessor.cs:699)
UnityEditor.PostprocessBuildPlayer:Postprocess (UnityEditor.BuildTarget,int,string,string,string,UnityEditor.BuildOptions,UnityEditor.RuntimeClassRegistry,UnityEditor.Build.Reporting.BuildReport) (at /Users/bokken/build/output/unity/unity/Editor/Mono/BuildPipeline/PostprocessBuildPlayer.cs:328)
UnityEditor.BuildPipeline:BuildPlayerInternal (string[],string,string,UnityEditor.BuildTargetGroup,UnityEditor.BuildTarget,int,UnityEditor.BuildOptions,string[],string[],bool)
UnityEditor.BuildPipeline:BuildPlayer (UnityEditor.BuildPlayerOptions) (at /Users/bokken/build/output/unity/unity/Editor/Mono/BuildPipeline/BuildPipeline.bindings.cs:267)
LaMuralla.EditorTools.BuildScript:BuildIOS (UnityEditor.BuildOptions) (at Assets/_Project/Editor/BuildScript.cs:61)
LaMuralla.EditorTools.BuildScript:BuildIOS () (at Assets/_Project/Editor/BuildScript.cs:27)

(Filename: /Users/bokken/build/output/unity/unity/Editor/Mono/Utils/IconUtility.bindings.cs Line: 82)

Compressed texture AppIcon is used as icon. This might compromise visual quality of the final image. Uncompressed format might be considered as better import option.
UnityEngine.Debug:ExtractStackTraceNoAlloc (byte*,int,string)
UnityEngine.StackTraceUtility:ExtractStackTrace () (at /Users/bokken/build/output/unity/unity/Runtime/Export/Scripting/StackTrace.cs:35)
UnityEngine.DebugLogHandler:Internal_Log (UnityEngine.LogType,UnityEngine.LogOption,string,UnityEngine.Object)
UnityEngine.DebugLogHandler:LogFormat (UnityEngine.LogType,UnityEngine.Object,string,object[])
UnityEngine.Logger:Log (UnityEngine.LogType,object)
UnityEngine.Debug:LogWarning (object)
UnityEditor.Utils.IconUtility:ExportImageToPath (string,UnityEngine.Texture2D,UnityEditor.Utils.ImageDescription) (at /Users/bokken/build/output/unity/unity/Editor/Mono/Utils/IconUtility.bindings.cs:82)
UnityEditor.Utils.IconUtility:ExportImage (string,UnityEngine.Texture2D,UnityEditor.Utils.ImageDescription) (at /Users/bokken/build/output/unity/unity/Editor/Mono/Utils/IconUtility.bindings.cs:118)
UnityEditor.Utils.IconUtility:ExportIcon (string,string,UnityEditor.Utils.ImageDescription,int) (at /Users/bokken/build/output/unity/unity/Editor/Mono/Utils/IconUtility.bindings.cs:145)
UnityEditor.Apple.Utils:SetupIconsForiOS (UnityEditor.Modules.AddIconsArgs) (at /Users/bokken/build/output/unity/unity/PlatformDependent/CommonApple/Extensions/EditorExtensionUtils.cs:192)
UnityEditor.iOS.iOSBuildPostprocessor:AddIconsToBuild (UnityEditor.Modules.AddIconsArgs) (at /Users/bokken/build/output/unity/unity/PlatformDependent/iPhonePlayer/Extensions/Common/iOSBuildPostprocessor.cs:699)
UnityEditor.PostprocessBuildPlayer:Postprocess (UnityEditor.BuildTarget,int,string,string,string,UnityEditor.BuildOptions,UnityEditor.RuntimeClassRegistry,UnityEditor.Build.Reporting.BuildReport) (at /Users/bokken/build/output/unity/unity/Editor/Mono/BuildPipeline/PostprocessBuildPlayer.cs:328)
UnityEditor.BuildPipeline:BuildPlayerInternal (string[],string,string,UnityEditor.BuildTargetGroup,UnityEditor.BuildTarget,int,UnityEditor.BuildOptions,string[],string[],bool)
UnityEditor.BuildPipeline:BuildPlayer (UnityEditor.BuildPlayerOptions) (at /Users/bokken/build/output/unity/unity/Editor/Mono/BuildPipeline/BuildPipeline.bindings.cs:267)
LaMuralla.EditorTools.BuildScript:BuildIOS (UnityEditor.BuildOptions) (at Assets/_Project/Editor/BuildScript.cs:61)
LaMuralla.EditorTools.BuildScript:BuildIOS () (at Assets/_Project/Editor/BuildScript.cs:27)

(Filename: /Users/bokken/build/output/unity/unity/Editor/Mono/Utils/IconUtility.bindings.cs Line: 82)

Compressed texture AppIcon is used as icon. This might compromise visual quality of the final image. Uncompressed format might be considered as better import option.
UnityEngine.Debug:ExtractStackTraceNoAlloc (byte*,int,string)
UnityEngine.StackTraceUtility:ExtractStackTrace () (at /Users/bokken/build/output/unity/unity/Runtime/Export/Scripting/StackTrace.cs:35)
UnityEngine.DebugLogHandler:Internal_Log (UnityEngine.LogType,UnityEngine.LogOption,string,UnityEngine.Object)
UnityEngine.DebugLogHandler:LogFormat (UnityEngine.LogType,UnityEngine.Object,string,object[])
UnityEngine.Logger:Log (UnityEngine.LogType,object)
UnityEngine.Debug:LogWarning (object)
UnityEditor.Utils.IconUtility:ExportImageToPath (string,UnityEngine.Texture2D,UnityEditor.Utils.ImageDescription) (at /Users/bokken/build/output/unity/unity/Editor/Mono/Utils/IconUtility.bindings.cs:82)
UnityEditor.Utils.IconUtility:ExportImage (string,UnityEngine.Texture2D,UnityEditor.Utils.ImageDescription) (at /Users/bokken/build/output/unity/unity/Editor/Mono/Utils/IconUtility.bindings.cs:118)
UnityEditor.Utils.IconUtility:ExportIcon (string,string,UnityEditor.Utils.ImageDescription,int) (at /Users/bokken/build/output/unity/unity/Editor/Mono/Utils/IconUtility.bindings.cs:145)
UnityEditor.Apple.Utils:SetupIconsForiOS (UnityEditor.Modules.AddIconsArgs) (at /Users/bokken/build/output/unity/unity/PlatformDependent/CommonApple/Extensions/EditorExtensionUtils.cs:192)
UnityEditor.iOS.iOSBuildPostprocessor:AddIconsToBuild (UnityEditor.Modules.AddIconsArgs) (at /Users/bokken/build/output/unity/unity/PlatformDependent/iPhonePlayer/Extensions/Common/iOSBuildPostprocessor.cs:699)
UnityEditor.PostprocessBuildPlayer:Postprocess (UnityEditor.BuildTarget,int,string,string,string,UnityEditor.BuildOptions,UnityEditor.RuntimeClassRegistry,UnityEditor.Build.Reporting.BuildReport) (at /Users/bokken/build/output/unity/unity/Editor/Mono/BuildPipeline/PostprocessBuildPlayer.cs:328)
UnityEditor.BuildPipeline:BuildPlayerInternal (string[],string,string,UnityEditor.BuildTargetGroup,UnityEditor.BuildTarget,int,UnityEditor.BuildOptions,string[],string[],bool)
UnityEditor.BuildPipeline:BuildPlayer (UnityEditor.BuildPlayerOptions) (at /Users/bokken/build/output/unity/unity/Editor/Mono/BuildPipeline/BuildPipeline.bindings.cs:267)
LaMuralla.EditorTools.BuildScript:BuildIOS (UnityEditor.BuildOptions) (at Assets/_Project/Editor/BuildScript.cs:61)
LaMuralla.EditorTools.BuildScript:BuildIOS () (at Assets/_Project/Editor/BuildScript.cs:27)

(Filename: /Users/bokken/build/output/unity/unity/Editor/Mono/Utils/IconUtility.bindings.cs Line: 82)

Compressed texture AppIcon is used as icon. This might compromise visual quality of the final image. Uncompressed format might be considered as better import option.
UnityEngine.Debug:ExtractStackTraceNoAlloc (byte*,int,string)
UnityEngine.StackTraceUtility:ExtractStackTrace () (at /Users/bokken/build/output/unity/unity/Runtime/Export/Scripting/StackTrace.cs:35)
UnityEngine.DebugLogHandler:Internal_Log (UnityEngine.LogType,UnityEngine.LogOption,string,UnityEngine.Object)
UnityEngine.DebugLogHandler:LogFormat (UnityEngine.LogType,UnityEngine.Object,string,object[])
UnityEngine.Logger:Log (UnityEngine.LogType,object)
UnityEngine.Debug:LogWarning (object)
UnityEditor.Utils.IconUtility:ExportImageToPath (string,UnityEngine.Texture2D,UnityEditor.Utils.ImageDescription) (at /Users/bokken/build/output/unity/unity/Editor/Mono/Utils/IconUtility.bindings.cs:82)
UnityEditor.Utils.IconUtility:ExportImage (string,UnityEngine.Texture2D,UnityEditor.Utils.ImageDescription) (at /Users/bokken/build/output/unity/unity/Editor/Mono/Utils/IconUtility.bindings.cs:118)
UnityEditor.Utils.IconUtility:ExportIcon (string,string,UnityEditor.Utils.ImageDescription,int) (at /Users/bokken/build/output/unity/unity/Editor/Mono/Utils/IconUtility.bindings.cs:145)
UnityEditor.Apple.Utils:SetupIconsForiOS (UnityEditor.Modules.AddIconsArgs) (at /Users/bokken/build/output/unity/unity/PlatformDependent/CommonApple/Extensions/EditorExtensionUtils.cs:194)
UnityEditor.iOS.iOSBuildPostprocessor:AddIconsToBuild (UnityEditor.Modules.AddIconsArgs) (at /Users/bokken/build/output/unity/unity/PlatformDependent/iPhonePlayer/Extensions/Common/iOSBuildPostprocessor.cs:699)
UnityEditor.PostprocessBuildPlayer:Postprocess (UnityEditor.BuildTarget,int,string,string,string,UnityEditor.BuildOptions,UnityEditor.RuntimeClassRegistry,UnityEditor.Build.Reporting.BuildReport) (at /Users/bokken/build/output/unity/unity/Editor/Mono/BuildPipeline/PostprocessBuildPlayer.cs:328)
UnityEditor.BuildPipeline:BuildPlayerInternal (string[],string,string,UnityEditor.BuildTargetGroup,UnityEditor.BuildTarget,int,UnityEditor.BuildOptions,string[],string[],bool)
UnityEditor.BuildPipeline:BuildPlayer (UnityEditor.BuildPlayerOptions) (at /Users/bokken/build/output/unity/unity/Editor/Mono/BuildPipeline/BuildPipeline.bindings.cs:267)
LaMuralla.EditorTools.BuildScript:BuildIOS (UnityEditor.BuildOptions) (at Assets/_Project/Editor/BuildScript.cs:61)
LaMuralla.EditorTools.BuildScript:BuildIOS () (at Assets/_Project/Editor/BuildScript.cs:27)

(Filename: /Users/bokken/build/output/unity/unity/Editor/Mono/Utils/IconUtility.bindings.cs Line: 82)

Compressed texture AppIcon is used as icon. This might compromise visual quality of the final image. Uncompressed format might be considered as better import option.
UnityEngine.Debug:ExtractStackTraceNoAlloc (byte*,int,string)
UnityEngine.StackTraceUtility:ExtractStackTrace () (at /Users/bokken/build/output/unity/unity/Runtime/Export/Scripting/StackTrace.cs:35)
UnityEngine.DebugLogHandler:Internal_Log (UnityEngine.LogType,UnityEngine.LogOption,string,UnityEngine.Object)
UnityEngine.DebugLogHandler:LogFormat (UnityEngine.LogType,UnityEngine.Object,string,object[])
UnityEngine.Logger:Log (UnityEngine.LogType,object)
UnityEngine.Debug:LogWarning (object)
UnityEditor.Utils.IconUtility:ExportImageToPath (string,UnityEngine.Texture2D,UnityEditor.Utils.ImageDescription) (at /Users/bokken/build/output/unity/unity/Editor/Mono/Utils/IconUtility.bindings.cs:82)
UnityEditor.Utils.IconUtility:ExportImage (string,UnityEngine.Texture2D,UnityEditor.Utils.ImageDescription) (at /Users/bokken/build/output/unity/unity/Editor/Mono/Utils/IconUtility.bindings.cs:118)
UnityEditor.Utils.IconUtility:ExportIcon (string,string,UnityEditor.Utils.ImageDescription,int) (at /Users/bokken/build/output/unity/unity/Editor/Mono/Utils/IconUtility.bindings.cs:145)
UnityEditor.Apple.Utils:SetupIconsForiOS (UnityEditor.Modules.AddIconsArgs) (at /Users/bokken/build/output/unity/unity/PlatformDependent/CommonApple/Extensions/EditorExtensionUtils.cs:194)
UnityEditor.iOS.iOSBuildPostprocessor:AddIconsToBuild (UnityEditor.Modules.AddIconsArgs) (at /Users/bokken/build/output/unity/unity/PlatformDependent/iPhonePlayer/Extensions/Common/iOSBuildPostprocessor.cs:699)
UnityEditor.PostprocessBuildPlayer:Postprocess (UnityEditor.BuildTarget,int,string,string,string,UnityEditor.BuildOptions,UnityEditor.RuntimeClassRegistry,UnityEditor.Build.Reporting.BuildReport) (at /Users/bokken/build/output/unity/unity/Editor/Mono/BuildPipeline/PostprocessBuildPlayer.cs:328)
UnityEditor.BuildPipeline:BuildPlayerInternal (string[],string,string,UnityEditor.BuildTargetGroup,UnityEditor.BuildTarget,int,UnityEditor.BuildOptions,string[],string[],bool)
UnityEditor.BuildPipeline:BuildPlayer (UnityEditor.BuildPlayerOptions) (at /Users/bokken/build/output/unity/unity/Editor/Mono/BuildPipeline/BuildPipeline.bindings.cs:267)
LaMuralla.EditorTools.BuildScript:BuildIOS (UnityEditor.BuildOptions) (at Assets/_Project/Editor/BuildScript.cs:61)
LaMuralla.EditorTools.BuildScript:BuildIOS () (at Assets/_Project/Editor/BuildScript.cs:27)

(Filename: /Users/bokken/build/output/unity/unity/Editor/Mono/Utils/IconUtility.bindings.cs Line: 82)

Compressed texture AppIcon is used as icon. This might compromise visual quality of the final image. Uncompressed format might be considered as better import option.
UnityEngine.Debug:ExtractStackTraceNoAlloc (byte*,int,string)
UnityEngine.StackTraceUtility:ExtractStackTrace () (at /Users/bokken/build/output/unity/unity/Runtime/Export/Scripting/StackTrace.cs:35)
UnityEngine.DebugLogHandler:Internal_Log (UnityEngine.LogType,UnityEngine.LogOption,string,UnityEngine.Object)
UnityEngine.DebugLogHandler:LogFormat (UnityEngine.LogType,UnityEngine.Object,string,object[])
UnityEngine.Logger:Log (UnityEngine.LogType,object)
UnityEngine.Debug:LogWarning (object)
UnityEditor.Utils.IconUtility:ExportImageToPath (string,UnityEngine.Texture2D,UnityEditor.Utils.ImageDescription) (at /Users/bokken/build/output/unity/unity/Editor/Mono/Utils/IconUtility.bindings.cs:82)
UnityEditor.Utils.IconUtility:ExportImage (string,UnityEngine.Texture2D,UnityEditor.Utils.ImageDescription) (at /Users/bokken/build/output/unity/unity/Editor/Mono/Utils/IconUtility.bindings.cs:118)
UnityEditor.Utils.IconUtility:ExportIcon (string,string,UnityEditor.Utils.ImageDescription,int) (at /Users/bokken/build/output/unity/unity/Editor/Mono/Utils/IconUtility.bindings.cs:145)
UnityEditor.Apple.Utils:SetupIconsForiOS (UnityEditor.Modules.AddIconsArgs) (at /Users/bokken/build/output/unity/unity/PlatformDependent/CommonApple/Extensions/EditorExtensionUtils.cs:194)
UnityEditor.iOS.iOSBuildPostprocessor:AddIconsToBuild (UnityEditor.Modules.AddIconsArgs) (at /Users/bokken/build/output/unity/unity/PlatformDependent/iPhonePlayer/Extensions/Common/iOSBuildPostprocessor.cs:699)
UnityEditor.PostprocessBuildPlayer:Postprocess (UnityEditor.BuildTarget,int,string,string,string,UnityEditor.BuildOptions,UnityEditor.RuntimeClassRegistry,UnityEditor.Build.Reporting.BuildReport) (at /Users/bokken/build/output/unity/unity/Editor/Mono/BuildPipeline/PostprocessBuildPlayer.cs:328)
UnityEditor.BuildPipeline:BuildPlayerInternal (string[],string,string,UnityEditor.BuildTargetGroup,UnityEditor.BuildTarget,int,UnityEditor.BuildOptions,string[],string[],bool)
UnityEditor.BuildPipeline:BuildPlayer (UnityEditor.BuildPlayerOptions) (at /Users/bokken/build/output/unity/unity/Editor/Mono/BuildPipeline/BuildPipeline.bindings.cs:267)
LaMuralla.EditorTools.BuildScript:BuildIOS (UnityEditor.BuildOptions) (at Assets/_Project/Editor/BuildScript.cs:61)
LaMuralla.EditorTools.BuildScript:BuildIOS () (at Assets/_Project/Editor/BuildScript.cs:27)

(Filename: /Users/bokken/build/output/unity/unity/Editor/Mono/Utils/IconUtility.bindings.cs Line: 82)

Compressed texture AppIcon is used as icon. This might compromise visual quality of the final image. Uncompressed format might be considered as better import option.
UnityEngine.Debug:ExtractStackTraceNoAlloc (byte*,int,string)
UnityEngine.StackTraceUtility:ExtractStackTrace () (at /Users/bokken/build/output/unity/unity/Runtime/Export/Scripting/StackTrace.cs:35)
UnityEngine.DebugLogHandler:Internal_Log (UnityEngine.LogType,UnityEngine.LogOption,string,UnityEngine.Object)
UnityEngine.DebugLogHandler:LogFormat (UnityEngine.LogType,UnityEngine.Object,string,object[])
UnityEngine.Logger:Log (UnityEngine.LogType,object)
UnityEngine.Debug:LogWarning (object)
UnityEditor.Utils.IconUtility:ExportImageToPath (string,UnityEngine.Texture2D,UnityEditor.Utils.ImageDescription) (at /Users/bokken/build/output/unity/unity/Editor/Mono/Utils/IconUtility.bindings.cs:82)
UnityEditor.Utils.IconUtility:ExportImage (string,UnityEngine.Texture2D,UnityEditor.Utils.ImageDescription) (at /Users/bokken/build/output/unity/unity/Editor/Mono/Utils/IconUtility.bindings.cs:118)
UnityEditor.Utils.IconUtility:ExportIcon (string,string,UnityEditor.Utils.ImageDescription,int) (at /Users/bokken/build/output/unity/unity/Editor/Mono/Utils/IconUtility.bindings.cs:145)
UnityEditor.Apple.Utils:SetupIconsForiOS (UnityEditor.Modules.AddIconsArgs) (at /Users/bokken/build/output/unity/unity/PlatformDependent/CommonApple/Extensions/EditorExtensionUtils.cs:194)
UnityEditor.iOS.iOSBuildPostprocessor:AddIconsToBuild (UnityEditor.Modules.AddIconsArgs) (at /Users/bokken/build/output/unity/unity/PlatformDependent/iPhonePlayer/Extensions/Common/iOSBuildPostprocessor.cs:699)
UnityEditor.PostprocessBuildPlayer:Postprocess (UnityEditor.BuildTarget,int,string,string,string,UnityEditor.BuildOptions,UnityEditor.RuntimeClassRegistry,UnityEditor.Build.Reporting.BuildReport) (at /Users/bokken/build/output/unity/unity/Editor/Mono/BuildPipeline/PostprocessBuildPlayer.cs:328)
UnityEditor.BuildPipeline:BuildPlayerInternal (string[],string,string,UnityEditor.BuildTargetGroup,UnityEditor.BuildTarget,int,UnityEditor.BuildOptions,string[],string[],bool)
UnityEditor.BuildPipeline:BuildPlayer (UnityEditor.BuildPlayerOptions) (at /Users/bokken/build/output/unity/unity/Editor/Mono/BuildPipeline/BuildPipeline.bindings.cs:267)
LaMuralla.EditorTools.BuildScript:BuildIOS (UnityEditor.BuildOptions) (at Assets/_Project/Editor/BuildScript.cs:61)
LaMuralla.EditorTools.BuildScript:BuildIOS () (at Assets/_Project/Editor/BuildScript.cs:27)

(Filename: /Users/bokken/build/output/unity/unity/Editor/Mono/Utils/IconUtility.bindings.cs Line: 82)

Compressed texture AppIcon is used as icon. This might compromise visual quality of the final image. Uncompressed format might be considered as better import option.
UnityEngine.Debug:ExtractStackTraceNoAlloc (byte*,int,string)
UnityEngine.StackTraceUtility:ExtractStackTrace () (at /Users/bokken/build/output/unity/unity/Runtime/Export/Scripting/StackTrace.cs:35)
UnityEngine.DebugLogHandler:Internal_Log (UnityEngine.LogType,UnityEngine.LogOption,string,UnityEngine.Object)
UnityEngine.DebugLogHandler:LogFormat (UnityEngine.LogType,UnityEngine.Object,string,object[])
UnityEngine.Logger:Log (UnityEngine.LogType,object)
UnityEngine.Debug:LogWarning (object)
UnityEditor.Utils.IconUtility:ExportImageToPath (string,UnityEngine.Texture2D,UnityEditor.Utils.ImageDescription) (at /Users/bokken/build/output/unity/unity/Editor/Mono/Utils/IconUtility.bindings.cs:82)
UnityEditor.Utils.IconUtility:ExportImage (string,UnityEngine.Texture2D,UnityEditor.Utils.ImageDescription) (at /Users/bokken/build/output/unity/unity/Editor/Mono/Utils/IconUtility.bindings.cs:118)
UnityEditor.Utils.IconUtility:ExportIcon (string,string,UnityEditor.Utils.ImageDescription,int) (at /Users/bokken/build/output/unity/unity/Editor/Mono/Utils/IconUtility.bindings.cs:145)
UnityEditor.Apple.Utils:SetupIconsForiOS (UnityEditor.Modules.AddIconsArgs) (at /Users/bokken/build/output/unity/unity/PlatformDependent/CommonApple/Extensions/EditorExtensionUtils.cs:196)
UnityEditor.iOS.iOSBuildPostprocessor:AddIconsToBuild (UnityEditor.Modules.AddIconsArgs) (at /Users/bokken/build/output/unity/unity/PlatformDependent/iPhonePlayer/Extensions/Common/iOSBuildPostprocessor.cs:699)
UnityEditor.PostprocessBuildPlayer:Postprocess (UnityEditor.BuildTarget,int,string,string,string,UnityEditor.BuildOptions,UnityEditor.RuntimeClassRegistry,UnityEditor.Build.Reporting.BuildReport) (at /Users/bokken/build/output/unity/unity/Editor/Mono/BuildPipeline/PostprocessBuildPlayer.cs:328)
UnityEditor.BuildPipeline:BuildPlayerInternal (string[],string,string,UnityEditor.BuildTargetGroup,UnityEditor.BuildTarget,int,UnityEditor.BuildOptions,string[],string[],bool)
UnityEditor.BuildPipeline:BuildPlayer (UnityEditor.BuildPlayerOptions) (at /Users/bokken/build/output/unity/unity/Editor/Mono/BuildPipeline/BuildPipeline.bindings.cs:267)
LaMuralla.EditorTools.BuildScript:BuildIOS (UnityEditor.BuildOptions) (at Assets/_Project/Editor/BuildScript.cs:61)
LaMuralla.EditorTools.BuildScript:BuildIOS () (at Assets/_Project/Editor/BuildScript.cs:27)

(Filename: /Users/bokken/build/output/unity/unity/Editor/Mono/Utils/IconUtility.bindings.cs Line: 82)

info: Microsoft.AspNetCore.Hosting.Diagnostics[1]
      Request starting HTTP/2 POST http://ilpp/UnityILPP.PostProcessing/Ping - application/grpc -
info: Microsoft.AspNetCore.Routing.EndpointMiddleware[0]
      Executing endpoint 'gRPC - /UnityILPP.PostProcessing/Ping'
info: Microsoft.AspNetCore.Routing.EndpointMiddleware[1]
      Executed endpoint 'gRPC - /UnityILPP.PostProcessing/Ping'
info: Microsoft.AspNetCore.Hosting.Diagnostics[2]
      Request finished HTTP/2 POST http://ilpp/UnityILPP.PostProcessing/Ping - 200 - application/grpc 1.9768ms
Starting: /Applications/Unity/Hub/Editor/6000.5.4f1/Unity.app/Contents/Resources/BuildPipeline/bee_backend --ipc --dagfile="Library/Bee/Playerc0d826f1.dag" --profile="Library/Bee/backend1.traceevents" Player
WorkingDir: /Users/tuantu/Desktop/dev/AI/mobile/game_df/LaMuralla
DisplayProgressbar: Incremental Player Build
[  67/3487  0s] CopyFiles /Users/tuantu/Desktop/dev/AI/mobile/game_df/ios-build/Frameworks/UnityRuntime.framework/PrivacyInfo.xcprivacy
[  68/3487  0s] CopyFiles /Users/tuantu/Desktop/dev/AI/mobile/game_df/ios-build/Frameworks/UnityRuntime.framework/_CodeSignature/CodeRequirements-1
[  69/3487  0s] CopyFiles /Users/tuantu/Desktop/dev/AI/mobile/game_df/ios-build/Frameworks/UnityRuntime.framework/UnityRuntime
[  70/3487  0s] CopyFiles /Users/tuantu/Desktop/dev/AI/mobile/game_df/ios-build/Frameworks/UnityRuntime.framework/_CodeSignature/CodeDirectory
[  71/3487  0s] CopyFiles /Users/tuantu/Desktop/dev/AI/mobile/game_df/ios-build/Frameworks/UnityRuntime.framework/_CodeSignature/CodeRequirements
[  72/3487  0s] CopyFiles /Users/tuantu/Desktop/dev/AI/mobile/game_df/ios-build/Frameworks/com.google.ads.mobile/Plugins/iOS/unity-plugin-library.xcframework/ios-arm64/unity-plugin-library.framework/Info.plist
[  73/3487  0s] CopyFiles /Users/tuantu/Desktop/dev/AI/mobile/game_df/ios-build/Frameworks/com.google.ads.mobile/Plugins/iOS/unity-plugin-library.xcframework/ios-arm64/unity-plugin-library.framework/unity-plugin-library
[  74/3487  0s] CopyFiles /Users/tuantu/Desktop/dev/AI/mobile/game_df/ios-build/Frameworks/com.google.ads.mobile/Plugins/iOS/unity-plugin-library.xcframework/ios-arm64_x86_64-simulator/unity-plugin-library.framework/Info.plist
[  75/3487  0s] CopyFiles /Users/tuantu/Desktop/dev/AI/mobile/game_df/ios-build/Frameworks/com.google.ads.mobile/Plugins/iOS/unity-plugin-library.xcframework/ios-arm64_x86_64-simulator/unity-plugin-library.framework/unity-plugin-library
[  76/3487  0s] CopyFiles /Users/tuantu/Desktop/dev/AI/mobile/game_df/ios-build/Frameworks/UnityRuntime.framework/_CodeSignature/CodeSignature
[  77/3487  0s] CopyFiles /Users/tuantu/Desktop/dev/AI/mobile/game_df/ios-build/Frameworks/UnityRuntime.framework/_CodeSignature/CodeResources
[  78/3487  0s] CopyFiles /Users/tuantu/Desktop/dev/AI/mobile/game_df/ios-build/Frameworks/com.google.ads.mobile/Plugins/iOS/unity-plugin-library.xcframework/Info.plist
[  79/3487  0s] CopyFiles /Users/tuantu/Desktop/dev/AI/mobile/game_df/ios-build/UnityFramework/PrivacyInfo.xcprivacy
[  80/3487  0s] CopyFiles /Users/tuantu/Desktop/dev/AI/mobile/game_df/ios-build/Frameworks/UnityRuntime.framework/Info.plist
[  81/3487  0s] CopyFiles /Users/tuantu/Desktop/dev/AI/mobile/game_df/ios-build/Il2CppOutputProject/IL2CPP/libil2cpp/vm/Property.cpp
[  82/3487  0s] CopyFiles /Users/tuantu/Desktop/dev/AI/mobile/game_df/ios-build/Il2CppOutputProject/IL2CPP/libil2cpp/vm/Profiler.h
[  83/3487  0s] CopyFiles /Users/tuantu/Desktop/dev/AI/mobile/game_df/ios-build/UnityFramework/ApplePrivacyManifestsMerge.txt
[  84/3487  0s] CopyFiles /Users/tuantu/Desktop/dev/AI/mobile/game_df/ios-build/Il2CppOutputProject/IL2CPP/libil2cpp/vm/Profiler.cpp
[  85/3487  0s] CopyFiles /Users/tuantu/Desktop/dev/AI/mobile/game_df/ios-build/Il2CppOutputProject/IL2CPP/libil2cpp/vm/Path.h
[  86/3487  0s] CopyFiles /Users/tuantu/Desktop/dev/AI/mobile/game_df/ios-build/Il2CppOutputProject/IL2CPP/libil2cpp/vm/PlatformInvoke.h
[  87/3487  0s] CopyFiles /Users/tuantu/Desktop/dev/AI/mobile/game_df/ios-build/Il2CppOutputProject/IL2CPP/libil2cpp/vm/Parameter.h
[  88/3487  0s] CopyFiles /Users/tuantu/Desktop/dev/AI/mobile/game_df/ios-build/Il2CppOutputProject/IL2CPP/libil2cpp/vm/Path.cpp
[  89/3487  0s] CopyFiles /Users/tuantu/Desktop/dev/AI/mobile/game_df/ios-build/Il2CppOutputProject/IL2CPP/libil2cpp/vm/Parameter.cpp
[  90/3487  0s] CopyFiles /Users/tuantu/Desktop/dev/AI/mobile/game_df/ios-build/Il2CppOutputProject/IL2CPP/libil2cpp/vm/ObjectInlines.h
[  91/3487  0s] CopyFiles /Users/tuantu/Desktop/dev/AI/mobile/game_df/ios-build/Il2CppOutputProject/IL2CPP/libil2cpp/vm/PlatformInvoke.cpp
[  92/3487  0s] CopyFiles /Users/tuantu/Desktop/dev/AI/mobile/game_df/ios-build/Il2CppOutputProject/IL2CPP/libil2cpp/vm/NonCachedCCWBase.h
[  93/3487  0s] CopyFiles /Users/tuantu/Desktop/dev/AI/mobile/game_df/ios-build/Il2CppOutputProject/IL2CPP/libil2cpp/vm/Object.h
[  94/3487  0s] CopyFiles /Users/tuantu/Desktop/dev/AI/mobile/game_df/ios-build/Il2CppOutputProject/IL2CPP/libil2cpp/vm/Object.cpp
[  95/3487  0s] CopyFiles /Users/tuantu/Desktop/dev/AI/mobile/game_df/ios-build/Il2CppOutputProject/IL2CPP/libil2cpp/vm/Monitor.h
[  96/3487  0s] CopyFiles /Users/tuantu/Desktop/dev/AI/mobile/game_df/ios-build/Il2CppOutputProject/IL2CPP/libil2cpp/vm/Module.h
[  97/3487  0s] CopyFiles /Users/tuantu/Desktop/dev/AI/mobile/game_df/ios-build/Il2CppOutputProject/IL2CPP/libil2cpp/vm/Method.h
[  98/3487  0s] CopyFiles /Users/tuantu/Desktop/dev/AI/mobile/game_df/ios-build/Il2CppOutputProject/IL2CPP/libil2cpp/vm/Module.cpp
[  99/3487  0s] CopyFiles /Users/tuantu/Desktop/dev/AI/mobile/game_df/ios-build/Il2CppOutputProject/IL2CPP/libil2cpp/vm/Method.cpp
[ 100/3487  0s] CopyFiles /Users/tuantu/Desktop/dev/AI/mobile/game_df/ios-build/Il2CppOutputProject/IL2CPP/libil2cpp/vm/MetadataLock.h
[ 101/3487  0s] CopyFiles /Users/tuantu/Desktop/dev/AI/mobile/game_df/ios-build/Il2CppOutputProject/IL2CPP/libil2cpp/vm/Monitor.cpp
[ 102/3487  0s] CopyFiles /Users/tuantu/Desktop/dev/AI/mobile/game_df/ios-build/Il2CppOutputProject/IL2CPP/libil2cpp/vm/MetadataLoader.h
[ 103/3487  0s] CopyFiles /Users/tuantu/Desktop/dev/AI/mobile/game_df/ios-build/Il2CppOutputProject/IL2CPP/libil2cpp/vm/MetadataAlloc.h
[ 104/3487  0s] CopyFiles /Users/tuantu/Desktop/dev/AI/mobile/game_df/ios-build/Il2CppOutputProject/IL2CPP/libil2cpp/vm/MemoryInformation.h
[ 105/3487  0s] CopyFiles /Users/tuantu/Desktop/dev/AI/mobile/game_df/ios-build/Il2CppOutputProject/IL2CPP/libil2cpp/vm/MetadataLoader.cpp
[ 106/3487  0s] CopyFiles /Users/tuantu/Desktop/dev/AI/mobile/game_df/ios-build/Il2CppOutputProject/IL2CPP/libil2cpp/vm/MetadataDeserialization.h
[ 107/3487  0s] CopyFiles /Users/tuantu/Desktop/dev/AI/mobile/game_df/ios-build/Il2CppOutputProject/IL2CPP/libil2cpp/vm/MetadataAlloc.cpp
[ 108/3487  0s] CopyFiles /Users/tuantu/Desktop/dev/AI/mobile/game_df/ios-build/Il2CppOutputProject/IL2CPP/libil2cpp/vm/MetadataDeserialization.cpp
[ 109/3487  0s] CopyFiles /Users/tuantu/Desktop/dev/AI/mobile/game_df/ios-build/Il2CppOutputProject/IL2CPP/libil2cpp/vm/MetadataCache.h
[ 110/3487  0s] CopyFiles /Users/tuantu/Desktop/dev/AI/mobile/game_df/ios-build/Il2CppOutputProject/IL2CPP/libil2cpp/vm/Liveness.h
[ 111/3487  0s] CopyFiles /Users/tuantu/Desktop/dev/AI/mobile/game_df/ios-build/Il2CppOutputProject/IL2CPP/libil2cpp/vm/MarshalAlloc.h
[ 112/3487  0s] CopyFiles /Users/tuantu/Desktop/dev/AI/mobile/game_df/ios-build/Il2CppOutputProject/IL2CPP/libil2cpp/vm/MemoryInformation.cpp
[ 113/3487  0s] CopyFiles /Users/tuantu/Desktop/dev/AI/mobile/game_df/ios-build/Il2CppOutputProject/IL2CPP/libil2cpp/vm/Liveness.cpp
[ 114/3487  0s] CopyFiles /Users/tuantu/Desktop/dev/AI/mobile/game_df/ios-build/Il2CppOutputProject/IL2CPP/libil2cpp/vm/LastError.h
[ 115/3487  0s] CopyFiles /Users/tuantu/Desktop/dev/AI/mobile/game_df/ios-build/Il2CppOutputProject/IL2CPP/libil2cpp/vm/MetadataCache.cpp
[ 116/3487  0s] CopyFiles /Users/tuantu/Desktop/dev/AI/mobile/game_df/ios-build/Il2CppOutputProject/IL2CPP/libil2cpp/vm/LastError.cpp
[ 117/3487  0s] CopyFiles /Users/tuantu/Desktop/dev/AI/mobile/game_df/ios-build/Il2CppOutputProject/IL2CPP/libil2cpp/vm/MarshalAlloc.cpp
[ 118/3487  0s] CopyFiles /Users/tuantu/Desktop/dev/AI/mobile/game_df/ios-build/Il2CppOutputProject/IL2CPP/libil2cpp/vm/InternalCalls.cpp
[ 119/3487  0s] CopyFiles /Users/tuantu/Desktop/dev/AI/mobile/game_df/ios-build/Il2CppOutputProject/IL2CPP/libil2cpp/vm/InternalCalls.h
[ 120/3487  0s] CopyFiles /Users/tuantu/Desktop/dev/AI/mobile/game_df/ios-build/Il2CppOutputProject/IL2CPP/libil2cpp/vm/Il2CppHStringReference.h
[ 121/3487  0s] CopyFiles /Users/tuantu/Desktop/dev/AI/mobile/game_df/ios-build/Il2CppOutputProject/IL2CPP/libil2cpp/vm/Image.cpp
[ 122/3487  0s] CopyFiles /Users/tuantu/Desktop/dev/AI/mobile/game_df/ios-build/Il2CppOutputProject/IL2CPP/libil2cpp/vm/Image.h
[ 123/3487  0s] CopyFiles /Users/tuantu/Desktop/dev/AI/mobile/game_df/ios-build/Il2CppOutputProject/IL2CPP/libil2cpp/vm/IcuData.cpp
[ 124/3487  0s] CopyFiles /Users/tuantu/Desktop/dev/AI/mobile/game_df/ios-build/Il2CppOutputProject/IL2CPP/libil2cpp/vm/IcuData.h
[ 125/3487  0s] CopyFiles /Users/tuantu/Desktop/dev/AI/mobile/game_df/ios-build/Il2CppOutputProject/IL2CPP/libil2cpp/vm/Il2CppHStringReference.cpp
[ 126/3487  0s] CopyFiles /Users/tuantu/Desktop/dev/AI/mobile/game_df/ios-build/Il2CppOutputProject/IL2CPP/libil2cpp/vm/GenericContainer.h
[ 127/3487  0s] CopyFiles /Users/tuantu/Desktop/dev/AI/mobile/game_df/ios-build/Il2CppOutputProject/IL2CPP/libil2cpp/vm/GenericClass.h
[ 128/3487  0s] CopyFiles /Users/tuantu/Desktop/dev/AI/mobile/game_df/ios-build/Il2CppOutputProject/IL2CPP/libil2cpp/vm/GlobalMetadataFileInternals.h
[ 129/3487  0s] CopyFiles /Users/tuantu/Desktop/dev/AI/mobile/game_df/ios-build/Il2CppOutputProject/IL2CPP/libil2cpp/vm/GlobalMetadata.h
[ 130/3487  0s] CopyFiles /Users/tuantu/Desktop/dev/AI/mobile/game_df/ios-build/Il2CppOutputProject/IL2CPP/libil2cpp/vm/GenericClass.cpp
[ 131/3487  0s] CopyFiles /Users/tuantu/Desktop/dev/AI/mobile/game_df/ios-build/Il2CppOutputProject/IL2CPP/libil2cpp/vm/Field.h
[ 132/3487  0s] CopyFiles /Users/tuantu/Desktop/dev/AI/mobile/game_df/ios-build/Il2CppOutputProject/IL2CPP/libil2cpp/vm/GenericContainer.cpp
[ 133/3487  0s] CopyFiles /Users/tuantu/Desktop/dev/AI/mobile/game_df/ios-build/Il2CppOutputProject/IL2CPP/libil2cpp/vm/Event.h
[ 134/3487  0s] CopyFiles /Users/tuantu/Desktop/dev/AI/mobile/game_df/ios-build/Il2CppOutputProject/IL2CPP/libil2cpp/vm/Exception.cpp
[ 135/3487  0s] CopyFiles /Users/tuantu/Desktop/dev/AI/mobile/game_df/ios-build/Il2CppOutputProject/IL2CPP/libil2cpp/vm/Field.cpp
[ 136/3487  0s] CopyFiles /Users/tuantu/Desktop/dev/AI/mobile/game_df/ios-build/Il2CppOutputProject/IL2CPP/libil2cpp/vm/Exception.h
[ 137/3487  0s] CopyFiles /Users/tuantu/Desktop/dev/AI/mobile/game_df/ios-build/Il2CppOutputProject/IL2CPP/libil2cpp/vm/GlobalMetadata.cpp
[ 138/3487  0s] CopyFiles /Users/tuantu/Desktop/dev/AI/mobile/game_df/ios-build/Il2CppOutputProject/IL2CPP/libil2cpp/vm/Enum.cpp
[ 139/3487  0s] CopyFiles /Users/tuantu/Desktop/dev/AI/mobile/game_df/ios-build/Il2CppOutputProject/IL2CPP/libil2cpp/vm/Enum.h
[ 140/3487  0s] CopyFiles /Users/tuantu/Desktop/dev/AI/mobile/game_df/ios-build/Il2CppOutputProject/IL2CPP/libil2cpp/vm/Domain.h
[ 141/3487  0s] CopyFiles /Users/tuantu/Desktop/dev/AI/mobile/game_df/ios-build/Il2CppOutputProject/IL2CPP/libil2cpp/vm/COMEntryPoints.h
[ 142/3487  0s] CopyFiles /Users/tuantu/Desktop/dev/AI/mobile/game_df/ios-build/Il2CppOutputProject/IL2CPP/libil2cpp/vm/Domain.cpp
[ 143/3487  0s] CopyFiles /Users/tuantu/Desktop/dev/AI/mobile/game_df/ios-build/Il2CppOutputProject/IL2CPP/libil2cpp/vm/ComObjectBase.h
[ 144/3487  0s] CopyFiles /Users/tuantu/Desktop/dev/AI/mobile/game_df/ios-build/Il2CppOutputProject/IL2CPP/libil2cpp/vm/Event.cpp
[ 145/3487  0s] CopyFiles /Users/tuantu/Desktop/dev/AI/mobile/game_df/ios-build/Il2CppOutputProject/IL2CPP/libil2cpp/vm/COMEntryPoints.cpp
[ 146/3487  0s] CopyFiles /Users/tuantu/Desktop/dev/AI/mobile/game_df/ios-build/Il2CppOutputProject/IL2CPP/libil2cpp/vm/ComObjectBase.cpp
[ 147/3487  0s] CopyFiles /Users/tuantu/Desktop/dev/AI/mobile/game_df/ios-build/Il2CppOutputProject/IL2CPP/libil2cpp/vm/COM.h
[ 148/3487  0s] CopyFiles /Users/tuantu/Desktop/dev/AI/mobile/game_df/ios-build/Il2CppOutputProject/IL2CPP/libil2cpp/vm/ClassLibraryPAL.cpp
[ 149/3487  0s] CopyFiles /Users/tuantu/Desktop/dev/AI/mobile/game_df/ios-build/Il2CppOutputProject/IL2CPP/libil2cpp/vm/ClassLibraryPAL.h
[ 150/3487  0s] CopyFiles /Users/tuantu/Desktop/dev/AI/mobile/game_df/ios-build/Il2CppOutputProject/IL2CPP/libil2cpp/vm/ClassInlines.cpp
[ 151/3487  0s] CopyFiles /Users/tuantu/Desktop/dev/AI/mobile/game_df/ios-build/Il2CppOutputProject/IL2CPP/libil2cpp/vm/ClassInlines.h
[ 152/3487  0s] CopyFiles /Users/tuantu/Desktop/dev/AI/mobile/game_df/ios-build/Il2CppOutputProject/IL2CPP/libil2cpp/vm/COM.cpp
[ 153/3487  0s] CopyFiles /Users/tuantu/Desktop/dev/AI/mobile/game_df/ios-build/Il2CppOutputProject/IL2CPP/libil2cpp/vm/Class.h
[ 154/3487  0s] CopyFiles /Users/tuantu/Desktop/dev/AI/mobile/game_df/ios-build/Il2CppOutputProject/IL2CPP/libil2cpp/vm/CCWBase.cpp
[ 155/3487  0s] CopyFiles /Users/tuantu/Desktop/dev/AI/mobile/game_df/ios-build/Il2CppOutputProject/IL2CPP/libil2cpp/vm/CCWBase.h
[ 156/3487  0s] CopyFiles /Users/tuantu/Desktop/dev/AI/mobile/game_df/ios-build/Il2CppOutputProject/IL2CPP/libil2cpp/vm/CachedCCWBase.h
[ 157/3487  0s] CopyFiles /Users/tuantu/Desktop/dev/AI/mobile/game_df/ios-build/Il2CppOutputProject/IL2CPP/libil2cpp/vm/CCW.h
[ 158/3487  0s] CopyFiles /Users/tuantu/Desktop/dev/AI/mobile/game_df/ios-build/Il2CppOutputProject/IL2CPP/libil2cpp/vm/Class.cpp
[ 159/3487  0s] CopyFiles /Users/tuantu/Desktop/dev/AI/mobile/game_df/ios-build/Il2CppOutputProject/IL2CPP/libil2cpp/vm/Array.h
[ 160/3487  0s] CopyFiles /Users/tuantu/Desktop/dev/AI/mobile/game_df/ios-build/Il2CppOutputProject/IL2CPP/libil2cpp/vm/CCW.cpp
[ 161/3487  0s] CopyFiles /Users/tuantu/Desktop/dev/AI/mobile/game_df/ios-build/Il2CppOutputProject/IL2CPP/libil2cpp/vm/AssemblyName.cpp
[ 162/3487  0s] CopyFiles /Users/tuantu/Desktop/dev/AI/mobile/game_df/ios-build/Il2CppOutputProject/IL2CPP/libil2cpp/vm/AssemblyName.h
[ 163/3487  0s] CopyFiles /Users/tuantu/Desktop/dev/AI/mobile/game_df/ios-build/Il2CppOutputProject/IL2CPP/libil2cpp/vm/Assembly.h
[ 164/3487  0s] CopyFiles /Users/tuantu/Desktop/dev/AI/mobile/game_df/ios-build/Il2CppOutputProject/IL2CPP/libil2cpp/vm/Assembly.cpp
[ 165/3487  0s] CopyFiles /Users/tuantu/Desktop/dev/AI/mobile/game_df/ios-build/Il2CppOutputProject/IL2CPP/libil2cpp/vm/AppContext.h
[ 166/3487  0s] CopyFiles /Users/tuantu/Desktop/dev/AI/mobile/game_df/ios-build/Il2CppOutputProject/IL2CPP/libil2cpp/vm/Array.cpp
[ 167/3487  0s] CopyFiles /Users/tuantu/Desktop/dev/AI/mobile/game_df/ios-build/Il2CppOutputProject/IL2CPP/libil2cpp/vm/AndroidRuntime.cpp
[ 168/3487  0s] CopyFiles /Users/tuantu/Desktop/dev/AI/mobile/game_df/ios-build/Il2CppOutputProject/IL2CPP/libil2cpp/vm/AppContext.cpp
[ 169/3487  0s] CopyFiles /Users/tuantu/Desktop/dev/AI/mobile/game_df/ios-build/Il2CppOutputProject/IL2CPP/libil2cpp/vm/ActivationFactoryBase.h
[ 170/3487  0s] CopyFiles /Users/tuantu/Desktop/dev/AI/mobile/game_df/ios-build/Il2CppOutputProject/IL2CPP/libil2cpp/vm/AndroidRuntime.h
[ 171/3487  0s] CopyFiles /Users/tuantu/Desktop/dev/AI/mobile/game_df/ios-build/Il2CppOutputProject/IL2CPP/libil2cpp/vm-utils/VmThreadUtils.cpp
[ 172/3487  0s] CopyFiles /Users/tuantu/Desktop/dev/AI/mobile/game_df/ios-build/Il2CppOutputProject/IL2CPP/libil2cpp/vm-utils/VmThreadUtils.h
[ 173/3487  0s] CopyFiles /Users/tuantu/Desktop/dev/AI/mobile/game_df/ios-build/Il2CppOutputProject/IL2CPP/libil2cpp/vm-utils/VmStringUtils.h
[ 174/3487  0s] CopyFiles /Users/tuantu/Desktop/dev/AI/mobile/game_df/ios-build/Il2CppOutputProject/IL2CPP/libil2cpp/vm-utils/NativeSymbol.h
[ 175/3487  0s] CopyFiles /Users/tuantu/Desktop/dev/AI/mobile/game_df/ios-build/Il2CppOutputProject/IL2CPP/libil2cpp/vm-utils/VmMethod.h
[ 176/3487  0s] CopyFiles /Users/tuantu/Desktop/dev/AI/mobile/game_df/ios-build/Il2CppOutputProject/IL2CPP/libil2cpp/vm-utils/MethodDefinitionKey.h
[ 177/3487  0s] CopyFiles /Users/tuantu/Desktop/dev/AI/mobile/game_df/ios-build/Il2CppOutputProject/IL2CPP/libil2cpp/vm-utils/VmStringUtils.cpp
[ 178/3487  0s] CopyFiles /Users/tuantu/Desktop/dev/AI/mobile/game_df/ios-build/Il2CppOutputProject/IL2CPP/libil2cpp/vm-utils/NativeSymbol.cpp
[ 179/3487  0s] CopyFiles /Users/tuantu/Desktop/dev/AI/mobile/game_df/ios-build/Il2CppOutputProject/IL2CPP/libil2cpp/vm-utils/ImageStackCrawlMark.h
[ 180/3487  0s] CopyFiles /Users/tuantu/Desktop/dev/AI/mobile/game_df/ios-build/Il2CppOutputProject/IL2CPP/libil2cpp/vm-utils/Finally.cpp
[ 181/3487  0s] CopyFiles /Users/tuantu/Desktop/dev/AI/mobile/game_df/ios-build/Il2CppOutputProject/IL2CPP/libil2cpp/vm-utils/Finally.h
[ 182/3487  0s] CopyFiles /Users/tuantu/Desktop/dev/AI/mobile/game_df/ios-build/Il2CppOutputProject/IL2CPP/libil2cpp/vm-utils/DebugSymbolReader.cpp
[ 183/3487  0s] CopyFiles /Users/tuantu/Desktop/dev/AI/mobile/game_df/ios-build/Il2CppOutputProject/IL2CPP/libil2cpp/vm-utils/DebugSymbolReader.h
[ 184/3487  0s] CopyFiles /Users/tuantu/Desktop/dev/AI/mobile/game_df/ios-build/Il2CppOutputProject/IL2CPP/libil2cpp/vm-utils/BlobReader.h
[ 185/3487  0s] CopyFiles /Users/tuantu/Desktop/dev/AI/mobile/game_df/ios-build/Il2CppOutputProject/IL2CPP/libil2cpp/utils/TemplateUtils.h
[ 186/3487  0s] CopyFiles /Users/tuantu/Desktop/dev/AI/mobile/game_df/ios-build/Il2CppOutputProject/IL2CPP/libil2cpp/utils/ThreadSafeFreeList.h
[ 187/3487  0s] CopyFiles /Users/tuantu/Desktop/dev/AI/mobile/game_df/ios-build/Il2CppOutputProject/IL2CPP/libil2cpp/vm-utils/BlobReader.cpp
[ 188/3487  0s] CopyFiles /Users/tuantu/Desktop/dev/AI/mobile/game_df/ios-build/Il2CppOutputProject/IL2CPP/libil2cpp/vm-utils/Debugger.h
[ 189/3487  0s] CopyFiles /Users/tuantu/Desktop/dev/AI/mobile/game_df/ios-build/Il2CppOutputProject/IL2CPP/libil2cpp/utils/StringViewUtils.h
[ 190/3487  0s] CopyFiles /Users/tuantu/Desktop/dev/AI/mobile/game_df/ios-build/Il2CppOutputProject/IL2CPP/libil2cpp/utils/StringView.h
[ 191/3487  0s] CopyFiles /Users/tuantu/Desktop/dev/AI/mobile/game_df/ios-build/Il2CppOutputProject/IL2CPP/libil2cpp/vm-utils/Debugger.cpp
[ 192/3487  0s] CopyFiles /Users/tuantu/Desktop/dev/AI/mobile/game_df/ios-build/Il2CppOutputProject/IL2CPP/libil2cpp/utils/StringUtils.h
[ 193/3487  0s] CopyFiles /Users/tuantu/Desktop/dev/AI/mobile/game_df/ios-build/Il2CppOutputProject/IL2CPP/libil2cpp/utils/StringUtils.cpp
[ 194/3487  0s] CopyFiles /Users/tuantu/Desktop/dev/AI/mobile/game_df/ios-build/Il2CppOutputProject/IL2CPP/libil2cpp/utils/PathUtils.h
[ 195/3487  0s] CopyFiles /Users/tuantu/Desktop/dev/AI/mobile/game_df/ios-build/Il2CppOutputProject/IL2CPP/libil2cpp/utils/sha1.cpp
[ 196/3487  0s] CopyFiles /Users/tuantu/Desktop/dev/AI/mobile/game_df/ios-build/Il2CppOutputProject/IL2CPP/libil2cpp/utils/Runtime.h
[ 197/3487  0s] CopyFiles /Users/tuantu/Desktop/dev/AI/mobile/game_df/ios-build/Il2CppOutputProject/IL2CPP/libil2cpp/utils/Runtime.cpp
[ 198/3487  0s] CopyFiles /Users/tuantu/Desktop/dev/AI/mobile/game_df/ios-build/Il2CppOutputProject/IL2CPP/libil2cpp/utils/Output.cpp
[ 199/3487  0s] CopyFiles /Users/tuantu/Desktop/dev/AI/mobile/game_df/ios-build/Il2CppOutputProject/IL2CPP/libil2cpp/utils/NonCopyable.h
[ 200/3487  0s] CopyFiles /Users/tuantu/Desktop/dev/AI/mobile/game_df/ios-build/Il2CppOutputProject/IL2CPP/libil2cpp/utils/Output.h
[ 201/3487  0s] CopyFiles /Users/tuantu/Desktop/dev/AI/mobile/game_df/ios-build/Il2CppOutputProject/IL2CPP/libil2cpp/utils/PathUtils.cpp
[ 202/3487  0s] CopyFiles /Users/tuantu/Desktop/dev/AI/mobile/game_df/ios-build/Il2CppOutputProject/IL2CPP/libil2cpp/utils/sha1.h
[ 203/3487  0s] CopyFiles /Users/tuantu/Desktop/dev/AI/mobile/game_df/ios-build/Il2CppOutputProject/IL2CPP/libil2cpp/utils/MemoryUtils.h
[ 204/3487  0s] CopyFiles /Users/tuantu/Desktop/dev/AI/mobile/game_df/ios-build/Il2CppOutputProject/IL2CPP/libil2cpp/utils/MemoryPool.h
[ 205/3487  0s] CopyFiles /Users/tuantu/Desktop/dev/AI/mobile/game_df/ios-build/Il2CppOutputProject/IL2CPP/libil2cpp/utils/New.h
[ 206/3487  0s] CopyFiles /Users/tuantu/Desktop/dev/AI/mobile/game_df/ios-build/Il2CppOutputProject/IL2CPP/libil2cpp/utils/mono-structs.cpp
[ 207/3487  0s] CopyFiles /Users/tuantu/Desktop/dev/AI/mobile/game_df/ios-build/Il2CppOutputProject/IL2CPP/libil2cpp/utils/MemoryRead.h
[ 208/3487  0s] CopyFiles /Users/tuantu/Desktop/dev/AI/mobile/game_df/ios-build/Il2CppOutputProject/IL2CPP/libil2cpp/utils/MemoryRead.cpp
[ 209/3487  0s] CopyFiles /Users/tuantu/Desktop/dev/AI/mobile/game_df/ios-build/Il2CppOutputProject/IL2CPP/libil2cpp/utils/MemoryPoolAddressSanitizer.cpp
[ 210/3487  0s] CopyFiles /Users/tuantu/Desktop/dev/AI/mobile/game_df/ios-build/Il2CppOutputProject/IL2CPP/libil2cpp/utils/MemoryPoolAddressSanitizer.h
[ 211/3487  0s] CopyFiles /Users/tuantu/Desktop/dev/AI/mobile/game_df/ios-build/Il2CppOutputProject/IL2CPP/libil2cpp/utils/MemoryPool.cpp
[ 212/3487  0s] CopyFiles /Users/tuantu/Desktop/dev/AI/mobile/game_df/ios-build/Il2CppOutputProject/IL2CPP/libil2cpp/utils/MemoryMappedFile.h
[ 213/3487  0s] CopyFiles /Users/tuantu/Desktop/dev/AI/mobile/game_df/ios-build/Il2CppOutputProject/IL2CPP/libil2cpp/utils/MemoryMappedFile.cpp
[ 214/3487  0s] CopyFiles /Users/tuantu/Desktop/dev/AI/mobile/game_df/ios-build/Il2CppOutputProject/IL2CPP/libil2cpp/utils/Memory.h
[ 215/3487  0s] CopyFiles /Users/tuantu/Desktop/dev/AI/mobile/game_df/ios-build/Il2CppOutputProject/IL2CPP/libil2cpp/utils/MarshalingUtils.h
[ 216/3487  0s] CopyFiles /Users/tuantu/Desktop/dev/AI/mobile/game_df/ios-build/Il2CppOutputProject/IL2CPP/libil2cpp/utils/Memory.cpp
[ 217/3487  0s] CopyFiles /Users/tuantu/Desktop/dev/AI/mobile/game_df/ios-build/Il2CppOutputProject/IL2CPP/libil2cpp/utils/InitOnce.h
[ 218/3487  0s] CopyFiles /Users/tuantu/Desktop/dev/AI/mobile/game_df/ios-build/Il2CppOutputProject/IL2CPP/libil2cpp/utils/Logging.cpp
[ 219/3487  0s] CopyFiles /Users/tuantu/Desktop/dev/AI/mobile/game_df/ios-build/Il2CppOutputProject/IL2CPP/libil2cpp/utils/Logging.h
[ 220/3487  0s] CopyFiles /Users/tuantu/Desktop/dev/AI/mobile/game_df/ios-build/Il2CppOutputProject/IL2CPP/libil2cpp/utils/MarshalingUtils.cpp
[ 221/3487  0s] CopyFiles /Users/tuantu/Desktop/dev/AI/mobile/game_df/ios-build/Il2CppOutputProject/IL2CPP/libil2cpp/utils/KeyWrapper.h
[ 222/3487  0s] CopyFiles /Users/tuantu/Desktop/dev/AI/mobile/game_df/ios-build/Il2CppOutputProject/IL2CPP/libil2cpp/utils/Il2CppHashSet.h
[ 223/3487  0s] CopyFiles /Users/tuantu/Desktop/dev/AI/mobile/game_df/ios-build/Il2CppOutputProject/IL2CPP/libil2cpp/utils/Il2CppError.h
[ 224/3487  0s] CopyFiles /Users/tuantu/Desktop/dev/AI/mobile/game_df/ios-build/Il2CppOutputProject/IL2CPP/libil2cpp/utils/Il2CppHashMap.h
[ 225/3487  0s] CopyFiles /Users/tuantu/Desktop/dev/AI/mobile/game_df/ios-build/Il2CppOutputProject/IL2CPP/libil2cpp/utils/ExceptionSupportStack.h
[ 226/3487  0s] CopyFiles /Users/tuantu/Desktop/dev/AI/mobile/game_df/ios-build/Il2CppOutputProject/IL2CPP/libil2cpp/utils/HashUtils.h
[ 227/3487  0s] CopyFiles /Users/tuantu/Desktop/dev/AI/mobile/game_df/ios-build/Il2CppOutputProject/IL2CPP/libil2cpp/utils/ExtendedAtomicTypes.h
[ 228/3487  0s] CopyFiles /Users/tuantu/Desktop/dev/AI/mobile/game_df/ios-build/Il2CppOutputProject/IL2CPP/libil2cpp/utils/Exception.cpp
[ 229/3487  0s] CopyFiles /Users/tuantu/Desktop/dev/AI/mobile/game_df/ios-build/Il2CppOutputProject/IL2CPP/libil2cpp/utils/Il2CppError.cpp
[ 230/3487  0s] CopyFiles /Users/tuantu/Desktop/dev/AI/mobile/game_df/ios-build/Il2CppOutputProject/IL2CPP/libil2cpp/utils/Expected.h
[ 231/3487  0s] CopyFiles /Users/tuantu/Desktop/dev/AI/mobile/game_df/ios-build/Il2CppOutputProject/IL2CPP/libil2cpp/utils/Functional.h
[ 232/3487  0s] CopyFiles /Users/tuantu/Desktop/dev/AI/mobile/game_df/ios-build/Il2CppOutputProject/IL2CPP/libil2cpp/utils/Exception.h
[ 233/3487  0s] CopyFiles /Users/tuantu/Desktop/dev/AI/mobile/game_df/ios-build/Il2CppOutputProject/IL2CPP/libil2cpp/utils/DirectoryUtils.h
[ 234/3487  0s] CopyFiles /Users/tuantu/Desktop/dev/AI/mobile/game_df/ios-build/Il2CppOutputProject/IL2CPP/libil2cpp/utils/Environment.cpp
[ 235/3487  0s] CopyFiles /Users/tuantu/Desktop/dev/AI/mobile/game_df/ios-build/Il2CppOutputProject/IL2CPP/libil2cpp/utils/Environment.h
[ 236/3487  0s] CopyFiles /Users/tuantu/Desktop/dev/AI/mobile/game_df/ios-build/Il2CppOutputProject/IL2CPP/libil2cpp/utils/CallOnce.h
[ 237/3487  0s] CopyFiles /Users/tuantu/Desktop/dev/AI/mobile/game_df/ios-build/Il2CppOutputProject/IL2CPP/libil2cpp/utils/dynamic_array.h
[ 238/3487  0s] CopyFiles /Users/tuantu/Desktop/dev/AI/mobile/game_df/ios-build/Il2CppOutputProject/IL2CPP/libil2cpp/utils/BaselibHandleUtils.h
[ 239/3487  0s] CopyFiles /Users/tuantu/Desktop/dev/AI/mobile/game_df/ios-build/Il2CppOutputProject/IL2CPP/libil2cpp/utils/Collections.h
[ 240/3487  0s] CopyFiles /Users/tuantu/Desktop/dev/AI/mobile/game_df/ios-build/Il2CppOutputProject/IL2CPP/libil2cpp/utils/DirectoryUtils.cpp
[ 241/3487  0s] CopyFiles /Users/tuantu/Desktop/dev/AI/mobile/game_df/ios-build/Il2CppOutputProject/IL2CPP/libil2cpp/UnityAdsStubs.cpp
[ 242/3487  0s] CopyFiles /Users/tuantu/Desktop/dev/AI/mobile/game_df/ios-build/Il2CppOutputProject/IL2CPP/libil2cpp/pch/pch-c.h
[ 243/3487  0s] CopyFiles /Users/tuantu/Desktop/dev/AI/mobile/game_df/ios-build/Il2CppOutputProject/IL2CPP/libil2cpp/pch/pch-cpp.hpp
[ 244/3487  0s] CopyFiles /Users/tuantu/Desktop/dev/AI/mobile/game_df/ios-build/Il2CppOutputProject/IL2CPP/libil2cpp/pch/pch-cpp.cpp
[ 245/3487  0s] CopyFiles /Users/tuantu/Desktop/dev/AI/mobile/game_df/ios-build/Il2CppOutputProject/IL2CPP/libil2cpp/os/WinRT/Win32ApiWinRTEmulation.h
[ 246/3487  0s] CopyFiles /Users/tuantu/Desktop/dev/AI/mobile/game_df/ios-build/Il2CppOutputProject/IL2CPP/libil2cpp/pch/pch-c.c
[ 247/3487  0s] CopyFiles /Users/tuantu/Desktop/dev/AI/mobile/game_df/ios-build/Il2CppOutputProject/IL2CPP/libil2cpp/os/WinRT/Win32ApiWinRTEmulation.cpp
[ 248/3487  0s] CopyFiles /Users/tuantu/Desktop/dev/AI/mobile/game_df/ios-build/Il2CppOutputProject/IL2CPP/libil2cpp/os/WinRT/Win32ApiSharedEmulation.cpp
[ 249/3487  0s] CopyFiles /Users/tuantu/Desktop/dev/AI/mobile/game_df/ios-build/Il2CppOutputProject/IL2CPP/libil2cpp/os/WinRT/WinRTVector.h
[ 250/3487  0s] CopyFiles /Users/tuantu/Desktop/dev/AI/mobile/game_df/ios-build/Il2CppOutputProject/IL2CPP/libil2cpp/os/WinRT/Win32ApiSharedEmulation.h
[ 251/3487  0s] CopyFiles /Users/tuantu/Desktop/dev/AI/mobile/game_df/ios-build/Il2CppOutputProject/IL2CPP/libil2cpp/os/WinRT/SynchronousOperation.h
[ 252/3487  0s] CopyFiles /Users/tuantu/Desktop/dev/AI/mobile/game_df/ios-build/Il2CppOutputProject/IL2CPP/libil2cpp/os/WinRT/Initialize.cpp
[ 253/3487  0s] CopyFiles /Users/tuantu/Desktop/dev/AI/mobile/game_df/ios-build/Il2CppOutputProject/IL2CPP/libil2cpp/os/WinRT/ReferenceCounter.h
[ 254/3487  0s] CopyFiles /Users/tuantu/Desktop/dev/AI/mobile/game_df/ios-build/Il2CppOutputProject/IL2CPP/libil2cpp/os/WinRT/Process.cpp
[ 255/3487  0s] CopyFiles /Users/tuantu/Desktop/dev/AI/mobile/game_df/ios-build/Il2CppOutputProject/IL2CPP/libil2cpp/os/WinRT/Locale.cpp
[ 256/3487  0s] CopyFiles /Users/tuantu/Desktop/dev/AI/mobile/game_df/ios-build/Il2CppOutputProject/IL2CPP/libil2cpp/os/WinRT/File.cpp
[ 257/3487  0s] CopyFiles /Users/tuantu/Desktop/dev/AI/mobile/game_df/ios-build/Il2CppOutputProject/IL2CPP/libil2cpp/os/WindowsRuntime.h
[ 258/3487  0s] CopyFiles /Users/tuantu/Desktop/dev/AI/mobile/game_df/ios-build/Il2CppOutputProject/IL2CPP/libil2cpp/os/WinRT/Environment.cpp
[ 259/3487  0s] CopyFiles /Users/tuantu/Desktop/dev/AI/mobile/game_df/ios-build/Il2CppOutputProject/IL2CPP/libil2cpp/os/WindowsGames/Win32ApiWindowsGamesEmulation.h
[ 260/3487  0s] CopyFiles /Users/tuantu/Desktop/dev/AI/mobile/game_df/ios-build/Il2CppOutputProject/IL2CPP/libil2cpp/os/WindowsGames/Win32ApiWindowsGamesEmulation.cpp
[ 261/3487  0s] CopyFiles /Users/tuantu/Desktop/dev/AI/mobile/game_df/ios-build/Il2CppOutputProject/IL2CPP/libil2cpp/os/Win32/WindowsHelpers.h
[ 262/3487  0s] CopyFiles /Users/tuantu/Desktop/dev/AI/mobile/game_df/ios-build/Il2CppOutputProject/IL2CPP/libil2cpp/os/Win32/WindowsHelpers.cpp
[ 263/3487  0s] CopyFiles /Users/tuantu/Desktop/dev/AI/mobile/game_df/ios-build/Il2CppOutputProject/IL2CPP/libil2cpp/os/Win32/WindowsHeaders.h
[ 264/3487  0s] CopyFiles /Users/tuantu/Desktop/dev/AI/mobile/game_df/ios-build/Il2CppOutputProject/IL2CPP/libil2cpp/os/Win32/TimeZone.cpp
[ 265/3487  0s] CopyFiles /Users/tuantu/Desktop/dev/AI/mobile/game_df/ios-build/Il2CppOutputProject/IL2CPP/libil2cpp/os/Win32/Time.cpp
[ 266/3487  0s] CopyFiles /Users/tuantu/Desktop/dev/AI/mobile/game_df/ios-build/Il2CppOutputProject/IL2CPP/libil2cpp/os/Win32/WindowsRuntime.cpp
[ 267/3487  0s] CopyFiles /Users/tuantu/Desktop/dev/AI/mobile/game_df/ios-build/Il2CppOutputProject/IL2CPP/libil2cpp/os/WinRT/BrokeredFileSystem.cpp
[ 268/3487  0s] CopyFiles /Users/tuantu/Desktop/dev/AI/mobile/game_df/ios-build/Il2CppOutputProject/IL2CPP/libil2cpp/os/Win32/ThreadLocalValueImpl.h
[ 269/3487  0s] CopyFiles /Users/tuantu/Desktop/dev/AI/mobile/game_df/ios-build/Il2CppOutputProject/IL2CPP/libil2cpp/os/Win32/ThreadImpl.h
[ 270/3487  0s] CopyFiles /Users/tuantu/Desktop/dev/AI/mobile/game_df/ios-build/Il2CppOutputProject/IL2CPP/libil2cpp/os/Win32/Thread.cpp
[ 271/3487  0s] CopyFiles /Users/tuantu/Desktop/dev/AI/mobile/game_df/ios-build/Il2CppOutputProject/IL2CPP/libil2cpp/os/Win32/SystemCertificates.cpp
[ 272/3487  0s] CopyFiles /Users/tuantu/Desktop/dev/AI/mobile/game_df/ios-build/Il2CppOutputProject/IL2CPP/libil2cpp/os/Win32/SynchronizationContext.cpp
[ 273/3487  0s] CopyFiles /Users/tuantu/Desktop/dev/AI/mobile/game_df/ios-build/Il2CppOutputProject/IL2CPP/libil2cpp/os/Win32/ThreadImpl.cpp
[ 274/3487  0s] CopyFiles /Users/tuantu/Desktop/dev/AI/mobile/game_df/ios-build/Il2CppOutputProject/IL2CPP/libil2cpp/os/Win32/ReaderWriterLockImpl.h
[ 275/3487  0s] CopyFiles /Users/tuantu/Desktop/dev/AI/mobile/game_df/ios-build/Il2CppOutputProject/IL2CPP/libil2cpp/os/Win32/StackTrace.cpp
[ 276/3487  0s] CopyFiles /Users/tuantu/Desktop/dev/AI/mobile/game_df/ios-build/Il2CppOutputProject/IL2CPP/libil2cpp/os/Win32/NativeMethods.cpp
[ 277/3487  0s] CopyFiles /Users/tuantu/Desktop/dev/AI/mobile/game_df/ios-build/Il2CppOutputProject/IL2CPP/libil2cpp/os/Win32/Process.cpp
[ 278/3487  0s] CopyFiles /Users/tuantu/Desktop/dev/AI/mobile/game_df/ios-build/Il2CppOutputProject/IL2CPP/libil2cpp/os/Win32/SocketImpl.h
[ 279/3487  0s] CopyFiles /Users/tuantu/Desktop/dev/AI/mobile/game_df/ios-build/Il2CppOutputProject/IL2CPP/libil2cpp/os/Win32/Path.cpp
[ 280/3487  0s] CopyFiles /Users/tuantu/Desktop/dev/AI/mobile/game_df/ios-build/Il2CppOutputProject/IL2CPP/libil2cpp/os/Win32/MutexImpl.h
[ 281/3487  0s] CopyFiles /Users/tuantu/Desktop/dev/AI/mobile/game_df/ios-build/Il2CppOutputProject/IL2CPP/libil2cpp/os/Win32/SocketImpl.cpp
[ 282/3487  0s] CopyFiles /Users/tuantu/Desktop/dev/AI/mobile/game_df/ios-build/Il2CppOutputProject/IL2CPP/libil2cpp/os/Win32/MarshalStringAlloc.cpp
[ 283/3487  0s] CopyFiles /Users/tuantu/Desktop/dev/AI/mobile/game_df/ios-build/Il2CppOutputProject/IL2CPP/libil2cpp/os/Win32/MemoryMappedFile.cpp
[ 284/3487  0s] CopyFiles /Users/tuantu/Desktop/dev/AI/mobile/game_df/ios-build/Il2CppOutputProject/IL2CPP/libil2cpp/os/Win32/Memory.cpp
[ 285/3487  0s] CopyFiles /Users/tuantu/Desktop/dev/AI/mobile/game_df/ios-build/Il2CppOutputProject/IL2CPP/libil2cpp/os/Win32/MarshalAlloc.cpp
[ 286/3487  0s] CopyFiles /Users/tuantu/Desktop/dev/AI/mobile/game_df/ios-build/Il2CppOutputProject/IL2CPP/libil2cpp/os/Win32/Locale.cpp
[ 287/3487  0s] CopyFiles /Users/tuantu/Desktop/dev/AI/mobile/game_df/ios-build/Il2CppOutputProject/IL2CPP/libil2cpp/os/Win32/LastError.cpp
[ 288/3487  0s] CopyFiles /Users/tuantu/Desktop/dev/AI/mobile/game_df/ios-build/Il2CppOutputProject/IL2CPP/libil2cpp/os/Win32/FileSystemWatcher.cpp
[ 289/3487  0s] CopyFiles /Users/tuantu/Desktop/dev/AI/mobile/game_df/ios-build/Il2CppOutputProject/IL2CPP/libil2cpp/os/Win32/File.cpp
[ 290/3487  0s] CopyFiles /Users/tuantu/Desktop/dev/AI/mobile/game_df/ios-build/Il2CppOutputProject/IL2CPP/libil2cpp/os/Win32/Environment.cpp
[ 291/3487  0s] CopyFiles /Users/tuantu/Desktop/dev/AI/mobile/game_df/ios-build/Il2CppOutputProject/IL2CPP/libil2cpp/os/Win32/FastReaderReaderWriterLockImpl.h
[ 292/3487  0s] CopyFiles /Users/tuantu/Desktop/dev/AI/mobile/game_df/ios-build/Il2CppOutputProject/IL2CPP/libil2cpp/os/Win32/Initialize.cpp
[ 293/3487  0s] CopyFiles /Users/tuantu/Desktop/dev/AI/mobile/game_df/ios-build/Il2CppOutputProject/IL2CPP/libil2cpp/os/Win32/Image.cpp
[ 294/3487  0s] CopyFiles /Users/tuantu/Desktop/dev/AI/mobile/game_df/ios-build/Il2CppOutputProject/IL2CPP/libil2cpp/os/Win32/LibraryLoader.cpp
[ 295/3487  0s] CopyFiles /Users/tuantu/Desktop/dev/AI/mobile/game_df/ios-build/Il2CppOutputProject/IL2CPP/libil2cpp/os/Win32/DllMain.cpp
[ 296/3487  0s] CopyFiles /Users/tuantu/Desktop/dev/AI/mobile/game_df/ios-build/Il2CppOutputProject/IL2CPP/libil2cpp/os/Win32/Encoding.cpp
[ 297/3487  0s] CopyFiles /Users/tuantu/Desktop/dev/AI/mobile/game_df/ios-build/Il2CppOutputProject/IL2CPP/libil2cpp/os/Win32/DllMain.h
[ 298/3487  0s] CopyFiles /Users/tuantu/Desktop/dev/AI/mobile/game_df/ios-build/Il2CppOutputProject/IL2CPP/libil2cpp/os/Win32/Directory.cpp
[ 299/3487  0s] CopyFiles /Users/tuantu/Desktop/dev/AI/mobile/game_df/ios-build/Il2CppOutputProject/IL2CPP/libil2cpp/os/Win32/Debug.cpp
[ 300/3487  0s] CopyFiles /Users/tuantu/Desktop/dev/AI/mobile/game_df/ios-build/Il2CppOutputProject/IL2CPP/libil2cpp/os/Win32/Cryptography.cpp
[ 301/3487  0s] CopyFiles /Users/tuantu/Desktop/dev/AI/mobile/game_df/ios-build/Il2CppOutputProject/IL2CPP/libil2cpp/os/Win32/ConditionVariableImpl.h
[ 302/3487  0s] CopyFiles /Users/tuantu/Desktop/dev/AI/mobile/game_df/ios-build/Il2CppOutputProject/IL2CPP/libil2cpp/os/Win32/CrashHelpers.cpp
[ 303/3487  0s] CopyFiles /Users/tuantu/Desktop/dev/AI/mobile/game_df/ios-build/Il2CppOutputProject/IL2CPP/libil2cpp/os/Win32/CpuInfo.cpp
[ 304/3487  0s] CopyFiles /Users/tuantu/Desktop/dev/AI/mobile/game_df/ios-build/Il2CppOutputProject/IL2CPP/libil2cpp/os/Win32/Console.cpp
[ 305/3487  0s] CopyFiles /Users/tuantu/Desktop/dev/AI/mobile/game_df/ios-build/Il2CppOutputProject/IL2CPP/libil2cpp/os/Win32/COM.cpp
[ 306/3487  0s] CopyFiles /Users/tuantu/Desktop/dev/AI/mobile/game_df/ios-build/Il2CppOutputProject/IL2CPP/libil2cpp/os/Win32/ConditionVariableImpl.cpp
[ 307/3487  0s] CopyFiles /Users/tuantu/Desktop/dev/AI/mobile/game_df/ios-build/Il2CppOutputProject/IL2CPP/libil2cpp/os/Time.h
[ 308/3487  0s] CopyFiles /Users/tuantu/Desktop/dev/AI/mobile/game_df/ios-build/Il2CppOutputProject/IL2CPP/libil2cpp/os/ThreadLocalValue.h
[ 309/3487  0s] CopyFiles /Users/tuantu/Desktop/dev/AI/mobile/game_df/ios-build/Il2CppOutputProject/IL2CPP/libil2cpp/os/SystemCertificates.h
[ 310/3487  0s] CopyFiles /Users/tuantu/Desktop/dev/AI/mobile/game_df/ios-build/Il2CppOutputProject/IL2CPP/libil2cpp/os/Win32/Assert.cpp
[ 311/3487  0s] CopyFiles /Users/tuantu/Desktop/dev/AI/mobile/game_df/ios-build/Il2CppOutputProject/IL2CPP/libil2cpp/os/Thread.h
[ 312/3487  0s] CopyFiles /Users/tuantu/Desktop/dev/AI/mobile/game_df/ios-build/Il2CppOutputProject/IL2CPP/libil2cpp/os/WaitStatus.h
[ 313/3487  0s] CopyFiles /Users/tuantu/Desktop/dev/AI/mobile/game_df/ios-build/Il2CppOutputProject/IL2CPP/libil2cpp/os/Thread.cpp
[ 314/3487  0s] CopyFiles /Users/tuantu/Desktop/dev/AI/mobile/game_df/ios-build/Il2CppOutputProject/IL2CPP/libil2cpp/os/SynchronizationContext.h
[ 315/3487  0s] CopyFiles /Users/tuantu/Desktop/dev/AI/mobile/game_df/ios-build/Il2CppOutputProject/IL2CPP/libil2cpp/os/TimeZone.h
[ 316/3487  0s] CopyFiles /Users/tuantu/Desktop/dev/AI/mobile/game_df/ios-build/Il2CppOutputProject/IL2CPP/libil2cpp/os/Std/ThreadImpl.cpp
[ 317/3487  0s] CopyFiles /Users/tuantu/Desktop/dev/AI/mobile/game_df/ios-build/Il2CppOutputProject/IL2CPP/libil2cpp/os/StackTrace.h
[ 318/3487  0s] CopyFiles /Users/tuantu/Desktop/dev/AI/mobile/game_df/ios-build/Il2CppOutputProject/IL2CPP/libil2cpp/os/Std/ThreadImpl.h
[ 319/3487  0s] CopyFiles /Users/tuantu/Desktop/dev/AI/mobile/game_df/ios-build/Il2CppOutputProject/IL2CPP/libil2cpp/os/Semaphore.h
[ 320/3487  0s] CopyFiles /Users/tuantu/Desktop/dev/AI/mobile/game_df/ios-build/Il2CppOutputProject/IL2CPP/libil2cpp/os/SocketBridge.h
[ 321/3487  0s] CopyFiles /Users/tuantu/Desktop/dev/AI/mobile/game_df/ios-build/Il2CppOutputProject/IL2CPP/libil2cpp/os/ReaderWriterLock.h
[ 322/3487  0s] CopyFiles /Users/tuantu/Desktop/dev/AI/mobile/game_df/ios-build/Il2CppOutputProject/IL2CPP/libil2cpp/os/StackTrace.cpp
[ 323/3487  0s] CopyFiles /Users/tuantu/Desktop/dev/AI/mobile/game_df/ios-build/Il2CppOutputProject/IL2CPP/libil2cpp/os/Socket.cpp
[ 324/3487  0s] CopyFiles /Users/tuantu/Desktop/dev/AI/mobile/game_df/ios-build/Il2CppOutputProject/IL2CPP/libil2cpp/os/ReaderWriterLockImpl.h
[ 325/3487  0s] CopyFiles /Users/tuantu/Desktop/dev/AI/mobile/game_df/ios-build/Il2CppOutputProject/IL2CPP/libil2cpp/os/Semaphore.cpp
[ 326/3487  0s] CopyFiles /Users/tuantu/Desktop/dev/AI/mobile/game_df/ios-build/Il2CppOutputProject/IL2CPP/libil2cpp/os/Socket.h
[ 327/3487  0s] CopyFiles /Users/tuantu/Desktop/dev/AI/mobile/game_df/ios-build/Il2CppOutputProject/IL2CPP/libil2cpp/os/ReaderWriterLock.cpp
[ 328/3487  0s] CopyFiles /Users/tuantu/Desktop/dev/AI/mobile/game_df/ios-build/Il2CppOutputProject/IL2CPP/libil2cpp/os/Posix/ThreadLocalValueImpl.h
[ 329/3487  0s] CopyFiles /Users/tuantu/Desktop/dev/AI/mobile/game_df/ios-build/Il2CppOutputProject/IL2CPP/libil2cpp/os/Posix/TimeZone.cpp
[ 330/3487  0s] CopyFiles /Users/tuantu/Desktop/dev/AI/mobile/game_df/ios-build/Il2CppOutputProject/IL2CPP/libil2cpp/os/Process.h
[ 331/3487  0s] CopyFiles /Users/tuantu/Desktop/dev/AI/mobile/game_df/ios-build/Il2CppOutputProject/IL2CPP/libil2cpp/os/Posix/Time.cpp
[ 332/3487  0s] CopyFiles /Users/tuantu/Desktop/dev/AI/mobile/game_df/ios-build/Il2CppOutputProject/IL2CPP/libil2cpp/os/Posix/ThreadImpl.h
[ 333/3487  0s] CopyFiles /Users/tuantu/Desktop/dev/AI/mobile/game_df/ios-build/Il2CppOutputProject/IL2CPP/libil2cpp/os/Posix/SystemCertificates.cpp
[ 334/3487  0s] CopyFiles /Users/tuantu/Desktop/dev/AI/mobile/game_df/ios-build/Il2CppOutputProject/IL2CPP/libil2cpp/os/Posix/Thread.cpp
[ 335/3487  0s] CopyFiles /Users/tuantu/Desktop/dev/AI/mobile/game_df/ios-build/Il2CppOutputProject/IL2CPP/libil2cpp/os/Posix/SocketImpl.h
[ 336/3487  0s] CopyFiles /Users/tuantu/Desktop/dev/AI/mobile/game_df/ios-build/Il2CppOutputProject/IL2CPP/libil2cpp/os/Posix/ReaderWriterLockImpl.h
[ 337/3487  0s] CopyFiles /Users/tuantu/Desktop/dev/AI/mobile/game_df/ios-build/Il2CppOutputProject/IL2CPP/libil2cpp/os/Posix/Process.cpp
[ 338/3487  0s] CopyFiles /Users/tuantu/Desktop/dev/AI/mobile/game_df/ios-build/Il2CppOutputProject/IL2CPP/libil2cpp/os/Posix/StackTrace.cpp
[ 339/3487  0s] CopyFiles /Users/tuantu/Desktop/dev/AI/mobile/game_df/ios-build/Il2CppOutputProject/IL2CPP/libil2cpp/os/Posix/ThreadImpl.cpp
[ 340/3487  0s] CopyFiles /Users/tuantu/Desktop/dev/AI/mobile/game_df/ios-build/Il2CppOutputProject/IL2CPP/libil2cpp/os/Posix/PosixHelpers.h
[ 341/3487  0s] CopyFiles /Users/tuantu/Desktop/dev/AI/mobile/game_df/ios-build/Il2CppOutputProject/IL2CPP/libil2cpp/os/Posix/PosixHelpers.cpp
[ 342/3487  0s] CopyFiles /Users/tuantu/Desktop/dev/AI/mobile/game_df/ios-build/Il2CppOutputProject/IL2CPP/libil2cpp/os/Posix/SocketImpl.cpp
[ 343/3487  0s] CopyFiles /Users/tuantu/Desktop/dev/AI/mobile/game_df/ios-build/Il2CppOutputProject/IL2CPP/libil2cpp/os/Posix/NativeMethods.cpp
[ 344/3487  0s] CopyFiles /Users/tuantu/Desktop/dev/AI/mobile/game_df/ios-build/Il2CppOutputProject/IL2CPP/libil2cpp/os/Posix/NetworkAccessHandlerStub.h
[ 345/3487  0s] CopyFiles /Users/tuantu/Desktop/dev/AI/mobile/game_df/ios-build/Il2CppOutputProject/IL2CPP/libil2cpp/os/Posix/Memory.cpp
[ 346/3487  0s] CopyFiles /Users/tuantu/Desktop/dev/AI/mobile/game_df/ios-build/Il2CppOutputProject/IL2CPP/libil2cpp/os/Posix/Path.cpp
[ 347/3487  0s] CopyFiles /Users/tuantu/Desktop/dev/AI/mobile/game_df/ios-build/Il2CppOutputProject/IL2CPP/libil2cpp/os/Posix/MutexImpl.h
[ 348/3487  0s] CopyFiles /Users/tuantu/Desktop/dev/AI/mobile/game_df/ios-build/Il2CppOutputProject/IL2CPP/libil2cpp/os/Posix/MarshalAlloc.cpp
[ 349/3487  0s] CopyFiles /Users/tuantu/Desktop/dev/AI/mobile/game_df/ios-build/Il2CppOutputProject/IL2CPP/libil2cpp/os/Posix/MemoryMappedFile.cpp
[ 350/3487  0s] CopyFiles /Users/tuantu/Desktop/dev/AI/mobile/game_df/ios-build/Il2CppOutputProject/IL2CPP/libil2cpp/os/Posix/Locale.cpp
[ 351/3487  0s] CopyFiles /Users/tuantu/Desktop/dev/AI/mobile/game_df/ios-build/Il2CppOutputProject/IL2CPP/libil2cpp/os/Posix/LastError.cpp
[ 352/3487  0s] CopyFiles /Users/tuantu/Desktop/dev/AI/mobile/game_df/ios-build/Il2CppOutputProject/IL2CPP/libil2cpp/os/Posix/FileSystemWatcher.cpp
[ 353/3487  0s] CopyFiles /Users/tuantu/Desktop/dev/AI/mobile/game_df/ios-build/Il2CppOutputProject/IL2CPP/libil2cpp/os/Posix/FileHandle.h
[ 354/3487  0s] CopyFiles /Users/tuantu/Desktop/dev/AI/mobile/game_df/ios-build/Il2CppOutputProject/IL2CPP/libil2cpp/os/Posix/Image.cpp
[ 355/3487  0s] CopyFiles /Users/tuantu/Desktop/dev/AI/mobile/game_df/ios-build/Il2CppOutputProject/IL2CPP/libil2cpp/os/Posix/LibraryLoader.cpp
[ 356/3487  0s] CopyFiles /Users/tuantu/Desktop/dev/AI/mobile/game_df/ios-build/Il2CppOutputProject/IL2CPP/libil2cpp/os/Posix/FastReaderReaderWriterLockImpl.h
[ 357/3487  0s] CopyFiles /Users/tuantu/Desktop/dev/AI/mobile/game_df/ios-build/Il2CppOutputProject/IL2CPP/libil2cpp/os/Posix/Error.h
[ 358/3487  0s] CopyFiles /Users/tuantu/Desktop/dev/AI/mobile/game_df/ios-build/Il2CppOutputProject/IL2CPP/libil2cpp/os/Posix/Encoding.cpp
[ 359/3487  0s] CopyFiles /Users/tuantu/Desktop/dev/AI/mobile/game_df/ios-build/Il2CppOutputProject/IL2CPP/libil2cpp/os/Posix/Environment.cpp
[ 360/3487  0s] CopyFiles /Users/tuantu/Desktop/dev/AI/mobile/game_df/ios-build/Il2CppOutputProject/IL2CPP/libil2cpp/os/Posix/File.cpp
[ 361/3487  0s] CopyFiles /Users/tuantu/Desktop/dev/AI/mobile/game_df/ios-build/Il2CppOutputProject/IL2CPP/libil2cpp/os/Posix/Error.cpp
[ 362/3487  0s] CopyFiles /Users/tuantu/Desktop/dev/AI/mobile/game_df/ios-build/Il2CppOutputProject/IL2CPP/libil2cpp/os/Posix/Directory.cpp
[ 363/3487  0s] CopyFiles /Users/tuantu/Desktop/dev/AI/mobile/game_df/ios-build/Il2CppOutputProject/IL2CPP/libil2cpp/os/Posix/Cryptography.cpp
[ 364/3487  0s] CopyFiles /Users/tuantu/Desktop/dev/AI/mobile/game_df/ios-build/Il2CppOutputProject/IL2CPP/libil2cpp/os/OSX/Thread.cpp
[ 365/3487  0s] CopyFiles /Users/tuantu/Desktop/dev/AI/mobile/game_df/ios-build/Il2CppOutputProject/IL2CPP/libil2cpp/os/Posix/CpuInfo.cpp
[ 366/3487  0s] CopyFiles /Users/tuantu/Desktop/dev/AI/mobile/game_df/ios-build/Il2CppOutputProject/IL2CPP/libil2cpp/os/Posix/ConditionVariableImpl.h
[ 367/3487  0s] CopyFiles /Users/tuantu/Desktop/dev/AI/mobile/game_df/ios-build/Il2CppOutputProject/IL2CPP/libil2cpp/os/Path.cpp
[ 368/3487  0s] CopyFiles /Users/tuantu/Desktop/dev/AI/mobile/game_df/ios-build/Il2CppOutputProject/IL2CPP/libil2cpp/os/Path.h
[ 369/3487  0s] CopyFiles /Users/tuantu/Desktop/dev/AI/mobile/game_df/ios-build/Il2CppOutputProject/IL2CPP/libil2cpp/os/Posix/ConditionVariableImpl.cpp
[ 370/3487  0s] CopyFiles /Users/tuantu/Desktop/dev/AI/mobile/game_df/ios-build/Il2CppOutputProject/IL2CPP/libil2cpp/os/Posix/Console.cpp
[ 371/3487  0s] CopyFiles /Users/tuantu/Desktop/dev/AI/mobile/game_df/ios-build/Il2CppOutputProject/IL2CPP/libil2cpp/os/Posix/CrashHelpers.cpp
[ 372/3487  0s] CopyFiles /Users/tuantu/Desktop/dev/AI/mobile/game_df/ios-build/Il2CppOutputProject/IL2CPP/libil2cpp/os/OSX/Process.cpp
[ 373/3487  0s] CopyFiles /Users/tuantu/Desktop/dev/AI/mobile/game_df/ios-build/Il2CppOutputProject/IL2CPP/libil2cpp/os/OSX/SystemCertificates.cpp
[ 374/3487  0s] CopyFiles /Users/tuantu/Desktop/dev/AI/mobile/game_df/ios-build/Il2CppOutputProject/IL2CPP/libil2cpp/os/OSX/pal_darwin.h
[ 375/3487  0s] CopyFiles /Users/tuantu/Desktop/dev/AI/mobile/game_df/ios-build/Il2CppOutputProject/IL2CPP/libil2cpp/os/NativeMethods.h
[ 376/3487  0s] CopyFiles /Users/tuantu/Desktop/dev/AI/mobile/game_df/ios-build/Il2CppOutputProject/IL2CPP/libil2cpp/os/OSX/Image.cpp
[ 377/3487  0s] CopyFiles /Users/tuantu/Desktop/dev/AI/mobile/game_df/ios-build/Il2CppOutputProject/IL2CPP/libil2cpp/os/Mutex.cpp
[ 378/3487  0s] CopyFiles /Users/tuantu/Desktop/dev/AI/mobile/game_df/ios-build/Il2CppOutputProject/IL2CPP/libil2cpp/os/MemoryMappedFile.h
[ 379/3487  0s] CopyFiles /Users/tuantu/Desktop/dev/AI/mobile/game_df/ios-build/Il2CppOutputProject/IL2CPP/libil2cpp/os/Messages.h
[ 380/3487  0s] CopyFiles /Users/tuantu/Desktop/dev/AI/mobile/game_df/ios-build/Il2CppOutputProject/IL2CPP/libil2cpp/os/Mutex.h
[ 381/3487  0s] CopyFiles /Users/tuantu/Desktop/dev/AI/mobile/game_df/ios-build/Il2CppOutputProject/IL2CPP/libil2cpp/os/MarshalStringAlloc.h
[ 382/3487  0s] CopyFiles /Users/tuantu/Desktop/dev/AI/mobile/game_df/ios-build/Il2CppOutputProject/IL2CPP/libil2cpp/os/Memory.h
[ 383/3487  0s] CopyFiles /Users/tuantu/Desktop/dev/AI/mobile/game_df/ios-build/Il2CppOutputProject/IL2CPP/libil2cpp/os/Locale.h
[ 384/3487  0s] CopyFiles /Users/tuantu/Desktop/dev/AI/mobile/game_df/ios-build/Il2CppOutputProject/IL2CPP/libil2cpp/os/MarshalAlloc.h
[ 385/3487  0s] CopyFiles /Users/tuantu/Desktop/dev/AI/mobile/game_df/ios-build/Il2CppOutputProject/IL2CPP/libil2cpp/os/LibraryLoader.h
[ 386/3487  0s] CopyFiles /Users/tuantu/Desktop/dev/AI/mobile/game_df/ios-build/Il2CppOutputProject/IL2CPP/libil2cpp/os/Linux/pal_linux.h
[ 387/3487  0s] CopyFiles /Users/tuantu/Desktop/dev/AI/mobile/game_df/ios-build/Il2CppOutputProject/IL2CPP/libil2cpp/os/Initialize.h
[ 388/3487  0s] CopyFiles /Users/tuantu/Desktop/dev/AI/mobile/game_df/ios-build/Il2CppOutputProject/IL2CPP/libil2cpp/os/IOS/Console.mm
[ 389/3487  0s] CopyFiles /Users/tuantu/Desktop/dev/AI/mobile/game_df/ios-build/Il2CppOutputProject/IL2CPP/libil2cpp/os/LibraryLoader.cpp
[ 390/3487  0s] CopyFiles /Users/tuantu/Desktop/dev/AI/mobile/game_df/ios-build/Il2CppOutputProject/IL2CPP/libil2cpp/os/Image.h
[ 391/3487  0s] CopyFiles /Users/tuantu/Desktop/dev/AI/mobile/game_df/ios-build/Il2CppOutputProject/IL2CPP/libil2cpp/os/LastError.h
[ 392/3487  0s] CopyFiles /Users/tuantu/Desktop/dev/AI/mobile/game_df/ios-build/Il2CppOutputProject/IL2CPP/libil2cpp/os/Messages.cpp
[ 393/3487  0s] CopyFiles /Users/tuantu/Desktop/dev/AI/mobile/game_df/ios-build/Il2CppOutputProject/IL2CPP/libil2cpp/os/Handle.h
[ 394/3487  0s] CopyFiles /Users/tuantu/Desktop/dev/AI/mobile/game_df/ios-build/Il2CppOutputProject/IL2CPP/libil2cpp/os/Image.cpp
[ 395/3487  0s] CopyFiles /Users/tuantu/Desktop/dev/AI/mobile/game_df/ios-build/Il2CppOutputProject/IL2CPP/libil2cpp/os/Generic/Thread.cpp
[ 396/3487  0s] CopyFiles /Users/tuantu/Desktop/dev/AI/mobile/game_df/ios-build/Il2CppOutputProject/IL2CPP/libil2cpp/os/Generic/WaitObject.h
[ 397/3487  0s] CopyFiles /Users/tuantu/Desktop/dev/AI/mobile/game_df/ios-build/Il2CppOutputProject/IL2CPP/libil2cpp/os/Generic/WindowsRuntime.cpp
[ 398/3487  0s] CopyFiles /Users/tuantu/Desktop/dev/AI/mobile/game_df/ios-build/Il2CppOutputProject/IL2CPP/libil2cpp/os/Generic/SystemCertificates.cpp
[ 399/3487  0s] CopyFiles /Users/tuantu/Desktop/dev/AI/mobile/game_df/ios-build/Il2CppOutputProject/IL2CPP/libil2cpp/os/Generic/SocketBridge.cpp
[ 400/3487  0s] CopyFiles /Users/tuantu/Desktop/dev/AI/mobile/game_df/ios-build/Il2CppOutputProject/IL2CPP/libil2cpp/os/Generic/SocketImpl.h
[ 401/3487  0s] CopyFiles /Users/tuantu/Desktop/dev/AI/mobile/game_df/ios-build/Il2CppOutputProject/IL2CPP/libil2cpp/os/Generic/MutexImpl.h
[ 402/3487  0s] CopyFiles /Users/tuantu/Desktop/dev/AI/mobile/game_df/ios-build/Il2CppOutputProject/IL2CPP/libil2cpp/os/Generic/SemaphoreImpl.h
[ 403/3487  0s] CopyFiles /Users/tuantu/Desktop/dev/AI/mobile/game_df/ios-build/Il2CppOutputProject/IL2CPP/libil2cpp/os/Generic/WaitObject.cpp
[ 404/3487  0s] CopyFiles /Users/tuantu/Desktop/dev/AI/mobile/game_df/ios-build/Il2CppOutputProject/IL2CPP/libil2cpp/os/Generic/SocketImpl.cpp
[ 405/3487  0s] CopyFiles /Users/tuantu/Desktop/dev/AI/mobile/game_df/ios-build/Il2CppOutputProject/IL2CPP/libil2cpp/os/Generic/EventImpl.h
[ 406/3487  0s] CopyFiles /Users/tuantu/Desktop/dev/AI/mobile/game_df/ios-build/Il2CppOutputProject/IL2CPP/libil2cpp/os/Generic/LibraryLoader.cpp
[ 407/3487  0s] CopyFiles /Users/tuantu/Desktop/dev/AI/mobile/game_df/ios-build/Il2CppOutputProject/IL2CPP/libil2cpp/os/Generic/Environment.cpp
[ 408/3487  0s] CopyFiles /Users/tuantu/Desktop/dev/AI/mobile/game_df/ios-build/Il2CppOutputProject/IL2CPP/libil2cpp/os/Generic/MemoryMappedFile.cpp
[ 409/3487  0s] CopyFiles /Users/tuantu/Desktop/dev/AI/mobile/game_df/ios-build/Il2CppOutputProject/IL2CPP/libil2cpp/os/Generic/Handle.cpp
[ 410/3487  0s] CopyFiles /Users/tuantu/Desktop/dev/AI/mobile/game_df/ios-build/Il2CppOutputProject/IL2CPP/libil2cpp/os/Generic/MarshalStringAlloc.cpp
[ 411/3487  0s] CopyFiles /Users/tuantu/Desktop/dev/AI/mobile/game_df/ios-build/Il2CppOutputProject/IL2CPP/libil2cpp/os/Generic/Initialize.cpp
[ 412/3487  0s] CopyFiles /Users/tuantu/Desktop/dev/AI/mobile/game_df/ios-build/Il2CppOutputProject/IL2CPP/libil2cpp/os/Generic/File.cpp
[ 413/3487  0s] CopyFiles /Users/tuantu/Desktop/dev/AI/mobile/game_df/ios-build/Il2CppOutputProject/IL2CPP/libil2cpp/os/Generic/CpuInfo.cpp
[ 414/3487  0s] CopyFiles /Users/tuantu/Desktop/dev/AI/mobile/game_df/ios-build/Il2CppOutputProject/IL2CPP/libil2cpp/os/Generic/Assert.cpp
[ 415/3487  0s] CopyFiles /Users/tuantu/Desktop/dev/AI/mobile/game_df/ios-build/Il2CppOutputProject/IL2CPP/libil2cpp/os/FileSystemWatcher.h
[ 416/3487  0s] CopyFiles /Users/tuantu/Desktop/dev/AI/mobile/game_df/ios-build/Il2CppOutputProject/IL2CPP/libil2cpp/os/Generic/Debug.cpp
[ 417/3487  0s] CopyFiles /Users/tuantu/Desktop/dev/AI/mobile/game_df/ios-build/Il2CppOutputProject/IL2CPP/libil2cpp/os/Generic/CrashHelpers.cpp
[ 418/3487  0s] CopyFiles /Users/tuantu/Desktop/dev/AI/mobile/game_df/ios-build/Il2CppOutputProject/IL2CPP/libil2cpp/os/Generic/Console.cpp
[ 419/3487  0s] CopyFiles /Users/tuantu/Desktop/dev/AI/mobile/game_df/ios-build/Il2CppOutputProject/IL2CPP/libil2cpp/os/Generic/COM.cpp
[ 420/3487  0s] CopyFiles /Users/tuantu/Desktop/dev/AI/mobile/game_df/ios-build/Il2CppOutputProject/IL2CPP/libil2cpp/os/File.h
[ 421/3487  0s] CopyFiles /Users/tuantu/Desktop/dev/AI/mobile/game_df/ios-build/Il2CppOutputProject/IL2CPP/libil2cpp/os/FastReaderReaderWriterLockImpl.h
[ 422/3487  0s] CopyFiles /Users/tuantu/Desktop/dev/AI/mobile/game_df/ios-build/Il2CppOutputProject/IL2CPP/libil2cpp/os/Generic/BrokeredFileSystem.cpp
[ 423/3487  0s] CopyFiles /Users/tuantu/Desktop/dev/AI/mobile/game_df/ios-build/Il2CppOutputProject/IL2CPP/libil2cpp/os/FastReaderReaderWriterLock.h
[ 424/3487  0s] CopyFiles /Users/tuantu/Desktop/dev/AI/mobile/game_df/ios-build/Il2CppOutputProject/IL2CPP/libil2cpp/os/Event.cpp
[ 425/3487  0s] CopyFiles /Users/tuantu/Desktop/dev/AI/mobile/game_df/ios-build/Il2CppOutputProject/IL2CPP/libil2cpp/os/Error.cpp
[ 426/3487  0s] CopyFiles /Users/tuantu/Desktop/dev/AI/mobile/game_df/ios-build/Il2CppOutputProject/IL2CPP/libil2cpp/os/FastReaderReaderWriterLock.cpp
[ 427/3487  0s] CopyFiles /Users/tuantu/Desktop/dev/AI/mobile/game_df/ios-build/Il2CppOutputProject/IL2CPP/libil2cpp/os/Event.h
[ 428/3487  0s] CopyFiles /Users/tuantu/Desktop/dev/AI/mobile/game_df/ios-build/Il2CppOutputProject/IL2CPP/libil2cpp/os/Error.h
[ 429/3487  0s] CopyFiles /Users/tuantu/Desktop/dev/AI/mobile/game_df/ios-build/Il2CppOutputProject/IL2CPP/libil2cpp/os/Environment.h
[ 430/3487  0s] CopyFiles /Users/tuantu/Desktop/dev/AI/mobile/game_df/ios-build/Il2CppOutputProject/IL2CPP/libil2cpp/os/Directory.h
[ 431/3487  0s] CopyFiles /Users/tuantu/Desktop/dev/AI/mobile/game_df/ios-build/Il2CppOutputProject/IL2CPP/libil2cpp/os/Emscripten/SocketBridge.cpp
[ 432/3487  0s] CopyFiles /Users/tuantu/Desktop/dev/AI/mobile/game_df/ios-build/Il2CppOutputProject/IL2CPP/libil2cpp/os/Encoding.h
[ 433/3487  0s] CopyFiles /Users/tuantu/Desktop/dev/AI/mobile/game_df/ios-build/Il2CppOutputProject/IL2CPP/libil2cpp/os/Cryptography.h
[ 434/3487  0s] CopyFiles /Users/tuantu/Desktop/dev/AI/mobile/game_df/ios-build/Il2CppOutputProject/IL2CPP/libil2cpp/os/Emscripten/pal_emscripten.h
[ 435/3487  0s] CopyFiles /Users/tuantu/Desktop/dev/AI/mobile/game_df/ios-build/Il2CppOutputProject/IL2CPP/libil2cpp/os/ErrorCodes.h
[ 436/3487  0s] CopyFiles /Users/tuantu/Desktop/dev/AI/mobile/game_df/ios-build/Il2CppOutputProject/IL2CPP/libil2cpp/os/Debug.h
[ 437/3487  0s] CopyFiles /Users/tuantu/Desktop/dev/AI/mobile/game_df/ios-build/Il2CppOutputProject/IL2CPP/libil2cpp/os/CpuInfo.h
[ 438/3487  0s] CopyFiles /Users/tuantu/Desktop/dev/AI/mobile/game_df/ios-build/Il2CppOutputProject/IL2CPP/libil2cpp/os/ConsoleExtension.h
[ 439/3487  0s] CopyFiles /Users/tuantu/Desktop/dev/AI/mobile/game_df/ios-build/Il2CppOutputProject/IL2CPP/libil2cpp/os/Console.h
[ 440/3487  0s] CopyFiles /Users/tuantu/Desktop/dev/AI/mobile/game_df/ios-build/Il2CppOutputProject/IL2CPP/libil2cpp/os/CrashHelpers.h
[ 441/3487  0s] CopyFiles /Users/tuantu/Desktop/dev/AI/mobile/game_df/ios-build/Il2CppOutputProject/IL2CPP/libil2cpp/os/ConditionVariable.h
[ 442/3487  0s] CopyFiles /Users/tuantu/Desktop/dev/AI/mobile/game_df/ios-build/Il2CppOutputProject/IL2CPP/libil2cpp/os/CrashHelpers.cpp
[ 443/3487  0s] CopyFiles /Users/tuantu/Desktop/dev/AI/mobile/game_df/ios-build/Il2CppOutputProject/IL2CPP/libil2cpp/os/ConditionVariable.cpp
[ 444/3487  0s] CopyFiles /Users/tuantu/Desktop/dev/AI/mobile/game_df/ios-build/Il2CppOutputProject/IL2CPP/libil2cpp/os/COM.h
[ 445/3487  0s] CopyFiles /Users/tuantu/Desktop/dev/AI/mobile/game_df/ios-build/Il2CppOutputProject/IL2CPP/libil2cpp/os/ClassLibraryPAL/pal_uid.cpp
[ 446/3487  0s] CopyFiles /Users/tuantu/Desktop/dev/AI/mobile/game_df/ios-build/Il2CppOutputProject/IL2CPP/libil2cpp/os/ClassLibraryPAL/pal_sizecheck.cpp
[ 447/3487  0s] CopyFiles /Users/tuantu/Desktop/dev/AI/mobile/game_df/ios-build/Il2CppOutputProject/IL2CPP/libil2cpp/os/ClassLibraryPAL/pal_sizecheck.h
[ 448/3487  0s] CopyFiles /Users/tuantu/Desktop/dev/AI/mobile/game_df/ios-build/Il2CppOutputProject/IL2CPP/libil2cpp/os/ClassLibraryPAL/pal_time.cpp
[ 449/3487  0s] CopyFiles /Users/tuantu/Desktop/dev/AI/mobile/game_df/ios-build/Il2CppOutputProject/IL2CPP/libil2cpp/os/ClassLibraryPAL/pal_unused.cpp
[ 450/3487  0s] CopyFiles /Users/tuantu/Desktop/dev/AI/mobile/game_df/ios-build/Il2CppOutputProject/IL2CPP/libil2cpp/os/ClassLibraryPAL/pal_platform.h
[ 451/3487  0s] CopyFiles /Users/tuantu/Desktop/dev/AI/mobile/game_df/ios-build/Il2CppOutputProject/IL2CPP/libil2cpp/os/ClassLibraryPAL/pal_random.cpp
[ 452/3487  0s] CopyFiles /Users/tuantu/Desktop/dev/AI/mobile/game_df/ios-build/Il2CppOutputProject/IL2CPP/libil2cpp/os/ClassLibraryPAL/pal_mirror_structs.h
[ 453/3487  0s] CopyFiles /Users/tuantu/Desktop/dev/AI/mobile/game_df/ios-build/Il2CppOutputProject/IL2CPP/libil2cpp/os/ClassLibraryPAL/pal_networking.cpp
[ 454/3487  0s] CopyFiles /Users/tuantu/Desktop/dev/AI/mobile/game_df/ios-build/Il2CppOutputProject/IL2CPP/libil2cpp/os/ClassLibraryPAL/pal_io.cpp
[ 455/3487  0s] CopyFiles /Users/tuantu/Desktop/dev/AI/mobile/game_df/ios-build/Il2CppOutputProject/IL2CPP/libil2cpp/os/ClassLibraryPAL/brotli/enc/write_bits.h
[ 456/3487  0s] CopyFiles /Users/tuantu/Desktop/dev/AI/mobile/game_df/ios-build/Il2CppOutputProject/IL2CPP/libil2cpp/os/ClassLibraryPAL/pal_errno.cpp
[ 457/3487  0s] CopyFiles /Users/tuantu/Desktop/dev/AI/mobile/game_df/ios-build/Il2CppOutputProject/IL2CPP/libil2cpp/os/ClassLibraryPAL/brotli/enc/utf8_util.h
[ 458/3487  0s] CopyFiles /Users/tuantu/Desktop/dev/AI/mobile/game_df/ios-build/Il2CppOutputProject/IL2CPP/libil2cpp/os/ClassLibraryPAL/brotli/enc/utf8_util.c
[ 459/3487  0s] CopyFiles /Users/tuantu/Desktop/dev/AI/mobile/game_df/ios-build/Il2CppOutputProject/IL2CPP/libil2cpp/os/ClassLibraryPAL/brotli/include/brotli/types.h
[ 460/3487  0s] CopyFiles /Users/tuantu/Desktop/dev/AI/mobile/game_df/ios-build/Il2CppOutputProject/IL2CPP/libil2cpp/os/ClassLibraryPAL/brotli/include/brotli/decode.h
[ 461/3487  0s] CopyFiles /Users/tuantu/Desktop/dev/AI/mobile/game_df/ios-build/Il2CppOutputProject/IL2CPP/libil2cpp/os/ClassLibraryPAL/brotli/include/brotli/encode.h
[ 462/3487  0s] CopyFiles /Users/tuantu/Desktop/dev/AI/mobile/game_df/ios-build/Il2CppOutputProject/IL2CPP/libil2cpp/os/ClassLibraryPAL/brotli/include/brotli/port.h
[ 463/3487  0s] CopyFiles /Users/tuantu/Desktop/dev/AI/mobile/game_df/ios-build/Il2CppOutputProject/IL2CPP/libil2cpp/os/ClassLibraryPAL/brotli/enc/static_dict.h
[ 464/3487  0s] CopyFiles /Users/tuantu/Desktop/dev/AI/mobile/game_df/ios-build/Il2CppOutputProject/IL2CPP/libil2cpp/os/ClassLibraryPAL/brotli/enc/ringbuffer.h
[ 465/3487  0s] CopyFiles /Users/tuantu/Desktop/dev/AI/mobile/game_df/ios-build/Il2CppOutputProject/IL2CPP/libil2cpp/os/ClassLibraryPAL/brotli/enc/metablock_inc.h
[ 466/3487  0s] CopyFiles /Users/tuantu/Desktop/dev/AI/mobile/game_df/ios-build/Il2CppOutputProject/IL2CPP/libil2cpp/os/ClassLibraryPAL/brotli/enc/prefix.h
[ 467/3487  0s] CopyFiles /Users/tuantu/Desktop/dev/AI/mobile/game_df/ios-build/Il2CppOutputProject/IL2CPP/libil2cpp/os/ClassLibraryPAL/brotli/enc/params.h
[ 468/3487  0s] CopyFiles /Users/tuantu/Desktop/dev/AI/mobile/game_df/ios-build/Il2CppOutputProject/IL2CPP/libil2cpp/os/ClassLibraryPAL/brotli/enc/static_dict.c
[ 469/3487  0s] CopyFiles /Users/tuantu/Desktop/dev/AI/mobile/game_df/ios-build/Il2CppOutputProject/IL2CPP/libil2cpp/os/ClassLibraryPAL/brotli/enc/quality.h
[ 470/3487  0s] CopyFiles /Users/tuantu/Desktop/dev/AI/mobile/game_df/ios-build/Il2CppOutputProject/IL2CPP/libil2cpp/os/ClassLibraryPAL/brotli/enc/metablock.c
[ 471/3487  0s] CopyFiles /Users/tuantu/Desktop/dev/AI/mobile/game_df/ios-build/Il2CppOutputProject/IL2CPP/libil2cpp/os/ClassLibraryPAL/brotli/enc/metablock.h
[ 472/3487  0s] CopyFiles /Users/tuantu/Desktop/dev/AI/mobile/game_df/ios-build/Il2CppOutputProject/IL2CPP/libil2cpp/os/ClassLibraryPAL/brotli/enc/memory.h
[ 473/3487  0s] CopyFiles /Users/tuantu/Desktop/dev/AI/mobile/game_df/ios-build/Il2CppOutputProject/IL2CPP/libil2cpp/os/ClassLibraryPAL/brotli/enc/literal_cost.h
[ 474/3487  0s] CopyFiles /Users/tuantu/Desktop/dev/AI/mobile/game_df/ios-build/Il2CppOutputProject/IL2CPP/libil2cpp/os/ClassLibraryPAL/brotli/enc/memory.c
[ 475/3487  0s] CopyFiles /Users/tuantu/Desktop/dev/AI/mobile/game_df/ios-build/Il2CppOutputProject/IL2CPP/libil2cpp/os/ClassLibraryPAL/brotli/enc/literal_cost.c
[ 476/3487  0s] CopyFiles /Users/tuantu/Desktop/dev/AI/mobile/game_df/ios-build/Il2CppOutputProject/IL2CPP/libil2cpp/os/ClassLibraryPAL/brotli/enc/histogram_inc.h
[ 477/3487  0s] CopyFiles /Users/tuantu/Desktop/dev/AI/mobile/game_df/ios-build/Il2CppOutputProject/IL2CPP/libil2cpp/os/ClassLibraryPAL/brotli/enc/histogram.c
[ 478/3487  0s] CopyFiles /Users/tuantu/Desktop/dev/AI/mobile/game_df/ios-build/Il2CppOutputProject/IL2CPP/libil2cpp/os/ClassLibraryPAL/brotli/enc/histogram.h
[ 479/3487  0s] CopyFiles /Users/tuantu/Desktop/dev/AI/mobile/game_df/ios-build/Il2CppOutputProject/IL2CPP/libil2cpp/os/ClassLibraryPAL/brotli/enc/hash_rolling_inc.h
[ 480/3487  0s] CopyFiles /Users/tuantu/Desktop/dev/AI/mobile/game_df/ios-build/Il2CppOutputProject/IL2CPP/libil2cpp/os/ClassLibraryPAL/brotli/enc/hash_longest_match_quickly_inc.h
[ 481/3487  0s] CopyFiles /Users/tuantu/Desktop/dev/AI/mobile/game_df/ios-build/Il2CppOutputProject/IL2CPP/libil2cpp/os/ClassLibraryPAL/brotli/enc/hash_longest_match_inc.h
[ 482/3487  0s] CopyFiles /Users/tuantu/Desktop/dev/AI/mobile/game_df/ios-build/Il2CppOutputProject/IL2CPP/libil2cpp/os/ClassLibraryPAL/brotli/enc/hash_to_binary_tree_inc.h
[ 483/3487  0s] CopyFiles /Users/tuantu/Desktop/dev/AI/mobile/game_df/ios-build/Il2CppOutputProject/IL2CPP/libil2cpp/os/ClassLibraryPAL/brotli/enc/hash_longest_match64_inc.h
[ 484/3487  0s] CopyFiles /Users/tuantu/Desktop/dev/AI/mobile/game_df/ios-build/Il2CppOutputProject/IL2CPP/libil2cpp/os/ClassLibraryPAL/brotli/enc/hash_composite_inc.h
[ 485/3487  0s] CopyFiles /Users/tuantu/Desktop/dev/AI/mobile/game_df/ios-build/Il2CppOutputProject/IL2CPP/libil2cpp/os/ClassLibraryPAL/brotli/enc/hash_forgetful_chain_inc.h
[ 486/3487  0s] CopyFiles /Users/tuantu/Desktop/dev/AI/mobile/game_df/ios-build/Il2CppOutputProject/IL2CPP/libil2cpp/os/ClassLibraryPAL/brotli/enc/hash.h
[ 487/3487  0s] CopyFiles /Users/tuantu/Desktop/dev/AI/mobile/game_df/ios-build/Il2CppOutputProject/IL2CPP/libil2cpp/os/ClassLibraryPAL/brotli/enc/find_match_length.h
[ 488/3487  0s] CopyFiles /Users/tuantu/Desktop/dev/AI/mobile/game_df/ios-build/Il2CppOutputProject/IL2CPP/libil2cpp/os/ClassLibraryPAL/brotli/enc/fast_log.h
[ 489/3487  0s] CopyFiles /Users/tuantu/Desktop/dev/AI/mobile/game_df/ios-build/Il2CppOutputProject/IL2CPP/libil2cpp/os/ClassLibraryPAL/brotli/enc/static_dict_lut.h
[ 490/3487  0s] CopyFiles /Users/tuantu/Desktop/dev/AI/mobile/game_df/ios-build/Il2CppOutputProject/IL2CPP/libil2cpp/os/ClassLibraryPAL/brotli/enc/fast_log.c
[ 491/3487  0s] CopyFiles /Users/tuantu/Desktop/dev/AI/mobile/game_df/ios-build/Il2CppOutputProject/IL2CPP/libil2cpp/os/ClassLibraryPAL/brotli/enc/entropy_encode.c
[ 492/3487  0s] CopyFiles /Users/tuantu/Desktop/dev/AI/mobile/game_df/ios-build/Il2CppOutputProject/IL2CPP/libil2cpp/os/ClassLibraryPAL/brotli/enc/encoder_dict.c
[ 493/3487  0s] CopyFiles /Users/tuantu/Desktop/dev/AI/mobile/game_df/ios-build/Il2CppOutputProject/IL2CPP/libil2cpp/os/ClassLibraryPAL/brotli/enc/encoder_dict.h
[ 494/3487  0s] CopyFiles /Users/tuantu/Desktop/dev/AI/mobile/game_df/ios-build/Il2CppOutputProject/IL2CPP/libil2cpp/os/ClassLibraryPAL/brotli/enc/dictionary_hash.h
[ 495/3487  0s] CopyFiles /Users/tuantu/Desktop/dev/AI/mobile/game_df/ios-build/Il2CppOutputProject/IL2CPP/libil2cpp/os/ClassLibraryPAL/brotli/enc/entropy_encode.h
[ 496/3487  0s] CopyFiles /Users/tuantu/Desktop/dev/AI/mobile/game_df/ios-build/Il2CppOutputProject/IL2CPP/libil2cpp/os/ClassLibraryPAL/brotli/enc/encode.c
[ 497/3487  0s] CopyFiles /Users/tuantu/Desktop/dev/AI/mobile/game_df/ios-build/Il2CppOutputProject/IL2CPP/libil2cpp/os/ClassLibraryPAL/brotli/enc/entropy_encode_static.h
[ 498/3487  0s] CopyFiles /Users/tuantu/Desktop/dev/AI/mobile/game_df/ios-build/Il2CppOutputProject/IL2CPP/libil2cpp/os/ClassLibraryPAL/brotli/enc/compress_fragment_two_pass.h
[ 499/3487  0s] CopyFiles /Users/tuantu/Desktop/dev/AI/mobile/game_df/ios-build/Il2CppOutputProject/IL2CPP/libil2cpp/os/ClassLibraryPAL/brotli/enc/compress_fragment_two_pass.c
[ 500/3487  0s] CopyFiles /Users/tuantu/Desktop/dev/AI/mobile/game_df/ios-build/Il2CppOutputProject/IL2CPP/libil2cpp/os/ClassLibraryPAL/brotli/enc/cluster.h
[ 501/3487  0s] CopyFiles /Users/tuantu/Desktop/dev/AI/mobile/game_df/ios-build/Il2CppOutputProject/IL2CPP/libil2cpp/os/ClassLibraryPAL/brotli/enc/compress_fragment.h
[ 502/3487  0s] CopyFiles /Users/tuantu/Desktop/dev/AI/mobile/game_df/ios-build/Il2CppOutputProject/IL2CPP/libil2cpp/os/ClassLibraryPAL/brotli/enc/command.h
[ 503/3487  0s] CopyFiles /Users/tuantu/Desktop/dev/AI/mobile/game_df/ios-build/Il2CppOutputProject/IL2CPP/libil2cpp/os/ClassLibraryPAL/brotli/enc/compress_fragment.c
[ 504/3487  0s] CopyFiles /Users/tuantu/Desktop/dev/AI/mobile/game_df/ios-build/Il2CppOutputProject/IL2CPP/libil2cpp/os/ClassLibraryPAL/brotli/enc/command.c
[ 505/3487  0s] CopyFiles /Users/tuantu/Desktop/dev/AI/mobile/game_df/ios-build/Il2CppOutputProject/IL2CPP/libil2cpp/os/ClassLibraryPAL/brotli/enc/cluster_inc.h
[ 506/3487  0s] CopyFiles /Users/tuantu/Desktop/dev/AI/mobile/game_df/ios-build/Il2CppOutputProject/IL2CPP/libil2cpp/os/ClassLibraryPAL/brotli/enc/cluster.c
[ 507/3487  0s] CopyFiles /Users/tuantu/Desktop/dev/AI/mobile/game_df/ios-build/Il2CppOutputProject/IL2CPP/libil2cpp/os/ClassLibraryPAL/brotli/enc/dictionary_hash.c
[ 508/3487  0s] CopyFiles /Users/tuantu/Desktop/dev/AI/mobile/game_df/ios-build/Il2CppOutputProject/IL2CPP/libil2cpp/os/ClassLibraryPAL/brotli/enc/block_splitter_inc.h
[ 509/3487  0s] CopyFiles /Users/tuantu/Desktop/dev/AI/mobile/game_df/ios-build/Il2CppOutputProject/IL2CPP/libil2cpp/os/ClassLibraryPAL/brotli/enc/block_splitter.h
[ 510/3487  0s] CopyFiles /Users/tuantu/Desktop/dev/AI/mobile/game_df/ios-build/Il2CppOutputProject/IL2CPP/libil2cpp/os/ClassLibraryPAL/brotli/enc/brotli_bit_stream.h
[ 511/3487  0s] CopyFiles /Users/tuantu/Desktop/dev/AI/mobile/game_df/ios-build/Il2CppOutputProject/IL2CPP/libil2cpp/os/ClassLibraryPAL/brotli/enc/block_encoder_inc.h
[ 512/3487  0s] CopyFiles /Users/tuantu/Desktop/dev/AI/mobile/game_df/ios-build/Il2CppOutputProject/IL2CPP/libil2cpp/os/ClassLibraryPAL/brotli/enc/block_splitter.c
[ 513/3487  0s] CopyFiles /Users/tuantu/Desktop/dev/AI/mobile/game_df/ios-build/Il2CppOutputProject/IL2CPP/libil2cpp/os/ClassLibraryPAL/brotli/enc/bit_cost.h
[ 514/3487  0s] CopyFiles /Users/tuantu/Desktop/dev/AI/mobile/game_df/ios-build/Il2CppOutputProject/IL2CPP/libil2cpp/os/ClassLibraryPAL/brotli/enc/backward_references_inc.h
[ 515/3487  0s] CopyFiles /Users/tuantu/Desktop/dev/AI/mobile/game_df/ios-build/Il2CppOutputProject/IL2CPP/libil2cpp/os/ClassLibraryPAL/brotli/enc/bit_cost_inc.h
[ 516/3487  0s] CopyFiles /Users/tuantu/Desktop/dev/AI/mobile/game_df/ios-build/Il2CppOutputProject/IL2CPP/libil2cpp/os/ClassLibraryPAL/brotli/enc/bit_cost.c
[ 517/3487  0s] CopyFiles /Users/tuantu/Desktop/dev/AI/mobile/game_df/ios-build/Il2CppOutputProject/IL2CPP/libil2cpp/os/ClassLibraryPAL/brotli/enc/brotli_bit_stream.c
[ 518/3487  0s] CopyFiles /Users/tuantu/Desktop/dev/AI/mobile/game_df/ios-build/Il2CppOutputProject/IL2CPP/libil2cpp/os/ClassLibraryPAL/brotli/enc/backward_references.h
[ 519/3487  0s] CopyFiles /Users/tuantu/Desktop/dev/AI/mobile/game_df/ios-build/Il2CppOutputProject/IL2CPP/libil2cpp/os/ClassLibraryPAL/brotli/enc/backward_references_hq.h
[ 520/3487  0s] CopyFiles /Users/tuantu/Desktop/dev/AI/mobile/game_df/ios-build/Il2CppOutputProject/IL2CPP/libil2cpp/os/ClassLibraryPAL/brotli/enc/backward_references.c
[ 521/3487  0s] CopyFiles /Users/tuantu/Desktop/dev/AI/mobile/game_df/ios-build/Il2CppOutputProject/IL2CPP/libil2cpp/os/ClassLibraryPAL/brotli/dec/state.h
[ 522/3487  0s] CopyFiles /Users/tuantu/Desktop/dev/AI/mobile/game_df/ios-build/Il2CppOutputProject/IL2CPP/libil2cpp/os/ClassLibraryPAL/brotli/dec/state.c
[ 523/3487  0s] CopyFiles /Users/tuantu/Desktop/dev/AI/mobile/game_df/ios-build/Il2CppOutputProject/IL2CPP/libil2cpp/os/ClassLibraryPAL/brotli/dec/prefix.h
[ 524/3487  0s] CopyFiles /Users/tuantu/Desktop/dev/AI/mobile/game_df/ios-build/Il2CppOutputProject/IL2CPP/libil2cpp/os/ClassLibraryPAL/brotli/enc/backward_references_hq.c
[ 525/3487  0s] CopyFiles /Users/tuantu/Desktop/dev/AI/mobile/game_df/ios-build/Il2CppOutputProject/IL2CPP/libil2cpp/os/ClassLibraryPAL/brotli/dec/huffman.h
[ 526/3487  0s] CopyFiles /Users/tuantu/Desktop/dev/AI/mobile/game_df/ios-build/Il2CppOutputProject/IL2CPP/libil2cpp/os/ClassLibraryPAL/brotli/dec/huffman.c
[ 527/3487  0s] CopyFiles /Users/tuantu/Desktop/dev/AI/mobile/game_df/ios-build/Il2CppOutputProject/IL2CPP/libil2cpp/os/ClassLibraryPAL/brotli/common/transform.c
[ 528/3487  0s] CopyFiles /Users/tuantu/Desktop/dev/AI/mobile/game_df/ios-build/Il2CppOutputProject/IL2CPP/libil2cpp/os/ClassLibraryPAL/brotli/dec/decode.c
[ 529/3487  0s] CopyFiles /Users/tuantu/Desktop/dev/AI/mobile/game_df/ios-build/Il2CppOutputProject/IL2CPP/libil2cpp/os/ClassLibraryPAL/brotli/dec/bit_reader.c
[ 530/3487  0s] CopyFiles /Users/tuantu/Desktop/dev/AI/mobile/game_df/ios-build/Il2CppOutputProject/IL2CPP/libil2cpp/os/ClassLibraryPAL/brotli/dec/bit_reader.h
[ 531/3487  0s] CopyFiles /Users/tuantu/Desktop/dev/AI/mobile/game_df/ios-build/Il2CppOutputProject/IL2CPP/libil2cpp/os/ClassLibraryPAL/brotli/common/version.h
[ 532/3487  0s] CopyFiles /Users/tuantu/Desktop/dev/AI/mobile/game_df/ios-build/Il2CppOutputProject/IL2CPP/libil2cpp/os/ClassLibraryPAL/brotli/common/transform.h
[ 533/3487  0s] CopyFiles /Users/tuantu/Desktop/dev/AI/mobile/game_df/ios-build/Il2CppOutputProject/IL2CPP/libil2cpp/os/ClassLibraryPAL/brotli/common/platform.c
[ 534/3487  0s] CopyFiles /Users/tuantu/Desktop/dev/AI/mobile/game_df/ios-build/Il2CppOutputProject/IL2CPP/libil2cpp/os/ClassLibraryPAL/brotli/common/dictionary.h
[ 535/3487  0s] CopyFiles /Users/tuantu/Desktop/dev/AI/mobile/game_df/ios-build/Il2CppOutputProject/IL2CPP/libil2cpp/os/ClassLibraryPAL/brotli/common/platform.h
[ 536/3487  0s] CopyFiles /Users/tuantu/Desktop/dev/AI/mobile/game_df/ios-build/Il2CppOutputProject/IL2CPP/libil2cpp/os/ClassLibraryPAL/brotli/common/constants.h
[ 537/3487  0s] CopyFiles /Users/tuantu/Desktop/dev/AI/mobile/game_df/ios-build/Il2CppOutputProject/IL2CPP/libil2cpp/os/ClassLibraryPAL/brotli/common/context.c
[ 538/3487  0s] CopyFiles /Users/tuantu/Desktop/dev/AI/mobile/game_df/ios-build/Il2CppOutputProject/IL2CPP/libil2cpp/os/c-api/WaitStatus-c-api.h
[ 539/3487  0s] CopyFiles /Users/tuantu/Desktop/dev/AI/mobile/game_df/ios-build/Il2CppOutputProject/IL2CPP/libil2cpp/os/ClassLibraryPAL/brotli/common/context.h
[ 540/3487  0s] CopyFiles /Users/tuantu/Desktop/dev/AI/mobile/game_df/ios-build/Il2CppOutputProject/IL2CPP/libil2cpp/os/c-api/Time-c-api.h
[ 541/3487  0s] CopyFiles /Users/tuantu/Desktop/dev/AI/mobile/game_df/ios-build/Il2CppOutputProject/IL2CPP/libil2cpp/os/ClassLibraryPAL/brotli/common/constants.c
[ 542/3487  0s] CopyFiles /Users/tuantu/Desktop/dev/AI/mobile/game_df/ios-build/Il2CppOutputProject/IL2CPP/libil2cpp/os/c-api/Thread-c-api.h
[ 543/3487  0s] CopyFiles /Users/tuantu/Desktop/dev/AI/mobile/game_df/ios-build/Il2CppOutputProject/IL2CPP/libil2cpp/os/c-api/Time.cpp
[ 544/3487  0s] CopyFiles /Users/tuantu/Desktop/dev/AI/mobile/game_df/ios-build/Il2CppOutputProject/IL2CPP/libil2cpp/os/c-api/Socket-c-api.h
[ 545/3487  0s] CopyFiles /Users/tuantu/Desktop/dev/AI/mobile/game_df/ios-build/Il2CppOutputProject/IL2CPP/libil2cpp/os/c-api/Socket.cpp
[ 546/3487  0s] CopyFiles /Users/tuantu/Desktop/dev/AI/mobile/game_df/ios-build/Il2CppOutputProject/IL2CPP/libil2cpp/os/c-api/Path.cpp
[ 547/3487  0s] CopyFiles /Users/tuantu/Desktop/dev/AI/mobile/game_df/ios-build/Il2CppOutputProject/IL2CPP/libil2cpp/os/c-api/Path-c-api.h
[ 548/3487  0s] CopyFiles /Users/tuantu/Desktop/dev/AI/mobile/game_df/ios-build/Il2CppOutputProject/IL2CPP/libil2cpp/os/c-api/OSGlobalEnums.h
[ 549/3487  0s] CopyFiles /Users/tuantu/Desktop/dev/AI/mobile/game_df/ios-build/Il2CppOutputProject/IL2CPP/libil2cpp/os/c-api/Thread.cpp
[ 550/3487  0s] CopyFiles /Users/tuantu/Desktop/dev/AI/mobile/game_df/ios-build/Il2CppOutputProject/IL2CPP/libil2cpp/os/c-api/il2cpp-config-platforms.h
[ 551/3487  0s] CopyFiles /Users/tuantu/Desktop/dev/AI/mobile/game_df/ios-build/Il2CppOutputProject/IL2CPP/libil2cpp/os/c-api/Locale.cpp
[ 552/3487  0s] CopyFiles /Users/tuantu/Desktop/dev/AI/mobile/game_df/ios-build/Il2CppOutputProject/IL2CPP/libil2cpp/os/c-api/Locale-c-api.h
[ 553/3487  0s] CopyFiles /Users/tuantu/Desktop/dev/AI/mobile/game_df/ios-build/Il2CppOutputProject/IL2CPP/libil2cpp/os/c-api/Error.cpp
[ 554/3487  0s] CopyFiles /Users/tuantu/Desktop/dev/AI/mobile/game_df/ios-build/Il2CppOutputProject/IL2CPP/libil2cpp/os/c-api/Environment.cpp
[ 555/3487  0s] CopyFiles /Users/tuantu/Desktop/dev/AI/mobile/game_df/ios-build/Il2CppOutputProject/IL2CPP/libil2cpp/os/c-api/File.cpp
[ 556/3487  0s] CopyFiles /Users/tuantu/Desktop/dev/AI/mobile/game_df/ios-build/Il2CppOutputProject/IL2CPP/libil2cpp/os/c-api/File-c-api.h
[ 557/3487  0s] CopyFiles /Users/tuantu/Desktop/dev/AI/mobile/game_df/ios-build/Il2CppOutputProject/IL2CPP/libil2cpp/os/c-api/il2cpp-config-api-platforms.h
[ 558/3487  0s] CopyFiles /Users/tuantu/Desktop/dev/AI/mobile/game_df/ios-build/Il2CppOutputProject/IL2CPP/libil2cpp/os/c-api/Error-c-api.h
[ 559/3487  0s] CopyFiles /Users/tuantu/Desktop/dev/AI/mobile/game_df/ios-build/Il2CppOutputProject/IL2CPP/libil2cpp/os/ClassLibraryPAL/brotli/common/dictionary.c
[ 560/3487  0s] CopyFiles /Users/tuantu/Desktop/dev/AI/mobile/game_df/ios-build/Il2CppOutputProject/IL2CPP/libil2cpp/os/c-api/Allocator.h
[ 561/3487  0s] CopyFiles /Users/tuantu/Desktop/dev/AI/mobile/game_df/ios-build/Il2CppOutputProject/IL2CPP/libil2cpp/os/c-api/Directory-c-api.h
[ 562/3487  0s] CopyFiles /Users/tuantu/Desktop/dev/AI/mobile/game_df/ios-build/Il2CppOutputProject/IL2CPP/libil2cpp/os/c-api/Allocator.cpp
[ 563/3487  0s] CopyFiles /Users/tuantu/Desktop/dev/AI/mobile/game_df/ios-build/Il2CppOutputProject/IL2CPP/libil2cpp/os/c-api/Environment-c-api.h
[ 564/3487  0s] CopyFiles /Users/tuantu/Desktop/dev/AI/mobile/game_df/ios-build/Il2CppOutputProject/IL2CPP/libil2cpp/os/BrokeredFileSystem.h
[ 565/3487  0s] CopyFiles /Users/tuantu/Desktop/dev/AI/mobile/game_df/ios-build/Il2CppOutputProject/IL2CPP/libil2cpp/os/baselib/FastReaderReaderWriterLockImpl.h
[ 566/3487  0s] CopyFiles /Users/tuantu/Desktop/dev/AI/mobile/game_df/ios-build/Il2CppOutputProject/IL2CPP/libil2cpp/os/c-api/Directory.cpp
[ 567/3487  0s] CopyFiles /Users/tuantu/Desktop/dev/AI/mobile/game_df/ios-build/Il2CppOutputProject/IL2CPP/libil2cpp/os/Assert.h
[ 568/3487  0s] CopyFiles /Users/tuantu/Desktop/dev/AI/mobile/game_df/ios-build/Il2CppOutputProject/IL2CPP/libil2cpp/os/Android/StackTrace.cpp
[ 569/3487  0s] CopyFiles /Users/tuantu/Desktop/dev/AI/mobile/game_df/ios-build/Il2CppOutputProject/IL2CPP/libil2cpp/os/Atomic.h
[ 570/3487  0s] CopyFiles /Users/tuantu/Desktop/dev/AI/mobile/game_df/ios-build/Il2CppOutputProject/IL2CPP/libil2cpp/os/Android/Initialize.cpp
[ 571/3487  0s] CopyFiles /Users/tuantu/Desktop/dev/AI/mobile/game_df/ios-build/Il2CppOutputProject/IL2CPP/libil2cpp/os/Android/ConsoleExtension.cpp
[ 572/3487  0s] CopyFiles /Users/tuantu/Desktop/dev/AI/mobile/game_df/ios-build/Il2CppOutputProject/IL2CPP/libil2cpp/os/Android/pal_android.h
[ 573/3487  0s] CopyFiles /Users/tuantu/Desktop/dev/AI/mobile/game_df/ios-build/Il2CppOutputProject/IL2CPP/libil2cpp/os/Android/Locale.cpp
[ 574/3487  0s] CopyFiles /Users/tuantu/Desktop/dev/AI/mobile/game_df/ios-build/Il2CppOutputProject/IL2CPP/libil2cpp/mono/ThreadPool/ThreadPoolMacros.h
[ 575/3487  0s] CopyFiles /Users/tuantu/Desktop/dev/AI/mobile/game_df/ios-build/Il2CppOutputProject/IL2CPP/libil2cpp/mono/ThreadPool/ThreadPoolWorkerThread.h
[ 576/3487  0s] CopyFiles /Users/tuantu/Desktop/dev/AI/mobile/game_df/ios-build/Il2CppOutputProject/IL2CPP/libil2cpp/mono/ThreadPool/ThreadPoolMonitorThread.h
[ 577/3487  0s] CopyFiles /Users/tuantu/Desktop/dev/AI/mobile/game_df/ios-build/Il2CppOutputProject/IL2CPP/libil2cpp/mono/ThreadPool/ThreadPoolWorkerThread.cpp
[ 578/3487  0s] CopyFiles /Users/tuantu/Desktop/dev/AI/mobile/game_df/ios-build/Il2CppOutputProject/IL2CPP/libil2cpp/mono/ThreadPool/ThreadPoolDataStructures.h
[ 579/3487  0s] CopyFiles /Users/tuantu/Desktop/dev/AI/mobile/game_df/ios-build/Il2CppOutputProject/IL2CPP/libil2cpp/mono/ThreadPool/threadpool-ms.h
[ 580/3487  0s] CopyFiles /Users/tuantu/Desktop/dev/AI/mobile/game_df/ios-build/Il2CppOutputProject/IL2CPP/libil2cpp/mono/ThreadPool/threadpool-ms-io.h
[ 581/3487  0s] CopyFiles /Users/tuantu/Desktop/dev/AI/mobile/game_df/ios-build/Il2CppOutputProject/IL2CPP/libil2cpp/mono/ThreadPool/ThreadPoolMonitorThread.cpp
[ 582/3487  0s] CopyFiles /Users/tuantu/Desktop/dev/AI/mobile/game_df/ios-build/Il2CppOutputProject/IL2CPP/libil2cpp/mono/ThreadPool/threadpool-ms-io-poll.h
[ 583/3487  0s] CopyFiles /Users/tuantu/Desktop/dev/AI/mobile/game_df/ios-build/Il2CppOutputProject/IL2CPP/libil2cpp/mono/MonoPosixHelper.cpp
[ 584/3487  0s] CopyFiles /Users/tuantu/Desktop/dev/AI/mobile/game_df/ios-build/Il2CppOutputProject/IL2CPP/libil2cpp/mono/ThreadPool/threadpool-ms-io-poll.cpp
[ 585/3487  0s] CopyFiles /Users/tuantu/Desktop/dev/AI/mobile/game_df/ios-build/Il2CppOutputProject/IL2CPP/libil2cpp/mono-structs.h
[ 586/3487  0s] CopyFiles /Users/tuantu/Desktop/dev/AI/mobile/game_df/ios-build/Il2CppOutputProject/IL2CPP/libil2cpp/mono/MonoPosixHelper.h
[ 587/3487  0s] CopyFiles /Users/tuantu/Desktop/dev/AI/mobile/game_df/ios-build/Il2CppOutputProject/IL2CPP/libil2cpp/metadata/Il2CppTypeHash.h
[ 588/3487  0s] CopyFiles /Users/tuantu/Desktop/dev/AI/mobile/game_df/ios-build/Il2CppOutputProject/IL2CPP/libil2cpp/metadata/Il2CppTypeHash.cpp
[ 589/3487  0s] CopyFiles /Users/tuantu/Desktop/dev/AI/mobile/game_df/ios-build/Il2CppOutputProject/IL2CPP/libil2cpp/mono/ThreadPool/threadpool-ms-io.cpp
[ 590/3487  0s] CopyFiles /Users/tuantu/Desktop/dev/AI/mobile/game_df/ios-build/Il2CppOutputProject/IL2CPP/libil2cpp/metadata/Il2CppTypeCompare.h
[ 591/3487  0s] CopyFiles /Users/tuantu/Desktop/dev/AI/mobile/game_df/ios-build/Il2CppOutputProject/IL2CPP/libil2cpp/metadata/Il2CppTypeCompare.cpp
[ 592/3487  0s] CopyFiles /Users/tuantu/Desktop/dev/AI/mobile/game_df/ios-build/Il2CppOutputProject/IL2CPP/libil2cpp/mono/ThreadPool/threadpool-ms.cpp
[ 593/3487  0s] CopyFiles /Users/tuantu/Desktop/dev/AI/mobile/game_df/ios-build/Il2CppOutputProject/IL2CPP/libil2cpp/metadata/Il2CppMethodSpecOrGenericMethodHash.h
[ 594/3487  0s] CopyFiles /Users/tuantu/Desktop/dev/AI/mobile/game_df/ios-build/Il2CppOutputProject/IL2CPP/libil2cpp/metadata/Il2CppSignature.h
[ 595/3487  0s] CopyFiles /Users/tuantu/Desktop/dev/AI/mobile/game_df/ios-build/Il2CppOutputProject/IL2CPP/libil2cpp/metadata/Il2CppSignature.cpp
[ 596/3487  0s] CopyFiles /Users/tuantu/Desktop/dev/AI/mobile/game_df/ios-build/Il2CppOutputProject/IL2CPP/libil2cpp/metadata/Il2CppMethodSpecOrGenericMethodHash.cpp
[ 597/3487  0s] CopyFiles /Users/tuantu/Desktop/dev/AI/mobile/game_df/ios-build/Il2CppOutputProject/IL2CPP/libil2cpp/metadata/Il2CppMethodSpecOrGenericMethodCompare.cpp
[ 598/3487  0s] CopyFiles /Users/tuantu/Desktop/dev/AI/mobile/game_df/ios-build/Il2CppOutputProject/IL2CPP/libil2cpp/metadata/Il2CppMethodSpecOrGenericMethodCompare.h
[ 599/3487  0s] CopyFiles /Users/tuantu/Desktop/dev/AI/mobile/game_df/ios-build/Il2CppOutputProject/IL2CPP/libil2cpp/metadata/Il2CppMethodSpecOrGenericMethod.h
[ 600/3487  0s] CopyFiles /Users/tuantu/Desktop/dev/AI/mobile/game_df/ios-build/Il2CppOutputProject/IL2CPP/libil2cpp/metadata/Il2CppMethodSpecOrGenericMethod.cpp
[ 601/3487  0s] CopyFiles /Users/tuantu/Desktop/dev/AI/mobile/game_df/ios-build/Il2CppOutputProject/IL2CPP/libil2cpp/metadata/Il2CppGenericMethodHash.h
[ 602/3487  0s] CopyFiles /Users/tuantu/Desktop/dev/AI/mobile/game_df/ios-build/Il2CppOutputProject/IL2CPP/libil2cpp/metadata/Il2CppGenericMethodCompare.cpp
[ 603/3487  0s] CopyFiles /Users/tuantu/Desktop/dev/AI/mobile/game_df/ios-build/Il2CppOutputProject/IL2CPP/libil2cpp/metadata/Il2CppGenericMethodCompare.h
[ 604/3487  0s] CopyFiles /Users/tuantu/Desktop/dev/AI/mobile/game_df/ios-build/Il2CppOutputProject/IL2CPP/libil2cpp/metadata/Il2CppGenericMethodHash.cpp
[ 605/3487  0s] CopyFiles /Users/tuantu/Desktop/dev/AI/mobile/game_df/ios-build/Il2CppOutputProject/IL2CPP/libil2cpp/metadata/Il2CppGenericInstHash.h
[ 606/3487  0s] CopyFiles /Users/tuantu/Desktop/dev/AI/mobile/game_df/ios-build/Il2CppOutputProject/IL2CPP/libil2cpp/metadata/Il2CppGenericInstCompare.h
[ 607/3487  0s] CopyFiles /Users/tuantu/Desktop/dev/AI/mobile/game_df/ios-build/Il2CppOutputProject/IL2CPP/libil2cpp/metadata/Il2CppGenericInstHash.cpp
[ 608/3487  0s] CopyFiles /Users/tuantu/Desktop/dev/AI/mobile/game_df/ios-build/Il2CppOutputProject/IL2CPP/libil2cpp/metadata/Il2CppGenericInstCompare.cpp
[ 609/3487  0s] CopyFiles /Users/tuantu/Desktop/dev/AI/mobile/game_df/ios-build/Il2CppOutputProject/IL2CPP/libil2cpp/metadata/Il2CppGenericContextCompare.h
[ 610/3487  0s] CopyFiles /Users/tuantu/Desktop/dev/AI/mobile/game_df/ios-build/Il2CppOutputProject/IL2CPP/libil2cpp/metadata/Il2CppGenericClassHash.h
[ 611/3487  0s] CopyFiles /Users/tuantu/Desktop/dev/AI/mobile/game_df/ios-build/Il2CppOutputProject/IL2CPP/libil2cpp/metadata/Il2CppGenericContextHash.h
[ 612/3487  0s] CopyFiles /Users/tuantu/Desktop/dev/AI/mobile/game_df/ios-build/Il2CppOutputProject/IL2CPP/libil2cpp/metadata/Il2CppGenericClassCompare.h
[ 613/3487  0s] CopyFiles /Users/tuantu/Desktop/dev/AI/mobile/game_df/ios-build/Il2CppOutputProject/IL2CPP/libil2cpp/metadata/Il2CppGenericContextHash.cpp
[ 614/3487  0s] CopyFiles /Users/tuantu/Desktop/dev/AI/mobile/game_df/ios-build/Il2CppOutputProject/IL2CPP/libil2cpp/metadata/Il2CppGenericClassCompare.cpp
[ 615/3487  0s] CopyFiles /Users/tuantu/Desktop/dev/AI/mobile/game_df/ios-build/Il2CppOutputProject/IL2CPP/libil2cpp/metadata/Il2CppGenericContextCompare.cpp
[ 616/3487  0s] CopyFiles /Users/tuantu/Desktop/dev/AI/mobile/game_df/ios-build/Il2CppOutputProject/IL2CPP/libil2cpp/metadata/Il2CppGenericClassHash.cpp
[ 617/3487  0s] CopyFiles /Users/tuantu/Desktop/dev/AI/mobile/game_df/ios-build/Il2CppOutputProject/IL2CPP/libil2cpp/metadata/GenericMethod.h
[ 618/3487  0s] CopyFiles /Users/tuantu/Desktop/dev/AI/mobile/game_df/ios-build/Il2CppOutputProject/IL2CPP/libil2cpp/metadata/GenericMetadata.h
[ 619/3487  0s] CopyFiles /Users/tuantu/Desktop/dev/AI/mobile/game_df/ios-build/Il2CppOutputProject/IL2CPP/libil2cpp/metadata/GenericSharing.cpp
[ 620/3487  0s] CopyFiles /Users/tuantu/Desktop/dev/AI/mobile/game_df/ios-build/Il2CppOutputProject/IL2CPP/libil2cpp/metadata/FieldLayout.h
[ 621/3487  0s] CopyFiles /Users/tuantu/Desktop/dev/AI/mobile/game_df/ios-build/Il2CppOutputProject/IL2CPP/libil2cpp/metadata/GenericSharing.h
[ 622/3487  0s] CopyFiles /Users/tuantu/Desktop/dev/AI/mobile/game_df/ios-build/Il2CppOutputProject/IL2CPP/libil2cpp/metadata/FieldLayout.cpp
[ 623/3487  0s] CopyFiles /Users/tuantu/Desktop/dev/AI/mobile/game_df/ios-build/Il2CppOutputProject/IL2CPP/libil2cpp/metadata/GenericMethod.cpp
[ 624/3487  0s] CopyFiles /Users/tuantu/Desktop/dev/AI/mobile/game_df/ios-build/Il2CppOutputProject/IL2CPP/libil2cpp/metadata/GenericMetadata.cpp
[ 625/3487  0s] CopyFiles /Users/tuantu/Desktop/dev/AI/mobile/game_df/ios-build/Il2CppOutputProject/IL2CPP/libil2cpp/metadata/CustomAttributeCreator.cpp
[ 626/3487  0s] CopyFiles /Users/tuantu/Desktop/dev/AI/mobile/game_df/ios-build/Il2CppOutputProject/IL2CPP/libil2cpp/metadata/ArrayMetadata.h
[ 627/3487  0s] CopyFiles /Users/tuantu/Desktop/dev/AI/mobile/game_df/ios-build/Il2CppOutputProject/IL2CPP/libil2cpp/metadata/CustomAttributeDataReader.h
[ 628/3487  0s] CopyFiles /Users/tuantu/Desktop/dev/AI/mobile/game_df/ios-build/Il2CppOutputProject/IL2CPP/libil2cpp/metadata/CustomAttributeDataReader.cpp
[ 629/3487  0s] CopyFiles /Users/tuantu/Desktop/dev/AI/mobile/game_df/ios-build/Il2CppOutputProject/IL2CPP/libil2cpp/libil2cpp.mono-net8.icalls
[ 630/3487  0s] CopyFiles /Users/tuantu/Desktop/dev/AI/mobile/game_df/ios-build/Il2CppOutputProject/IL2CPP/libil2cpp/libil2cpp.icalls
[ 631/3487  0s] CopyFiles /Users/tuantu/Desktop/dev/AI/mobile/game_df/ios-build/Il2CppOutputProject/IL2CPP/libil2cpp/metadata/CustomAttributeCreator.h
[ 632/3487  0s] CopyFiles /Users/tuantu/Desktop/dev/AI/mobile/game_df/ios-build/Il2CppOutputProject/IL2CPP/libil2cpp/intrinsics/UnityEngine.CoreModule/Unity/Collections/LowLevel/Unsafe/UnsafeUtility.h
[ 633/3487  0s] CopyFiles /Users/tuantu/Desktop/dev/AI/mobile/game_df/ios-build/Il2CppOutputProject/IL2CPP/libil2cpp/intrinsics/System.Private.CoreLib/System/Type.cpp
[ 634/3487  0s] CopyFiles /Users/tuantu/Desktop/dev/AI/mobile/game_df/ios-build/Il2CppOutputProject/IL2CPP/libil2cpp/intrinsics/UnityEngine.CoreModule/Unity/Collections/NativeArray_1.h
[ 635/3487  0s] CopyFiles /Users/tuantu/Desktop/dev/AI/mobile/game_df/ios-build/Il2CppOutputProject/IL2CPP/libil2cpp/intrinsics/System.Private.CoreLib/System/Threading/Volatile.h
[ 636/3487  0s] CopyFiles /Users/tuantu/Desktop/dev/AI/mobile/game_df/ios-build/Il2CppOutputProject/IL2CPP/libil2cpp/intrinsics/UnityEngine.CoreModule/UnityEngine/Mathf.h
[ 637/3487  0s] CopyFiles /Users/tuantu/Desktop/dev/AI/mobile/game_df/ios-build/Il2CppOutputProject/IL2CPP/libil2cpp/metadata/ArrayMetadata.cpp
[ 638/3487  0s] CopyFiles /Users/tuantu/Desktop/dev/AI/mobile/game_df/ios-build/Il2CppOutputProject/IL2CPP/libil2cpp/intrinsics/System.Private.CoreLib/System/Type.h
[ 639/3487  0s] CopyFiles /Users/tuantu/Desktop/dev/AI/mobile/game_df/ios-build/Il2CppOutputProject/IL2CPP/libil2cpp/intrinsics/System.Private.CoreLib/System/Threading/Thread.h
[ 640/3487  0s] CopyFiles /Users/tuantu/Desktop/dev/AI/mobile/game_df/ios-build/Il2CppOutputProject/IL2CPP/libil2cpp/intrinsics/System.Private.CoreLib/System/Threading/Interlocked.h
[ 641/3487  0s] CopyFiles /Users/tuantu/Desktop/dev/AI/mobile/game_df/ios-build/Il2CppOutputProject/IL2CPP/libil2cpp/intrinsics/System.Private.CoreLib/System/Span_1.h
[ 642/3487  0s] CopyFiles /Users/tuantu/Desktop/dev/AI/mobile/game_df/ios-build/Il2CppOutputProject/IL2CPP/libil2cpp/intrinsics/System.Private.CoreLib/System/Threading/Interlocked.cpp
[ 643/3487  0s] CopyFiles /Users/tuantu/Desktop/dev/AI/mobile/game_df/ios-build/Il2CppOutputProject/IL2CPP/libil2cpp/intrinsics/System.Private.CoreLib/System/Threading/ObjectHeader.cpp
[ 644/3487  0s] CopyFiles /Users/tuantu/Desktop/dev/AI/mobile/game_df/ios-build/Il2CppOutputProject/IL2CPP/libil2cpp/intrinsics/System.Private.CoreLib/System/Threading/ObjectHeader.h
[ 645/3487  0s] CopyFiles /Users/tuantu/Desktop/dev/AI/mobile/game_df/ios-build/Il2CppOutputProject/IL2CPP/libil2cpp/intrinsics/System.Private.CoreLib/System/Threading/Thread.cpp
[ 646/3487  0s] CopyFiles /Users/tuantu/Desktop/dev/AI/mobile/game_df/ios-build/Il2CppOutputProject/IL2CPP/libil2cpp/intrinsics/System.Private.CoreLib/System/Runtime/RuntimeImports.h
[ 647/3487  0s] CopyFiles /Users/tuantu/Desktop/dev/AI/mobile/game_df/ios-build/Il2CppOutputProject/IL2CPP/libil2cpp/intrinsics/System.Private.CoreLib/System/Runtime/Intrinsics/X86/X86Serialize/X64.h
[ 648/3487  0s] CopyFiles /Users/tuantu/Desktop/dev/AI/mobile/game_df/ios-build/Il2CppOutputProject/IL2CPP/libil2cpp/intrinsics/System.Private.CoreLib/System/Runtime/Intrinsics/X86/X86Base/X64.h
[ 649/3487  0s] CopyFiles /Users/tuantu/Desktop/dev/AI/mobile/game_df/ios-build/Il2CppOutputProject/IL2CPP/libil2cpp/intrinsics/System.Private.CoreLib/System/Runtime/Intrinsics/X86/Ssse3/X64.h
[ 650/3487  0s] CopyFiles /Users/tuantu/Desktop/dev/AI/mobile/game_df/ios-build/Il2CppOutputProject/IL2CPP/libil2cpp/intrinsics/System.Private.CoreLib/System/Runtime/Intrinsics/X86/X86Base.h
[ 651/3487  0s] CopyFiles /Users/tuantu/Desktop/dev/AI/mobile/game_df/ios-build/Il2CppOutputProject/IL2CPP/libil2cpp/intrinsics/System.Private.CoreLib/System/Runtime/Intrinsics/X86/X86Serialize.h
[ 652/3487  0s] CopyFiles /Users/tuantu/Desktop/dev/AI/mobile/game_df/ios-build/Il2CppOutputProject/IL2CPP/libil2cpp/intrinsics/System.Private.CoreLib/System/Runtime/Intrinsics/X86/Sse42/X64.h
[ 653/3487  0s] CopyFiles /Users/tuantu/Desktop/dev/AI/mobile/game_df/ios-build/Il2CppOutputProject/IL2CPP/libil2cpp/intrinsics/System.Private.CoreLib/System/Runtime/Intrinsics/X86/Sse42.h
[ 654/3487  0s] CopyFiles /Users/tuantu/Desktop/dev/AI/mobile/game_df/ios-build/Il2CppOutputProject/IL2CPP/libil2cpp/intrinsics/System.Private.CoreLib/System/Runtime/Intrinsics/X86/Sse41/X64.h
[ 655/3487  0s] CopyFiles /Users/tuantu/Desktop/dev/AI/mobile/game_df/ios-build/Il2CppOutputProject/IL2CPP/libil2cpp/intrinsics/System.Private.CoreLib/System/Runtime/Intrinsics/X86/Sse3/X64.h
[ 656/3487  0s] CopyFiles /Users/tuantu/Desktop/dev/AI/mobile/game_df/ios-build/Il2CppOutputProject/IL2CPP/libil2cpp/intrinsics/System.Private.CoreLib/System/Runtime/Intrinsics/X86/Sse/X64.h
[ 657/3487  0s] CopyFiles /Users/tuantu/Desktop/dev/AI/mobile/game_df/ios-build/Il2CppOutputProject/IL2CPP/libil2cpp/intrinsics/System.Private.CoreLib/System/Runtime/Intrinsics/X86/Sse3.h
[ 658/3487  0s] CopyFiles /Users/tuantu/Desktop/dev/AI/mobile/game_df/ios-build/Il2CppOutputProject/IL2CPP/libil2cpp/intrinsics/System.Private.CoreLib/System/Runtime/Intrinsics/X86/Sse2/X64.h
[ 659/3487  0s] CopyFiles /Users/tuantu/Desktop/dev/AI/mobile/game_df/ios-build/Il2CppOutputProject/IL2CPP/libil2cpp/intrinsics/System.Private.CoreLib/System/Runtime/Intrinsics/X86/Popcnt/X64.h
[ 660/3487  0s] CopyFiles /Users/tuantu/Desktop/dev/AI/mobile/game_df/ios-build/Il2CppOutputProject/IL2CPP/libil2cpp/intrinsics/System.Private.CoreLib/System/Runtime/Intrinsics/X86/Popcnt.h
[ 661/3487  0s] CopyFiles /Users/tuantu/Desktop/dev/AI/mobile/game_df/ios-build/Il2CppOutputProject/IL2CPP/libil2cpp/intrinsics/System.Private.CoreLib/System/Runtime/Intrinsics/X86/Pclmulqdq/X64.h
[ 662/3487  0s] CopyFiles /Users/tuantu/Desktop/dev/AI/mobile/game_df/ios-build/Il2CppOutputProject/IL2CPP/libil2cpp/intrinsics/System.Private.CoreLib/System/Runtime/Intrinsics/X86/Sse.h
[ 663/3487  0s] CopyFiles /Users/tuantu/Desktop/dev/AI/mobile/game_df/ios-build/Il2CppOutputProject/IL2CPP/libil2cpp/intrinsics/System.Private.CoreLib/System/Runtime/Intrinsics/X86/Lzcnt/X64.h
[ 664/3487  0s] CopyFiles /Users/tuantu/Desktop/dev/AI/mobile/game_df/ios-build/Il2CppOutputProject/IL2CPP/libil2cpp/intrinsics/System.Private.CoreLib/System/Runtime/Intrinsics/X86/Fma/X64.h
[ 665/3487  0s] CopyFiles /Users/tuantu/Desktop/dev/AI/mobile/game_df/ios-build/Il2CppOutputProject/IL2CPP/libil2cpp/intrinsics/System.Private.CoreLib/System/Runtime/Intrinsics/X86/Lzcnt.h
[ 666/3487  0s] CopyFiles /Users/tuantu/Desktop/dev/AI/mobile/game_df/ios-build/Il2CppOutputProject/IL2CPP/libil2cpp/intrinsics/System.Private.CoreLib/System/Runtime/Intrinsics/X86/Pclmulqdq.h
[ 667/3487  0s] CopyFiles /Users/tuantu/Desktop/dev/AI/mobile/game_df/ios-build/Il2CppOutputProject/IL2CPP/libil2cpp/intrinsics/System.Private.CoreLib/System/Runtime/Intrinsics/X86/Bmi1/X64.h
[ 668/3487  0s] CopyFiles /Users/tuantu/Desktop/dev/AI/mobile/game_df/ios-build/Il2CppOutputProject/IL2CPP/libil2cpp/intrinsics/System.Private.CoreLib/System/Runtime/Intrinsics/X86/Bmi2.h
[ 669/3487  0s] CopyFiles /Users/tuantu/Desktop/dev/AI/mobile/game_df/ios-build/Il2CppOutputProject/IL2CPP/libil2cpp/intrinsics/System.Private.CoreLib/System/Runtime/Intrinsics/X86/Bmi2/X64.h
[ 670/3487  0s] CopyFiles /Users/tuantu/Desktop/dev/AI/mobile/game_df/ios-build/Il2CppOutputProject/IL2CPP/libil2cpp/intrinsics/System.Private.CoreLib/System/Runtime/Intrinsics/X86/Bmi1.h
[ 671/3487  0s] CopyFiles /Users/tuantu/Desktop/dev/AI/mobile/game_df/ios-build/Il2CppOutputProject/IL2CPP/libil2cpp/intrinsics/System.Private.CoreLib/System/Runtime/Intrinsics/X86/Fma.h
[ 672/3487  0s] CopyFiles /Users/tuantu/Desktop/dev/AI/mobile/game_df/ios-build/Il2CppOutputProject/IL2CPP/libil2cpp/intrinsics/System.Private.CoreLib/System/Runtime/Intrinsics/X86/Ssse3.h
[ 673/3487  0s] CopyFiles /Users/tuantu/Desktop/dev/AI/mobile/game_df/ios-build/Il2CppOutputProject/IL2CPP/libil2cpp/intrinsics/System.Private.CoreLib/System/Runtime/Intrinsics/X86/Avx512Vbmi/VL.h
[ 674/3487  0s] CopyFiles /Users/tuantu/Desktop/dev/AI/mobile/game_df/ios-build/Il2CppOutputProject/IL2CPP/libil2cpp/intrinsics/System.Private.CoreLib/System/Runtime/Intrinsics/X86/Avx512Vbmi/X64.h
[ 675/3487  0s] CopyFiles /Users/tuantu/Desktop/dev/AI/mobile/game_df/ios-build/Il2CppOutputProject/IL2CPP/libil2cpp/intrinsics/System.Private.CoreLib/System/Runtime/Intrinsics/X86/Avx512F/X64.h
[ 676/3487  0s] CopyFiles /Users/tuantu/Desktop/dev/AI/mobile/game_df/ios-build/Il2CppOutputProject/IL2CPP/libil2cpp/intrinsics/System.Private.CoreLib/System/Runtime/Intrinsics/X86/Avx512Vbmi.h
[ 677/3487  0s] CopyFiles /Users/tuantu/Desktop/dev/AI/mobile/game_df/ios-build/Il2CppOutputProject/IL2CPP/libil2cpp/intrinsics/System.Private.CoreLib/System/Runtime/Intrinsics/X86/AvxVnni/X64.h
[ 678/3487  0s] CopyFiles /Users/tuantu/Desktop/dev/AI/mobile/game_df/ios-build/Il2CppOutputProject/IL2CPP/libil2cpp/intrinsics/System.Private.CoreLib/System/Runtime/Intrinsics/X86/AvxVnni.h
[ 679/3487  0s] CopyFiles /Users/tuantu/Desktop/dev/AI/mobile/game_df/ios-build/Il2CppOutputProject/IL2CPP/libil2cpp/intrinsics/System.Private.CoreLib/System/Runtime/Intrinsics/X86/Avx512F/VL.h
[ 680/3487  0s] CopyFiles /Users/tuantu/Desktop/dev/AI/mobile/game_df/ios-build/Il2CppOutputProject/IL2CPP/libil2cpp/intrinsics/System.Private.CoreLib/System/Runtime/Intrinsics/X86/Avx512DQ/VL.h
[ 681/3487  0s] CopyFiles /Users/tuantu/Desktop/dev/AI/mobile/game_df/ios-build/Il2CppOutputProject/IL2CPP/libil2cpp/intrinsics/System.Private.CoreLib/System/Runtime/Intrinsics/X86/Avx512F.h
[ 682/3487  0s] CopyFiles /Users/tuantu/Desktop/dev/AI/mobile/game_df/ios-build/Il2CppOutputProject/IL2CPP/libil2cpp/intrinsics/System.Private.CoreLib/System/Runtime/Intrinsics/X86/Avx512CD/X64.h
[ 683/3487  0s] CopyFiles /Users/tuantu/Desktop/dev/AI/mobile/game_df/ios-build/Il2CppOutputProject/IL2CPP/libil2cpp/intrinsics/System.Private.CoreLib/System/Runtime/Intrinsics/X86/Avx512CD/VL.h
[ 684/3487  0s] CopyFiles /Users/tuantu/Desktop/dev/AI/mobile/game_df/ios-build/Il2CppOutputProject/IL2CPP/libil2cpp/intrinsics/System.Private.CoreLib/System/Runtime/Intrinsics/X86/Avx512DQ/X64.h
[ 685/3487  0s] CopyFiles /Users/tuantu/Desktop/dev/AI/mobile/game_df/ios-build/Il2CppOutputProject/IL2CPP/libil2cpp/intrinsics/System.Private.CoreLib/System/Runtime/Intrinsics/X86/Avx512DQ.h
[ 686/3487  0s] CopyFiles /Users/tuantu/Desktop/dev/AI/mobile/game_df/ios-build/Il2CppOutputProject/IL2CPP/libil2cpp/intrinsics/System.Private.CoreLib/System/Runtime/Intrinsics/X86/Sse41.h
[ 687/3487  0s] CopyFiles /Users/tuantu/Desktop/dev/AI/mobile/game_df/ios-build/Il2CppOutputProject/IL2CPP/libil2cpp/intrinsics/System.Private.CoreLib/System/Runtime/Intrinsics/X86/Avx512BW/X64.h
[ 688/3487  0s] CopyFiles /Users/tuantu/Desktop/dev/AI/mobile/game_df/ios-build/Il2CppOutputProject/IL2CPP/libil2cpp/intrinsics/System.Private.CoreLib/System/Runtime/Intrinsics/X86/Avx512CD.h
[ 689/3487  0s] CopyFiles /Users/tuantu/Desktop/dev/AI/mobile/game_df/ios-build/Il2CppOutputProject/IL2CPP/libil2cpp/intrinsics/System.Private.CoreLib/System/Runtime/Intrinsics/X86/Avx512BW/VL.h
[ 690/3487  0s] CopyFiles /Users/tuantu/Desktop/dev/AI/mobile/game_df/ios-build/Il2CppOutputProject/IL2CPP/libil2cpp/intrinsics/System.Private.CoreLib/System/Runtime/Intrinsics/X86/Avx512BW.h
[ 691/3487  0s] CopyFiles /Users/tuantu/Desktop/dev/AI/mobile/game_df/ios-build/Il2CppOutputProject/IL2CPP/libil2cpp/intrinsics/System.Private.CoreLib/System/Runtime/Intrinsics/X86/Avx2/X64.h
[ 692/3487  0s] CopyFiles /Users/tuantu/Desktop/dev/AI/mobile/game_df/ios-build/Il2CppOutputProject/IL2CPP/libil2cpp/intrinsics/System.Private.CoreLib/System/Runtime/Intrinsics/X86/Avx/X64.h
[ 693/3487  0s] CopyFiles /Users/tuantu/Desktop/dev/AI/mobile/game_df/ios-build/Il2CppOutputProject/IL2CPP/libil2cpp/intrinsics/System.Private.CoreLib/System/Runtime/Intrinsics/X86/Aes/X64.h
[ 694/3487  0s] CopyFiles /Users/tuantu/Desktop/dev/AI/mobile/game_df/ios-build/Il2CppOutputProject/IL2CPP/libil2cpp/intrinsics/System.Private.CoreLib/System/Runtime/Intrinsics/Wasm/WasmBase.h
[ 695/3487  0s] CopyFiles /Users/tuantu/Desktop/dev/AI/mobile/game_df/ios-build/Il2CppOutputProject/IL2CPP/libil2cpp/intrinsics/System.Private.CoreLib/System/Runtime/Intrinsics/Wasm/PackedSimd.h
[ 696/3487  0s] CopyFiles /Users/tuantu/Desktop/dev/AI/mobile/game_df/ios-build/Il2CppOutputProject/IL2CPP/libil2cpp/intrinsics/System.Private.CoreLib/System/Runtime/Intrinsics/Vector512_1.h
[ 697/3487  0s] CopyFiles /Users/tuantu/Desktop/dev/AI/mobile/game_df/ios-build/Il2CppOutputProject/IL2CPP/libil2cpp/intrinsics/System.Private.CoreLib/System/Runtime/Intrinsics/Vector64.h
[ 698/3487  0s] CopyFiles /Users/tuantu/Desktop/dev/AI/mobile/game_df/ios-build/Il2CppOutputProject/IL2CPP/libil2cpp/intrinsics/System.Private.CoreLib/System/Runtime/Intrinsics/X86/Aes.h
[ 699/3487  0s] CopyFiles /Users/tuantu/Desktop/dev/AI/mobile/game_df/ios-build/Il2CppOutputProject/IL2CPP/libil2cpp/intrinsics/System.Private.CoreLib/System/Runtime/Intrinsics/Vector64_1.h
[ 700/3487  0s] CopyFiles /Users/tuantu/Desktop/dev/AI/mobile/game_df/ios-build/Il2CppOutputProject/IL2CPP/libil2cpp/intrinsics/System.Private.CoreLib/System/Runtime/Intrinsics/Vector512.h
[ 701/3487  0s] CopyFiles /Users/tuantu/Desktop/dev/AI/mobile/game_df/ios-build/Il2CppOutputProject/IL2CPP/libil2cpp/intrinsics/System.Private.CoreLib/System/Runtime/Intrinsics/Vector256_1.h
[ 702/3487  0s] CopyFiles /Users/tuantu/Desktop/dev/AI/mobile/game_df/ios-build/Il2CppOutputProject/IL2CPP/libil2cpp/intrinsics/System.Private.CoreLib/System/Runtime/Intrinsics/Vector256.h
[ 703/3487  0s] CopyFiles /Users/tuantu/Desktop/dev/AI/mobile/game_df/ios-build/Il2CppOutputProject/IL2CPP/libil2cpp/intrinsics/System.Private.CoreLib/System/Runtime/Intrinsics/Arm/Sha256/Arm64.h
[ 704/3487  0s] CopyFiles /Users/tuantu/Desktop/dev/AI/mobile/game_df/ios-build/Il2CppOutputProject/IL2CPP/libil2cpp/intrinsics/System.Private.CoreLib/System/Runtime/Intrinsics/Vector128_1.h
[ 705/3487  0s] CopyFiles /Users/tuantu/Desktop/dev/AI/mobile/game_df/ios-build/Il2CppOutputProject/IL2CPP/libil2cpp/intrinsics/System.Private.CoreLib/System/Runtime/Intrinsics/Arm/Sha1/Arm64.h
[ 706/3487  0s] CopyFiles /Users/tuantu/Desktop/dev/AI/mobile/game_df/ios-build/Il2CppOutputProject/IL2CPP/libil2cpp/intrinsics/System.Private.CoreLib/System/Runtime/Intrinsics/Arm/Rdm/Arm64.h
[ 707/3487  0s] CopyFiles /Users/tuantu/Desktop/dev/AI/mobile/game_df/ios-build/Il2CppOutputProject/IL2CPP/libil2cpp/intrinsics/System.Private.CoreLib/System/Runtime/Intrinsics/Arm/Sha256.h
[ 708/3487  0s] CopyFiles /Users/tuantu/Desktop/dev/AI/mobile/game_df/ios-build/Il2CppOutputProject/IL2CPP/libil2cpp/intrinsics/System.Private.CoreLib/System/Runtime/Intrinsics/Vector128.h
[ 709/3487  0s] CopyFiles /Users/tuantu/Desktop/dev/AI/mobile/game_df/ios-build/Il2CppOutputProject/IL2CPP/libil2cpp/intrinsics/System.Private.CoreLib/System/Runtime/Intrinsics/Arm/Sha1.h
[ 710/3487  0s] CopyFiles /Users/tuantu/Desktop/dev/AI/mobile/game_df/ios-build/Il2CppOutputProject/IL2CPP/libil2cpp/intrinsics/System.Private.CoreLib/System/Runtime/Intrinsics/Arm/Dp.h
[ 711/3487  0s] CopyFiles /Users/tuantu/Desktop/dev/AI/mobile/game_df/ios-build/Il2CppOutputProject/IL2CPP/libil2cpp/intrinsics/System.Private.CoreLib/System/Runtime/Intrinsics/Arm/Dp/Arm64.h
[ 712/3487  0s] CopyFiles /Users/tuantu/Desktop/dev/AI/mobile/game_df/ios-build/Il2CppOutputProject/IL2CPP/libil2cpp/intrinsics/System.Private.CoreLib/System/Runtime/Intrinsics/Arm/Rdm.h
[ 713/3487  0s] CopyFiles /Users/tuantu/Desktop/dev/AI/mobile/game_df/ios-build/Il2CppOutputProject/IL2CPP/libil2cpp/intrinsics/System.Private.CoreLib/System/Runtime/Intrinsics/Arm/Crc32/Arm64.h
[ 714/3487  0s] CopyFiles /Users/tuantu/Desktop/dev/AI/mobile/game_df/ios-build/Il2CppOutputProject/IL2CPP/libil2cpp/intrinsics/System.Private.CoreLib/System/Runtime/Intrinsics/Arm/ArmBase/Arm64.h
[ 715/3487  0s] CopyFiles /Users/tuantu/Desktop/dev/AI/mobile/game_df/ios-build/Il2CppOutputProject/IL2CPP/libil2cpp/intrinsics/System.Private.CoreLib/System/Runtime/Intrinsics/Arm/Crc32.h
[ 716/3487  0s] CopyFiles /Users/tuantu/Desktop/dev/AI/mobile/game_df/ios-build/Il2CppOutputProject/IL2CPP/libil2cpp/intrinsics/System.Private.CoreLib/System/Runtime/Intrinsics/Arm/ArmBase.h
[ 717/3487  0s] CopyFiles /Users/tuantu/Desktop/dev/AI/mobile/game_df/ios-build/Il2CppOutputProject/IL2CPP/libil2cpp/intrinsics/System.Private.CoreLib/System/Runtime/Intrinsics/Arm/Aes/Arm64.h
[ 718/3487  0s] CopyFiles /Users/tuantu/Desktop/dev/AI/mobile/game_df/ios-build/Il2CppOutputProject/IL2CPP/libil2cpp/intrinsics/System.Private.CoreLib/System/Runtime/Intrinsics/X86/Sse2.h
[ 719/3487  0s] CopyFiles /Users/tuantu/Desktop/dev/AI/mobile/game_df/ios-build/Il2CppOutputProject/IL2CPP/libil2cpp/intrinsics/System.Private.CoreLib/System/Runtime/Intrinsics/Arm/Aes.h
[ 720/3487  0s] CopyFiles /Users/tuantu/Desktop/dev/AI/mobile/game_df/ios-build/Il2CppOutputProject/IL2CPP/libil2cpp/intrinsics/System.Private.CoreLib/System/Runtime/InteropServices/Marshal.cpp
[ 721/3487  0s] CopyFiles /Users/tuantu/Desktop/dev/AI/mobile/game_df/ios-build/Il2CppOutputProject/IL2CPP/libil2cpp/intrinsics/System.Private.CoreLib/System/Runtime/CompilerServices/Unsafe.h
[ 722/3487  0s] CopyFiles /Users/tuantu/Desktop/dev/AI/mobile/game_df/ios-build/Il2CppOutputProject/IL2CPP/libil2cpp/intrinsics/System.Private.CoreLib/System/Runtime/InteropServices/Marshal.h
[ 723/3487  0s] CopyFiles /Users/tuantu/Desktop/dev/AI/mobile/game_df/ios-build/Il2CppOutputProject/IL2CPP/libil2cpp/intrinsics/System.Private.CoreLib/System/Runtime/CompilerServices/RuntimeHelpers_icalls.h
[ 724/3487  0s] CopyFiles /Users/tuantu/Desktop/dev/AI/mobile/game_df/ios-build/Il2CppOutputProject/IL2CPP/libil2cpp/intrinsics/System.Private.CoreLib/System/Runtime/CompilerServices/RuntimeHelpers_icalls.cpp
[ 725/3487  0s] CopyFiles /Users/tuantu/Desktop/dev/AI/mobile/game_df/ios-build/Il2CppOutputProject/IL2CPP/libil2cpp/intrinsics/System.Private.CoreLib/System/Runtime/CompilerServices/RuntimeFeature.h
[ 726/3487  0s] CopyFiles /Users/tuantu/Desktop/dev/AI/mobile/game_df/ios-build/Il2CppOutputProject/IL2CPP/libil2cpp/intrinsics/System.Private.CoreLib/System/Runtime/CompilerServices/RuntimeHelpers.h
[ 727/3487  0s] CopyFiles /Users/tuantu/Desktop/dev/AI/mobile/game_df/ios-build/Il2CppOutputProject/IL2CPP/libil2cpp/intrinsics/System.Private.CoreLib/System/Runtime/CompilerServices/JitHelpersVariations.h
[ 728/3487  0s] CopyFiles /Users/tuantu/Desktop/dev/AI/mobile/game_df/ios-build/Il2CppOutputProject/IL2CPP/libil2cpp/intrinsics/System.Private.CoreLib/System/Reflection/MethodBase.h
[ 729/3487  0s] CopyFiles /Users/tuantu/Desktop/dev/AI/mobile/game_df/ios-build/Il2CppOutputProject/IL2CPP/libil2cpp/intrinsics/System.Private.CoreLib/System/Reflection/Assembly.h
[ 730/3487  0s] CopyFiles /Users/tuantu/Desktop/dev/AI/mobile/game_df/ios-build/Il2CppOutputProject/IL2CPP/libil2cpp/intrinsics/System.Private.CoreLib/System/Runtime/CompilerServices/JitHelpers.h
[ 731/3487  0s] CopyFiles /Users/tuantu/Desktop/dev/AI/mobile/game_df/ios-build/Il2CppOutputProject/IL2CPP/libil2cpp/intrinsics/System.Private.CoreLib/System/Reflection/Assembly.cpp
[ 732/3487  0s] CopyFiles /Users/tuantu/Desktop/dev/AI/mobile/game_df/ios-build/Il2CppOutputProject/IL2CPP/libil2cpp/intrinsics/System.Private.CoreLib/System/Object.cpp
[ 733/3487  0s] CopyFiles /Users/tuantu/Desktop/dev/AI/mobile/game_df/ios-build/Il2CppOutputProject/IL2CPP/libil2cpp/intrinsics/System.Private.CoreLib/System/Object.h
[ 734/3487  0s] CopyFiles /Users/tuantu/Desktop/dev/AI/mobile/game_df/ios-build/Il2CppOutputProject/IL2CPP/libil2cpp/intrinsics/System.Private.CoreLib/System/ReadOnlySpan_1.h
[ 735/3487  0s] CopyFiles /Users/tuantu/Desktop/dev/AI/mobile/game_df/ios-build/Il2CppOutputProject/IL2CPP/libil2cpp/intrinsics/System.Private.CoreLib/System/Numerics/Vector.h
[ 736/3487  0s] CopyFiles /Users/tuantu/Desktop/dev/AI/mobile/game_df/ios-build/Il2CppOutputProject/IL2CPP/libil2cpp/intrinsics/System.Private.CoreLib/System/Diagnostics/Debugger.h
[ 737/3487  0s] CopyFiles /Users/tuantu/Desktop/dev/AI/mobile/game_df/ios-build/Il2CppOutputProject/IL2CPP/libil2cpp/intrinsics/System.Private.CoreLib/System/Diagnostics/Tracing/EventSource.h
[ 738/3487  0s] CopyFiles /Users/tuantu/Desktop/dev/AI/mobile/game_df/ios-build/Il2CppOutputProject/IL2CPP/libil2cpp/intrinsics/System.Private.CoreLib/System/ArrayVariations.h
[ 739/3487  0s] CopyFiles /Users/tuantu/Desktop/dev/AI/mobile/game_df/ios-build/Il2CppOutputProject/IL2CPP/libil2cpp/intrinsics/System.Private.CoreLib/System/Array.h
[ 740/3487  0s] CopyFiles /Users/tuantu/Desktop/dev/AI/mobile/game_df/ios-build/Il2CppOutputProject/IL2CPP/libil2cpp/intrinsics/System.Private.CoreLib/System/MathF.h
[ 741/3487  0s] CopyFiles /Users/tuantu/Desktop/dev/AI/mobile/game_df/ios-build/Il2CppOutputProject/IL2CPP/libil2cpp/intrinsics/System.Private.CoreLib/System/Runtime/Intrinsics/X86/Avx.h
[ 742/3487  0s] CopyFiles /Users/tuantu/Desktop/dev/AI/mobile/game_df/ios-build/Il2CppOutputProject/IL2CPP/libil2cpp/intrinsics/System.Private.CoreLib/Interop/Sys.h
[ 743/3487  0s] CopyFiles /Users/tuantu/Desktop/dev/AI/mobile/game_df/ios-build/Il2CppOutputProject/IL2CPP/libil2cpp/intrinsics/System.Private.CoreLib/Interop/Sys.cpp
[ 744/3487  0s] CopyFiles /Users/tuantu/Desktop/dev/AI/mobile/game_df/ios-build/Il2CppOutputProject/IL2CPP/libil2cpp/intrinsics/System.Private.CoreLib/System/Math.h
[ 745/3487  0s] CopyFiles /Users/tuantu/Desktop/dev/AI/mobile/game_df/ios-build/Il2CppOutputProject/IL2CPP/libil2cpp/intrinsics/System.Private.CoreLib/Interop/Kernel32.h
[ 746/3487  0s] CopyFiles /Users/tuantu/Desktop/dev/AI/mobile/game_df/ios-build/Il2CppOutputProject/IL2CPP/libil2cpp/intrinsics/System.Private.CoreLib/Interop/Kernel32.cpp
[ 747/3487  0s] CopyFiles /Users/tuantu/Desktop/dev/AI/mobile/game_df/ios-build/Il2CppOutputProject/IL2CPP/libil2cpp/intrinsics/IntrinsicsUtility.h
[ 748/3487  0s] CopyFiles /Users/tuantu/Desktop/dev/AI/mobile/game_df/ios-build/Il2CppOutputProject/IL2CPP/libil2cpp/il2cpp-tokentype.h
[ 749/3487  0s] CopyFiles /Users/tuantu/Desktop/dev/AI/mobile/game_df/ios-build/Il2CppOutputProject/IL2CPP/libil2cpp/il2cpp-windowsruntime-types.h
[ 750/3487  0s] CopyFiles /Users/tuantu/Desktop/dev/AI/mobile/game_df/ios-build/Il2CppOutputProject/IL2CPP/libil2cpp/il2cpp-tabledefs.h
[ 751/3487  0s] CopyFiles /Users/tuantu/Desktop/dev/AI/mobile/game_df/ios-build/Il2CppOutputProject/IL2CPP/libil2cpp/il2cpp-string-types.h
[ 752/3487  0s] CopyFiles /Users/tuantu/Desktop/dev/AI/mobile/game_df/ios-build/Il2CppOutputProject/IL2CPP/libil2cpp/il2cpp-sanitizers.h
[ 753/3487  0s] CopyFiles /Users/tuantu/Desktop/dev/AI/mobile/game_df/ios-build/Il2CppOutputProject/IL2CPP/libil2cpp/il2cpp-runtime-stats.cpp
[ 754/3487  0s] CopyFiles /Users/tuantu/Desktop/dev/AI/mobile/game_df/ios-build/Il2CppOutputProject/IL2CPP/libil2cpp/il2cpp-pinvoke-support.h
[ 755/3487  0s] CopyFiles /Users/tuantu/Desktop/dev/AI/mobile/game_df/ios-build/Il2CppOutputProject/IL2CPP/libil2cpp/il2cpp-runtime-stats.h
[ 756/3487  0s] CopyFiles /Users/tuantu/Desktop/dev/AI/mobile/game_df/ios-build/Il2CppOutputProject/IL2CPP/libil2cpp/il2cpp-runtime-metadata.h
[ 757/3487  0s] CopyFiles /Users/tuantu/Desktop/dev/AI/mobile/game_df/ios-build/Il2CppOutputProject/IL2CPP/libil2cpp/intrinsics/System.Private.CoreLib/System/Runtime/Intrinsics/X86/Avx2.h
[ 758/3487  0s] CopyFiles /Users/tuantu/Desktop/dev/AI/mobile/game_df/ios-build/Il2CppOutputProject/IL2CPP/libil2cpp/il2cpp-mono-api.h
[ 759/3487  0s] CopyFiles /Users/tuantu/Desktop/dev/AI/mobile/game_df/ios-build/Il2CppOutputProject/IL2CPP/libil2cpp/intrinsics/System.Private.CoreLib/System/Runtime/Intrinsics/Arm/AdvSimd/Arm64.h
[ 760/3487  0s] CopyFiles /Users/tuantu/Desktop/dev/AI/mobile/game_df/ios-build/Il2CppOutputProject/IL2CPP/libil2cpp/il2cpp-metadata.h
[ 761/3487  0s] CopyFiles /Users/tuantu/Desktop/dev/AI/mobile/game_df/ios-build/Il2CppOutputProject/IL2CPP/libil2cpp/il2cpp-mono-api-functions.h
[ 762/3487  0s] CopyFiles /Users/tuantu/Desktop/dev/AI/mobile/game_df/ios-build/Il2CppOutputProject/IL2CPP/libil2cpp/il2cpp-object-internals.h
[ 763/3487  0s] CopyFiles /Users/tuantu/Desktop/dev/AI/mobile/game_df/ios-build/Il2CppOutputProject/IL2CPP/libil2cpp/il2cpp-intrinsics-config.h
[ 764/3487  0s] CopyFiles /Users/tuantu/Desktop/dev/AI/mobile/game_df/ios-build/Il2CppOutputProject/IL2CPP/libil2cpp/intrinsics/System.Private.CoreLib/System/Runtime/Intrinsics/Arm/AdvSimd.h
[ 765/3487  0s] CopyFiles /Users/tuantu/Desktop/dev/AI/mobile/game_df/ios-build/Il2CppOutputProject/IL2CPP/libil2cpp/il2cpp-number-formatter.h
[ 766/3487  0s] CopyFiles /Users/tuantu/Desktop/dev/AI/mobile/game_df/ios-build/Il2CppOutputProject/IL2CPP/libil2cpp/il2cpp-config-api.h
[ 767/3487  0s] CopyFiles /Users/tuantu/Desktop/dev/AI/mobile/game_df/ios-build/Il2CppOutputProject/IL2CPP/libil2cpp/il2cpp-config.h
[ 768/3487  0s] CopyFiles /Users/tuantu/Desktop/dev/AI/mobile/game_df/ios-build/Il2CppOutputProject/IL2CPP/libil2cpp/il2cpp-mono-api.cpp
[ 769/3487  0s] CopyFiles /Users/tuantu/Desktop/dev/AI/mobile/game_df/ios-build/Il2CppOutputProject/IL2CPP/libil2cpp/il2cpp-benchmark-support.h
[ 770/3487  0s] CopyFiles /Users/tuantu/Desktop/dev/AI/mobile/game_df/ios-build/Il2CppOutputProject/IL2CPP/libil2cpp/il2cpp-class-internals.h
[ 771/3487  0s] CopyFiles /Users/tuantu/Desktop/dev/AI/mobile/game_df/ios-build/Il2CppOutputProject/IL2CPP/libil2cpp/il2cpp-blob.h
[ 772/3487  0s] CopyFiles /Users/tuantu/Desktop/dev/AI/mobile/game_df/ios-build/Il2CppOutputProject/IL2CPP/libil2cpp/il2cpp-benchmark-support.cpp
[ 773/3487  0s] CopyFiles /Users/tuantu/Desktop/dev/AI/mobile/game_df/ios-build/Il2CppOutputProject/IL2CPP/libil2cpp/il2cpp-normalization-tables.h
[ 774/3487  0s] CopyFiles /Users/tuantu/Desktop/dev/AI/mobile/game_df/ios-build/Il2CppOutputProject/IL2CPP/libil2cpp/il2cpp-api.h
[ 775/3487  0s] CopyFiles /Users/tuantu/Desktop/dev/AI/mobile/game_df/ios-build/Il2CppOutputProject/IL2CPP/libil2cpp/il2cpp-api-functions.h
[ 776/3487  0s] CopyFiles /Users/tuantu/Desktop/dev/AI/mobile/game_df/ios-build/Il2CppOutputProject/IL2CPP/libil2cpp/il2cpp-api-types.h
[ 777/3487  0s] CopyFiles /Users/tuantu/Desktop/dev/AI/mobile/game_df/ios-build/Il2CppOutputProject/IL2CPP/libil2cpp/il2cpp-api.cpp
[ 778/3487  0s] CopyFiles /Users/tuantu/Desktop/dev/AI/mobile/game_df/ios-build/Il2CppOutputProject/IL2CPP/libil2cpp/icalls_monoaot/System.Private.CoreLib/System/TypedReference.h
[ 779/3487  0s] CopyFiles /Users/tuantu/Desktop/dev/AI/mobile/game_df/ios-build/Il2CppOutputProject/IL2CPP/libil2cpp/icalls_monoaot/System.Private.CoreLib/System/ValueType.h
[ 780/3487  0s] CopyFiles /Users/tuantu/Desktop/dev/AI/mobile/game_df/ios-build/Il2CppOutputProject/IL2CPP/libil2cpp/icalls_monoaot/System.Private.CoreLib/System/String.h
[ 781/3487  0s] CopyFiles /Users/tuantu/Desktop/dev/AI/mobile/game_df/ios-build/Il2CppOutputProject/IL2CPP/libil2cpp/icalls_monoaot/System.Private.CoreLib/System/Type.h
[ 782/3487  0s] CopyFiles /Users/tuantu/Desktop/dev/AI/mobile/game_df/ios-build/Il2CppOutputProject/IL2CPP/libil2cpp/icalls_monoaot/System.Private.CoreLib/System/ValueType.cpp
[ 783/3487  0s] CopyFiles /Users/tuantu/Desktop/dev/AI/mobile/game_df/ios-build/Il2CppOutputProject/IL2CPP/libil2cpp/icalls_monoaot/System.Private.CoreLib/System/TypedReference.cpp
[ 784/3487  0s] CopyFiles /Users/tuantu/Desktop/dev/AI/mobile/game_df/ios-build/Il2CppOutputProject/IL2CPP/libil2cpp/icalls_monoaot/System.Private.CoreLib/System/Type.cpp
[ 785/3487  0s] CopyFiles /Users/tuantu/Desktop/dev/AI/mobile/game_df/ios-build/Il2CppOutputProject/IL2CPP/libil2cpp/icalls_monoaot/System.Private.CoreLib/System/RuntimeTypeHandle.h
[ 786/3487  0s] CopyFiles /Users/tuantu/Desktop/dev/AI/mobile/game_df/ios-build/Il2CppOutputProject/IL2CPP/libil2cpp/icalls_monoaot/System.Private.CoreLib/System/String.cpp
[ 787/3487  0s] CopyFiles /Users/tuantu/Desktop/dev/AI/mobile/game_df/ios-build/Il2CppOutputProject/IL2CPP/libil2cpp/icalls_monoaot/System.Private.CoreLib/System/RuntimeMethodHandle.cpp
[ 788/3487  0s] CopyFiles /Users/tuantu/Desktop/dev/AI/mobile/game_df/ios-build/Il2CppOutputProject/IL2CPP/libil2cpp/icalls_monoaot/System.Private.CoreLib/System/RuntimeFieldHandle.h
[ 789/3487  0s] CopyFiles /Users/tuantu/Desktop/dev/AI/mobile/game_df/ios-build/Il2CppOutputProject/IL2CPP/libil2cpp/icalls_monoaot/System.Private.CoreLib/System/RuntimeMethodHandle.h
[ 790/3487  0s] CopyFiles /Users/tuantu/Desktop/dev/AI/mobile/game_df/ios-build/Il2CppOutputProject/IL2CPP/libil2cpp/icalls_monoaot/System.Private.CoreLib/System/RuntimeType.h
[ 791/3487  0s] CopyFiles /Users/tuantu/Desktop/dev/AI/mobile/game_df/ios-build/Il2CppOutputProject/IL2CPP/libil2cpp/icalls_monoaot/System.Private.CoreLib/System/RuntimeTypeHandle.cpp
[ 792/3487  0s] CopyFiles /Users/tuantu/Desktop/dev/AI/mobile/game_df/ios-build/Il2CppOutputProject/IL2CPP/libil2cpp/icalls_monoaot/System.Private.CoreLib/System/RuntimeType.cpp
[ 793/3487  0s] CopyFiles /Users/tuantu/Desktop/dev/AI/mobile/game_df/ios-build/Il2CppOutputProject/IL2CPP/libil2cpp/icalls_monoaot/System.Private.CoreLib/System/RuntimeFieldHandle.cpp
[ 794/3487  0s] CopyFiles /Users/tuantu/Desktop/dev/AI/mobile/game_df/ios-build/Il2CppOutputProject/IL2CPP/libil2cpp/icalls_monoaot/System.Private.CoreLib/System/Object.h
[ 795/3487  0s] CopyFiles /Users/tuantu/Desktop/dev/AI/mobile/game_df/ios-build/Il2CppOutputProject/IL2CPP/libil2cpp/icalls_monoaot/System.Private.CoreLib/System/Object.cpp
[ 796/3487  0s] CopyFiles /Users/tuantu/Desktop/dev/AI/mobile/game_df/ios-build/Il2CppOutputProject/IL2CPP/libil2cpp/icalls_monoaot/System.Private.CoreLib/System/Math.h
[ 797/3487  0s] CopyFiles /Users/tuantu/Desktop/dev/AI/mobile/game_df/ios-build/Il2CppOutputProject/IL2CPP/libil2cpp/icalls_monoaot/System.Private.CoreLib/System/MathF.cpp
[ 798/3487  0s] CopyFiles /Users/tuantu/Desktop/dev/AI/mobile/game_df/ios-build/Il2CppOutputProject/IL2CPP/libil2cpp/icalls_monoaot/System.Private.CoreLib/System/Enum.h
[ 799/3487  0s] CopyFiles /Users/tuantu/Desktop/dev/AI/mobile/game_df/ios-build/Il2CppOutputProject/IL2CPP/libil2cpp/icalls_monoaot/System.Private.CoreLib/System/Environment.cpp
[ 800/3487  0s] CopyFiles /Users/tuantu/Desktop/dev/AI/mobile/game_df/ios-build/Il2CppOutputProject/IL2CPP/libil2cpp/icalls_monoaot/System.Private.CoreLib/System/MathF.h
[ 801/3487  0s] CopyFiles /Users/tuantu/Desktop/dev/AI/mobile/game_df/ios-build/Il2CppOutputProject/IL2CPP/libil2cpp/icalls_monoaot/System.Private.CoreLib/System/GC.cpp
[ 802/3487  0s] CopyFiles /Users/tuantu/Desktop/dev/AI/mobile/game_df/ios-build/Il2CppOutputProject/IL2CPP/libil2cpp/icalls_monoaot/System.Private.CoreLib/System/GC.h
[ 803/3487  0s] CopyFiles /Users/tuantu/Desktop/dev/AI/mobile/game_df/ios-build/Il2CppOutputProject/IL2CPP/libil2cpp/icalls_monoaot/System.Private.CoreLib/System/Environment.h
[ 804/3487  0s] CopyFiles /Users/tuantu/Desktop/dev/AI/mobile/game_df/ios-build/Il2CppOutputProject/IL2CPP/libil2cpp/icalls_monoaot/System.Private.CoreLib/System/Math.cpp
[ 805/3487  0s] CopyFiles /Users/tuantu/Desktop/dev/AI/mobile/game_df/ios-build/Il2CppOutputProject/IL2CPP/libil2cpp/icalls_monoaot/System.Private.CoreLib/System/Enum.cpp
[ 806/3487  0s] CopyFiles /Users/tuantu/Desktop/dev/AI/mobile/game_df/ios-build/Il2CppOutputProject/IL2CPP/libil2cpp/icalls_monoaot/System.Private.CoreLib/System/Delegate.cpp
[ 807/3487  0s] CopyFiles /Users/tuantu/Desktop/dev/AI/mobile/game_df/ios-build/Il2CppOutputProject/IL2CPP/libil2cpp/icalls_monoaot/System.Private.CoreLib/System/Buffer.cpp
[ 808/3487  0s] CopyFiles /Users/tuantu/Desktop/dev/AI/mobile/game_df/ios-build/Il2CppOutputProject/IL2CPP/libil2cpp/icalls_monoaot/System.Private.CoreLib/System/ArgIterator.h
[ 809/3487  0s] CopyFiles /Users/tuantu/Desktop/dev/AI/mobile/game_df/ios-build/Il2CppOutputProject/IL2CPP/libil2cpp/icalls_monoaot/System.Private.CoreLib/System/Delegate.h
[ 810/3487  0s] CopyFiles /Users/tuantu/Desktop/dev/AI/mobile/game_df/ios-build/Il2CppOutputProject/IL2CPP/libil2cpp/icalls_monoaot/System.Private.CoreLib/System/Array.h
[ 811/3487  0s] CopyFiles /Users/tuantu/Desktop/dev/AI/mobile/game_df/ios-build/Il2CppOutputProject/IL2CPP/libil2cpp/icalls_monoaot/System.Private.CoreLib/System/Array.cpp
[ 812/3487  0s] CopyFiles /Users/tuantu/Desktop/dev/AI/mobile/game_df/ios-build/Il2CppOutputProject/IL2CPP/libil2cpp/icalls_monoaot/System.Private.CoreLib/System/ArgIterator.cpp
[ 813/3487  0s] CopyFiles /Users/tuantu/Desktop/dev/AI/mobile/game_df/ios-build/Il2CppOutputProject/IL2CPP/libil2cpp/icalls_monoaot/System.Private.CoreLib/System/Buffer.h
[ 814/3487  0s] CopyFiles /Users/tuantu/Desktop/dev/AI/mobile/game_df/ios-build/Il2CppOutputProject/IL2CPP/libil2cpp/icalls_monoaot/System.Private.CoreLib/System.Threading/Thread.h
[ 815/3487  0s] CopyFiles /Users/tuantu/Desktop/dev/AI/mobile/game_df/ios-build/Il2CppOutputProject/IL2CPP/libil2cpp/icalls_monoaot/System.Private.CoreLib/System.Threading/Monitor.h
[ 816/3487  0s] CopyFiles /Users/tuantu/Desktop/dev/AI/mobile/game_df/ios-build/Il2CppOutputProject/IL2CPP/libil2cpp/icalls_monoaot/System.Private.CoreLib/System.Threading/Monitor.cpp
[ 817/3487  0s] CopyFiles /Users/tuantu/Desktop/dev/AI/mobile/game_df/ios-build/Il2CppOutputProject/IL2CPP/libil2cpp/icalls_monoaot/System.Private.CoreLib/System.Threading/LowLevelLifoSemaphore.h
[ 818/3487  0s] CopyFiles /Users/tuantu/Desktop/dev/AI/mobile/game_df/ios-build/Il2CppOutputProject/IL2CPP/libil2cpp/icalls_monoaot/System.Private.CoreLib/System.Threading/Interlocked.h
[ 819/3487  0s] CopyFiles /Users/tuantu/Desktop/dev/AI/mobile/game_df/ios-build/Il2CppOutputProject/IL2CPP/libil2cpp/icalls_monoaot/System.Private.CoreLib/System.Threading/LowLevelLifoSemaphore.cpp
[ 820/3487  0s] CopyFiles /Users/tuantu/Desktop/dev/AI/mobile/game_df/ios-build/Il2CppOutputProject/IL2CPP/libil2cpp/icalls_monoaot/System.Private.CoreLib/System.Threading/Interlocked.cpp
[ 821/3487  0s] CopyFiles /Users/tuantu/Desktop/dev/AI/mobile/game_df/ios-build/Il2CppOutputProject/IL2CPP/libil2cpp/icalls_monoaot/System.Private.CoreLib/System.Runtime.Intrinsics.X86/X86Base.h
[ 822/3487  0s] CopyFiles /Users/tuantu/Desktop/dev/AI/mobile/game_df/ios-build/Il2CppOutputProject/IL2CPP/libil2cpp/icalls_monoaot/System.Private.CoreLib/System.Runtime.Intrinsics.X86/X86Base.cpp
[ 823/3487  0s] CopyFiles /Users/tuantu/Desktop/dev/AI/mobile/game_df/ios-build/Il2CppOutputProject/IL2CPP/libil2cpp/icalls_monoaot/System.Private.CoreLib/System.Threading/Thread.cpp
[ 824/3487  0s] CopyFiles /Users/tuantu/Desktop/dev/AI/mobile/game_df/ios-build/Il2CppOutputProject/IL2CPP/libil2cpp/icalls_monoaot/System.Private.CoreLib/System.Runtime.Loader/AssemblyLoadContext.cpp
[ 825/3487  0s] CopyFiles /Users/tuantu/Desktop/dev/AI/mobile/game_df/ios-build/Il2CppOutputProject/IL2CPP/libil2cpp/icalls_monoaot/System.Private.CoreLib/System.Runtime.Loader/AssemblyLoadContext.h
[ 826/3487  0s] CopyFiles /Users/tuantu/Desktop/dev/AI/mobile/game_df/ios-build/Il2CppOutputProject/IL2CPP/libil2cpp/icalls_monoaot/System.Private.CoreLib/System.Runtime.InteropServices/Marshal.h
[ 827/3487  0s] CopyFiles /Users/tuantu/Desktop/dev/AI/mobile/game_df/ios-build/Il2CppOutputProject/IL2CPP/libil2cpp/icalls_monoaot/System.Private.CoreLib/System.Runtime.InteropServices/NativeLibrary.h
[ 828/3487  0s] CopyFiles /Users/tuantu/Desktop/dev/AI/mobile/game_df/ios-build/Il2CppOutputProject/IL2CPP/libil2cpp/icalls_monoaot/System.Private.CoreLib/System.Runtime.InteropServices/NativeLibrary.cpp
[ 829/3487  0s] CopyFiles /Users/tuantu/Desktop/dev/AI/mobile/game_df/ios-build/Il2CppOutputProject/IL2CPP/libil2cpp/icalls_monoaot/System.Private.CoreLib/System.Reflection/RuntimePropertyInfo.h
[ 830/3487  0s] CopyFiles /Users/tuantu/Desktop/dev/AI/mobile/game_df/ios-build/Il2CppOutputProject/IL2CPP/libil2cpp/icalls_monoaot/System.Private.CoreLib/System.Runtime.InteropServices/Marshal.cpp
[ 831/3487  0s] CopyFiles /Users/tuantu/Desktop/dev/AI/mobile/game_df/ios-build/Il2CppOutputProject/IL2CPP/libil2cpp/icalls_monoaot/System.Private.CoreLib/System.Runtime.InteropServices/GCHandle.h
[ 832/3487  0s] CopyFiles /Users/tuantu/Desktop/dev/AI/mobile/game_df/ios-build/Il2CppOutputProject/IL2CPP/libil2cpp/icalls_monoaot/System.Private.CoreLib/System.Runtime.InteropServices/GCHandle.cpp
[ 833/3487  0s] CopyFiles /Users/tuantu/Desktop/dev/AI/mobile/game_df/ios-build/Il2CppOutputProject/IL2CPP/libil2cpp/icalls_monoaot/System.Private.CoreLib/System.Runtime.CompilerServices/RuntimeHelpers.cpp
[ 834/3487  0s] CopyFiles /Users/tuantu/Desktop/dev/AI/mobile/game_df/ios-build/Il2CppOutputProject/IL2CPP/libil2cpp/icalls_monoaot/System.Private.CoreLib/System.Runtime.CompilerServices/RuntimeHelpers.h
[ 835/3487  0s] CopyFiles /Users/tuantu/Desktop/dev/AI/mobile/game_df/ios-build/Il2CppOutputProject/IL2CPP/libil2cpp/icalls_monoaot/System.Private.CoreLib/System.Reflection/RuntimePropertyInfo.cpp
[ 836/3487  0s] CopyFiles /Users/tuantu/Desktop/dev/AI/mobile/game_df/ios-build/Il2CppOutputProject/IL2CPP/libil2cpp/icalls_monoaot/System.Private.CoreLib/System.Reflection/RuntimeParameterInfo.h
[ 837/3487  0s] CopyFiles /Users/tuantu/Desktop/dev/AI/mobile/game_df/ios-build/Il2CppOutputProject/IL2CPP/libil2cpp/icalls_monoaot/System.Private.CoreLib/System.Reflection/RuntimeModule.h
[ 838/3487  0s] CopyFiles /Users/tuantu/Desktop/dev/AI/mobile/game_df/ios-build/Il2CppOutputProject/IL2CPP/libil2cpp/icalls_monoaot/System.Private.CoreLib/System.Reflection/RuntimeModule.cpp
[ 839/3487  0s] CopyFiles /Users/tuantu/Desktop/dev/AI/mobile/game_df/ios-build/Il2CppOutputProject/IL2CPP/libil2cpp/icalls_monoaot/System.Private.CoreLib/System.Reflection/RuntimeParameterInfo.cpp
[ 840/3487  0s] CopyFiles /Users/tuantu/Desktop/dev/AI/mobile/game_df/ios-build/Il2CppOutputProject/IL2CPP/libil2cpp/icalls_monoaot/System.Private.CoreLib/System.Reflection/RuntimeMethodInfo.h
[ 841/3487  0s] CopyFiles /Users/tuantu/Desktop/dev/AI/mobile/game_df/ios-build/Il2CppOutputProject/IL2CPP/libil2cpp/icalls_monoaot/System.Private.CoreLib/System.Reflection/RuntimeFieldInfo.cpp
[ 842/3487  0s] CopyFiles /Users/tuantu/Desktop/dev/AI/mobile/game_df/ios-build/Il2CppOutputProject/IL2CPP/libil2cpp/icalls_monoaot/System.Private.CoreLib/System.Reflection/RuntimeEventInfo.cpp
[ 843/3487  0s] CopyFiles /Users/tuantu/Desktop/dev/AI/mobile/game_df/ios-build/Il2CppOutputProject/IL2CPP/libil2cpp/icalls_monoaot/System.Private.CoreLib/System.Reflection/RuntimeFieldInfo.h
[ 844/3487  0s] CopyFiles /Users/tuantu/Desktop/dev/AI/mobile/game_df/ios-build/Il2CppOutputProject/IL2CPP/libil2cpp/icalls_monoaot/System.Private.CoreLib/System.Reflection/RuntimeEventInfo.h
[ 845/3487  0s] CopyFiles /Users/tuantu/Desktop/dev/AI/mobile/game_df/ios-build/Il2CppOutputProject/IL2CPP/libil2cpp/icalls_monoaot/System.Private.CoreLib/System.Reflection/RuntimeConstructorInfo.h
[ 846/3487  0s] CopyFiles /Users/tuantu/Desktop/dev/AI/mobile/game_df/ios-build/Il2CppOutputProject/IL2CPP/libil2cpp/icalls_monoaot/System.Private.CoreLib/System.Reflection/RuntimeCustomAttributeData.h
[ 847/3487  0s] CopyFiles /Users/tuantu/Desktop/dev/AI/mobile/game_df/ios-build/Il2CppOutputProject/IL2CPP/libil2cpp/icalls_monoaot/System.Private.CoreLib/System.Reflection/RuntimeCustomAttributeData.cpp
[ 848/3487  0s] CopyFiles /Users/tuantu/Desktop/dev/AI/mobile/game_df/ios-build/Il2CppOutputProject/IL2CPP/libil2cpp/icalls_monoaot/System.Private.CoreLib/System.Reflection/RuntimeMethodInfo.cpp
[ 849/3487  0s] CopyFiles /Users/tuantu/Desktop/dev/AI/mobile/game_df/ios-build/Il2CppOutputProject/IL2CPP/libil2cpp/icalls_monoaot/System.Private.CoreLib/System.Reflection/MonoMethodInfo.cpp
[ 850/3487  0s] CopyFiles /Users/tuantu/Desktop/dev/AI/mobile/game_df/ios-build/Il2CppOutputProject/IL2CPP/libil2cpp/icalls_monoaot/System.Private.CoreLib/System.Reflection/RuntimeAssembly.h
[ 851/3487  0s] CopyFiles /Users/tuantu/Desktop/dev/AI/mobile/game_df/ios-build/Il2CppOutputProject/IL2CPP/libil2cpp/icalls_monoaot/System.Private.CoreLib/System.Reflection/RuntimeAssembly.cpp
[ 852/3487  0s] CopyFiles /Users/tuantu/Desktop/dev/AI/mobile/game_df/ios-build/Il2CppOutputProject/IL2CPP/libil2cpp/icalls_monoaot/System.Private.CoreLib/System.Reflection/MethodBase.cpp
[ 853/3487  0s] CopyFiles /Users/tuantu/Desktop/dev/AI/mobile/game_df/ios-build/Il2CppOutputProject/IL2CPP/libil2cpp/icalls_monoaot/System.Private.CoreLib/System.Reflection/RuntimeConstructorInfo.cpp
[ 854/3487  0s] CopyFiles /Users/tuantu/Desktop/dev/AI/mobile/game_df/ios-build/Il2CppOutputProject/IL2CPP/libil2cpp/icalls_monoaot/System.Private.CoreLib/System.Reflection/MethodBase.h
[ 855/3487  0s] CopyFiles /Users/tuantu/Desktop/dev/AI/mobile/game_df/ios-build/Il2CppOutputProject/IL2CPP/libil2cpp/icalls_monoaot/System.Private.CoreLib/System.Reflection/MonoMethodInfo.h
[ 856/3487  0s] CopyFiles /Users/tuantu/Desktop/dev/AI/mobile/game_df/ios-build/Il2CppOutputProject/IL2CPP/libil2cpp/icalls_monoaot/System.Private.CoreLib/System.Reflection/LoaderAllocatorScout.h
[ 857/3487  0s] CopyFiles /Users/tuantu/Desktop/dev/AI/mobile/game_df/ios-build/Il2CppOutputProject/IL2CPP/libil2cpp/icalls_monoaot/System.Private.CoreLib/System.Reflection/CustomAttribute.cpp
[ 858/3487  0s] CopyFiles /Users/tuantu/Desktop/dev/AI/mobile/game_df/ios-build/Il2CppOutputProject/IL2CPP/libil2cpp/icalls_monoaot/System.Private.CoreLib/System.Reflection/AssemblyName.h
[ 859/3487  0s] CopyFiles /Users/tuantu/Desktop/dev/AI/mobile/game_df/ios-build/Il2CppOutputProject/IL2CPP/libil2cpp/icalls_monoaot/System.Private.CoreLib/System.Reflection/FieldInfo.cpp
[ 860/3487  0s] CopyFiles /Users/tuantu/Desktop/dev/AI/mobile/game_df/ios-build/Il2CppOutputProject/IL2CPP/libil2cpp/icalls_monoaot/System.Private.CoreLib/System.Reflection/LoaderAllocatorScout.cpp
[ 861/3487  0s] CopyFiles /Users/tuantu/Desktop/dev/AI/mobile/game_df/ios-build/Il2CppOutputProject/IL2CPP/libil2cpp/icalls_monoaot/System.Private.CoreLib/System.Reflection/FieldInfo.h
[ 862/3487  0s] CopyFiles /Users/tuantu/Desktop/dev/AI/mobile/game_df/ios-build/Il2CppOutputProject/IL2CPP/libil2cpp/icalls_monoaot/System.Private.CoreLib/System.Reflection/CustomAttribute.h
[ 863/3487  0s] CopyFiles /Users/tuantu/Desktop/dev/AI/mobile/game_df/ios-build/Il2CppOutputProject/IL2CPP/libil2cpp/icalls_monoaot/System.Private.CoreLib/System.Reflection.Emit/SignatureHelper.h
[ 864/3487  0s] CopyFiles /Users/tuantu/Desktop/dev/AI/mobile/game_df/ios-build/Il2CppOutputProject/IL2CPP/libil2cpp/icalls_monoaot/System.Private.CoreLib/System.Reflection.Metadata/MetadataUpdater.h
[ 865/3487  0s] CopyFiles /Users/tuantu/Desktop/dev/AI/mobile/game_df/ios-build/Il2CppOutputProject/IL2CPP/libil2cpp/icalls_monoaot/System.Private.CoreLib/System.Reflection.Metadata/MetadataUpdater.cpp
[ 866/3487  0s] CopyFiles /Users/tuantu/Desktop/dev/AI/mobile/game_df/ios-build/Il2CppOutputProject/IL2CPP/libil2cpp/icalls_monoaot/System.Private.CoreLib/System.Reflection.Emit/SignatureHelper.cpp
[ 867/3487  0s] CopyFiles /Users/tuantu/Desktop/dev/AI/mobile/game_df/ios-build/Il2CppOutputProject/IL2CPP/libil2cpp/icalls_monoaot/System.Private.CoreLib/System.Reflection/AssemblyName.cpp
[ 868/3487  0s] CopyFiles /Users/tuantu/Desktop/dev/AI/mobile/game_df/ios-build/Il2CppOutputProject/IL2CPP/libil2cpp/icalls_monoaot/System.Private.CoreLib/System.Reflection/Assembly.h
[ 869/3487  0s] CopyFiles /Users/tuantu/Desktop/dev/AI/mobile/game_df/ios-build/Il2CppOutputProject/IL2CPP/libil2cpp/icalls_monoaot/System.Private.CoreLib/System.Reflection/Assembly.cpp
[ 870/3487  0s] CopyFiles /Users/tuantu/Desktop/dev/AI/mobile/game_df/ios-build/Il2CppOutputProject/IL2CPP/libil2cpp/icalls_monoaot/System.Private.CoreLib/System.Reflection.Emit/RuntimeTypeBuilder.h
[ 871/3487  0s] CopyFiles /Users/tuantu/Desktop/dev/AI/mobile/game_df/ios-build/Il2CppOutputProject/IL2CPP/libil2cpp/icalls_monoaot/System.Private.CoreLib/System.Reflection.Emit/RuntimeModuleBuilder.cpp
[ 872/3487  0s] CopyFiles /Users/tuantu/Desktop/dev/AI/mobile/game_df/ios-build/Il2CppOutputProject/IL2CPP/libil2cpp/icalls_monoaot/System.Private.CoreLib/System.Reflection.Emit/RuntimeEnumBuilder.cpp
[ 873/3487  0s] CopyFiles /Users/tuantu/Desktop/dev/AI/mobile/game_df/ios-build/Il2CppOutputProject/IL2CPP/libil2cpp/icalls_monoaot/System.Private.CoreLib/System.Reflection.Emit/RuntimeTypeBuilder.cpp
[ 874/3487  0s] CopyFiles /Users/tuantu/Desktop/dev/AI/mobile/game_df/ios-build/Il2CppOutputProject/IL2CPP/libil2cpp/icalls_monoaot/System.Private.CoreLib/System.Reflection.Emit/RuntimeEnumBuilder.h
[ 875/3487  0s] CopyFiles /Users/tuantu/Desktop/dev/AI/mobile/game_df/ios-build/Il2CppOutputProject/IL2CPP/libil2cpp/icalls_monoaot/System.Private.CoreLib/System.Reflection.Emit/RuntimeAssemblyBuilder.h
[ 876/3487  0s] CopyFiles /Users/tuantu/Desktop/dev/AI/mobile/game_df/ios-build/Il2CppOutputProject/IL2CPP/libil2cpp/icalls_monoaot/System.Private.CoreLib/System.Reflection.Emit/RuntimeAssemblyBuilder.cpp
[ 877/3487  0s] CopyFiles /Users/tuantu/Desktop/dev/AI/mobile/game_df/ios-build/Il2CppOutputProject/IL2CPP/libil2cpp/icalls_monoaot/System.Private.CoreLib/System.Reflection.Emit/RuntimeModuleBuilder.h
[ 878/3487  0s] CopyFiles /Users/tuantu/Desktop/dev/AI/mobile/game_df/ios-build/Il2CppOutputProject/IL2CPP/libil2cpp/icalls_monoaot/System.Private.CoreLib/System.Reflection.Emit/DynamicMethod.h
[ 879/3487  0s] CopyFiles /Users/tuantu/Desktop/dev/AI/mobile/game_df/ios-build/Il2CppOutputProject/IL2CPP/libil2cpp/icalls_monoaot/System.Private.CoreLib/System.Reflection.Emit/DynamicMethod.cpp
[ 880/3487  0s] CopyFiles /Users/tuantu/Desktop/dev/AI/mobile/game_df/ios-build/Il2CppOutputProject/IL2CPP/libil2cpp/icalls_monoaot/System.Private.CoreLib/System.IO/Stream.h
[ 881/3487  0s] CopyFiles /Users/tuantu/Desktop/dev/AI/mobile/game_df/ios-build/Il2CppOutputProject/IL2CPP/libil2cpp/icalls_monoaot/System.Private.CoreLib/System.Reflection.Emit/CustomAttributeBuilder.h
[ 882/3487  0s] CopyFiles /Users/tuantu/Desktop/dev/AI/mobile/game_df/ios-build/Il2CppOutputProject/IL2CPP/libil2cpp/icalls_monoaot/System.Private.CoreLib/System.Diagnostics/StackTrace.cpp
[ 883/3487  0s] CopyFiles /Users/tuantu/Desktop/dev/AI/mobile/game_df/ios-build/Il2CppOutputProject/IL2CPP/libil2cpp/icalls_monoaot/System.Private.CoreLib/System.Reflection.Emit/CustomAttributeBuilder.cpp
[ 884/3487  0s] CopyFiles /Users/tuantu/Desktop/dev/AI/mobile/game_df/ios-build/Il2CppOutputProject/IL2CPP/libil2cpp/icalls_monoaot/System.Private.CoreLib/System.IO/Stream.cpp
[ 885/3487  0s] CopyFiles /Users/tuantu/Desktop/dev/AI/mobile/game_df/ios-build/Il2CppOutputProject/IL2CPP/libil2cpp/icalls_monoaot/System.Private.CoreLib/System.Diagnostics/StackTrace.h
[ 886/3487  0s] CopyFiles /Users/tuantu/Desktop/dev/AI/mobile/game_df/ios-build/Il2CppOutputProject/IL2CPP/libil2cpp/icalls_monoaot/System.Private.CoreLib/System.Diagnostics/StackFrame.cpp
[ 887/3487  0s] CopyFiles /Users/tuantu/Desktop/dev/AI/mobile/game_df/ios-build/Il2CppOutputProject/IL2CPP/libil2cpp/icalls_monoaot/System.Private.CoreLib/System.Diagnostics/Debugger.cpp
[ 888/3487  0s] CopyFiles /Users/tuantu/Desktop/dev/AI/mobile/game_df/ios-build/Il2CppOutputProject/IL2CPP/libil2cpp/icalls_monoaot/System.Private.CoreLib/System.Diagnostics.Tracing/NativeRuntimeEventSource.h
[ 889/3487  0s] CopyFiles /Users/tuantu/Desktop/dev/AI/mobile/game_df/ios-build/Il2CppOutputProject/IL2CPP/libil2cpp/icalls_monoaot/System.Private.CoreLib/System.Diagnostics.Tracing/EventPipeInternal.h
[ 890/3487  0s] CopyFiles /Users/tuantu/Desktop/dev/AI/mobile/game_df/ios-build/Il2CppOutputProject/IL2CPP/libil2cpp/icalls_monoaot/System.Private.CoreLib/System.Diagnostics/Debugger.h
[ 891/3487  0s] CopyFiles /Users/tuantu/Desktop/dev/AI/mobile/game_df/ios-build/Il2CppOutputProject/IL2CPP/libil2cpp/icalls_monoaot/System.Private.CoreLib/System.Diagnostics/StackFrame.h
[ 892/3487  0s] CopyFiles /Users/tuantu/Desktop/dev/AI/mobile/game_df/ios-build/Il2CppOutputProject/IL2CPP/libil2cpp/icalls_monoaot/System.Private.CoreLib/System.Diagnostics.Tracing/EventPipeInternal.cpp
[ 893/3487  0s] CopyFiles /Users/tuantu/Desktop/dev/AI/mobile/game_df/ios-build/Il2CppOutputProject/IL2CPP/libil2cpp/icalls_monoaot/System.Private.CoreLib/System.Diagnostics.Tracing/NativeRuntimeEventSource.cpp
[ 894/3487  0s] CopyFiles /Users/tuantu/Desktop/dev/AI/mobile/game_df/ios-build/Il2CppOutputProject/IL2CPP/libil2cpp/icalls_monoaot/System.Private.CoreLib/Mono/SafeStringMarshal.h
[ 895/3487  0s] CopyFiles /Users/tuantu/Desktop/dev/AI/mobile/game_df/ios-build/Il2CppOutputProject/IL2CPP/libil2cpp/icalls_monoaot/System.Private.CoreLib/Mono/SafeStringMarshal.cpp
[ 896/3487  0s] CopyFiles /Users/tuantu/Desktop/dev/AI/mobile/game_df/ios-build/Il2CppOutputProject/IL2CPP/libil2cpp/icalls_monoaot/System.Private.CoreLib/Mono/RuntimeGPtrArrayHandle.h
[ 897/3487  0s] CopyFiles /Users/tuantu/Desktop/dev/AI/mobile/game_df/ios-build/Il2CppOutputProject/IL2CPP/libil2cpp/icalls_monoaot/System.Private.CoreLib/Mono/RuntimeGPtrArrayHandle.cpp
[ 898/3487  0s] CopyFiles /Users/tuantu/Desktop/dev/AI/mobile/game_df/ios-build/Il2CppOutputProject/IL2CPP/libil2cpp/icalls_monoaot/System.Private.CoreLib/Mono/RuntimeClassHandle.h
[ 899/3487  0s] CopyFiles /Users/tuantu/Desktop/dev/AI/mobile/game_df/ios-build/Il2CppOutputProject/IL2CPP/libil2cpp/icalls/System/System.Threading/Semaphore.h
[ 900/3487  0s] CopyFiles /Users/tuantu/Desktop/dev/AI/mobile/game_df/ios-build/Il2CppOutputProject/IL2CPP/libil2cpp/icalls/System/System.Threading/Semaphore.cpp
[ 901/3487  0s] CopyFiles /Users/tuantu/Desktop/dev/AI/mobile/game_df/ios-build/Il2CppOutputProject/IL2CPP/libil2cpp/icalls_monoaot/System.Private.CoreLib/Mono/RuntimeClassHandle.cpp
[ 902/3487  0s] CopyFiles /Users/tuantu/Desktop/dev/AI/mobile/game_df/ios-build/Il2CppOutputProject/IL2CPP/libil2cpp/icalls/System/System.Net.Sockets/SocketException.h
[ 903/3487  0s] CopyFiles /Users/tuantu/Desktop/dev/AI/mobile/game_df/ios-build/Il2CppOutputProject/IL2CPP/libil2cpp/icalls/System/System.Net/Dns.cpp
[ 904/3487  0s] CopyFiles /Users/tuantu/Desktop/dev/AI/mobile/game_df/ios-build/Il2CppOutputProject/IL2CPP/libil2cpp/icalls/System/System.Net/Dns.h
[ 905/3487  0s] CopyFiles /Users/tuantu/Desktop/dev/AI/mobile/game_df/ios-build/Il2CppOutputProject/IL2CPP/libil2cpp/icalls/System/System.Net.Sockets/SocketException.cpp
[ 906/3487  0s] CopyFiles /Users/tuantu/Desktop/dev/AI/mobile/game_df/ios-build/Il2CppOutputProject/IL2CPP/libil2cpp/icalls/System/System.Net.NetworkInformation/MacOsIPInterfaceProperties.h
[ 907/3487  0s] CopyFiles /Users/tuantu/Desktop/dev/AI/mobile/game_df/ios-build/Il2CppOutputProject/IL2CPP/libil2cpp/icalls/System/System.Net.Sockets/Socket.h
[ 908/3487  0s] CopyFiles /Users/tuantu/Desktop/dev/AI/mobile/game_df/ios-build/Il2CppOutputProject/IL2CPP/libil2cpp/icalls/System/System.Net.NetworkInformation/LinuxNetworkInterface.cpp
[ 909/3487  0s] CopyFiles /Users/tuantu/Desktop/dev/AI/mobile/game_df/ios-build/Il2CppOutputProject/IL2CPP/libil2cpp/icalls/System/System.Net.NetworkInformation/MacOsIPInterfaceProperties.cpp
[ 910/3487  0s] CopyFiles /Users/tuantu/Desktop/dev/AI/mobile/game_df/ios-build/Il2CppOutputProject/IL2CPP/libil2cpp/icalls/System/System.IO/FileSystemWatcher.h
[ 911/3487  0s] CopyFiles /Users/tuantu/Desktop/dev/AI/mobile/game_df/ios-build/Il2CppOutputProject/IL2CPP/libil2cpp/icalls/System/System.Diagnostics/Stopwatch.h
[ 912/3487  0s] CopyFiles /Users/tuantu/Desktop/dev/AI/mobile/game_df/ios-build/Il2CppOutputProject/IL2CPP/libil2cpp/icalls/System/System.IO/FileSystemWatcher.cpp
[ 913/3487  0s] CopyFiles /Users/tuantu/Desktop/dev/AI/mobile/game_df/ios-build/Il2CppOutputProject/IL2CPP/libil2cpp/icalls/System/System.Diagnostics/Stopwatch.cpp
[ 914/3487  0s] CopyFiles /Users/tuantu/Desktop/dev/AI/mobile/game_df/ios-build/Il2CppOutputProject/IL2CPP/libil2cpp/icalls/System/System.Net.NetworkInformation/LinuxNetworkInterface.h
[ 915/3487  0s] CopyFiles /Users/tuantu/Desktop/dev/AI/mobile/game_df/ios-build/Il2CppOutputProject/IL2CPP/libil2cpp/icalls/System/System.Diagnostics/Process.h
[ 916/3487  0s] CopyFiles /Users/tuantu/Desktop/dev/AI/mobile/game_df/ios-build/Il2CppOutputProject/IL2CPP/libil2cpp/icalls/System/System.Net.Sockets/Socket.cpp
[ 917/3487  0s] CopyFiles /Users/tuantu/Desktop/dev/AI/mobile/game_df/ios-build/Il2CppOutputProject/IL2CPP/libil2cpp/icalls/System/System.Diagnostics/Process.cpp
[ 918/3487  0s] CopyFiles /Users/tuantu/Desktop/dev/AI/mobile/game_df/ios-build/Il2CppOutputProject/IL2CPP/libil2cpp/icalls/System/System.Diagnostics/FileVersionInfo.cpp
[ 919/3487  0s] CopyFiles /Users/tuantu/Desktop/dev/AI/mobile/game_df/ios-build/Il2CppOutputProject/IL2CPP/libil2cpp/icalls/System/System.Diagnostics/FileVersionInfo.h
[ 920/3487  0s] CopyFiles /Users/tuantu/Desktop/dev/AI/mobile/game_df/ios-build/Il2CppOutputProject/IL2CPP/libil2cpp/icalls/System/Mono.Net.Security/MonoTlsProviderFactory.h
[ 921/3487  0s] CopyFiles /Users/tuantu/Desktop/dev/AI/mobile/game_df/ios-build/Il2CppOutputProject/IL2CPP/libil2cpp/icalls/System/System.Diagnostics/DefaultTraceListener.h
[ 922/3487  0s] CopyFiles /Users/tuantu/Desktop/dev/AI/mobile/game_df/ios-build/Il2CppOutputProject/IL2CPP/libil2cpp/icalls/System/Mono.Net.Security/MonoTlsProviderFactory.cpp
[ 923/3487  0s] CopyFiles /Users/tuantu/Desktop/dev/AI/mobile/game_df/ios-build/Il2CppOutputProject/IL2CPP/libil2cpp/icalls/System/System.Diagnostics/DefaultTraceListener.cpp
[ 924/3487  0s] CopyFiles /Users/tuantu/Desktop/dev/AI/mobile/game_df/ios-build/Il2CppOutputProject/IL2CPP/libil2cpp/icalls/System/Microsoft.Win32/NativeMethods.cpp
[ 925/3487  0s] CopyFiles /Users/tuantu/Desktop/dev/AI/mobile/game_df/ios-build/Il2CppOutputProject/IL2CPP/libil2cpp/icalls/System/Microsoft.Win32/NativeMethods.h
[ 926/3487  0s] CopyFiles /Users/tuantu/Desktop/dev/AI/mobile/game_df/ios-build/Il2CppOutputProject/IL2CPP/libil2cpp/icalls/System.Core/System.IO.MemoryMappedFiles/MemoryMapImpl.cpp
[ 927/3487  0s] CopyFiles /Users/tuantu/Desktop/dev/AI/mobile/game_df/ios-build/Il2CppOutputProject/IL2CPP/libil2cpp/icalls/System.Core/System.IO.MemoryMappedFiles/MemoryMapImpl.h
[ 928/3487  0s] CopyFiles /Users/tuantu/Desktop/dev/AI/mobile/game_df/ios-build/Il2CppOutputProject/IL2CPP/libil2cpp/icalls/mscorlib/System/ValueType.h
[ 929/3487  0s] CopyFiles /Users/tuantu/Desktop/dev/AI/mobile/game_df/ios-build/Il2CppOutputProject/IL2CPP/libil2cpp/icalls/mscorlib/System/TypedReference.h
[ 930/3487  0s] CopyFiles /Users/tuantu/Desktop/dev/AI/mobile/game_df/ios-build/Il2CppOutputProject/IL2CPP/libil2cpp/icalls/mscorlib/System/ValueType.cpp
[ 931/3487  0s] CopyFiles /Users/tuantu/Desktop/dev/AI/mobile/game_df/ios-build/Il2CppOutputProject/IL2CPP/libil2cpp/icalls/mscorlib/System/TypedReference.cpp
[ 932/3487  0s] CopyFiles /Users/tuantu/Desktop/dev/AI/mobile/game_df/ios-build/Il2CppOutputProject/IL2CPP/libil2cpp/icalls/mscorlib/System/Type.h
[ 933/3487  0s] CopyFiles /Users/tuantu/Desktop/dev/AI/mobile/game_df/ios-build/Il2CppOutputProject/IL2CPP/libil2cpp/icalls/mscorlib/System/String.cpp
[ 934/3487  0s] CopyFiles /Users/tuantu/Desktop/dev/AI/mobile/game_df/ios-build/Il2CppOutputProject/IL2CPP/libil2cpp/icalls/mscorlib/System/String.h
[ 935/3487  0s] CopyFiles /Users/tuantu/Desktop/dev/AI/mobile/game_df/ios-build/Il2CppOutputProject/IL2CPP/libil2cpp/icalls/mscorlib/System/Type.cpp
[ 936/3487  0s] CopyFiles /Users/tuantu/Desktop/dev/AI/mobile/game_df/ios-build/Il2CppOutputProject/IL2CPP/libil2cpp/icalls/mscorlib/System/RuntimeType.h
[ 937/3487  0s] CopyFiles /Users/tuantu/Desktop/dev/AI/mobile/game_df/ios-build/Il2CppOutputProject/IL2CPP/libil2cpp/icalls/mscorlib/System/RuntimeTypeHandle.h
[ 938/3487  0s] CopyFiles /Users/tuantu/Desktop/dev/AI/mobile/game_df/ios-build/Il2CppOutputProject/IL2CPP/libil2cpp/icalls/mscorlib/System/RuntimeMethodHandle.cpp
[ 939/3487  0s] CopyFiles /Users/tuantu/Desktop/dev/AI/mobile/game_df/ios-build/Il2CppOutputProject/IL2CPP/libil2cpp/icalls/mscorlib/System/RuntimeMethodHandle.h
[ 940/3487  0s] CopyFiles /Users/tuantu/Desktop/dev/AI/mobile/game_df/ios-build/Il2CppOutputProject/IL2CPP/libil2cpp/icalls/mscorlib/System/RuntimeFieldHandle.cpp
[ 941/3487  0s] CopyFiles /Users/tuantu/Desktop/dev/AI/mobile/game_df/ios-build/Il2CppOutputProject/IL2CPP/libil2cpp/icalls/mscorlib/System/RuntimeTypeHandle.cpp
[ 942/3487  0s] CopyFiles /Users/tuantu/Desktop/dev/AI/mobile/game_df/ios-build/Il2CppOutputProject/IL2CPP/libil2cpp/icalls/mscorlib/System/RuntimeFieldHandle.h
[ 943/3487  0s] CopyFiles /Users/tuantu/Desktop/dev/AI/mobile/game_df/ios-build/Il2CppOutputProject/IL2CPP/libil2cpp/icalls/mscorlib/System/Object.h
[ 944/3487  0s] CopyFiles /Users/tuantu/Desktop/dev/AI/mobile/game_df/ios-build/Il2CppOutputProject/IL2CPP/libil2cpp/icalls/mscorlib/System/Object.cpp
[ 945/3487  0s] CopyFiles /Users/tuantu/Desktop/dev/AI/mobile/game_df/ios-build/Il2CppOutputProject/IL2CPP/libil2cpp/icalls/mscorlib/System/RuntimeType.cpp
[ 946/3487  0s] CopyFiles /Users/tuantu/Desktop/dev/AI/mobile/game_df/ios-build/Il2CppOutputProject/IL2CPP/libil2cpp/icalls/mscorlib/System/Number.cpp
[ 947/3487  0s] CopyFiles /Users/tuantu/Desktop/dev/AI/mobile/game_df/ios-build/Il2CppOutputProject/IL2CPP/libil2cpp/icalls/mscorlib/System/MonoCustomAttrs.h
[ 948/3487  0s] CopyFiles /Users/tuantu/Desktop/dev/AI/mobile/game_df/ios-build/Il2CppOutputProject/IL2CPP/libil2cpp/icalls/mscorlib/System/NumberFormatter.h
[ 949/3487  0s] CopyFiles /Users/tuantu/Desktop/dev/AI/mobile/game_df/ios-build/Il2CppOutputProject/IL2CPP/libil2cpp/icalls/mscorlib/System/MonoCustomAttrs.cpp
[ 950/3487  0s] CopyFiles /Users/tuantu/Desktop/dev/AI/mobile/game_df/ios-build/Il2CppOutputProject/IL2CPP/libil2cpp/icalls/mscorlib/System/NumberFormatter.cpp
[ 951/3487  0s] CopyFiles /Users/tuantu/Desktop/dev/AI/mobile/game_df/ios-build/Il2CppOutputProject/IL2CPP/libil2cpp/icalls/mscorlib/System/MathF.h
[ 952/3487  0s] CopyFiles /Users/tuantu/Desktop/dev/AI/mobile/game_df/ios-build/Il2CppOutputProject/IL2CPP/libil2cpp/icalls/mscorlib/System/MathF.cpp
[ 953/3487  0s] CopyFiles /Users/tuantu/Desktop/dev/AI/mobile/game_df/ios-build/Il2CppOutputProject/IL2CPP/libil2cpp/icalls/mscorlib/System/GC.cpp
[ 954/3487  0s] CopyFiles /Users/tuantu/Desktop/dev/AI/mobile/game_df/ios-build/Il2CppOutputProject/IL2CPP/libil2cpp/icalls/mscorlib/System/Exception.h
[ 955/3487  0s] CopyFiles /Users/tuantu/Desktop/dev/AI/mobile/game_df/ios-build/Il2CppOutputProject/IL2CPP/libil2cpp/icalls/mscorlib/System/Exception.cpp
[ 956/3487  0s] CopyFiles /Users/tuantu/Desktop/dev/AI/mobile/game_df/ios-build/Il2CppOutputProject/IL2CPP/libil2cpp/icalls/mscorlib/System/Math.cpp
[ 957/3487  0s] CopyFiles /Users/tuantu/Desktop/dev/AI/mobile/game_df/ios-build/Il2CppOutputProject/IL2CPP/libil2cpp/icalls/mscorlib/System/Math.h
[ 958/3487  0s] CopyFiles /Users/tuantu/Desktop/dev/AI/mobile/game_df/ios-build/Il2CppOutputProject/IL2CPP/libil2cpp/icalls/mscorlib/System/GC.h
[ 959/3487  0s] CopyFiles /Users/tuantu/Desktop/dev/AI/mobile/game_df/ios-build/Il2CppOutputProject/IL2CPP/libil2cpp/icalls/mscorlib/System/Environment.cpp
[ 960/3487  0s] CopyFiles /Users/tuantu/Desktop/dev/AI/mobile/game_df/ios-build/Il2CppOutputProject/IL2CPP/libil2cpp/icalls/mscorlib/System/Environment.h
[ 961/3487  0s] CopyFiles /Users/tuantu/Desktop/dev/AI/mobile/game_df/ios-build/Il2CppOutputProject/IL2CPP/libil2cpp/icalls/mscorlib/System/DateTime.cpp
[ 962/3487  0s] CopyFiles /Users/tuantu/Desktop/dev/AI/mobile/game_df/ios-build/Il2CppOutputProject/IL2CPP/libil2cpp/icalls/mscorlib/System/Enum.h
[ 963/3487  0s] CopyFiles /Users/tuantu/Desktop/dev/AI/mobile/game_df/ios-build/Il2CppOutputProject/IL2CPP/libil2cpp/icalls/mscorlib/System/Enum.cpp
[ 964/3487  0s] CopyFiles /Users/tuantu/Desktop/dev/AI/mobile/game_df/ios-build/Il2CppOutputProject/IL2CPP/libil2cpp/icalls/mscorlib/System/Delegate.h
[ 965/3487  0s] CopyFiles /Users/tuantu/Desktop/dev/AI/mobile/game_df/ios-build/Il2CppOutputProject/IL2CPP/libil2cpp/icalls/mscorlib/System/Delegate.cpp
[ 966/3487  0s] CopyFiles /Users/tuantu/Desktop/dev/AI/mobile/game_df/ios-build/Il2CppOutputProject/IL2CPP/libil2cpp/icalls/mscorlib/System/DateTime.h
[ 967/3487  0s] CopyFiles /Users/tuantu/Desktop/dev/AI/mobile/game_df/ios-build/Il2CppOutputProject/IL2CPP/libil2cpp/icalls/mscorlib/System/CurrentSystemTimeZone.cpp
[ 968/3487  0s] CopyFiles /Users/tuantu/Desktop/dev/AI/mobile/game_df/ios-build/Il2CppOutputProject/IL2CPP/libil2cpp/icalls/mscorlib/System/CurrentSystemTimeZone.h
[ 969/3487  0s] CopyFiles /Users/tuantu/Desktop/dev/AI/mobile/game_df/ios-build/Il2CppOutputProject/IL2CPP/libil2cpp/icalls/mscorlib/System/ConsoleDriver.cpp
[ 970/3487  0s] CopyFiles /Users/tuantu/Desktop/dev/AI/mobile/game_df/ios-build/Il2CppOutputProject/IL2CPP/libil2cpp/icalls/mscorlib/System/ConsoleDriver.h
[ 971/3487  0s] CopyFiles /Users/tuantu/Desktop/dev/AI/mobile/game_df/ios-build/Il2CppOutputProject/IL2CPP/libil2cpp/icalls/mscorlib/System/Buffer.h
[ 972/3487  0s] CopyFiles /Users/tuantu/Desktop/dev/AI/mobile/game_df/ios-build/Il2CppOutputProject/IL2CPP/libil2cpp/icalls/mscorlib/System/Array.h
[ 973/3487  0s] CopyFiles /Users/tuantu/Desktop/dev/AI/mobile/game_df/ios-build/Il2CppOutputProject/IL2CPP/libil2cpp/icalls/mscorlib/System/CLRConfig.h
[ 974/3487  0s] CopyFiles /Users/tuantu/Desktop/dev/AI/mobile/game_df/ios-build/Il2CppOutputProject/IL2CPP/libil2cpp/icalls/mscorlib/System/CLRConfig.cpp
[ 975/3487  0s] CopyFiles /Users/tuantu/Desktop/dev/AI/mobile/game_df/ios-build/Il2CppOutputProject/IL2CPP/libil2cpp/icalls/mscorlib/System/Buffer.cpp
[ 976/3487  0s] CopyFiles /Users/tuantu/Desktop/dev/AI/mobile/game_df/ios-build/Il2CppOutputProject/IL2CPP/libil2cpp/icalls/mscorlib/System/ArgIterator.h
[ 977/3487  0s] CopyFiles /Users/tuantu/Desktop/dev/AI/mobile/game_df/ios-build/Il2CppOutputProject/IL2CPP/libil2cpp/icalls/mscorlib/System/Array.cpp
[ 978/3487  0s] CopyFiles /Users/tuantu/Desktop/dev/AI/mobile/game_df/ios-build/Il2CppOutputProject/IL2CPP/libil2cpp/icalls/mscorlib/System/ArgIterator.cpp
[ 979/3487  0s] CopyFiles /Users/tuantu/Desktop/dev/AI/mobile/game_df/ios-build/Il2CppOutputProject/IL2CPP/libil2cpp/icalls/mscorlib/System/AppDomain.h
[ 980/3487  0s] CopyFiles /Users/tuantu/Desktop/dev/AI/mobile/game_df/ios-build/Il2CppOutputProject/IL2CPP/libil2cpp/icalls/mscorlib/System.Threading/Timer.cpp
[ 981/3487  0s] CopyFiles /Users/tuantu/Desktop/dev/AI/mobile/game_df/ios-build/Il2CppOutputProject/IL2CPP/libil2cpp/icalls/mscorlib/System.Threading/Timer.h
[ 982/3487  0s] CopyFiles /Users/tuantu/Desktop/dev/AI/mobile/game_df/ios-build/Il2CppOutputProject/IL2CPP/libil2cpp/icalls/mscorlib/System.Threading/WaitHandle.h
[ 983/3487  0s] CopyFiles /Users/tuantu/Desktop/dev/AI/mobile/game_df/ios-build/Il2CppOutputProject/IL2CPP/libil2cpp/icalls/mscorlib/System.Threading/WaitHandle.cpp
[ 984/3487  0s] CopyFiles /Users/tuantu/Desktop/dev/AI/mobile/game_df/ios-build/Il2CppOutputProject/IL2CPP/libil2cpp/icalls/mscorlib/System/AppDomain.cpp
[ 985/3487  0s] CopyFiles /Users/tuantu/Desktop/dev/AI/mobile/game_df/ios-build/Il2CppOutputProject/IL2CPP/libil2cpp/icalls/mscorlib/System.Threading/OSSpecificSynchronizationContext.h
[ 986/3487  0s] CopyFiles /Users/tuantu/Desktop/dev/AI/mobile/game_df/ios-build/Il2CppOutputProject/IL2CPP/libil2cpp/icalls/mscorlib/System.Threading/OSSpecificSynchronizationContext.cpp
[ 987/3487  0s] CopyFiles /Users/tuantu/Desktop/dev/AI/mobile/game_df/ios-build/Il2CppOutputProject/IL2CPP/libil2cpp/icalls/mscorlib/System.Threading/NativeEventCalls.h
[ 988/3487  0s] CopyFiles /Users/tuantu/Desktop/dev/AI/mobile/game_df/ios-build/Il2CppOutputProject/IL2CPP/libil2cpp/icalls/mscorlib/System.Threading/Thread.cpp
[ 989/3487  0s] CopyFiles /Users/tuantu/Desktop/dev/AI/mobile/game_df/ios-build/Il2CppOutputProject/IL2CPP/libil2cpp/icalls/mscorlib/System.Threading/Thread.h
[ 990/3487  0s] CopyFiles /Users/tuantu/Desktop/dev/AI/mobile/game_df/ios-build/Il2CppOutputProject/IL2CPP/libil2cpp/icalls/mscorlib/System.Threading/Mutex.h
[ 991/3487  0s] CopyFiles /Users/tuantu/Desktop/dev/AI/mobile/game_df/ios-build/Il2CppOutputProject/IL2CPP/libil2cpp/icalls/mscorlib/System.Threading/Mutex.cpp
[ 992/3487  0s] CopyFiles /Users/tuantu/Desktop/dev/AI/mobile/game_df/ios-build/Il2CppOutputProject/IL2CPP/libil2cpp/icalls/mscorlib/System.Threading/NativeEventCalls.cpp
[ 993/3487  0s] CopyFiles /Users/tuantu/Desktop/dev/AI/mobile/game_df/ios-build/Il2CppOutputProject/IL2CPP/libil2cpp/icalls/mscorlib/System.Threading/InternalThread.h
[ 994/3487  0s] CopyFiles /Users/tuantu/Desktop/dev/AI/mobile/game_df/ios-build/Il2CppOutputProject/IL2CPP/libil2cpp/icalls/mscorlib/System.Threading/InternalThread.cpp
[ 995/3487  0s] CopyFiles /Users/tuantu/Desktop/dev/AI/mobile/game_df/ios-build/Il2CppOutputProject/IL2CPP/libil2cpp/icalls/mscorlib/System.Threading/Monitor.cpp
[ 996/3487  0s] CopyFiles /Users/tuantu/Desktop/dev/AI/mobile/game_df/ios-build/Il2CppOutputProject/IL2CPP/libil2cpp/icalls/mscorlib/System.Threading/Monitor.h
[ 997/3487  0s] CopyFiles /Users/tuantu/Desktop/dev/AI/mobile/game_df/ios-build/Il2CppOutputProject/IL2CPP/libil2cpp/icalls/mscorlib/System.Threading/Interlocked.h
[ 998/3487  0s] CopyFiles /Users/tuantu/Desktop/dev/AI/mobile/game_df/ios-build/Il2CppOutputProject/IL2CPP/libil2cpp/icalls/mscorlib/System.Text/Normalization.h
[ 999/3487  0s] CopyFiles /Users/tuantu/Desktop/dev/AI/mobile/game_df/ios-build/Il2CppOutputProject/IL2CPP/libil2cpp/icalls/mscorlib/System.Text/EncodingHelper.h
[1000/3487  0s] CopyFiles /Users/tuantu/Desktop/dev/AI/mobile/game_df/ios-build/Il2CppOutputProject/IL2CPP/libil2cpp/icalls/mscorlib/System.Text/EncodingHelper.cpp
[1001/3487  0s] CopyFiles /Users/tuantu/Desktop/dev/AI/mobile/game_df/ios-build/Il2CppOutputProject/IL2CPP/libil2cpp/icalls/mscorlib/System.Threading/Interlocked.cpp
[1002/3487  0s] CopyFiles /Users/tuantu/Desktop/dev/AI/mobile/game_df/ios-build/Il2CppOutputProject/IL2CPP/libil2cpp/icalls/mscorlib/System.Security.Principal/WindowsPrincipal.cpp
[1003/3487  0s] CopyFiles /Users/tuantu/Desktop/dev/AI/mobile/game_df/ios-build/Il2CppOutputProject/IL2CPP/libil2cpp/icalls/mscorlib/System.Security.Principal/WindowsImpersonationContext.cpp
[1004/3487  0s] CopyFiles /Users/tuantu/Desktop/dev/AI/mobile/game_df/ios-build/Il2CppOutputProject/IL2CPP/libil2cpp/icalls/mscorlib/System.Text/Normalization.cpp
[1005/3487  0s] CopyFiles /Users/tuantu/Desktop/dev/AI/mobile/game_df/ios-build/Il2CppOutputProject/IL2CPP/libil2cpp/icalls/mscorlib/System.Security.Principal/WindowsPrincipal.h
[1006/3487  0s] CopyFiles /Users/tuantu/Desktop/dev/AI/mobile/game_df/ios-build/Il2CppOutputProject/IL2CPP/libil2cpp/icalls/mscorlib/System.Security.Principal/WindowsImpersonationContext.h
[1007/3487  0s] CopyFiles /Users/tuantu/Desktop/dev/AI/mobile/game_df/ios-build/Il2CppOutputProject/IL2CPP/libil2cpp/icalls/mscorlib/System.Security.Policy/Evidence.h
[1008/3487  0s] CopyFiles /Users/tuantu/Desktop/dev/AI/mobile/game_df/ios-build/Il2CppOutputProject/IL2CPP/libil2cpp/icalls/mscorlib/System.Security.Principal/WindowsIdentity.cpp
[1009/3487  0s] CopyFiles /Users/tuantu/Desktop/dev/AI/mobile/game_df/ios-build/Il2CppOutputProject/IL2CPP/libil2cpp/icalls/mscorlib/System.Security.Principal/WindowsIdentity.h
[1010/3487  0s] CopyFiles /Users/tuantu/Desktop/dev/AI/mobile/game_df/ios-build/Il2CppOutputProject/IL2CPP/libil2cpp/icalls/mscorlib/System.Security.Policy/Evidence.cpp
[1011/3487  0s] CopyFiles /Users/tuantu/Desktop/dev/AI/mobile/game_df/ios-build/Il2CppOutputProject/IL2CPP/libil2cpp/icalls/mscorlib/System.Security.Cryptography/RNGCryptoServiceProvider.h
[1012/3487  0s] CopyFiles /Users/tuantu/Desktop/dev/AI/mobile/game_df/ios-build/Il2CppOutputProject/IL2CPP/libil2cpp/icalls/mscorlib/System.Runtime/RuntimeImports.h
[1013/3487  0s] CopyFiles /Users/tuantu/Desktop/dev/AI/mobile/game_df/ios-build/Il2CppOutputProject/IL2CPP/libil2cpp/icalls/mscorlib/System.Security.Cryptography/RNGCryptoServiceProvider.cpp
[1014/3487  0s] CopyFiles /Users/tuantu/Desktop/dev/AI/mobile/game_df/ios-build/Il2CppOutputProject/IL2CPP/libil2cpp/icalls/mscorlib/System.Runtime/RuntimeImports.cpp
[1015/3487  0s] CopyFiles /Users/tuantu/Desktop/dev/AI/mobile/game_df/ios-build/Il2CppOutputProject/IL2CPP/libil2cpp/icalls/mscorlib/System.Runtime.Remoting/RemotingServices.h
[1016/3487  0s] CopyFiles /Users/tuantu/Desktop/dev/AI/mobile/game_df/ios-build/Il2CppOutputProject/IL2CPP/libil2cpp/icalls/mscorlib/System.Runtime.Versioning/VersioningHelper.cpp
[1017/3487  0s] CopyFiles /Users/tuantu/Desktop/dev/AI/mobile/game_df/ios-build/Il2CppOutputProject/IL2CPP/libil2cpp/icalls/mscorlib/System.Runtime.Remoting.Proxies/RealProxy.h
[1018/3487  0s] CopyFiles /Users/tuantu/Desktop/dev/AI/mobile/game_df/ios-build/Il2CppOutputProject/IL2CPP/libil2cpp/icalls/mscorlib/System.Runtime.Versioning/VersioningHelper.h
[1019/3487  0s] CopyFiles /Users/tuantu/Desktop/dev/AI/mobile/game_df/ios-build/Il2CppOutputProject/IL2CPP/libil2cpp/icalls/mscorlib/System.Runtime.Remoting.Messaging/MonoMethodMessage.cpp
[1020/3487  0s] CopyFiles /Users/tuantu/Desktop/dev/AI/mobile/game_df/ios-build/Il2CppOutputProject/IL2CPP/libil2cpp/icalls/mscorlib/System.Runtime.Remoting.Messaging/MonoMethodMessage.h
[1021/3487  0s] CopyFiles /Users/tuantu/Desktop/dev/AI/mobile/game_df/ios-build/Il2CppOutputProject/IL2CPP/libil2cpp/icalls/mscorlib/System.Runtime.Remoting/RemotingServices.cpp
[1022/3487  0s] CopyFiles /Users/tuantu/Desktop/dev/AI/mobile/game_df/ios-build/Il2CppOutputProject/IL2CPP/libil2cpp/icalls/mscorlib/System.Runtime.Remoting.Messaging/AsyncResult.h
[1023/3487  0s] CopyFiles /Users/tuantu/Desktop/dev/AI/mobile/game_df/ios-build/Il2CppOutputProject/IL2CPP/libil2cpp/icalls/mscorlib/System.Runtime.Remoting.Proxies/RealProxy.cpp
[1024/3487  0s] CopyFiles /Users/tuantu/Desktop/dev/AI/mobile/game_df/ios-build/Il2CppOutputProject/IL2CPP/libil2cpp/icalls/mscorlib/System.Runtime.Remoting.Messaging/AsyncResult.cpp
[1025/3487  0s] CopyFiles /Users/tuantu/Desktop/dev/AI/mobile/game_df/ios-build/Il2CppOutputProject/IL2CPP/libil2cpp/icalls/mscorlib/System.Runtime.Remoting.Contexts/Context.cpp
[1026/3487  0s] CopyFiles /Users/tuantu/Desktop/dev/AI/mobile/game_df/ios-build/Il2CppOutputProject/IL2CPP/libil2cpp/icalls/mscorlib/System.Runtime.Remoting.Contexts/Context.h
[1027/3487  0s] CopyFiles /Users/tuantu/Desktop/dev/AI/mobile/game_df/ios-build/Il2CppOutputProject/IL2CPP/libil2cpp/icalls/mscorlib/System.Runtime.Remoting.Activation/ActivationServices.h
[1028/3487  0s] CopyFiles /Users/tuantu/Desktop/dev/AI/mobile/game_df/ios-build/Il2CppOutputProject/IL2CPP/libil2cpp/icalls/mscorlib/System.Runtime.Remoting.Activation/ActivationServices.cpp
[1029/3487  0s] CopyFiles /Users/tuantu/Desktop/dev/AI/mobile/game_df/ios-build/Il2CppOutputProject/IL2CPP/libil2cpp/icalls/mscorlib/System.Runtime.InteropServices/RuntimeInformation.h
[1030/3487  0s] CopyFiles /Users/tuantu/Desktop/dev/AI/mobile/game_df/ios-build/Il2CppOutputProject/IL2CPP/libil2cpp/icalls/mscorlib/System.Runtime.InteropServices/RuntimeInformation.cpp
[1031/3487  0s] CopyFiles /Users/tuantu/Desktop/dev/AI/mobile/game_df/ios-build/Il2CppOutputProject/IL2CPP/libil2cpp/icalls/mscorlib/System.Runtime.InteropServices/GCHandle.h
[1032/3487  0s] CopyFiles /Users/tuantu/Desktop/dev/AI/mobile/game_df/ios-build/Il2CppOutputProject/IL2CPP/libil2cpp/icalls/mscorlib/System.Runtime.InteropServices/Marshal.cpp
[1033/3487  0s] CopyFiles /Users/tuantu/Desktop/dev/AI/mobile/game_df/ios-build/Il2CppOutputProject/IL2CPP/libil2cpp/icalls/mscorlib/System.Runtime.InteropServices/Marshal.h
[1034/3487  0s] CopyFiles /Users/tuantu/Desktop/dev/AI/mobile/game_df/ios-build/Il2CppOutputProject/IL2CPP/libil2cpp/icalls/mscorlib/System.Runtime.InteropServices/GCHandle.cpp
[1035/3487  0s] CopyFiles /Users/tuantu/Desktop/dev/AI/mobile/game_df/ios-build/Il2CppOutputProject/IL2CPP/libil2cpp/icalls/mscorlib/System.Runtime.CompilerServices/RuntimeHelpers.h
[1036/3487  0s] CopyFiles /Users/tuantu/Desktop/dev/AI/mobile/game_df/ios-build/Il2CppOutputProject/IL2CPP/libil2cpp/icalls/mscorlib/System.Reflection/RuntimePropertyInfo.h
[1037/3487  0s] CopyFiles /Users/tuantu/Desktop/dev/AI/mobile/game_df/ios-build/Il2CppOutputProject/IL2CPP/libil2cpp/icalls/mscorlib/System.Runtime.CompilerServices/RuntimeHelpers.cpp
[1038/3487  0s] CopyFiles /Users/tuantu/Desktop/dev/AI/mobile/game_df/ios-build/Il2CppOutputProject/IL2CPP/libil2cpp/icalls/mscorlib/System.Reflection/RuntimePropertyInfo.cpp
[1039/3487  0s] CopyFiles /Users/tuantu/Desktop/dev/AI/mobile/game_df/ios-build/Il2CppOutputProject/IL2CPP/libil2cpp/icalls/mscorlib/System.Reflection/RuntimeMethodInfo.h
[1040/3487  0s] CopyFiles /Users/tuantu/Desktop/dev/AI/mobile/game_df/ios-build/Il2CppOutputProject/IL2CPP/libil2cpp/icalls/mscorlib/System.Reflection/RuntimeParameterInfo.h
[1041/3487  0s] CopyFiles /Users/tuantu/Desktop/dev/AI/mobile/game_df/ios-build/Il2CppOutputProject/IL2CPP/libil2cpp/icalls/mscorlib/System.Reflection/RuntimeModule.h
[1042/3487  0s] CopyFiles /Users/tuantu/Desktop/dev/AI/mobile/game_df/ios-build/Il2CppOutputProject/IL2CPP/libil2cpp/icalls/mscorlib/System.Reflection/RuntimeParameterInfo.cpp
[1043/3487  0s] CopyFiles /Users/tuantu/Desktop/dev/AI/mobile/game_df/ios-build/Il2CppOutputProject/IL2CPP/libil2cpp/icalls/mscorlib/System.Reflection/RuntimeModule.cpp
[1044/3487  0s] CopyFiles /Users/tuantu/Desktop/dev/AI/mobile/game_df/ios-build/Il2CppOutputProject/IL2CPP/libil2cpp/icalls/mscorlib/System.Reflection/RuntimeMethodInfo.cpp
[1045/3487  0s] CopyFiles /Users/tuantu/Desktop/dev/AI/mobile/game_df/ios-build/Il2CppOutputProject/IL2CPP/libil2cpp/icalls/mscorlib/System.Reflection/RuntimeFieldInfo.h
[1046/3487  0s] CopyFiles /Users/tuantu/Desktop/dev/AI/mobile/game_df/ios-build/Il2CppOutputProject/IL2CPP/libil2cpp/icalls/mscorlib/System.Reflection/RuntimeConstructorInfo.h
[1047/3487  0s] CopyFiles /Users/tuantu/Desktop/dev/AI/mobile/game_df/ios-build/Il2CppOutputProject/IL2CPP/libil2cpp/icalls/mscorlib/System.Reflection/RuntimeEventInfo.h
[1048/3487  0s] CopyFiles /Users/tuantu/Desktop/dev/AI/mobile/game_df/ios-build/Il2CppOutputProject/IL2CPP/libil2cpp/icalls/mscorlib/System.Reflection/RuntimeFieldInfo.cpp
[1049/3487  0s] CopyFiles /Users/tuantu/Desktop/dev/AI/mobile/game_df/ios-build/Il2CppOutputProject/IL2CPP/libil2cpp/icalls/mscorlib/System.Reflection/ParameterInfo.cpp
[1050/3487  0s] CopyFiles /Users/tuantu/Desktop/dev/AI/mobile/game_df/ios-build/Il2CppOutputProject/IL2CPP/libil2cpp/icalls/mscorlib/System.Reflection/MonoMethod.cpp
[1051/3487  0s] CopyFiles /Users/tuantu/Desktop/dev/AI/mobile/game_df/ios-build/Il2CppOutputProject/IL2CPP/libil2cpp/icalls/mscorlib/System.Reflection/Module.h
[1052/3487  0s] CopyFiles /Users/tuantu/Desktop/dev/AI/mobile/game_df/ios-build/Il2CppOutputProject/IL2CPP/libil2cpp/icalls/mscorlib/System.Reflection/RuntimeAssembly.h
[1053/3487  0s] CopyFiles /Users/tuantu/Desktop/dev/AI/mobile/game_df/ios-build/Il2CppOutputProject/IL2CPP/libil2cpp/icalls/mscorlib/System.Reflection/RuntimeEventInfo.cpp
[1054/3487  0s] CopyFiles /Users/tuantu/Desktop/dev/AI/mobile/game_df/ios-build/Il2CppOutputProject/IL2CPP/libil2cpp/icalls/mscorlib/System.Reflection/Module.cpp
[1055/3487  0s] CopyFiles /Users/tuantu/Desktop/dev/AI/mobile/game_df/ios-build/Il2CppOutputProject/IL2CPP/libil2cpp/icalls/mscorlib/System.Reflection/RuntimeAssembly.cpp
[1056/3487  0s] CopyFiles /Users/tuantu/Desktop/dev/AI/mobile/game_df/ios-build/Il2CppOutputProject/IL2CPP/libil2cpp/icalls/mscorlib/System.Reflection/RuntimeConstructorInfo.cpp
[1057/3487  0s] CopyFiles /Users/tuantu/Desktop/dev/AI/mobile/game_df/ios-build/Il2CppOutputProject/IL2CPP/libil2cpp/icalls/mscorlib/System.Reflection/EventInfo.h
[1058/3487  0s] CopyFiles /Users/tuantu/Desktop/dev/AI/mobile/game_df/ios-build/Il2CppOutputProject/IL2CPP/libil2cpp/icalls/mscorlib/System.Reflection/FieldInfo.cpp
[1059/3487  0s] CopyFiles /Users/tuantu/Desktop/dev/AI/mobile/game_df/ios-build/Il2CppOutputProject/IL2CPP/libil2cpp/icalls/mscorlib/System.Reflection/EventInfo.cpp
[1060/3487  0s] CopyFiles /Users/tuantu/Desktop/dev/AI/mobile/game_df/ios-build/Il2CppOutputProject/IL2CPP/libil2cpp/icalls/mscorlib/System.Reflection/MonoMethodInfo.h
[1061/3487  0s] CopyFiles /Users/tuantu/Desktop/dev/AI/mobile/game_df/ios-build/Il2CppOutputProject/IL2CPP/libil2cpp/icalls/mscorlib/System.Reflection/MethodBase.cpp
[1062/3487  0s] CopyFiles /Users/tuantu/Desktop/dev/AI/mobile/game_df/ios-build/Il2CppOutputProject/IL2CPP/libil2cpp/icalls/mscorlib/System.Reflection/MonoMethodInfo.cpp
[1063/3487  0s] CopyFiles /Users/tuantu/Desktop/dev/AI/mobile/game_df/ios-build/Il2CppOutputProject/IL2CPP/libil2cpp/icalls/mscorlib/System.Reflection/MethodBase.h
[1064/3487  0s] CopyFiles /Users/tuantu/Desktop/dev/AI/mobile/game_df/ios-build/Il2CppOutputProject/IL2CPP/libil2cpp/icalls/mscorlib/System.Reflection/FieldInfo.h
[1065/3487  0s] CopyFiles /Users/tuantu/Desktop/dev/AI/mobile/game_df/ios-build/Il2CppOutputProject/IL2CPP/libil2cpp/icalls/mscorlib/System.Reflection/CustomAttributeData.h
[1066/3487  0s] CopyFiles /Users/tuantu/Desktop/dev/AI/mobile/game_df/ios-build/Il2CppOutputProject/IL2CPP/libil2cpp/icalls/mscorlib/System.Reflection/CustomAttributeData.cpp
[1067/3487  0s] CopyFiles /Users/tuantu/Desktop/dev/AI/mobile/game_df/ios-build/Il2CppOutputProject/IL2CPP/libil2cpp/icalls/mscorlib/System.IO/Path.cpp
[1068/3487  0s] CopyFiles /Users/tuantu/Desktop/dev/AI/mobile/game_df/ios-build/Il2CppOutputProject/IL2CPP/libil2cpp/icalls/mscorlib/System.Reflection/Assembly.h
[1069/3487  0s] CopyFiles /Users/tuantu/Desktop/dev/AI/mobile/game_df/ios-build/Il2CppOutputProject/IL2CPP/libil2cpp/icalls/mscorlib/System.Reflection/AssemblyName.h
[1070/3487  0s] CopyFiles /Users/tuantu/Desktop/dev/AI/mobile/game_df/ios-build/Il2CppOutputProject/IL2CPP/libil2cpp/icalls/mscorlib/System.IO/Path.h
[1071/3487  0s] CopyFiles /Users/tuantu/Desktop/dev/AI/mobile/game_df/ios-build/Il2CppOutputProject/IL2CPP/libil2cpp/icalls/mscorlib/System.Reflection/AssemblyName.cpp
[1072/3487  0s] CopyFiles /Users/tuantu/Desktop/dev/AI/mobile/game_df/ios-build/Il2CppOutputProject/IL2CPP/libil2cpp/icalls/mscorlib/System.IO/MonoIO.h
[1073/3487  0s] CopyFiles /Users/tuantu/Desktop/dev/AI/mobile/game_df/ios-build/Il2CppOutputProject/IL2CPP/libil2cpp/icalls/mscorlib/System.Reflection/Assembly.cpp
[1074/3487  0s] CopyFiles /Users/tuantu/Desktop/dev/AI/mobile/game_df/ios-build/Il2CppOutputProject/IL2CPP/libil2cpp/icalls/mscorlib/System.IO/BrokeredFileSystem.cpp
[1075/3487  0s] CopyFiles /Users/tuantu/Desktop/dev/AI/mobile/game_df/ios-build/Il2CppOutputProject/IL2CPP/libil2cpp/icalls/mscorlib/System.IO/MonoIO.cpp
[1076/3487  0s] CopyFiles /Users/tuantu/Desktop/dev/AI/mobile/game_df/ios-build/Il2CppOutputProject/IL2CPP/libil2cpp/icalls/mscorlib/System.IO/DriveInfo.h
[1077/3487  0s] CopyFiles /Users/tuantu/Desktop/dev/AI/mobile/game_df/ios-build/Il2CppOutputProject/IL2CPP/libil2cpp/icalls/mscorlib/System.IO/DriveInfo.cpp
[1078/3487  0s] CopyFiles /Users/tuantu/Desktop/dev/AI/mobile/game_df/ios-build/Il2CppOutputProject/IL2CPP/libil2cpp/icalls/mscorlib/System.Globalization/RegionInfo.h
[1079/3487  0s] CopyFiles /Users/tuantu/Desktop/dev/AI/mobile/game_df/ios-build/Il2CppOutputProject/IL2CPP/libil2cpp/icalls/mscorlib/System.IO/BrokeredFileSystem.h
[1080/3487  0s] CopyFiles /Users/tuantu/Desktop/dev/AI/mobile/game_df/ios-build/Il2CppOutputProject/IL2CPP/libil2cpp/icalls/mscorlib/System.Globalization/RegionInfo.cpp
[1081/3487  0s] CopyFiles /Users/tuantu/Desktop/dev/AI/mobile/game_df/ios-build/Il2CppOutputProject/IL2CPP/libil2cpp/icalls/mscorlib/System.Globalization/CultureInfoTables.h
[1082/3487  0s] CopyFiles /Users/tuantu/Desktop/dev/AI/mobile/game_df/ios-build/Il2CppOutputProject/IL2CPP/libil2cpp/icalls/mscorlib/System.Globalization/CultureInfoInternals.h
[1083/3487  0s] CopyFiles /Users/tuantu/Desktop/dev/AI/mobile/game_df/ios-build/Il2CppOutputProject/IL2CPP/libil2cpp/icalls/mscorlib/System.Globalization/CultureData.h
[1084/3487  0s] CopyFiles /Users/tuantu/Desktop/dev/AI/mobile/game_df/ios-build/Il2CppOutputProject/IL2CPP/libil2cpp/icalls/mscorlib/System.Globalization/Generated/CultureInfoInternalsNet_4_0.h
[1085/3487  0s] CopyFiles /Users/tuantu/Desktop/dev/AI/mobile/game_df/ios-build/Il2CppOutputProject/IL2CPP/libil2cpp/icalls/mscorlib/System.Globalization/CultureInfo.h
[1086/3487  0s] CopyFiles /Users/tuantu/Desktop/dev/AI/mobile/game_df/ios-build/Il2CppOutputProject/IL2CPP/libil2cpp/icalls/mscorlib/System.Globalization/CompareOptions.h
[1087/3487  0s] CopyFiles /Users/tuantu/Desktop/dev/AI/mobile/game_df/ios-build/Il2CppOutputProject/IL2CPP/libil2cpp/icalls/mscorlib/System.Globalization/CompareInfo.h
[1088/3487  0s] CopyFiles /Users/tuantu/Desktop/dev/AI/mobile/game_df/ios-build/Il2CppOutputProject/IL2CPP/libil2cpp/icalls/mscorlib/System.Globalization/CompareInfo.cpp
[1089/3487  0s] CopyFiles /Users/tuantu/Desktop/dev/AI/mobile/game_df/ios-build/Il2CppOutputProject/IL2CPP/libil2cpp/icalls/mscorlib/System.Globalization/CalendarData.h
[1090/3487  0s] CopyFiles /Users/tuantu/Desktop/dev/AI/mobile/game_df/ios-build/Il2CppOutputProject/IL2CPP/libil2cpp/icalls/mscorlib/System.Globalization/CultureData.cpp
[1091/3487  0s] CopyFiles /Users/tuantu/Desktop/dev/AI/mobile/game_df/ios-build/Il2CppOutputProject/IL2CPP/libil2cpp/icalls/mscorlib/System.Diagnostics/StackTrace.h
[1092/3487  0s] CopyFiles /Users/tuantu/Desktop/dev/AI/mobile/game_df/ios-build/Il2CppOutputProject/IL2CPP/libil2cpp/icalls/mscorlib/System.Diagnostics/StackTrace.cpp
[1093/3487  0s] CopyFiles /Users/tuantu/Desktop/dev/AI/mobile/game_df/ios-build/Il2CppOutputProject/IL2CPP/libil2cpp/icalls/mscorlib/System.Diagnostics/StackFrame.h
[1094/3487  0s] CopyFiles /Users/tuantu/Desktop/dev/AI/mobile/game_df/ios-build/Il2CppOutputProject/IL2CPP/libil2cpp/icalls/mscorlib/System.Diagnostics/Debugger.h
[1095/3487  0s] CopyFiles /Users/tuantu/Desktop/dev/AI/mobile/game_df/ios-build/Il2CppOutputProject/IL2CPP/libil2cpp/icalls/mscorlib/System.Diagnostics/StackFrame.cpp
[1096/3487  0s] CopyFiles /Users/tuantu/Desktop/dev/AI/mobile/game_df/ios-build/Il2CppOutputProject/IL2CPP/libil2cpp/icalls/mscorlib/System.Globalization/CultureInfo.cpp
[1097/3487  0s] CopyFiles /Users/tuantu/Desktop/dev/AI/mobile/game_df/ios-build/Il2CppOutputProject/IL2CPP/libil2cpp/icalls/mscorlib/Mono/SafeStringMarshal.cpp
[1098/3487  0s] CopyFiles /Users/tuantu/Desktop/dev/AI/mobile/game_df/ios-build/Il2CppOutputProject/IL2CPP/libil2cpp/icalls/mscorlib/System.Diagnostics/Debugger.cpp
[1099/3487  0s] CopyFiles /Users/tuantu/Desktop/dev/AI/mobile/game_df/ios-build/Il2CppOutputProject/IL2CPP/libil2cpp/icalls/mscorlib/Mono/SafeStringMarshal.h
[1100/3487  0s] CopyFiles /Users/tuantu/Desktop/dev/AI/mobile/game_df/ios-build/Il2CppOutputProject/IL2CPP/libil2cpp/icalls/mscorlib/System.Globalization/CalendarData.cpp
[1101/3487  0s] CopyFiles /Users/tuantu/Desktop/dev/AI/mobile/game_df/ios-build/Il2CppOutputProject/IL2CPP/libil2cpp/icalls/mscorlib/Mono/RuntimeMarshal.h
[1102/3487  0s] CopyFiles /Users/tuantu/Desktop/dev/AI/mobile/game_df/ios-build/Il2CppOutputProject/IL2CPP/libil2cpp/icalls/mscorlib/Mono/RuntimeGPtrArrayHandle.cpp
[1103/3487  0s] CopyFiles /Users/tuantu/Desktop/dev/AI/mobile/game_df/ios-build/Il2CppOutputProject/IL2CPP/libil2cpp/icalls/mscorlib/Mono/RuntimeMarshal.cpp
[1104/3487  0s] CopyFiles /Users/tuantu/Desktop/dev/AI/mobile/game_df/ios-build/Il2CppOutputProject/IL2CPP/libil2cpp/icalls/mscorlib/Mono/RuntimeClassHandle.cpp
[1105/3487  0s] CopyFiles /Users/tuantu/Desktop/dev/AI/mobile/game_df/ios-build/Il2CppOutputProject/IL2CPP/libil2cpp/icalls/mscorlib/Mono/Runtime.h
[1106/3487  0s] CopyFiles /Users/tuantu/Desktop/dev/AI/mobile/game_df/ios-build/Il2CppOutputProject/IL2CPP/libil2cpp/icalls/mscorlib/Mono/RuntimeGPtrArrayHandle.h
[1107/3487  0s] CopyFiles /Users/tuantu/Desktop/dev/AI/mobile/game_df/ios-build/Il2CppOutputProject/IL2CPP/libil2cpp/icalls/mscorlib/Mono/RuntimeClassHandle.h
[1108/3487  0s] CopyFiles /Users/tuantu/Desktop/dev/AI/mobile/game_df/ios-build/Il2CppOutputProject/IL2CPP/libil2cpp/icalls/mscorlib/Mono/Runtime.cpp
[1109/3487  0s] CopyFiles /Users/tuantu/Desktop/dev/AI/mobile/game_df/ios-build/Il2CppOutputProject/IL2CPP/libil2cpp/icalls/mscorlib/Mono.Security.Cryptography/KeyPairPersistence.h
[1110/3487  0s] CopyFiles /Users/tuantu/Desktop/dev/AI/mobile/game_df/ios-build/Il2CppOutputProject/IL2CPP/libil2cpp/icalls/mscorlib/Mono.Unity/UnityTls.h
[1111/3487  0s] CopyFiles /Users/tuantu/Desktop/dev/AI/mobile/game_df/ios-build/Il2CppOutputProject/IL2CPP/libil2cpp/icalls/mscorlib/Mono.Unity/UnityTls.cpp
[1112/3487  0s] CopyFiles /Users/tuantu/Desktop/dev/AI/mobile/game_df/ios-build/Il2CppOutputProject/IL2CPP/libil2cpp/icalls/mscorlib/Microsoft.Win32/NativeMethods.h
[1113/3487  0s] CopyFiles /Users/tuantu/Desktop/dev/AI/mobile/game_df/ios-build/Il2CppOutputProject/IL2CPP/libil2cpp/icalls/mscorlib/Mono.Security.Cryptography/KeyPairPersistence.cpp
[1114/3487  0s] CopyFiles /Users/tuantu/Desktop/dev/AI/mobile/game_df/ios-build/Il2CppOutputProject/IL2CPP/libil2cpp/icalls/mscorlib/Interop.h
[1115/3487  0s] CopyFiles /Users/tuantu/Desktop/dev/AI/mobile/game_df/ios-build/Il2CppOutputProject/IL2CPP/libil2cpp/icalls/mscorlib/Microsoft.Win32/NativeMethods.cpp
[1116/3487  0s] CopyFiles /Users/tuantu/Desktop/dev/AI/mobile/game_df/ios-build/Il2CppOutputProject/IL2CPP/libil2cpp/gc/WriteBarrier.cpp
[1117/3487  0s] CopyFiles /Users/tuantu/Desktop/dev/AI/mobile/game_df/ios-build/Il2CppOutputProject/IL2CPP/libil2cpp/gc/NullGC.cpp
[1118/3487  0s] CopyFiles /Users/tuantu/Desktop/dev/AI/mobile/game_df/ios-build/Il2CppOutputProject/IL2CPP/libil2cpp/gc/gc_wrapper.h
[1119/3487  0s] CopyFiles /Users/tuantu/Desktop/dev/AI/mobile/game_df/ios-build/Il2CppOutputProject/IL2CPP/libil2cpp/icalls/mscorlib/Interop.cpp
[1120/3487  0s] CopyFiles /Users/tuantu/Desktop/dev/AI/mobile/game_df/ios-build/Il2CppOutputProject/IL2CPP/libil2cpp/gc/WriteBarrierValidation.cpp
[1121/3487  0s] CopyFiles /Users/tuantu/Desktop/dev/AI/mobile/game_df/ios-build/Il2CppOutputProject/IL2CPP/libil2cpp/gc/WriteBarrierValidation.h
[1122/3487  0s] CopyFiles /Users/tuantu/Desktop/dev/AI/mobile/game_df/ios-build/Il2CppOutputProject/IL2CPP/libil2cpp/gc/WriteBarrier.h
[1123/3487  0s] CopyFiles /Users/tuantu/Desktop/dev/AI/mobile/game_df/ios-build/Il2CppOutputProject/IL2CPP/libil2cpp/gc/AppendOnlyGCHashMap.h
[1124/3487  0s] CopyFiles /Users/tuantu/Desktop/dev/AI/mobile/game_df/ios-build/Il2CppOutputProject/IL2CPP/libil2cpp/icalls/mscorlib/System.Globalization/Generated/CultureInfoTablesNet_4_0.h
[1125/3487  0s] CopyFiles /Users/tuantu/Desktop/dev/AI/mobile/game_df/ios-build/Il2CppOutputProject/IL2CPP/libil2cpp/gc/GCHandle.h
[1126/3487  0s] CopyFiles /Users/tuantu/Desktop/dev/AI/mobile/game_df/ios-build/Il2CppOutputProject/IL2CPP/libil2cpp/gc/Allocator.h
[1127/3487  0s] CopyFiles /Users/tuantu/Desktop/dev/AI/mobile/game_df/ios-build/Il2CppOutputProject/IL2CPP/libil2cpp/gc/GCHandle.cpp
[1128/3487  0s] CopyFiles /Users/tuantu/Desktop/dev/AI/mobile/game_df/ios-build/Il2CppOutputProject/IL2CPP/libil2cpp/gc/GarbageCollector.h
[1129/3487  0s] CopyFiles /Users/tuantu/Desktop/dev/AI/mobile/game_df/ios-build/Il2CppOutputProject/IL2CPP/libil2cpp/gc/GarbageCollector.cpp
[1130/3487  0s] CopyFiles /Users/tuantu/Desktop/dev/AI/mobile/game_df/ios-build/Il2CppOutputProject/IL2CPP/libil2cpp/codegen/il2cpp-codegen.cpp
[1131/3487  0s] CopyFiles /Users/tuantu/Desktop/dev/AI/mobile/game_df/ios-build/Il2CppOutputProject/IL2CPP/libil2cpp/codegen/il2cpp-codegen-oldintrinsics.h
[1132/3487  0s] CopyFiles /Users/tuantu/Desktop/dev/AI/mobile/game_df/ios-build/Il2CppOutputProject/IL2CPP/libil2cpp/debugger/il2cpp-api-debugger.h
[1133/3487  0s] CopyFiles /Users/tuantu/Desktop/dev/AI/mobile/game_df/ios-build/Il2CppOutputProject/IL2CPP/libil2cpp/codegen/il2cpp-codegen.h
[1134/3487  0s] CopyFiles /Users/tuantu/Desktop/dev/AI/mobile/game_df/ios-build/Il2CppOutputProject/IL2CPP/libil2cpp/debugger/il2cpp-api-debugger.cpp
[1135/3487  0s] CopyFiles /Users/tuantu/Desktop/dev/AI/mobile/game_df/ios-build/Il2CppOutputProject/IL2CPP/libil2cpp/gc/BoehmGC.cpp
[1136/3487  0s] CopyFiles /Users/tuantu/Desktop/dev/AI/mobile/game_df/ios-build/Il2CppOutputProject/IL2CPP/libil2cpp/codegen/il2cpp-codegen-oldintrinsics.cpp
[1137/3487  0s] CopyFiles /Users/tuantu/Desktop/dev/AI/mobile/game_df/ios-build/Il2CppOutputProject/IL2CPP/libil2cpp/codegen/il2cpp-codegen-metadata.h
[1138/3487  0s] CopyFiles /Users/tuantu/Desktop/dev/AI/mobile/game_df/ios-build/Il2CppOutputProject/IL2CPP/libil2cpp/char-conversions.h
[1139/3487  0s] CopyFiles /Users/tuantu/Desktop/dev/AI/mobile/game_df/ios-build/Il2CppOutputProject/IL2CPP/external/zlib-unity/zutil.c
[1140/3487  0s] CopyFiles /Users/tuantu/Desktop/dev/AI/mobile/game_df/ios-build/Il2CppOutputProject/IL2CPP/external/zlib-unity/uncompr.c
[1141/3487  0s] CopyFiles /Users/tuantu/Desktop/dev/AI/mobile/game_df/ios-build/Il2CppOutputProject/IL2CPP/external/zlib-unity/zutil.h
[1142/3487  0s] CopyFiles /Users/tuantu/Desktop/dev/AI/mobile/game_df/ios-build/Il2CppOutputProject/IL2CPP/external/zlib-unity/README
[1143/3487  0s] CopyFiles /Users/tuantu/Desktop/dev/AI/mobile/game_df/ios-build/Il2CppOutputProject/IL2CPP/external/zlib-unity/trees.h
[1144/3487  0s] CopyFiles /Users/tuantu/Desktop/dev/AI/mobile/game_df/ios-build/Il2CppOutputProject/IL2CPP/external/zlib-unity/inflate.h
[1145/3487  0s] CopyFiles /Users/tuantu/Desktop/dev/AI/mobile/game_df/ios-build/Il2CppOutputProject/IL2CPP/external/zlib-unity/zconf.h
[1146/3487  0s] CopyFiles /Users/tuantu/Desktop/dev/AI/mobile/game_df/ios-build/Il2CppOutputProject/IL2CPP/external/zlib-unity/inffixed.h
[1147/3487  0s] CopyFiles /Users/tuantu/Desktop/dev/AI/mobile/game_df/ios-build/Il2CppOutputProject/IL2CPP/external/zlib-unity/inftrees.c
[1148/3487  0s] CopyFiles /Users/tuantu/Desktop/dev/AI/mobile/game_df/ios-build/Il2CppOutputProject/IL2CPP/external/zlib-unity/inffast.h
[1149/3487  0s] CopyFiles /Users/tuantu/Desktop/dev/AI/mobile/game_df/ios-build/Il2CppOutputProject/IL2CPP/external/zlib-unity/inffast.c
[1150/3487  0s] CopyFiles /Users/tuantu/Desktop/dev/AI/mobile/game_df/ios-build/Il2CppOutputProject/IL2CPP/external/zlib-unity/inftrees.h
[1151/3487  0s] CopyFiles /Users/tuantu/Desktop/dev/AI/mobile/game_df/ios-build/Il2CppOutputProject/IL2CPP/external/zlib-unity/trees.c
[1152/3487  0s] CopyFiles /Users/tuantu/Desktop/dev/AI/mobile/game_df/ios-build/Il2CppOutputProject/IL2CPP/external/zlib-unity/gzguts.h
[1153/3487  0s] CopyFiles /Users/tuantu/Desktop/dev/AI/mobile/game_df/ios-build/Il2CppOutputProject/IL2CPP/external/zlib-unity/gzlib.c
[1154/3487  0s] CopyFiles /Users/tuantu/Desktop/dev/AI/mobile/game_df/ios-build/Il2CppOutputProject/IL2CPP/external/zlib-unity/inflate.c
[1155/3487  0s] CopyFiles /Users/tuantu/Desktop/dev/AI/mobile/game_df/ios-build/Il2CppOutputProject/IL2CPP/external/zlib-unity/deflate.h
[1156/3487  0s] CopyFiles /Users/tuantu/Desktop/dev/AI/mobile/game_df/ios-build/Il2CppOutputProject/IL2CPP/external/zlib-unity/infback.c
[1157/3487  0s] CopyFiles /Users/tuantu/Desktop/dev/AI/mobile/game_df/ios-build/Il2CppOutputProject/IL2CPP/external/zlib-unity/gzwrite.c
[1158/3487  0s] CopyFiles /Users/tuantu/Desktop/dev/AI/mobile/game_df/ios-build/Il2CppOutputProject/IL2CPP/external/zlib-unity/zlib.h
[1159/3487  0s] CopyFiles /Users/tuantu/Desktop/dev/AI/mobile/game_df/ios-build/Il2CppOutputProject/IL2CPP/external/zlib-unity/adler32.c
[1160/3487  0s] CopyFiles /Users/tuantu/Desktop/dev/AI/mobile/game_df/ios-build/Il2CppOutputProject/IL2CPP/external/zlib-unity/crc32.c
[1161/3487  0s] CopyFiles /Users/tuantu/Desktop/dev/AI/mobile/game_df/ios-build/Il2CppOutputProject/IL2CPP/external/zlib-unity/deflate.c
[1162/3487  0s] CopyFiles /Users/tuantu/Desktop/dev/AI/mobile/game_df/ios-build/Il2CppOutputProject/IL2CPP/external/xxHash/README.md
[1163/3487  0s] CopyFiles /Users/tuantu/Desktop/dev/AI/mobile/game_df/ios-build/Il2CppOutputProject/IL2CPP/external/zlib-unity/gzread.c
[1164/3487  0s] CopyFiles /Users/tuantu/Desktop/dev/AI/mobile/game_df/ios-build/Il2CppOutputProject/IL2CPP/external/zlib-unity/gzclose.c
[1165/3487  0s] CopyFiles /Users/tuantu/Desktop/dev/AI/mobile/game_df/ios-build/Il2CppOutputProject/IL2CPP/external/xxHash/cmake_unofficial/README.md
[1166/3487  0s] CopyFiles /Users/tuantu/Desktop/dev/AI/mobile/game_df/ios-build/Il2CppOutputProject/IL2CPP/external/xamarin-android/README
[1167/3487  0s] CopyFiles /Users/tuantu/Desktop/dev/AI/mobile/game_df/ios-build/Il2CppOutputProject/IL2CPP/external/xamarin-android/xamarin_getifaddrs.h
[1168/3487  0s] CopyFiles /Users/tuantu/Desktop/dev/AI/mobile/game_df/ios-build/Il2CppOutputProject/IL2CPP/external/xxHash/xxhash.h
[1169/3487  0s] CopyFiles /Users/tuantu/Desktop/dev/AI/mobile/game_df/ios-build/Il2CppOutputProject/IL2CPP/external/xxHash/xxh3.h
[1170/3487  0s] CopyFiles /Users/tuantu/Desktop/dev/AI/mobile/game_df/ios-build/Il2CppOutputProject/IL2CPP/libil2cpp/char-conversions.cpp
[1171/3487  0s] CopyFiles /Users/tuantu/Desktop/dev/AI/mobile/game_df/ios-build/Il2CppOutputProject/IL2CPP/external/xamarin-android/monodroid.h
[1172/3487  0s] CopyFiles /Users/tuantu/Desktop/dev/AI/mobile/game_df/ios-build/Il2CppOutputProject/IL2CPP/external/xxHash/xxhash.c
[1173/3487  0s] CopyFiles /Users/tuantu/Desktop/dev/AI/mobile/game_df/ios-build/Il2CppOutputProject/IL2CPP/external/xamarin-android/logger.h
[1174/3487  0s] CopyFiles /Users/tuantu/Desktop/dev/AI/mobile/game_df/ios-build/Il2CppOutputProject/IL2CPP/external/zlib-unity/crc32.h
[1175/3487  0s] CopyFiles /Users/tuantu/Desktop/dev/AI/mobile/game_df/ios-build/Il2CppOutputProject/IL2CPP/external/xamarin-android/xamarin_getifaddrs.c
[1176/3487  0s] CopyFiles /Users/tuantu/Desktop/dev/AI/mobile/game_df/ios-build/Il2CppOutputProject/IL2CPP/external/mono/support/libm/complex.h
[1177/3487  0s] CopyFiles /Users/tuantu/Desktop/dev/AI/mobile/game_df/ios-build/Il2CppOutputProject/IL2CPP/external/mono/support/libm/complex.c
[1178/3487  0s] CopyFiles /Users/tuantu/Desktop/dev/AI/mobile/game_df/ios-build/Il2CppOutputProject/IL2CPP/external/mono/mono/utils/ward.h
[1179/3487  0s] CopyFiles /Users/tuantu/Desktop/dev/AI/mobile/game_df/ios-build/Il2CppOutputProject/IL2CPP/external/mono/mono/utils/w32api.h
[1180/3487  0s] CopyFiles /Users/tuantu/Desktop/dev/AI/mobile/game_df/ios-build/Il2CppOutputProject/IL2CPP/external/mono/mono/utils/unlocked.h
[1181/3487  0s] CopyFiles /Users/tuantu/Desktop/dev/AI/mobile/game_df/ios-build/Il2CppOutputProject/IL2CPP/external/mono/support/libm/math_private.h
[1182/3487  0s] CopyFiles /Users/tuantu/Desktop/dev/AI/mobile/game_df/ios-build/Il2CppOutputProject/IL2CPP/external/mono/mono/utils/w32subset.h
[1183/3487  0s] CopyFiles /Users/tuantu/Desktop/dev/AI/mobile/game_df/ios-build/Il2CppOutputProject/IL2CPP/external/mono/mono/utils/unity-time.c
[1184/3487  0s] CopyFiles /Users/tuantu/Desktop/dev/AI/mobile/game_df/ios-build/Il2CppOutputProject/IL2CPP/external/mono/mono/utils/strenc.c
[1185/3487  0s] CopyFiles /Users/tuantu/Desktop/dev/AI/mobile/game_df/ios-build/Il2CppOutputProject/IL2CPP/external/mono/mono/utils/strenc.h
[1186/3487  0s] CopyFiles /Users/tuantu/Desktop/dev/AI/mobile/game_df/ios-build/Il2CppOutputProject/IL2CPP/external/mono/mono/utils/strenc-internals.h
[1187/3487  0s] CopyFiles /Users/tuantu/Desktop/dev/AI/mobile/game_df/ios-build/Il2CppOutputProject/IL2CPP/external/mono/mono/utils/os-event-win32.c
[1188/3487  0s] CopyFiles /Users/tuantu/Desktop/dev/AI/mobile/game_df/ios-build/Il2CppOutputProject/IL2CPP/external/mono/mono/utils/refcount.h
[1189/3487  0s] CopyFiles /Users/tuantu/Desktop/dev/AI/mobile/game_df/ios-build/Il2CppOutputProject/IL2CPP/external/mono/mono/utils/parse.c
[1190/3487  0s] CopyFiles /Users/tuantu/Desktop/dev/AI/mobile/game_df/ios-build/Il2CppOutputProject/IL2CPP/external/mono/mono/utils/os-event.h
[1191/3487  0s] CopyFiles /Users/tuantu/Desktop/dev/AI/mobile/game_df/ios-build/Il2CppOutputProject/IL2CPP/external/mono/mono/utils/parse.h
[1192/3487  0s] CopyFiles /Users/tuantu/Desktop/dev/AI/mobile/game_df/ios-build/Il2CppOutputProject/IL2CPP/external/mono/mono/utils/os-event-unix.c
[1193/3487  0s] CopyFiles /Users/tuantu/Desktop/dev/AI/mobile/game_df/ios-build/Il2CppOutputProject/IL2CPP/external/mono/mono/utils/os-event-unity.c
[1194/3487  0s] CopyFiles /Users/tuantu/Desktop/dev/AI/mobile/game_df/ios-build/Il2CppOutputProject/IL2CPP/external/mono/mono/utils/networking-missing.c
[1195/3487  0s] CopyFiles /Users/tuantu/Desktop/dev/AI/mobile/game_df/ios-build/Il2CppOutputProject/IL2CPP/external/mono/mono/utils/networking-unity.c
[1196/3487  0s] CopyFiles /Users/tuantu/Desktop/dev/AI/mobile/game_df/ios-build/Il2CppOutputProject/IL2CPP/external/mono/mono/utils/networking-posix.c
[1197/3487  0s] CopyFiles /Users/tuantu/Desktop/dev/AI/mobile/game_df/ios-build/Il2CppOutputProject/IL2CPP/external/mono/mono/utils/networking.c
[1198/3487  0s] CopyFiles /Users/tuantu/Desktop/dev/AI/mobile/game_df/ios-build/Il2CppOutputProject/IL2CPP/external/mono/mono/utils/mono-value-hash.h
[1199/3487  0s] CopyFiles /Users/tuantu/Desktop/dev/AI/mobile/game_df/ios-build/Il2CppOutputProject/IL2CPP/external/mono/mono/utils/monobitset.h
[1200/3487  0s] CopyFiles /Users/tuantu/Desktop/dev/AI/mobile/game_df/ios-build/Il2CppOutputProject/IL2CPP/external/mono/mono/utils/networking-windows.c
[1201/3487  0s] CopyFiles /Users/tuantu/Desktop/dev/AI/mobile/game_df/ios-build/Il2CppOutputProject/IL2CPP/external/mono/mono/utils/networking.h
[1202/3487  0s] CopyFiles /Users/tuantu/Desktop/dev/AI/mobile/game_df/ios-build/Il2CppOutputProject/IL2CPP/external/mono/mono/utils/mono-uri.h
[1203/3487  0s] CopyFiles /Users/tuantu/Desktop/dev/AI/mobile/game_df/ios-build/Il2CppOutputProject/IL2CPP/external/mono/mono/utils/valgrind.h
[1204/3487  0s] CopyFiles /Users/tuantu/Desktop/dev/AI/mobile/game_df/ios-build/Il2CppOutputProject/IL2CPP/external/mono/mono/utils/monobitset.c
[1205/3487  0s] CopyFiles /Users/tuantu/Desktop/dev/AI/mobile/game_df/ios-build/Il2CppOutputProject/IL2CPP/external/mono/mono/utils/mono-value-hash.c
[1206/3487  0s] CopyFiles /Users/tuantu/Desktop/dev/AI/mobile/game_df/ios-build/Il2CppOutputProject/IL2CPP/external/mono/mono/utils/mono-tls.h
[1207/3487  0s] CopyFiles /Users/tuantu/Desktop/dev/AI/mobile/game_df/ios-build/Il2CppOutputProject/IL2CPP/external/mono/mono/utils/mono-uri.c
[1208/3487  0s] CopyFiles /Users/tuantu/Desktop/dev/AI/mobile/game_df/ios-build/Il2CppOutputProject/IL2CPP/external/mono/mono/utils/mono-time.h
[1209/3487  0s] CopyFiles /Users/tuantu/Desktop/dev/AI/mobile/game_df/ios-build/Il2CppOutputProject/IL2CPP/external/mono/mono/utils/mono-tls-inline.h
[1210/3487  0s] CopyFiles /Users/tuantu/Desktop/dev/AI/mobile/game_df/ios-build/Il2CppOutputProject/IL2CPP/external/mono/mono/utils/mono-tls.c
[1211/3487  0s] CopyFiles /Users/tuantu/Desktop/dev/AI/mobile/game_df/ios-build/Il2CppOutputProject/IL2CPP/external/mono/mono/utils/mono-threads-unity.c
[1212/3487  0s] CopyFiles /Users/tuantu/Desktop/dev/AI/mobile/game_df/ios-build/Il2CppOutputProject/IL2CPP/external/mono/mono/utils/mono-threads.h
[1213/3487  0s] CopyFiles /Users/tuantu/Desktop/dev/AI/mobile/game_df/ios-build/Il2CppOutputProject/IL2CPP/external/mono/mono/utils/mono-threads-windows.c
[1214/3487  0s] CopyFiles /Users/tuantu/Desktop/dev/AI/mobile/game_df/ios-build/Il2CppOutputProject/IL2CPP/external/mono/mono/utils/mono-threads.c
[1215/3487  0s] CopyFiles /Users/tuantu/Desktop/dev/AI/mobile/game_df/ios-build/Il2CppOutputProject/IL2CPP/external/mono/mono/utils/mono-threads-state-machine.c
[1216/3487  0s] CopyFiles /Users/tuantu/Desktop/dev/AI/mobile/game_df/ios-build/Il2CppOutputProject/IL2CPP/external/mono/mono/utils/mono-threads-mach.c
[1217/3487  0s] CopyFiles /Users/tuantu/Desktop/dev/AI/mobile/game_df/ios-build/Il2CppOutputProject/IL2CPP/external/mono/mono/utils/mono-threads-posix.c
[1218/3487  0s] CopyFiles /Users/tuantu/Desktop/dev/AI/mobile/game_df/ios-build/Il2CppOutputProject/IL2CPP/external/mono/mono/utils/mono-threads-mach-helper.c
[1219/3487  0s] CopyFiles /Users/tuantu/Desktop/dev/AI/mobile/game_df/ios-build/Il2CppOutputProject/IL2CPP/external/mono/mono/utils/mono-threads-posix-signals.c
[1220/3487  0s] CopyFiles /Users/tuantu/Desktop/dev/AI/mobile/game_df/ios-build/Il2CppOutputProject/IL2CPP/external/mono/mono/utils/mono-threads-coop.h
[1221/3487  0s] CopyFiles /Users/tuantu/Desktop/dev/AI/mobile/game_df/ios-build/Il2CppOutputProject/IL2CPP/external/mono/mono/utils/mono-threads-debug.h
[1222/3487  0s] CopyFiles /Users/tuantu/Desktop/dev/AI/mobile/game_df/ios-build/Il2CppOutputProject/IL2CPP/external/mono/mono/utils/mono-stdlib.h
[1223/3487  0s] CopyFiles /Users/tuantu/Desktop/dev/AI/mobile/game_df/ios-build/Il2CppOutputProject/IL2CPP/external/mono/mono/utils/mono-threads-api.h
[1224/3487  0s] CopyFiles /Users/tuantu/Desktop/dev/AI/mobile/game_df/ios-build/Il2CppOutputProject/IL2CPP/external/mono/mono/utils/mono-threads-android.c
[1225/3487  0s] CopyFiles /Users/tuantu/Desktop/dev/AI/mobile/game_df/ios-build/Il2CppOutputProject/IL2CPP/external/mono/mono/utils/mono-stdlib.c
[1226/3487  0s] CopyFiles /Users/tuantu/Desktop/dev/AI/mobile/game_df/ios-build/Il2CppOutputProject/IL2CPP/external/mono/mono/utils/mono-string.h
[1227/3487  0s] CopyFiles /Users/tuantu/Desktop/dev/AI/mobile/game_df/ios-build/Il2CppOutputProject/IL2CPP/external/mono/mono/utils/mono-threads-coop.c
[1228/3487  0s] CopyFiles /Users/tuantu/Desktop/dev/AI/mobile/game_df/ios-build/Il2CppOutputProject/IL2CPP/external/mono/mono/utils/mono-stack-unwinding.h
[1229/3487  0s] CopyFiles /Users/tuantu/Desktop/dev/AI/mobile/game_df/ios-build/Il2CppOutputProject/IL2CPP/external/mono/mono/utils/mono-property-hash.h
[1230/3487  0s] CopyFiles /Users/tuantu/Desktop/dev/AI/mobile/game_df/ios-build/Il2CppOutputProject/IL2CPP/external/mono/mono/utils/mono-signal-handler.h
[1231/3487  0s] CopyFiles /Users/tuantu/Desktop/dev/AI/mobile/game_df/ios-build/Il2CppOutputProject/IL2CPP/external/mono/mono/utils/mono-rand.h
[1232/3487  0s] CopyFiles /Users/tuantu/Desktop/dev/AI/mobile/game_df/ios-build/Il2CppOutputProject/IL2CPP/external/mono/mono/utils/mono-publib.h
[1233/3487  0s] CopyFiles /Users/tuantu/Desktop/dev/AI/mobile/game_df/ios-build/Il2CppOutputProject/IL2CPP/external/mono/mono/utils/mono-sha1.c
[1234/3487  0s] CopyFiles /Users/tuantu/Desktop/dev/AI/mobile/game_df/ios-build/Il2CppOutputProject/IL2CPP/external/mono/mono/utils/mono-publib.c
[1235/3487  0s] CopyFiles /Users/tuantu/Desktop/dev/AI/mobile/game_df/ios-build/Il2CppOutputProject/IL2CPP/external/mono/mono/utils/mono-sigcontext.h
[1236/3487  0s] CopyFiles /Users/tuantu/Desktop/dev/AI/mobile/game_df/ios-build/Il2CppOutputProject/IL2CPP/external/mono/mono/utils/mono-property-hash.c
[1237/3487  0s] CopyFiles /Users/tuantu/Desktop/dev/AI/mobile/game_df/ios-build/Il2CppOutputProject/IL2CPP/external/mono/mono/utils/mono-proclib.h
[1238/3487  0s] CopyFiles /Users/tuantu/Desktop/dev/AI/mobile/game_df/ios-build/Il2CppOutputProject/IL2CPP/external/mono/mono/utils/mono-poll.h
[1239/3487  0s] CopyFiles /Users/tuantu/Desktop/dev/AI/mobile/game_df/ios-build/Il2CppOutputProject/IL2CPP/external/mono/mono/utils/mono-proclib-windows.c
[1240/3487  0s] CopyFiles /Users/tuantu/Desktop/dev/AI/mobile/game_df/ios-build/Il2CppOutputProject/IL2CPP/external/mono/mono/utils/mono-poll.c
[1241/3487  0s] CopyFiles /Users/tuantu/Desktop/dev/AI/mobile/game_df/ios-build/Il2CppOutputProject/IL2CPP/external/mono/mono/utils/mono-path.c
[1242/3487  0s] CopyFiles /Users/tuantu/Desktop/dev/AI/mobile/game_df/ios-build/Il2CppOutputProject/IL2CPP/external/mono/mono/utils/mono-path.h
[1243/3487  0s] CopyFiles /Users/tuantu/Desktop/dev/AI/mobile/game_df/ios-build/Il2CppOutputProject/IL2CPP/external/mono/mono/utils/mono-os-wait-win32.c
[1244/3487  0s] CopyFiles /Users/tuantu/Desktop/dev/AI/mobile/game_df/ios-build/Il2CppOutputProject/IL2CPP/external/mono/mono/utils/mono-os-wait-win32-uwp.c
[1245/3487  0s] CopyFiles /Users/tuantu/Desktop/dev/AI/mobile/game_df/ios-build/Il2CppOutputProject/IL2CPP/external/mono/mono/utils/mono-proclib.c
[1246/3487  0s] CopyFiles /Users/tuantu/Desktop/dev/AI/mobile/game_df/ios-build/Il2CppOutputProject/IL2CPP/external/mono/mono/utils/mono-os-semaphore-win32.c
[1247/3487  0s] CopyFiles /Users/tuantu/Desktop/dev/AI/mobile/game_df/ios-build/Il2CppOutputProject/IL2CPP/external/mono/mono/utils/mono-os-wait.h
[1248/3487  0s] CopyFiles /Users/tuantu/Desktop/dev/AI/mobile/game_df/ios-build/Il2CppOutputProject/IL2CPP/external/mono/mono/utils/mono-once.h
[1249/3487  0s] CopyFiles /Users/tuantu/Desktop/dev/AI/mobile/game_df/ios-build/Il2CppOutputProject/IL2CPP/external/mono/mono/utils/mono-os-semaphore.h
[1250/3487  0s] CopyFiles /Users/tuantu/Desktop/dev/AI/mobile/game_df/ios-build/Il2CppOutputProject/IL2CPP/external/mono/mono/utils/mono-os-mutex.h
[1251/3487  0s] CopyFiles /Users/tuantu/Desktop/dev/AI/mobile/game_df/ios-build/Il2CppOutputProject/IL2CPP/external/mono/mono/utils/mono-networkinterfaces.h
[1252/3487  0s] CopyFiles /Users/tuantu/Desktop/dev/AI/mobile/game_df/ios-build/Il2CppOutputProject/IL2CPP/external/mono/mono/utils/mono-networkinterfaces.c
[1253/3487  0s] CopyFiles /Users/tuantu/Desktop/dev/AI/mobile/game_df/ios-build/Il2CppOutputProject/IL2CPP/external/mono/mono/utils/mono-os-mutex.c
[1254/3487  0s] CopyFiles /Users/tuantu/Desktop/dev/AI/mobile/game_df/ios-build/Il2CppOutputProject/IL2CPP/external/mono/mono/utils/mono-mmap.h
[1255/3487  0s] CopyFiles /Users/tuantu/Desktop/dev/AI/mobile/game_df/ios-build/Il2CppOutputProject/IL2CPP/external/mono/mono/utils/mono-mmap-internals.h
[1256/3487  0s] CopyFiles /Users/tuantu/Desktop/dev/AI/mobile/game_df/ios-build/Il2CppOutputProject/IL2CPP/external/mono/mono/utils/mono-mmap-windows.c
[1257/3487  0s] CopyFiles /Users/tuantu/Desktop/dev/AI/mobile/game_df/ios-build/Il2CppOutputProject/IL2CPP/external/mono/mono/utils/mono-mmap-windows-internals.h
[1258/3487  0s] CopyFiles /Users/tuantu/Desktop/dev/AI/mobile/game_df/ios-build/Il2CppOutputProject/IL2CPP/external/mono/mono/utils/mono-memory-model.h
[1259/3487  0s] CopyFiles /Users/tuantu/Desktop/dev/AI/mobile/game_df/ios-build/Il2CppOutputProject/IL2CPP/external/mono/mono/utils/mono-membar.h
[1260/3487  0s] CopyFiles /Users/tuantu/Desktop/dev/AI/mobile/game_df/ios-build/Il2CppOutputProject/IL2CPP/external/mono/mono/utils/mono-mmap.c
[1261/3487  0s] CopyFiles /Users/tuantu/Desktop/dev/AI/mobile/game_df/ios-build/Il2CppOutputProject/IL2CPP/external/mono/mono/utils/mono-math.h
[1262/3487  0s] CopyFiles /Users/tuantu/Desktop/dev/AI/mobile/game_df/ios-build/Il2CppOutputProject/IL2CPP/external/mono/mono/utils/mono-logger.h
[1263/3487  0s] CopyFiles /Users/tuantu/Desktop/dev/AI/mobile/game_df/ios-build/Il2CppOutputProject/IL2CPP/external/mono/mono/utils/mono-machine.h
[1264/3487  0s] CopyFiles /Users/tuantu/Desktop/dev/AI/mobile/game_df/ios-build/Il2CppOutputProject/IL2CPP/external/mono/mono/utils/mono-md5.c
[1265/3487  0s] CopyFiles /Users/tuantu/Desktop/dev/AI/mobile/game_df/ios-build/Il2CppOutputProject/IL2CPP/external/mono/mono/utils/mono-math.c
[1266/3487  0s] CopyFiles /Users/tuantu/Desktop/dev/AI/mobile/game_df/ios-build/Il2CppOutputProject/IL2CPP/external/mono/mono/utils/mono-logger.c
[1267/3487  0s] CopyFiles /Users/tuantu/Desktop/dev/AI/mobile/game_df/ios-build/Il2CppOutputProject/IL2CPP/external/mono/mono/utils/mono-logger-internals.h
[1268/3487  0s] CopyFiles /Users/tuantu/Desktop/dev/AI/mobile/game_df/ios-build/Il2CppOutputProject/IL2CPP/external/mono/mono/utils/mono-log-unity.c
[1269/3487  0s] CopyFiles /Users/tuantu/Desktop/dev/AI/mobile/game_df/ios-build/Il2CppOutputProject/IL2CPP/external/mono/mono/utils/mono-log-posix.c
[1270/3487  0s] CopyFiles /Users/tuantu/Desktop/dev/AI/mobile/game_df/ios-build/Il2CppOutputProject/IL2CPP/external/mono/mono/utils/mono-log-windows.c
[1271/3487  0s] CopyFiles /Users/tuantu/Desktop/dev/AI/mobile/game_df/ios-build/Il2CppOutputProject/IL2CPP/external/mono/mono/utils/mono-log-common.c
[1272/3487  0s] CopyFiles /Users/tuantu/Desktop/dev/AI/mobile/game_df/ios-build/Il2CppOutputProject/IL2CPP/external/mono/mono/utils/mono-log-darwin.c
[1273/3487  0s] CopyFiles /Users/tuantu/Desktop/dev/AI/mobile/game_df/ios-build/Il2CppOutputProject/IL2CPP/external/mono/mono/utils/mono-log-android.c
[1274/3487  0s] CopyFiles /Users/tuantu/Desktop/dev/AI/mobile/game_df/ios-build/Il2CppOutputProject/IL2CPP/external/mono/mono/utils/mono-linked-list-set.h
[1275/3487  0s] CopyFiles /Users/tuantu/Desktop/dev/AI/mobile/game_df/ios-build/Il2CppOutputProject/IL2CPP/external/mono/mono/utils/mono-io-portability.h
[1276/3487  0s] CopyFiles /Users/tuantu/Desktop/dev/AI/mobile/game_df/ios-build/Il2CppOutputProject/IL2CPP/external/mono/mono/utils/mono-lazy-init.h
[1277/3487  0s] CopyFiles /Users/tuantu/Desktop/dev/AI/mobile/game_df/ios-build/Il2CppOutputProject/IL2CPP/external/mono/mono/utils/mono-internal-hash.h
[1278/3487  0s] CopyFiles /Users/tuantu/Desktop/dev/AI/mobile/game_df/ios-build/Il2CppOutputProject/IL2CPP/external/mono/mono/utils/mono-io-portability.c
[1279/3487  0s] CopyFiles /Users/tuantu/Desktop/dev/AI/mobile/game_df/ios-build/Il2CppOutputProject/IL2CPP/external/mono/mono/utils/mono-hwcap.c
[1280/3487  0s] CopyFiles /Users/tuantu/Desktop/dev/AI/mobile/game_df/ios-build/Il2CppOutputProject/IL2CPP/external/mono/mono/utils/mono-internal-hash.c
[1281/3487  0s] CopyFiles /Users/tuantu/Desktop/dev/AI/mobile/game_df/ios-build/Il2CppOutputProject/IL2CPP/external/mono/mono/utils/mono-linked-list-set.c
[1282/3487  0s] CopyFiles /Users/tuantu/Desktop/dev/AI/mobile/game_df/ios-build/Il2CppOutputProject/IL2CPP/external/mono/mono/utils/mono-hwcap.h
[1283/3487  0s] CopyFiles /Users/tuantu/Desktop/dev/AI/mobile/game_df/ios-build/Il2CppOutputProject/IL2CPP/external/mono/mono/utils/mono-hwcap-x86.c
[1284/3487  0s] CopyFiles /Users/tuantu/Desktop/dev/AI/mobile/game_df/ios-build/Il2CppOutputProject/IL2CPP/external/mono/mono/utils/mono-hwcap-web.c
[1285/3487  0s] CopyFiles /Users/tuantu/Desktop/dev/AI/mobile/game_df/ios-build/Il2CppOutputProject/IL2CPP/external/mono/mono/utils/mono-forward-internal.h
[1286/3487  0s] CopyFiles /Users/tuantu/Desktop/dev/AI/mobile/game_df/ios-build/Il2CppOutputProject/IL2CPP/external/mono/mono/utils/mono-hwcap-arm64.c
[1287/3487  0s] CopyFiles /Users/tuantu/Desktop/dev/AI/mobile/game_df/ios-build/Il2CppOutputProject/IL2CPP/external/mono/mono/utils/mono-hwcap-vars.h
[1288/3487  0s] CopyFiles /Users/tuantu/Desktop/dev/AI/mobile/game_df/ios-build/Il2CppOutputProject/IL2CPP/external/mono/mono/utils/mono-forward.h
[1289/3487  0s] CopyFiles /Users/tuantu/Desktop/dev/AI/mobile/game_df/ios-build/Il2CppOutputProject/IL2CPP/external/mono/mono/utils/mono-filemap.c
[1290/3487  0s] CopyFiles /Users/tuantu/Desktop/dev/AI/mobile/game_df/ios-build/Il2CppOutputProject/IL2CPP/external/mono/mono/utils/mono-hwcap-arm.c
[1291/3487  0s] CopyFiles /Users/tuantu/Desktop/dev/AI/mobile/game_df/ios-build/Il2CppOutputProject/IL2CPP/external/mono/mono/utils/mono-error.h
[1292/3487  0s] CopyFiles /Users/tuantu/Desktop/dev/AI/mobile/game_df/ios-build/Il2CppOutputProject/IL2CPP/external/mono/mono/utils/mono-errno.h
[1293/3487  0s] CopyFiles /Users/tuantu/Desktop/dev/AI/mobile/game_df/ios-build/Il2CppOutputProject/IL2CPP/external/mono/mono/utils/mono-dl.h
[1294/3487  0s] CopyFiles /Users/tuantu/Desktop/dev/AI/mobile/game_df/ios-build/Il2CppOutputProject/IL2CPP/external/mono/mono/utils/mono-embed.h
[1295/3487  0s] CopyFiles /Users/tuantu/Desktop/dev/AI/mobile/game_df/ios-build/Il2CppOutputProject/IL2CPP/external/mono/mono/utils/mono-dl-windows-uwp.c
[1296/3487  0s] CopyFiles /Users/tuantu/Desktop/dev/AI/mobile/game_df/ios-build/Il2CppOutputProject/IL2CPP/external/mono/mono/utils/mono-dl-windows.c
[1297/3487  0s] CopyFiles /Users/tuantu/Desktop/dev/AI/mobile/game_df/ios-build/Il2CppOutputProject/IL2CPP/external/mono/mono/utils/mono-dl.c
[1298/3487  0s] CopyFiles /Users/tuantu/Desktop/dev/AI/mobile/game_df/ios-build/Il2CppOutputProject/IL2CPP/external/mono/mono/utils/mono-dl-unity.c
[1299/3487  0s] CopyFiles /Users/tuantu/Desktop/dev/AI/mobile/game_df/ios-build/Il2CppOutputProject/IL2CPP/external/mono/mono/utils/mono-error-internals.h
[1300/3487  0s] CopyFiles /Users/tuantu/Desktop/dev/AI/mobile/game_df/ios-build/Il2CppOutputProject/IL2CPP/external/mono/mono/utils/mono-dl-windows-internals.h
[1301/3487  0s] CopyFiles /Users/tuantu/Desktop/dev/AI/mobile/game_df/ios-build/Il2CppOutputProject/IL2CPP/external/mono/mono/utils/mono-error.c
[1302/3487  0s] CopyFiles /Users/tuantu/Desktop/dev/AI/mobile/game_df/ios-build/Il2CppOutputProject/IL2CPP/external/mono/mono/utils/mono-dl-posix.c
[1303/3487  0s] CopyFiles /Users/tuantu/Desktop/dev/AI/mobile/game_df/ios-build/Il2CppOutputProject/IL2CPP/external/mono/mono/utils/mono-digest.h
[1304/3487  0s] CopyFiles /Users/tuantu/Desktop/dev/AI/mobile/game_df/ios-build/Il2CppOutputProject/IL2CPP/external/mono/mono/utils/mono-dl-darwin.c
[1305/3487  0s] CopyFiles /Users/tuantu/Desktop/dev/AI/mobile/game_df/ios-build/Il2CppOutputProject/IL2CPP/external/mono/mono/utils/mono-dl-fallback.h
[1306/3487  0s] CopyFiles /Users/tuantu/Desktop/dev/AI/mobile/game_df/ios-build/Il2CppOutputProject/IL2CPP/external/mono/mono/utils/mono-coop-semaphore.h
[1307/3487  0s] CopyFiles /Users/tuantu/Desktop/dev/AI/mobile/game_df/ios-build/Il2CppOutputProject/IL2CPP/external/mono/mono/utils/mono-coop-mutex.h
[1308/3487  0s] CopyFiles /Users/tuantu/Desktop/dev/AI/mobile/game_df/ios-build/Il2CppOutputProject/IL2CPP/external/mono/mono/utils/mono-counters.c
[1309/3487  0s] CopyFiles /Users/tuantu/Desktop/dev/AI/mobile/game_df/ios-build/Il2CppOutputProject/IL2CPP/external/mono/mono/utils/mono-counters.h
[1310/3487  0s] CopyFiles /Users/tuantu/Desktop/dev/AI/mobile/game_df/ios-build/Il2CppOutputProject/IL2CPP/external/mono/mono/utils/mono-conc-hashtable.h
[1311/3487  0s] CopyFiles /Users/tuantu/Desktop/dev/AI/mobile/game_df/ios-build/Il2CppOutputProject/IL2CPP/external/mono/mono/utils/mono-complex.h
[1312/3487  0s] CopyFiles /Users/tuantu/Desktop/dev/AI/mobile/game_df/ios-build/Il2CppOutputProject/IL2CPP/external/mono/mono/utils/mono-codeman.h
[1313/3487  0s] CopyFiles /Users/tuantu/Desktop/dev/AI/mobile/game_df/ios-build/Il2CppOutputProject/IL2CPP/external/mono/mono/utils/mono-compiler.h
[1314/3487  0s] CopyFiles /Users/tuantu/Desktop/dev/AI/mobile/game_df/ios-build/Il2CppOutputProject/IL2CPP/external/mono/mono/utils/memcheck.h
[1315/3487  0s] CopyFiles /Users/tuantu/Desktop/dev/AI/mobile/game_df/ios-build/Il2CppOutputProject/IL2CPP/external/mono/mono/utils/mach-support.h
[1316/3487  0s] CopyFiles /Users/tuantu/Desktop/dev/AI/mobile/game_df/ios-build/Il2CppOutputProject/IL2CPP/external/mono/mono/utils/memfuncs.h
[1317/3487  0s] CopyFiles /Users/tuantu/Desktop/dev/AI/mobile/game_df/ios-build/Il2CppOutputProject/IL2CPP/external/mono/mono/utils/mono-conc-hashtable.c
[1318/3487  0s] CopyFiles /Users/tuantu/Desktop/dev/AI/mobile/game_df/ios-build/Il2CppOutputProject/IL2CPP/external/mono/mono/utils/mono-context.c
[1319/3487  0s] CopyFiles /Users/tuantu/Desktop/dev/AI/mobile/game_df/ios-build/Il2CppOutputProject/IL2CPP/external/mono/mono/utils/mono-codeman.c
[1320/3487  0s] CopyFiles /Users/tuantu/Desktop/dev/AI/mobile/game_df/ios-build/Il2CppOutputProject/IL2CPP/external/mono/mono/utils/mach-support.c
[1321/3487  0s] CopyFiles /Users/tuantu/Desktop/dev/AI/mobile/game_df/ios-build/Il2CppOutputProject/IL2CPP/external/mono/mono/utils/mach-support-arm64.c
[1322/3487  0s] CopyFiles /Users/tuantu/Desktop/dev/AI/mobile/game_df/ios-build/Il2CppOutputProject/IL2CPP/external/mono/mono/utils/memfuncs.c
[1323/3487  0s] CopyFiles /Users/tuantu/Desktop/dev/AI/mobile/game_df/ios-build/Il2CppOutputProject/IL2CPP/external/mono/mono/utils/mach-support-amd64.c
[1324/3487  0s] CopyFiles /Users/tuantu/Desktop/dev/AI/mobile/game_df/ios-build/Il2CppOutputProject/IL2CPP/external/mono/mono/utils/mach-support-x86.c
[1325/3487  0s] CopyFiles /Users/tuantu/Desktop/dev/AI/mobile/game_df/ios-build/Il2CppOutputProject/IL2CPP/external/mono/mono/utils/lock-free-queue.c
[1326/3487  0s] CopyFiles /Users/tuantu/Desktop/dev/AI/mobile/game_df/ios-build/Il2CppOutputProject/IL2CPP/external/mono/mono/utils/mono-context.h
[1327/3487  0s] CopyFiles /Users/tuantu/Desktop/dev/AI/mobile/game_df/ios-build/Il2CppOutputProject/IL2CPP/external/mono/mono/utils/lock-free-queue.h
[1328/3487  0s] CopyFiles /Users/tuantu/Desktop/dev/AI/mobile/game_df/ios-build/Il2CppOutputProject/IL2CPP/external/mono/mono/utils/lock-free-alloc.h
[1329/3487  0s] CopyFiles /Users/tuantu/Desktop/dev/AI/mobile/game_df/ios-build/Il2CppOutputProject/IL2CPP/external/mono/mono/utils/lock-free-array-queue.h
[1330/3487  0s] CopyFiles /Users/tuantu/Desktop/dev/AI/mobile/game_df/ios-build/Il2CppOutputProject/IL2CPP/external/mono/mono/utils/lock-free-array-queue.c
[1331/3487  0s] CopyFiles /Users/tuantu/Desktop/dev/AI/mobile/game_df/ios-build/Il2CppOutputProject/IL2CPP/external/mono/mono/utils/json.c
[1332/3487  0s] CopyFiles /Users/tuantu/Desktop/dev/AI/mobile/game_df/ios-build/Il2CppOutputProject/IL2CPP/external/mono/mono/utils/lock-free-alloc.c
[1333/3487  0s] CopyFiles /Users/tuantu/Desktop/dev/AI/mobile/game_df/ios-build/Il2CppOutputProject/IL2CPP/external/mono/mono/utils/hazard-pointer.h
[1334/3487  0s] CopyFiles /Users/tuantu/Desktop/dev/AI/mobile/game_df/ios-build/Il2CppOutputProject/IL2CPP/external/mono/mono/utils/json.h
[1335/3487  0s] CopyFiles /Users/tuantu/Desktop/dev/AI/mobile/game_df/ios-build/Il2CppOutputProject/IL2CPP/external/mono/mono/utils/linux_magic.h
[1336/3487  0s] CopyFiles /Users/tuantu/Desktop/dev/AI/mobile/game_df/ios-build/Il2CppOutputProject/IL2CPP/external/mono/mono/utils/gc_wrapper.h
[1337/3487  0s] CopyFiles /Users/tuantu/Desktop/dev/AI/mobile/game_df/ios-build/Il2CppOutputProject/IL2CPP/external/mono/mono/utils/freebsd-elf_common.h
[1338/3487  0s] CopyFiles /Users/tuantu/Desktop/dev/AI/mobile/game_df/ios-build/Il2CppOutputProject/IL2CPP/external/mono/mono/utils/hazard-pointer.c
[1339/3487  0s] CopyFiles /Users/tuantu/Desktop/dev/AI/mobile/game_df/ios-build/Il2CppOutputProject/IL2CPP/external/mono/mono/utils/freebsd-elf64.h
[1340/3487  0s] CopyFiles /Users/tuantu/Desktop/dev/AI/mobile/game_df/ios-build/Il2CppOutputProject/IL2CPP/external/mono/mono/utils/freebsd-elf32.h
[1341/3487  0s] CopyFiles /Users/tuantu/Desktop/dev/AI/mobile/game_df/ios-build/Il2CppOutputProject/IL2CPP/external/mono/mono/utils/freebsd-dwarf.h
[1342/3487  0s] CopyFiles /Users/tuantu/Desktop/dev/AI/mobile/game_df/ios-build/Il2CppOutputProject/IL2CPP/external/mono/mono/utils/checked-build.h
[1343/3487  0s] CopyFiles /Users/tuantu/Desktop/dev/AI/mobile/game_df/ios-build/Il2CppOutputProject/IL2CPP/external/mono/mono/utils/bsearch.h
[1344/3487  0s] CopyFiles /Users/tuantu/Desktop/dev/AI/mobile/game_df/ios-build/Il2CppOutputProject/IL2CPP/external/mono/mono/utils/dtrace.h
[1345/3487  0s] CopyFiles /Users/tuantu/Desktop/dev/AI/mobile/game_df/ios-build/Il2CppOutputProject/IL2CPP/external/mono/mono/utils/dlmalloc.h
[1346/3487  0s] CopyFiles /Users/tuantu/Desktop/dev/AI/mobile/game_df/ios-build/Il2CppOutputProject/IL2CPP/external/mono/mono/utils/bsearch.c
[1347/3487  0s] CopyFiles /Users/tuantu/Desktop/dev/AI/mobile/game_df/ios-build/Il2CppOutputProject/IL2CPP/external/mono/mono/utils/atomic.c
[1348/3487  0s] CopyFiles /Users/tuantu/Desktop/dev/AI/mobile/game_df/ios-build/Il2CppOutputProject/IL2CPP/external/mono/mono/utils/atomic.h
[1349/3487  0s] CopyFiles /Users/tuantu/Desktop/dev/AI/mobile/game_df/ios-build/Il2CppOutputProject/IL2CPP/external/mono/mono/sgen/sgen-workers.h
[1350/3487  0s] CopyFiles /Users/tuantu/Desktop/dev/AI/mobile/game_df/ios-build/Il2CppOutputProject/IL2CPP/external/mono/mono/sgen/sgen-thread-pool.h
[1351/3487  0s] CopyFiles /Users/tuantu/Desktop/dev/AI/mobile/game_df/ios-build/Il2CppOutputProject/IL2CPP/external/mono/mono/sgen/sgen-workers.c
[1352/3487  0s] CopyFiles /Users/tuantu/Desktop/dev/AI/mobile/game_df/ios-build/Il2CppOutputProject/IL2CPP/external/mono/mono/sgen/sgen-simple-nursery.c
[1353/3487  0s] CopyFiles /Users/tuantu/Desktop/dev/AI/mobile/game_df/ios-build/Il2CppOutputProject/IL2CPP/external/mono/mono/sgen/sgen-tagged-pointer.h
[1354/3487  0s] CopyFiles /Users/tuantu/Desktop/dev/AI/mobile/game_df/ios-build/Il2CppOutputProject/IL2CPP/external/mono/mono/sgen/sgen-thread-pool.c
[1355/3487  0s] CopyFiles /Users/tuantu/Desktop/dev/AI/mobile/game_df/ios-build/Il2CppOutputProject/IL2CPP/external/mono/mono/sgen/sgen-split-nursery.c
[1356/3487  0s] CopyFiles /Users/tuantu/Desktop/dev/AI/mobile/game_df/ios-build/Il2CppOutputProject/IL2CPP/external/mono/mono/sgen/sgen-scan-object.h
[1357/3487  0s] CopyFiles /Users/tuantu/Desktop/dev/AI/mobile/game_df/ios-build/Il2CppOutputProject/IL2CPP/external/mono/mono/sgen/sgen-qsort.h
[1358/3487  0s] CopyFiles /Users/tuantu/Desktop/dev/AI/mobile/game_df/ios-build/Il2CppOutputProject/IL2CPP/external/mono/mono/sgen/sgen-protocol.h
[1359/3487  0s] CopyFiles /Users/tuantu/Desktop/dev/AI/mobile/game_df/ios-build/Il2CppOutputProject/IL2CPP/external/mono/mono/sgen/sgen-qsort.c
[1360/3487  0s] CopyFiles /Users/tuantu/Desktop/dev/AI/mobile/game_df/ios-build/Il2CppOutputProject/IL2CPP/external/mono/mono/sgen/sgen-pointer-queue.c
[1361/3487  0s] CopyFiles /Users/tuantu/Desktop/dev/AI/mobile/game_df/ios-build/Il2CppOutputProject/IL2CPP/external/mono/mono/sgen/sgen-pointer-queue.h
[1362/3487  0s] CopyFiles /Users/tuantu/Desktop/dev/AI/mobile/game_df/ios-build/Il2CppOutputProject/IL2CPP/external/mono/mono/sgen/sgen-protocol.c
[1363/3487  0s] CopyFiles /Users/tuantu/Desktop/dev/AI/mobile/game_df/ios-build/Il2CppOutputProject/IL2CPP/external/mono/mono/utils/dlmalloc.c
[1364/3487  0s] CopyFiles /Users/tuantu/Desktop/dev/AI/mobile/game_df/ios-build/Il2CppOutputProject/IL2CPP/external/mono/mono/sgen/sgen-pinning.h
[1365/3487  0s] CopyFiles /Users/tuantu/Desktop/dev/AI/mobile/game_df/ios-build/Il2CppOutputProject/IL2CPP/external/mono/mono/sgen/sgen-memory-governor.h
[1366/3487  0s] CopyFiles /Users/tuantu/Desktop/dev/AI/mobile/game_df/ios-build/Il2CppOutputProject/IL2CPP/external/mono/mono/sgen/sgen-pinning.c
[1367/3487  0s] CopyFiles /Users/tuantu/Desktop/dev/AI/mobile/game_df/ios-build/Il2CppOutputProject/IL2CPP/external/mono/mono/sgen/sgen-pinning-stats.c
[1368/3487  0s] CopyFiles /Users/tuantu/Desktop/dev/AI/mobile/game_df/ios-build/Il2CppOutputProject/IL2CPP/external/mono/mono/sgen/sgen-minor-copy-object.h
[1369/3487  0s] CopyFiles /Users/tuantu/Desktop/dev/AI/mobile/game_df/ios-build/Il2CppOutputProject/IL2CPP/external/mono/mono/sgen/sgen-minor-scan-object.h
[1370/3487  0s] CopyFiles /Users/tuantu/Desktop/dev/AI/mobile/game_df/ios-build/Il2CppOutputProject/IL2CPP/external/mono/mono/sgen/sgen-protocol-def.h
[1371/3487  0s] CopyFiles /Users/tuantu/Desktop/dev/AI/mobile/game_df/ios-build/Il2CppOutputProject/IL2CPP/external/mono/mono/sgen/sgen-nursery-allocator.c
[1372/3487  0s] CopyFiles /Users/tuantu/Desktop/dev/AI/mobile/game_df/ios-build/Il2CppOutputProject/IL2CPP/external/mono/mono/sgen/sgen-marksweep-drain-gray-stack.h
[1373/3487  0s] CopyFiles /Users/tuantu/Desktop/dev/AI/mobile/game_df/ios-build/Il2CppOutputProject/IL2CPP/external/mono/mono/sgen/sgen-memory-governor.c
[1374/3487  0s] CopyFiles /Users/tuantu/Desktop/dev/AI/mobile/game_df/ios-build/Il2CppOutputProject/IL2CPP/external/mono/mono/sgen/sgen-major-copy-object.h
[1375/3487  0s] CopyFiles /Users/tuantu/Desktop/dev/AI/mobile/game_df/ios-build/Il2CppOutputProject/IL2CPP/external/mono/mono/sgen/sgen-los.c
[1376/3487  0s] CopyFiles /Users/tuantu/Desktop/dev/AI/mobile/game_df/ios-build/Il2CppOutputProject/IL2CPP/external/mono/mono/sgen/sgen-internal.c
[1377/3487  0s] CopyFiles /Users/tuantu/Desktop/dev/AI/mobile/game_df/ios-build/Il2CppOutputProject/IL2CPP/external/mono/mono/sgen/sgen-layout-stats.h
[1378/3487  0s] CopyFiles /Users/tuantu/Desktop/dev/AI/mobile/game_df/ios-build/Il2CppOutputProject/IL2CPP/external/mono/mono/sgen/sgen-hash-table.c
[1379/3487  0s] CopyFiles /Users/tuantu/Desktop/dev/AI/mobile/game_df/ios-build/Il2CppOutputProject/IL2CPP/external/mono/mono/sgen/sgen-layout-stats.c
[1380/3487  0s] CopyFiles /Users/tuantu/Desktop/dev/AI/mobile/game_df/ios-build/Il2CppOutputProject/IL2CPP/external/mono/mono/sgen/sgen-hash-table.h
[1381/3487  0s] CopyFiles /Users/tuantu/Desktop/dev/AI/mobile/game_df/ios-build/Il2CppOutputProject/IL2CPP/external/mono/mono/sgen/sgen-gray.h
[1382/3487  0s] CopyFiles /Users/tuantu/Desktop/dev/AI/mobile/game_df/ios-build/Il2CppOutputProject/IL2CPP/external/mono/mono/sgen/sgen-gchandles.c
[1383/3487  0s] CopyFiles /Users/tuantu/Desktop/dev/AI/mobile/game_df/ios-build/Il2CppOutputProject/IL2CPP/external/mono/mono/sgen/sgen-marksweep.c
[1384/3487  0s] CopyFiles /Users/tuantu/Desktop/dev/AI/mobile/game_df/ios-build/Il2CppOutputProject/IL2CPP/external/mono/mono/sgen/sgen-gray.c
[1385/3487  0s] CopyFiles /Users/tuantu/Desktop/dev/AI/mobile/game_df/ios-build/Il2CppOutputProject/IL2CPP/external/mono/mono/sgen/sgen-fin-weak-hash.c
[1386/3487  0s] CopyFiles /Users/tuantu/Desktop/dev/AI/mobile/game_df/ios-build/Il2CppOutputProject/IL2CPP/external/mono/mono/sgen/sgen-gc.h
[1387/3487  0s] CopyFiles /Users/tuantu/Desktop/dev/AI/mobile/game_df/ios-build/Il2CppOutputProject/IL2CPP/external/mono/mono/sgen/sgen-descriptor.h
[1388/3487  0s] CopyFiles /Users/tuantu/Desktop/dev/AI/mobile/game_df/ios-build/Il2CppOutputProject/IL2CPP/external/mono/mono/sgen/sgen-descriptor.c
[1389/3487  0s] CopyFiles /Users/tuantu/Desktop/dev/AI/mobile/game_df/ios-build/Il2CppOutputProject/IL2CPP/external/mono/mono/sgen/sgen-copy-object.h
[1390/3487  0s] CopyFiles /Users/tuantu/Desktop/dev/AI/mobile/game_df/ios-build/Il2CppOutputProject/IL2CPP/external/mono/mono/sgen/sgen-debug.c
[1391/3487  0s] CopyFiles /Users/tuantu/Desktop/dev/AI/mobile/game_df/ios-build/Il2CppOutputProject/IL2CPP/external/mono/mono/sgen/sgen-client.h
[1392/3487  0s] CopyFiles /Users/tuantu/Desktop/dev/AI/mobile/game_df/ios-build/Il2CppOutputProject/IL2CPP/external/mono/mono/sgen/sgen-conf.h
[1393/3487  0s] CopyFiles /Users/tuantu/Desktop/dev/AI/mobile/game_df/ios-build/Il2CppOutputProject/IL2CPP/external/mono/mono/sgen/sgen-cardtable.h
[1394/3487  0s] CopyFiles /Users/tuantu/Desktop/dev/AI/mobile/game_df/ios-build/Il2CppOutputProject/IL2CPP/external/mono/mono/sgen/sgen-array-list.h
[1395/3487  0s] CopyFiles /Users/tuantu/Desktop/dev/AI/mobile/game_df/ios-build/Il2CppOutputProject/IL2CPP/external/mono/mono/sgen/sgen-array-list.c
[1396/3487  0s] CopyFiles /Users/tuantu/Desktop/dev/AI/mobile/game_df/ios-build/Il2CppOutputProject/IL2CPP/external/mono/mono/sgen/sgen-cardtable.c
[1397/3487  0s] CopyFiles /Users/tuantu/Desktop/dev/AI/mobile/game_df/ios-build/Il2CppOutputProject/IL2CPP/external/mono/mono/sgen/sgen-gc.c
[1398/3487  0s] CopyFiles /Users/tuantu/Desktop/dev/AI/mobile/game_df/ios-build/Il2CppOutputProject/IL2CPP/external/mono/mono/sgen/gc-internal-agnostic.h
[1399/3487  0s] CopyFiles /Users/tuantu/Desktop/dev/AI/mobile/game_df/ios-build/Il2CppOutputProject/IL2CPP/external/mono/mono/sgen/sgen-archdep.h
[1400/3487  0s] CopyFiles /Users/tuantu/Desktop/dev/AI/mobile/game_df/ios-build/Il2CppOutputProject/IL2CPP/external/mono/mono/mini/mini-arm64.h
[1401/3487  0s] CopyFiles /Users/tuantu/Desktop/dev/AI/mobile/game_df/ios-build/Il2CppOutputProject/IL2CPP/external/mono/mono/mini/debugger-state-machine.h
[1402/3487  0s] CopyFiles /Users/tuantu/Desktop/dev/AI/mobile/game_df/ios-build/Il2CppOutputProject/IL2CPP/external/mono/mono/sgen/sgen-alloc.c
[1403/3487  0s] CopyFiles /Users/tuantu/Desktop/dev/AI/mobile/game_df/ios-build/Il2CppOutputProject/IL2CPP/external/mono/mono/mini/debugger-state-machine.c
[1404/3487  0s] CopyFiles /Users/tuantu/Desktop/dev/AI/mobile/game_df/ios-build/Il2CppOutputProject/IL2CPP/external/mono/mono/mini/mini-arm.h
[1405/3487  0s] CopyFiles /Users/tuantu/Desktop/dev/AI/mobile/game_df/ios-build/Il2CppOutputProject/IL2CPP/external/mono/mono/mini/debugger-engine.h
[1406/3487  0s] CopyFiles /Users/tuantu/Desktop/dev/AI/mobile/game_df/ios-build/Il2CppOutputProject/IL2CPP/external/mono/mono/mini/debugger-agent.h
[1407/3487  0s] CopyFiles /Users/tuantu/Desktop/dev/AI/mobile/game_df/ios-build/Il2CppOutputProject/IL2CPP/external/mono/mono/metadata/w32socket.h
[1408/3487  0s] CopyFiles /Users/tuantu/Desktop/dev/AI/mobile/game_df/ios-build/Il2CppOutputProject/IL2CPP/external/mono/mono/mini/debugger-engine.c
[1409/3487  0s] CopyFiles /Users/tuantu/Desktop/dev/AI/mobile/game_df/ios-build/Il2CppOutputProject/IL2CPP/external/mono/mono/metadata/wrapper-types.h
[1410/3487  0s] CopyFiles /Users/tuantu/Desktop/dev/AI/mobile/game_df/ios-build/Il2CppOutputProject/IL2CPP/external/mono/mono/metadata/w32socket-win32.c
[1411/3487  0s] CopyFiles /Users/tuantu/Desktop/dev/AI/mobile/game_df/ios-build/Il2CppOutputProject/IL2CPP/external/mono/mono/metadata/w32semaphore.h
[1412/3487  0s] CopyFiles /Users/tuantu/Desktop/dev/AI/mobile/game_df/ios-build/Il2CppOutputProject/IL2CPP/external/mono/mono/metadata/w32socket-internals.h
[1413/3487  0s] CopyFiles /Users/tuantu/Desktop/dev/AI/mobile/game_df/ios-build/Il2CppOutputProject/IL2CPP/external/mono/mono/metadata/w32socket-unix.c
[1414/3487  0s] CopyFiles /Users/tuantu/Desktop/dev/AI/mobile/game_df/ios-build/Il2CppOutputProject/IL2CPP/external/mono/mono/metadata/w32semaphore-win32.c
[1415/3487  0s] CopyFiles /Users/tuantu/Desktop/dev/AI/mobile/game_df/ios-build/Il2CppOutputProject/IL2CPP/external/mono/mono/metadata/w32process.h
[1416/3487  0s] CopyFiles /Users/tuantu/Desktop/dev/AI/mobile/game_df/ios-build/Il2CppOutputProject/IL2CPP/external/mono/mono/metadata/w32semaphore-unix.c
[1417/3487  0s] CopyFiles /Users/tuantu/Desktop/dev/AI/mobile/game_df/ios-build/Il2CppOutputProject/IL2CPP/external/mono/mono/metadata/w32socket.c
[1418/3487  0s] CopyFiles /Users/tuantu/Desktop/dev/AI/mobile/game_df/ios-build/Il2CppOutputProject/IL2CPP/external/mono/mono/metadata/w32process-unix-osx.c
[1419/3487  0s] CopyFiles /Users/tuantu/Desktop/dev/AI/mobile/game_df/ios-build/Il2CppOutputProject/IL2CPP/external/mono/mono/metadata/w32process-win32-internals.h
[1420/3487  0s] CopyFiles /Users/tuantu/Desktop/dev/AI/mobile/game_df/ios-build/Il2CppOutputProject/IL2CPP/external/mono/mono/metadata/w32process.c
[1421/3487  0s] CopyFiles /Users/tuantu/Desktop/dev/AI/mobile/game_df/ios-build/Il2CppOutputProject/IL2CPP/external/mono/mono/metadata/w32process-win32.c
[1422/3487  0s] CopyFiles /Users/tuantu/Desktop/dev/AI/mobile/game_df/ios-build/Il2CppOutputProject/IL2CPP/external/mono/mono/metadata/w32process-unix-default.c
[1423/3487  0s] CopyFiles /Users/tuantu/Desktop/dev/AI/mobile/game_df/ios-build/Il2CppOutputProject/IL2CPP/external/mono/mono/metadata/w32process-unix-internals.h
[1424/3487  0s] CopyFiles /Users/tuantu/Desktop/dev/AI/mobile/game_df/ios-build/Il2CppOutputProject/IL2CPP/external/mono/mono/metadata/w32process-internals.h
[1425/3487  0s] CopyFiles /Users/tuantu/Desktop/dev/AI/mobile/game_df/ios-build/Il2CppOutputProject/IL2CPP/external/mono/mono/mini/debugger-agent.c
[1426/3487  0s] CopyFiles /Users/tuantu/Desktop/dev/AI/mobile/game_df/ios-build/Il2CppOutputProject/IL2CPP/external/mono/mono/metadata/w32process-unix.c
[1427/3487  0s] CopyFiles /Users/tuantu/Desktop/dev/AI/mobile/game_df/ios-build/Il2CppOutputProject/IL2CPP/external/mono/mono/metadata/w32handle-namespace.h
[1428/3487  0s] CopyFiles /Users/tuantu/Desktop/dev/AI/mobile/game_df/ios-build/Il2CppOutputProject/IL2CPP/external/mono/mono/metadata/w32mutex.h
[1429/3487  0s] CopyFiles /Users/tuantu/Desktop/dev/AI/mobile/game_df/ios-build/Il2CppOutputProject/IL2CPP/external/mono/mono/metadata/w32handle.c
[1430/3487  0s] CopyFiles /Users/tuantu/Desktop/dev/AI/mobile/game_df/ios-build/Il2CppOutputProject/IL2CPP/external/mono/mono/metadata/w32handle.h
[1431/3487  0s] CopyFiles /Users/tuantu/Desktop/dev/AI/mobile/game_df/ios-build/Il2CppOutputProject/IL2CPP/external/mono/mono/metadata/w32mutex-unix.c
[1432/3487  0s] CopyFiles /Users/tuantu/Desktop/dev/AI/mobile/game_df/ios-build/Il2CppOutputProject/IL2CPP/external/mono/mono/metadata/w32file-win32-internals.h
[1433/3487  0s] CopyFiles /Users/tuantu/Desktop/dev/AI/mobile/game_df/ios-build/Il2CppOutputProject/IL2CPP/external/mono/mono/metadata/w32handle-namespace.c
[1434/3487  0s] CopyFiles /Users/tuantu/Desktop/dev/AI/mobile/game_df/ios-build/Il2CppOutputProject/IL2CPP/external/mono/mono/metadata/w32mutex-win32.c
[1435/3487  0s] CopyFiles /Users/tuantu/Desktop/dev/AI/mobile/game_df/ios-build/Il2CppOutputProject/IL2CPP/external/mono/mono/metadata/w32file.h
[1436/3487  0s] CopyFiles /Users/tuantu/Desktop/dev/AI/mobile/game_df/ios-build/Il2CppOutputProject/IL2CPP/external/mono/mono/metadata/w32file-win32.c
[1437/3487  0s] CopyFiles /Users/tuantu/Desktop/dev/AI/mobile/game_df/ios-build/Il2CppOutputProject/IL2CPP/external/mono/mono/metadata/w32file-internals.h
[1438/3487  0s] CopyFiles /Users/tuantu/Desktop/dev/AI/mobile/game_df/ios-build/Il2CppOutputProject/IL2CPP/external/mono/mono/metadata/w32file.c
[1439/3487  0s] CopyFiles /Users/tuantu/Desktop/dev/AI/mobile/game_df/ios-build/Il2CppOutputProject/IL2CPP/external/mono/mono/metadata/w32file-unix-glob.h
[1440/3487  0s] CopyFiles /Users/tuantu/Desktop/dev/AI/mobile/game_df/ios-build/Il2CppOutputProject/IL2CPP/external/mono/mono/metadata/w32event.h
[1441/3487  0s] CopyFiles /Users/tuantu/Desktop/dev/AI/mobile/game_df/ios-build/Il2CppOutputProject/IL2CPP/external/mono/mono/metadata/w32event-win32.c
[1442/3487  0s] CopyFiles /Users/tuantu/Desktop/dev/AI/mobile/game_df/ios-build/Il2CppOutputProject/IL2CPP/external/mono/mono/metadata/w32error-unix.c
[1443/3487  0s] CopyFiles /Users/tuantu/Desktop/dev/AI/mobile/game_df/ios-build/Il2CppOutputProject/IL2CPP/external/mono/mono/metadata/w32error-win32.c
[1444/3487  0s] CopyFiles /Users/tuantu/Desktop/dev/AI/mobile/game_df/ios-build/Il2CppOutputProject/IL2CPP/external/mono/mono/metadata/w32error.h
[1445/3487  0s] CopyFiles /Users/tuantu/Desktop/dev/AI/mobile/game_df/ios-build/Il2CppOutputProject/IL2CPP/external/mono/mono/metadata/w32file-unix-glob.c
[1446/3487  0s] CopyFiles /Users/tuantu/Desktop/dev/AI/mobile/game_df/ios-build/Il2CppOutputProject/IL2CPP/external/mono/mono/metadata/w32event-unix.c
[1447/3487  0s] CopyFiles /Users/tuantu/Desktop/dev/AI/mobile/game_df/ios-build/Il2CppOutputProject/IL2CPP/external/mono/mono/metadata/verify.h
[1448/3487  0s] CopyFiles /Users/tuantu/Desktop/dev/AI/mobile/game_df/ios-build/Il2CppOutputProject/IL2CPP/external/mono/mono/metadata/unity-utils.c
[1449/3487  0s] CopyFiles /Users/tuantu/Desktop/dev/AI/mobile/game_df/ios-build/Il2CppOutputProject/IL2CPP/external/mono/mono/metadata/verify-internals.h
[1450/3487  0s] CopyFiles /Users/tuantu/Desktop/dev/AI/mobile/game_df/ios-build/Il2CppOutputProject/IL2CPP/external/mono/mono/metadata/unity-utils.h
[1451/3487  0s] CopyFiles /Users/tuantu/Desktop/dev/AI/mobile/game_df/ios-build/Il2CppOutputProject/IL2CPP/external/mono/mono/metadata/unity-liveness.c
[1452/3487  0s] CopyFiles /Users/tuantu/Desktop/dev/AI/mobile/game_df/ios-build/Il2CppOutputProject/IL2CPP/external/mono/mono/metadata/unity-icall.c
[1453/3487  0s] CopyFiles /Users/tuantu/Desktop/dev/AI/mobile/game_df/ios-build/Il2CppOutputProject/IL2CPP/external/mono/mono/metadata/w32file-unix.c
[1454/3487  0s] CopyFiles /Users/tuantu/Desktop/dev/AI/mobile/game_df/ios-build/Il2CppOutputProject/IL2CPP/external/mono/mono/metadata/threads.h
[1455/3487  0s] CopyFiles /Users/tuantu/Desktop/dev/AI/mobile/game_df/ios-build/Il2CppOutputProject/IL2CPP/external/mono/mono/metadata/tokentype.h
[1456/3487  0s] CopyFiles /Users/tuantu/Desktop/dev/AI/mobile/game_df/ios-build/Il2CppOutputProject/IL2CPP/external/mono/mono/metadata/threadpool-worker.h
[1457/3487  0s] CopyFiles /Users/tuantu/Desktop/dev/AI/mobile/game_df/ios-build/Il2CppOutputProject/IL2CPP/external/mono/mono/metadata/threadpool.h
[1458/3487  0s] CopyFiles /Users/tuantu/Desktop/dev/AI/mobile/game_df/ios-build/Il2CppOutputProject/IL2CPP/external/mono/mono/metadata/threadpool-io.h
[1459/3487  0s] CopyFiles /Users/tuantu/Desktop/dev/AI/mobile/game_df/ios-build/Il2CppOutputProject/IL2CPP/external/mono/mono/metadata/threads-types.h
[1460/3487  0s] CopyFiles /Users/tuantu/Desktop/dev/AI/mobile/game_df/ios-build/Il2CppOutputProject/IL2CPP/external/mono/mono/metadata/threadpool.c
[1461/3487  0s] CopyFiles /Users/tuantu/Desktop/dev/AI/mobile/game_df/ios-build/Il2CppOutputProject/IL2CPP/external/mono/mono/metadata/verify.c
[1462/3487  0s] CopyFiles /Users/tuantu/Desktop/dev/AI/mobile/game_df/ios-build/Il2CppOutputProject/IL2CPP/external/mono/mono/metadata/sysmath.h
[1463/3487  0s] CopyFiles /Users/tuantu/Desktop/dev/AI/mobile/game_df/ios-build/Il2CppOutputProject/IL2CPP/external/mono/mono/metadata/threadpool-worker-default.c
[1464/3487  0s] CopyFiles /Users/tuantu/Desktop/dev/AI/mobile/game_df/ios-build/Il2CppOutputProject/IL2CPP/external/mono/mono/metadata/sysmath.c
[1465/3487  0s] CopyFiles /Users/tuantu/Desktop/dev/AI/mobile/game_df/ios-build/Il2CppOutputProject/IL2CPP/external/mono/mono/metadata/tabledefs.h
[1466/3487  0s] CopyFiles /Users/tuantu/Desktop/dev/AI/mobile/game_df/ios-build/Il2CppOutputProject/IL2CPP/external/mono/mono/metadata/string-icalls.h
[1467/3487  0s] CopyFiles /Users/tuantu/Desktop/dev/AI/mobile/game_df/ios-build/Il2CppOutputProject/IL2CPP/external/mono/mono/metadata/threadpool-io.c
[1468/3487  0s] CopyFiles /Users/tuantu/Desktop/dev/AI/mobile/game_df/ios-build/Il2CppOutputProject/IL2CPP/external/mono/mono/metadata/string-icalls.c
[1469/3487  0s] CopyFiles /Users/tuantu/Desktop/dev/AI/mobile/game_df/ios-build/Il2CppOutputProject/IL2CPP/external/mono/mono/metadata/sre-internals.h
[1470/3487  0s] CopyFiles /Users/tuantu/Desktop/dev/AI/mobile/game_df/ios-build/Il2CppOutputProject/IL2CPP/external/mono/mono/metadata/sgen-toggleref.h
[1471/3487  0s] CopyFiles /Users/tuantu/Desktop/dev/AI/mobile/game_df/ios-build/Il2CppOutputProject/IL2CPP/external/mono/mono/metadata/sgen-toggleref.c
[1472/3487  0s] CopyFiles /Users/tuantu/Desktop/dev/AI/mobile/game_df/ios-build/Il2CppOutputProject/IL2CPP/external/mono/mono/metadata/threads.c
[1473/3487  0s] CopyFiles /Users/tuantu/Desktop/dev/AI/mobile/game_df/ios-build/Il2CppOutputProject/IL2CPP/external/mono/mono/metadata/sgen-stw.c
[1474/3487  0s] CopyFiles /Users/tuantu/Desktop/dev/AI/mobile/game_df/ios-build/Il2CppOutputProject/IL2CPP/external/mono/mono/metadata/sre-encode.c
[1475/3487  0s] CopyFiles /Users/tuantu/Desktop/dev/AI/mobile/game_df/ios-build/Il2CppOutputProject/IL2CPP/external/mono/mono/metadata/sgen-new-bridge.c
[1476/3487  0s] CopyFiles /Users/tuantu/Desktop/dev/AI/mobile/game_df/ios-build/Il2CppOutputProject/IL2CPP/external/mono/mono/metadata/sgen-tarjan-bridge.c
[1477/3487  0s] CopyFiles /Users/tuantu/Desktop/dev/AI/mobile/game_df/ios-build/Il2CppOutputProject/IL2CPP/external/mono/mono/metadata/sre-save.c
[1478/3487  0s] CopyFiles /Users/tuantu/Desktop/dev/AI/mobile/game_df/ios-build/Il2CppOutputProject/IL2CPP/external/mono/mono/metadata/sgen-old-bridge.c
[1479/3487  0s] CopyFiles /Users/tuantu/Desktop/dev/AI/mobile/game_df/ios-build/Il2CppOutputProject/IL2CPP/external/mono/mono/metadata/sgen-dynarray.h
[1480/3487  0s] CopyFiles /Users/tuantu/Desktop/dev/AI/mobile/game_df/ios-build/Il2CppOutputProject/IL2CPP/external/mono/mono/metadata/sgen-bridge.h
[1481/3487  0s] CopyFiles /Users/tuantu/Desktop/dev/AI/mobile/game_df/ios-build/Il2CppOutputProject/IL2CPP/external/mono/mono/metadata/sre.c
[1482/3487  0s] CopyFiles /Users/tuantu/Desktop/dev/AI/mobile/game_df/ios-build/Il2CppOutputProject/IL2CPP/external/mono/mono/metadata/sgen-bridge-internals.h
[1483/3487  0s] CopyFiles /Users/tuantu/Desktop/dev/AI/mobile/game_df/ios-build/Il2CppOutputProject/IL2CPP/external/mono/mono/metadata/security.h
[1484/3487  0s] CopyFiles /Users/tuantu/Desktop/dev/AI/mobile/game_df/ios-build/Il2CppOutputProject/IL2CPP/external/mono/mono/metadata/security-manager.h
[1485/3487  0s] CopyFiles /Users/tuantu/Desktop/dev/AI/mobile/game_df/ios-build/Il2CppOutputProject/IL2CPP/external/mono/mono/metadata/seq-points-data.h
[1486/3487  0s] CopyFiles /Users/tuantu/Desktop/dev/AI/mobile/game_df/ios-build/Il2CppOutputProject/IL2CPP/external/mono/mono/metadata/security-core-clr.h
[1487/3487  0s] CopyFiles /Users/tuantu/Desktop/dev/AI/mobile/game_df/ios-build/Il2CppOutputProject/IL2CPP/external/mono/mono/metadata/runtime.h
[1488/3487  0s] CopyFiles /Users/tuantu/Desktop/dev/AI/mobile/game_df/ios-build/Il2CppOutputProject/IL2CPP/external/mono/mono/metadata/sgen-client-mono.h
[1489/3487  0s] CopyFiles /Users/tuantu/Desktop/dev/AI/mobile/game_df/ios-build/Il2CppOutputProject/IL2CPP/external/mono/mono/metadata/runtime.c
[1490/3487  0s] CopyFiles /Users/tuantu/Desktop/dev/AI/mobile/game_df/ios-build/Il2CppOutputProject/IL2CPP/external/mono/mono/metadata/seq-points-data.c
[1491/3487  0s] CopyFiles /Users/tuantu/Desktop/dev/AI/mobile/game_df/ios-build/Il2CppOutputProject/IL2CPP/external/mono/mono/metadata/sgen-bridge.c
[1492/3487  0s] CopyFiles /Users/tuantu/Desktop/dev/AI/mobile/game_df/ios-build/Il2CppOutputProject/IL2CPP/external/mono/mono/metadata/security-manager.c
[1493/3487  0s] CopyFiles /Users/tuantu/Desktop/dev/AI/mobile/game_df/ios-build/Il2CppOutputProject/IL2CPP/external/mono/mono/metadata/sgen-mono.c
[1494/3487  0s] CopyFiles /Users/tuantu/Desktop/dev/AI/mobile/game_df/ios-build/Il2CppOutputProject/IL2CPP/external/mono/mono/metadata/remoting.c
[1495/3487  0s] CopyFiles /Users/tuantu/Desktop/dev/AI/mobile/game_df/ios-build/Il2CppOutputProject/IL2CPP/external/mono/mono/metadata/remoting.h
[1496/3487  0s] CopyFiles /Users/tuantu/Desktop/dev/AI/mobile/game_df/ios-build/Il2CppOutputProject/IL2CPP/external/mono/mono/metadata/row-indexes.h
[1497/3487  0s] CopyFiles /Users/tuantu/Desktop/dev/AI/mobile/game_df/ios-build/Il2CppOutputProject/IL2CPP/external/mono/mono/metadata/reflection.h
[1498/3487  0s] CopyFiles /Users/tuantu/Desktop/dev/AI/mobile/game_df/ios-build/Il2CppOutputProject/IL2CPP/external/mono/mono/metadata/security-core-clr.c
[1499/3487  0s] CopyFiles /Users/tuantu/Desktop/dev/AI/mobile/game_df/ios-build/Il2CppOutputProject/IL2CPP/external/mono/mono/metadata/rand.h
[1500/3487  0s] CopyFiles /Users/tuantu/Desktop/dev/AI/mobile/game_df/ios-build/Il2CppOutputProject/IL2CPP/external/mono/mono/metadata/rand.c
[1501/3487  0s] CopyFiles /Users/tuantu/Desktop/dev/AI/mobile/game_df/ios-build/Il2CppOutputProject/IL2CPP/external/mono/mono/metadata/property-bag.c
[1502/3487  0s] CopyFiles /Users/tuantu/Desktop/dev/AI/mobile/game_df/ios-build/Il2CppOutputProject/IL2CPP/external/mono/mono/metadata/property-bag.h
[1503/3487  0s] CopyFiles /Users/tuantu/Desktop/dev/AI/mobile/game_df/ios-build/Il2CppOutputProject/IL2CPP/external/mono/mono/metadata/reflection-internals.h
[1504/3487  0s] CopyFiles /Users/tuantu/Desktop/dev/AI/mobile/game_df/ios-build/Il2CppOutputProject/IL2CPP/external/mono/mono/metadata/reflection-cache.h
[1505/3487  0s] CopyFiles /Users/tuantu/Desktop/dev/AI/mobile/game_df/ios-build/Il2CppOutputProject/IL2CPP/external/mono/mono/metadata/profiler.h
[1506/3487  0s] CopyFiles /Users/tuantu/Desktop/dev/AI/mobile/game_df/ios-build/Il2CppOutputProject/IL2CPP/external/mono/mono/metadata/private/threadpool-io-kqueue.c
[1507/3487  0s] CopyFiles /Users/tuantu/Desktop/dev/AI/mobile/game_df/ios-build/Il2CppOutputProject/IL2CPP/external/mono/mono/metadata/profiler-events.h
[1508/3487  0s] CopyFiles /Users/tuantu/Desktop/dev/AI/mobile/game_df/ios-build/Il2CppOutputProject/IL2CPP/external/mono/mono/metadata/private/threadpool-io-epoll.c
[1509/3487  0s] CopyFiles /Users/tuantu/Desktop/dev/AI/mobile/game_df/ios-build/Il2CppOutputProject/IL2CPP/external/mono/mono/metadata/private/threadpool-io-poll.c
[1510/3487  0s] CopyFiles /Users/tuantu/Desktop/dev/AI/mobile/game_df/ios-build/Il2CppOutputProject/IL2CPP/external/mono/mono/metadata/profiler-legacy.h
[1511/3487  0s] CopyFiles /Users/tuantu/Desktop/dev/AI/mobile/game_df/ios-build/Il2CppOutputProject/IL2CPP/external/mono/mono/metadata/profiler-private.h
[1512/3487  0s] CopyFiles /Users/tuantu/Desktop/dev/AI/mobile/game_df/ios-build/Il2CppOutputProject/IL2CPP/external/mono/mono/metadata/reflection.c
[1513/3487  0s] CopyFiles /Users/tuantu/Desktop/dev/AI/mobile/game_df/ios-build/Il2CppOutputProject/IL2CPP/external/mono/mono/metadata/profiler.c
[1514/3487  0s] CopyFiles /Users/tuantu/Desktop/dev/AI/mobile/game_df/ios-build/Il2CppOutputProject/IL2CPP/external/mono/mono/metadata/opcodes.c
[1515/3487  0s] CopyFiles /Users/tuantu/Desktop/dev/AI/mobile/game_df/ios-build/Il2CppOutputProject/IL2CPP/external/mono/mono/metadata/opcodes.h
[1516/3487  0s] CopyFiles /Users/tuantu/Desktop/dev/AI/mobile/game_df/ios-build/Il2CppOutputProject/IL2CPP/external/mono/mono/metadata/object.h
[1517/3487  0s] CopyFiles /Users/tuantu/Desktop/dev/AI/mobile/game_df/ios-build/Il2CppOutputProject/IL2CPP/external/mono/mono/metadata/object-offsets.h
[1518/3487  0s] CopyFiles /Users/tuantu/Desktop/dev/AI/mobile/game_df/ios-build/Il2CppOutputProject/IL2CPP/external/mono/mono/metadata/object-forward.h
[1519/3487  0s] CopyFiles /Users/tuantu/Desktop/dev/AI/mobile/game_df/ios-build/Il2CppOutputProject/IL2CPP/external/mono/mono/metadata/null-gc-handles.h
[1520/3487  0s] CopyFiles /Users/tuantu/Desktop/dev/AI/mobile/game_df/ios-build/Il2CppOutputProject/IL2CPP/external/mono/mono/metadata/number-ms.h
[1521/3487  0s] CopyFiles /Users/tuantu/Desktop/dev/AI/mobile/game_df/ios-build/Il2CppOutputProject/IL2CPP/external/mono/mono/metadata/null-gc.c
[1522/3487  0s] CopyFiles /Users/tuantu/Desktop/dev/AI/mobile/game_df/ios-build/Il2CppOutputProject/IL2CPP/external/mono/mono/metadata/number-ms.c
[1523/3487  0s] CopyFiles /Users/tuantu/Desktop/dev/AI/mobile/game_df/ios-build/Il2CppOutputProject/IL2CPP/external/mono/mono/metadata/mono-security-windows-internals.h
[1524/3487  0s] CopyFiles /Users/tuantu/Desktop/dev/AI/mobile/game_df/ios-build/Il2CppOutputProject/IL2CPP/external/mono/mono/metadata/mono-security.c
[1525/3487  0s] CopyFiles /Users/tuantu/Desktop/dev/AI/mobile/game_df/ios-build/Il2CppOutputProject/IL2CPP/external/mono/mono/metadata/mono-route.c
[1526/3487  0s] CopyFiles /Users/tuantu/Desktop/dev/AI/mobile/game_df/ios-build/Il2CppOutputProject/IL2CPP/external/mono/mono/metadata/mono-route.h
[1527/3487  0s] CopyFiles /Users/tuantu/Desktop/dev/AI/mobile/game_df/ios-build/Il2CppOutputProject/IL2CPP/external/mono/mono/metadata/object-internals.h
[1528/3487  0s] CopyFiles /Users/tuantu/Desktop/dev/AI/mobile/game_df/ios-build/Il2CppOutputProject/IL2CPP/external/mono/mono/metadata/object.c
[1529/3487  0s] CopyFiles /Users/tuantu/Desktop/dev/AI/mobile/game_df/ios-build/Il2CppOutputProject/IL2CPP/external/mono/mono/metadata/mono-perfcounters.h
[1530/3487  0s] CopyFiles /Users/tuantu/Desktop/dev/AI/mobile/game_df/ios-build/Il2CppOutputProject/IL2CPP/external/mono/mono/metadata/number-formatter.h
[1531/3487  0s] CopyFiles /Users/tuantu/Desktop/dev/AI/mobile/game_df/ios-build/Il2CppOutputProject/IL2CPP/external/mono/mono/metadata/mono-ptr-array.h
[1532/3487  0s] CopyFiles /Users/tuantu/Desktop/dev/AI/mobile/game_df/ios-build/Il2CppOutputProject/IL2CPP/external/mono/mono/metadata/mono-security-windows.c
[1533/3487  0s] CopyFiles /Users/tuantu/Desktop/dev/AI/mobile/game_df/ios-build/Il2CppOutputProject/IL2CPP/external/mono/mono/metadata/mono-perfcounters-def.h
[1534/3487  0s] CopyFiles /Users/tuantu/Desktop/dev/AI/mobile/game_df/ios-build/Il2CppOutputProject/IL2CPP/external/mono/mono/metadata/mono-mlist.h
[1535/3487  0s] CopyFiles /Users/tuantu/Desktop/dev/AI/mobile/game_df/ios-build/Il2CppOutputProject/IL2CPP/external/mono/mono/metadata/mono-hash.h
[1536/3487  0s] CopyFiles /Users/tuantu/Desktop/dev/AI/mobile/game_df/ios-build/Il2CppOutputProject/IL2CPP/external/mono/mono/metadata/mono-hash-internals.h
[1537/3487  0s] CopyFiles /Users/tuantu/Desktop/dev/AI/mobile/game_df/ios-build/Il2CppOutputProject/IL2CPP/external/mono/mono/metadata/mono-hash.c
[1538/3487  0s] CopyFiles /Users/tuantu/Desktop/dev/AI/mobile/game_df/ios-build/Il2CppOutputProject/IL2CPP/external/mono/mono/metadata/mono-mlist.c
[1539/3487  0s] CopyFiles /Users/tuantu/Desktop/dev/AI/mobile/game_df/ios-build/Il2CppOutputProject/IL2CPP/external/mono/mono/metadata/mono-endian.h
[1540/3487  0s] CopyFiles /Users/tuantu/Desktop/dev/AI/mobile/game_df/ios-build/Il2CppOutputProject/IL2CPP/external/mono/mono/metadata/normalization-tables.h
[1541/3487  0s] CopyFiles /Users/tuantu/Desktop/dev/AI/mobile/game_df/ios-build/Il2CppOutputProject/IL2CPP/external/mono/mono/metadata/mono-gc.h
[1542/3487  0s] CopyFiles /Users/tuantu/Desktop/dev/AI/mobile/game_df/ios-build/Il2CppOutputProject/IL2CPP/external/mono/mono/metadata/mono-debug.h
[1543/3487  0s] CopyFiles /Users/tuantu/Desktop/dev/AI/mobile/game_df/ios-build/Il2CppOutputProject/IL2CPP/external/mono/mono/metadata/mono-endian.c
[1544/3487  0s] CopyFiles /Users/tuantu/Desktop/dev/AI/mobile/game_df/ios-build/Il2CppOutputProject/IL2CPP/external/mono/mono/metadata/mono-perfcounters.c
[1545/3487  0s] CopyFiles /Users/tuantu/Desktop/dev/AI/mobile/game_df/ios-build/Il2CppOutputProject/IL2CPP/external/mono/mono/metadata/mono-config.h
[1546/3487  0s] CopyFiles /Users/tuantu/Desktop/dev/AI/mobile/game_df/ios-build/Il2CppOutputProject/IL2CPP/external/mono/mono/metadata/mono-config-dirs.c
[1547/3487  0s] CopyFiles /Users/tuantu/Desktop/dev/AI/mobile/game_df/ios-build/Il2CppOutputProject/IL2CPP/external/mono/mono/metadata/mono-config-dirs.h
[1548/3487  0s] CopyFiles /Users/tuantu/Desktop/dev/AI/mobile/game_df/ios-build/Il2CppOutputProject/IL2CPP/external/mono/mono/metadata/mono-conc-hash.h
[1549/3487  0s] CopyFiles /Users/tuantu/Desktop/dev/AI/mobile/game_df/ios-build/Il2CppOutputProject/IL2CPP/external/mono/mono/metadata/mono-basic-block.h
[1550/3487  0s] CopyFiles /Users/tuantu/Desktop/dev/AI/mobile/game_df/ios-build/Il2CppOutputProject/IL2CPP/external/mono/mono/metadata/mono-conc-hash.c
[1551/3487  0s] CopyFiles /Users/tuantu/Desktop/dev/AI/mobile/game_df/ios-build/Il2CppOutputProject/IL2CPP/external/mono/mono/metadata/mono-basic-block.c
[1552/3487  0s] CopyFiles /Users/tuantu/Desktop/dev/AI/mobile/game_df/ios-build/Il2CppOutputProject/IL2CPP/external/mono/mono/metadata/mono-debug.c
[1553/3487  0s] CopyFiles /Users/tuantu/Desktop/dev/AI/mobile/game_df/ios-build/Il2CppOutputProject/IL2CPP/external/mono/mono/metadata/mono-config.c
[1554/3487  0s] CopyFiles /Users/tuantu/Desktop/dev/AI/mobile/game_df/ios-build/Il2CppOutputProject/IL2CPP/external/mono/mono/metadata/monitor.h
[1555/3487  0s] CopyFiles /Users/tuantu/Desktop/dev/AI/mobile/game_df/ios-build/Il2CppOutputProject/IL2CPP/external/mono/mono/metadata/method-builder.h
[1556/3487  0s] CopyFiles /Users/tuantu/Desktop/dev/AI/mobile/game_df/ios-build/Il2CppOutputProject/IL2CPP/external/mono/mono/metadata/mempool.h
[1557/3487  0s] CopyFiles /Users/tuantu/Desktop/dev/AI/mobile/game_df/ios-build/Il2CppOutputProject/IL2CPP/external/mono/mono/metadata/method-builder.c
[1558/3487  0s] CopyFiles /Users/tuantu/Desktop/dev/AI/mobile/game_df/ios-build/Il2CppOutputProject/IL2CPP/external/mono/mono/metadata/metadata-cross-helpers.c
[1559/3487  0s] CopyFiles /Users/tuantu/Desktop/dev/AI/mobile/game_df/ios-build/Il2CppOutputProject/IL2CPP/external/mono/mono/metadata/mempool-internals.h
[1560/3487  0s] CopyFiles /Users/tuantu/Desktop/dev/AI/mobile/game_df/ios-build/Il2CppOutputProject/IL2CPP/external/mono/mono/metadata/mempool.c
[1561/3487  0s] CopyFiles /Users/tuantu/Desktop/dev/AI/mobile/game_df/ios-build/Il2CppOutputProject/IL2CPP/external/mono/mono/metadata/metadata.h
[1562/3487  0s] CopyFiles /Users/tuantu/Desktop/dev/AI/mobile/game_df/ios-build/Il2CppOutputProject/IL2CPP/external/mono/mono/metadata/monitor.c
[1563/3487  0s] CopyFiles /Users/tuantu/Desktop/dev/AI/mobile/game_df/ios-build/Il2CppOutputProject/IL2CPP/external/mono/mono/metadata/metadata-internals.h
[1564/3487  0s] CopyFiles /Users/tuantu/Desktop/dev/AI/mobile/game_df/ios-build/Il2CppOutputProject/IL2CPP/external/mono/mono/metadata/marshal-windows-internals.h
[1565/3487  0s] CopyFiles /Users/tuantu/Desktop/dev/AI/mobile/game_df/ios-build/Il2CppOutputProject/IL2CPP/external/mono/mono/metadata/marshal-internals.h
[1566/3487  0s] CopyFiles /Users/tuantu/Desktop/dev/AI/mobile/game_df/ios-build/Il2CppOutputProject/IL2CPP/external/mono/mono/metadata/marshal-windows.c
[1567/3487  0s] CopyFiles /Users/tuantu/Desktop/dev/AI/mobile/game_df/ios-build/Il2CppOutputProject/IL2CPP/external/mono/mono/metadata/marshal.h
[1568/3487  0s] CopyFiles /Users/tuantu/Desktop/dev/AI/mobile/game_df/ios-build/Il2CppOutputProject/IL2CPP/external/mono/mono/metadata/lock-tracer.h
[1569/3487  0s] CopyFiles /Users/tuantu/Desktop/dev/AI/mobile/game_df/ios-build/Il2CppOutputProject/IL2CPP/external/mono/mono/metadata/lock-tracer.c
[1570/3487  0s] CopyFiles /Users/tuantu/Desktop/dev/AI/mobile/game_df/ios-build/Il2CppOutputProject/IL2CPP/external/mono/mono/metadata/locales.h
[1571/3487  0s] CopyFiles /Users/tuantu/Desktop/dev/AI/mobile/game_df/ios-build/Il2CppOutputProject/IL2CPP/external/mono/mono/metadata/loader-internals.h
[1572/3487  0s] CopyFiles /Users/tuantu/Desktop/dev/AI/mobile/game_df/ios-build/Il2CppOutputProject/IL2CPP/external/mono/mono/metadata/metadata.c
[1573/3487  0s] CopyFiles /Users/tuantu/Desktop/dev/AI/mobile/game_df/ios-build/Il2CppOutputProject/IL2CPP/external/mono/mono/metadata/loader.h
[1574/3487  0s] CopyFiles /Users/tuantu/Desktop/dev/AI/mobile/game_df/ios-build/Il2CppOutputProject/IL2CPP/external/mono/mono/metadata/metadata-verify.c
[1575/3487  0s] CopyFiles /Users/tuantu/Desktop/dev/AI/mobile/game_df/ios-build/Il2CppOutputProject/IL2CPP/external/mono/mono/metadata/locales.c
[1576/3487  0s] CopyFiles /Users/tuantu/Desktop/dev/AI/mobile/game_df/ios-build/Il2CppOutputProject/IL2CPP/external/mono/mono/metadata/image.h
[1577/3487  0s] CopyFiles /Users/tuantu/Desktop/dev/AI/mobile/game_df/ios-build/Il2CppOutputProject/IL2CPP/external/mono/mono/metadata/loader.c
[1578/3487  0s] CopyFiles /Users/tuantu/Desktop/dev/AI/mobile/game_df/ios-build/Il2CppOutputProject/IL2CPP/external/mono/mono/metadata/jit-icall-reg.h
[1579/3487  0s] CopyFiles /Users/tuantu/Desktop/dev/AI/mobile/game_df/ios-build/Il2CppOutputProject/IL2CPP/external/mono/mono/metadata/image-internals.h
[1580/3487  0s] CopyFiles /Users/tuantu/Desktop/dev/AI/mobile/game_df/ios-build/Il2CppOutputProject/IL2CPP/external/mono/mono/metadata/jit-info.c
[1581/3487  0s] CopyFiles /Users/tuantu/Desktop/dev/AI/mobile/game_df/ios-build/Il2CppOutputProject/IL2CPP/external/mono/mono/metadata/marshal.c
[1582/3487  0s] CopyFiles /Users/tuantu/Desktop/dev/AI/mobile/game_df/ios-build/Il2CppOutputProject/IL2CPP/external/mono/mono/metadata/icalls.h
[1583/3487  0s] CopyFiles /Users/tuantu/Desktop/dev/AI/mobile/game_df/ios-build/Il2CppOutputProject/IL2CPP/external/mono/mono/metadata/icall-windows.c
[1584/3487  0s] CopyFiles /Users/tuantu/Desktop/dev/AI/mobile/game_df/ios-build/Il2CppOutputProject/IL2CPP/external/mono/mono/metadata/icall-windows-internals.h
[1585/3487  0s] CopyFiles /Users/tuantu/Desktop/dev/AI/mobile/game_df/ios-build/Il2CppOutputProject/IL2CPP/external/mono/mono/metadata/icall-internals.h
[1586/3487  0s] CopyFiles /Users/tuantu/Desktop/dev/AI/mobile/game_df/ios-build/Il2CppOutputProject/IL2CPP/external/mono/mono/metadata/handle.h
[1587/3487  0s] CopyFiles /Users/tuantu/Desktop/dev/AI/mobile/game_df/ios-build/Il2CppOutputProject/IL2CPP/external/mono/mono/metadata/image.c
[1588/3487  0s] CopyFiles /Users/tuantu/Desktop/dev/AI/mobile/game_df/ios-build/Il2CppOutputProject/IL2CPP/external/mono/mono/metadata/handle.c
[1589/3487  0s] CopyFiles /Users/tuantu/Desktop/dev/AI/mobile/game_df/ios-build/Il2CppOutputProject/IL2CPP/external/mono/mono/metadata/handle-decl.h
[1590/3487  0s] CopyFiles /Users/tuantu/Desktop/dev/AI/mobile/game_df/ios-build/Il2CppOutputProject/IL2CPP/external/mono/mono/metadata/gc-stats.c
[1591/3487  0s] CopyFiles /Users/tuantu/Desktop/dev/AI/mobile/game_df/ios-build/Il2CppOutputProject/IL2CPP/external/mono/mono/metadata/filewatcher.h
[1592/3487  0s] CopyFiles /Users/tuantu/Desktop/dev/AI/mobile/game_df/ios-build/Il2CppOutputProject/IL2CPP/external/mono/mono/metadata/filewatcher.c
[1593/3487  0s] CopyFiles /Users/tuantu/Desktop/dev/AI/mobile/game_df/ios-build/Il2CppOutputProject/IL2CPP/external/mono/mono/metadata/file-mmap.h
[1594/3487  0s] CopyFiles /Users/tuantu/Desktop/dev/AI/mobile/game_df/ios-build/Il2CppOutputProject/IL2CPP/external/mono/mono/metadata/gc-internals.h
[1595/3487  0s] CopyFiles /Users/tuantu/Desktop/dev/AI/mobile/game_df/ios-build/Il2CppOutputProject/IL2CPP/external/mono/mono/metadata/gc.c
[1596/3487  0s] CopyFiles /Users/tuantu/Desktop/dev/AI/mobile/game_df/ios-build/Il2CppOutputProject/IL2CPP/external/mono/mono/metadata/fdhandle.h
[1597/3487  0s] CopyFiles /Users/tuantu/Desktop/dev/AI/mobile/game_df/ios-build/Il2CppOutputProject/IL2CPP/external/mono/mono/metadata/icall-def.h
[1598/3487  0s] CopyFiles /Users/tuantu/Desktop/dev/AI/mobile/game_df/ios-build/Il2CppOutputProject/IL2CPP/external/mono/mono/metadata/file-mmap-windows.c
[1599/3487  0s] CopyFiles /Users/tuantu/Desktop/dev/AI/mobile/game_df/ios-build/Il2CppOutputProject/IL2CPP/external/mono/mono/metadata/icall.c
[1600/3487  0s] CopyFiles /Users/tuantu/Desktop/dev/AI/mobile/game_df/ios-build/Il2CppOutputProject/IL2CPP/external/mono/mono/metadata/file-mmap-posix.c
[1601/3487  0s] CopyFiles /Users/tuantu/Desktop/dev/AI/mobile/game_df/ios-build/Il2CppOutputProject/IL2CPP/external/mono/mono/metadata/fdhandle.c
[1602/3487  0s] CopyFiles /Users/tuantu/Desktop/dev/AI/mobile/game_df/ios-build/Il2CppOutputProject/IL2CPP/external/mono/mono/metadata/exception.h
[1603/3487  0s] CopyFiles /Users/tuantu/Desktop/dev/AI/mobile/game_df/ios-build/Il2CppOutputProject/IL2CPP/external/mono/mono/metadata/environment.h
[1604/3487  0s] CopyFiles /Users/tuantu/Desktop/dev/AI/mobile/game_df/ios-build/Il2CppOutputProject/IL2CPP/external/mono/mono/metadata/exception-internals.h
[1605/3487  0s] CopyFiles /Users/tuantu/Desktop/dev/AI/mobile/game_df/ios-build/Il2CppOutputProject/IL2CPP/external/mono/mono/metadata/dynamic-stream.c
[1606/3487  0s] CopyFiles /Users/tuantu/Desktop/dev/AI/mobile/game_df/ios-build/Il2CppOutputProject/IL2CPP/external/mono/mono/metadata/exception.c
[1607/3487  0s] CopyFiles /Users/tuantu/Desktop/dev/AI/mobile/game_df/ios-build/Il2CppOutputProject/IL2CPP/external/mono/mono/metadata/environment.c
[1608/3487  0s] CopyFiles /Users/tuantu/Desktop/dev/AI/mobile/game_df/ios-build/Il2CppOutputProject/IL2CPP/external/mono/mono/metadata/dynamic-stream-internals.h
[1609/3487  0s] CopyFiles /Users/tuantu/Desktop/dev/AI/mobile/game_df/ios-build/Il2CppOutputProject/IL2CPP/external/mono/mono/metadata/dynamic-image.c
[1610/3487  0s] CopyFiles /Users/tuantu/Desktop/dev/AI/mobile/game_df/ios-build/Il2CppOutputProject/IL2CPP/external/mono/mono/metadata/dynamic-image-internals.h
[1611/3487  0s] CopyFiles /Users/tuantu/Desktop/dev/AI/mobile/game_df/ios-build/Il2CppOutputProject/IL2CPP/external/mono/mono/metadata/domain-internals.h
[1612/3487  0s] CopyFiles /Users/tuantu/Desktop/dev/AI/mobile/game_df/ios-build/Il2CppOutputProject/IL2CPP/external/mono/mono/metadata/domain.c
[1613/3487  0s] CopyFiles /Users/tuantu/Desktop/dev/AI/mobile/game_df/ios-build/Il2CppOutputProject/IL2CPP/external/mono/mono/metadata/debug-mono-ppdb.h
[1614/3487  0s] CopyFiles /Users/tuantu/Desktop/dev/AI/mobile/game_df/ios-build/Il2CppOutputProject/IL2CPP/external/mono/mono/metadata/decimal-ms.h
[1615/3487  0s] CopyFiles /Users/tuantu/Desktop/dev/AI/mobile/game_df/ios-build/Il2CppOutputProject/IL2CPP/external/mono/mono/metadata/debug-mono-symfile.h
[1616/3487  0s] CopyFiles /Users/tuantu/Desktop/dev/AI/mobile/game_df/ios-build/Il2CppOutputProject/IL2CPP/external/mono/mono/metadata/debug-helpers.h
[1617/3487  0s] CopyFiles /Users/tuantu/Desktop/dev/AI/mobile/game_df/ios-build/Il2CppOutputProject/IL2CPP/external/mono/mono/metadata/debug-internals.h
[1618/3487  0s] CopyFiles /Users/tuantu/Desktop/dev/AI/mobile/game_df/ios-build/Il2CppOutputProject/IL2CPP/external/mono/mono/metadata/debug-mono-ppdb.c
[1619/3487  0s] CopyFiles /Users/tuantu/Desktop/dev/AI/mobile/game_df/ios-build/Il2CppOutputProject/IL2CPP/external/mono/mono/metadata/debug-mono-symfile.c
[1620/3487  0s] CopyFiles /Users/tuantu/Desktop/dev/AI/mobile/game_df/ios-build/Il2CppOutputProject/IL2CPP/external/mono/mono/metadata/custom-attrs-internals.h
[1621/3487  0s] CopyFiles /Users/tuantu/Desktop/dev/AI/mobile/game_df/ios-build/Il2CppOutputProject/IL2CPP/external/mono/mono/metadata/culture-info.h
[1622/3487  0s] CopyFiles /Users/tuantu/Desktop/dev/AI/mobile/game_df/ios-build/Il2CppOutputProject/IL2CPP/external/mono/mono/metadata/debug-helpers.c
[1623/3487  0s] CopyFiles /Users/tuantu/Desktop/dev/AI/mobile/game_df/ios-build/Il2CppOutputProject/IL2CPP/external/mono/mono/metadata/decimal-ms.c
[1624/3487  0s] CopyFiles /Users/tuantu/Desktop/dev/AI/mobile/game_df/ios-build/Il2CppOutputProject/IL2CPP/external/mono/mono/metadata/coree.h
[1625/3487  0s] CopyFiles /Users/tuantu/Desktop/dev/AI/mobile/game_df/ios-build/Il2CppOutputProject/IL2CPP/external/mono/mono/metadata/coree-internals.h
[1626/3487  0s] CopyFiles /Users/tuantu/Desktop/dev/AI/mobile/game_df/ios-build/Il2CppOutputProject/IL2CPP/external/mono/mono/metadata/console-io.h
[1627/3487  0s] CopyFiles /Users/tuantu/Desktop/dev/AI/mobile/game_df/ios-build/Il2CppOutputProject/IL2CPP/external/mono/mono/metadata/custom-attrs.c
[1628/3487  0s] CopyFiles /Users/tuantu/Desktop/dev/AI/mobile/game_df/ios-build/Il2CppOutputProject/IL2CPP/external/mono/mono/metadata/console-win32.c
[1629/3487  0s] CopyFiles /Users/tuantu/Desktop/dev/AI/mobile/game_df/ios-build/Il2CppOutputProject/IL2CPP/external/mono/mono/metadata/console-unix.c
[1630/3487  0s] CopyFiles /Users/tuantu/Desktop/dev/AI/mobile/game_df/ios-build/Il2CppOutputProject/IL2CPP/external/mono/mono/metadata/cominterop.h
[1631/3487  0s] CopyFiles /Users/tuantu/Desktop/dev/AI/mobile/game_df/ios-build/Il2CppOutputProject/IL2CPP/external/mono/mono/metadata/coree.c
[1632/3487  0s] CopyFiles /Users/tuantu/Desktop/dev/AI/mobile/game_df/ios-build/Il2CppOutputProject/IL2CPP/external/mono/mono/metadata/class.h
[1633/3487  0s] CopyFiles /Users/tuantu/Desktop/dev/AI/mobile/game_df/ios-build/Il2CppOutputProject/IL2CPP/external/mono/mono/metadata/cominterop-win32-internals.h
[1634/3487  0s] CopyFiles /Users/tuantu/Desktop/dev/AI/mobile/game_df/ios-build/Il2CppOutputProject/IL2CPP/external/mono/mono/metadata/class-private-definition.h
[1635/3487  0s] CopyFiles /Users/tuantu/Desktop/dev/AI/mobile/game_df/ios-build/Il2CppOutputProject/IL2CPP/external/mono/mono/metadata/class-inlines.h
[1636/3487  0s] CopyFiles /Users/tuantu/Desktop/dev/AI/mobile/game_df/ios-build/Il2CppOutputProject/IL2CPP/external/mono/mono/metadata/class-accessors.c
[1637/3487  0s] CopyFiles /Users/tuantu/Desktop/dev/AI/mobile/game_df/ios-build/Il2CppOutputProject/IL2CPP/external/mono/mono/metadata/class-getters.h
[1638/3487  0s] CopyFiles /Users/tuantu/Desktop/dev/AI/mobile/game_df/ios-build/Il2CppOutputProject/IL2CPP/external/mono/mono/metadata/callspec.h
[1639/3487  0s] CopyFiles /Users/tuantu/Desktop/dev/AI/mobile/game_df/ios-build/Il2CppOutputProject/IL2CPP/external/mono/mono/metadata/cil-coff.h
[1640/3487  0s] CopyFiles /Users/tuantu/Desktop/dev/AI/mobile/game_df/ios-build/Il2CppOutputProject/IL2CPP/external/mono/mono/metadata/blob.h
[1641/3487  0s] CopyFiles /Users/tuantu/Desktop/dev/AI/mobile/game_df/ios-build/Il2CppOutputProject/IL2CPP/external/mono/mono/metadata/attach.h
[1642/3487  0s] CopyFiles /Users/tuantu/Desktop/dev/AI/mobile/game_df/ios-build/Il2CppOutputProject/IL2CPP/external/mono/mono/metadata/attrdefs.h
[1643/3487  0s] CopyFiles /Users/tuantu/Desktop/dev/AI/mobile/game_df/ios-build/Il2CppOutputProject/IL2CPP/external/mono/mono/metadata/culture-info-tables.h
[1644/3487  0s] CopyFiles /Users/tuantu/Desktop/dev/AI/mobile/game_df/ios-build/Il2CppOutputProject/IL2CPP/external/mono/mono/metadata/attach.c
[1645/3487  0s] CopyFiles /Users/tuantu/Desktop/dev/AI/mobile/game_df/ios-build/Il2CppOutputProject/IL2CPP/external/mono/mono/metadata/cominterop.c
[1646/3487  0s] CopyFiles /Users/tuantu/Desktop/dev/AI/mobile/game_df/ios-build/Il2CppOutputProject/IL2CPP/external/mono/mono/metadata/class-internals.h
[1647/3487  0s] CopyFiles /Users/tuantu/Desktop/dev/AI/mobile/game_df/ios-build/Il2CppOutputProject/IL2CPP/external/mono/mono/metadata/assembly.h
[1648/3487  0s] CopyFiles /Users/tuantu/Desktop/dev/AI/mobile/game_df/ios-build/Il2CppOutputProject/IL2CPP/external/mono/mono/metadata/assembly-internals.h
[1649/3487  0s] CopyFiles /Users/tuantu/Desktop/dev/AI/mobile/game_df/ios-build/Il2CppOutputProject/IL2CPP/external/mono/mono/metadata/boehm-gc.c
[1650/3487  0s] CopyFiles /Users/tuantu/Desktop/dev/AI/mobile/game_df/ios-build/Il2CppOutputProject/IL2CPP/external/mono/mono/metadata/appdomain-icalls.h
[1651/3487  0s] CopyFiles /Users/tuantu/Desktop/dev/AI/mobile/game_df/ios-build/Il2CppOutputProject/IL2CPP/external/mono/mono/metadata/appdomain.h
[1652/3487  0s] CopyFiles /Users/tuantu/Desktop/dev/AI/mobile/game_df/ios-build/Il2CppOutputProject/IL2CPP/external/mono/mono/metadata/class.c
[1653/3487  0s] CopyFiles /Users/tuantu/Desktop/dev/AI/mobile/game_df/ios-build/Il2CppOutputProject/IL2CPP/external/mono/mono/metadata/abi-details.h
[1654/3487  0s] CopyFiles /Users/tuantu/Desktop/dev/AI/mobile/game_df/ios-build/Il2CppOutputProject/IL2CPP/external/mono/mono/metadata/assembly.c
[1655/3487  0s] CopyFiles /Users/tuantu/Desktop/dev/AI/mobile/game_df/ios-build/Il2CppOutputProject/IL2CPP/external/mono/mono/metadata/appdomain.c
[1656/3487  0s] CopyFiles /Users/tuantu/Desktop/dev/AI/mobile/game_df/ios-build/Il2CppOutputProject/IL2CPP/external/mono/mono/eglib/sort.frag.h
[1657/3487  0s] CopyFiles /Users/tuantu/Desktop/dev/AI/mobile/game_df/ios-build/Il2CppOutputProject/IL2CPP/external/mono/mono/eglib/gunicode.c
[1658/3487  0s] CopyFiles /Users/tuantu/Desktop/dev/AI/mobile/game_df/ios-build/Il2CppOutputProject/IL2CPP/external/mono/mono/eglib/gunicode-win32.c
[1659/3487  0s] CopyFiles /Users/tuantu/Desktop/dev/AI/mobile/game_df/ios-build/Il2CppOutputProject/IL2CPP/external/mono/mono/eglib/gunicode-win32-uwp.c
[1660/3487  0s] CopyFiles /Users/tuantu/Desktop/dev/AI/mobile/game_df/ios-build/Il2CppOutputProject/IL2CPP/external/mono/mono/eglib/gutf8.c
[1661/3487  0s] CopyFiles /Users/tuantu/Desktop/dev/AI/mobile/game_df/ios-build/Il2CppOutputProject/IL2CPP/external/mono/mono/eglib/gstring.c
[1662/3487  0s] CopyFiles /Users/tuantu/Desktop/dev/AI/mobile/game_df/ios-build/Il2CppOutputProject/IL2CPP/external/mono/mono/eglib/gslist.c
[1663/3487  0s] CopyFiles /Users/tuantu/Desktop/dev/AI/mobile/game_df/ios-build/Il2CppOutputProject/IL2CPP/external/mono/mono/eglib/gshell.c
[1664/3487  0s] CopyFiles /Users/tuantu/Desktop/dev/AI/mobile/game_df/ios-build/Il2CppOutputProject/IL2CPP/external/mono/mono/eglib/gqsort.c
[1665/3487  0s] CopyFiles /Users/tuantu/Desktop/dev/AI/mobile/game_df/ios-build/Il2CppOutputProject/IL2CPP/external/mono/mono/eglib/gstr.c
[1666/3487  0s] CopyFiles /Users/tuantu/Desktop/dev/AI/mobile/game_df/ios-build/Il2CppOutputProject/IL2CPP/external/mono/mono/eglib/gspawn.c
[1667/3487  0s] CopyFiles /Users/tuantu/Desktop/dev/AI/mobile/game_df/ios-build/Il2CppOutputProject/IL2CPP/external/mono/mono/eglib/gqueue.c
[1668/3487  0s] CopyFiles /Users/tuantu/Desktop/dev/AI/mobile/game_df/ios-build/Il2CppOutputProject/IL2CPP/external/mono/mono/eglib/unicode-data.h
[1669/3487  0s] CopyFiles /Users/tuantu/Desktop/dev/AI/mobile/game_df/ios-build/Il2CppOutputProject/IL2CPP/external/mono/mono/eglib/gpath.c
[1670/3487  0s] CopyFiles /Users/tuantu/Desktop/dev/AI/mobile/game_df/ios-build/Il2CppOutputProject/IL2CPP/external/mono/mono/eglib/gpattern.c
[1671/3487  0s] CopyFiles /Users/tuantu/Desktop/dev/AI/mobile/game_df/ios-build/Il2CppOutputProject/IL2CPP/external/mono/mono/eglib/gptrarray.c
[1672/3487  0s] CopyFiles /Users/tuantu/Desktop/dev/AI/mobile/game_df/ios-build/Il2CppOutputProject/IL2CPP/external/mono/mono/eglib/gmodule.h
[1673/3487  0s] CopyFiles /Users/tuantu/Desktop/dev/AI/mobile/game_df/ios-build/Il2CppOutputProject/IL2CPP/external/mono/mono/eglib/gmisc-unity.c
[1674/3487  0s] CopyFiles /Users/tuantu/Desktop/dev/AI/mobile/game_df/ios-build/Il2CppOutputProject/IL2CPP/external/mono/mono/eglib/goutput.c
[1675/3487  0s] CopyFiles /Users/tuantu/Desktop/dev/AI/mobile/game_df/ios-build/Il2CppOutputProject/IL2CPP/external/mono/mono/eglib/gmem.c
[1676/3487  0s] CopyFiles /Users/tuantu/Desktop/dev/AI/mobile/game_df/ios-build/Il2CppOutputProject/IL2CPP/external/mono/mono/eglib/gmarkup.c
[1677/3487  0s] CopyFiles /Users/tuantu/Desktop/dev/AI/mobile/game_df/ios-build/Il2CppOutputProject/IL2CPP/external/mono/mono/eglib/glist.c
[1678/3487  0s] CopyFiles /Users/tuantu/Desktop/dev/AI/mobile/game_df/ios-build/Il2CppOutputProject/IL2CPP/external/mono/mono/eglib/ghashtable.c
[1679/3487  0s] CopyFiles /Users/tuantu/Desktop/dev/AI/mobile/game_df/ios-build/Il2CppOutputProject/IL2CPP/external/mono/mono/eglib/giconv.c
[1680/3487  0s] CopyFiles /Users/tuantu/Desktop/dev/AI/mobile/game_df/ios-build/Il2CppOutputProject/IL2CPP/external/mono/mono/eglib/glib.h
[1681/3487  0s] CopyFiles /Users/tuantu/Desktop/dev/AI/mobile/game_df/ios-build/Il2CppOutputProject/IL2CPP/external/mono/mono/eglib/gfile.c
[1682/3487  0s] CopyFiles /Users/tuantu/Desktop/dev/AI/mobile/game_df/ios-build/Il2CppOutputProject/IL2CPP/external/mono/mono/eglib/gfile-unity.c
[1683/3487  0s] CopyFiles /Users/tuantu/Desktop/dev/AI/mobile/game_df/ios-build/Il2CppOutputProject/IL2CPP/external/mono/mono/eglib/gbytearray.c
[1684/3487  0s] CopyFiles /Users/tuantu/Desktop/dev/AI/mobile/game_df/ios-build/Il2CppOutputProject/IL2CPP/external/mono/mono/eglib/gerror.c
[1685/3487  0s] CopyFiles /Users/tuantu/Desktop/dev/AI/mobile/game_df/ios-build/Il2CppOutputProject/IL2CPP/external/mono/mono/eglib/gdir-unity.c
[1686/3487  0s] CopyFiles /Users/tuantu/Desktop/dev/AI/mobile/game_df/ios-build/Il2CppOutputProject/IL2CPP/external/mono/mono/eglib/gdate-unity.c
[1687/3487  0s] CopyFiles /Users/tuantu/Desktop/dev/AI/mobile/game_df/ios-build/Il2CppOutputProject/IL2CPP/external/mono/mono/eglib/garray.c
[1688/3487  0s] CopyFiles /Users/tuantu/Desktop/dev/AI/mobile/game_df/ios-build/Il2CppOutputProject/IL2CPP/external/mono/mono/cil/opcode.def
[1689/3487  0s] CopyFiles /Users/tuantu/Desktop/dev/AI/mobile/game_df/ios-build/Il2CppOutputProject/IL2CPP/external/mono/mono/cil/tables.def
[1690/3487  0s] CopyFiles /Users/tuantu/Desktop/dev/AI/mobile/game_df/ios-build/Il2CppOutputProject/IL2CPP/external/mono/mono/eglib/eglib-remap.h
[1691/3487  0s] CopyFiles /Users/tuantu/Desktop/dev/AI/mobile/game_df/ios-build/Il2CppOutputProject/IL2CPP/external/mono/mono/arch/arm/arm_vfpmacros.h
[1692/3487  0s] CopyFiles /Users/tuantu/Desktop/dev/AI/mobile/game_df/ios-build/Il2CppOutputProject/IL2CPP/external/mono/mono/arch/x86/x86-codegen.h
[1693/3487  0s] CopyFiles /Users/tuantu/Desktop/dev/AI/mobile/game_df/ios-build/Il2CppOutputProject/IL2CPP/external/mono/mono/arch/arm/arm-vfp-codegen.h
[1694/3487  0s] CopyFiles /Users/tuantu/Desktop/dev/AI/mobile/game_df/ios-build/Il2CppOutputProject/IL2CPP/external/mono/mono/arch/arm/arm_dpimacros.h
[1695/3487  0s] CopyFiles /Users/tuantu/Desktop/dev/AI/mobile/game_df/ios-build/Il2CppOutputProject/IL2CPP/external/mono/mono/arch/arm64/arm64-codegen.h
[1696/3487  0s] CopyFiles /Users/tuantu/Desktop/dev/AI/mobile/game_df/ios-build/Il2CppOutputProject/IL2CPP/external/google/sparsehash/type_traits.h
[1697/3487  0s] CopyFiles /Users/tuantu/Desktop/dev/AI/mobile/game_df/ios-build/Il2CppOutputProject/IL2CPP/external/google/sparsehash/template_util.h
[1698/3487  0s] CopyFiles /Users/tuantu/Desktop/dev/AI/mobile/game_df/ios-build/Il2CppOutputProject/IL2CPP/external/mono/mono/arch/arm/arm-codegen.h
[1699/3487  0s] CopyFiles /Users/tuantu/Desktop/dev/AI/mobile/game_df/ios-build/Il2CppOutputProject/IL2CPP/external/google/sparsehash/sparse_hash_map.h
[1700/3487  0s] CopyFiles /Users/tuantu/Desktop/dev/AI/mobile/game_df/ios-build/Il2CppOutputProject/IL2CPP/external/google/sparsehash/sparse_hash_set.h
[1701/3487  0s] CopyFiles /Users/tuantu/Desktop/dev/AI/mobile/game_df/ios-build/Il2CppOutputProject/IL2CPP/external/google/sparsehash/internal/libc_allocator_with_realloc.h
[1702/3487  0s] CopyFiles /Users/tuantu/Desktop/dev/AI/mobile/game_df/ios-build/Il2CppOutputProject/IL2CPP/external/google/sparsehash/internal/sparseconfig.h
[1703/3487  0s] CopyFiles /Users/tuantu/Desktop/dev/AI/mobile/game_df/ios-build/Il2CppOutputProject/IL2CPP/external/google/sparsehash/internal/hashtable-common.h
[1704/3487  0s] CopyFiles /Users/tuantu/Desktop/dev/AI/mobile/game_df/ios-build/Il2CppOutputProject/IL2CPP/external/google/sparsehash/dense_hash_set.h
[1705/3487  0s] CopyFiles /Users/tuantu/Desktop/dev/AI/mobile/game_df/ios-build/Il2CppOutputProject/IL2CPP/external/mono/mono/arch/amd64/amd64-codegen.h
[1706/3487  0s] CopyFiles /Users/tuantu/Desktop/dev/AI/mobile/game_df/ios-build/Il2CppOutputProject/IL2CPP/external/google/sparsehash/sparsetable.h
[1707/3487  0s] CopyFiles /Users/tuantu/Desktop/dev/AI/mobile/game_df/ios-build/Il2CppOutputProject/IL2CPP/external/google/sparsehash/internal/sparsehashtable.h
[1708/3487  0s] CopyFiles /Users/tuantu/Desktop/dev/AI/mobile/game_df/ios-build/Il2CppOutputProject/IL2CPP/external/google/sparsehash/dense_hash_map.h
[1709/3487  0s] CopyFiles /Users/tuantu/Desktop/dev/AI/mobile/game_df/ios-build/Il2CppOutputProject/IL2CPP/external/google/sparsehash/internal/densehashtable.h
[1710/3487  0s] CopyFiles /Users/tuantu/Desktop/dev/AI/mobile/game_df/ios-build/Il2CppOutputProject/IL2CPP/external/bdwgc/vector_mlc.c
[1711/3487  0s] CopyFiles /Users/tuantu/Desktop/dev/AI/mobile/game_df/ios-build/Il2CppOutputProject/IL2CPP/external/bdwgc/windows-untested/stdafx.c
[1712/3487  0s] CopyFiles /Users/tuantu/Desktop/dev/AI/mobile/game_df/ios-build/Il2CppOutputProject/IL2CPP/external/bdwgc/tools/threadlibs.c
[1713/3487  0s] CopyFiles /Users/tuantu/Desktop/dev/AI/mobile/game_df/ios-build/Il2CppOutputProject/IL2CPP/external/bdwgc/windows-untested/stdafx.h
[1714/3487  0s] CopyFiles /Users/tuantu/Desktop/dev/AI/mobile/game_df/ios-build/Il2CppOutputProject/IL2CPP/external/bdwgc/tools/if_not_there.c
[1715/3487  0s] CopyFiles /Users/tuantu/Desktop/dev/AI/mobile/game_df/ios-build/Il2CppOutputProject/IL2CPP/external/bdwgc/tools/setjmp_t.c
[1716/3487  0s] CopyFiles /Users/tuantu/Desktop/dev/AI/mobile/game_df/ios-build/Il2CppOutputProject/IL2CPP/external/bdwgc/typd_mlc.c
[1717/3487  0s] CopyFiles /Users/tuantu/Desktop/dev/AI/mobile/game_df/ios-build/Il2CppOutputProject/IL2CPP/external/bdwgc/tools/if_mach.c
[1718/3487  0s] CopyFiles /Users/tuantu/Desktop/dev/AI/mobile/game_df/ios-build/Il2CppOutputProject/IL2CPP/external/bdwgc/thread_local_alloc.c
[1719/3487  0s] CopyFiles /Users/tuantu/Desktop/dev/AI/mobile/game_df/ios-build/Il2CppOutputProject/IL2CPP/external/bdwgc/tests/threadkey_test.c
[1720/3487  0s] CopyFiles /Users/tuantu/Desktop/dev/AI/mobile/game_df/ios-build/Il2CppOutputProject/IL2CPP/external/bdwgc/tests/test_atomic_ops.c
[1721/3487  0s] CopyFiles /Users/tuantu/Desktop/dev/AI/mobile/game_df/ios-build/Il2CppOutputProject/IL2CPP/external/bdwgc/tests/thread_leak_test.c
[1722/3487  0s] CopyFiles /Users/tuantu/Desktop/dev/AI/mobile/game_df/ios-build/Il2CppOutputProject/IL2CPP/external/bdwgc/tests/trace_test.c
[1723/3487  0s] CopyFiles /Users/tuantu/Desktop/dev/AI/mobile/game_df/ios-build/Il2CppOutputProject/IL2CPP/external/bdwgc/tests/staticrootstest.c
[1724/3487  0s] CopyFiles /Users/tuantu/Desktop/dev/AI/mobile/game_df/ios-build/Il2CppOutputProject/IL2CPP/external/bdwgc/tests/subthread_create.c
[1725/3487  0s] CopyFiles /Users/tuantu/Desktop/dev/AI/mobile/game_df/ios-build/Il2CppOutputProject/IL2CPP/external/bdwgc/win32_threads.c
[1726/3487  0s] CopyFiles /Users/tuantu/Desktop/dev/AI/mobile/game_df/ios-build/Il2CppOutputProject/IL2CPP/external/bdwgc/tests/staticrootslib.c
[1727/3487  0s] CopyFiles /Users/tuantu/Desktop/dev/AI/mobile/game_df/ios-build/Il2CppOutputProject/IL2CPP/external/bdwgc/tests/realloc_test.c
[1728/3487  0s] CopyFiles /Users/tuantu/Desktop/dev/AI/mobile/game_df/ios-build/Il2CppOutputProject/IL2CPP/external/bdwgc/tests/smash_test.c
[1729/3487  0s] CopyFiles /Users/tuantu/Desktop/dev/AI/mobile/game_df/ios-build/Il2CppOutputProject/IL2CPP/external/bdwgc/tests/middle.c
[1730/3487  0s] CopyFiles /Users/tuantu/Desktop/dev/AI/mobile/game_df/ios-build/Il2CppOutputProject/IL2CPP/external/bdwgc/tests/leak_test.c
[1731/3487  0s] CopyFiles /Users/tuantu/Desktop/dev/AI/mobile/game_df/ios-build/Il2CppOutputProject/IL2CPP/external/bdwgc/tests/disclaim_bench.c
[1732/3487  0s] CopyFiles /Users/tuantu/Desktop/dev/AI/mobile/game_df/ios-build/Il2CppOutputProject/IL2CPP/external/bdwgc/README.md
[1733/3487  0s] CopyFiles /Users/tuantu/Desktop/dev/AI/mobile/game_df/ios-build/Il2CppOutputProject/IL2CPP/external/bdwgc/tests/disclaim_test.c
[1734/3487  0s] CopyFiles /Users/tuantu/Desktop/dev/AI/mobile/game_df/ios-build/Il2CppOutputProject/IL2CPP/external/bdwgc/tests/test.c
[1735/3487  0s] CopyFiles /Users/tuantu/Desktop/dev/AI/mobile/game_df/ios-build/Il2CppOutputProject/IL2CPP/external/bdwgc/tests/huge_test.c
[1736/3487  0s] CopyFiles /Users/tuantu/Desktop/dev/AI/mobile/game_df/ios-build/Il2CppOutputProject/IL2CPP/external/bdwgc/specific.c
[1737/3487  0s] CopyFiles /Users/tuantu/Desktop/dev/AI/mobile/game_df/ios-build/Il2CppOutputProject/IL2CPP/external/bdwgc/tests/initsecondarythread.c
[1738/3487  0s] CopyFiles /Users/tuantu/Desktop/dev/AI/mobile/game_df/ios-build/Il2CppOutputProject/IL2CPP/external/bdwgc/reclaim.c
[1739/3487  0s] CopyFiles /Users/tuantu/Desktop/dev/AI/mobile/game_df/ios-build/Il2CppOutputProject/IL2CPP/external/bdwgc/pthread_start.c
[1740/3487  0s] CopyFiles /Users/tuantu/Desktop/dev/AI/mobile/game_df/ios-build/Il2CppOutputProject/IL2CPP/external/bdwgc/ptr_chck.c
[1741/3487  0s] CopyFiles /Users/tuantu/Desktop/dev/AI/mobile/game_df/ios-build/Il2CppOutputProject/IL2CPP/external/bdwgc/obj_map.c
[1742/3487  0s] CopyFiles /Users/tuantu/Desktop/dev/AI/mobile/game_df/ios-build/Il2CppOutputProject/IL2CPP/external/bdwgc/new_hblk.c
[1743/3487  0s] CopyFiles /Users/tuantu/Desktop/dev/AI/mobile/game_df/ios-build/Il2CppOutputProject/IL2CPP/external/bdwgc/pthread_support.c
[1744/3487  0s] CopyFiles /Users/tuantu/Desktop/dev/AI/mobile/game_df/ios-build/Il2CppOutputProject/IL2CPP/external/bdwgc/mark_rts.c
[1745/3487  0s] CopyFiles /Users/tuantu/Desktop/dev/AI/mobile/game_df/ios-build/Il2CppOutputProject/IL2CPP/external/bdwgc/pthread_stop_world.c
[1746/3487  0s] CopyFiles /Users/tuantu/Desktop/dev/AI/mobile/game_df/ios-build/Il2CppOutputProject/IL2CPP/external/bdwgc/os_dep.c
[1747/3487  0s] CopyFiles /Users/tuantu/Desktop/dev/AI/mobile/game_df/ios-build/Il2CppOutputProject/IL2CPP/external/bdwgc/misc.c
[1748/3487  0s] CopyFiles /Users/tuantu/Desktop/dev/AI/mobile/game_df/ios-build/Il2CppOutputProject/IL2CPP/external/bdwgc/mallocx.c
[1749/3487  0s] CopyFiles /Users/tuantu/Desktop/dev/AI/mobile/game_df/ios-build/Il2CppOutputProject/IL2CPP/external/bdwgc/mach_dep.c
[1750/3487  0s] CopyFiles /Users/tuantu/Desktop/dev/AI/mobile/game_df/ios-build/Il2CppOutputProject/IL2CPP/external/bdwgc/mark.c
[1751/3487  0s] CopyFiles /Users/tuantu/Desktop/dev/AI/mobile/game_df/ios-build/Il2CppOutputProject/IL2CPP/external/bdwgc/malloc.c
[1752/3487  0s] CopyFiles /Users/tuantu/Desktop/dev/AI/mobile/game_df/ios-build/Il2CppOutputProject/IL2CPP/external/bdwgc/libatomic_ops/src/atomic_ops/sysdeps/test_and_set_t_is_char.h
[1753/3487  0s] CopyFiles /Users/tuantu/Desktop/dev/AI/mobile/game_df/ios-build/Il2CppOutputProject/IL2CPP/external/bdwgc/libatomic_ops/src/atomic_ops/sysdeps/sunc/x86.h
[1754/3487  0s] CopyFiles /Users/tuantu/Desktop/dev/AI/mobile/game_df/ios-build/Il2CppOutputProject/IL2CPP/external/bdwgc/libatomic_ops/src/atomic_ops/sysdeps/test_and_set_t_is_ao_t.h
[1755/3487  0s] CopyFiles /Users/tuantu/Desktop/dev/AI/mobile/game_df/ios-build/Il2CppOutputProject/IL2CPP/external/bdwgc/libatomic_ops/src/atomic_ops/sysdeps/sunc/sparc.h
[1756/3487  0s] CopyFiles /Users/tuantu/Desktop/dev/AI/mobile/game_df/ios-build/Il2CppOutputProject/IL2CPP/external/bdwgc/libatomic_ops/src/atomic_ops/sysdeps/ordered_except_wr.h
[1757/3487  0s] CopyFiles /Users/tuantu/Desktop/dev/AI/mobile/game_df/ios-build/Il2CppOutputProject/IL2CPP/external/bdwgc/libatomic_ops/src/atomic_ops/sysdeps/standard_ao_double_t.h
[1758/3487  0s] CopyFiles /Users/tuantu/Desktop/dev/AI/mobile/game_df/ios-build/Il2CppOutputProject/IL2CPP/external/bdwgc/libatomic_ops/src/atomic_ops/sysdeps/read_ordered.h
[1759/3487  0s] CopyFiles /Users/tuantu/Desktop/dev/AI/mobile/game_df/ios-build/Il2CppOutputProject/IL2CPP/external/bdwgc/libatomic_ops/src/atomic_ops/sysdeps/ordered.h
[1760/3487  0s] CopyFiles /Users/tuantu/Desktop/dev/AI/mobile/game_df/ios-build/Il2CppOutputProject/IL2CPP/external/bdwgc/libatomic_ops/src/atomic_ops/sysdeps/loadstore/short_atomic_store.h
[1761/3487  0s] CopyFiles /Users/tuantu/Desktop/dev/AI/mobile/game_df/ios-build/Il2CppOutputProject/IL2CPP/external/bdwgc/libatomic_ops/src/atomic_ops/sysdeps/msftc/x86_64.h
[1762/3487  0s] CopyFiles /Users/tuantu/Desktop/dev/AI/mobile/game_df/ios-build/Il2CppOutputProject/IL2CPP/external/bdwgc/libatomic_ops/src/atomic_ops/sysdeps/msftc/arm.h
[1763/3487  0s] CopyFiles /Users/tuantu/Desktop/dev/AI/mobile/game_df/ios-build/Il2CppOutputProject/IL2CPP/external/bdwgc/libatomic_ops/src/atomic_ops/sysdeps/loadstore/short_atomic_load.h
[1764/3487  0s] CopyFiles /Users/tuantu/Desktop/dev/AI/mobile/game_df/ios-build/Il2CppOutputProject/IL2CPP/external/bdwgc/libatomic_ops/src/atomic_ops/sysdeps/msftc/common32_defs.h
[1765/3487  0s] CopyFiles /Users/tuantu/Desktop/dev/AI/mobile/game_df/ios-build/Il2CppOutputProject/IL2CPP/external/bdwgc/libatomic_ops/src/atomic_ops/sysdeps/msftc/x86.h
[1766/3487  0s] CopyFiles /Users/tuantu/Desktop/dev/AI/mobile/game_df/ios-build/Il2CppOutputProject/IL2CPP/external/bdwgc/libatomic_ops/src/atomic_ops/sysdeps/loadstore/int_atomic_store.h
[1767/3487  0s] CopyFiles /Users/tuantu/Desktop/dev/AI/mobile/game_df/ios-build/Il2CppOutputProject/IL2CPP/external/bdwgc/libatomic_ops/src/atomic_ops/sysdeps/loadstore/ordered_stores_only.h
[1768/3487  0s] CopyFiles /Users/tuantu/Desktop/dev/AI/mobile/game_df/ios-build/Il2CppOutputProject/IL2CPP/external/bdwgc/libatomic_ops/src/atomic_ops/sysdeps/loadstore/ordered_loads_only.h
[1769/3487  0s] CopyFiles /Users/tuantu/Desktop/dev/AI/mobile/game_df/ios-build/Il2CppOutputProject/IL2CPP/external/bdwgc/libatomic_ops/src/atomic_ops/sysdeps/loadstore/int_atomic_load.h
[1770/3487  0s] CopyFiles /Users/tuantu/Desktop/dev/AI/mobile/game_df/ios-build/Il2CppOutputProject/IL2CPP/external/bdwgc/libatomic_ops/src/atomic_ops/sysdeps/loadstore/double_atomic_load_store.h
[1771/3487  0s] CopyFiles /Users/tuantu/Desktop/dev/AI/mobile/game_df/ios-build/Il2CppOutputProject/IL2CPP/external/bdwgc/libatomic_ops/src/atomic_ops/sysdeps/loadstore/short_acquire_release_volatile.h
[1772/3487  0s] CopyFiles /Users/tuantu/Desktop/dev/AI/mobile/game_df/ios-build/Il2CppOutputProject/IL2CPP/external/bdwgc/libatomic_ops/src/atomic_ops/sysdeps/loadstore/int_acquire_release_volatile.h
[1773/3487  0s] CopyFiles /Users/tuantu/Desktop/dev/AI/mobile/game_df/ios-build/Il2CppOutputProject/IL2CPP/external/bdwgc/libatomic_ops/src/atomic_ops/sysdeps/loadstore/char_atomic_load.h
[1774/3487  0s] CopyFiles /Users/tuantu/Desktop/dev/AI/mobile/game_df/ios-build/Il2CppOutputProject/IL2CPP/external/bdwgc/libatomic_ops/src/atomic_ops/sysdeps/loadstore/char_atomic_store.h
[1775/3487  0s] CopyFiles /Users/tuantu/Desktop/dev/AI/mobile/game_df/ios-build/Il2CppOutputProject/IL2CPP/external/bdwgc/libatomic_ops/src/atomic_ops/sysdeps/loadstore/atomic_store.h
[1776/3487  0s] CopyFiles /Users/tuantu/Desktop/dev/AI/mobile/game_df/ios-build/Il2CppOutputProject/IL2CPP/external/bdwgc/libatomic_ops/src/atomic_ops/sysdeps/loadstore/acquire_release_volatile.h
[1777/3487  0s] CopyFiles /Users/tuantu/Desktop/dev/AI/mobile/game_df/ios-build/Il2CppOutputProject/IL2CPP/external/bdwgc/libatomic_ops/src/atomic_ops/sysdeps/icc/ia64.h
[1778/3487  0s] CopyFiles /Users/tuantu/Desktop/dev/AI/mobile/game_df/ios-build/Il2CppOutputProject/IL2CPP/external/bdwgc/libatomic_ops/src/atomic_ops/sysdeps/loadstore/char_acquire_release_volatile.h
[1779/3487  0s] CopyFiles /Users/tuantu/Desktop/dev/AI/mobile/game_df/ios-build/Il2CppOutputProject/IL2CPP/external/bdwgc/libatomic_ops/src/atomic_ops/sysdeps/ibmc/powerpc.h
[1780/3487  0s] CopyFiles /Users/tuantu/Desktop/dev/AI/mobile/game_df/ios-build/Il2CppOutputProject/IL2CPP/external/bdwgc/libatomic_ops/src/atomic_ops/sysdeps/loadstore/atomic_load.h
[1781/3487  0s] CopyFiles /Users/tuantu/Desktop/dev/AI/mobile/game_df/ios-build/Il2CppOutputProject/IL2CPP/external/bdwgc/libatomic_ops/src/atomic_ops/sysdeps/hpc/ia64.h
[1782/3487  0s] CopyFiles /Users/tuantu/Desktop/dev/AI/mobile/game_df/ios-build/Il2CppOutputProject/IL2CPP/external/bdwgc/libatomic_ops/src/atomic_ops/sysdeps/hpc/hppa.h
[1783/3487  0s] CopyFiles /Users/tuantu/Desktop/dev/AI/mobile/game_df/ios-build/Il2CppOutputProject/IL2CPP/external/bdwgc/libatomic_ops/src/atomic_ops/sysdeps/gcc/s390.h
[1784/3487  0s] CopyFiles /Users/tuantu/Desktop/dev/AI/mobile/game_df/ios-build/Il2CppOutputProject/IL2CPP/external/bdwgc/libatomic_ops/src/atomic_ops/sysdeps/gcc/mips.h
[1785/3487  0s] CopyFiles /Users/tuantu/Desktop/dev/AI/mobile/game_df/ios-build/Il2CppOutputProject/IL2CPP/external/bdwgc/libatomic_ops/src/atomic_ops/sysdeps/generic_pthread.h
[1786/3487  0s] CopyFiles /Users/tuantu/Desktop/dev/AI/mobile/game_df/ios-build/Il2CppOutputProject/IL2CPP/external/bdwgc/libatomic_ops/src/atomic_ops/sysdeps/gcc/sh.h
[1787/3487  0s] CopyFiles /Users/tuantu/Desktop/dev/AI/mobile/game_df/ios-build/Il2CppOutputProject/IL2CPP/external/bdwgc/libatomic_ops/src/atomic_ops/sysdeps/gcc/sparc.h
[1788/3487  0s] CopyFiles /Users/tuantu/Desktop/dev/AI/mobile/game_df/ios-build/Il2CppOutputProject/IL2CPP/external/bdwgc/libatomic_ops/src/atomic_ops/sysdeps/gcc/hexagon.h
[1789/3487  0s] CopyFiles /Users/tuantu/Desktop/dev/AI/mobile/game_df/ios-build/Il2CppOutputProject/IL2CPP/external/bdwgc/libatomic_ops/src/atomic_ops/sysdeps/gcc/m68k.h
[1790/3487  0s] CopyFiles /Users/tuantu/Desktop/dev/AI/mobile/game_df/ios-build/Il2CppOutputProject/IL2CPP/external/bdwgc/libatomic_ops/src/atomic_ops/sysdeps/gcc/x86.h
[1791/3487  0s] CopyFiles /Users/tuantu/Desktop/dev/AI/mobile/game_df/ios-build/Il2CppOutputProject/IL2CPP/external/bdwgc/libatomic_ops/src/atomic_ops/sysdeps/gcc/powerpc.h
[1792/3487  0s] CopyFiles /Users/tuantu/Desktop/dev/AI/mobile/game_df/ios-build/Il2CppOutputProject/IL2CPP/external/bdwgc/libatomic_ops/src/atomic_ops/sysdeps/gcc/generic.h
[1793/3487  0s] CopyFiles /Users/tuantu/Desktop/dev/AI/mobile/game_df/ios-build/Il2CppOutputProject/IL2CPP/external/bdwgc/libatomic_ops/src/atomic_ops/sysdeps/gcc/ia64.h
[1794/3487  0s] CopyFiles /Users/tuantu/Desktop/dev/AI/mobile/game_df/ios-build/Il2CppOutputProject/IL2CPP/external/bdwgc/libatomic_ops/src/atomic_ops/sysdeps/gcc/hppa.h
[1795/3487  0s] CopyFiles /Users/tuantu/Desktop/dev/AI/mobile/game_df/ios-build/Il2CppOutputProject/IL2CPP/external/bdwgc/libatomic_ops/src/atomic_ops/sysdeps/gcc/generic-small.h
[1796/3487  0s] CopyFiles /Users/tuantu/Desktop/dev/AI/mobile/game_df/ios-build/Il2CppOutputProject/IL2CPP/external/bdwgc/libatomic_ops/src/atomic_ops/sysdeps/gcc/cris.h
[1797/3487  0s] CopyFiles /Users/tuantu/Desktop/dev/AI/mobile/game_df/ios-build/Il2CppOutputProject/IL2CPP/external/bdwgc/libatomic_ops/src/atomic_ops/sysdeps/gcc/generic-arithm.h
[1798/3487  0s] CopyFiles /Users/tuantu/Desktop/dev/AI/mobile/game_df/ios-build/Il2CppOutputProject/IL2CPP/external/bdwgc/libatomic_ops/src/atomic_ops/sysdeps/gcc/arm.h
[1799/3487  0s] CopyFiles /Users/tuantu/Desktop/dev/AI/mobile/game_df/ios-build/Il2CppOutputProject/IL2CPP/external/bdwgc/libatomic_ops/src/atomic_ops/sysdeps/emul_cas.h
[1800/3487  0s] CopyFiles /Users/tuantu/Desktop/dev/AI/mobile/game_df/ios-build/Il2CppOutputProject/IL2CPP/external/bdwgc/libatomic_ops/src/atomic_ops/sysdeps/gcc/avr32.h
[1801/3487  0s] CopyFiles /Users/tuantu/Desktop/dev/AI/mobile/game_df/ios-build/Il2CppOutputProject/IL2CPP/external/bdwgc/libatomic_ops/src/atomic_ops/sysdeps/gcc/alpha.h
[1802/3487  0s] CopyFiles /Users/tuantu/Desktop/dev/AI/mobile/game_df/ios-build/Il2CppOutputProject/IL2CPP/external/bdwgc/libatomic_ops/src/atomic_ops/sysdeps/gcc/aarch64.h
[1803/3487  0s] CopyFiles /Users/tuantu/Desktop/dev/AI/mobile/game_df/ios-build/Il2CppOutputProject/IL2CPP/external/bdwgc/libatomic_ops/src/atomic_ops/sysdeps/all_atomic_only_load.h
[1804/3487  0s] CopyFiles /Users/tuantu/Desktop/dev/AI/mobile/game_df/ios-build/Il2CppOutputProject/IL2CPP/external/bdwgc/libatomic_ops/src/atomic_ops/sysdeps/all_aligned_atomic_load_store.h
[1805/3487  0s] CopyFiles /Users/tuantu/Desktop/dev/AI/mobile/game_df/ios-build/Il2CppOutputProject/IL2CPP/external/bdwgc/libatomic_ops/src/atomic_ops/sysdeps/ao_t_is_int.h
[1806/3487  0s] CopyFiles /Users/tuantu/Desktop/dev/AI/mobile/game_df/ios-build/Il2CppOutputProject/IL2CPP/external/bdwgc/libatomic_ops/src/atomic_ops/sysdeps/all_acquire_release_volatile.h
[1807/3487  0s] CopyFiles /Users/tuantu/Desktop/dev/AI/mobile/game_df/ios-build/Il2CppOutputProject/IL2CPP/external/bdwgc/libatomic_ops/src/atomic_ops/sysdeps/all_atomic_load_store.h
[1808/3487  0s] CopyFiles /Users/tuantu/Desktop/dev/AI/mobile/game_df/ios-build/Il2CppOutputProject/IL2CPP/external/bdwgc/libatomic_ops/src/atomic_ops/sysdeps/armcc/arm_v6.h
[1809/3487  0s] CopyFiles /Users/tuantu/Desktop/dev/AI/mobile/game_df/ios-build/Il2CppOutputProject/IL2CPP/external/bdwgc/libatomic_ops/README.md
[1810/3487  0s] CopyFiles /Users/tuantu/Desktop/dev/AI/mobile/game_df/ios-build/Il2CppOutputProject/IL2CPP/external/bdwgc/libatomic_ops/src/atomic_ops/ao_version.h
[1811/3487  0s] CopyFiles /Users/tuantu/Desktop/dev/AI/mobile/game_df/ios-build/Il2CppOutputProject/IL2CPP/external/bdwgc/libatomic_ops/src/atomic_ops/generalize.h
[1812/3487  0s] CopyFiles /Users/tuantu/Desktop/dev/AI/mobile/game_df/ios-build/Il2CppOutputProject/IL2CPP/external/bdwgc/libatomic_ops/COPYING
[1813/3487  0s] CopyFiles /Users/tuantu/Desktop/dev/AI/mobile/game_df/ios-build/Il2CppOutputProject/IL2CPP/external/bdwgc/libatomic_ops/src/atomic_ops.c
[1814/3487  0s] CopyFiles /Users/tuantu/Desktop/dev/AI/mobile/game_df/ios-build/Il2CppOutputProject/IL2CPP/external/bdwgc/libatomic_ops/doc/LICENSING.txt
[1815/3487  0s] CopyFiles /Users/tuantu/Desktop/dev/AI/mobile/game_df/ios-build/Il2CppOutputProject/IL2CPP/external/bdwgc/libatomic_ops/src/atomic_ops.h
[1816/3487  0s] CopyFiles /Users/tuantu/Desktop/dev/AI/mobile/game_df/ios-build/Il2CppOutputProject/IL2CPP/external/bdwgc/libatomic_ops/doc/README.txt
[1817/3487  0s] CopyFiles /Users/tuantu/Desktop/dev/AI/mobile/game_df/ios-build/Il2CppOutputProject/IL2CPP/external/bdwgc/include/weakpointer.h
[1818/3487  0s] CopyFiles /Users/tuantu/Desktop/dev/AI/mobile/game_df/ios-build/Il2CppOutputProject/IL2CPP/external/bdwgc/libatomic_ops/src/atomic_ops/generalize-arithm.h
[1819/3487  0s] CopyFiles /Users/tuantu/Desktop/dev/AI/mobile/game_df/ios-build/Il2CppOutputProject/IL2CPP/external/bdwgc/libatomic_ops/src/atomic_ops/generalize-small.h
[1820/3487  0s] CopyFiles /Users/tuantu/Desktop/dev/AI/mobile/game_df/ios-build/Il2CppOutputProject/IL2CPP/external/bdwgc/include/private/thread_local_alloc.h
[1821/3487  0s] CopyFiles /Users/tuantu/Desktop/dev/AI/mobile/game_df/ios-build/Il2CppOutputProject/IL2CPP/external/bdwgc/include/private/specific.h
[1822/3487  0s] CopyFiles /Users/tuantu/Desktop/dev/AI/mobile/game_df/ios-build/Il2CppOutputProject/IL2CPP/external/bdwgc/include/private/msvc_dbg.h
[1823/3487  0s] CopyFiles /Users/tuantu/Desktop/dev/AI/mobile/game_df/ios-build/Il2CppOutputProject/IL2CPP/external/bdwgc/include/private/pthread_support.h
[1824/3487  0s] CopyFiles /Users/tuantu/Desktop/dev/AI/mobile/game_df/ios-build/Il2CppOutputProject/IL2CPP/external/bdwgc/include/private/pthread_stop_world.h
[1825/3487  0s] CopyFiles /Users/tuantu/Desktop/dev/AI/mobile/game_df/ios-build/Il2CppOutputProject/IL2CPP/external/bdwgc/include/private/gc_atomic_ops.h
[1826/3487  0s] CopyFiles /Users/tuantu/Desktop/dev/AI/mobile/game_df/ios-build/Il2CppOutputProject/IL2CPP/external/bdwgc/include/private/gc_hdrs.h
[1827/3487  0s] CopyFiles /Users/tuantu/Desktop/dev/AI/mobile/game_df/ios-build/Il2CppOutputProject/IL2CPP/external/bdwgc/include/private/dbg_mlc.h
[1828/3487  0s] CopyFiles /Users/tuantu/Desktop/dev/AI/mobile/game_df/ios-build/Il2CppOutputProject/IL2CPP/external/bdwgc/include/private/gc_locks.h
[1829/3487  0s] CopyFiles /Users/tuantu/Desktop/dev/AI/mobile/game_df/ios-build/Il2CppOutputProject/IL2CPP/external/bdwgc/include/private/darwin_stop_world.h
[1830/3487  0s] CopyFiles /Users/tuantu/Desktop/dev/AI/mobile/game_df/ios-build/Il2CppOutputProject/IL2CPP/external/bdwgc/include/private/gc_pmark.h
[1831/3487  0s] CopyFiles /Users/tuantu/Desktop/dev/AI/mobile/game_df/ios-build/Il2CppOutputProject/IL2CPP/external/bdwgc/include/private/darwin_semaphore.h
[1832/3487  0s] CopyFiles /Users/tuantu/Desktop/dev/AI/mobile/game_df/ios-build/Il2CppOutputProject/IL2CPP/external/bdwgc/include/leak_detector.h
[1833/3487  0s] CopyFiles /Users/tuantu/Desktop/dev/AI/mobile/game_df/ios-build/Il2CppOutputProject/IL2CPP/external/bdwgc/include/gc_version.h
[1834/3487  0s] CopyFiles /Users/tuantu/Desktop/dev/AI/mobile/game_df/ios-build/Il2CppOutputProject/IL2CPP/external/bdwgc/include/javaxfc.h
[1835/3487  0s] CopyFiles /Users/tuantu/Desktop/dev/AI/mobile/game_df/ios-build/Il2CppOutputProject/IL2CPP/external/bdwgc/include/gc_vector.h
[1836/3487  0s] CopyFiles /Users/tuantu/Desktop/dev/AI/mobile/game_df/ios-build/Il2CppOutputProject/IL2CPP/external/bdwgc/include/new_gc_alloc.h
[1837/3487  0s] CopyFiles /Users/tuantu/Desktop/dev/AI/mobile/game_df/ios-build/Il2CppOutputProject/IL2CPP/external/bdwgc/include/gc_typed.h
[1838/3487  0s] CopyFiles /Users/tuantu/Desktop/dev/AI/mobile/game_df/ios-build/Il2CppOutputProject/IL2CPP/external/bdwgc/include/gc_tiny_fl.h
[1839/3487  0s] CopyFiles /Users/tuantu/Desktop/dev/AI/mobile/game_df/ios-build/Il2CppOutputProject/IL2CPP/external/bdwgc/include/gc_disclaim.h
[1840/3487  0s] CopyFiles /Users/tuantu/Desktop/dev/AI/mobile/game_df/ios-build/Il2CppOutputProject/IL2CPP/external/bdwgc/include/gc_pthread_redirects.h
[1841/3487  0s] CopyFiles /Users/tuantu/Desktop/dev/AI/mobile/game_df/ios-build/Il2CppOutputProject/IL2CPP/external/bdwgc/include/gc_inline.h
[1842/3487  0s] CopyFiles /Users/tuantu/Desktop/dev/AI/mobile/game_df/ios-build/Il2CppOutputProject/IL2CPP/external/bdwgc/include/gc_gcj.h
[1843/3487  0s] CopyFiles /Users/tuantu/Desktop/dev/AI/mobile/game_df/ios-build/Il2CppOutputProject/IL2CPP/external/bdwgc/include/gc_alloc_ptrs.h
[1844/3487  0s] CopyFiles /Users/tuantu/Desktop/dev/AI/mobile/game_df/ios-build/Il2CppOutputProject/IL2CPP/external/bdwgc/include/gc_backptr.h
[1845/3487  0s] CopyFiles /Users/tuantu/Desktop/dev/AI/mobile/game_df/ios-build/Il2CppOutputProject/IL2CPP/external/bdwgc/include/gc_config_macros.h
[1846/3487  0s] CopyFiles /Users/tuantu/Desktop/dev/AI/mobile/game_df/ios-build/Il2CppOutputProject/IL2CPP/external/bdwgc/include/gc_cpp.h
[1847/3487  0s] CopyFiles /Users/tuantu/Desktop/dev/AI/mobile/game_df/ios-build/Il2CppOutputProject/IL2CPP/external/bdwgc/include/extra/gc_cpp.h
[1848/3487  0s] CopyFiles /Users/tuantu/Desktop/dev/AI/mobile/game_df/ios-build/Il2CppOutputProject/IL2CPP/external/bdwgc/include/gc_mark.h
[1849/3487  0s] CopyFiles /Users/tuantu/Desktop/dev/AI/mobile/game_df/ios-build/Il2CppOutputProject/IL2CPP/external/bdwgc/include/gc_allocator.h
[1850/3487  0s] CopyFiles /Users/tuantu/Desktop/dev/AI/mobile/game_df/ios-build/Il2CppOutputProject/IL2CPP/external/bdwgc/include/extra/gc.h
[1851/3487  0s] CopyFiles /Users/tuantu/Desktop/dev/AI/mobile/game_df/ios-build/Il2CppOutputProject/IL2CPP/external/bdwgc/include/ec.h
[1852/3487  0s] CopyFiles /Users/tuantu/Desktop/dev/AI/mobile/game_df/ios-build/Il2CppOutputProject/IL2CPP/external/bdwgc/include/cord_pos.h
[1853/3487  0s] CopyFiles /Users/tuantu/Desktop/dev/AI/mobile/game_df/ios-build/Il2CppOutputProject/IL2CPP/external/bdwgc/heapsections.c
[1854/3487  0s] CopyFiles /Users/tuantu/Desktop/dev/AI/mobile/game_df/ios-build/Il2CppOutputProject/IL2CPP/external/bdwgc/gc_dlopen.c
[1855/3487  0s] CopyFiles /Users/tuantu/Desktop/dev/AI/mobile/game_df/ios-build/Il2CppOutputProject/IL2CPP/external/bdwgc/gcj_mlc.c
[1856/3487  0s] CopyFiles /Users/tuantu/Desktop/dev/AI/mobile/game_df/ios-build/Il2CppOutputProject/IL2CPP/external/bdwgc/include/private/gc_priv.h
[1857/3487  0s] CopyFiles /Users/tuantu/Desktop/dev/AI/mobile/game_df/ios-build/Il2CppOutputProject/IL2CPP/external/bdwgc/include/private/gcconfig.h
[1858/3487  0s] CopyFiles /Users/tuantu/Desktop/dev/AI/mobile/game_df/ios-build/Il2CppOutputProject/IL2CPP/external/bdwgc/include/cord.h
[1859/3487  0s] CopyFiles /Users/tuantu/Desktop/dev/AI/mobile/game_df/ios-build/Il2CppOutputProject/IL2CPP/external/bdwgc/extra/real_malloc.c
[1860/3487  0s] CopyFiles /Users/tuantu/Desktop/dev/AI/mobile/game_df/ios-build/Il2CppOutputProject/IL2CPP/external/bdwgc/fnlz_mlc.c
[1861/3487  0s] CopyFiles /Users/tuantu/Desktop/dev/AI/mobile/game_df/ios-build/Il2CppOutputProject/IL2CPP/external/bdwgc/headers.c
[1862/3487  0s] CopyFiles /Users/tuantu/Desktop/dev/AI/mobile/game_df/ios-build/Il2CppOutputProject/IL2CPP/external/bdwgc/extra/Mac_files/MacOS_config.h
[1863/3487  0s] CopyFiles /Users/tuantu/Desktop/dev/AI/mobile/game_df/ios-build/Il2CppOutputProject/IL2CPP/external/bdwgc/extra/Mac_files/datastart.c
[1864/3487  0s] CopyFiles /Users/tuantu/Desktop/dev/AI/mobile/game_df/ios-build/Il2CppOutputProject/IL2CPP/external/bdwgc/extra/Mac_files/dataend.c
[1865/3487  0s] CopyFiles /Users/tuantu/Desktop/dev/AI/mobile/game_df/ios-build/Il2CppOutputProject/IL2CPP/external/bdwgc/extra/MacOS.c
[1866/3487  0s] CopyFiles /Users/tuantu/Desktop/dev/AI/mobile/game_df/ios-build/Il2CppOutputProject/IL2CPP/external/bdwgc/include/gc.h
[1867/3487  0s] CopyFiles /Users/tuantu/Desktop/dev/AI/mobile/game_df/ios-build/Il2CppOutputProject/IL2CPP/external/bdwgc/extra/gc.c
[1868/3487  0s] CopyFiles /Users/tuantu/Desktop/dev/AI/mobile/game_df/ios-build/Il2CppOutputProject/IL2CPP/external/bdwgc/extra/krait_signal_handler.c
[1869/3487  0s] CopyFiles /Users/tuantu/Desktop/dev/AI/mobile/game_df/ios-build/Il2CppOutputProject/IL2CPP/external/bdwgc/finalize.c
[1870/3487  0s] CopyFiles /Users/tuantu/Desktop/dev/AI/mobile/game_df/ios-build/Il2CppOutputProject/IL2CPP/external/bdwgc/extra/msvc_dbg.c
[1871/3487  0s] CopyFiles /Users/tuantu/Desktop/dev/AI/mobile/game_df/ios-build/Il2CppOutputProject/IL2CPP/external/bdwgc/extra/pcr_interface.c
[1872/3487  0s] CopyFiles /Users/tuantu/Desktop/dev/AI/mobile/game_df/ios-build/Il2CppOutputProject/IL2CPP/external/bdwgc/dyn_load.c
[1873/3487  0s] CopyFiles /Users/tuantu/Desktop/dev/AI/mobile/game_df/ios-build/Il2CppOutputProject/IL2CPP/external/bdwgc/cord/tests/de_win.c
[1874/3487  0s] CopyFiles /Users/tuantu/Desktop/dev/AI/mobile/game_df/ios-build/Il2CppOutputProject/IL2CPP/external/bdwgc/cord/tests/de_win.h
[1875/3487  0s] CopyFiles /Users/tuantu/Desktop/dev/AI/mobile/game_df/ios-build/Il2CppOutputProject/IL2CPP/external/bdwgc/cord/tests/de_cmds.h
[1876/3487  0s] CopyFiles /Users/tuantu/Desktop/dev/AI/mobile/game_df/ios-build/Il2CppOutputProject/IL2CPP/external/bdwgc/cord/tests/cordtest.c
[1877/3487  0s] CopyFiles /Users/tuantu/Desktop/dev/AI/mobile/game_df/ios-build/Il2CppOutputProject/IL2CPP/external/bdwgc/cord/cordxtra.c
[1878/3487  0s] CopyFiles /Users/tuantu/Desktop/dev/AI/mobile/game_df/ios-build/Il2CppOutputProject/IL2CPP/external/bdwgc/cord/cordbscs.c
[1879/3487  0s] CopyFiles /Users/tuantu/Desktop/dev/AI/mobile/game_df/ios-build/Il2CppOutputProject/IL2CPP/external/bdwgc/blacklst.c
[1880/3487  0s] CopyFiles /Users/tuantu/Desktop/dev/AI/mobile/game_df/ios-build/Il2CppOutputProject/IL2CPP/external/bdwgc/extra/AmigaOS.c
[1881/3487  0s] CopyFiles /Users/tuantu/Desktop/dev/AI/mobile/game_df/ios-build/Il2CppOutputProject/IL2CPP/external/bdwgc/backgraph.c
[1882/3487  0s] CopyFiles /Users/tuantu/Desktop/dev/AI/mobile/game_df/ios-build/Il2CppOutputProject/IL2CPP/external/bdwgc/cord/cordprnt.c
[1883/3487  0s] CopyFiles /Users/tuantu/Desktop/dev/AI/mobile/game_df/ios-build/Il2CppOutputProject/IL2CPP/external/bdwgc/darwin_stop_world.c
[1884/3487  0s] CopyFiles /Users/tuantu/Desktop/dev/AI/mobile/game_df/ios-build/Il2CppOutputProject/IL2CPP/external/bdwgc/checksums.c
[1885/3487  0s] CopyFiles /Users/tuantu/Desktop/dev/AI/mobile/game_df/ios-build/Il2CppOutputProject/IL2CPP/external/bdwgc/cord/tests/de.c
[1886/3487  0s] CopyFiles /Users/tuantu/Desktop/dev/AI/mobile/game_df/ios-build/Il2CppOutputProject/IL2CPP/external/bdwgc/dbg_mlc.c
[1887/3487  0s] CopyFiles /Users/tuantu/Desktop/dev/AI/mobile/game_df/ios-build/Il2CppOutputProject/IL2CPP/external/baselib/Platforms/WindowsGames/Include/C/Baselib_ThreadLocalStorage.inl.h
[1888/3487  0s] CopyFiles /Users/tuantu/Desktop/dev/AI/mobile/game_df/ios-build/Il2CppOutputProject/IL2CPP/external/baselib/Platforms/WindowsGames/Include/C/Baselib_FileIO.inl.h
[1889/3487  0s] CopyFiles /Users/tuantu/Desktop/dev/AI/mobile/game_df/ios-build/Il2CppOutputProject/IL2CPP/external/baselib/Platforms/WindowsGames/Include/C/Baselib_DynamicLibrary.inl.h
[1890/3487  0s] CopyFiles /Users/tuantu/Desktop/dev/AI/mobile/game_df/ios-build/Il2CppOutputProject/IL2CPP/external/baselib/Platforms/WindowsGames/Include/C/Baselib_ErrorState.inl.h
[1891/3487  0s] CopyFiles /Users/tuantu/Desktop/dev/AI/mobile/game_df/ios-build/Il2CppOutputProject/IL2CPP/external/baselib/Platforms/Windows/Include/C/Baselib_ThreadLocalStorage.inl.h
[1892/3487  0s] CopyFiles /Users/tuantu/Desktop/dev/AI/mobile/game_df/ios-build/Il2CppOutputProject/IL2CPP/external/baselib/Platforms/Windows/Include/C/Baselib_ErrorState.inl.h
[1893/3487  0s] CopyFiles /Users/tuantu/Desktop/dev/AI/mobile/game_df/ios-build/Il2CppOutputProject/IL2CPP/external/baselib/Platforms/Windows/Include/C/Baselib_FileIO.inl.h
[1894/3487  0s] CopyFiles /Users/tuantu/Desktop/dev/AI/mobile/game_df/ios-build/Il2CppOutputProject/IL2CPP/external/baselib/Platforms/Windows/Include/BaselibPlatformSpecificEnvironment.h
[1895/3487  0s] CopyFiles /Users/tuantu/Desktop/dev/AI/mobile/game_df/ios-build/Il2CppOutputProject/IL2CPP/external/baselib/Platforms/WindowsGames/Include/BaselibPlatformSpecificEnvironment.h
[1896/3487  0s] CopyFiles /Users/tuantu/Desktop/dev/AI/mobile/game_df/ios-build/Il2CppOutputProject/IL2CPP/external/baselib/Platforms/Windows/Include/C/Baselib_DynamicLibrary.inl.h
[1897/3487  0s] CopyFiles /Users/tuantu/Desktop/dev/AI/mobile/game_df/ios-build/Il2CppOutputProject/IL2CPP/external/bdwgc/allchblk.c
[1898/3487  0s] CopyFiles /Users/tuantu/Desktop/dev/AI/mobile/game_df/ios-build/Il2CppOutputProject/IL2CPP/external/baselib/Platforms/WebGL/Include/C/Baselib_ThreadLocalStorage.inl.h
[1899/3487  0s] CopyFiles /Users/tuantu/Desktop/dev/AI/mobile/game_df/ios-build/Il2CppOutputProject/IL2CPP/external/baselib/Platforms/WebGL/Include/C/Baselib_FileIO.inl.h
[1900/3487  0s] CopyFiles /Users/tuantu/Desktop/dev/AI/mobile/game_df/ios-build/Il2CppOutputProject/IL2CPP/external/baselib/Platforms/WebGL/Include/C/Baselib_ErrorState.inl.h
[1901/3487  0s] CopyFiles /Users/tuantu/Desktop/dev/AI/mobile/game_df/ios-build/Il2CppOutputProject/IL2CPP/external/baselib/Platforms/WebGL/Include/BaselibPlatformSpecificEnvironment.h
[1902/3487  0s] CopyFiles /Users/tuantu/Desktop/dev/AI/mobile/game_df/ios-build/Il2CppOutputProject/IL2CPP/external/baselib/Platforms/WebGL/Include/C/Baselib_DynamicLibrary.inl.h
[1903/3487  0s] CopyFiles /Users/tuantu/Desktop/dev/AI/mobile/game_df/ios-build/Il2CppOutputProject/IL2CPP/external/baselib/Platforms/VisionOS/Include/C/Baselib_ThreadLocalStorage.inl.h
[1904/3487  0s] CopyFiles /Users/tuantu/Desktop/dev/AI/mobile/game_df/ios-build/Il2CppOutputProject/IL2CPP/external/baselib/Platforms/VisionOS/Include/C/Baselib_FileIO.inl.h
[1905/3487  0s] CopyFiles /Users/tuantu/Desktop/dev/AI/mobile/game_df/ios-build/Il2CppOutputProject/IL2CPP/external/bdwgc/alloc.c
[1906/3487  0s] CopyFiles /Users/tuantu/Desktop/dev/AI/mobile/game_df/ios-build/Il2CppOutputProject/IL2CPP/external/baselib/Platforms/VisionOS/Include/C/Baselib_ErrorState.inl.h
[1907/3487  0s] CopyFiles /Users/tuantu/Desktop/dev/AI/mobile/game_df/ios-build/Il2CppOutputProject/IL2CPP/external/baselib/Platforms/VisionOS/Include/BaselibPlatformSpecificEnvironment.h
[1908/3487  0s] CopyFiles /Users/tuantu/Desktop/dev/AI/mobile/game_df/ios-build/Il2CppOutputProject/IL2CPP/external/baselib/Platforms/UniversalWindows/Include/C/Baselib_ThreadLocalStorage.inl.h
[1909/3487  0s] CopyFiles /Users/tuantu/Desktop/dev/AI/mobile/game_df/ios-build/Il2CppOutputProject/IL2CPP/external/baselib/Platforms/VisionOS/Include/C/Baselib_DynamicLibrary.inl.h
[1910/3487  0s] CopyFiles /Users/tuantu/Desktop/dev/AI/mobile/game_df/ios-build/Il2CppOutputProject/IL2CPP/external/baselib/Platforms/UniversalWindows/Include/BaselibPlatformSpecificEnvironment.h
[1911/3487  0s] CopyFiles /Users/tuantu/Desktop/dev/AI/mobile/game_df/ios-build/Il2CppOutputProject/IL2CPP/external/baselib/Platforms/UniversalWindows/Include/C/Baselib_DynamicLibrary.inl.h
[1912/3487  0s] CopyFiles /Users/tuantu/Desktop/dev/AI/mobile/game_df/ios-build/Il2CppOutputProject/IL2CPP/external/baselib/Platforms/UniversalWindows/Include/C/Baselib_ErrorState.inl.h
[1913/3487  0s] CopyFiles /Users/tuantu/Desktop/dev/AI/mobile/game_df/ios-build/Il2CppOutputProject/IL2CPP/external/baselib/Platforms/UniversalWindows/Include/C/Baselib_FileIO.inl.h
[1914/3487  0s] CopyFiles /Users/tuantu/Desktop/dev/AI/mobile/game_df/ios-build/Il2CppOutputProject/IL2CPP/external/baselib/Platforms/Tvos/Include/C/Baselib_ThreadLocalStorage.inl.h
[1915/3487  0s] CopyFiles /Users/tuantu/Desktop/dev/AI/mobile/game_df/ios-build/Il2CppOutputProject/IL2CPP/external/baselib/Platforms/Tvos/Include/C/Baselib_FileIO.inl.h
[1916/3487  0s] CopyFiles /Users/tuantu/Desktop/dev/AI/mobile/game_df/ios-build/Il2CppOutputProject/IL2CPP/external/baselib/Platforms/Tvos/Include/C/Baselib_DynamicLibrary.inl.h
[1917/3487  0s] CopyFiles /Users/tuantu/Desktop/dev/AI/mobile/game_df/ios-build/Il2CppOutputProject/IL2CPP/external/baselib/Platforms/Tvos/Include/C/Baselib_ErrorState.inl.h
[1918/3487  0s] CopyFiles /Users/tuantu/Desktop/dev/AI/mobile/game_df/ios-build/Il2CppOutputProject/IL2CPP/external/baselib/Platforms/OSX/Include/C/Baselib_ErrorState.inl.h
[1919/3487  0s] CopyFiles /Users/tuantu/Desktop/dev/AI/mobile/game_df/ios-build/Il2CppOutputProject/IL2CPP/external/baselib/Platforms/OSX/Include/C/Baselib_ThreadLocalStorage.inl.h
[1920/3487  0s] CopyFiles /Users/tuantu/Desktop/dev/AI/mobile/game_df/ios-build/Il2CppOutputProject/IL2CPP/external/baselib/Platforms/Tvos/Include/BaselibPlatformSpecificEnvironment.h
[1921/3487  0s] CopyFiles /Users/tuantu/Desktop/dev/AI/mobile/game_df/ios-build/Il2CppOutputProject/IL2CPP/external/baselib/Platforms/OSX/Include/C/Baselib_DynamicLibrary.inl.h
[1922/3487  0s] CopyFiles /Users/tuantu/Desktop/dev/AI/mobile/game_df/ios-build/Il2CppOutputProject/IL2CPP/external/baselib/Platforms/OSX/Include/C/Baselib_FileIO.inl.h
[1923/3487  0s] CopyFiles /Users/tuantu/Desktop/dev/AI/mobile/game_df/ios-build/Il2CppOutputProject/IL2CPP/external/baselib/Platforms/OSX/Include/BaselibPlatformSpecificEnvironment.h
[1924/3487  0s] CopyFiles /Users/tuantu/Desktop/dev/AI/mobile/game_df/ios-build/Il2CppOutputProject/IL2CPP/external/baselib/Platforms/Linux/Include/BaselibPlatformSpecificEnvironment.h
[1925/3487  0s] CopyFiles /Users/tuantu/Desktop/dev/AI/mobile/game_df/ios-build/Il2CppOutputProject/IL2CPP/external/baselib/Platforms/Linux/Include/C/Baselib_FileIO.inl.h
[1926/3487  0s] CopyFiles /Users/tuantu/Desktop/dev/AI/mobile/game_df/ios-build/Il2CppOutputProject/IL2CPP/external/baselib/Platforms/Linux/Include/C/Baselib_DynamicLibrary.inl.h
[1927/3487  0s] CopyFiles /Users/tuantu/Desktop/dev/AI/mobile/game_df/ios-build/Il2CppOutputProject/IL2CPP/external/baselib/Platforms/Linux/Include/C/Baselib_ThreadLocalStorage.inl.h
[1928/3487  0s] CopyFiles /Users/tuantu/Desktop/dev/AI/mobile/game_df/ios-build/Il2CppOutputProject/IL2CPP/external/baselib/Platforms/Linux/Include/C/Baselib_ErrorState.inl.h
[1929/3487  0s] CopyFiles /Users/tuantu/Desktop/dev/AI/mobile/game_df/ios-build/Il2CppOutputProject/IL2CPP/external/baselib/Platforms/IOS/Include/C/Baselib_FileIO.inl.h
[1930/3487  0s] CopyFiles /Users/tuantu/Desktop/dev/AI/mobile/game_df/ios-build/Il2CppOutputProject/IL2CPP/external/baselib/Platforms/IOS/Include/C/Baselib_ThreadLocalStorage.inl.h
[1931/3487  0s] CopyFiles /Users/tuantu/Desktop/dev/AI/mobile/game_df/ios-build/Il2CppOutputProject/IL2CPP/external/baselib/Platforms/IOS/Include/C/Baselib_ErrorState.inl.h
[1932/3487  0s] CopyFiles /Users/tuantu/Desktop/dev/AI/mobile/game_df/ios-build/Il2CppOutputProject/IL2CPP/external/baselib/Platforms/IOS/Include/C/Baselib_DynamicLibrary.inl.h
[1933/3487  0s] CopyFiles /Users/tuantu/Desktop/dev/AI/mobile/game_df/ios-build/Il2CppOutputProject/IL2CPP/external/baselib/Platforms/IOS/Include/BaselibPlatformSpecificEnvironment.h
[1934/3487  0s] CopyFiles /Users/tuantu/Desktop/dev/AI/mobile/game_df/ios-build/Il2CppOutputProject/IL2CPP/external/baselib/Platforms/EmbeddedLinux/Include/C/Baselib_ErrorState.inl.h
[1935/3487  0s] CopyFiles /Users/tuantu/Desktop/dev/AI/mobile/game_df/ios-build/Il2CppOutputProject/IL2CPP/external/baselib/Platforms/EmbeddedLinux/Include/C/Baselib_FileIO.inl.h
[1936/3487  0s] CopyFiles /Users/tuantu/Desktop/dev/AI/mobile/game_df/ios-build/Il2CppOutputProject/IL2CPP/external/baselib/Platforms/EmbeddedLinux/Include/BaselibPlatformSpecificEnvironment.h
[1937/3487  0s] CopyFiles /Users/tuantu/Desktop/dev/AI/mobile/game_df/ios-build/Il2CppOutputProject/IL2CPP/external/baselib/Platforms/EmbeddedLinux/Include/C/Baselib_DynamicLibrary.inl.h
[1938/3487  0s] CopyFiles /Users/tuantu/Desktop/dev/AI/mobile/game_df/ios-build/Il2CppOutputProject/IL2CPP/external/baselib/Platforms/EmbeddedLinux/Include/C/Baselib_ThreadLocalStorage.inl.h
[1939/3487  0s] CopyFiles /Users/tuantu/Desktop/dev/AI/mobile/game_df/ios-build/Il2CppOutputProject/IL2CPP/external/baselib/Platforms/Android/Include/C/Baselib_ErrorState.inl.h
[1940/3487  0s] CopyFiles /Users/tuantu/Desktop/dev/AI/mobile/game_df/ios-build/Il2CppOutputProject/IL2CPP/external/baselib/Platforms/Android/Include/C/Baselib_FileIO.inl.h
[1941/3487  0s] CopyFiles /Users/tuantu/Desktop/dev/AI/mobile/game_df/ios-build/Il2CppOutputProject/IL2CPP/external/baselib/Platforms/Android/Include/C/Baselib_ThreadLocalStorage.inl.h
[1942/3487  0s] CopyFiles /Users/tuantu/Desktop/dev/AI/mobile/game_df/ios-build/Il2CppOutputProject/IL2CPP/external/baselib/Platforms/Android/Include/C/Baselib_DynamicLibrary.inl.h
[1943/3487  0s] CopyFiles /Users/tuantu/Desktop/dev/AI/mobile/game_df/ios-build/Il2CppOutputProject/IL2CPP/external/baselib/Platforms/Android/Include/BaselibPlatformSpecificEnvironment.h
[1944/3487  0s] CopyFiles /Users/tuantu/Desktop/dev/AI/mobile/game_df/ios-build/Il2CppOutputProject/IL2CPP/external/baselib/Include/PreExternalInclude.h
[1945/3487  0s] CopyFiles /Users/tuantu/Desktop/dev/AI/mobile/game_df/ios-build/Il2CppOutputProject/IL2CPP/external/baselib/Include/PostExternalInclude.h
[1946/3487  0s] CopyFiles /Users/tuantu/Desktop/dev/AI/mobile/game_df/ios-build/Il2CppOutputProject/IL2CPP/external/baselib/Include/Internal/VerifyPlatformEnvironment.h
[1947/3487  0s] CopyFiles /Users/tuantu/Desktop/dev/AI/mobile/game_df/ios-build/Il2CppOutputProject/IL2CPP/external/baselib/Include/Internal/UndefineCoreMacros.h
[1948/3487  0s] CopyFiles /Users/tuantu/Desktop/dev/AI/mobile/game_df/ios-build/Il2CppOutputProject/IL2CPP/external/baselib/Include/Internal/PlatformDetection.h
[1949/3487  0s] CopyFiles /Users/tuantu/Desktop/dev/AI/mobile/game_df/ios-build/Il2CppOutputProject/IL2CPP/external/baselib/Include/Internal/RedefineCompilerMacros.h
[1950/3487  0s] CopyFiles /Users/tuantu/Desktop/dev/AI/mobile/game_df/ios-build/Il2CppOutputProject/IL2CPP/external/baselib/Include/Internal/UndefineCompilerMacros.h
[1951/3487  0s] CopyFiles /Users/tuantu/Desktop/dev/AI/mobile/game_df/ios-build/Il2CppOutputProject/IL2CPP/external/baselib/Include/Internal/PlatformEnvironment.h
[1952/3487  0s] CopyFiles /Users/tuantu/Desktop/dev/AI/mobile/game_df/ios-build/Il2CppOutputProject/IL2CPP/external/baselib/Include/Internal/Compiler/CompilerEnvironmentMsvc.h
[1953/3487  0s] CopyFiles /Users/tuantu/Desktop/dev/AI/mobile/game_df/ios-build/Il2CppOutputProject/IL2CPP/external/baselib/Include/Internal/Assert.h
[1954/3487  0s] CopyFiles /Users/tuantu/Desktop/dev/AI/mobile/game_df/ios-build/Il2CppOutputProject/IL2CPP/external/baselib/Include/Internal/ArchitectureDetection.h
[1955/3487  0s] CopyFiles /Users/tuantu/Desktop/dev/AI/mobile/game_df/ios-build/Il2CppOutputProject/IL2CPP/external/baselib/Include/Internal/BasicTypes.h
[1956/3487  0s] CopyFiles /Users/tuantu/Desktop/dev/AI/mobile/game_df/ios-build/Il2CppOutputProject/IL2CPP/external/baselib/Include/Internal/Compiler/CompilerEnvironmentClang.h
[1957/3487  0s] CopyFiles /Users/tuantu/Desktop/dev/AI/mobile/game_df/ios-build/Il2CppOutputProject/IL2CPP/external/baselib/Include/Internal/Compiler/CompilerEnvironmentGcc.h
[1958/3487  0s] CopyFiles /Users/tuantu/Desktop/dev/AI/mobile/game_df/ios-build/Il2CppOutputProject/IL2CPP/external/baselib/Include/Internal/CoreMacros.h
[1959/3487  0s] CopyFiles /Users/tuantu/Desktop/dev/AI/mobile/game_df/ios-build/Il2CppOutputProject/IL2CPP/external/baselib/Include/External/utfcpp/source/utf8/cpp11.h
[1960/3487  0s] CopyFiles /Users/tuantu/Desktop/dev/AI/mobile/game_df/ios-build/Il2CppOutputProject/IL2CPP/external/baselib/Include/External/utfcpp/source/utf8.h
[1961/3487  0s] CopyFiles /Users/tuantu/Desktop/dev/AI/mobile/game_df/ios-build/Il2CppOutputProject/IL2CPP/external/baselib/Include/External/utfcpp/source/utf8/unchecked.h
[1962/3487  0s] CopyFiles /Users/tuantu/Desktop/dev/AI/mobile/game_df/ios-build/Il2CppOutputProject/IL2CPP/external/baselib/Include/External/utfcpp/source/utf8/cpp17.h
[1963/3487  0s] CopyFiles /Users/tuantu/Desktop/dev/AI/mobile/game_df/ios-build/Il2CppOutputProject/IL2CPP/external/baselib/Include/External/utfcpp/source/utf8/core.h
[1964/3487  0s] CopyFiles /Users/tuantu/Desktop/dev/AI/mobile/game_df/ios-build/Il2CppOutputProject/IL2CPP/external/baselib/Include/Cpp/tlsf_allocator.h
[1965/3487  0s] CopyFiles /Users/tuantu/Desktop/dev/AI/mobile/game_df/ios-build/Il2CppOutputProject/IL2CPP/external/baselib/Include/Cpp/Thread.h
[1966/3487  0s] CopyFiles /Users/tuantu/Desktop/dev/AI/mobile/game_df/ios-build/Il2CppOutputProject/IL2CPP/external/baselib/Include/Cpp/Semaphore.h
[1967/3487  0s] CopyFiles /Users/tuantu/Desktop/dev/AI/mobile/game_df/ios-build/Il2CppOutputProject/IL2CPP/external/baselib/Include/Cpp/ScopedAcquire.h
[1968/3487  0s] CopyFiles /Users/tuantu/Desktop/dev/AI/mobile/game_df/ios-build/Il2CppOutputProject/IL2CPP/external/baselib/Include/External/utfcpp/source/utf8/checked.h
[1969/3487  0s] CopyFiles /Users/tuantu/Desktop/dev/AI/mobile/game_df/ios-build/Il2CppOutputProject/IL2CPP/external/baselib/Include/Cpp/Time.h
[1970/3487  0s] CopyFiles /Users/tuantu/Desktop/dev/AI/mobile/game_df/ios-build/Il2CppOutputProject/IL2CPP/external/baselib/Include/Cpp/ReentrantLock.h
[1971/3487  0s] CopyFiles /Users/tuantu/Desktop/dev/AI/mobile/game_df/ios-build/Il2CppOutputProject/IL2CPP/external/baselib/Include/Cpp/source_location.h
[1972/3487  0s] CopyFiles /Users/tuantu/Desktop/dev/AI/mobile/game_df/ios-build/Il2CppOutputProject/IL2CPP/external/baselib/Include/Cpp/ThreadLocalStorage.h
[1973/3487  0s] CopyFiles /Users/tuantu/Desktop/dev/AI/mobile/game_df/ios-build/Il2CppOutputProject/IL2CPP/external/baselib/Include/Cpp/Stopwatch.h
[1974/3487  0s] CopyFiles /Users/tuantu/Desktop/dev/AI/mobile/game_df/ios-build/Il2CppOutputProject/IL2CPP/external/baselib/Include/Cpp/page_allocator.h
[1975/3487  0s] CopyFiles /Users/tuantu/Desktop/dev/AI/mobile/game_df/ios-build/Il2CppOutputProject/IL2CPP/external/baselib/Include/Cpp/mpsc_node.h
[1976/3487  0s] CopyFiles /Users/tuantu/Desktop/dev/AI/mobile/game_df/ios-build/Il2CppOutputProject/IL2CPP/external/baselib/Include/Cpp/mpsc_node_queue.h
[1977/3487  0s] CopyFiles /Users/tuantu/Desktop/dev/AI/mobile/game_df/ios-build/Il2CppOutputProject/IL2CPP/external/baselib/Include/Cpp/mpsc_node_stack.h
[1978/3487  0s] CopyFiles /Users/tuantu/Desktop/dev/AI/mobile/game_df/ios-build/Il2CppOutputProject/IL2CPP/external/baselib/Include/Cpp/mpmc_node.h
[1979/3487  0s] CopyFiles /Users/tuantu/Desktop/dev/AI/mobile/game_df/ios-build/Il2CppOutputProject/IL2CPP/external/baselib/Include/Cpp/mpmc_node_stack.h
[1980/3487  0s] CopyFiles /Users/tuantu/Desktop/dev/AI/mobile/game_df/ios-build/Il2CppOutputProject/IL2CPP/external/baselib/Include/Cpp/Internal/TypeTraits.h
[1981/3487  0s] CopyFiles /Users/tuantu/Desktop/dev/AI/mobile/game_df/ios-build/Il2CppOutputProject/IL2CPP/external/baselib/Include/Cpp/Internal/tlsf_allocator.inl.h
[1982/3487  0s] CopyFiles /Users/tuantu/Desktop/dev/AI/mobile/game_df/ios-build/Il2CppOutputProject/IL2CPP/external/baselib/Include/Cpp/Internal/ScopedAcquireMixin.h
[1983/3487  0s] CopyFiles /Users/tuantu/Desktop/dev/AI/mobile/game_df/ios-build/Il2CppOutputProject/IL2CPP/external/baselib/Include/Cpp/Internal/page_allocator.inl.h
[1984/3487  0s] CopyFiles /Users/tuantu/Desktop/dev/AI/mobile/game_df/ios-build/Il2CppOutputProject/IL2CPP/external/baselib/Include/Cpp/Lock.h
[1985/3487  0s] CopyFiles /Users/tuantu/Desktop/dev/AI/mobile/game_df/ios-build/Il2CppOutputProject/IL2CPP/external/baselib/Include/Cpp/mpmc_fixed_queue.h
[1986/3487  0s] CopyFiles /Users/tuantu/Desktop/dev/AI/mobile/game_df/ios-build/Il2CppOutputProject/IL2CPP/external/baselib/Include/Cpp/mpmc_node_queue.h
[1987/3487  0s] CopyFiles /Users/tuantu/Desktop/dev/AI/mobile/game_df/ios-build/Il2CppOutputProject/IL2CPP/external/baselib/Include/Cpp/Internal/heap_allocator.inl.h
[1988/3487  0s] CopyFiles /Users/tuantu/Desktop/dev/AI/mobile/game_df/ios-build/Il2CppOutputProject/IL2CPP/external/baselib/Include/Cpp/Internal/ConditionVariable_SemaphoreBased.inl.h
[1989/3487  0s] CopyFiles /Users/tuantu/Desktop/dev/AI/mobile/game_df/ios-build/Il2CppOutputProject/IL2CPP/external/baselib/Include/Cpp/Internal/ConditionVariableData_FutexBased.inl.h
[1990/3487  0s] CopyFiles /Users/tuantu/Desktop/dev/AI/mobile/game_df/ios-build/Il2CppOutputProject/IL2CPP/external/baselib/Include/Cpp/Internal/ConditionVariable_FutexBased.inl.h
[1991/3487  0s] CopyFiles /Users/tuantu/Desktop/dev/AI/mobile/game_df/ios-build/Il2CppOutputProject/IL2CPP/external/baselib/Include/Cpp/Internal/ConditionVariableData_SemaphoreBased.inl.h
[1992/3487  0s] CopyFiles /Users/tuantu/Desktop/dev/AI/mobile/game_df/ios-build/Il2CppOutputProject/IL2CPP/external/baselib/Include/Cpp/Internal/Compiler/ClangOrGcc/AlgorithmClangOrGcc.inl.h
[1993/3487  0s] CopyFiles /Users/tuantu/Desktop/dev/AI/mobile/game_df/ios-build/Il2CppOutputProject/IL2CPP/external/baselib/Include/Cpp/Internal/Compiler/Msvc/AlgorithmMsvc.inl.h
[1994/3487  0s] CopyFiles /Users/tuantu/Desktop/dev/AI/mobile/game_df/ios-build/Il2CppOutputProject/IL2CPP/external/baselib/Include/Cpp/Internal/Algorithm.inl.h
[1995/3487  0s] CopyFiles /Users/tuantu/Desktop/dev/AI/mobile/game_df/ios-build/Il2CppOutputProject/IL2CPP/external/baselib/Include/Cpp/Internal/chunked_allocator.inl.h
[1996/3487  0s] CopyFiles /Users/tuantu/Desktop/dev/AI/mobile/game_df/ios-build/Il2CppOutputProject/IL2CPP/external/baselib/Include/Cpp/HighCapacitySemaphore.h
[1997/3487  0s] CopyFiles /Users/tuantu/Desktop/dev/AI/mobile/game_df/ios-build/Il2CppOutputProject/IL2CPP/external/baselib/Include/Cpp/heap_allocator.h
[1998/3487  0s] CopyFiles /Users/tuantu/Desktop/dev/AI/mobile/game_df/ios-build/Il2CppOutputProject/IL2CPP/external/baselib/Include/Cpp/ConditionVariable.h
[1999/3487  0s] CopyFiles /Users/tuantu/Desktop/dev/AI/mobile/game_df/ios-build/Il2CppOutputProject/IL2CPP/external/baselib/Include/Cpp/EventSemaphore.h
[2000/3487  0s] CopyFiles /Users/tuantu/Desktop/dev/AI/mobile/game_df/ios-build/Il2CppOutputProject/IL2CPP/external/baselib/Include/Cpp/fallback_allocator.h
[2001/3487  0s] CopyFiles /Users/tuantu/Desktop/dev/AI/mobile/game_df/ios-build/Il2CppOutputProject/IL2CPP/external/baselib/Include/Cpp/CountdownTimer.h
[2002/3487  0s] CopyFiles /Users/tuantu/Desktop/dev/AI/mobile/game_df/ios-build/Il2CppOutputProject/IL2CPP/external/baselib/Include/Cpp/CappedSemaphore.h
[2003/3487  0s] CopyFiles /Users/tuantu/Desktop/dev/AI/mobile/game_df/ios-build/Il2CppOutputProject/IL2CPP/external/baselib/Include/Cpp/BinarySemaphore.h
[2004/3487  0s] CopyFiles /Users/tuantu/Desktop/dev/AI/mobile/game_df/ios-build/Il2CppOutputProject/IL2CPP/external/baselib/Include/Cpp/Baselib_DynamicLibrary.h
[2005/3487  0s] CopyFiles /Users/tuantu/Desktop/dev/AI/mobile/game_df/ios-build/Il2CppOutputProject/IL2CPP/external/baselib/Include/Cpp/AtomicReferenceCounter.h
[2006/3487  0s] CopyFiles /Users/tuantu/Desktop/dev/AI/mobile/game_df/ios-build/Il2CppOutputProject/IL2CPP/external/baselib/Include/C/Internal/Compiler/Baselib_Cpu_Gcc.inl.h
[2007/3487  0s] CopyFiles /Users/tuantu/Desktop/dev/AI/mobile/game_df/ios-build/Il2CppOutputProject/IL2CPP/external/baselib/Include/Cpp/Barrier.h
[2008/3487  0s] CopyFiles /Users/tuantu/Desktop/dev/AI/mobile/game_df/ios-build/Il2CppOutputProject/IL2CPP/external/baselib/Include/Cpp/affix_allocator.h
[2009/3487  0s] CopyFiles /Users/tuantu/Desktop/dev/AI/mobile/game_df/ios-build/Il2CppOutputProject/IL2CPP/external/baselib/Include/C/Internal/Compiler/Baselib_Cpu_Msvc.inl.h
[2010/3487  0s] CopyFiles /Users/tuantu/Desktop/dev/AI/mobile/game_df/ios-build/Il2CppOutputProject/IL2CPP/external/baselib/Include/Cpp/chunked_allocator.h
[2011/3487  0s] CopyFiles /Users/tuantu/Desktop/dev/AI/mobile/game_df/ios-build/Il2CppOutputProject/IL2CPP/external/baselib/Include/Cpp/Algorithm.h
[2012/3487  0s] CopyFiles /Users/tuantu/Desktop/dev/AI/mobile/game_df/ios-build/Il2CppOutputProject/IL2CPP/external/baselib/Include/C/Internal/Compiler/Baselib_Atomic_Gcc_Patch_PostInclude.h
[2013/3487  0s] CopyFiles /Users/tuantu/Desktop/dev/AI/mobile/game_df/ios-build/Il2CppOutputProject/IL2CPP/external/baselib/Include/C/Internal/Compiler/Baselib_Atomic_LLSC_Gcc.inl.h
[2014/3487  0s] CopyFiles /Users/tuantu/Desktop/dev/AI/mobile/game_df/ios-build/Il2CppOutputProject/IL2CPP/external/baselib/Include/C/Internal/Compiler/Baselib_Atomic_Gcc_Patch.h
[2015/3487  0s] CopyFiles /Users/tuantu/Desktop/dev/AI/mobile/game_df/ios-build/Il2CppOutputProject/IL2CPP/external/baselib/Include/C/Internal/Compiler/Baselib_Atomic_Msvc.h
[2016/3487  0s] CopyFiles /Users/tuantu/Desktop/dev/AI/mobile/game_df/ios-build/Il2CppOutputProject/IL2CPP/external/baselib/Include/C/Internal/Compiler/Baselib_Atomic_MsvcIntrinsics.h
[2017/3487  0s] CopyFiles /Users/tuantu/Desktop/dev/AI/mobile/game_df/ios-build/Il2CppOutputProject/IL2CPP/external/baselib/Include/C/Internal/Baselib_ReentrantLock.inl.h
[2018/3487  0s] CopyFiles /Users/tuantu/Desktop/dev/AI/mobile/game_df/ios-build/Il2CppOutputProject/IL2CPP/external/baselib/Include/Cpp/Atomic.h
[2019/3487  0s] CopyFiles /Users/tuantu/Desktop/dev/AI/mobile/game_df/ios-build/Il2CppOutputProject/IL2CPP/external/baselib/Include/C/Internal/Baselib_SpinLoop.h
[2020/3487  0s] CopyFiles /Users/tuantu/Desktop/dev/AI/mobile/game_df/ios-build/Il2CppOutputProject/IL2CPP/external/baselib/Include/C/Internal/Baselib_Lock_FutexBased.inl.h
[2021/3487  0s] CopyFiles /Users/tuantu/Desktop/dev/AI/mobile/game_df/ios-build/Il2CppOutputProject/IL2CPP/external/baselib/Include/C/Internal/Baselib_Lock_SemaphoreBased.inl.h
[2022/3487  0s] CopyFiles /Users/tuantu/Desktop/dev/AI/mobile/game_df/ios-build/Il2CppOutputProject/IL2CPP/external/baselib/Include/C/Internal/Baselib_Semaphore_SemaphoreBased.inl.h
[2023/3487  0s] CopyFiles /Users/tuantu/Desktop/dev/AI/mobile/game_df/ios-build/Il2CppOutputProject/IL2CPP/external/baselib/Include/C/Internal/Baselib_HighCapacitySemaphore_SemaphoreBased.inl.h
[2024/3487  0s] CopyFiles /Users/tuantu/Desktop/dev/AI/mobile/game_df/ios-build/Il2CppOutputProject/IL2CPP/external/baselib/Include/C/Internal/Baselib_Semaphore_FutexBased.inl.h
[2025/3487  0s] CopyFiles /Users/tuantu/Desktop/dev/AI/mobile/game_df/ios-build/Il2CppOutputProject/IL2CPP/external/baselib/Include/C/Internal/Baselib_HighCapacitySemaphore_FutexBased.inl.h
[2026/3487  0s] CopyFiles /Users/tuantu/Desktop/dev/AI/mobile/game_df/ios-build/Il2CppOutputProject/IL2CPP/external/baselib/Include/C/Internal/Compiler/Baselib_Atomic_Gcc.h
[2027/3487  0s] CopyFiles /Users/tuantu/Desktop/dev/AI/mobile/game_df/ios-build/Il2CppOutputProject/IL2CPP/external/baselib/Include/C/Internal/Baselib_EventSemaphore_FutexBased.inl.h
[2028/3487  0s] CopyFiles /Users/tuantu/Desktop/dev/AI/mobile/game_df/ios-build/Il2CppOutputProject/IL2CPP/external/baselib/Include/C/Internal/Baselib_EnumSizeCheck.h
[2029/3487  0s] CopyFiles /Users/tuantu/Desktop/dev/AI/mobile/game_df/ios-build/Il2CppOutputProject/IL2CPP/external/baselib/Include/C/Internal/Baselib_EventSemaphore_SemaphoreBased.inl.h
[2030/3487  0s] CopyFiles /Users/tuantu/Desktop/dev/AI/mobile/game_df/ios-build/Il2CppOutputProject/IL2CPP/external/baselib/Include/C/Internal/Baselib_CappedSemaphore_FutexBased.inl.h
[2031/3487  0s] CopyFiles /Users/tuantu/Desktop/dev/AI/mobile/game_df/ios-build/Il2CppOutputProject/IL2CPP/external/baselib/Include/C/Internal/Baselib_BinarySemaphore_SemaphoreBased.inl.h
[2032/3487  0s] CopyFiles /Users/tuantu/Desktop/dev/AI/mobile/game_df/ios-build/Il2CppOutputProject/IL2CPP/external/baselib/Include/C/Internal/Baselib_BinarySemaphore_FutexBased.inl.h
[2033/3487  0s] CopyFiles /Users/tuantu/Desktop/dev/AI/mobile/game_df/ios-build/Il2CppOutputProject/IL2CPP/external/baselib/Include/C/Internal/Baselib_CappedSemaphore_SemaphoreBased.inl.h
[2034/3487  0s] CopyFiles /Users/tuantu/Desktop/dev/AI/mobile/game_df/ios-build/Il2CppOutputProject/IL2CPP/external/baselib/Include/C/Baselib_WakeupFallbackStrategy.h
[2035/3487  0s] CopyFiles /Users/tuantu/Desktop/dev/AI/mobile/game_df/ios-build/Il2CppOutputProject/IL2CPP/external/baselib/Include/C/Baselib_ThreadLocalStorage.h
[2036/3487  0s] CopyFiles /Users/tuantu/Desktop/dev/AI/mobile/game_df/ios-build/Il2CppOutputProject/IL2CPP/external/baselib/Include/C/Baselib_Thread.h
[2037/3487  0s] CopyFiles /Users/tuantu/Desktop/dev/AI/mobile/game_df/ios-build/Il2CppOutputProject/IL2CPP/external/baselib/Include/C/Internal/Baselib_Atomic_Extensions.h
[2038/3487  0s] CopyFiles /Users/tuantu/Desktop/dev/AI/mobile/game_df/ios-build/Il2CppOutputProject/IL2CPP/external/baselib/Include/C/Baselib_Timer.h
[2039/3487  0s] CopyFiles /Users/tuantu/Desktop/dev/AI/mobile/game_df/ios-build/Il2CppOutputProject/IL2CPP/external/baselib/Include/C/Baselib_StaticAssert.h
[2040/3487  0s] CopyFiles /Users/tuantu/Desktop/dev/AI/mobile/game_df/ios-build/Il2CppOutputProject/IL2CPP/external/baselib/Include/C/Baselib_SourceLocation.h
[2041/3487  0s] CopyFiles /Users/tuantu/Desktop/dev/AI/mobile/game_df/ios-build/Il2CppOutputProject/IL2CPP/external/baselib/Include/C/Baselib_SystemSemaphore.h
[2042/3487  0s] CopyFiles /Users/tuantu/Desktop/dev/AI/mobile/game_df/ios-build/Il2CppOutputProject/IL2CPP/external/baselib/Include/C/Baselib_SystemFutex.h
[2043/3487  0s] CopyFiles /Users/tuantu/Desktop/dev/AI/mobile/game_df/ios-build/Il2CppOutputProject/IL2CPP/external/baselib/Include/C/Baselib_Semaphore.h
[2044/3487  0s] CopyFiles /Users/tuantu/Desktop/dev/AI/mobile/game_df/ios-build/Il2CppOutputProject/IL2CPP/external/baselib/Include/C/Baselib_Process.h
[2045/3487  0s] CopyFiles /Users/tuantu/Desktop/dev/AI/mobile/game_df/ios-build/Il2CppOutputProject/IL2CPP/external/baselib/Include/C/Baselib_ReentrantLock.h
[2046/3487  0s] CopyFiles /Users/tuantu/Desktop/dev/AI/mobile/game_df/ios-build/Il2CppOutputProject/IL2CPP/external/baselib/Include/C/Baselib_NetworkAddress.h
[2047/3487  0s] CopyFiles /Users/tuantu/Desktop/dev/AI/mobile/game_df/ios-build/Il2CppOutputProject/IL2CPP/external/baselib/Include/C/Baselib_Memory.h
[2048/3487  0s] CopyFiles /Users/tuantu/Desktop/dev/AI/mobile/game_df/ios-build/Il2CppOutputProject/IL2CPP/external/baselib/Include/C/Baselib_Lock.h
[2049/3487  0s] CopyFiles /Users/tuantu/Desktop/dev/AI/mobile/game_df/ios-build/Il2CppOutputProject/IL2CPP/external/baselib/Include/C/Baselib_Socket.h
[2050/3487  0s] CopyFiles /Users/tuantu/Desktop/dev/AI/mobile/game_df/ios-build/Il2CppOutputProject/IL2CPP/external/baselib/Include/C/Baselib_EventSemaphore.h
[2051/3487  0s] CopyFiles /Users/tuantu/Desktop/dev/AI/mobile/game_df/ios-build/Il2CppOutputProject/IL2CPP/external/baselib/Include/C/Baselib_HostnameLookup.h
[2052/3487  0s] CopyFiles /Users/tuantu/Desktop/dev/AI/mobile/game_df/ios-build/Il2CppOutputProject/IL2CPP/external/baselib/Include/C/Baselib_FileIO.h
[2053/3487  0s] CopyFiles /Users/tuantu/Desktop/dev/AI/mobile/game_df/ios-build/Il2CppOutputProject/IL2CPP/external/baselib/Include/C/Baselib_HighCapacitySemaphore.h
[2054/3487  0s] CopyFiles /Users/tuantu/Desktop/dev/AI/mobile/game_df/ios-build/Il2CppOutputProject/IL2CPP/external/baselib/Include/C/Baselib_ErrorCode.h
[2055/3487  0s] CopyFiles /Users/tuantu/Desktop/dev/AI/mobile/game_df/ios-build/Il2CppOutputProject/IL2CPP/external/baselib/Include/C/Baselib_RegisteredNetwork.h
[2056/3487  0s] CopyFiles /Users/tuantu/Desktop/dev/AI/mobile/game_df/ios-build/Il2CppOutputProject/IL2CPP/external/baselib/Include/C/Baselib_CountdownTimer.h
[2057/3487  0s] CopyFiles /Users/tuantu/Desktop/dev/AI/mobile/game_df/ios-build/Il2CppOutputProject/IL2CPP/external/baselib/Include/C/Baselib_Debug.h
[2058/3487  0s] CopyFiles /Users/tuantu/Desktop/dev/AI/mobile/game_df/ios-build/Il2CppOutputProject/IL2CPP/external/baselib/Include/C/Baselib_ErrorState.h
[2059/3487  0s] CopyFiles /Users/tuantu/Desktop/dev/AI/mobile/game_df/ios-build/Il2CppOutputProject/IL2CPP/external/baselib/Include/C/Baselib_Cpu_Features.h
[2060/3487  0s] CopyFiles /Users/tuantu/Desktop/dev/AI/mobile/game_df/ios-build/Il2CppOutputProject/IL2CPP/external/baselib/Include/C/Baselib_BinarySemaphore.h
[2061/3487  0s] CopyFiles /Users/tuantu/Desktop/dev/AI/mobile/game_df/ios-build/Il2CppOutputProject/IL2CPP/external/baselib/Include/C/Baselib_CappedSemaphore.h
[2062/3487  0s] CopyFiles /Users/tuantu/Desktop/dev/AI/mobile/game_df/ios-build/Il2CppOutputProject/IL2CPP/external/baselib/Include/C/Baselib_DynamicLibrary.h
[2063/3487  0s] CopyFiles /Users/tuantu/Desktop/dev/AI/mobile/game_df/ios-build/Il2CppOutputProject/IL2CPP/external/baselib/Include/C/Baselib_Cpu.h
[2064/3487  0s] CopyFiles /Users/tuantu/Desktop/dev/AI/mobile/game_df/ios-build/Il2CppOutputProject/IL2CPP/external/baselib/Include/C/Baselib_Atomic_Macros.h
[2065/3487  0s] CopyFiles /Users/tuantu/Desktop/dev/AI/mobile/game_df/ios-build/Il2CppOutputProject/IL2CPP/external/baselib/Include/C/Baselib_Alignment.h
[2066/3487  0s] CopyFiles /Users/tuantu/Desktop/dev/AI/mobile/game_df/ios-build/Il2CppOutputProject/IL2CPP/external/baselib/Include/Baselib.h
[2067/3487  0s] CopyFiles /Users/tuantu/Desktop/dev/AI/mobile/game_df/ios-build/Il2CppOutputProject/IL2CPP/external/baselib/Include/C/Baselib_Atomic_TypeSafe.h
[2068/3487  0s] CopyFiles /Users/tuantu/Desktop/dev/AI/mobile/game_df/ios-build/Il2CppOutputProject/IL2CPP/external/baselib/Include/C/Baselib_Atomic_LLSC.h
[2069/3487  0s] CopyFiles /Users/tuantu/Desktop/dev/AI/mobile/game_df/ios-build/Il2CppOutputProject/IL2CPP/build/deploy_x86_64/UnityLinkerOld
[2070/3487  0s] CopyFiles /Users/tuantu/Desktop/dev/AI/mobile/game_df/ios-build/Il2CppOutputProject/IL2CPP/build/deploy_x86_64/UnityLinkerOld.runtimeconfig.json
[2071/3487  0s] CopyFiles /Users/tuantu/Desktop/dev/AI/mobile/game_df/ios-build/Il2CppOutputProject/IL2CPP/build/deploy_x86_64/UnityLinker.runtimeconfig.json
[2072/3487  0s] CopyFiles /Users/tuantu/Desktop/dev/AI/mobile/game_df/ios-build/Il2CppOutputProject/IL2CPP/build/deploy_x86_64/WindowsBase.dll
[2073/3487  0s] CopyFiles /Users/tuantu/Desktop/dev/AI/mobile/game_df/ios-build/Il2CppOutputProject/IL2CPP/build/deploy_x86_64/UnityLinker
[2074/3487  0s] CopyFiles /Users/tuantu/Desktop/dev/AI/mobile/game_df/ios-build/Il2CppOutputProject/IL2CPP/external/baselib/Include/C/Baselib_Atomic.h
[2075/3487  0s] CopyFiles /Users/tuantu/Desktop/dev/AI/mobile/game_df/ios-build/Il2CppOutputProject/IL2CPP/build/deploy_x86_64/Unity.TinyProfiler.pdb
[2076/3487  0s] CopyFiles /Users/tuantu/Desktop/dev/AI/mobile/game_df/ios-build/Il2CppOutputProject/IL2CPP/build/deploy_x86_64/UnityLinkerOld.deps.json
[2077/3487  0s] CopyFiles /Users/tuantu/Desktop/dev/AI/mobile/game_df/ios-build/Il2CppOutputProject/IL2CPP/build/deploy_x86_64/Unity.TinyProfiler.dll
[2078/3487  0s] CopyFiles /Users/tuantu/Desktop/dev/AI/mobile/game_df/ios-build/Il2CppOutputProject/IL2CPP/build/deploy_x86_64/UnityLinker.deps.json
[2079/3487  0s] CopyFiles /Users/tuantu/Desktop/dev/AI/mobile/game_df/ios-build/Il2CppOutputProject/IL2CPP/build/deploy_x86_64/Unity.Linker.Api.pdb
[2080/3487  0s] CopyFiles /Users/tuantu/Desktop/dev/AI/mobile/game_df/ios-build/Il2CppOutputProject/IL2CPP/build/deploy_x86_64/Unity.Options.pdb
[2081/3487  0s] CopyFiles /Users/tuantu/Desktop/dev/AI/mobile/game_df/ios-build/Il2CppOutputProject/IL2CPP/build/deploy_x86_64/Unity.Options.dll
[2082/3487  0s] CopyFiles /Users/tuantu/Desktop/dev/AI/mobile/game_df/ios-build/Il2CppOutputProject/IL2CPP/build/deploy_x86_64/Unity.Linker.Api.Output.pdb
[2083/3487  0s] CopyFiles /Users/tuantu/Desktop/dev/AI/mobile/game_df/ios-build/Il2CppOutputProject/IL2CPP/build/deploy_x86_64/UnityLinkerOld.pdb
[2084/3487  0s] CopyFiles /Users/tuantu/Desktop/dev/AI/mobile/game_df/ios-build/Il2CppOutputProject/IL2CPP/build/deploy_x86_64/Unity.Linker.Api.Output.xml
[2085/3487  0s] CopyFiles /Users/tuantu/Desktop/dev/AI/mobile/game_df/ios-build/Il2CppOutputProject/IL2CPP/build/deploy_x86_64/UnityLinker.pdb
[2086/3487  0s] CopyFiles /Users/tuantu/Desktop/dev/AI/mobile/game_df/ios-build/Il2CppOutputProject/IL2CPP/build/deploy_x86_64/Unity.Linker.Api.Output.dll
[2087/3487  0s] CopyFiles /Users/tuantu/Desktop/dev/AI/mobile/game_df/ios-build/Il2CppOutputProject/IL2CPP/build/deploy_x86_64/Unity.IL2CPP.Shell.pdb
[2088/3487  0s] CopyFiles /Users/tuantu/Desktop/dev/AI/mobile/game_df/ios-build/Il2CppOutputProject/IL2CPP/build/deploy_x86_64/UnityLinkerOld.dll
[2089/3487  0s] CopyFiles /Users/tuantu/Desktop/dev/AI/mobile/game_df/ios-build/Il2CppOutputProject/IL2CPP/build/deploy_x86_64/Unity.IL2CPP.Shell.dll
[2090/3487  0s] CopyFiles /Users/tuantu/Desktop/dev/AI/mobile/game_df/ios-build/Il2CppOutputProject/IL2CPP/build/deploy_x86_64/UnityLinker.dll
[2091/3487  0s] CopyFiles /Users/tuantu/Desktop/dev/AI/mobile/game_df/ios-build/Il2CppOutputProject/IL2CPP/build/deploy_x86_64/Unity.Linker.Api.dll
[2092/3487  0s] CopyFiles /Users/tuantu/Desktop/dev/AI/mobile/game_df/ios-build/Il2CppOutputProject/IL2CPP/build/deploy_x86_64/Unity.IL2CPP.InternalizedMapping.pdb
[2093/3487  0s] CopyFiles /Users/tuantu/Desktop/dev/AI/mobile/game_df/ios-build/Il2CppOutputProject/IL2CPP/build/deploy_x86_64/Unity.IL2CPP.CompilerServices.pdb
[2094/3487  0s] CopyFiles /Users/tuantu/Desktop/dev/AI/mobile/game_df/ios-build/Il2CppOutputProject/IL2CPP/build/deploy_x86_64/Unity.IL2CPP.InternalizedMapping.dll
[2095/3487  0s] CopyFiles /Users/tuantu/Desktop/dev/AI/mobile/game_df/ios-build/Il2CppOutputProject/IL2CPP/build/deploy_x86_64/Unity.IL2CPP.CompilerServices.dll
[2096/3487  0s] CopyFiles /Users/tuantu/Desktop/dev/AI/mobile/game_df/ios-build/Il2CppOutputProject/IL2CPP/build/deploy_x86_64/Unity.IL2CPP.Compile.dll
[2097/3487  0s] CopyFiles /Users/tuantu/Desktop/dev/AI/mobile/game_df/ios-build/Il2CppOutputProject/IL2CPP/build/deploy_x86_64/Unity.IL2CPP.Compile.pdb
[2098/3487  0s] CopyFiles /Users/tuantu/Desktop/dev/AI/mobile/game_df/ios-build/Il2CppOutputProject/IL2CPP/build/deploy_x86_64/Unity.IL2CPP.Common.pdb
[2099/3487  0s] CopyFiles /Users/tuantu/Desktop/dev/AI/mobile/game_df/ios-build/Il2CppOutputProject/IL2CPP/build/deploy_x86_64/Unity.IL2CPP.Common35.dll
[2100/3487  0s] CopyFiles /Users/tuantu/Desktop/dev/AI/mobile/game_df/ios-build/Il2CppOutputProject/IL2CPP/build/deploy_x86_64/Unity.IL2CPP.Bee.IL2CPPExeCompileCppBuildProgram.pdb
[2101/3487  0s] CopyFiles /Users/tuantu/Desktop/dev/AI/mobile/game_df/ios-build/Il2CppOutputProject/IL2CPP/build/deploy_x86_64/Unity.IL2CPP.Bee.IL2CPPExeCompileCppBuildProgram.Data.pdb
[2102/3487  0s] CopyFiles /Users/tuantu/Desktop/dev/AI/mobile/game_df/ios-build/Il2CppOutputProject/IL2CPP/build/deploy_x86_64/Unity.IL2CPP.Common35.pdb
[2103/3487  0s] CopyFiles /Users/tuantu/Desktop/dev/AI/mobile/game_df/ios-build/Il2CppOutputProject/IL2CPP/build/deploy_x86_64/Unity.IL2CPP.DataModel.pdb
[2104/3487  0s] CopyFiles /Users/tuantu/Desktop/dev/AI/mobile/game_df/ios-build/Il2CppOutputProject/IL2CPP/build/deploy_x86_64/Unity.IL2CPP.Bee.IL2CPPExeCompileCppBuildProgram.dll
[2105/3487  0s] CopyFiles /Users/tuantu/Desktop/dev/AI/mobile/game_df/ios-build/Il2CppOutputProject/IL2CPP/build/deploy_x86_64/Unity.IL2CPP.Common.dll
[2106/3487  0s] CopyFiles /Users/tuantu/Desktop/dev/AI/mobile/game_df/ios-build/Il2CppOutputProject/IL2CPP/build/deploy_x86_64/Unity.IL2CPP.Bee.BuildLogic.WindowsDesktop.pdb
[2107/3487  0s] CopyFiles /Users/tuantu/Desktop/dev/AI/mobile/game_df/ios-build/Il2CppOutputProject/IL2CPP/build/deploy_x86_64/Unity.IL2CPP.Bee.IL2CPPExeCompileCppBuildProgram.Data.dll
[2108/3487  0s] CopyFiles /Users/tuantu/Desktop/dev/AI/mobile/game_df/ios-build/Il2CppOutputProject/IL2CPP/build/deploy_x86_64/Unity.IL2CPP.Bee.BuildLogic.WebGL.pdb
[2109/3487  0s] CopyFiles /Users/tuantu/Desktop/dev/AI/mobile/game_df/ios-build/Il2CppOutputProject/IL2CPP/build/deploy_x86_64/Unity.IL2CPP.Bee.BuildLogic.WindowsDesktop.dll
[2110/3487  0s] CopyFiles /Users/tuantu/Desktop/dev/AI/mobile/game_df/ios-build/Il2CppOutputProject/IL2CPP/build/deploy_x86_64/Unity.IL2CPP.Bee.BuildLogic.VisionOS.dll
[2111/3487  0s] CopyFiles /Users/tuantu/Desktop/dev/AI/mobile/game_df/ios-build/Il2CppOutputProject/IL2CPP/build/deploy_x86_64/Unity.IL2CPP.pdb
[2112/3487  0s] CopyFiles /Users/tuantu/Desktop/dev/AI/mobile/game_df/ios-build/Il2CppOutputProject/IL2CPP/build/deploy_x86_64/Unity.IL2CPP.Bee.BuildLogic.UniversalWindows.pdb
[2113/3487  0s] CopyFiles /Users/tuantu/Desktop/dev/AI/mobile/game_df/ios-build/Il2CppOutputProject/IL2CPP/build/deploy_x86_64/Unity.IL2CPP.Bee.BuildLogic.VisionOS.pdb
[2114/3487  0s] CopyFiles /Users/tuantu/Desktop/dev/AI/mobile/game_df/ios-build/Il2CppOutputProject/IL2CPP/build/deploy_x86_64/Unity.IL2CPP.DataModel.dll
[2115/3487  0s] CopyFiles /Users/tuantu/Desktop/dev/AI/mobile/game_df/ios-build/Il2CppOutputProject/IL2CPP/build/deploy_x86_64/Unity.IL2CPP.Bee.BuildLogic.MacOSX.pdb
[2116/3487  0s] CopyFiles /Users/tuantu/Desktop/dev/AI/mobile/game_df/ios-build/Il2CppOutputProject/IL2CPP/build/deploy_x86_64/Unity.IL2CPP.Bee.BuildLogic.UniversalWindows.dll
[2117/3487  0s] CopyFiles /Users/tuantu/Desktop/dev/AI/mobile/game_df/ios-build/Il2CppOutputProject/IL2CPP/build/deploy_x86_64/Unity.IL2CPP.Bee.BuildLogic.pdb
[2118/3487  0s] CopyFiles /Users/tuantu/Desktop/dev/AI/mobile/game_df/ios-build/Il2CppOutputProject/IL2CPP/build/deploy_x86_64/Unity.IL2CPP.Bee.BuildLogic.WebGL.dll
[2119/3487  0s] CopyFiles /Users/tuantu/Desktop/dev/AI/mobile/game_df/ios-build/Il2CppOutputProject/IL2CPP/build/deploy_x86_64/Unity.IL2CPP.Bee.BuildLogic.EmbeddedLinux.pdb
[2120/3487  0s] CopyFiles /Users/tuantu/Desktop/dev/AI/mobile/game_df/ios-build/Il2CppOutputProject/IL2CPP/build/deploy_x86_64/Unity.IL2CPP.Bee.BuildLogic.Linux.pdb
[2121/3487  0s] CopyFiles /Users/tuantu/Desktop/dev/AI/mobile/game_df/ios-build/Il2CppOutputProject/IL2CPP/build/deploy_x86_64/Unity.IL2CPP.Bee.BuildLogic.Linux.dll
[2122/3487  0s] CopyFiles /Users/tuantu/Desktop/dev/AI/mobile/game_df/ios-build/Il2CppOutputProject/IL2CPP/build/deploy_x86_64/Unity.IL2CPP.Bee.BuildLogic.iOS.pdb
[2123/3487  0s] CopyFiles /Users/tuantu/Desktop/dev/AI/mobile/game_df/ios-build/Il2CppOutputProject/IL2CPP/build/deploy_x86_64/Unity.IL2CPP.Bee.BuildLogic.MacOSX.dll
[2124/3487  0s] CopyFiles /Users/tuantu/Desktop/dev/AI/mobile/game_df/ios-build/Il2CppOutputProject/IL2CPP/build/deploy_x86_64/Unity.IL2CPP.dll
[2125/3487  0s] CopyFiles /Users/tuantu/Desktop/dev/AI/mobile/game_df/ios-build/Il2CppOutputProject/IL2CPP/build/deploy_x86_64/Unity.IL2CPP.Bee.BuildLogic.EmbeddedLinux.dll
[2126/3487  0s] CopyFiles /Users/tuantu/Desktop/dev/AI/mobile/game_df/ios-build/Il2CppOutputProject/IL2CPP/build/deploy_x86_64/Unity.IL2CPP.Bee.BuildLogic.AppleTV.dll
[2127/3487  0s] CopyFiles /Users/tuantu/Desktop/dev/AI/mobile/game_df/ios-build/Il2CppOutputProject/IL2CPP/build/deploy_x86_64/Unity.IL2CPP.Bee.BuildLogic.Android.pdb
[2128/3487  0s] CopyFiles /Users/tuantu/Desktop/dev/AI/mobile/game_df/ios-build/Il2CppOutputProject/IL2CPP/build/deploy_x86_64/Unity.IL2CPP.Bee.BuildLogic.AppleTV.pdb
[2129/3487  0s] CopyFiles /Users/tuantu/Desktop/dev/AI/mobile/game_df/ios-build/Il2CppOutputProject/IL2CPP/build/deploy_x86_64/Unity.IL2CPP.Bee.BuildLogic.iOS.dll
[2130/3487  0s] CopyFiles /Users/tuantu/Desktop/dev/AI/mobile/game_df/ios-build/Il2CppOutputProject/IL2CPP/build/deploy_x86_64/Unity.IL2CPP.Api.Output.dll
[2131/3487  0s] CopyFiles /Users/tuantu/Desktop/dev/AI/mobile/game_df/ios-build/Il2CppOutputProject/IL2CPP/build/deploy_x86_64/Unity.IL2CPP.Api.pdb
[2132/3487  0s] CopyFiles /Users/tuantu/Desktop/dev/AI/mobile/game_df/ios-build/Il2CppOutputProject/IL2CPP/build/deploy_x86_64/Unity.IL2CPP.Api.Output.pdb
[2133/3487  0s] CopyFiles /Users/tuantu/Desktop/dev/AI/mobile/game_df/ios-build/Il2CppOutputProject/IL2CPP/build/deploy_x86_64/Unity.IL2CPP.Bee.BuildLogic.Android.dll
[2134/3487  0s] CopyFiles /Users/tuantu/Desktop/dev/AI/mobile/game_df/ios-build/Il2CppOutputProject/IL2CPP/build/deploy_x86_64/Unity.IL2CPP.Api.Output.xml
[2135/3487  0s] CopyFiles /Users/tuantu/Desktop/dev/AI/mobile/game_df/ios-build/Il2CppOutputProject/IL2CPP/build/deploy_x86_64/Unity.Cecil.Visitor.pdb
[2136/3487  0s] CopyFiles /Users/tuantu/Desktop/dev/AI/mobile/game_df/ios-build/Il2CppOutputProject/IL2CPP/build/deploy_x86_64/Unity.Cecil.Visitor.dll
[2137/3487  0s] CopyFiles /Users/tuantu/Desktop/dev/AI/mobile/game_df/ios-build/Il2CppOutputProject/IL2CPP/build/deploy_x86_64/Unity.IL2CPP.Api.dll
[2138/3487  0s] CopyFiles /Users/tuantu/Desktop/dev/AI/mobile/game_df/ios-build/Il2CppOutputProject/IL2CPP/build/deploy_x86_64/Unity.Api.Attributes.pdb
[2139/3487  0s] CopyFiles /Users/tuantu/Desktop/dev/AI/mobile/game_df/ios-build/Il2CppOutputProject/IL2CPP/build/deploy_x86_64/Unity.Api.Attributes.dll
[2140/3487  0s] CopyFiles /Users/tuantu/Desktop/dev/AI/mobile/game_df/ios-build/Il2CppOutputProject/IL2CPP/build/deploy_x86_64/System.Xml.XPath.dll
[2141/3487  0s] CopyFiles /Users/tuantu/Desktop/dev/AI/mobile/game_df/ios-build/Il2CppOutputProject/IL2CPP/build/deploy_x86_64/System.Xml.XDocument.dll
[2142/3487  0s] CopyFiles /Users/tuantu/Desktop/dev/AI/mobile/game_df/ios-build/Il2CppOutputProject/IL2CPP/build/deploy_x86_64/System.Xml.XmlDocument.dll
[2143/3487  0s] CopyFiles /Users/tuantu/Desktop/dev/AI/mobile/game_df/ios-build/Il2CppOutputProject/IL2CPP/build/deploy_x86_64/Unity.IL2CPP.Bee.BuildLogic.dll
[2144/3487  0s] CopyFiles /Users/tuantu/Desktop/dev/AI/mobile/game_df/ios-build/Il2CppOutputProject/IL2CPP/build/deploy_x86_64/Unity.Cecil.Awesome.pdb
[2145/3487  0s] CopyFiles /Users/tuantu/Desktop/dev/AI/mobile/game_df/ios-build/Il2CppOutputProject/IL2CPP/build/deploy_x86_64/System.Xml.XPath.XDocument.dll
[2146/3487  0s] CopyFiles /Users/tuantu/Desktop/dev/AI/mobile/game_df/ios-build/Il2CppOutputProject/IL2CPP/build/deploy_x86_64/System.Xml.XmlSerializer.dll
[2147/3487  0s] CopyFiles /Users/tuantu/Desktop/dev/AI/mobile/game_df/ios-build/Il2CppOutputProject/IL2CPP/build/deploy_x86_64/System.Windows.dll
[2148/3487  0s] CopyFiles /Users/tuantu/Desktop/dev/AI/mobile/game_df/ios-build/Il2CppOutputProject/IL2CPP/build/deploy_x86_64/Unity.Cecil.Awesome.dll
[2149/3487  0s] CopyFiles /Users/tuantu/Desktop/dev/AI/mobile/game_df/ios-build/Il2CppOutputProject/IL2CPP/build/deploy_x86_64/System.Xml.Linq.dll
[2150/3487  0s] CopyFiles /Users/tuantu/Desktop/dev/AI/mobile/game_df/ios-build/Il2CppOutputProject/IL2CPP/build/deploy_x86_64/System.Xml.dll
[2151/3487  0s] CopyFiles /Users/tuantu/Desktop/dev/AI/mobile/game_df/ios-build/Il2CppOutputProject/IL2CPP/build/deploy_x86_64/System.Xml.Serialization.dll
[2152/3487  0s] CopyFiles /Users/tuantu/Desktop/dev/AI/mobile/game_df/ios-build/Il2CppOutputProject/IL2CPP/build/deploy_x86_64/System.Xml.ReaderWriter.dll
[2153/3487  0s] CopyFiles /Users/tuantu/Desktop/dev/AI/mobile/game_df/ios-build/Il2CppOutputProject/IL2CPP/build/deploy_x86_64/System.Web.dll
[2154/3487  0s] CopyFiles /Users/tuantu/Desktop/dev/AI/mobile/game_df/ios-build/Il2CppOutputProject/IL2CPP/build/deploy_x86_64/System.ValueTuple.dll
[2155/3487  0s] CopyFiles /Users/tuantu/Desktop/dev/AI/mobile/game_df/ios-build/Il2CppOutputProject/IL2CPP/build/deploy_x86_64/System.Threading.Timer.dll
[2156/3487  0s] CopyFiles /Users/tuantu/Desktop/dev/AI/mobile/game_df/ios-build/Il2CppOutputProject/IL2CPP/build/deploy_x86_64/System.Threading.ThreadPool.dll
[2157/3487  0s] CopyFiles /Users/tuantu/Desktop/dev/AI/mobile/game_df/ios-build/Il2CppOutputProject/IL2CPP/build/deploy_x86_64/System.Transactions.dll
[2158/3487  0s] CopyFiles /Users/tuantu/Desktop/dev/AI/mobile/game_df/ios-build/Il2CppOutputProject/IL2CPP/build/deploy_x86_64/System.Threading.Thread.dll
[2159/3487  0s] CopyFiles /Users/tuantu/Desktop/dev/AI/mobile/game_df/ios-build/Il2CppOutputProject/IL2CPP/build/deploy_x86_64/System.Threading.Tasks.Extensions.dll
[2160/3487  0s] CopyFiles /Users/tuantu/Desktop/dev/AI/mobile/game_df/ios-build/Il2CppOutputProject/IL2CPP/build/deploy_x86_64/System.Threading.dll
[2161/3487  0s] CopyFiles /Users/tuantu/Desktop/dev/AI/mobile/game_df/ios-build/Il2CppOutputProject/IL2CPP/build/deploy_x86_64/System.Threading.Tasks.dll
[2162/3487  0s] CopyFiles /Users/tuantu/Desktop/dev/AI/mobile/game_df/ios-build/Il2CppOutputProject/IL2CPP/build/deploy_x86_64/System.Threading.Overlapped.dll
[2163/3487  0s] CopyFiles /Users/tuantu/Desktop/dev/AI/mobile/game_df/ios-build/Il2CppOutputProject/IL2CPP/build/deploy_x86_64/System.Web.HttpUtility.dll
[2164/3487  0s] CopyFiles /Users/tuantu/Desktop/dev/AI/mobile/game_df/ios-build/Il2CppOutputProject/IL2CPP/build/deploy_x86_64/System.Text.Encoding.Extensions.dll
[2165/3487  0s] CopyFiles /Users/tuantu/Desktop/dev/AI/mobile/game_df/ios-build/Il2CppOutputProject/IL2CPP/build/deploy_x86_64/System.Threading.Tasks.Parallel.dll
[2166/3487  0s] CopyFiles /Users/tuantu/Desktop/dev/AI/mobile/game_df/ios-build/Il2CppOutputProject/IL2CPP/build/deploy_x86_64/System.Text.Encoding.dll
[2167/3487  0s] CopyFiles /Users/tuantu/Desktop/dev/AI/mobile/game_df/ios-build/Il2CppOutputProject/IL2CPP/build/deploy_x86_64/System.ServiceProcess.dll
[2168/3487  0s] CopyFiles /Users/tuantu/Desktop/dev/AI/mobile/game_df/ios-build/Il2CppOutputProject/IL2CPP/build/deploy_x86_64/System.Threading.Channels.dll
[2169/3487  0s] CopyFiles /Users/tuantu/Desktop/dev/AI/mobile/game_df/ios-build/Il2CppOutputProject/IL2CPP/build/deploy_x86_64/System.Transactions.Local.dll
[2170/3487  0s] CopyFiles /Users/tuantu/Desktop/dev/AI/mobile/game_df/ios-build/Il2CppOutputProject/IL2CPP/build/deploy_x86_64/System.Text.Encodings.Web.dll
[2171/3487  0s] CopyFiles /Users/tuantu/Desktop/dev/AI/mobile/game_df/ios-build/Il2CppOutputProject/IL2CPP/build/deploy_x86_64/System.Threading.Tasks.Dataflow.dll
[2172/3487  0s] CopyFiles /Users/tuantu/Desktop/dev/AI/mobile/game_df/ios-build/Il2CppOutputProject/IL2CPP/build/deploy_x86_64/System.Security.SecureString.dll
[2173/3487  0s] CopyFiles /Users/tuantu/Desktop/dev/AI/mobile/game_df/ios-build/Il2CppOutputProject/IL2CPP/build/deploy_x86_64/System.Security.Principal.dll
[2174/3487  0s] CopyFiles /Users/tuantu/Desktop/dev/AI/mobile/game_df/ios-build/Il2CppOutputProject/IL2CPP/build/deploy_x86_64/System.ServiceModel.Web.dll
[2175/3487  0s] CopyFiles /Users/tuantu/Desktop/dev/AI/mobile/game_df/ios-build/Il2CppOutputProject/IL2CPP/build/deploy_x86_64/System.Security.Cryptography.Primitives.dll
[2176/3487  0s] CopyFiles /Users/tuantu/Desktop/dev/AI/mobile/game_df/ios-build/Il2CppOutputProject/IL2CPP/build/deploy_x86_64/System.Security.dll
[2177/3487  0s] CopyFiles /Users/tuantu/Desktop/dev/AI/mobile/game_df/ios-build/Il2CppOutputProject/IL2CPP/build/deploy_x86_64/System.Security.Cryptography.X509Certificates.dll
[2178/3487  0s] CopyFiles /Users/tuantu/Desktop/dev/AI/mobile/game_df/ios-build/Il2CppOutputProject/IL2CPP/build/deploy_x86_64/System.Security.Cryptography.OpenSsl.dll
[2179/3487  0s] CopyFiles /Users/tuantu/Desktop/dev/AI/mobile/game_df/ios-build/Il2CppOutputProject/IL2CPP/build/deploy_x86_64/System.Security.Cryptography.Encoding.dll
[2180/3487  0s] CopyFiles /Users/tuantu/Desktop/dev/AI/mobile/game_df/ios-build/Il2CppOutputProject/IL2CPP/build/deploy_x86_64/System.Security.Principal.Windows.dll
[2181/3487  0s] CopyFiles /Users/tuantu/Desktop/dev/AI/mobile/game_df/ios-build/Il2CppOutputProject/IL2CPP/build/deploy_x86_64/System.Text.RegularExpressions.dll
[2182/3487  0s] CopyFiles /Users/tuantu/Desktop/dev/AI/mobile/game_df/ios-build/Il2CppOutputProject/IL2CPP/build/deploy_x86_64/System.Security.Cryptography.Csp.dll
[2183/3487  0s] CopyFiles /Users/tuantu/Desktop/dev/AI/mobile/game_df/ios-build/Il2CppOutputProject/IL2CPP/build/deploy_x86_64/System.Text.Encoding.CodePages.dll
[2184/3487  0s] CopyFiles /Users/tuantu/Desktop/dev/AI/mobile/game_df/ios-build/Il2CppOutputProject/IL2CPP/build/deploy_x86_64/System.Security.Cryptography.Algorithms.dll
[2185/3487  0s] CopyFiles /Users/tuantu/Desktop/dev/AI/mobile/game_df/ios-build/Il2CppOutputProject/IL2CPP/build/deploy_x86_64/System.Security.Cryptography.Cng.dll
[2186/3487  0s] CopyFiles /Users/tuantu/Desktop/dev/AI/mobile/game_df/ios-build/Il2CppOutputProject/IL2CPP/build/deploy_x86_64/System.Runtime.Serialization.Json.dll
[2187/3487  0s] CopyFiles /Users/tuantu/Desktop/dev/AI/mobile/game_df/ios-build/Il2CppOutputProject/IL2CPP/build/deploy_x86_64/System.Runtime.Serialization.Xml.dll
[2188/3487  0s] CopyFiles /Users/tuantu/Desktop/dev/AI/mobile/game_df/ios-build/Il2CppOutputProject/IL2CPP/build/deploy_x86_64/System.Runtime.Serialization.Primitives.dll
[2189/3487  0s] CopyFiles /Users/tuantu/Desktop/dev/AI/mobile/game_df/ios-build/Il2CppOutputProject/IL2CPP/build/deploy_x86_64/System.Text.Json.dll
[2190/3487  0s] CopyFiles /Users/tuantu/Desktop/dev/AI/mobile/game_df/ios-build/Il2CppOutputProject/IL2CPP/build/deploy_x86_64/System.Security.AccessControl.dll
[2191/3487  0s] CopyFiles /Users/tuantu/Desktop/dev/AI/mobile/game_df/ios-build/Il2CppOutputProject/IL2CPP/build/deploy_x86_64/System.Runtime.Loader.dll
[2192/3487  0s] CopyFiles /Users/tuantu/Desktop/dev/AI/mobile/game_df/ios-build/Il2CppOutputProject/IL2CPP/build/deploy_x86_64/System.Security.Claims.dll
[2193/3487  0s] CopyFiles /Users/tuantu/Desktop/dev/AI/mobile/game_df/ios-build/Il2CppOutputProject/IL2CPP/build/deploy_x86_64/System.Runtime.InteropServices.RuntimeInformation.dll
[2194/3487  0s] CopyFiles /Users/tuantu/Desktop/dev/AI/mobile/game_df/ios-build/Il2CppOutputProject/IL2CPP/build/deploy_x86_64/System.Runtime.Serialization.dll
[2195/3487  0s] CopyFiles /Users/tuantu/Desktop/dev/AI/mobile/game_df/ios-build/Il2CppOutputProject/IL2CPP/build/deploy_x86_64/System.Runtime.Handles.dll
[2196/3487  0s] CopyFiles /Users/tuantu/Desktop/dev/AI/mobile/game_df/ios-build/Il2CppOutputProject/IL2CPP/build/deploy_x86_64/System.Runtime.Intrinsics.dll
[2197/3487  0s] CopyFiles /Users/tuantu/Desktop/dev/AI/mobile/game_df/ios-build/Il2CppOutputProject/IL2CPP/build/deploy_x86_64/System.Runtime.Extensions.dll
[2198/3487  0s] CopyFiles /Users/tuantu/Desktop/dev/AI/mobile/game_df/ios-build/Il2CppOutputProject/IL2CPP/build/deploy_x86_64/System.Runtime.Serialization.Formatters.dll
[2199/3487  0s] CopyFiles /Users/tuantu/Desktop/dev/AI/mobile/game_df/ios-build/Il2CppOutputProject/IL2CPP/build/deploy_x86_64/System.Runtime.CompilerServices.Unsafe.dll
[2200/3487  0s] CopyFiles /Users/tuantu/Desktop/dev/AI/mobile/game_df/ios-build/Il2CppOutputProject/IL2CPP/build/deploy_x86_64/System.Runtime.InteropServices.JavaScript.dll
[2201/3487  0s] CopyFiles /Users/tuantu/Desktop/dev/AI/mobile/game_df/ios-build/Il2CppOutputProject/IL2CPP/build/deploy_x86_64/System.Runtime.CompilerServices.VisualC.dll
[2202/3487  0s] CopyFiles /Users/tuantu/Desktop/dev/AI/mobile/game_df/ios-build/Il2CppOutputProject/IL2CPP/build/deploy_x86_64/System.Runtime.Numerics.dll
[2203/3487  0s] CopyFiles /Users/tuantu/Desktop/dev/AI/mobile/game_df/ios-build/Il2CppOutputProject/IL2CPP/build/deploy_x86_64/System.Resources.ResourceManager.dll
[2204/3487  0s] CopyFiles /Users/tuantu/Desktop/dev/AI/mobile/game_df/ios-build/Il2CppOutputProject/IL2CPP/build/deploy_x86_64/System.Resources.Reader.dll
[2205/3487  0s] CopyFiles /Users/tuantu/Desktop/dev/AI/mobile/game_df/ios-build/Il2CppOutputProject/IL2CPP/build/deploy_x86_64/System.Reflection.Primitives.dll
[2206/3487  0s] CopyFiles /Users/tuantu/Desktop/dev/AI/mobile/game_df/ios-build/Il2CppOutputProject/IL2CPP/build/deploy_x86_64/System.Runtime.dll
[2207/3487  0s] CopyFiles /Users/tuantu/Desktop/dev/AI/mobile/game_df/ios-build/Il2CppOutputProject/IL2CPP/build/deploy_x86_64/System.Runtime.InteropServices.dll
[2208/3487  0s] CopyFiles /Users/tuantu/Desktop/dev/AI/mobile/game_df/ios-build/Il2CppOutputProject/IL2CPP/build/deploy_x86_64/System.Reflection.TypeExtensions.dll
[2209/3487  0s] CopyFiles /Users/tuantu/Desktop/dev/AI/mobile/game_df/ios-build/Il2CppOutputProject/IL2CPP/build/deploy_x86_64/System.Resources.Writer.dll
[2210/3487  0s] CopyFiles /Users/tuantu/Desktop/dev/AI/mobile/game_df/ios-build/Il2CppOutputProject/IL2CPP/build/deploy_x86_64/System.Reflection.Extensions.dll
[2211/3487  0s] CopyFiles /Users/tuantu/Desktop/dev/AI/mobile/game_df/ios-build/Il2CppOutputProject/IL2CPP/build/deploy_x86_64/System.Security.Cryptography.dll
[2212/3487  0s] CopyFiles /Users/tuantu/Desktop/dev/AI/mobile/game_df/ios-build/Il2CppOutputProject/IL2CPP/build/deploy_x86_64/System.Reflection.Emit.Lightweight.dll
[2213/3487  0s] CopyFiles /Users/tuantu/Desktop/dev/AI/mobile/game_df/ios-build/Il2CppOutputProject/IL2CPP/build/deploy_x86_64/System.Reflection.Emit.ILGeneration.dll
[2214/3487  0s] CopyFiles /Users/tuantu/Desktop/dev/AI/mobile/game_df/ios-build/Il2CppOutputProject/IL2CPP/build/deploy_x86_64/System.Reflection.dll
[2215/3487  0s] CopyFiles /Users/tuantu/Desktop/dev/AI/mobile/game_df/ios-build/Il2CppOutputProject/IL2CPP/build/deploy_x86_64/System.Reflection.DispatchProxy.dll
[2216/3487  0s] CopyFiles /Users/tuantu/Desktop/dev/AI/mobile/game_df/ios-build/Il2CppOutputProject/IL2CPP/build/deploy_x86_64/System.Reflection.Emit.dll
[2217/3487  0s] CopyFiles /Users/tuantu/Desktop/dev/AI/mobile/game_df/ios-build/Il2CppOutputProject/IL2CPP/build/deploy_x86_64/System.Private.Uri.dll
[2218/3487  0s] CopyFiles /Users/tuantu/Desktop/dev/AI/mobile/game_df/ios-build/Il2CppOutputProject/IL2CPP/build/deploy_x86_64/System.Numerics.Vectors.dll
[2219/3487  0s] CopyFiles /Users/tuantu/Desktop/dev/AI/mobile/game_df/ios-build/Il2CppOutputProject/IL2CPP/build/deploy_x86_64/System.ObjectModel.dll
[2220/3487  0s] CopyFiles /Users/tuantu/Desktop/dev/AI/mobile/game_df/ios-build/Il2CppOutputProject/IL2CPP/build/deploy_x86_64/System.Private.Xml.Linq.dll
[2221/3487  0s] CopyFiles /Users/tuantu/Desktop/dev/AI/mobile/game_df/ios-build/Il2CppOutputProject/IL2CPP/build/deploy_x86_64/System.Numerics.dll
[2222/3487  0s] CopyFiles /Users/tuantu/Desktop/dev/AI/mobile/game_df/ios-build/Il2CppOutputProject/IL2CPP/build/deploy_x86_64/System.Reflection.Metadata.dll
[2223/3487  0s] CopyFiles /Users/tuantu/Desktop/dev/AI/mobile/game_df/ios-build/Il2CppOutputProject/IL2CPP/build/deploy_x86_64/System.Net.WebProxy.dll
[2224/3487  0s] CopyFiles /Users/tuantu/Desktop/dev/AI/mobile/game_df/ios-build/Il2CppOutputProject/IL2CPP/build/deploy_x86_64/System.Private.DataContractSerialization.dll
[2225/3487  0s] CopyFiles /Users/tuantu/Desktop/dev/AI/mobile/game_df/ios-build/Il2CppOutputProject/IL2CPP/build/deploy_x86_64/System.Net.WebHeaderCollection.dll
[2226/3487  0s] CopyFiles /Users/tuantu/Desktop/dev/AI/mobile/game_df/ios-build/Il2CppOutputProject/IL2CPP/build/deploy_x86_64/System.Net.WebSockets.Client.dll
[2227/3487  0s] CopyFiles /Users/tuantu/Desktop/dev/AI/mobile/game_df/ios-build/Il2CppOutputProject/IL2CPP/build/deploy_x86_64/System.Net.ServicePoint.dll
[2228/3487  0s] CopyFiles /Users/tuantu/Desktop/dev/AI/mobile/game_df/ios-build/Il2CppOutputProject/IL2CPP/build/deploy_x86_64/System.Net.WebSockets.dll
[2229/3487  0s] CopyFiles /Users/tuantu/Desktop/dev/AI/mobile/game_df/ios-build/Il2CppOutputProject/IL2CPP/build/deploy_x86_64/System.Private.Xml.dll
[2230/3487  0s] CopyFiles /Users/tuantu/Desktop/dev/AI/mobile/game_df/ios-build/Il2CppOutputProject/IL2CPP/build/deploy_x86_64/System.Net.WebClient.dll
[2231/3487  0s] CopyFiles /Users/tuantu/Desktop/dev/AI/mobile/game_df/ios-build/Il2CppOutputProject/IL2CPP/build/deploy_x86_64/System.Net.Sockets.dll
[2232/3487  0s] CopyFiles /Users/tuantu/Desktop/dev/AI/mobile/game_df/ios-build/Il2CppOutputProject/IL2CPP/build/deploy_x86_64/System.Net.Ping.dll
[2233/3487  0s] CopyFiles /Users/tuantu/Desktop/dev/AI/mobile/game_df/ios-build/Il2CppOutputProject/IL2CPP/build/deploy_x86_64/System.Private.CoreLib.dll
[2234/3487  0s] CopyFiles /Users/tuantu/Desktop/dev/AI/mobile/game_df/ios-build/Il2CppOutputProject/IL2CPP/build/deploy_x86_64/System.Net.Quic.dll
[2235/3487  0s] CopyFiles /Users/tuantu/Desktop/dev/AI/mobile/game_df/ios-build/Il2CppOutputProject/IL2CPP/build/deploy_x86_64/System.Net.NetworkInformation.dll
[2236/3487  0s] CopyFiles /Users/tuantu/Desktop/dev/AI/mobile/game_df/ios-build/Il2CppOutputProject/IL2CPP/build/deploy_x86_64/System.Net.Primitives.dll
[2237/3487  0s] CopyFiles /Users/tuantu/Desktop/dev/AI/mobile/game_df/ios-build/Il2CppOutputProject/IL2CPP/build/deploy_x86_64/System.Net.Requests.dll
[2238/3487  0s] CopyFiles /Users/tuantu/Desktop/dev/AI/mobile/game_df/ios-build/Il2CppOutputProject/IL2CPP/build/deploy_x86_64/System.Net.Security.dll
[2239/3487  0s] CopyFiles /Users/tuantu/Desktop/dev/AI/mobile/game_df/ios-build/Il2CppOutputProject/IL2CPP/build/deploy_x86_64/System.Net.NameResolution.dll
[2240/3487  0s] CopyFiles /Users/tuantu/Desktop/dev/AI/mobile/game_df/ios-build/Il2CppOutputProject/IL2CPP/build/deploy_x86_64/System.Net.dll
[2241/3487  0s] CopyFiles /Users/tuantu/Desktop/dev/AI/mobile/game_df/ios-build/Il2CppOutputProject/IL2CPP/build/deploy_x86_64/System.Net.Http.Json.dll
[2242/3487  0s] CopyFiles /Users/tuantu/Desktop/dev/AI/mobile/game_df/ios-build/Il2CppOutputProject/IL2CPP/build/deploy_x86_64/System.Linq.Queryable.dll
[2243/3487  0s] CopyFiles /Users/tuantu/Desktop/dev/AI/mobile/game_df/ios-build/Il2CppOutputProject/IL2CPP/build/deploy_x86_64/System.IO.UnmanagedMemoryStream.dll
[2244/3487  0s] CopyFiles /Users/tuantu/Desktop/dev/AI/mobile/game_df/ios-build/Il2CppOutputProject/IL2CPP/build/deploy_x86_64/System.Memory.dll
[2245/3487  0s] CopyFiles /Users/tuantu/Desktop/dev/AI/mobile/game_df/ios-build/Il2CppOutputProject/IL2CPP/build/deploy_x86_64/System.IO.Pipes.AccessControl.dll
[2246/3487  0s] CopyFiles /Users/tuantu/Desktop/dev/AI/mobile/game_df/ios-build/Il2CppOutputProject/IL2CPP/build/deploy_x86_64/System.Net.Mail.dll
[2247/3487  0s] CopyFiles /Users/tuantu/Desktop/dev/AI/mobile/game_df/ios-build/Il2CppOutputProject/IL2CPP/build/deploy_x86_64/System.Net.HttpListener.dll
[2248/3487  0s] CopyFiles /Users/tuantu/Desktop/dev/AI/mobile/game_df/ios-build/Il2CppOutputProject/IL2CPP/build/deploy_x86_64/System.IO.Pipes.dll
[2249/3487  0s] CopyFiles /Users/tuantu/Desktop/dev/AI/mobile/game_df/ios-build/Il2CppOutputProject/IL2CPP/build/deploy_x86_64/System.Net.Http.dll
[2250/3487  0s] CopyFiles /Users/tuantu/Desktop/dev/AI/mobile/game_df/ios-build/Il2CppOutputProject/IL2CPP/build/deploy_x86_64/System.IO.FileSystem.Watcher.dll
[2251/3487  0s] CopyFiles /Users/tuantu/Desktop/dev/AI/mobile/game_df/ios-build/Il2CppOutputProject/IL2CPP/build/deploy_x86_64/System.Linq.Parallel.dll
[2252/3487  0s] CopyFiles /Users/tuantu/Desktop/dev/AI/mobile/game_df/ios-build/Il2CppOutputProject/IL2CPP/build/deploy_x86_64/System.IO.FileSystem.Primitives.dll
[2253/3487  0s] CopyFiles /Users/tuantu/Desktop/dev/AI/mobile/game_df/ios-build/Il2CppOutputProject/IL2CPP/build/deploy_x86_64/System.IO.IsolatedStorage.dll
[2254/3487  0s] CopyFiles /Users/tuantu/Desktop/dev/AI/mobile/game_df/ios-build/Il2CppOutputProject/IL2CPP/build/deploy_x86_64/System.IO.dll
[2255/3487  0s] CopyFiles /Users/tuantu/Desktop/dev/AI/mobile/game_df/ios-build/Il2CppOutputProject/IL2CPP/build/deploy_x86_64/System.IO.MemoryMappedFiles.dll
[2256/3487  0s] CopyFiles /Users/tuantu/Desktop/dev/AI/mobile/game_df/ios-build/Il2CppOutputProject/IL2CPP/build/deploy_x86_64/System.IO.Compression.FileSystem.dll
[2257/3487  0s] CopyFiles /Users/tuantu/Desktop/dev/AI/mobile/game_df/ios-build/Il2CppOutputProject/IL2CPP/build/deploy_x86_64/System.Linq.dll
[2258/3487  0s] CopyFiles /Users/tuantu/Desktop/dev/AI/mobile/game_df/ios-build/Il2CppOutputProject/IL2CPP/build/deploy_x86_64/System.IO.FileSystem.dll
[2259/3487  0s] CopyFiles /Users/tuantu/Desktop/dev/AI/mobile/game_df/ios-build/Il2CppOutputProject/IL2CPP/build/deploy_x86_64/System.IO.Pipelines.dll
[2260/3487  0s] CopyFiles /Users/tuantu/Desktop/dev/AI/mobile/game_df/ios-build/Il2CppOutputProject/IL2CPP/build/deploy_x86_64/System.Globalization.Extensions.dll
[2261/3487  0s] CopyFiles /Users/tuantu/Desktop/dev/AI/mobile/game_df/ios-build/Il2CppOutputProject/IL2CPP/build/deploy_x86_64/System.IO.Compression.ZipFile.dll
[2262/3487  0s] CopyFiles /Users/tuantu/Desktop/dev/AI/mobile/game_df/ios-build/Il2CppOutputProject/IL2CPP/build/deploy_x86_64/System.IO.FileSystem.DriveInfo.dll
[2263/3487  0s] CopyFiles /Users/tuantu/Desktop/dev/AI/mobile/game_df/ios-build/Il2CppOutputProject/IL2CPP/build/deploy_x86_64/System.IO.FileSystem.AccessControl.dll
[2264/3487  0s] CopyFiles /Users/tuantu/Desktop/dev/AI/mobile/game_df/ios-build/Il2CppOutputProject/IL2CPP/build/deploy_x86_64/System.Linq.Expressions.dll
[2265/3487  0s] CopyFiles /Users/tuantu/Desktop/dev/AI/mobile/game_df/ios-build/Il2CppOutputProject/IL2CPP/build/deploy_x86_64/System.Globalization.Calendars.dll
[2266/3487  0s] CopyFiles /Users/tuantu/Desktop/dev/AI/mobile/game_df/ios-build/Il2CppOutputProject/IL2CPP/build/deploy_x86_64/System.Globalization.dll
[2267/3487  0s] CopyFiles /Users/tuantu/Desktop/dev/AI/mobile/game_df/ios-build/Il2CppOutputProject/IL2CPP/build/deploy_x86_64/System.Dynamic.Runtime.dll
[2268/3487  0s] CopyFiles /Users/tuantu/Desktop/dev/AI/mobile/game_df/ios-build/Il2CppOutputProject/IL2CPP/build/deploy_x86_64/System.IO.Compression.Brotli.dll
[2269/3487  0s] CopyFiles /Users/tuantu/Desktop/dev/AI/mobile/game_df/ios-build/Il2CppOutputProject/IL2CPP/build/deploy_x86_64/System.Drawing.dll
[2270/3487  0s] CopyFiles /Users/tuantu/Desktop/dev/AI/mobile/game_df/ios-build/Il2CppOutputProject/IL2CPP/build/deploy_x86_64/System.IO.Compression.dll
[2271/3487  0s] CopyFiles /Users/tuantu/Desktop/dev/AI/mobile/game_df/ios-build/Il2CppOutputProject/IL2CPP/build/deploy_x86_64/System.Diagnostics.Tools.dll
[2272/3487  0s] CopyFiles /Users/tuantu/Desktop/dev/AI/mobile/game_df/ios-build/Il2CppOutputProject/IL2CPP/build/deploy_x86_64/System.dll
[2273/3487  0s] CopyFiles /Users/tuantu/Desktop/dev/AI/mobile/game_df/ios-build/Il2CppOutputProject/IL2CPP/build/deploy_x86_64/System.Diagnostics.Tracing.dll
[2274/3487  0s] CopyFiles /Users/tuantu/Desktop/dev/AI/mobile/game_df/ios-build/Il2CppOutputProject/IL2CPP/build/deploy_x86_64/System.Drawing.Primitives.dll
[2275/3487  0s] CopyFiles /Users/tuantu/Desktop/dev/AI/mobile/game_df/ios-build/Il2CppOutputProject/IL2CPP/build/deploy_x86_64/System.Diagnostics.StackTrace.dll
[2276/3487  0s] CopyFiles /Users/tuantu/Desktop/dev/AI/mobile/game_df/ios-build/Il2CppOutputProject/IL2CPP/build/deploy_x86_64/System.Formats.Tar.dll
[2277/3487  0s] CopyFiles /Users/tuantu/Desktop/dev/AI/mobile/game_df/ios-build/Il2CppOutputProject/IL2CPP/build/deploy_x86_64/System.Diagnostics.Debug.dll
[2278/3487  0s] CopyFiles /Users/tuantu/Desktop/dev/AI/mobile/game_df/ios-build/Il2CppOutputProject/IL2CPP/build/deploy_x86_64/System.Formats.Asn1.dll
[2279/3487  0s] CopyFiles /Users/tuantu/Desktop/dev/AI/mobile/game_df/ios-build/Il2CppOutputProject/IL2CPP/build/deploy_x86_64/System.Diagnostics.Contracts.dll
[2280/3487  0s] CopyFiles /Users/tuantu/Desktop/dev/AI/mobile/game_df/ios-build/Il2CppOutputProject/IL2CPP/build/deploy_x86_64/System.Diagnostics.FileVersionInfo.dll
[2281/3487  0s] CopyFiles /Users/tuantu/Desktop/dev/AI/mobile/game_df/ios-build/Il2CppOutputProject/IL2CPP/build/deploy_x86_64/System.Diagnostics.TraceSource.dll
[2282/3487  0s] CopyFiles /Users/tuantu/Desktop/dev/AI/mobile/game_df/ios-build/Il2CppOutputProject/IL2CPP/build/deploy_x86_64/System.Diagnostics.TextWriterTraceListener.dll
[2283/3487  0s] CopyFiles /Users/tuantu/Desktop/dev/AI/mobile/game_df/ios-build/Il2CppOutputProject/IL2CPP/build/deploy_x86_64/System.Configuration.dll
[2284/3487  0s] CopyFiles /Users/tuantu/Desktop/dev/AI/mobile/game_df/ios-build/Il2CppOutputProject/IL2CPP/build/deploy_x86_64/System.Data.DataSetExtensions.dll
[2285/3487  0s] CopyFiles /Users/tuantu/Desktop/dev/AI/mobile/game_df/ios-build/Il2CppOutputProject/IL2CPP/build/deploy_x86_64/System.Data.dll
[2286/3487  0s] CopyFiles /Users/tuantu/Desktop/dev/AI/mobile/game_df/ios-build/Il2CppOutputProject/IL2CPP/build/deploy_x86_64/System.Core.dll
[2287/3487  0s] CopyFiles /Users/tuantu/Desktop/dev/AI/mobile/game_df/ios-build/Il2CppOutputProject/IL2CPP/build/deploy_x86_64/System.Diagnostics.Process.dll
[2288/3487  0s] CopyFiles /Users/tuantu/Desktop/dev/AI/mobile/game_df/ios-build/Il2CppOutputProject/IL2CPP/build/deploy_x86_64/System.Console.dll
[2289/3487  0s] CopyFiles /Users/tuantu/Desktop/dev/AI/mobile/game_df/ios-build/Il2CppOutputProject/IL2CPP/build/deploy_x86_64/System.Diagnostics.DiagnosticSource.dll
[2290/3487  0s] CopyFiles /Users/tuantu/Desktop/dev/AI/mobile/game_df/ios-build/Il2CppOutputProject/IL2CPP/build/deploy_x86_64/System.ComponentModel.EventBasedAsync.dll
[2291/3487  0s] CopyFiles /Users/tuantu/Desktop/dev/AI/mobile/game_df/ios-build/Il2CppOutputProject/IL2CPP/build/deploy_x86_64/System.ComponentModel.dll
[2292/3487  0s] CopyFiles /Users/tuantu/Desktop/dev/AI/mobile/game_df/ios-build/Il2CppOutputProject/IL2CPP/build/deploy_x86_64/System.ComponentModel.Primitives.dll
[2293/3487  0s] CopyFiles /Users/tuantu/Desktop/dev/AI/mobile/game_df/ios-build/Il2CppOutputProject/IL2CPP/build/deploy_x86_64/System.ComponentModel.DataAnnotations.dll
[2294/3487  0s] CopyFiles /Users/tuantu/Desktop/dev/AI/mobile/game_df/ios-build/Il2CppOutputProject/IL2CPP/build/deploy_x86_64/System.ComponentModel.Annotations.dll
[2295/3487  0s] CopyFiles /Users/tuantu/Desktop/dev/AI/mobile/game_df/ios-build/Il2CppOutputProject/IL2CPP/build/deploy_x86_64/System.Collections.NonGeneric.dll
[2296/3487  0s] CopyFiles /Users/tuantu/Desktop/dev/AI/mobile/game_df/ios-build/Il2CppOutputProject/IL2CPP/build/deploy_x86_64/System.Collections.Concurrent.dll
[2297/3487  0s] CopyFiles /Users/tuantu/Desktop/dev/AI/mobile/game_df/ios-build/Il2CppOutputProject/IL2CPP/build/deploy_x86_64/System.Buffers.dll
[2298/3487  0s] CopyFiles /Users/tuantu/Desktop/dev/AI/mobile/game_df/ios-build/Il2CppOutputProject/IL2CPP/build/deploy_x86_64/System.ComponentModel.TypeConverter.dll
[2299/3487  0s] CopyFiles /Users/tuantu/Desktop/dev/AI/mobile/game_df/ios-build/Il2CppOutputProject/IL2CPP/build/deploy_x86_64/System.AppContext.dll
[2300/3487  0s] CopyFiles /Users/tuantu/Desktop/dev/AI/mobile/game_df/ios-build/Il2CppOutputProject/IL2CPP/build/deploy_x86_64/System.Collections.Specialized.dll
[2301/3487  0s] CopyFiles /Users/tuantu/Desktop/dev/AI/mobile/game_df/ios-build/Il2CppOutputProject/IL2CPP/build/deploy_x86_64/System.Collections.dll
[2302/3487  0s] CopyFiles /Users/tuantu/Desktop/dev/AI/mobile/game_df/ios-build/Il2CppOutputProject/IL2CPP/build/deploy_x86_64/NiceIO.pdb
[2303/3487  0s] CopyFiles /Users/tuantu/Desktop/dev/AI/mobile/game_df/ios-build/Il2CppOutputProject/IL2CPP/build/deploy_x86_64/NiceIO.dll
[2304/3487  0s] CopyFiles /Users/tuantu/Desktop/dev/AI/mobile/game_df/ios-build/Il2CppOutputProject/IL2CPP/build/deploy_x86_64/System.Data.Common.dll
[2305/3487  0s] CopyFiles /Users/tuantu/Desktop/dev/AI/mobile/game_df/ios-build/Il2CppOutputProject/IL2CPP/build/deploy_x86_64/Mono.Cecil.Rocks.pdb
[2306/3487  0s] CopyFiles /Users/tuantu/Desktop/dev/AI/mobile/game_df/ios-build/Il2CppOutputProject/IL2CPP/build/deploy_x86_64/SharpYaml.dll
[2307/3487  0s] CopyFiles /Users/tuantu/Desktop/dev/AI/mobile/game_df/ios-build/Il2CppOutputProject/IL2CPP/build/deploy_x86_64/System.Collections.Immutable.dll
[2308/3487  0s] CopyFiles /Users/tuantu/Desktop/dev/AI/mobile/game_df/ios-build/Il2CppOutputProject/IL2CPP/build/deploy_x86_64/mscorlib.dll
[2309/3487  0s] CopyFiles /Users/tuantu/Desktop/dev/AI/mobile/game_df/ios-build/Il2CppOutputProject/IL2CPP/build/deploy_x86_64/netstandard.dll
[2310/3487  0s] CopyFiles /Users/tuantu/Desktop/dev/AI/mobile/game_df/ios-build/Il2CppOutputProject/IL2CPP/build/deploy_x86_64/Mono.Cecil.Rocks.dll
[2311/3487  0s] CopyFiles /Users/tuantu/Desktop/dev/AI/mobile/game_df/ios-build/Il2CppOutputProject/IL2CPP/build/deploy_x86_64/monolinkerold.pdb
[2312/3487  0s] CopyFiles /Users/tuantu/Desktop/dev/AI/mobile/game_df/ios-build/Il2CppOutputProject/IL2CPP/build/deploy_x86_64/Mono.Cecil.Mdb.pdb
[2313/3487  0s] CopyFiles /Users/tuantu/Desktop/dev/AI/mobile/game_df/ios-build/Il2CppOutputProject/IL2CPP/build/deploy_x86_64/Newtonsoft.Json.dll
[2314/3487  0s] CopyFiles /Users/tuantu/Desktop/dev/AI/mobile/game_df/ios-build/Il2CppOutputProject/IL2CPP/build/deploy_x86_64/Mono.Cecil.Pdb.pdb
[2315/3487  0s] CopyFiles /Users/tuantu/Desktop/dev/AI/mobile/game_df/ios-build/Il2CppOutputProject/IL2CPP/build/deploy_x86_64/Microsoft.Win32.Registry.dll
[2316/3487  0s] CopyFiles /Users/tuantu/Desktop/dev/AI/mobile/game_df/ios-build/Il2CppOutputProject/IL2CPP/build/deploy_x86_64/Mono.Cecil.Mdb.dll
[2317/3487  0s] CopyFiles /Users/tuantu/Desktop/dev/AI/mobile/game_df/ios-build/Il2CppOutputProject/IL2CPP/build/deploy_x86_64/Microsoft.Win32.Primitives.dll
[2318/3487  0s] CopyFiles /Users/tuantu/Desktop/dev/AI/mobile/game_df/ios-build/Il2CppOutputProject/IL2CPP/build/deploy_x86_64/monolinkerold.dll
[2319/3487  0s] CopyFiles /Users/tuantu/Desktop/dev/AI/mobile/game_df/ios-build/Il2CppOutputProject/IL2CPP/build/deploy_x86_64/Mono.Cecil.Pdb.dll
[2320/3487  0s] CopyFiles /Users/tuantu/Desktop/dev/AI/mobile/game_df/ios-build/Il2CppOutputProject/IL2CPP/build/deploy_x86_64/libSystem.Security.Cryptography.Native.OpenSsl.dylib
[2321/3487  0s] CopyFiles /Users/tuantu/Desktop/dev/AI/mobile/game_df/ios-build/Il2CppOutputProject/IL2CPP/build/deploy_x86_64/Microsoft.VisualBasic.dll
[2322/3487  0s] CopyFiles /Users/tuantu/Desktop/dev/AI/mobile/game_df/ios-build/Il2CppOutputProject/IL2CPP/build/deploy_x86_64/Microsoft.Bcl.HashCode.dll
[2323/3487  0s] CopyFiles /Users/tuantu/Desktop/dev/AI/mobile/game_df/ios-build/Il2CppOutputProject/IL2CPP/build/deploy_x86_64/libSystem.Net.Security.Native.dylib
[2324/3487  0s] CopyFiles /Users/tuantu/Desktop/dev/AI/mobile/game_df/ios-build/Il2CppOutputProject/IL2CPP/build/deploy_x86_64/libSystem.IO.Compression.Native.dylib
[2325/3487  0s] CopyFiles /Users/tuantu/Desktop/dev/AI/mobile/game_df/ios-build/Il2CppOutputProject/IL2CPP/build/deploy_x86_64/libSystem.Native.dylib
[2326/3487  0s] CopyFiles /Users/tuantu/Desktop/dev/AI/mobile/game_df/ios-build/Il2CppOutputProject/IL2CPP/build/deploy_x86_64/libSystem.Security.Cryptography.Native.Apple.dylib
[2327/3487  0s] CopyFiles /Users/tuantu/Desktop/dev/AI/mobile/game_df/ios-build/Il2CppOutputProject/IL2CPP/build/deploy_x86_64/libSystem.Globalization.Native.dylib
[2328/3487  0s] CopyFiles /Users/tuantu/Desktop/dev/AI/mobile/game_df/ios-build/Il2CppOutputProject/IL2CPP/build/deploy_x86_64/libmscordaccore.dylib
[2329/3487  0s] CopyFiles /Users/tuantu/Desktop/dev/AI/mobile/game_df/ios-build/Il2CppOutputProject/IL2CPP/build/deploy_x86_64/libmscordbi.dylib
[2330/3487  0s] CopyFiles /Users/tuantu/Desktop/dev/AI/mobile/game_df/ios-build/Il2CppOutputProject/IL2CPP/build/deploy_x86_64/libhostfxr.dylib
[2331/3487  0s] CopyFiles /Users/tuantu/Desktop/dev/AI/mobile/game_df/ios-build/Il2CppOutputProject/IL2CPP/build/deploy_x86_64/libhostpolicy.dylib
[2332/3487  0s] CopyFiles /Users/tuantu/Desktop/dev/AI/mobile/game_df/ios-build/Il2CppOutputProject/IL2CPP/build/deploy_x86_64/Mono.Cecil.pdb
[2333/3487  0s] CopyFiles /Users/tuantu/Desktop/dev/AI/mobile/game_df/ios-build/Il2CppOutputProject/IL2CPP/build/deploy_x86_64/libclrjit.dylib
[2334/3487  0s] CopyFiles /Users/tuantu/Desktop/dev/AI/mobile/game_df/ios-build/Il2CppOutputProject/IL2CPP/build/deploy_x86_64/libclrgc.dylib
[2335/3487  0s] CopyFiles /Users/tuantu/Desktop/dev/AI/mobile/game_df/ios-build/Il2CppOutputProject/IL2CPP/build/deploy_x86_64/libcoreclr.dylib
[2336/3487  0s] CopyFiles /Users/tuantu/Desktop/dev/AI/mobile/game_df/ios-build/Il2CppOutputProject/IL2CPP/build/deploy_x86_64/libclrgcexp.dylib
[2337/3487  0s] CopyFiles /Users/tuantu/Desktop/dev/AI/mobile/game_df/ios-build/Il2CppOutputProject/IL2CPP/build/deploy_x86_64/il2cpp.runtimeconfig.json
[2338/3487  0s] CopyFiles /Users/tuantu/Desktop/dev/AI/mobile/game_df/ios-build/Il2CppOutputProject/IL2CPP/build/deploy_x86_64/JetBrains.Profiler.Api.dll
[2339/3487  0s] CopyFiles /Users/tuantu/Desktop/dev/AI/mobile/game_df/ios-build/Il2CppOutputProject/IL2CPP/build/deploy_x86_64/Mono.Cecil.dll
[2340/3487  0s] CopyFiles /Users/tuantu/Desktop/dev/AI/mobile/game_df/ios-build/Il2CppOutputProject/IL2CPP/build/deploy_x86_64/il2cpp.dll.config
[2341/3487  0s] CopyFiles /Users/tuantu/Desktop/dev/AI/mobile/game_df/ios-build/Il2CppOutputProject/IL2CPP/build/deploy_x86_64/MemoryPack.Core.dll
[2342/3487  0s] CopyFiles /Users/tuantu/Desktop/dev/AI/mobile/game_df/ios-build/Il2CppOutputProject/IL2CPP/build/deploy_x86_64/il2cpp.pdb
[2343/3487  0s] CopyFiles /Users/tuantu/Desktop/dev/AI/mobile/game_df/ios-build/Il2CppOutputProject/IL2CPP/build/deploy_x86_64/il2cpp-compile.runtimeconfig.json
[2344/3487  0s] CopyFiles /Users/tuantu/Desktop/dev/AI/mobile/game_df/ios-build/Il2CppOutputProject/IL2CPP/build/deploy_x86_64/illink.pdb
[2345/3487  0s] CopyFiles /Users/tuantu/Desktop/dev/AI/mobile/game_df/ios-build/Il2CppOutputProject/IL2CPP/build/deploy_x86_64/il2cpp.deps.json
[2346/3487  0s] CopyFiles /Users/tuantu/Desktop/dev/AI/mobile/game_df/ios-build/Il2CppOutputProject/IL2CPP/build/deploy_x86_64/Microsoft.CSharp.dll
[2347/3487  0s] CopyFiles /Users/tuantu/Desktop/dev/AI/mobile/game_df/ios-build/Il2CppOutputProject/IL2CPP/build/deploy_x86_64/il2cpp-compile.pdb
[2348/3487  0s] CopyFiles /Users/tuantu/Desktop/dev/AI/mobile/game_df/ios-build/Il2CppOutputProject/IL2CPP/build/deploy_x86_64/il2cpp
[2349/3487  0s] CopyFiles /Users/tuantu/Desktop/dev/AI/mobile/game_df/ios-build/Il2CppOutputProject/IL2CPP/build/deploy_x86_64/il2cpp.dll
[2350/3487  0s] CopyFiles /Users/tuantu/Desktop/dev/AI/mobile/game_df/ios-build/Il2CppOutputProject/IL2CPP/build/deploy_x86_64/il2cpp-compile
[2351/3487  0s] CopyFiles /Users/tuantu/Desktop/dev/AI/mobile/game_df/ios-build/Il2CppOutputProject/IL2CPP/build/deploy_x86_64/bee_backend/mac-x64/bee_backend
[2352/3487  0s] CopyFiles /Users/tuantu/Desktop/dev/AI/mobile/game_df/ios-build/Il2CppOutputProject/IL2CPP/build/deploy_x86_64/createdump
[2353/3487  0s] CopyFiles /Users/tuantu/Desktop/dev/AI/mobile/game_df/ios-build/Il2CppOutputProject/IL2CPP/build/deploy_x86_64/il2cpp-compile.dll
[2354/3487  0s] CopyFiles /Users/tuantu/Desktop/dev/AI/mobile/game_df/ios-build/Il2CppOutputProject/IL2CPP/build/deploy_x86_64/Microsoft.VisualBasic.Core.dll
[2355/3487  0s] CopyFiles /Users/tuantu/Desktop/dev/AI/mobile/game_df/ios-build/Il2CppOutputProject/IL2CPP/build/deploy_x86_64/il2cpp-compile.deps.json
[2356/3487  0s] CopyFiles /Users/tuantu/Desktop/dev/AI/mobile/game_df/ios-build/Il2CppOutputProject/IL2CPP/build/deploy_x86_64/illink.dll
[2357/3487  0s] CopyFiles /Users/tuantu/Desktop/dev/AI/mobile/game_df/ios-build/Il2CppOutputProject/IL2CPP/build/deploy_x86_64/Bee.VisualStudioSolution.dll
[2358/3487  0s] CopyFiles /Users/tuantu/Desktop/dev/AI/mobile/game_df/ios-build/Il2CppOutputProject/IL2CPP/build/deploy_x86_64/Bee.VisualStudioSolution.pdb
[2359/3487  0s] CopyFiles /Users/tuantu/Desktop/dev/AI/mobile/game_df/ios-build/Il2CppOutputProject/IL2CPP/build/deploy_x86_64/Bee.TundraBackend.pdb
[2360/3487  0s] CopyFiles /Users/tuantu/Desktop/dev/AI/mobile/game_df/ios-build/Il2CppOutputProject/IL2CPP/build/deploy_x86_64/Bee.Tools.pdb
[2361/3487  0s] CopyFiles /Users/tuantu/Desktop/dev/AI/mobile/game_df/ios-build/Il2CppOutputProject/IL2CPP/build/deploy_x86_64/Bee.Toolchain.Windows.dll
[2362/3487  0s] CopyFiles /Users/tuantu/Desktop/dev/AI/mobile/game_df/ios-build/Il2CppOutputProject/IL2CPP/build/deploy_x86_64/Bee.Toolchain.Xcode.pdb
[2363/3487  0s] CopyFiles /Users/tuantu/Desktop/dev/AI/mobile/game_df/ios-build/Il2CppOutputProject/IL2CPP/build/deploy_x86_64/Bee.Toolchain.Windows.pdb
[2364/3487  0s] CopyFiles /Users/tuantu/Desktop/dev/AI/mobile/game_df/ios-build/Il2CppOutputProject/IL2CPP/build/deploy_x86_64/Bee.Toolchain.VisionOS.pdb
[2365/3487  0s] CopyFiles /Users/tuantu/Desktop/dev/AI/mobile/game_df/ios-build/Il2CppOutputProject/IL2CPP/build/deploy_x86_64/Bee.TundraBackend.dll
[2366/3487  0s] CopyFiles /Users/tuantu/Desktop/dev/AI/mobile/game_df/ios-build/Il2CppOutputProject/IL2CPP/build/deploy_x86_64/Bee.Toolchain.VisionOS.dll
[2367/3487  0s] CopyFiles /Users/tuantu/Desktop/dev/AI/mobile/game_df/ios-build/Il2CppOutputProject/IL2CPP/build/deploy_x86_64/Bee.Tools.dll
[2368/3487  0s] CopyFiles /Users/tuantu/Desktop/dev/AI/mobile/game_df/ios-build/Il2CppOutputProject/IL2CPP/build/deploy_x86_64/Bee.Toolchain.Xcode.dll
[2369/3487  0s] CopyFiles /Users/tuantu/Desktop/dev/AI/mobile/game_df/ios-build/Il2CppOutputProject/IL2CPP/build/deploy_x86_64/Bee.Toolchain.UWP.pdb
[2370/3487  0s] CopyFiles /Users/tuantu/Desktop/dev/AI/mobile/game_df/ios-build/Il2CppOutputProject/IL2CPP/build/deploy_x86_64/Bee.Toolchain.TvOS.pdb
[2371/3487  0s] CopyFiles /Users/tuantu/Desktop/dev/AI/mobile/game_df/ios-build/Il2CppOutputProject/IL2CPP/build/deploy_x86_64/Bee.Toolchain.VisualStudio.pdb
[2372/3487  0s] CopyFiles /Users/tuantu/Desktop/dev/AI/mobile/game_df/ios-build/Il2CppOutputProject/IL2CPP/build/deploy_x86_64/Bee.Toolchain.TvOS.dll
[2373/3487  0s] CopyFiles /Users/tuantu/Desktop/dev/AI/mobile/game_df/ios-build/Il2CppOutputProject/IL2CPP/build/deploy_x86_64/Bee.Toolchain.MacOS.pdb
[2374/3487  0s] CopyFiles /Users/tuantu/Desktop/dev/AI/mobile/game_df/ios-build/Il2CppOutputProject/IL2CPP/build/deploy_x86_64/Bee.Toolchain.LLVM.pdb
[2375/3487  0s] CopyFiles /Users/tuantu/Desktop/dev/AI/mobile/game_df/ios-build/Il2CppOutputProject/IL2CPP/build/deploy_x86_64/Bee.Toolchain.MacOS.dll
[2376/3487  0s] CopyFiles /Users/tuantu/Desktop/dev/AI/mobile/game_df/ios-build/Il2CppOutputProject/IL2CPP/build/deploy_x86_64/Bee.Toolchain.Linux.dll
[2377/3487  0s] CopyFiles /Users/tuantu/Desktop/dev/AI/mobile/game_df/ios-build/Il2CppOutputProject/IL2CPP/build/deploy_x86_64/Bee.Toolchain.UWP.dll
[2378/3487  0s] CopyFiles /Users/tuantu/Desktop/dev/AI/mobile/game_df/ios-build/Il2CppOutputProject/IL2CPP/build/deploy_x86_64/Bee.Toolchain.LLVM.dll
[2379/3487  0s] CopyFiles /Users/tuantu/Desktop/dev/AI/mobile/game_df/ios-build/Il2CppOutputProject/IL2CPP/build/deploy_x86_64/Bee.Toolchain.IOS.pdb
[2380/3487  0s] CopyFiles /Users/tuantu/Desktop/dev/AI/mobile/game_df/ios-build/Il2CppOutputProject/IL2CPP/build/deploy_x86_64/Bee.Toolchain.IOS.dll
[2381/3487  0s] CopyFiles /Users/tuantu/Desktop/dev/AI/mobile/game_df/ios-build/Il2CppOutputProject/IL2CPP/build/deploy_x86_64/Bee.Toolchain.Linux.pdb
[2382/3487  0s] CopyFiles /Users/tuantu/Desktop/dev/AI/mobile/game_df/ios-build/Il2CppOutputProject/IL2CPP/build/deploy_x86_64/Bee.Toolchain.GNU.dll
[2383/3487  0s] CopyFiles /Users/tuantu/Desktop/dev/AI/mobile/game_df/ios-build/Il2CppOutputProject/IL2CPP/build/deploy_x86_64/Bee.Toolchain.VisualStudio.dll
[2384/3487  0s] CopyFiles /Users/tuantu/Desktop/dev/AI/mobile/game_df/ios-build/Il2CppOutputProject/IL2CPP/build/deploy_x86_64/Bee.Toolchain.Emscripten.pdb
[2385/3487  0s] CopyFiles /Users/tuantu/Desktop/dev/AI/mobile/game_df/ios-build/Il2CppOutputProject/IL2CPP/build/deploy_x86_64/Bee.TinyProfiler2.pdb
[2386/3487  0s] CopyFiles /Users/tuantu/Desktop/dev/AI/mobile/game_df/ios-build/Il2CppOutputProject/IL2CPP/build/deploy_x86_64/Bee.Toolchain.GNU.pdb
[2387/3487  0s] CopyFiles /Users/tuantu/Desktop/dev/AI/mobile/game_df/ios-build/Il2CppOutputProject/IL2CPP/build/deploy_x86_64/Bee.Toolchain.EmbeddedLinux.pdb
[2388/3487  0s] CopyFiles /Users/tuantu/Desktop/dev/AI/mobile/game_df/ios-build/Il2CppOutputProject/IL2CPP/build/deploy_x86_64/Bee.Telemetry.dll
[2389/3487  0s] CopyFiles /Users/tuantu/Desktop/dev/AI/mobile/game_df/ios-build/Il2CppOutputProject/IL2CPP/build/deploy_x86_64/Bee.Toolchain.EmbeddedLinux.dll
[2390/3487  0s] CopyFiles /Users/tuantu/Desktop/dev/AI/mobile/game_df/ios-build/Il2CppOutputProject/IL2CPP/build/deploy_x86_64/Bee.Telemetry.pdb
[2391/3487  0s] CopyFiles /Users/tuantu/Desktop/dev/AI/mobile/game_df/ios-build/Il2CppOutputProject/IL2CPP/build/deploy_x86_64/Bee.Toolchain.Android.pdb
[2392/3487  0s] CopyFiles /Users/tuantu/Desktop/dev/AI/mobile/game_df/ios-build/Il2CppOutputProject/IL2CPP/build/deploy_x86_64/Bee.TinyProfiler2.dll
[2393/3487  0s] CopyFiles /Users/tuantu/Desktop/dev/AI/mobile/game_df/ios-build/Il2CppOutputProject/IL2CPP/build/deploy_x86_64/Bee.Toolchain.Emscripten.dll
[2394/3487  0s] CopyFiles /Users/tuantu/Desktop/dev/AI/mobile/game_df/ios-build/Il2CppOutputProject/IL2CPP/build/deploy_x86_64/Bee.NativeProgramSupport.pdb
[2395/3487  0s] CopyFiles /Users/tuantu/Desktop/dev/AI/mobile/game_df/ios-build/Il2CppOutputProject/IL2CPP/build/deploy_x86_64/Bee.Stevedore.Program.pdb
[2396/3487  0s] CopyFiles /Users/tuantu/Desktop/dev/AI/mobile/game_df/ios-build/Il2CppOutputProject/IL2CPP/build/deploy_x86_64/Bee.Toolchain.Android.dll
[2397/3487  0s] CopyFiles /Users/tuantu/Desktop/dev/AI/mobile/game_df/ios-build/Il2CppOutputProject/IL2CPP/build/deploy_x86_64/Bee.BinLog.xml
[2398/3487  0s] CopyFiles /Users/tuantu/Desktop/dev/AI/mobile/game_df/ios-build/Il2CppOutputProject/IL2CPP/build/deploy_x86_64/Bee.BuildGraph.pdb
[2399/3487  0s] CopyFiles /Users/tuantu/Desktop/dev/AI/mobile/game_df/ios-build/Il2CppOutputProject/IL2CPP/build/deploy_x86_64/Bee.BuildGraph.dll
[2400/3487  0s] CopyFiles /Users/tuantu/Desktop/dev/AI/mobile/game_df/ios-build/Il2CppOutputProject/IL2CPP/build/deploy_x86_64/Bee.BinLog.pdb
[2401/3487  0s] CopyFiles /Users/tuantu/Desktop/dev/AI/mobile/game_df/ios-build/Il2CppOutputProject/IL2CPP/build/deploy_x86_64/Bee.Core.pdb
[2402/3487  0s] CopyFiles /Users/tuantu/Desktop/dev/AI/mobile/game_df/ios-build/Il2CppOutputProject/IL2CPP/build/deploy_x86_64/Bee.BinLog.dll
[2403/3487  0s] CopyFiles /Users/tuantu/Desktop/dev/AI/mobile/game_df/ios-build/Il2CppOutputProject/IL2CPP/build/deploy_x86_64/Analytics.runtimeconfig.json
[2404/3487  0s] CopyFiles /Users/tuantu/Desktop/dev/AI/mobile/game_df/ios-build/Il2CppOutputProject/IL2CPP/build/deploy_x86_64/Bee.Stevedore.Program.dll
[2405/3487  0s] CopyFiles /Users/tuantu/Desktop/dev/AI/mobile/game_df/ios-build/Il2CppOutputProject/IL2CPP/build/deploy_x86_64/Bee.BeeDriver2.pdb
[2406/3487  0s] CopyFiles /Users/tuantu/Desktop/dev/AI/mobile/game_df/ios-build/Il2CppOutputProject/IL2CPP/build/deploy_x86_64/Analytics.Api.Output.xml
[2407/3487  0s] CopyFiles /Users/tuantu/Desktop/dev/AI/mobile/game_df/ios-build/Il2CppOutputProject/IL2CPP/build/deploy_x86_64/Analytics.Api.Output.pdb
[2408/3487  0s] CopyFiles /Users/tuantu/Desktop/dev/AI/mobile/game_df/ios-build/Il2CppOutputProject/IL2CPP/build/deploy_x86_64/Bee.NativeProgramSupport.dll
[2409/3487  0s] CopyFiles /Users/tuantu/Desktop/dev/AI/mobile/game_df/ios-build/Il2CppOutputProject/IL2CPP/build/deploy_x86_64/Analytics
[2410/3487  0s] CopyFiles /Users/tuantu/Desktop/dev/AI/mobile/game_df/ios-build/Il2CppOutputProject/IL2CPP/build/deploy_x86_64/Analytics.pdb
[2411/3487  0s] CopyFiles /Users/tuantu/Desktop/dev/AI/mobile/game_df/ios-build/Il2CppOutputProject/IL2CPP/build/deploy_x86_64/Analytics.deps.json
[2412/3487  0s] CopyFiles /Users/tuantu/Desktop/dev/AI/mobile/game_df/ios-build/Il2CppOutputProject/IL2CPP/build/deploy_x86_64/Analytics.Api.Output.dll
[2413/3487  0s] CopyFiles /Users/tuantu/Desktop/dev/AI/mobile/game_df/ios-build/Il2CppOutputProject/IL2CPP/build/deploy_x86_64/Bee.Core.dll
[2414/3487  0s] CopyFiles /Users/tuantu/Desktop/dev/AI/mobile/game_df/ios-build/Il2CppOutputProject/IL2CPP/build/deploy_arm64/UnityLinkerOld
[2415/3487  0s] CopyFiles /Users/tuantu/Desktop/dev/AI/mobile/game_df/ios-build/Il2CppOutputProject/IL2CPP/build/deploy_x86_64/Analytics.dll
[2416/3487  0s] CopyFiles /Users/tuantu/Desktop/dev/AI/mobile/game_df/ios-build/Il2CppOutputProject/IL2CPP/build/deploy_arm64/UnityLinkerOld.runtimeconfig.json
[2417/3487  0s] CopyFiles /Users/tuantu/Desktop/dev/AI/mobile/game_df/ios-build/Il2CppOutputProject/IL2CPP/build/deploy_arm64/WindowsBase.dll
[2418/3487  0s] CopyFiles /Users/tuantu/Desktop/dev/AI/mobile/game_df/ios-build/Il2CppOutputProject/IL2CPP/build/deploy_arm64/UnityLinker.runtimeconfig.json
[2419/3487  0s] CopyFiles /Users/tuantu/Desktop/dev/AI/mobile/game_df/ios-build/Il2CppOutputProject/IL2CPP/build/deploy_arm64/UnityLinker
[2420/3487  0s] CopyFiles /Users/tuantu/Desktop/dev/AI/mobile/game_df/ios-build/Il2CppOutputProject/IL2CPP/build/deploy_x86_64/Bee.BeeDriver2.dll
[2421/3487  0s] CopyFiles /Users/tuantu/Desktop/dev/AI/mobile/game_df/ios-build/Il2CppOutputProject/IL2CPP/build/deploy_arm64/Unity.TinyProfiler.dll
[2422/3487  0s] CopyFiles /Users/tuantu/Desktop/dev/AI/mobile/game_df/ios-build/Il2CppOutputProject/IL2CPP/build/deploy_arm64/Unity.TinyProfiler.pdb
[2423/3487  0s] CopyFiles /Users/tuantu/Desktop/dev/AI/mobile/game_df/ios-build/Il2CppOutputProject/IL2CPP/build/deploy_arm64/Unity.Options.pdb
[2424/3487  0s] CopyFiles /Users/tuantu/Desktop/dev/AI/mobile/game_df/ios-build/Il2CppOutputProject/IL2CPP/build/deploy_arm64/UnityLinkerOld.deps.json
[2425/3487  0s] CopyFiles /Users/tuantu/Desktop/dev/AI/mobile/game_df/ios-build/Il2CppOutputProject/IL2CPP/build/deploy_arm64/Unity.Linker.Api.pdb
[2426/3487  0s] CopyFiles /Users/tuantu/Desktop/dev/AI/mobile/game_df/ios-build/Il2CppOutputProject/IL2CPP/build/deploy_arm64/UnityLinker.deps.json
[2427/3487  0s] CopyFiles /Users/tuantu/Desktop/dev/AI/mobile/game_df/ios-build/Il2CppOutputProject/IL2CPP/build/deploy_arm64/Unity.Linker.Api.Output.xml
[2428/3487  0s] CopyFiles /Users/tuantu/Desktop/dev/AI/mobile/game_df/ios-build/Il2CppOutputProject/IL2CPP/build/deploy_arm64/Unity.Linker.Api.Output.pdb
[2429/3487  0s] CopyFiles /Users/tuantu/Desktop/dev/AI/mobile/game_df/ios-build/Il2CppOutputProject/IL2CPP/build/deploy_arm64/UnityLinkerOld.pdb
[2430/3487  0s] CopyFiles /Users/tuantu/Desktop/dev/AI/mobile/game_df/ios-build/Il2CppOutputProject/IL2CPP/build/deploy_arm64/Unity.Options.dll
[2431/3487  0s] CopyFiles /Users/tuantu/Desktop/dev/AI/mobile/game_df/ios-build/Il2CppOutputProject/IL2CPP/build/deploy_arm64/Unity.Linker.Api.Output.dll
[2432/3487  0s] CopyFiles /Users/tuantu/Desktop/dev/AI/mobile/game_df/ios-build/Il2CppOutputProject/IL2CPP/build/deploy_arm64/UnityLinker.dll
[2433/3487  0s] CopyFiles /Users/tuantu/Desktop/dev/AI/mobile/game_df/ios-build/Il2CppOutputProject/IL2CPP/build/deploy_arm64/Unity.IL2CPP.Shell.dll
[2434/3487  0s] CopyFiles /Users/tuantu/Desktop/dev/AI/mobile/game_df/ios-build/Il2CppOutputProject/IL2CPP/build/deploy_arm64/Unity.IL2CPP.Shell.pdb
[2435/3487  0s] CopyFiles /Users/tuantu/Desktop/dev/AI/mobile/game_df/ios-build/Il2CppOutputProject/IL2CPP/build/deploy_arm64/Unity.Linker.Api.dll
[2436/3487  0s] CopyFiles /Users/tuantu/Desktop/dev/AI/mobile/game_df/ios-build/Il2CppOutputProject/IL2CPP/build/deploy_arm64/UnityLinker.pdb
[2437/3487  0s] CopyFiles /Users/tuantu/Desktop/dev/AI/mobile/game_df/ios-build/Il2CppOutputProject/IL2CPP/build/deploy_arm64/UnityLinkerOld.dll
[2438/3487  0s] CopyFiles /Users/tuantu/Desktop/dev/AI/mobile/game_df/ios-build/Il2CppOutputProject/IL2CPP/build/deploy_arm64/Unity.IL2CPP.InternalizedMapping.pdb
[2439/3487  0s] CopyFiles /Users/tuantu/Desktop/dev/AI/mobile/game_df/ios-build/Il2CppOutputProject/IL2CPP/build/deploy_arm64/Unity.IL2CPP.InternalizedMapping.dll
[2440/3487  0s] CopyFiles /Users/tuantu/Desktop/dev/AI/mobile/game_df/ios-build/Il2CppOutputProject/IL2CPP/build/deploy_arm64/Unity.IL2CPP.CompilerServices.pdb
[2441/3487  0s] CopyFiles /Users/tuantu/Desktop/dev/AI/mobile/game_df/ios-build/Il2CppOutputProject/IL2CPP/build/deploy_arm64/Unity.IL2CPP.CompilerServices.dll
[2442/3487  0s] CopyFiles /Users/tuantu/Desktop/dev/AI/mobile/game_df/ios-build/Il2CppOutputProject/IL2CPP/build/deploy_arm64/Unity.IL2CPP.Compile.pdb
[2443/3487  0s] CopyFiles /Users/tuantu/Desktop/dev/AI/mobile/game_df/ios-build/Il2CppOutputProject/IL2CPP/build/deploy_arm64/Unity.IL2CPP.Compile.dll
[2444/3487  0s] CopyFiles /Users/tuantu/Desktop/dev/AI/mobile/game_df/ios-build/Il2CppOutputProject/IL2CPP/build/deploy_arm64/Unity.IL2CPP.Common.pdb
[2445/3487  0s] CopyFiles /Users/tuantu/Desktop/dev/AI/mobile/game_df/ios-build/Il2CppOutputProject/IL2CPP/build/deploy_arm64/Unity.IL2CPP.Common35.pdb
[2446/3487  0s] CopyFiles /Users/tuantu/Desktop/dev/AI/mobile/game_df/ios-build/Il2CppOutputProject/IL2CPP/build/deploy_arm64/Unity.IL2CPP.Common35.dll
[2447/3487  0s] CopyFiles /Users/tuantu/Desktop/dev/AI/mobile/game_df/ios-build/Il2CppOutputProject/IL2CPP/build/deploy_arm64/Unity.IL2CPP.DataModel.pdb
[2448/3487  0s] CopyFiles /Users/tuantu/Desktop/dev/AI/mobile/game_df/ios-build/Il2CppOutputProject/IL2CPP/build/deploy_arm64/Unity.IL2CPP.Bee.IL2CPPExeCompileCppBuildProgram.dll
[2449/3487  0s] CopyFiles /Users/tuantu/Desktop/dev/AI/mobile/game_df/ios-build/Il2CppOutputProject/IL2CPP/build/deploy_arm64/Unity.IL2CPP.pdb
[2450/3487  0s] CopyFiles /Users/tuantu/Desktop/dev/AI/mobile/game_df/ios-build/Il2CppOutputProject/IL2CPP/build/deploy_arm64/Unity.IL2CPP.DataModel.dll
[2451/3487  0s] CopyFiles /Users/tuantu/Desktop/dev/AI/mobile/game_df/ios-build/Il2CppOutputProject/IL2CPP/build/deploy_arm64/Unity.IL2CPP.Bee.IL2CPPExeCompileCppBuildProgram.pdb
[2452/3487  0s] CopyFiles /Users/tuantu/Desktop/dev/AI/mobile/game_df/ios-build/Il2CppOutputProject/IL2CPP/build/deploy_arm64/Unity.IL2CPP.Common.dll
[2453/3487  0s] CopyFiles /Users/tuantu/Desktop/dev/AI/mobile/game_df/ios-build/Il2CppOutputProject/IL2CPP/build/deploy_arm64/Unity.IL2CPP.Bee.IL2CPPExeCompileCppBuildProgram.Data.dll
[2454/3487  0s] CopyFiles /Users/tuantu/Desktop/dev/AI/mobile/game_df/ios-build/Il2CppOutputProject/IL2CPP/build/deploy_arm64/Unity.IL2CPP.Bee.IL2CPPExeCompileCppBuildProgram.Data.pdb
[2455/3487  0s] CopyFiles /Users/tuantu/Desktop/dev/AI/mobile/game_df/ios-build/Il2CppOutputProject/IL2CPP/build/deploy_arm64/Unity.IL2CPP.Bee.BuildLogic.WindowsDesktop.pdb
[2456/3487  0s] CopyFiles /Users/tuantu/Desktop/dev/AI/mobile/game_df/ios-build/Il2CppOutputProject/IL2CPP/build/deploy_arm64/Unity.IL2CPP.dll
[2457/3487  0s] CopyFiles /Users/tuantu/Desktop/dev/AI/mobile/game_df/ios-build/Il2CppOutputProject/IL2CPP/build/deploy_arm64/Unity.IL2CPP.Bee.BuildLogic.WebGL.pdb
[2458/3487  0s] CopyFiles /Users/tuantu/Desktop/dev/AI/mobile/game_df/ios-build/Il2CppOutputProject/IL2CPP/build/deploy_arm64/Unity.IL2CPP.Bee.BuildLogic.VisionOS.pdb
[2459/3487  0s] CopyFiles /Users/tuantu/Desktop/dev/AI/mobile/game_df/ios-build/Il2CppOutputProject/IL2CPP/build/deploy_arm64/Unity.IL2CPP.Bee.BuildLogic.WindowsDesktop.dll
[2460/3487  0s] CopyFiles /Users/tuantu/Desktop/dev/AI/mobile/game_df/ios-build/Il2CppOutputProject/IL2CPP/build/deploy_arm64/Unity.IL2CPP.Bee.BuildLogic.UniversalWindows.pdb
[2461/3487  0s] CopyFiles /Users/tuantu/Desktop/dev/AI/mobile/game_df/ios-build/Il2CppOutputProject/IL2CPP/build/deploy_arm64/Unity.IL2CPP.Bee.BuildLogic.VisionOS.dll
[2462/3487  0s] CopyFiles /Users/tuantu/Desktop/dev/AI/mobile/game_df/ios-build/Il2CppOutputProject/IL2CPP/build/deploy_arm64/Unity.IL2CPP.Bee.BuildLogic.MacOSX.pdb
[2463/3487  0s] CopyFiles /Users/tuantu/Desktop/dev/AI/mobile/game_df/ios-build/Il2CppOutputProject/IL2CPP/build/deploy_arm64/Unity.IL2CPP.Bee.BuildLogic.Linux.pdb
[2464/3487  0s] CopyFiles /Users/tuantu/Desktop/dev/AI/mobile/game_df/ios-build/Il2CppOutputProject/IL2CPP/build/deploy_arm64/Unity.IL2CPP.Bee.BuildLogic.WebGL.dll
[2465/3487  0s] CopyFiles /Users/tuantu/Desktop/dev/AI/mobile/game_df/ios-build/Il2CppOutputProject/IL2CPP/build/deploy_arm64/Unity.IL2CPP.Bee.BuildLogic.UniversalWindows.dll
[2466/3487  0s] CopyFiles /Users/tuantu/Desktop/dev/AI/mobile/game_df/ios-build/Il2CppOutputProject/IL2CPP/build/deploy_arm64/Unity.IL2CPP.Bee.BuildLogic.Linux.dll
[2467/3487  0s] CopyFiles /Users/tuantu/Desktop/dev/AI/mobile/game_df/ios-build/Il2CppOutputProject/IL2CPP/build/deploy_arm64/Unity.IL2CPP.Bee.BuildLogic.pdb
[2468/3487  0s] CopyFiles /Users/tuantu/Desktop/dev/AI/mobile/game_df/ios-build/Il2CppOutputProject/IL2CPP/build/deploy_arm64/Unity.IL2CPP.Bee.BuildLogic.MacOSX.dll
[2469/3487  0s] CopyFiles /Users/tuantu/Desktop/dev/AI/mobile/game_df/ios-build/Il2CppOutputProject/IL2CPP/build/deploy_arm64/Unity.IL2CPP.Bee.BuildLogic.iOS.pdb
[2470/3487  0s] CopyFiles /Users/tuantu/Desktop/dev/AI/mobile/game_df/ios-build/Il2CppOutputProject/IL2CPP/build/deploy_arm64/Unity.IL2CPP.Bee.BuildLogic.EmbeddedLinux.dll
[2471/3487  0s] CopyFiles /Users/tuantu/Desktop/dev/AI/mobile/game_df/ios-build/Il2CppOutputProject/IL2CPP/build/deploy_arm64/Unity.IL2CPP.Bee.BuildLogic.EmbeddedLinux.pdb
[2472/3487  0s] CopyFiles /Users/tuantu/Desktop/dev/AI/mobile/game_df/ios-build/Il2CppOutputProject/IL2CPP/build/deploy_arm64/Unity.IL2CPP.Bee.BuildLogic.AppleTV.dll
[2473/3487  0s] CopyFiles /Users/tuantu/Desktop/dev/AI/mobile/game_df/ios-build/Il2CppOutputProject/IL2CPP/build/deploy_arm64/Unity.IL2CPP.Bee.BuildLogic.AppleTV.pdb
[2474/3487  0s] CopyFiles /Users/tuantu/Desktop/dev/AI/mobile/game_df/ios-build/Il2CppOutputProject/IL2CPP/build/deploy_arm64/Unity.IL2CPP.Bee.BuildLogic.Android.pdb
[2475/3487  0s] CopyFiles /Users/tuantu/Desktop/dev/AI/mobile/game_df/ios-build/Il2CppOutputProject/IL2CPP/build/deploy_arm64/Unity.IL2CPP.Bee.BuildLogic.iOS.dll
[2476/3487  0s] CopyFiles /Users/tuantu/Desktop/dev/AI/mobile/game_df/ios-build/Il2CppOutputProject/IL2CPP/build/deploy_arm64/Unity.IL2CPP.Api.pdb
[2477/3487  0s] CopyFiles /Users/tuantu/Desktop/dev/AI/mobile/game_df/ios-build/Il2CppOutputProject/IL2CPP/build/deploy_arm64/Unity.IL2CPP.Api.Output.pdb
[2478/3487  0s] CopyFiles /Users/tuantu/Desktop/dev/AI/mobile/game_df/ios-build/Il2CppOutputProject/IL2CPP/build/deploy_arm64/Unity.IL2CPP.Api.Output.dll
[2479/3487  0s] CopyFiles /Users/tuantu/Desktop/dev/AI/mobile/game_df/ios-build/Il2CppOutputProject/IL2CPP/build/deploy_arm64/Unity.IL2CPP.Bee.BuildLogic.dll
[2480/3487  0s] CopyFiles /Users/tuantu/Desktop/dev/AI/mobile/game_df/ios-build/Il2CppOutputProject/IL2CPP/build/deploy_arm64/Unity.IL2CPP.Api.Output.xml
[2481/3487  0s] CopyFiles /Users/tuantu/Desktop/dev/AI/mobile/game_df/ios-build/Il2CppOutputProject/IL2CPP/build/deploy_arm64/Unity.IL2CPP.Bee.BuildLogic.Android.dll
[2482/3487  0s] CopyFiles /Users/tuantu/Desktop/dev/AI/mobile/game_df/ios-build/Il2CppOutputProject/IL2CPP/build/deploy_arm64/Unity.Cecil.Visitor.pdb
[2483/3487  0s] CopyFiles /Users/tuantu/Desktop/dev/AI/mobile/game_df/ios-build/Il2CppOutputProject/IL2CPP/build/deploy_arm64/Unity.Cecil.Visitor.dll
[2484/3487  0s] CopyFiles /Users/tuantu/Desktop/dev/AI/mobile/game_df/ios-build/Il2CppOutputProject/IL2CPP/build/deploy_arm64/Unity.IL2CPP.Api.dll
[2485/3487  0s] CopyFiles /Users/tuantu/Desktop/dev/AI/mobile/game_df/ios-build/Il2CppOutputProject/IL2CPP/build/deploy_arm64/Unity.Api.Attributes.dll
[2486/3487  0s] CopyFiles /Users/tuantu/Desktop/dev/AI/mobile/game_df/ios-build/Il2CppOutputProject/IL2CPP/build/deploy_arm64/Unity.Api.Attributes.pdb
[2487/3487  0s] CopyFiles /Users/tuantu/Desktop/dev/AI/mobile/game_df/ios-build/Il2CppOutputProject/IL2CPP/build/deploy_arm64/Unity.Cecil.Awesome.pdb
[2488/3487  0s] CopyFiles /Users/tuantu/Desktop/dev/AI/mobile/game_df/ios-build/Il2CppOutputProject/IL2CPP/build/deploy_arm64/System.Xml.XmlDocument.dll
[2489/3487  0s] CopyFiles /Users/tuantu/Desktop/dev/AI/mobile/game_df/ios-build/Il2CppOutputProject/IL2CPP/build/deploy_arm64/System.Xml.XPath.XDocument.dll
[2490/3487  0s] CopyFiles /Users/tuantu/Desktop/dev/AI/mobile/game_df/ios-build/Il2CppOutputProject/IL2CPP/build/deploy_arm64/System.Xml.XPath.dll
[2491/3487  0s] CopyFiles /Users/tuantu/Desktop/dev/AI/mobile/game_df/ios-build/Il2CppOutputProject/IL2CPP/build/deploy_arm64/System.Xml.XmlSerializer.dll
[2492/3487  0s] CopyFiles /Users/tuantu/Desktop/dev/AI/mobile/game_df/ios-build/Il2CppOutputProject/IL2CPP/build/deploy_arm64/System.Xml.XDocument.dll
[2493/3487  0s] CopyFiles /Users/tuantu/Desktop/dev/AI/mobile/game_df/ios-build/Il2CppOutputProject/IL2CPP/build/deploy_arm64/System.Xml.Linq.dll
[2494/3487  0s] CopyFiles /Users/tuantu/Desktop/dev/AI/mobile/game_df/ios-build/Il2CppOutputProject/IL2CPP/build/deploy_arm64/System.Xml.dll
[2495/3487  0s] CopyFiles /Users/tuantu/Desktop/dev/AI/mobile/game_df/ios-build/Il2CppOutputProject/IL2CPP/build/deploy_arm64/System.Windows.dll
[2496/3487  0s] CopyFiles /Users/tuantu/Desktop/dev/AI/mobile/game_df/ios-build/Il2CppOutputProject/IL2CPP/build/deploy_arm64/System.ValueTuple.dll
[2497/3487  0s] CopyFiles /Users/tuantu/Desktop/dev/AI/mobile/game_df/ios-build/Il2CppOutputProject/IL2CPP/build/deploy_arm64/Unity.Cecil.Awesome.dll
[2498/3487  0s] CopyFiles /Users/tuantu/Desktop/dev/AI/mobile/game_df/ios-build/Il2CppOutputProject/IL2CPP/build/deploy_arm64/System.Xml.ReaderWriter.dll
[2499/3487  0s] CopyFiles /Users/tuantu/Desktop/dev/AI/mobile/game_df/ios-build/Il2CppOutputProject/IL2CPP/build/deploy_arm64/System.Xml.Serialization.dll
[2500/3487  0s] CopyFiles /Users/tuantu/Desktop/dev/AI/mobile/game_df/ios-build/Il2CppOutputProject/IL2CPP/build/deploy_arm64/System.Web.dll
[2501/3487  0s] CopyFiles /Users/tuantu/Desktop/dev/AI/mobile/game_df/ios-build/Il2CppOutputProject/IL2CPP/build/deploy_arm64/System.Threading.ThreadPool.dll
[2502/3487  0s] CopyFiles /Users/tuantu/Desktop/dev/AI/mobile/game_df/ios-build/Il2CppOutputProject/IL2CPP/build/deploy_arm64/System.Threading.Timer.dll
[2503/3487  0s] CopyFiles /Users/tuantu/Desktop/dev/AI/mobile/game_df/ios-build/Il2CppOutputProject/IL2CPP/build/deploy_arm64/System.Transactions.dll
[2504/3487  0s] CopyFiles /Users/tuantu/Desktop/dev/AI/mobile/game_df/ios-build/Il2CppOutputProject/IL2CPP/build/deploy_arm64/System.Threading.Thread.dll
[2505/3487  0s] CopyFiles /Users/tuantu/Desktop/dev/AI/mobile/game_df/ios-build/Il2CppOutputProject/IL2CPP/build/deploy_arm64/System.Threading.Tasks.Extensions.dll
[2506/3487  0s] CopyFiles /Users/tuantu/Desktop/dev/AI/mobile/game_df/ios-build/Il2CppOutputProject/IL2CPP/build/deploy_arm64/System.Web.HttpUtility.dll
[2507/3487  0s] CopyFiles /Users/tuantu/Desktop/dev/AI/mobile/game_df/ios-build/Il2CppOutputProject/IL2CPP/build/deploy_arm64/System.Threading.Overlapped.dll
[2508/3487  0s] CopyFiles /Users/tuantu/Desktop/dev/AI/mobile/game_df/ios-build/Il2CppOutputProject/IL2CPP/build/deploy_arm64/System.Threading.Tasks.dll
[2509/3487  0s] CopyFiles /Users/tuantu/Desktop/dev/AI/mobile/game_df/ios-build/Il2CppOutputProject/IL2CPP/build/deploy_arm64/System.Threading.Tasks.Parallel.dll
[2510/3487  0s] CopyFiles /Users/tuantu/Desktop/dev/AI/mobile/game_df/ios-build/Il2CppOutputProject/IL2CPP/build/deploy_arm64/System.Threading.Channels.dll
[2511/3487  0s] CopyFiles /Users/tuantu/Desktop/dev/AI/mobile/game_df/ios-build/Il2CppOutputProject/IL2CPP/build/deploy_arm64/System.Transactions.Local.dll
[2512/3487  0s] CopyFiles /Users/tuantu/Desktop/dev/AI/mobile/game_df/ios-build/Il2CppOutputProject/IL2CPP/build/deploy_arm64/System.Text.Encoding.dll
[2513/3487  0s] CopyFiles /Users/tuantu/Desktop/dev/AI/mobile/game_df/ios-build/Il2CppOutputProject/IL2CPP/build/deploy_arm64/System.Threading.dll
[2514/3487  0s] CopyFiles /Users/tuantu/Desktop/dev/AI/mobile/game_df/ios-build/Il2CppOutputProject/IL2CPP/build/deploy_arm64/System.Text.Encoding.Extensions.dll
[2515/3487  0s] CopyFiles /Users/tuantu/Desktop/dev/AI/mobile/game_df/ios-build/Il2CppOutputProject/IL2CPP/build/deploy_arm64/System.ServiceProcess.dll
[2516/3487  0s] CopyFiles /Users/tuantu/Desktop/dev/AI/mobile/game_df/ios-build/Il2CppOutputProject/IL2CPP/build/deploy_arm64/System.Text.Encodings.Web.dll
[2517/3487  0s] CopyFiles /Users/tuantu/Desktop/dev/AI/mobile/game_df/ios-build/Il2CppOutputProject/IL2CPP/build/deploy_arm64/System.Security.SecureString.dll
[2518/3487  0s] CopyFiles /Users/tuantu/Desktop/dev/AI/mobile/game_df/ios-build/Il2CppOutputProject/IL2CPP/build/deploy_arm64/System.Threading.Tasks.Dataflow.dll
[2519/3487  0s] CopyFiles /Users/tuantu/Desktop/dev/AI/mobile/game_df/ios-build/Il2CppOutputProject/IL2CPP/build/deploy_arm64/System.ServiceModel.Web.dll
[2520/3487  0s] CopyFiles /Users/tuantu/Desktop/dev/AI/mobile/game_df/ios-build/Il2CppOutputProject/IL2CPP/build/deploy_arm64/System.Security.Principal.dll
[2521/3487  0s] CopyFiles /Users/tuantu/Desktop/dev/AI/mobile/game_df/ios-build/Il2CppOutputProject/IL2CPP/build/deploy_arm64/System.Security.Principal.Windows.dll
[2522/3487  0s] CopyFiles /Users/tuantu/Desktop/dev/AI/mobile/game_df/ios-build/Il2CppOutputProject/IL2CPP/build/deploy_arm64/System.Security.Cryptography.OpenSsl.dll
[2523/3487  0s] CopyFiles /Users/tuantu/Desktop/dev/AI/mobile/game_df/ios-build/Il2CppOutputProject/IL2CPP/build/deploy_arm64/System.Security.Cryptography.Primitives.dll
[2524/3487  0s] CopyFiles /Users/tuantu/Desktop/dev/AI/mobile/game_df/ios-build/Il2CppOutputProject/IL2CPP/build/deploy_arm64/System.Security.dll
[2525/3487  0s] CopyFiles /Users/tuantu/Desktop/dev/AI/mobile/game_df/ios-build/Il2CppOutputProject/IL2CPP/build/deploy_arm64/System.Security.Cryptography.X509Certificates.dll
[2526/3487  0s] CopyFiles /Users/tuantu/Desktop/dev/AI/mobile/game_df/ios-build/Il2CppOutputProject/IL2CPP/build/deploy_arm64/System.Security.Cryptography.Encoding.dll
[2527/3487  0s] CopyFiles /Users/tuantu/Desktop/dev/AI/mobile/game_df/ios-build/Il2CppOutputProject/IL2CPP/build/deploy_arm64/System.Security.Cryptography.Csp.dll
[2528/3487  0s] CopyFiles /Users/tuantu/Desktop/dev/AI/mobile/game_df/ios-build/Il2CppOutputProject/IL2CPP/build/deploy_arm64/System.Text.RegularExpressions.dll
[2529/3487  0s] CopyFiles /Users/tuantu/Desktop/dev/AI/mobile/game_df/ios-build/Il2CppOutputProject/IL2CPP/build/deploy_arm64/System.Text.Json.dll
[2530/3487  0s] CopyFiles /Users/tuantu/Desktop/dev/AI/mobile/game_df/ios-build/Il2CppOutputProject/IL2CPP/build/deploy_arm64/System.Security.Cryptography.Cng.dll
[2531/3487  0s] CopyFiles /Users/tuantu/Desktop/dev/AI/mobile/game_df/ios-build/Il2CppOutputProject/IL2CPP/build/deploy_arm64/System.Security.Cryptography.Algorithms.dll
[2532/3487  0s] CopyFiles /Users/tuantu/Desktop/dev/AI/mobile/game_df/ios-build/Il2CppOutputProject/IL2CPP/build/deploy_arm64/System.Text.Encoding.CodePages.dll
[2533/3487  0s] CopyFiles /Users/tuantu/Desktop/dev/AI/mobile/game_df/ios-build/Il2CppOutputProject/IL2CPP/build/deploy_arm64/System.Runtime.Serialization.Json.dll
[2534/3487  0s] CopyFiles /Users/tuantu/Desktop/dev/AI/mobile/game_df/ios-build/Il2CppOutputProject/IL2CPP/build/deploy_arm64/System.Security.Claims.dll
[2535/3487  0s] CopyFiles /Users/tuantu/Desktop/dev/AI/mobile/game_df/ios-build/Il2CppOutputProject/IL2CPP/build/deploy_arm64/System.Runtime.Serialization.Xml.dll
[2536/3487  0s] CopyFiles /Users/tuantu/Desktop/dev/AI/mobile/game_df/ios-build/Il2CppOutputProject/IL2CPP/build/deploy_arm64/System.Runtime.Serialization.Primitives.dll
[2537/3487  0s] CopyFiles /Users/tuantu/Desktop/dev/AI/mobile/game_df/ios-build/Il2CppOutputProject/IL2CPP/build/deploy_arm64/System.Runtime.Loader.dll
[2538/3487  0s] CopyFiles /Users/tuantu/Desktop/dev/AI/mobile/game_df/ios-build/Il2CppOutputProject/IL2CPP/build/deploy_arm64/System.Security.AccessControl.dll
[2539/3487  0s] CopyFiles /Users/tuantu/Desktop/dev/AI/mobile/game_df/ios-build/Il2CppOutputProject/IL2CPP/build/deploy_arm64/System.Runtime.Serialization.dll
[2540/3487  0s] CopyFiles /Users/tuantu/Desktop/dev/AI/mobile/game_df/ios-build/Il2CppOutputProject/IL2CPP/build/deploy_arm64/System.Runtime.InteropServices.RuntimeInformation.dll
[2541/3487  0s] CopyFiles /Users/tuantu/Desktop/dev/AI/mobile/game_df/ios-build/Il2CppOutputProject/IL2CPP/build/deploy_arm64/System.Runtime.Intrinsics.dll
[2542/3487  0s] CopyFiles /Users/tuantu/Desktop/dev/AI/mobile/game_df/ios-build/Il2CppOutputProject/IL2CPP/build/deploy_arm64/System.Runtime.Handles.dll
[2543/3487  0s] CopyFiles /Users/tuantu/Desktop/dev/AI/mobile/game_df/ios-build/Il2CppOutputProject/IL2CPP/build/deploy_arm64/System.Runtime.Serialization.Formatters.dll
[2544/3487  0s] CopyFiles /Users/tuantu/Desktop/dev/AI/mobile/game_df/ios-build/Il2CppOutputProject/IL2CPP/build/deploy_arm64/System.Runtime.Extensions.dll
[2545/3487  0s] CopyFiles /Users/tuantu/Desktop/dev/AI/mobile/game_df/ios-build/Il2CppOutputProject/IL2CPP/build/deploy_arm64/System.Runtime.InteropServices.JavaScript.dll
[2546/3487  0s] CopyFiles /Users/tuantu/Desktop/dev/AI/mobile/game_df/ios-build/Il2CppOutputProject/IL2CPP/build/deploy_arm64/System.Runtime.CompilerServices.VisualC.dll
[2547/3487  0s] CopyFiles /Users/tuantu/Desktop/dev/AI/mobile/game_df/ios-build/Il2CppOutputProject/IL2CPP/build/deploy_arm64/System.Runtime.Numerics.dll
[2548/3487  0s] CopyFiles /Users/tuantu/Desktop/dev/AI/mobile/game_df/ios-build/Il2CppOutputProject/IL2CPP/build/deploy_arm64/System.Runtime.CompilerServices.Unsafe.dll
[2549/3487  0s] CopyFiles /Users/tuantu/Desktop/dev/AI/mobile/game_df/ios-build/Il2CppOutputProject/IL2CPP/build/deploy_arm64/System.Runtime.InteropServices.dll
[2550/3487  0s] CopyFiles /Users/tuantu/Desktop/dev/AI/mobile/game_df/ios-build/Il2CppOutputProject/IL2CPP/build/deploy_arm64/System.Runtime.dll
[2551/3487  0s] CopyFiles /Users/tuantu/Desktop/dev/AI/mobile/game_df/ios-build/Il2CppOutputProject/IL2CPP/build/deploy_arm64/System.Security.Cryptography.dll
[2552/3487  0s] CopyFiles /Users/tuantu/Desktop/dev/AI/mobile/game_df/ios-build/Il2CppOutputProject/IL2CPP/build/deploy_arm64/System.Resources.ResourceManager.dll
[2553/3487  0s] CopyFiles /Users/tuantu/Desktop/dev/AI/mobile/game_df/ios-build/Il2CppOutputProject/IL2CPP/build/deploy_arm64/System.Reflection.Primitives.dll
[2554/3487  0s] CopyFiles /Users/tuantu/Desktop/dev/AI/mobile/game_df/ios-build/Il2CppOutputProject/IL2CPP/build/deploy_arm64/System.Resources.Reader.dll
[2555/3487  0s] CopyFiles /Users/tuantu/Desktop/dev/AI/mobile/game_df/ios-build/Il2CppOutputProject/IL2CPP/build/deploy_arm64/System.Reflection.Emit.Lightweight.dll
[2556/3487  0s] CopyFiles /Users/tuantu/Desktop/dev/AI/mobile/game_df/ios-build/Il2CppOutputProject/IL2CPP/build/deploy_arm64/System.Reflection.Extensions.dll
[2557/3487  0s] CopyFiles /Users/tuantu/Desktop/dev/AI/mobile/game_df/ios-build/Il2CppOutputProject/IL2CPP/build/deploy_arm64/System.Resources.Writer.dll
[2558/3487  0s] CopyFiles /Users/tuantu/Desktop/dev/AI/mobile/game_df/ios-build/Il2CppOutputProject/IL2CPP/build/deploy_arm64/System.Reflection.Emit.ILGeneration.dll
[2559/3487  0s] CopyFiles /Users/tuantu/Desktop/dev/AI/mobile/game_df/ios-build/Il2CppOutputProject/IL2CPP/build/deploy_arm64/System.Reflection.dll
[2560/3487  0s] CopyFiles /Users/tuantu/Desktop/dev/AI/mobile/game_df/ios-build/Il2CppOutputProject/IL2CPP/build/deploy_arm64/System.Reflection.TypeExtensions.dll
[2561/3487  0s] CopyFiles /Users/tuantu/Desktop/dev/AI/mobile/game_df/ios-build/Il2CppOutputProject/IL2CPP/build/deploy_arm64/System.Reflection.DispatchProxy.dll
[2562/3487  0s] CopyFiles /Users/tuantu/Desktop/dev/AI/mobile/game_df/ios-build/Il2CppOutputProject/IL2CPP/build/deploy_arm64/System.Reflection.Emit.dll
[2563/3487  0s] CopyFiles /Users/tuantu/Desktop/dev/AI/mobile/game_df/ios-build/Il2CppOutputProject/IL2CPP/build/deploy_arm64/System.Private.Uri.dll
[2564/3487  0s] CopyFiles /Users/tuantu/Desktop/dev/AI/mobile/game_df/ios-build/Il2CppOutputProject/IL2CPP/build/deploy_arm64/System.ObjectModel.dll
[2565/3487  0s] CopyFiles /Users/tuantu/Desktop/dev/AI/mobile/game_df/ios-build/Il2CppOutputProject/IL2CPP/build/deploy_arm64/System.Private.Xml.Linq.dll
[2566/3487  0s] CopyFiles /Users/tuantu/Desktop/dev/AI/mobile/game_df/ios-build/Il2CppOutputProject/IL2CPP/build/deploy_arm64/System.Numerics.Vectors.dll
[2567/3487  0s] CopyFiles /Users/tuantu/Desktop/dev/AI/mobile/game_df/ios-build/Il2CppOutputProject/IL2CPP/build/deploy_arm64/System.Numerics.dll
[2568/3487  0s] CopyFiles /Users/tuantu/Desktop/dev/AI/mobile/game_df/ios-build/Il2CppOutputProject/IL2CPP/build/deploy_arm64/System.Net.WebProxy.dll
[2569/3487  0s] CopyFiles /Users/tuantu/Desktop/dev/AI/mobile/game_df/ios-build/Il2CppOutputProject/IL2CPP/build/deploy_arm64/System.Reflection.Metadata.dll
[2570/3487  0s] CopyFiles /Users/tuantu/Desktop/dev/AI/mobile/game_df/ios-build/Il2CppOutputProject/IL2CPP/build/deploy_arm64/System.Net.WebSockets.dll
[2571/3487  0s] CopyFiles /Users/tuantu/Desktop/dev/AI/mobile/game_df/ios-build/Il2CppOutputProject/IL2CPP/build/deploy_arm64/System.Net.ServicePoint.dll
[2572/3487  0s] CopyFiles /Users/tuantu/Desktop/dev/AI/mobile/game_df/ios-build/Il2CppOutputProject/IL2CPP/build/deploy_arm64/System.Net.WebHeaderCollection.dll
[2573/3487  0s] CopyFiles /Users/tuantu/Desktop/dev/AI/mobile/game_df/ios-build/Il2CppOutputProject/IL2CPP/build/deploy_arm64/System.Net.WebSockets.Client.dll
[2574/3487  0s] CopyFiles /Users/tuantu/Desktop/dev/AI/mobile/game_df/ios-build/Il2CppOutputProject/IL2CPP/build/deploy_arm64/System.Private.DataContractSerialization.dll
[2575/3487  0s] CopyFiles /Users/tuantu/Desktop/dev/AI/mobile/game_df/ios-build/Il2CppOutputProject/IL2CPP/build/deploy_arm64/System.Net.WebClient.dll
[2576/3487  0s] CopyFiles /Users/tuantu/Desktop/dev/AI/mobile/game_df/ios-build/Il2CppOutputProject/IL2CPP/build/deploy_arm64/System.Private.CoreLib.dll
[2577/3487  0s] CopyFiles /Users/tuantu/Desktop/dev/AI/mobile/game_df/ios-build/Il2CppOutputProject/IL2CPP/build/deploy_arm64/System.Private.Xml.dll
[2578/3487  0s] CopyFiles /Users/tuantu/Desktop/dev/AI/mobile/game_df/ios-build/Il2CppOutputProject/IL2CPP/build/deploy_arm64/System.Net.Sockets.dll
[2579/3487  0s] CopyFiles /Users/tuantu/Desktop/dev/AI/mobile/game_df/ios-build/Il2CppOutputProject/IL2CPP/build/deploy_arm64/System.Net.Requests.dll
[2580/3487  0s] CopyFiles /Users/tuantu/Desktop/dev/AI/mobile/game_df/ios-build/Il2CppOutputProject/IL2CPP/build/deploy_arm64/System.Net.Ping.dll
[2581/3487  0s] CopyFiles /Users/tuantu/Desktop/dev/AI/mobile/game_df/ios-build/Il2CppOutputProject/IL2CPP/build/deploy_arm64/System.Net.Quic.dll
[2582/3487  0s] CopyFiles /Users/tuantu/Desktop/dev/AI/mobile/game_df/ios-build/Il2CppOutputProject/IL2CPP/build/deploy_arm64/System.Net.Primitives.dll
[2583/3487  0s] CopyFiles /Users/tuantu/Desktop/dev/AI/mobile/game_df/ios-build/Il2CppOutputProject/IL2CPP/build/deploy_arm64/System.Net.Security.dll
[2584/3487  0s] CopyFiles /Users/tuantu/Desktop/dev/AI/mobile/game_df/ios-build/Il2CppOutputProject/IL2CPP/build/deploy_arm64/System.Net.dll
[2585/3487  0s] CopyFiles /Users/tuantu/Desktop/dev/AI/mobile/game_df/ios-build/Il2CppOutputProject/IL2CPP/build/deploy_arm64/System.Net.NameResolution.dll
[2586/3487  0s] CopyFiles /Users/tuantu/Desktop/dev/AI/mobile/game_df/ios-build/Il2CppOutputProject/IL2CPP/build/deploy_arm64/System.Net.NetworkInformation.dll
[2587/3487  0s] CopyFiles /Users/tuantu/Desktop/dev/AI/mobile/game_df/ios-build/Il2CppOutputProject/IL2CPP/build/deploy_arm64/System.Linq.Queryable.dll
[2588/3487  0s] CopyFiles /Users/tuantu/Desktop/dev/AI/mobile/game_df/ios-build/Il2CppOutputProject/IL2CPP/build/deploy_arm64/System.Net.Http.Json.dll
[2589/3487  0s] CopyFiles /Users/tuantu/Desktop/dev/AI/mobile/game_df/ios-build/Il2CppOutputProject/IL2CPP/build/deploy_arm64/System.Net.Mail.dll
[2590/3487  0s] CopyFiles /Users/tuantu/Desktop/dev/AI/mobile/game_df/ios-build/Il2CppOutputProject/IL2CPP/build/deploy_arm64/System.Memory.dll
[2591/3487  0s] CopyFiles /Users/tuantu/Desktop/dev/AI/mobile/game_df/ios-build/Il2CppOutputProject/IL2CPP/build/deploy_arm64/System.IO.UnmanagedMemoryStream.dll
[2592/3487  0s] CopyFiles /Users/tuantu/Desktop/dev/AI/mobile/game_df/ios-build/Il2CppOutputProject/IL2CPP/build/deploy_arm64/System.Net.HttpListener.dll
[2593/3487  0s] CopyFiles /Users/tuantu/Desktop/dev/AI/mobile/game_df/ios-build/Il2CppOutputProject/IL2CPP/build/deploy_arm64/System.IO.Pipes.AccessControl.dll
[2594/3487  0s] CopyFiles /Users/tuantu/Desktop/dev/AI/mobile/game_df/ios-build/Il2CppOutputProject/IL2CPP/build/deploy_arm64/System.IO.MemoryMappedFiles.dll
[2595/3487  0s] CopyFiles /Users/tuantu/Desktop/dev/AI/mobile/game_df/ios-build/Il2CppOutputProject/IL2CPP/build/deploy_arm64/System.Net.Http.dll
[2596/3487  0s] CopyFiles /Users/tuantu/Desktop/dev/AI/mobile/game_df/ios-build/Il2CppOutputProject/IL2CPP/build/deploy_arm64/System.IO.Pipes.dll
[2597/3487  0s] CopyFiles /Users/tuantu/Desktop/dev/AI/mobile/game_df/ios-build/Il2CppOutputProject/IL2CPP/build/deploy_arm64/System.Linq.Parallel.dll
[2598/3487  0s] CopyFiles /Users/tuantu/Desktop/dev/AI/mobile/game_df/ios-build/Il2CppOutputProject/IL2CPP/build/deploy_arm64/System.Linq.dll
[2599/3487  0s] CopyFiles /Users/tuantu/Desktop/dev/AI/mobile/game_df/ios-build/Il2CppOutputProject/IL2CPP/build/deploy_arm64/System.IO.Pipelines.dll
[2600/3487  0s] CopyFiles /Users/tuantu/Desktop/dev/AI/mobile/game_df/ios-build/Il2CppOutputProject/IL2CPP/build/deploy_arm64/System.IO.FileSystem.Primitives.dll
[2601/3487  0s] CopyFiles /Users/tuantu/Desktop/dev/AI/mobile/game_df/ios-build/Il2CppOutputProject/IL2CPP/build/deploy_arm64/System.IO.dll
[2602/3487  0s] CopyFiles /Users/tuantu/Desktop/dev/AI/mobile/game_df/ios-build/Il2CppOutputProject/IL2CPP/build/deploy_arm64/System.IO.FileSystem.dll
[2603/3487  0s] CopyFiles /Users/tuantu/Desktop/dev/AI/mobile/game_df/ios-build/Il2CppOutputProject/IL2CPP/build/deploy_arm64/System.IO.IsolatedStorage.dll
[2604/3487  0s] CopyFiles /Users/tuantu/Desktop/dev/AI/mobile/game_df/ios-build/Il2CppOutputProject/IL2CPP/build/deploy_arm64/System.IO.FileSystem.Watcher.dll
[2605/3487  0s] CopyFiles /Users/tuantu/Desktop/dev/AI/mobile/game_df/ios-build/Il2CppOutputProject/IL2CPP/build/deploy_arm64/System.IO.FileSystem.AccessControl.dll
[2606/3487  0s] CopyFiles /Users/tuantu/Desktop/dev/AI/mobile/game_df/ios-build/Il2CppOutputProject/IL2CPP/build/deploy_arm64/System.IO.Compression.FileSystem.dll
[2607/3487  0s] CopyFiles /Users/tuantu/Desktop/dev/AI/mobile/game_df/ios-build/Il2CppOutputProject/IL2CPP/build/deploy_arm64/System.IO.FileSystem.DriveInfo.dll
[2608/3487  0s] CopyFiles /Users/tuantu/Desktop/dev/AI/mobile/game_df/ios-build/Il2CppOutputProject/IL2CPP/build/deploy_arm64/System.Linq.Expressions.dll
[2609/3487  0s] CopyFiles /Users/tuantu/Desktop/dev/AI/mobile/game_df/ios-build/Il2CppOutputProject/IL2CPP/build/deploy_arm64/System.Globalization.Calendars.dll
[2610/3487  0s] CopyFiles /Users/tuantu/Desktop/dev/AI/mobile/game_df/ios-build/Il2CppOutputProject/IL2CPP/build/deploy_arm64/System.Globalization.dll
[2611/3487  0s] CopyFiles /Users/tuantu/Desktop/dev/AI/mobile/game_df/ios-build/Il2CppOutputProject/IL2CPP/build/deploy_arm64/System.IO.Compression.ZipFile.dll
[2612/3487  0s] CopyFiles /Users/tuantu/Desktop/dev/AI/mobile/game_df/ios-build/Il2CppOutputProject/IL2CPP/build/deploy_arm64/System.Globalization.Extensions.dll
[2613/3487  0s] CopyFiles /Users/tuantu/Desktop/dev/AI/mobile/game_df/ios-build/Il2CppOutputProject/IL2CPP/build/deploy_arm64/System.IO.Compression.dll
[2614/3487  0s] AddBootConfigGUID Library/Bee/artifacts/iOS/boot.config
[2615/3487  0s] CopyFiles /Users/tuantu/Desktop/dev/AI/mobile/game_df/ios-build/Il2CppOutputProject/IL2CPP/build/deploy_arm64/System.IO.Compression.Brotli.dll
[2616/3487  0s] CopyFiles /Users/tuantu/Desktop/dev/AI/mobile/game_df/ios-build/Il2CppOutputProject/IL2CPP/build/deploy_arm64/System.Drawing.dll
[2617/3487  0s] CopyFiles /Users/tuantu/Desktop/dev/AI/mobile/game_df/ios-build/Il2CppOutputProject/IL2CPP/build/deploy_arm64/System.Dynamic.Runtime.dll
[2618/3487  0s] CopyFiles /Users/tuantu/Desktop/dev/AI/mobile/game_df/ios-build/Il2CppOutputProject/IL2CPP/build/deploy_arm64/System.Diagnostics.TraceSource.dll
[2619/3487  0s] CopyFiles /Users/tuantu/Desktop/dev/AI/mobile/game_df/ios-build/Il2CppOutputProject/IL2CPP/build/deploy_arm64/System.Formats.Tar.dll
[2620/3487  0s] CopyFiles /Users/tuantu/Desktop/dev/AI/mobile/game_df/ios-build/Data/boot.config
[2621/3487  0s] CopyFiles /Users/tuantu/Desktop/dev/AI/mobile/game_df/ios-build/Il2CppOutputProject/IL2CPP/build/deploy_arm64/System.dll
[2622/3487  0s] CopyFiles /Users/tuantu/Desktop/dev/AI/mobile/game_df/ios-build/Il2CppOutputProject/IL2CPP/build/deploy_arm64/System.Diagnostics.Tools.dll
[2623/3487  0s] CopyFiles /Users/tuantu/Desktop/dev/AI/mobile/game_df/ios-build/Il2CppOutputProject/IL2CPP/build/deploy_arm64/System.Diagnostics.Tracing.dll
[2624/3487  0s] CopyFiles /Users/tuantu/Desktop/dev/AI/mobile/game_df/ios-build/Il2CppOutputProject/IL2CPP/build/deploy_arm64/System.Formats.Asn1.dll
[2625/3487  0s] CopyFiles /Users/tuantu/Desktop/dev/AI/mobile/game_df/ios-build/Il2CppOutputProject/IL2CPP/build/deploy_arm64/System.Drawing.Primitives.dll
[2626/3487  0s] CopyFiles /Users/tuantu/Desktop/dev/AI/mobile/game_df/ios-build/Il2CppOutputProject/IL2CPP/build/deploy_arm64/System.Diagnostics.StackTrace.dll
[2627/3487  0s] CopyFiles /Users/tuantu/Desktop/dev/AI/mobile/game_df/ios-build/Il2CppOutputProject/IL2CPP/build/deploy_arm64/System.Diagnostics.Contracts.dll
[2628/3487  0s] CopyFiles /Users/tuantu/Desktop/dev/AI/mobile/game_df/ios-build/Il2CppOutputProject/IL2CPP/build/deploy_arm64/System.Diagnostics.Debug.dll
[2629/3487  0s] CopyFiles /Users/tuantu/Desktop/dev/AI/mobile/game_df/ios-build/Il2CppOutputProject/IL2CPP/build/deploy_arm64/System.Data.DataSetExtensions.dll
[2630/3487  0s] CopyFiles /Users/tuantu/Desktop/dev/AI/mobile/game_df/ios-build/Il2CppOutputProject/IL2CPP/build/deploy_arm64/System.Diagnostics.TextWriterTraceListener.dll
[2631/3487  0s] CopyFiles /Users/tuantu/Desktop/dev/AI/mobile/game_df/ios-build/Il2CppOutputProject/IL2CPP/build/deploy_arm64/System.Diagnostics.FileVersionInfo.dll
[2632/3487  0s] CopyFiles /Users/tuantu/Desktop/dev/AI/mobile/game_df/ios-build/Il2CppOutputProject/IL2CPP/build/deploy_arm64/System.Core.dll
[2633/3487  0s] CopyFiles /Users/tuantu/Desktop/dev/AI/mobile/game_df/ios-build/Il2CppOutputProject/IL2CPP/build/deploy_arm64/System.Data.dll
[2634/3487  0s] CopyFiles /Users/tuantu/Desktop/dev/AI/mobile/game_df/ios-build/Il2CppOutputProject/IL2CPP/build/deploy_arm64/System.Configuration.dll
[2635/3487  0s] CopyFiles /Users/tuantu/Desktop/dev/AI/mobile/game_df/ios-build/Il2CppOutputProject/IL2CPP/build/deploy_arm64/System.Diagnostics.Process.dll
[2636/3487  0s] CopyFiles /Users/tuantu/Desktop/dev/AI/mobile/game_df/ios-build/Il2CppOutputProject/IL2CPP/build/deploy_arm64/System.ComponentModel.dll
[2637/3487  0s] CopyFiles /Users/tuantu/Desktop/dev/AI/mobile/game_df/ios-build/Il2CppOutputProject/IL2CPP/build/deploy_arm64/System.ComponentModel.DataAnnotations.dll
[2638/3487  0s] CopyFiles /Users/tuantu/Desktop/dev/AI/mobile/game_df/ios-build/Il2CppOutputProject/IL2CPP/build/deploy_arm64/System.ComponentModel.EventBasedAsync.dll
[2639/3487  0s] CopyFiles /Users/tuantu/Desktop/dev/AI/mobile/game_df/ios-build/Il2CppOutputProject/IL2CPP/build/deploy_arm64/System.ComponentModel.Primitives.dll
[2640/3487  0s] CopyFiles /Users/tuantu/Desktop/dev/AI/mobile/game_df/ios-build/Il2CppOutputProject/IL2CPP/build/deploy_arm64/System.Diagnostics.DiagnosticSource.dll
[2641/3487  0s] CopyFiles /Users/tuantu/Desktop/dev/AI/mobile/game_df/ios-build/Il2CppOutputProject/IL2CPP/build/deploy_arm64/System.Console.dll
[2643/3487  0s] CopyFiles /Users/tuantu/Desktop/dev/AI/mobile/game_df/ios-build/Il2CppOutputProject/IL2CPP/build/deploy_arm64/System.Buffers.dll
[2644/3487  0s] CopyFiles /Users/tuantu/Desktop/dev/AI/mobile/game_df/ios-build/Il2CppOutputProject/IL2CPP/build/deploy_arm64/System.Collections.Specialized.dll
[2645/3487  0s] CopyFiles /Users/tuantu/Desktop/dev/AI/mobile/game_df/ios-build/Il2CppOutputProject/IL2CPP/build/deploy_arm64/System.AppContext.dll
[2646/3487  0s] CopyFiles /Users/tuantu/Desktop/dev/AI/mobile/game_df/ios-build/Il2CppOutputProject/IL2CPP/build/deploy_arm64/System.ComponentModel.Annotations.dll
[2647/3487  0s] CopyFiles /Users/tuantu/Desktop/dev/AI/mobile/game_df/ios-build/Il2CppOutputProject/IL2CPP/build/deploy_arm64/System.Collections.NonGeneric.dll
[2649/3487  0s] CopyFiles /Users/tuantu/Desktop/dev/AI/mobile/game_df/ios-build/Il2CppOutputProject/IL2CPP/build/deploy_arm64/System.ComponentModel.TypeConverter.dll
[2657/3487  0s] CopyFiles /Users/tuantu/Desktop/dev/AI/mobile/game_df/ios-build/Il2CppOutputProject/IL2CPP/build/deploy_arm64/System.Data.Common.dll
[2659/3487  0s] CopyFiles /Users/tuantu/Desktop/dev/AI/mobile/game_df/ios-build/Il2CppOutputProject/IL2CPP/build/deploy_arm64/System.Collections.dll
[2662/3487  0s] CopyFiles /Users/tuantu/Desktop/dev/AI/mobile/game_df/ios-build/Il2CppOutputProject/IL2CPP/build/deploy_arm64/System.Collections.Concurrent.dll
[2668/3487  0s] CopyFiles /Users/tuantu/Desktop/dev/AI/mobile/game_df/ios-build/Il2CppOutputProject/IL2CPP/build/deploy_arm64/System.Collections.Immutable.dll
[2712/3487  0s] CopyFiles Temp/EditorBuildOutput/UnityLinkerToEditorData.json
[2714/3487  0s] CopyFiles /Users/tuantu/Desktop/dev/AI/mobile/game_df/ios-build/Il2CppOutputProject/IL2CPP/build/deploy_arm64/NiceIO.pdb
[2715/3487  0s] CopyFiles /Users/tuantu/Desktop/dev/AI/mobile/game_df/ios-build/Il2CppOutputProject/Source/il2cppOutput/UnityClassRegistration.cpp
[2716/3487  0s] CopyFiles /Users/tuantu/Desktop/dev/AI/mobile/game_df/ios-build/Il2CppOutputProject/IL2CPP/build/deploy_arm64/NiceIO.dll
[2718/3487  0s] CopyFiles /Users/tuantu/Desktop/dev/AI/mobile/game_df/ios-build/Il2CppOutputProject/IL2CPP/build/deploy_arm64/mscorlib.dll
[2720/3487  0s] CopyFiles /Users/tuantu/Desktop/dev/AI/mobile/game_df/ios-build/Il2CppOutputProject/IL2CPP/build/deploy_arm64/Mono.Cecil.Rocks.pdb
[2721/3487  0s] CopyFiles /Users/tuantu/Desktop/dev/AI/mobile/game_df/ios-build/Il2CppOutputProject/IL2CPP/build/deploy_arm64/netstandard.dll
[2722/3487  0s] CopyFiles /Users/tuantu/Desktop/dev/AI/mobile/game_df/ios-build/Il2CppOutputProject/IL2CPP/build/deploy_arm64/SharpYaml.dll
[2723/3487  0s] CopyFiles /Users/tuantu/Desktop/dev/AI/mobile/game_df/ios-build/Il2CppOutputProject/IL2CPP/build/deploy_arm64/Mono.Cecil.Rocks.dll
[2724/3487  0s] CopyFiles /Users/tuantu/Desktop/dev/AI/mobile/game_df/ios-build/Il2CppOutputProject/IL2CPP/build/deploy_arm64/Mono.Cecil.Pdb.pdb
[2725/3487  0s] CopyFiles /Users/tuantu/Desktop/dev/AI/mobile/game_df/ios-build/Il2CppOutputProject/IL2CPP/build/deploy_arm64/Mono.Cecil.Mdb.pdb
[2726/3487  0s] CopyFiles /Users/tuantu/Desktop/dev/AI/mobile/game_df/ios-build/Il2CppOutputProject/IL2CPP/build/deploy_arm64/Newtonsoft.Json.dll
[2727/3487  0s] CopyFiles /Users/tuantu/Desktop/dev/AI/mobile/game_df/ios-build/Il2CppOutputProject/IL2CPP/build/deploy_arm64/monolinkerold.pdb
[2728/3487  0s] CopyFiles /Users/tuantu/Desktop/dev/AI/mobile/game_df/ios-build/Il2CppOutputProject/IL2CPP/build/deploy_arm64/monolinkerold.dll
[2730/3487  0s] CopyFiles /Users/tuantu/Desktop/dev/AI/mobile/game_df/ios-build/Il2CppOutputProject/IL2CPP/build/deploy_arm64/Mono.Cecil.Pdb.dll
[2731/3487  0s] CopyFiles /Users/tuantu/Desktop/dev/AI/mobile/game_df/ios-build/Il2CppOutputProject/IL2CPP/build/deploy_arm64/Microsoft.Win32.Primitives.dll
[2732/3487  0s] CopyFiles /Users/tuantu/Desktop/dev/AI/mobile/game_df/ios-build/Il2CppOutputProject/IL2CPP/build/deploy_arm64/Mono.Cecil.Mdb.dll
[2733/3487  0s] CopyFiles /Users/tuantu/Desktop/dev/AI/mobile/game_df/ios-build/Il2CppOutputProject/IL2CPP/build/deploy_arm64/Mono.Cecil.pdb
[2734/3487  0s] CopyFiles /Users/tuantu/Desktop/dev/AI/mobile/game_df/ios-build/Il2CppOutputProject/Source/il2cppOutput/UnityICallRegistration.cpp
[2735/3487  0s] CopyFiles /Users/tuantu/Desktop/dev/AI/mobile/game_df/ios-build/Il2CppOutputProject/IL2CPP/build/deploy_arm64/Microsoft.Bcl.HashCode.dll
[2736/3487  0s] CopyFiles /Users/tuantu/Desktop/dev/AI/mobile/game_df/ios-build/Il2CppOutputProject/IL2CPP/build/deploy_arm64/Microsoft.Win32.Registry.dll
[2737/3487  0s] CopyFiles /Users/tuantu/Desktop/dev/AI/mobile/game_df/ios-build/Il2CppOutputProject/IL2CPP/build/deploy_arm64/Microsoft.VisualBasic.dll
[2738/3487  0s] CopyFiles /Users/tuantu/Desktop/dev/AI/mobile/game_df/ios-build/Il2CppOutputProject/IL2CPP/build/deploy_arm64/libSystem.Security.Cryptography.Native.OpenSsl.dylib
[2739/3487  0s] CopyFiles /Users/tuantu/Desktop/dev/AI/mobile/game_df/ios-build/Il2CppOutputProject/IL2CPP/build/deploy_arm64/libSystem.Net.Security.Native.dylib
[2740/3487  0s] CopyFiles /Users/tuantu/Desktop/dev/AI/mobile/game_df/ios-build/Il2CppOutputProject/IL2CPP/build/deploy_arm64/libSystem.Security.Cryptography.Native.Apple.dylib
[2741/3487  0s] CopyFiles /Users/tuantu/Desktop/dev/AI/mobile/game_df/ios-build/Il2CppOutputProject/IL2CPP/build/deploy_arm64/libSystem.IO.Compression.Native.dylib
[2742/3487  0s] CopyFiles /Users/tuantu/Desktop/dev/AI/mobile/game_df/ios-build/Il2CppOutputProject/IL2CPP/build/deploy_arm64/libSystem.Native.dylib
[2743/3487  0s] CopyFiles /Users/tuantu/Desktop/dev/AI/mobile/game_df/ios-build/Il2CppOutputProject/IL2CPP/build/deploy_arm64/libSystem.Globalization.Native.dylib
[2744/3487  0s] CopyFiles /Users/tuantu/Desktop/dev/AI/mobile/game_df/ios-build/Il2CppOutputProject/IL2CPP/build/deploy_arm64/libmscordbi.dylib
[2745/3487  0s] CopyFiles /Users/tuantu/Desktop/dev/AI/mobile/game_df/ios-build/Il2CppOutputProject/IL2CPP/build/deploy_arm64/libmscordaccore.dylib
[2746/3487  0s] CopyFiles /Users/tuantu/Desktop/dev/AI/mobile/game_df/ios-build/Il2CppOutputProject/IL2CPP/build/deploy_arm64/libcoreclr.dylib
[2747/3487  0s] CopyFiles /Users/tuantu/Desktop/dev/AI/mobile/game_df/ios-build/Il2CppOutputProject/IL2CPP/build/deploy_arm64/libhostfxr.dylib
[2748/3487  0s] CopyFiles /Users/tuantu/Desktop/dev/AI/mobile/game_df/ios-build/Il2CppOutputProject/IL2CPP/build/deploy_arm64/Mono.Cecil.dll
[2749/3487  0s] CopyFiles /Users/tuantu/Desktop/dev/AI/mobile/game_df/ios-build/Il2CppOutputProject/IL2CPP/build/deploy_arm64/libhostpolicy.dylib
[2750/3487  0s] CopyFiles /Users/tuantu/Desktop/dev/AI/mobile/game_df/ios-build/Il2CppOutputProject/IL2CPP/build/deploy_arm64/libclrgcexp.dylib
[2751/3487  0s] CopyFiles /Users/tuantu/Desktop/dev/AI/mobile/game_df/ios-build/Il2CppOutputProject/IL2CPP/build/deploy_arm64/libclrjit.dylib
[2752/3487  0s] CopyFiles /Users/tuantu/Desktop/dev/AI/mobile/game_df/ios-build/Il2CppOutputProject/IL2CPP/build/deploy_arm64/libclrgc.dylib
[2754/3487  0s] CopyFiles /Users/tuantu/Desktop/dev/AI/mobile/game_df/ios-build/UnityFramework/AppleRequiredReasonCSharpAPIs.txt
[2755/3487  0s] CopyFiles /Users/tuantu/Desktop/dev/AI/mobile/game_df/ios-build/Il2CppOutputProject/IL2CPP/build/deploy_arm64/il2cpp.runtimeconfig.json
[2756/3487  0s] CopyFiles /Users/tuantu/Desktop/dev/AI/mobile/game_df/ios-build/Il2CppOutputProject/IL2CPP/build/deploy_arm64/il2cpp.dll.config
[2757/3487  0s] CopyFiles /Users/tuantu/Desktop/dev/AI/mobile/game_df/ios-build/Il2CppOutputProject/IL2CPP/build/deploy_arm64/JetBrains.Profiler.Api.dll
[2758/3487  0s] CopyFiles /Users/tuantu/Desktop/dev/AI/mobile/game_df/ios-build/Il2CppOutputProject/IL2CPP/build/deploy_arm64/MemoryPack.Core.dll
[2759/3487  0s] CopyFiles /Users/tuantu/Desktop/dev/AI/mobile/game_df/ios-build/Il2CppOutputProject/IL2CPP/build/deploy_arm64/il2cpp.deps.json
[2760/3487  0s] CopyFiles /Users/tuantu/Desktop/dev/AI/mobile/game_df/ios-build/Il2CppOutputProject/IL2CPP/build/deploy_arm64/il2cpp-compile.runtimeconfig.json
[2761/3487  0s] CopyFiles /Users/tuantu/Desktop/dev/AI/mobile/game_df/ios-build/Il2CppOutputProject/IL2CPP/build/deploy_arm64/il2cpp-compile.pdb
[2762/3487  0s] CopyFiles /Users/tuantu/Desktop/dev/AI/mobile/game_df/ios-build/Il2CppOutputProject/IL2CPP/build/deploy_arm64/il2cpp-compile
[2763/3487  0s] CopyFiles /Users/tuantu/Desktop/dev/AI/mobile/game_df/ios-build/Il2CppOutputProject/IL2CPP/build/deploy_arm64/il2cpp
[2764/3487  0s] CopyFiles /Users/tuantu/Desktop/dev/AI/mobile/game_df/ios-build/Il2CppOutputProject/IL2CPP/build/deploy_arm64/createdump
[2765/3487  0s] CopyFiles /Users/tuantu/Desktop/dev/AI/mobile/game_df/ios-build/Il2CppOutputProject/IL2CPP/build/deploy_arm64/bee_backend/mac-arm64/bee_backend
[2766/3487  0s] CopyFiles /Users/tuantu/Desktop/dev/AI/mobile/game_df/ios-build/Il2CppOutputProject/IL2CPP/build/deploy_arm64/Microsoft.CSharp.dll
[2767/3487  0s] CopyFiles /Users/tuantu/Desktop/dev/AI/mobile/game_df/ios-build/Il2CppOutputProject/IL2CPP/build/deploy_arm64/il2cpp-compile.dll
[2768/3487  0s] CopyFiles /Users/tuantu/Desktop/dev/AI/mobile/game_df/ios-build/Il2CppOutputProject/IL2CPP/build/deploy_arm64/il2cpp.pdb
[2769/3487  0s] CopyFiles /Users/tuantu/Desktop/dev/AI/mobile/game_df/ios-build/Il2CppOutputProject/IL2CPP/build/deploy_arm64/il2cpp.dll
[2770/3487  0s] CopyFiles /Users/tuantu/Desktop/dev/AI/mobile/game_df/ios-build/Il2CppOutputProject/IL2CPP/build/deploy_arm64/Microsoft.VisualBasic.Core.dll
[2771/3487  0s] CopyFiles /Users/tuantu/Desktop/dev/AI/mobile/game_df/ios-build/Il2CppOutputProject/IL2CPP/build/deploy_arm64/Bee.VisualStudioSolution.pdb
[2772/3487  0s] CopyFiles /Users/tuantu/Desktop/dev/AI/mobile/game_df/ios-build/Il2CppOutputProject/IL2CPP/build/deploy_arm64/Bee.VisualStudioSolution.dll
[2773/3487  0s] CopyFiles /Users/tuantu/Desktop/dev/AI/mobile/game_df/ios-build/Il2CppOutputProject/IL2CPP/build/deploy_arm64/Bee.TundraBackend.pdb
[2774/3487  0s] CopyFiles /Users/tuantu/Desktop/dev/AI/mobile/game_df/ios-build/Il2CppOutputProject/IL2CPP/build/deploy_arm64/illink.pdb
[2776/3487  0s] CopyFiles /Users/tuantu/Desktop/dev/AI/mobile/game_df/ios-build/Il2CppOutputProject/IL2CPP/build/deploy_arm64/il2cpp-compile.deps.json
[2777/3487  0s] CopyFiles /Users/tuantu/Desktop/dev/AI/mobile/game_df/ios-build/Il2CppOutputProject/IL2CPP/build/deploy_arm64/Bee.Toolchain.VisualStudio.pdb
[2778/3487  0s] CopyFiles /Users/tuantu/Desktop/dev/AI/mobile/game_df/ios-build/Il2CppOutputProject/IL2CPP/build/deploy_arm64/Bee.Toolchain.Windows.dll
[2779/3487  0s] CopyFiles /Users/tuantu/Desktop/dev/AI/mobile/game_df/ios-build/Il2CppOutputProject/IL2CPP/build/deploy_arm64/Bee.Toolchain.Windows.pdb
[2780/3487  0s] CopyFiles /Users/tuantu/Desktop/dev/AI/mobile/game_df/ios-build/Il2CppOutputProject/IL2CPP/build/deploy_arm64/illink.dll
[2781/3487  0s] CopyFiles /Users/tuantu/Desktop/dev/AI/mobile/game_df/ios-build/Il2CppOutputProject/IL2CPP/build/deploy_arm64/Bee.Toolchain.Xcode.pdb
[2782/3487  0s] CopyFiles /Users/tuantu/Desktop/dev/AI/mobile/game_df/ios-build/Il2CppOutputProject/IL2CPP/build/deploy_arm64/Bee.Tools.pdb
[2783/3487  0s] CopyFiles /Users/tuantu/Desktop/dev/AI/mobile/game_df/ios-build/Il2CppOutputProject/IL2CPP/build/deploy_arm64/Bee.Toolchain.VisionOS.pdb
[2784/3487  0s] CopyFiles /Users/tuantu/Desktop/dev/AI/mobile/game_df/ios-build/Il2CppOutputProject/IL2CPP/build/deploy_arm64/Bee.Toolchain.VisionOS.dll
[2785/3487  0s] CopyFiles /Users/tuantu/Desktop/dev/AI/mobile/game_df/ios-build/Il2CppOutputProject/IL2CPP/build/deploy_arm64/Bee.Toolchain.MacOS.pdb
[2786/3487  0s] CopyFiles /Users/tuantu/Desktop/dev/AI/mobile/game_df/ios-build/Il2CppOutputProject/IL2CPP/build/deploy_arm64/Bee.Tools.dll
[2787/3487  0s] CopyFiles /Users/tuantu/Desktop/dev/AI/mobile/game_df/ios-build/Il2CppOutputProject/IL2CPP/build/deploy_arm64/Bee.Toolchain.UWP.pdb
[2788/3487  0s] CopyFiles /Users/tuantu/Desktop/dev/AI/mobile/game_df/ios-build/Il2CppOutputProject/IL2CPP/build/deploy_arm64/Bee.Toolchain.TvOS.dll
[2789/3487  0s] CopyFiles /Users/tuantu/Desktop/dev/AI/mobile/game_df/ios-build/Il2CppOutputProject/IL2CPP/build/deploy_arm64/Bee.Toolchain.TvOS.pdb
[2790/3487  0s] CopyFiles /Users/tuantu/Desktop/dev/AI/mobile/game_df/ios-build/Il2CppOutputProject/IL2CPP/build/deploy_arm64/Bee.Toolchain.LLVM.pdb
[2791/3487  0s] CopyFiles /Users/tuantu/Desktop/dev/AI/mobile/game_df/ios-build/Il2CppOutputProject/IL2CPP/build/deploy_arm64/Bee.Toolchain.MacOS.dll
[2792/3487  0s] CopyFiles /Users/tuantu/Desktop/dev/AI/mobile/game_df/ios-build/Il2CppOutputProject/IL2CPP/build/deploy_arm64/Bee.TundraBackend.dll
[2793/3487  0s] CopyFiles /Users/tuantu/Desktop/dev/AI/mobile/game_df/ios-build/Il2CppOutputProject/IL2CPP/build/deploy_arm64/Bee.Toolchain.Xcode.dll
[2794/3487  0s] CopyFiles /Users/tuantu/Desktop/dev/AI/mobile/game_df/ios-build/Il2CppOutputProject/IL2CPP/build/deploy_arm64/Bee.Toolchain.UWP.dll
[2795/3487  0s] CopyFiles /Users/tuantu/Desktop/dev/AI/mobile/game_df/ios-build/Il2CppOutputProject/IL2CPP/build/deploy_arm64/Bee.Toolchain.GNU.pdb
[2796/3487  0s] CopyFiles /Users/tuantu/Desktop/dev/AI/mobile/game_df/ios-build/Il2CppOutputProject/IL2CPP/build/deploy_arm64/Bee.Toolchain.IOS.pdb
[2797/3487  0s] CopyFiles /Users/tuantu/Desktop/dev/AI/mobile/game_df/ios-build/Il2CppOutputProject/IL2CPP/build/deploy_arm64/Bee.Toolchain.LLVM.dll
[2798/3487  0s] CopyFiles /Users/tuantu/Desktop/dev/AI/mobile/game_df/ios-build/Il2CppOutputProject/IL2CPP/build/deploy_arm64/Bee.Toolchain.IOS.dll
[2799/3487  0s] CopyFiles /Users/tuantu/Desktop/dev/AI/mobile/game_df/ios-build/Il2CppOutputProject/IL2CPP/build/deploy_arm64/Bee.Toolchain.Emscripten.pdb
[2800/3487  0s] CopyFiles /Users/tuantu/Desktop/dev/AI/mobile/game_df/ios-build/Il2CppOutputProject/IL2CPP/build/deploy_arm64/Bee.Toolchain.Linux.pdb
[2801/3487  0s] CopyFiles /Users/tuantu/Desktop/dev/AI/mobile/game_df/ios-build/Il2CppOutputProject/IL2CPP/build/deploy_arm64/Bee.Toolchain.Linux.dll
[2802/3487  0s] CopyFiles /Users/tuantu/Desktop/dev/AI/mobile/game_df/ios-build/Il2CppOutputProject/IL2CPP/build/deploy_arm64/Bee.TinyProfiler2.pdb
[2803/3487  0s] CopyFiles /Users/tuantu/Desktop/dev/AI/mobile/game_df/ios-build/Il2CppOutputProject/IL2CPP/build/deploy_arm64/Bee.Toolchain.EmbeddedLinux.pdb
[2804/3487  0s] CopyFiles /Users/tuantu/Desktop/dev/AI/mobile/game_df/ios-build/Il2CppOutputProject/IL2CPP/build/deploy_arm64/Bee.TinyProfiler2.dll
[2805/3487  0s] CopyFiles /Users/tuantu/Desktop/dev/AI/mobile/game_df/ios-build/Il2CppOutputProject/IL2CPP/build/deploy_arm64/Bee.Toolchain.VisualStudio.dll
[2806/3487  0s] CopyFiles /Users/tuantu/Desktop/dev/AI/mobile/game_df/ios-build/Il2CppOutputProject/IL2CPP/build/deploy_arm64/Bee.Toolchain.Android.dll
[2807/3487  0s] CopyFiles /Users/tuantu/Desktop/dev/AI/mobile/game_df/ios-build/Il2CppOutputProject/IL2CPP/build/deploy_arm64/Bee.Telemetry.dll
[2808/3487  0s] CopyFiles /Users/tuantu/Desktop/dev/AI/mobile/game_df/ios-build/Il2CppOutputProject/IL2CPP/build/deploy_arm64/Bee.Toolchain.Android.pdb
[2809/3487  0s] CopyFiles /Users/tuantu/Desktop/dev/AI/mobile/game_df/ios-build/Il2CppOutputProject/IL2CPP/build/deploy_arm64/Bee.Toolchain.EmbeddedLinux.dll
[2810/3487  0s] CopyFiles /Users/tuantu/Desktop/dev/AI/mobile/game_df/ios-build/Il2CppOutputProject/IL2CPP/build/deploy_arm64/Bee.Telemetry.pdb
[2811/3487  0s] CopyFiles /Users/tuantu/Desktop/dev/AI/mobile/game_df/ios-build/Il2CppOutputProject/IL2CPP/build/deploy_arm64/Bee.Toolchain.GNU.dll
[2812/3487  0s] CopyFiles /Users/tuantu/Desktop/dev/AI/mobile/game_df/ios-build/Il2CppOutputProject/IL2CPP/build/deploy_arm64/Bee.Toolchain.Emscripten.dll
[2813/3487  0s] CopyFiles /Users/tuantu/Desktop/dev/AI/mobile/game_df/ios-build/Il2CppOutputProject/IL2CPP/build/deploy_arm64/Bee.BuildGraph.pdb
[2814/3487  0s] CopyFiles /Users/tuantu/Desktop/dev/AI/mobile/game_df/ios-build/Il2CppOutputProject/IL2CPP/build/deploy_arm64/Bee.BinLog.xml
[2815/3487  0s] CopyFiles /Users/tuantu/Desktop/dev/AI/mobile/game_df/ios-build/Il2CppOutputProject/IL2CPP/build/deploy_arm64/Bee.BinLog.pdb
[2816/3487  0s] CopyFiles /Users/tuantu/Desktop/dev/AI/mobile/game_df/ios-build/Il2CppOutputProject/IL2CPP/build/deploy_arm64/Bee.Stevedore.Program.pdb
[2817/3487  0s] CopyFiles /Users/tuantu/Desktop/dev/AI/mobile/game_df/ios-build/Il2CppOutputProject/IL2CPP/build/deploy_arm64/Bee.BuildGraph.dll
[2818/3487  0s] CopyFiles /Users/tuantu/Desktop/dev/AI/mobile/game_df/ios-build/Il2CppOutputProject/IL2CPP/build/deploy_arm64/Bee.NativeProgramSupport.pdb
[2819/3487  0s] CopyFiles /Users/tuantu/Desktop/dev/AI/mobile/game_df/ios-build/Il2CppOutputProject/IL2CPP/build/deploy_arm64/Bee.BeeDriver2.dll
[2820/3487  0s] CopyFiles /Users/tuantu/Desktop/dev/AI/mobile/game_df/ios-build/Il2CppOutputProject/IL2CPP/build/deploy_arm64/Bee.Core.pdb
[2821/3487  0s] CopyFiles /Users/tuantu/Desktop/dev/AI/mobile/game_df/ios-build/Il2CppOutputProject/IL2CPP/build/deploy_arm64/Bee.Stevedore.Program.dll
[2822/3487  0s] CopyFiles /Users/tuantu/Desktop/dev/AI/mobile/game_df/ios-build/Il2CppOutputProject/IL2CPP/build/deploy_arm64/Analytics.runtimeconfig.json
[2823/3487  0s] CopyFiles /Users/tuantu/Desktop/dev/AI/mobile/game_df/ios-build/Il2CppOutputProject/Source/il2cppOutput/Unity.Collections__2.cpp
[2824/3487  0s] CopyFiles /Users/tuantu/Desktop/dev/AI/mobile/game_df/ios-build/Il2CppOutputProject/IL2CPP/build/deploy_arm64/Bee.BinLog.dll
[2825/3487  0s] CopyFiles /Users/tuantu/Desktop/dev/AI/mobile/game_df/ios-build/Il2CppOutputProject/IL2CPP/build/deploy_arm64/Analytics.pdb
[2826/3487  0s] CopyFiles /Users/tuantu/Desktop/dev/AI/mobile/game_df/ios-build/Il2CppOutputProject/IL2CPP/build/deploy_arm64/Bee.BeeDriver2.pdb
[2828/3487  0s] CopyFiles /Users/tuantu/Desktop/dev/AI/mobile/game_df/ios-build/Il2CppOutputProject/IL2CPP/build/deploy_arm64/Bee.Core.dll
[2829/3487  0s] CopyFiles /Users/tuantu/Desktop/dev/AI/mobile/game_df/ios-build/Libraries/lib_burst_generated.a
[2830/3487  0s] CopyFiles /Users/tuantu/Desktop/dev/AI/mobile/game_df/ios-build/Il2CppOutputProject/IL2CPP/build/deploy_arm64/Bee.NativeProgramSupport.dll
[2831/3487  0s] CopyFiles /Users/tuantu/Desktop/dev/AI/mobile/game_df/ios-build/Libraries/lib_burst_generated.cpp
[2832/3487  0s] CopyFiles /Users/tuantu/Desktop/dev/AI/mobile/game_df/ios-build/Il2CppOutputProject/Source/il2cppOutput/System.Configuration.cpp
[2833/3487  0s] CopyFiles /Users/tuantu/Desktop/dev/AI/mobile/game_df/ios-build/Il2CppOutputProject/Source/il2cppOutput/GoogleMobileAds.Core.cpp
[2834/3487  0s] CopyFiles /Users/tuantu/Desktop/dev/AI/mobile/game_df/ios-build/Il2CppOutputProject/Source/il2cppOutput/Unity.RenderPipelines.Universal.2D.Runtime__3.cpp
[2835/3487  0s] CopyFiles /Users/tuantu/Desktop/dev/AI/mobile/game_df/ios-build/Il2CppOutputProject/Source/il2cppOutput/UnityEngine.UI_CodeGen.c
[2836/3487  0s] CopyFiles /Users/tuantu/Desktop/dev/AI/mobile/game_df/ios-build/Il2CppOutputProject/Source/il2cppOutput/Unity.InputSystem__3.cpp
[2837/3487  0s] CopyFiles /Users/tuantu/Desktop/dev/AI/mobile/game_df/ios-build/Il2CppOutputProject/Source/il2cppOutput/Unity.InputSystem__1.cpp
[2838/3487  0s] CopyFiles /Users/tuantu/Desktop/dev/AI/mobile/game_df/ios-build/Il2CppOutputProject/Source/il2cppOutput/Unity.InputSystem__8.cpp
[2839/3487  0s] CopyFiles /Users/tuantu/Desktop/dev/AI/mobile/game_df/ios-build/Il2CppOutputProject/Source/il2cppOutput/LaMuralla.Core_CodeGen.c
[2840/3487  0s] CopyFiles /Users/tuantu/Desktop/dev/AI/mobile/game_df/ios-build/Il2CppOutputProject/Source/il2cppOutput/Unity.RenderPipelines.Universal.Runtime__4.cpp
[2841/3487  0s] CopyFiles /Users/tuantu/Desktop/dev/AI/mobile/game_df/ios-build/Il2CppOutputProject/Source/il2cppOutput/Unity.InputSystem__9.cpp
[2842/3487  0s] CopyFiles /Users/tuantu/Desktop/dev/AI/mobile/game_df/ios-build/Il2CppOutputProject/Source/il2cppOutput/Unity.InputSystem__6.cpp
[2843/3487  0s] CopyFiles /Users/tuantu/Desktop/dev/AI/mobile/game_df/ios-build/Il2CppOutputProject/Source/il2cppOutput/UnityEngine.UIModule.cpp
[2844/3487  0s] CopyFiles /Users/tuantu/Desktop/dev/AI/mobile/game_df/ios-build/Il2CppOutputProject/Source/il2cppOutput/Unity.InputSystem__4.cpp
[2845/3487  0s] CopyFiles /Users/tuantu/Desktop/dev/AI/mobile/game_df/ios-build/Il2CppOutputProject/Source/il2cppOutput/Unity.InputSystem__7.cpp
[2846/3487  0s] CopyFiles /Users/tuantu/Desktop/dev/AI/mobile/game_df/ios-build/Il2CppOutputProject/Source/il2cppOutput/Unity.InputSystem__2.cpp
[2847/3487  0s] CopyFiles /Users/tuantu/Desktop/dev/AI/mobile/game_df/ios-build/Il2CppOutputProject/Source/il2cppOutput/Unity.Collections__1.cpp
[2848/3487  0s] CopyFiles /Users/tuantu/Desktop/dev/AI/mobile/game_df/ios-build/Il2CppOutputProject/Source/il2cppOutput/UnityEngine.TerrainModule.cpp
[2849/3487  0s] CopyFiles /Users/tuantu/Desktop/dev/AI/mobile/game_df/ios-build/Il2CppOutputProject/Source/il2cppOutput/UnityEngine.CoreModule__2.cpp
[2850/3487  0s] CopyFiles /Users/tuantu/Desktop/dev/AI/mobile/game_df/ios-build/Il2CppOutputProject/Source/il2cppOutput/UnityEngine.PhysicsModule.cpp
[2851/3487  0s] CopyFiles /Users/tuantu/Desktop/dev/AI/mobile/game_df/ios-build/Il2CppOutputProject/Source/il2cppOutput/GoogleMobileAds.Ump_CodeGen.c
[2852/3487  0s] CopyFiles /Users/tuantu/Desktop/dev/AI/mobile/game_df/ios-build/Il2CppOutputProject/Source/il2cppOutput/Unity.InputSystem__5.cpp
[2853/3487  0s] CopyFiles /Users/tuantu/Desktop/dev/AI/mobile/game_df/ios-build/Il2CppOutputProject/Source/il2cppOutput/UnityEngine.CoreModule__3.cpp
[2854/3487  0s] CopyFiles /Users/tuantu/Desktop/dev/AI/mobile/game_df/ios-build/Il2CppOutputProject/Source/il2cppOutput/UnityEngine.PhysicsModule_CodeGen.c
[2855/3487  0s] CopyFiles /Users/tuantu/Desktop/dev/AI/mobile/game_df/ios-build/Il2CppOutputProject/Source/il2cppOutput/UnityEngine.CoreModule__1.cpp
[2856/3487  0s] CopyFiles /Users/tuantu/Desktop/dev/AI/mobile/game_df/ios-build/Il2CppOutputProject/Source/il2cppOutput/UnityEngine.TerrainModule_CodeGen.c
[2857/3487  0s] CopyFiles /Users/tuantu/Desktop/dev/AI/mobile/game_df/ios-build/Il2CppOutputProject/Source/il2cppOutput/GoogleMobileAds.iOS_CodeGen.c
[2858/3487  0s] CopyFiles /Users/tuantu/Desktop/dev/AI/mobile/game_df/ios-build/Il2CppOutputProject/Source/il2cppOutput/UnityEngine.CoreModule__4.cpp
[2859/3487  0s] CopyFiles /Users/tuantu/Desktop/dev/AI/mobile/game_df/ios-build/Il2CppOutputProject/Source/il2cppOutput/UnityEngine.JSONSerializeModule.cpp
[2860/3487  0s] CopyFiles /Users/tuantu/Desktop/dev/AI/mobile/game_df/ios-build/Il2CppOutputProject/Source/il2cppOutput/UnityEngine.UIElementsModule__5.cpp
[2861/3487  0s] CopyFiles /Users/tuantu/Desktop/dev/AI/mobile/game_df/ios-build/Il2CppOutputProject/Source/il2cppOutput/UnityEngine.UIElementsModule__4.cpp
[2862/3487  0s] CopyFiles /Users/tuantu/Desktop/dev/AI/mobile/game_df/ios-build/Il2CppOutputProject/Source/il2cppOutput/UnityEngine.UIElementsModule__9.cpp
[2863/3487  0s] CopyFiles /Users/tuantu/Desktop/dev/AI/mobile/game_df/ios-build/Il2CppOutputProject/Source/il2cppOutput/UnityEngine.UIElementsModule__7.cpp
[2864/3487  0s] CopyFiles /Users/tuantu/Desktop/dev/AI/mobile/game_df/ios-build/Il2CppOutputProject/Source/il2cppOutput/UnityEngine.HierarchyCoreModule.cpp
[2865/3487  0s] CopyFiles /Users/tuantu/Desktop/dev/AI/mobile/game_df/ios-build/Il2CppOutputProject/Source/il2cppOutput/UnityEngine.UIElementsModule__2.cpp
[2866/3487  0s] CopyFiles /Users/tuantu/Desktop/dev/AI/mobile/game_df/ios-build/Data/Managed/Metadata/global-metadata.dat
[2867/3487  0s] CopyFiles /Users/tuantu/Desktop/dev/AI/mobile/game_df/ios-build/Il2CppOutputProject/Source/il2cppOutput/UnityEngine.TextRenderingModule.cpp
[2868/3487  0s] CopyFiles /Users/tuantu/Desktop/dev/AI/mobile/game_df/ios-build/Il2CppOutputProject/Source/il2cppOutput/UnityEngine.UIElementsModule__3.cpp
[2869/3487  0s] CopyFiles /Users/tuantu/Desktop/dev/AI/mobile/game_df/ios-build/Il2CppOutputProject/Source/il2cppOutput/UnityEngine.PhysicsCore2DModule.cpp
[2870/3487  0s] CopyFiles /Users/tuantu/Desktop/dev/AI/mobile/game_df/ios-build/Il2CppOutputProject/Source/il2cppOutput/Unity.Collections.LowLevel.ILSupport.cpp
[2871/3487  0s] CopyFiles /Users/tuantu/Desktop/dev/AI/mobile/game_df/ios-build/Il2CppOutputProject/Source/il2cppOutput/UnityEngine.UIElementsModule__6.cpp
[2872/3487  0s] CopyFiles /Users/tuantu/Desktop/dev/AI/mobile/game_df/ios-build/Il2CppOutputProject/Source/il2cppOutput/Unity.RenderPipelines.Core.Runtime.Shared.cpp
[2873/3487  0s] CopyFiles /Users/tuantu/Desktop/dev/AI/mobile/game_df/ios-build/Il2CppOutputProject/Source/il2cppOutput/UnityEngine.RenderAs2DModule.cpp
[2874/3487  0s] CopyFiles /Users/tuantu/Desktop/dev/AI/mobile/game_df/ios-build/Il2CppOutputProject/Source/il2cppOutput/Unity.UnifiedRayTracing.Runtime.cpp
[2875/3487  0s] CopyFiles /Users/tuantu/Desktop/dev/AI/mobile/game_df/ios-build/Il2CppOutputProject/Source/il2cppOutput/UnityEngine.UIElementsModule__1.cpp
[2876/3487  0s] CopyFiles /Users/tuantu/Desktop/dev/AI/mobile/game_df/ios-build/Il2CppOutputProject/Source/il2cppOutput/UnityEngine.SpriteMaskModule.cpp
[2877/3487  0s] CopyFiles /Users/tuantu/Desktop/dev/AI/mobile/game_df/ios-build/Il2CppOutputProject/Source/il2cppOutput/UnityEngine.UIElementsModule__8.cpp
[2878/3487  0s] CopyFiles /Users/tuantu/Desktop/dev/AI/mobile/game_df/ios-build/Il2CppOutputProject/Source/il2cppOutput/UnityEngine.TextCoreFontEngineModule.cpp
[2879/3487  0s] CopyFiles /Users/tuantu/Desktop/dev/AI/mobile/game_df/ios-build/Il2CppOutputProject/Source/il2cppOutput/Unity.RenderPipelines.GPUDriven.Runtime__3.cpp
[2880/3487  0s] CopyFiles /Users/tuantu/Desktop/dev/AI/mobile/game_df/ios-build/Il2CppOutputProject/Source/il2cppOutput/Unity.RenderPipelines.Universal.Runtime__3.cpp
[2881/3487  0s] CopyFiles /Users/tuantu/Desktop/dev/AI/mobile/game_df/ios-build/Il2CppOutputProject/Source/il2cppOutput/GoogleMobileAds.Common_CodeGen.c
[2882/3487  0s] CopyFiles /Users/tuantu/Desktop/dev/AI/mobile/game_df/ios-build/Il2CppOutputProject/Source/il2cppOutput/UnityEngine.GameCenterModule.cpp
[2883/3487  0s] CopyFiles /Users/tuantu/Desktop/dev/AI/mobile/game_df/ios-build/Il2CppOutputProject/Source/il2cppOutput/UnityEngine.TextCoreTextEngineModule.cpp
[2884/3487  0s] CopyFiles /Users/tuantu/Desktop/dev/AI/mobile/game_df/ios-build/Il2CppOutputProject/Source/il2cppOutput/UnityEngine.PropertiesModule.cpp
[2885/3487  0s] CopyFiles /Users/tuantu/Desktop/dev/AI/mobile/game_df/ios-build/Il2CppOutputProject/Source/il2cppOutput/UnityEngine.ImageConversionModule_CodeGen.c
[2886/3487  0s] CopyFiles /Users/tuantu/Desktop/dev/AI/mobile/game_df/ios-build/Il2CppOutputProject/Source/il2cppOutput/UnityEngine.SharedInternalsModule_CodeGen.c
[2887/3487  0s] CopyFiles /Users/tuantu/Desktop/dev/AI/mobile/game_df/ios-build/Il2CppOutputProject/Source/il2cppOutput/Unity.RenderPipeline.Universal.ShaderLibrary_CodeGen.c
[2888/3487  0s] CopyFiles /Users/tuantu/Desktop/dev/AI/mobile/game_df/ios-build/Il2CppOutputProject/Source/il2cppOutput/UnityEngine.UnityWebRequestModule_CodeGen.c
[2889/3487  0s] CopyFiles /Users/tuantu/Desktop/dev/AI/mobile/game_df/ios-build/Il2CppOutputProject/Source/il2cppOutput/UnityEngine.InputForUIModule.cpp
[2890/3487  0s] CopyFiles /Users/tuantu/Desktop/dev/AI/mobile/game_df/ios-build/Il2CppOutputProject/Source/il2cppOutput/UnityEngine.UIElementsModule.cpp
[2891/3487  0s] CopyFiles /Users/tuantu/Desktop/dev/AI/mobile/game_df/ios-build/Il2CppOutputProject/Source/il2cppOutput/Unity.RenderPipelines.Universal.2D.Runtime_CodeGen.c
[2892/3487  0s] CopyFiles /Users/tuantu/Desktop/dev/AI/mobile/game_df/ios-build/Il2CppOutputProject/Source/il2cppOutput/Il2CppGenericMethodDefinitions.c
[2893/3487  0s] CopyFiles /Users/tuantu/Desktop/dev/AI/mobile/game_df/ios-build/Il2CppOutputProject/Source/il2cppOutput/UnityEngine.InputModule.cpp
[2894/3487  0s] CopyFiles /Users/tuantu/Desktop/dev/AI/mobile/game_df/ios-build/Il2CppOutputProject/Source/il2cppOutput/UnityEngine.CoreModule_CodeGen.c
[2895/3487  0s] CopyFiles /Users/tuantu/Desktop/dev/AI/mobile/game_df/ios-build/Il2CppOutputProject/Source/il2cppOutput/Unity.RenderPipelines.Core.Runtime.Shared_CodeGen.c
[2896/3487  0s] CopyFiles /Users/tuantu/Desktop/dev/AI/mobile/game_df/ios-build/Il2CppOutputProject/Source/il2cppOutput/GoogleMobileAds.Ump.iOS.cpp
[2897/3487  0s] CopyFiles /Users/tuantu/Desktop/dev/AI/mobile/game_df/ios-build/Il2CppOutputProject/Source/il2cppOutput/Unity.InputSystem.ForUI.cpp
[2898/3487  0s] CopyFiles /Users/tuantu/Desktop/dev/AI/mobile/game_df/ios-build/Il2CppOutputProject/Source/il2cppOutput/UnityEngine.ScriptingModule.cpp
[2899/3487  0s] CopyFiles /Users/tuantu/Desktop/dev/AI/mobile/game_df/ios-build/Il2CppOutputProject/Source/il2cppOutput/Il2CppCCalculateFieldValues1.cpp
[2900/3487  0s] CopyFiles /Users/tuantu/Desktop/dev/AI/mobile/game_df/ios-build/Il2CppOutputProject/Source/il2cppOutput/Il2CppCCalculateFieldValues2.cpp
[2901/3487  0s] CopyFiles /Users/tuantu/Desktop/dev/AI/mobile/game_df/ios-build/Il2CppOutputProject/Source/il2cppOutput/UnityEngine.AudioModule.cpp
[2902/3487  0s] CopyFiles /Users/tuantu/Desktop/dev/AI/mobile/game_df/ios-build/Il2CppOutputProject/Source/il2cppOutput/UnityEngine.IMGUIModule.cpp
[2903/3487  0s] CopyFiles /Users/tuantu/Desktop/dev/AI/mobile/game_df/ios-build/Il2CppOutputProject/Source/il2cppOutput/UnityEngine.VFXModule_CodeGen.c
[2904/3487  0s] CopyFiles /Users/tuantu/Desktop/dev/AI/mobile/game_df/ios-build/Il2CppOutputProject/Source/il2cppOutput/UnityEngine.AnimationModule.cpp
[2905/3487  0s] CopyFiles /Users/tuantu/Desktop/dev/AI/mobile/game_df/ios-build/Il2CppOutputProject/Source/il2cppOutput/UnityEngine.Physics2DModule.cpp
[2906/3487  0s] CopyFiles /Users/tuantu/Desktop/dev/AI/mobile/game_df/ios-build/Il2CppOutputProject/Source/il2cppOutput/Unity.InputSystem_CodeGen.c
[2907/3487  0s] CopyFiles /Users/tuantu/Desktop/dev/AI/mobile/game_df/ios-build/Il2CppOutputProject/Source/il2cppOutput/Il2CppCCalculateFieldValues.cpp
[2908/3487  0s] CopyFiles /Users/tuantu/Desktop/dev/AI/mobile/game_df/ios-build/Il2CppOutputProject/Source/il2cppOutput/Unity.Collections_CodeGen.c
[2909/3487  0s] CopyFiles /Users/tuantu/Desktop/dev/AI/mobile/game_df/ios-build/Il2CppOutputProject/Source/il2cppOutput/Unity.RenderPipelines.GPUDriven.Runtime_CodeGen.c
[2910/3487  0s] CopyFiles /Users/tuantu/Desktop/dev/AI/mobile/game_df/ios-build/Il2CppOutputProject/Source/il2cppOutput/Unity.RenderPipelines.Universal.Runtime__7.cpp
[2911/3487  0s] CopyFiles /Users/tuantu/Desktop/dev/AI/mobile/game_df/ios-build/Il2CppOutputProject/Source/il2cppOutput/Unity.RenderPipelines.Universal.Runtime_CodeGen.c
[2912/3487  0s] CopyFiles /Users/tuantu/Desktop/dev/AI/mobile/game_df/ios-build/Il2CppOutputProject/Source/il2cppOutput/Il2CppCCalculateTypeValues1.cpp
[2913/3487  0s] CopyFiles /Users/tuantu/Desktop/dev/AI/mobile/game_df/ios-build/Il2CppOutputProject/Source/il2cppOutput/Unity.RenderPipelines.Universal.Runtime__5.cpp
[2914/3487  0s] CopyFiles /Users/tuantu/Desktop/dev/AI/mobile/game_df/ios-build/Il2CppOutputProject/Source/il2cppOutput/UnityEngine.TextCoreTextEngineModule__3.cpp
[2915/3487  0s] CopyFiles /Users/tuantu/Desktop/dev/AI/mobile/game_df/ios-build/Il2CppOutputProject/Source/il2cppOutput/Unity.RenderPipelines.GPUDriven.Runtime.cpp
[2916/3487  0s] CopyFiles /Users/tuantu/Desktop/dev/AI/mobile/game_df/ios-build/Il2CppOutputProject/Source/il2cppOutput/Mono.Security_CodeGen.c
[2917/3487  0s] CopyFiles /Users/tuantu/Desktop/dev/AI/mobile/game_df/ios-build/Il2CppOutputProject/Source/il2cppOutput/UnityEngine.TextCoreTextEngineModule__2.cpp
[2918/3487  0s] CopyFiles /Users/tuantu/Desktop/dev/AI/mobile/game_df/ios-build/Il2CppOutputProject/Source/il2cppOutput/UnityEngine.TextCoreTextEngineModule__1.cpp
[2919/3487  0s] CopyFiles /Users/tuantu/Desktop/dev/AI/mobile/game_df/ios-build/Il2CppOutputProject/Source/il2cppOutput/Unity.Scripting.cpp
[2920/3487  0s] CopyFiles /Users/tuantu/Desktop/dev/AI/mobile/game_df/ios-build/Il2CppOutputProject/Source/il2cppOutput/System.Xml.cpp
[2921/3487  0s] CopyFiles /Users/tuantu/Desktop/dev/AI/mobile/game_df/ios-build/Il2CppOutputProject/Source/il2cppOutput/GoogleMobileAds.cpp
[2922/3487  0s] CopyFiles /Users/tuantu/Desktop/dev/AI/mobile/game_df/ios-build/Il2CppOutputProject/Source/il2cppOutput/Unity.RenderPipelines.Universal.Runtime.cpp
[2923/3487  0s] CopyFiles /Users/tuantu/Desktop/dev/AI/mobile/game_df/ios-build/Il2CppOutputProject/Source/il2cppOutput/LaMuralla.Unity.cpp
[2924/3487  0s] CopyFiles /Users/tuantu/Desktop/dev/AI/mobile/game_df/ios-build/Il2CppOutputProject/Source/il2cppOutput/GoogleMobileAds.Ump.cpp
[2925/3487  0s] CopyFiles /Users/tuantu/Desktop/dev/AI/mobile/game_df/ios-build/Il2CppOutputProject/Source/il2cppOutput/mscorlib.cpp
[2926/3487  0s] CopyFiles /Users/tuantu/Desktop/dev/AI/mobile/game_df/ios-build/Il2CppOutputProject/Source/il2cppOutput/GoogleMobileAds.iOS.cpp
[2927/3487  0s] CopyFiles /Users/tuantu/Desktop/dev/AI/mobile/game_df/ios-build/Il2CppOutputProject/Source/il2cppOutput/Generics.cpp
[2928/3487  0s] CopyFiles /Users/tuantu/Desktop/dev/AI/mobile/game_df/ios-build/Il2CppOutputProject/Source/il2cppOutput/System.cpp
[2929/3487  0s] CopyFiles /Users/tuantu/Desktop/dev/AI/mobile/game_df/ios-build/Il2CppOutputProject/Source/il2cppOutput/Generics__106.cpp
[2930/3487  0s] CopyFiles /Users/tuantu/Desktop/dev/AI/mobile/game_df/ios-build/Il2CppOutputProject/Source/il2cppOutput/Generics__159.cpp
[2931/3487  0s] CopyFiles /Users/tuantu/Desktop/dev/AI/mobile/game_df/ios-build/Il2CppOutputProject/Source/il2cppOutput/Generics__122.cpp
[2932/3487  0s] CopyFiles /Users/tuantu/Desktop/dev/AI/mobile/game_df/ios-build/Il2CppOutputProject/Source/il2cppOutput/Generics__163.cpp
[2933/3487  0s] CopyFiles /Users/tuantu/Desktop/dev/AI/mobile/game_df/ios-build/Il2CppOutputProject/Source/il2cppOutput/Generics__113.cpp
[2934/3487  0s] CopyFiles /Users/tuantu/Desktop/dev/AI/mobile/game_df/ios-build/Il2CppOutputProject/Source/il2cppOutput/Il2CppTypeDefinitions.c
[2935/3487  0s] CopyFiles /Users/tuantu/Desktop/dev/AI/mobile/game_df/ios-build/Il2CppOutputProject/Source/il2cppOutput/Generics__124.cpp
[2936/3487  0s] CopyFiles /Users/tuantu/Desktop/dev/AI/mobile/game_df/ios-build/Il2CppOutputProject/Source/il2cppOutput/Generics__115.cpp
[2937/3487  0s] CopyFiles /Users/tuantu/Desktop/dev/AI/mobile/game_df/ios-build/Il2CppOutputProject/Source/il2cppOutput/Generics__146.cpp
[2938/3487  0s] CopyFiles /Users/tuantu/Desktop/dev/AI/mobile/game_df/ios-build/Il2CppOutputProject/Source/il2cppOutput/Generics__114.cpp
[2939/3487  0s] CopyFiles /Users/tuantu/Desktop/dev/AI/mobile/game_df/ios-build/Il2CppOutputProject/Source/il2cppOutput/Generics__112.cpp
[2940/3487  0s] CopyFiles /Users/tuantu/Desktop/dev/AI/mobile/game_df/ios-build/Il2CppOutputProject/Source/il2cppOutput/Generics__156.cpp
[2941/3487  0s] CopyFiles /Users/tuantu/Desktop/dev/AI/mobile/game_df/ios-build/Il2CppOutputProject/Source/il2cppOutput/Generics__135.cpp
[2942/3487  0s] CopyFiles /Users/tuantu/Desktop/dev/AI/mobile/game_df/ios-build/Il2CppOutputProject/Source/il2cppOutput/Generics__152.cpp
[2943/3487  0s] CopyFiles /Users/tuantu/Desktop/dev/AI/mobile/game_df/ios-build/Il2CppOutputProject/Source/il2cppOutput/Generics__155.cpp
[2944/3487  0s] CopyFiles /Users/tuantu/Desktop/dev/AI/mobile/game_df/ios-build/Il2CppOutputProject/Source/il2cppOutput/Generics__105.cpp
[2945/3487  0s] CopyFiles /Users/tuantu/Desktop/dev/AI/mobile/game_df/ios-build/Il2CppOutputProject/Source/il2cppOutput/Generics__136.cpp
[2946/3487  0s] CopyFiles /Users/tuantu/Desktop/dev/AI/mobile/game_df/ios-build/Il2CppOutputProject/Source/il2cppOutput/Generics__148.cpp
[2947/3487  0s] CopyFiles /Users/tuantu/Desktop/dev/AI/mobile/game_df/ios-build/Il2CppOutputProject/Source/il2cppOutput/Generics__137.cpp
[2948/3487  0s] CopyFiles /Users/tuantu/Desktop/dev/AI/mobile/game_df/ios-build/Il2CppOutputProject/Source/il2cppOutput/Generics__116.cpp
[2949/3487  0s] CopyFiles /Users/tuantu/Desktop/dev/AI/mobile/game_df/ios-build/Il2CppOutputProject/Source/il2cppOutput/Generics__162.cpp
[2950/3487  0s] CopyFiles /Users/tuantu/Desktop/dev/AI/mobile/game_df/ios-build/Il2CppOutputProject/Source/il2cppOutput/Generics__125.cpp
[2951/3487  0s] CopyFiles /Users/tuantu/Desktop/dev/AI/mobile/game_df/ios-build/Il2CppOutputProject/Source/il2cppOutput/Generics__104.cpp
[2952/3487  0s] CopyFiles /Users/tuantu/Desktop/dev/AI/mobile/game_df/ios-build/Il2CppOutputProject/Source/il2cppOutput/Generics__161.cpp
[2953/3487  0s] CopyFiles /Users/tuantu/Desktop/dev/AI/mobile/game_df/ios-build/Il2CppOutputProject/Source/il2cppOutput/Generics__147.cpp
[2954/3487  0s] CopyFiles /Users/tuantu/Desktop/dev/AI/mobile/game_df/ios-build/Il2CppOutputProject/Source/il2cppOutput/Generics__140.cpp
[2955/3487  0s] CopyFiles /Users/tuantu/Desktop/dev/AI/mobile/game_df/ios-build/Il2CppOutputProject/Source/il2cppOutput/Generics__142.cpp
[2956/3487  0s] CopyFiles /Users/tuantu/Desktop/dev/AI/mobile/game_df/ios-build/Il2CppOutputProject/Source/il2cppOutput/Generics__127.cpp
[2957/3487  0s] CopyFiles /Users/tuantu/Desktop/dev/AI/mobile/game_df/ios-build/Il2CppOutputProject/Source/il2cppOutput/Generics__118.cpp
[2958/3487  0s] CopyFiles /Users/tuantu/Desktop/dev/AI/mobile/game_df/ios-build/Il2CppOutputProject/Source/il2cppOutput/Generics__151.cpp
[2959/3487  0s] CopyFiles /Users/tuantu/Desktop/dev/AI/mobile/game_df/ios-build/Il2CppOutputProject/Source/il2cppOutput/Generics__158.cpp
[2960/3487  0s] CopyFiles /Users/tuantu/Desktop/dev/AI/mobile/game_df/ios-build/Il2CppOutputProject/Source/il2cppOutput/Generics__133.cpp
[2961/3487  0s] CopyFiles /Users/tuantu/Desktop/dev/AI/mobile/game_df/ios-build/Il2CppOutputProject/Source/il2cppOutput/Generics__109.cpp
[2962/3487  0s] CopyFiles /Users/tuantu/Desktop/dev/AI/mobile/game_df/ios-build/Il2CppOutputProject/Source/il2cppOutput/Generics__119.cpp
[2963/3487  0s] CopyFiles /Users/tuantu/Desktop/dev/AI/mobile/game_df/ios-build/Il2CppOutputProject/Source/il2cppOutput/Generics__141.cpp
[2964/3487  0s] CopyFiles /Users/tuantu/Desktop/dev/AI/mobile/game_df/ios-build/Il2CppOutputProject/Source/il2cppOutput/Generics__132.cpp
[2965/3487  0s] CopyFiles /Users/tuantu/Desktop/dev/AI/mobile/game_df/ios-build/Il2CppOutputProject/Source/il2cppOutput/Generics__103.cpp
[2966/3487  0s] CopyFiles /Users/tuantu/Desktop/dev/AI/mobile/game_df/ios-build/Il2CppOutputProject/Source/il2cppOutput/Generics__102.cpp
[2967/3487  0s] CopyFiles /Users/tuantu/Desktop/dev/AI/mobile/game_df/ios-build/Il2CppOutputProject/Source/il2cppOutput/Generics__110.cpp
[2968/3487  0s] CopyFiles /Users/tuantu/Desktop/dev/AI/mobile/game_df/ios-build/Il2CppOutputProject/Source/il2cppOutput/Generics__111.cpp
[2969/3487  0s] CopyFiles /Users/tuantu/Desktop/dev/AI/mobile/game_df/ios-build/Il2CppOutputProject/Source/il2cppOutput/Generics__130.cpp
[2970/3487  0s] CopyFiles /Users/tuantu/Desktop/dev/AI/mobile/game_df/ios-build/Il2CppOutputProject/Source/il2cppOutput/Generics__160.cpp
[2971/3487  0s] CopyFiles /Users/tuantu/Desktop/dev/AI/mobile/game_df/ios-build/Il2CppOutputProject/Source/il2cppOutput/Generics__149.cpp
[2972/3487  0s] CopyFiles /Users/tuantu/Desktop/dev/AI/mobile/game_df/ios-build/Il2CppOutputProject/Source/il2cppOutput/Generics__154.cpp
[2973/3487  0s] CopyFiles /Users/tuantu/Desktop/dev/AI/mobile/game_df/ios-build/Il2CppOutputProject/Source/il2cppOutput/Generics__123.cpp
[2974/3487  0s] CopyFiles /Users/tuantu/Desktop/dev/AI/mobile/game_df/ios-build/Il2CppOutputProject/Source/il2cppOutput/Generics__153.cpp
[2975/3487  0s] CopyFiles /Users/tuantu/Desktop/dev/AI/mobile/game_df/ios-build/Il2CppOutputProject/Source/il2cppOutput/Generics__128.cpp
[2976/3487  0s] CopyFiles /Users/tuantu/Desktop/dev/AI/mobile/game_df/ios-build/Il2CppOutputProject/Source/il2cppOutput/Generics__100.cpp
[2977/3487  0s] CopyFiles /Users/tuantu/Desktop/dev/AI/mobile/game_df/ios-build/Il2CppOutputProject/Source/il2cppOutput/Generics__107.cpp
[2978/3487  0s] CopyFiles /Users/tuantu/Desktop/dev/AI/mobile/game_df/ios-build/Il2CppOutputProject/Source/il2cppOutput/Generics__129.cpp
[2979/3487  0s] CopyFiles /Users/tuantu/Desktop/dev/AI/mobile/game_df/ios-build/Il2CppOutputProject/Source/il2cppOutput/Generics__131.cpp
[2980/3487  0s] CopyFiles /Users/tuantu/Desktop/dev/AI/mobile/game_df/ios-build/Il2CppOutputProject/Source/il2cppOutput/Generics__143.cpp
[2981/3487  0s] CopyFiles /Users/tuantu/Desktop/dev/AI/mobile/game_df/ios-build/Il2CppOutputProject/Source/il2cppOutput/Generics__108.cpp
[2982/3487  0s] CopyFiles /Users/tuantu/Desktop/dev/AI/mobile/game_df/ios-build/Il2CppOutputProject/Source/il2cppOutput/Generics__101.cpp
[2983/3487  0s] CopyFiles /Users/tuantu/Desktop/dev/AI/mobile/game_df/ios-build/Il2CppOutputProject/Source/il2cppOutput/Generics__139.cpp
[2984/3487  0s] CopyFiles /Users/tuantu/Desktop/dev/AI/mobile/game_df/ios-build/Il2CppOutputProject/Source/il2cppOutput/Mono.Security.cpp
[2985/3487  0s] CopyFiles /Users/tuantu/Desktop/dev/AI/mobile/game_df/ios-build/Il2CppOutputProject/Source/il2cppOutput/Generics__138.cpp
[2986/3487  0s] CopyFiles /Users/tuantu/Desktop/dev/AI/mobile/game_df/ios-build/Il2CppOutputProject/Source/il2cppOutput/Generics__120.cpp
[2987/3487  0s] CopyFiles /Users/tuantu/Desktop/dev/AI/mobile/game_df/ios-build/Il2CppOutputProject/Source/il2cppOutput/Generics__126.cpp
[2988/3487  0s] CopyFiles /Users/tuantu/Desktop/dev/AI/mobile/game_df/ios-build/Il2CppOutputProject/Source/il2cppOutput/Generics__134.cpp
[2989/3487  0s] CopyFiles /Users/tuantu/Desktop/dev/AI/mobile/game_df/ios-build/Il2CppOutputProject/Source/il2cppOutput/Generics__117.cpp
[2990/3487  0s] CopyFiles /Users/tuantu/Desktop/dev/AI/mobile/game_df/ios-build/Il2CppOutputProject/Source/il2cppOutput/Generics__145.cpp
[2991/3487  0s] CopyFiles /Users/tuantu/Desktop/dev/AI/mobile/game_df/ios-build/Il2CppOutputProject/Source/il2cppOutput/Generics__150.cpp
[2992/3487  0s] CopyFiles /Users/tuantu/Desktop/dev/AI/mobile/game_df/ios-build/Il2CppOutputProject/Source/il2cppOutput/Generics__157.cpp
[2993/3487  0s] CopyFiles /Users/tuantu/Desktop/dev/AI/mobile/game_df/ios-build/Il2CppOutputProject/Source/il2cppOutput/Generics__121.cpp
[2994/3487  0s] CopyFiles /Users/tuantu/Desktop/dev/AI/mobile/game_df/ios-build/Il2CppOutputProject/Source/il2cppOutput/__Generated.cpp
[2995/3487  0s] CopyFiles /Users/tuantu/Desktop/dev/AI/mobile/game_df/ios-build/Il2CppOutputProject/Source/il2cppOutput/System.Core.cpp
[2996/3487  0s] CopyFiles /Users/tuantu/Desktop/dev/AI/mobile/game_df/ios-build/Il2CppOutputProject/Source/il2cppOutput/Generics__144.cpp
[2997/3487  0s] CopyFiles /Users/tuantu/Desktop/dev/AI/mobile/game_df/ios-build/Il2CppOutputProject/Source/il2cppOutput/mscorlib__4.cpp
[2998/3487  0s] CopyFiles /Users/tuantu/Desktop/dev/AI/mobile/game_df/ios-build/Il2CppOutputProject/Source/il2cppOutput/mscorlib__6.cpp
[2999/3487  0s] CopyFiles /Users/tuantu/Desktop/dev/AI/mobile/game_df/ios-build/Il2CppOutputProject/Source/il2cppOutput/Generics__6.cpp
[3000/3487  0s] CopyFiles /Users/tuantu/Desktop/dev/AI/mobile/game_df/ios-build/Il2CppOutputProject/Source/il2cppOutput/Generics__8.cpp
[3001/3487  0s] CopyFiles /Users/tuantu/Desktop/dev/AI/mobile/game_df/ios-build/Il2CppOutputProject/Source/il2cppOutput/mscorlib__8.cpp
[3002/3487  0s] CopyFiles /Users/tuantu/Desktop/dev/AI/mobile/game_df/ios-build/Il2CppOutputProject/Source/il2cppOutput/Generics__4.cpp
[3003/3487  0s] CopyFiles /Users/tuantu/Desktop/dev/AI/mobile/game_df/ios-build/Il2CppOutputProject/Source/il2cppOutput/UnityEngine.cpp
[3004/3487  0s] CopyFiles /Users/tuantu/Desktop/dev/AI/mobile/game_df/ios-build/Il2CppOutputProject/Source/il2cppOutput/mscorlib__9.cpp
[3005/3487  0s] CopyFiles /Users/tuantu/Desktop/dev/AI/mobile/game_df/ios-build/Il2CppOutputProject/Source/il2cppOutput/Unity.Burst.cpp
[3006/3487  0s] CopyFiles /Users/tuantu/Desktop/dev/AI/mobile/game_df/ios-build/Il2CppOutputProject/Source/il2cppOutput/Generics__1.cpp
[3007/3487  0s] CopyFiles /Users/tuantu/Desktop/dev/AI/mobile/game_df/ios-build/Il2CppOutputProject/Source/il2cppOutput/mscorlib__5.cpp
[3008/3487  0s] CopyFiles /Users/tuantu/Desktop/dev/AI/mobile/game_df/ios-build/Il2CppOutputProject/Source/il2cppOutput/mscorlib__1.cpp
[3009/3487  0s] CopyFiles /Users/tuantu/Desktop/dev/AI/mobile/game_df/ios-build/Il2CppOutputProject/Source/il2cppOutput/Generics__9.cpp
[3010/3487  0s] CopyFiles /Users/tuantu/Desktop/dev/AI/mobile/game_df/ios-build/Il2CppOutputProject/Source/il2cppOutput/Generics__5.cpp
[3011/3487  0s] CopyFiles /Users/tuantu/Desktop/dev/AI/mobile/game_df/ios-build/Il2CppOutputProject/Source/il2cppOutput/LaMuralla.Core__1.cpp
[3012/3487  0s] CopyFiles /Users/tuantu/Desktop/dev/AI/mobile/game_df/ios-build/Il2CppOutputProject/Source/il2cppOutput/mscorlib__3.cpp
[3013/3487  0s] CopyFiles /Users/tuantu/Desktop/dev/AI/mobile/game_df/ios-build/Il2CppOutputProject/Source/il2cppOutput/__Generated_CodeGen.c
[3014/3487  0s] CopyFiles /Users/tuantu/Desktop/dev/AI/mobile/game_df/ios-build/Il2CppOutputProject/Source/il2cppOutput/mscorlib__7.cpp
[3015/3487  0s] CopyFiles /Users/tuantu/Desktop/dev/AI/mobile/game_df/ios-build/Il2CppOutputProject/Source/il2cppOutput/Generics__7.cpp
[3016/3487  0s] CopyFiles /Users/tuantu/Desktop/dev/AI/mobile/game_df/ios-build/Il2CppOutputProject/Source/il2cppOutput/Generics__3.cpp
[3017/3487  0s] CopyFiles /Users/tuantu/Desktop/dev/AI/mobile/game_df/ios-build/Il2CppOutputProject/Source/il2cppOutput/mscorlib__2.cpp
[3018/3487  0s] CopyFiles /Users/tuantu/Desktop/dev/AI/mobile/game_df/ios-build/Il2CppOutputProject/Source/il2cppOutput/System.Core_CodeGen.c
[3019/3487  0s] CopyFiles /Users/tuantu/Desktop/dev/AI/mobile/game_df/ios-build/Il2CppOutputProject/Source/il2cppOutput/Generics__2.cpp
[3020/3487  0s] CopyFiles /Users/tuantu/Desktop/dev/AI/mobile/game_df/ios-build/Il2CppOutputProject/Source/il2cppOutput/UnityEngine.UI__3.cpp
[3021/3487  0s] CopyFiles /Users/tuantu/Desktop/dev/AI/mobile/game_df/ios-build/Il2CppOutputProject/Source/il2cppOutput/GenericMethods__8.cpp
[3022/3487  0s] CopyFiles /Users/tuantu/Desktop/dev/AI/mobile/game_df/ios-build/Il2CppOutputProject/Source/il2cppOutput/GenericMethods__1.cpp
[3023/3487  0s] CopyFiles /Users/tuantu/Desktop/dev/AI/mobile/game_df/ios-build/Il2CppOutputProject/Source/il2cppOutput/Unity.InputSystem.cpp
[3024/3487  0s] CopyFiles /Users/tuantu/Desktop/dev/AI/mobile/game_df/ios-build/Il2CppOutputProject/Source/il2cppOutput/GenericMethods__4.cpp
[3025/3487  0s] CopyFiles /Users/tuantu/Desktop/dev/AI/mobile/game_df/ios-build/Il2CppOutputProject/Source/il2cppOutput/GenericMethods__2.cpp
[3026/3487  0s] CopyFiles /Users/tuantu/Desktop/dev/AI/mobile/game_df/ios-build/Il2CppOutputProject/Source/il2cppOutput/GenericMethods__7.cpp
[3027/3487  0s] CopyFiles /Users/tuantu/Desktop/dev/AI/mobile/game_df/ios-build/Il2CppOutputProject/Source/il2cppOutput/UnityEngine_CodeGen.c
[3028/3487  0s] CopyFiles /Users/tuantu/Desktop/dev/AI/mobile/game_df/ios-build/Il2CppOutputProject/Source/il2cppOutput/Unity.Burst_CodeGen.c
[3029/3487  0s] CopyFiles /Users/tuantu/Desktop/dev/AI/mobile/game_df/ios-build/Il2CppOutputProject/Source/il2cppOutput/GenericMethods__6.cpp
[3030/3487  0s] CopyFiles /Users/tuantu/Desktop/dev/AI/mobile/game_df/ios-build/Il2CppOutputProject/Source/il2cppOutput/UnityEngine.UI__1.cpp
[3031/3487  0s] CopyFiles /Users/tuantu/Desktop/dev/AI/mobile/game_df/ios-build/Il2CppOutputProject/Source/il2cppOutput/Unity.Collections.cpp
[3032/3487  0s] CopyFiles /Users/tuantu/Desktop/dev/AI/mobile/game_df/ios-build/Il2CppOutputProject/Source/il2cppOutput/GenericMethods__9.cpp
[3033/3487  0s] CopyFiles /Users/tuantu/Desktop/dev/AI/mobile/game_df/ios-build/Il2CppOutputProject/Source/il2cppOutput/GenericMethods__3.cpp
[3034/3487  0s] CopyFiles /Users/tuantu/Desktop/dev/AI/mobile/game_df/ios-build/Il2CppOutputProject/Source/il2cppOutput/GenericMethods__5.cpp
[3035/3487  0s] CopyFiles /Users/tuantu/Desktop/dev/AI/mobile/game_df/ios-build/Il2CppOutputProject/Source/il2cppOutput/UnityEngine.UI__2.cpp
[3036/3487  0s] CopyFiles /Users/tuantu/Desktop/dev/AI/mobile/game_df/ios-build/Il2CppOutputProject/Source/il2cppOutput/Generics__93.cpp
[3037/3487  0s] CopyFiles /Users/tuantu/Desktop/dev/AI/mobile/game_df/ios-build/Il2CppOutputProject/Source/il2cppOutput/Il2CppMetadataUsage.c
[3038/3487  0s] CopyFiles /Users/tuantu/Desktop/dev/AI/mobile/game_df/ios-build/Il2CppOutputProject/Source/il2cppOutput/Generics__96.cpp
[3039/3487  0s] CopyFiles /Users/tuantu/Desktop/dev/AI/mobile/game_df/ios-build/Il2CppOutputProject/Source/il2cppOutput/Generics__92.cpp
[3040/3487  0s] CopyFiles /Users/tuantu/Desktop/dev/AI/mobile/game_df/ios-build/Il2CppOutputProject/Source/il2cppOutput/Generics__38.cpp
[3041/3487  0s] CopyFiles /Users/tuantu/Desktop/dev/AI/mobile/game_df/ios-build/Il2CppOutputProject/Source/il2cppOutput/Generics__62.cpp
[3042/3487  0s] CopyFiles /Users/tuantu/Desktop/dev/AI/mobile/game_df/ios-build/Il2CppOutputProject/Source/il2cppOutput/mscorlib__16.cpp
[3043/3487  0s] CopyFiles /Users/tuantu/Desktop/dev/AI/mobile/game_df/ios-build/Il2CppOutputProject/Source/il2cppOutput/Generics__40.cpp
[3044/3487  0s] CopyFiles /Users/tuantu/Desktop/dev/AI/mobile/game_df/ios-build/Il2CppOutputProject/Source/il2cppOutput/Generics__16.cpp
[3045/3487  0s] CopyFiles /Users/tuantu/Desktop/dev/AI/mobile/game_df/ios-build/Il2CppOutputProject/Source/il2cppOutput/Generics__98.cpp
[3046/3487  0s] CopyFiles /Users/tuantu/Desktop/dev/AI/mobile/game_df/ios-build/Il2CppOutputProject/Source/il2cppOutput/Generics__35.cpp
[3047/3487  0s] CopyFiles /Users/tuantu/Desktop/dev/AI/mobile/game_df/ios-build/Il2CppOutputProject/Source/il2cppOutput/Generics__37.cpp
[3048/3487  0s] CopyFiles /Users/tuantu/Desktop/dev/AI/mobile/game_df/ios-build/Il2CppOutputProject/Source/il2cppOutput/Generics__54.cpp
[3049/3487  0s] CopyFiles /Users/tuantu/Desktop/dev/AI/mobile/game_df/ios-build/Il2CppOutputProject/Source/il2cppOutput/mscorlib__15.cpp
[3050/3487  0s] CopyFiles /Users/tuantu/Desktop/dev/AI/mobile/game_df/ios-build/Il2CppOutputProject/Source/il2cppOutput/mscorlib__12.cpp
[3051/3487  0s] CopyFiles /Users/tuantu/Desktop/dev/AI/mobile/game_df/ios-build/Il2CppOutputProject/Source/il2cppOutput/Generics__66.cpp
[3052/3487  0s] CopyFiles /Users/tuantu/Desktop/dev/AI/mobile/game_df/ios-build/Il2CppOutputProject/Source/il2cppOutput/Generics__43.cpp
[3053/3487  0s] CopyFiles /Users/tuantu/Desktop/dev/AI/mobile/game_df/ios-build/Il2CppOutputProject/Source/il2cppOutput/Generics__15.cpp
[3054/3487  0s] CopyFiles /Users/tuantu/Desktop/dev/AI/mobile/game_df/ios-build/Il2CppOutputProject/Source/il2cppOutput/Generics__89.cpp
[3055/3487  0s] CopyFiles /Users/tuantu/Desktop/dev/AI/mobile/game_df/ios-build/Il2CppOutputProject/Source/il2cppOutput/Generics__12.cpp
[3056/3487  0s] CopyFiles /Users/tuantu/Desktop/dev/AI/mobile/game_df/ios-build/Il2CppOutputProject/Source/il2cppOutput/System_CodeGen.c
[3057/3487  0s] CopyFiles /Users/tuantu/Desktop/dev/AI/mobile/game_df/ios-build/Il2CppOutputProject/Source/il2cppOutput/Generics__41.cpp
[3058/3487  0s] CopyFiles /Users/tuantu/Desktop/dev/AI/mobile/game_df/ios-build/Il2CppOutputProject/Source/il2cppOutput/mscorlib__13.cpp
[3059/3487  0s] CopyFiles /Users/tuantu/Desktop/dev/AI/mobile/game_df/ios-build/Il2CppOutputProject/Source/il2cppOutput/Generics__59.cpp
[3060/3487  0s] CopyFiles /Users/tuantu/Desktop/dev/AI/mobile/game_df/ios-build/Il2CppOutputProject/Source/il2cppOutput/Generics__13.cpp
[3061/3487  0s] CopyFiles /Users/tuantu/Desktop/dev/AI/mobile/game_df/ios-build/Il2CppOutputProject/Source/il2cppOutput/Generics__17.cpp
[3062/3487  0s] CopyFiles /Users/tuantu/Desktop/dev/AI/mobile/game_df/ios-build/Il2CppOutputProject/Source/il2cppOutput/Generics__29.cpp
[3063/3487  0s] CopyFiles /Users/tuantu/Desktop/dev/AI/mobile/game_df/ios-build/Il2CppOutputProject/Source/il2cppOutput/mscorlib__17.cpp
[3064/3487  0s] CopyFiles /Users/tuantu/Desktop/dev/AI/mobile/game_df/ios-build/Il2CppOutputProject/Source/il2cppOutput/Generics__46.cpp
[3065/3487  0s] CopyFiles /Users/tuantu/Desktop/dev/AI/mobile/game_df/ios-build/Il2CppOutputProject/Source/il2cppOutput/Generics__45.cpp
[3066/3487  0s] CopyFiles /Users/tuantu/Desktop/dev/AI/mobile/game_df/ios-build/Il2CppOutputProject/Source/il2cppOutput/Generics__23.cpp
[3067/3487  0s] CopyFiles /Users/tuantu/Desktop/dev/AI/mobile/game_df/ios-build/Il2CppOutputProject/Source/il2cppOutput/Generics__53.cpp
[3068/3487  0s] CopyFiles /Users/tuantu/Desktop/dev/AI/mobile/game_df/ios-build/Il2CppOutputProject/Source/il2cppOutput/Generics__86.cpp
[3069/3487  0s] CopyFiles /Users/tuantu/Desktop/dev/AI/mobile/game_df/ios-build/Il2CppOutputProject/Source/il2cppOutput/Generics__47.cpp
[3070/3487  0s] CopyFiles /Users/tuantu/Desktop/dev/AI/mobile/game_df/ios-build/Il2CppOutputProject/Source/il2cppOutput/Generics__25.cpp
[3071/3487  0s] CopyFiles /Users/tuantu/Desktop/dev/AI/mobile/game_df/ios-build/Il2CppOutputProject/Source/il2cppOutput/mscorlib__14.cpp
[3072/3487  0s] CopyFiles /Users/tuantu/Desktop/dev/AI/mobile/game_df/ios-build/Il2CppOutputProject/Source/il2cppOutput/Generics__14.cpp
[3073/3487  0s] CopyFiles /Users/tuantu/Desktop/dev/AI/mobile/game_df/ios-build/Il2CppOutputProject/Source/il2cppOutput/Generics__94.cpp
[3074/3487  0s] CopyFiles /Users/tuantu/Desktop/dev/AI/mobile/game_df/ios-build/Il2CppOutputProject/Source/il2cppOutput/Generics__68.cpp
[3075/3487  0s] CopyFiles /Users/tuantu/Desktop/dev/AI/mobile/game_df/ios-build/Il2CppOutputProject/Source/il2cppOutput/Generics__63.cpp
[3076/3487  0s] CopyFiles /Users/tuantu/Desktop/dev/AI/mobile/game_df/ios-build/Il2CppOutputProject/Source/il2cppOutput/Generics__24.cpp
[3077/3487  0s] CopyFiles /Users/tuantu/Desktop/dev/AI/mobile/game_df/ios-build/Il2CppOutputProject/Source/il2cppOutput/Generics__52.cpp
[3078/3487  0s] CopyFiles /Users/tuantu/Desktop/dev/AI/mobile/game_df/ios-build/Il2CppOutputProject/Source/il2cppOutput/Generics__85.cpp
[3079/3487  0s] CopyFiles /Users/tuantu/Desktop/dev/AI/mobile/game_df/ios-build/Il2CppOutputProject/Source/il2cppOutput/Generics__26.cpp
[3080/3487  0s] CopyFiles /Users/tuantu/Desktop/dev/AI/mobile/game_df/ios-build/Il2CppOutputProject/Source/il2cppOutput/Generics__84.cpp
[3081/3487  0s] CopyFiles /Users/tuantu/Desktop/dev/AI/mobile/game_df/ios-build/Il2CppOutputProject/Source/il2cppOutput/Generics__80.cpp
[3082/3487  0s] CopyFiles /Users/tuantu/Desktop/dev/AI/mobile/game_df/ios-build/Il2CppOutputProject/Source/il2cppOutput/Generics__48.cpp
[3083/3487  0s] CopyFiles /Users/tuantu/Desktop/dev/AI/mobile/game_df/ios-build/Il2CppOutputProject/Source/il2cppOutput/Generics__36.cpp
[3084/3487  0s] CopyFiles /Users/tuantu/Desktop/dev/AI/mobile/game_df/ios-build/Il2CppOutputProject/Source/il2cppOutput/Generics__72.cpp
[3085/3487  0s] CopyFiles /Users/tuantu/Desktop/dev/AI/mobile/game_df/ios-build/Il2CppOutputProject/Source/il2cppOutput/Generics__75.cpp
[3086/3487  0s] CopyFiles /Users/tuantu/Desktop/dev/AI/mobile/game_df/ios-build/Il2CppOutputProject/Source/il2cppOutput/Generics__79.cpp
[3087/3487  0s] CopyFiles /Users/tuantu/Desktop/dev/AI/mobile/game_df/ios-build/Il2CppOutputProject/Source/il2cppOutput/Generics__60.cpp
[3088/3487  0s] CopyFiles /Users/tuantu/Desktop/dev/AI/mobile/game_df/ios-build/Il2CppOutputProject/Source/il2cppOutput/Generics__77.cpp
[3089/3487  0s] CopyFiles /Users/tuantu/Desktop/dev/AI/mobile/game_df/ios-build/Il2CppOutputProject/Source/il2cppOutput/Generics__28.cpp
[3090/3487  0s] CopyFiles /Users/tuantu/Desktop/dev/AI/mobile/game_df/ios-build/Il2CppOutputProject/Source/il2cppOutput/Generics__82.cpp
[3091/3487  0s] CopyFiles /Users/tuantu/Desktop/dev/AI/mobile/game_df/ios-build/Il2CppOutputProject/Source/il2cppOutput/Generics__90.cpp
[3092/3487  0s] CopyFiles /Users/tuantu/Desktop/dev/AI/mobile/game_df/ios-build/Il2CppOutputProject/Source/il2cppOutput/Generics__56.cpp
[3093/3487  0s] CopyFiles /Users/tuantu/Desktop/dev/AI/mobile/game_df/ios-build/Il2CppOutputProject/Source/il2cppOutput/Generics__81.cpp
[3094/3487  0s] CopyFiles /Users/tuantu/Desktop/dev/AI/mobile/game_df/ios-build/Il2CppOutputProject/Source/il2cppOutput/Generics__21.cpp
[3095/3487  0s] CopyFiles /Users/tuantu/Desktop/dev/AI/mobile/game_df/ios-build/Il2CppOutputProject/Source/il2cppOutput/Generics__67.cpp
[3096/3487  0s] CopyFiles /Users/tuantu/Desktop/dev/AI/mobile/game_df/ios-build/Il2CppOutputProject/Source/il2cppOutput/mscorlib__18.cpp
[3097/3487  0s] CopyFiles /Users/tuantu/Desktop/dev/AI/mobile/game_df/ios-build/Il2CppOutputProject/Source/il2cppOutput/Generics__64.cpp
[3098/3487  0s] CopyFiles /Users/tuantu/Desktop/dev/AI/mobile/game_df/ios-build/Il2CppOutputProject/Source/il2cppOutput/Generics__18.cpp
[3099/3487  0s] CopyFiles /Users/tuantu/Desktop/dev/AI/mobile/game_df/ios-build/Il2CppOutputProject/Source/il2cppOutput/Generics__55.cpp
[3100/3487  0s] CopyFiles /Users/tuantu/Desktop/dev/AI/mobile/game_df/ios-build/Il2CppOutputProject/Source/il2cppOutput/Generics__44.cpp
[3101/3487  0s] CopyFiles /Users/tuantu/Desktop/dev/AI/mobile/game_df/ios-build/Il2CppOutputProject/Source/il2cppOutput/Generics__61.cpp
[3102/3487  0s] CopyFiles /Users/tuantu/Desktop/dev/AI/mobile/game_df/ios-build/Il2CppOutputProject/Source/il2cppOutput/Generics__27.cpp
[3103/3487  0s] CopyFiles /Users/tuantu/Desktop/dev/AI/mobile/game_df/ios-build/Il2CppOutputProject/Source/il2cppOutput/mscorlib__11.cpp
[3104/3487  0s] CopyFiles /Users/tuantu/Desktop/dev/AI/mobile/game_df/ios-build/Il2CppOutputProject/Source/il2cppOutput/Generics__74.cpp
[3105/3487  0s] CopyFiles /Users/tuantu/Desktop/dev/AI/mobile/game_df/ios-build/Il2CppOutputProject/Source/il2cppOutput/Generics__11.cpp
[3106/3487  0s] CopyFiles /Users/tuantu/Desktop/dev/AI/mobile/game_df/ios-build/Il2CppOutputProject/Source/il2cppOutput/Generics__83.cpp
[3107/3487  0s] CopyFiles /Users/tuantu/Desktop/dev/AI/mobile/game_df/ios-build/Il2CppOutputProject/Source/il2cppOutput/Generics__42.cpp
[3108/3487  0s] CopyFiles /Users/tuantu/Desktop/dev/AI/mobile/game_df/ios-build/Il2CppOutputProject/Source/il2cppOutput/Generics__31.cpp
[3109/3487  0s] CopyFiles /Users/tuantu/Desktop/dev/AI/mobile/game_df/ios-build/Il2CppOutputProject/Source/il2cppOutput/Generics__33.cpp
[3110/3487  0s] CopyFiles /Users/tuantu/Desktop/dev/AI/mobile/game_df/ios-build/Il2CppOutputProject/Source/il2cppOutput/Generics__30.cpp
[3111/3487  0s] CopyFiles /Users/tuantu/Desktop/dev/AI/mobile/game_df/ios-build/Il2CppOutputProject/Source/il2cppOutput/Generics__57.cpp
[3112/3487  0s] CopyFiles /Users/tuantu/Desktop/dev/AI/mobile/game_df/ios-build/Il2CppOutputProject/Source/il2cppOutput/Generics__87.cpp
[3113/3487  0s] CopyFiles /Users/tuantu/Desktop/dev/AI/mobile/game_df/ios-build/Il2CppOutputProject/Source/il2cppOutput/Generics__70.cpp
[3114/3487  0s] CopyFiles /Users/tuantu/Desktop/dev/AI/mobile/game_df/ios-build/Il2CppOutputProject/Source/il2cppOutput/mscorlib__10.cpp
[3115/3487  0s] CopyFiles /Users/tuantu/Desktop/dev/AI/mobile/game_df/ios-build/Il2CppOutputProject/Source/il2cppOutput/Generics__34.cpp
[3116/3487  0s] CopyFiles /Users/tuantu/Desktop/dev/AI/mobile/game_df/ios-build/Il2CppOutputProject/Source/il2cppOutput/Generics__88.cpp
[3117/3487  0s] CopyFiles /Users/tuantu/Desktop/dev/AI/mobile/game_df/ios-build/Il2CppOutputProject/Source/il2cppOutput/Generics__10.cpp
[3118/3487  0s] CopyFiles /Users/tuantu/Desktop/dev/AI/mobile/game_df/ios-build/Il2CppOutputProject/Source/il2cppOutput/Generics__97.cpp
[3119/3487  0s] CopyFiles /Users/tuantu/Desktop/dev/AI/mobile/game_df/ios-build/Il2CppOutputProject/Source/il2cppOutput/Generics__76.cpp
[3120/3487  0s] CopyFiles /Users/tuantu/Desktop/dev/AI/mobile/game_df/ios-build/Il2CppOutputProject/Source/il2cppOutput/Generics__39.cpp
[3121/3487  0s] CopyFiles /Users/tuantu/Desktop/dev/AI/mobile/game_df/ios-build/Il2CppOutputProject/Source/il2cppOutput/Generics__95.cpp
[3122/3487  0s] CopyFiles /Users/tuantu/Desktop/dev/AI/mobile/game_df/ios-build/Il2CppOutputProject/Source/il2cppOutput/Generics__32.cpp
[3123/3487  0s] CopyFiles /Users/tuantu/Desktop/dev/AI/mobile/game_df/ios-build/Il2CppOutputProject/Source/il2cppOutput/Generics__22.cpp
[3124/3487  0s] CopyFiles /Users/tuantu/Desktop/dev/AI/mobile/game_df/ios-build/Il2CppOutputProject/Source/il2cppOutput/Generics__73.cpp
[3125/3487  0s] CopyFiles /Users/tuantu/Desktop/dev/AI/mobile/game_df/ios-build/Il2CppOutputProject/Source/il2cppOutput/Generics__19.cpp
[3126/3487  0s] CopyFiles /Users/tuantu/Desktop/dev/AI/mobile/game_df/ios-build/Il2CppOutputProject/Source/il2cppOutput/Generics__50.cpp
[3127/3487  0s] CopyFiles /Users/tuantu/Desktop/dev/AI/mobile/game_df/ios-build/Il2CppOutputProject/Source/il2cppOutput/Generics__65.cpp
[3128/3487  0s] CopyFiles /Users/tuantu/Desktop/dev/AI/mobile/game_df/ios-build/Il2CppOutputProject/Source/il2cppOutput/Generics__20.cpp
[3129/3487  0s] CopyFiles /Users/tuantu/Desktop/dev/AI/mobile/game_df/ios-build/Il2CppOutputProject/Source/il2cppOutput/Generics__49.cpp
[3130/3487  0s] CopyFiles /Users/tuantu/Desktop/dev/AI/mobile/game_df/ios-build/Il2CppOutputProject/Source/il2cppOutput/Generics__71.cpp
[3131/3487  0s] CopyFiles /Users/tuantu/Desktop/dev/AI/mobile/game_df/ios-build/Il2CppOutputProject/Source/il2cppOutput/Generics__99.cpp
[3132/3487  0s] CopyFiles /Users/tuantu/Desktop/dev/AI/mobile/game_df/ios-build/Il2CppOutputProject/Source/il2cppOutput/Generics__51.cpp
[3133/3487  0s] CopyFiles /Users/tuantu/Desktop/dev/AI/mobile/game_df/ios-build/Il2CppOutputProject/Source/il2cppOutput/Generics__91.cpp
[3134/3487  0s] CopyFiles /Users/tuantu/Desktop/dev/AI/mobile/game_df/ios-build/Il2CppOutputProject/Source/il2cppOutput/Generics__78.cpp
[3135/3487  0s] CopyFiles /Users/tuantu/Desktop/dev/AI/mobile/game_df/ios-build/Il2CppOutputProject/Source/il2cppOutput/GenericMethods__40.cpp
[3136/3487  0s] CopyFiles /Users/tuantu/Desktop/dev/AI/mobile/game_df/ios-build/Il2CppOutputProject/Source/il2cppOutput/Generics__69.cpp
[3137/3487  0s] CopyFiles /Users/tuantu/Desktop/dev/AI/mobile/game_df/ios-build/Il2CppOutputProject/Source/il2cppOutput/GenericMethods__12.cpp
[3138/3487  0s] CopyFiles /Users/tuantu/Desktop/dev/AI/mobile/game_df/ios-build/Il2CppOutputProject/Source/il2cppOutput/Unity.Burst.Unsafe.cpp
[3139/3487  0s] CopyFiles /Users/tuantu/Desktop/dev/AI/mobile/game_df/ios-build/Il2CppOutputProject/Source/il2cppOutput/GenericMethods__26.cpp
[3140/3487  0s] CopyFiles /Users/tuantu/Desktop/dev/AI/mobile/game_df/ios-build/Il2CppOutputProject/Source/il2cppOutput/GenericMethods__10.cpp
[3141/3487  0s] CopyFiles /Users/tuantu/Desktop/dev/AI/mobile/game_df/ios-build/Il2CppOutputProject/Source/il2cppOutput/Generics__58.cpp
[3142/3487  0s] CopyFiles /Users/tuantu/Desktop/dev/AI/mobile/game_df/ios-build/Il2CppOutputProject/Source/il2cppOutput/GenericMethods__21.cpp
[3143/3487  0s] CopyFiles /Users/tuantu/Desktop/dev/AI/mobile/game_df/ios-build/Il2CppOutputProject/Source/il2cppOutput/GenericMethods__16.cpp
[3144/3487  0s] CopyFiles /Users/tuantu/Desktop/dev/AI/mobile/game_df/ios-build/Il2CppOutputProject/Source/il2cppOutput/GenericMethods__29.cpp
[3145/3487  0s] CopyFiles /Users/tuantu/Desktop/dev/AI/mobile/game_df/ios-build/Il2CppOutputProject/Source/il2cppOutput/GenericMethods__41.cpp
[3146/3487  0s] CopyFiles /Users/tuantu/Desktop/dev/AI/mobile/game_df/ios-build/Il2CppOutputProject/Source/il2cppOutput/GenericMethods__39.cpp
[3147/3487  0s] CopyFiles /Users/tuantu/Desktop/dev/AI/mobile/game_df/ios-build/Il2CppOutputProject/Source/il2cppOutput/GenericMethods__28.cpp
[3148/3487  0s] CopyFiles /Users/tuantu/Desktop/dev/AI/mobile/game_df/ios-build/Il2CppOutputProject/Source/il2cppOutput/GenericMethods__13.cpp
[3149/3487  0s] CopyFiles /Users/tuantu/Desktop/dev/AI/mobile/game_df/ios-build/Il2CppOutputProject/Source/il2cppOutput/LaMuralla.Unity__1.cpp
[3150/3487  0s] CopyFiles /Users/tuantu/Desktop/dev/AI/mobile/game_df/ios-build/Il2CppOutputProject/Source/il2cppOutput/GenericMethods__43.cpp
[3151/3487  0s] CopyFiles /Users/tuantu/Desktop/dev/AI/mobile/game_df/ios-build/Il2CppOutputProject/Source/il2cppOutput/GenericMethods__27.cpp
[3152/3487  0s] CopyFiles /Users/tuantu/Desktop/dev/AI/mobile/game_df/ios-build/Il2CppOutputProject/Source/il2cppOutput/GenericMethods__38.cpp
[3153/3487  0s] CopyFiles /Users/tuantu/Desktop/dev/AI/mobile/game_df/ios-build/Il2CppOutputProject/Source/il2cppOutput/GenericMethods__30.cpp
[3154/3487  0s] CopyFiles /Users/tuantu/Desktop/dev/AI/mobile/game_df/ios-build/Il2CppOutputProject/Source/il2cppOutput/GenericMethods__34.cpp
[3155/3487  0s] CopyFiles /Users/tuantu/Desktop/dev/AI/mobile/game_df/ios-build/Il2CppOutputProject/Source/il2cppOutput/GenericMethods__22.cpp
[3156/3487  0s] CopyFiles /Users/tuantu/Desktop/dev/AI/mobile/game_df/ios-build/Il2CppOutputProject/Source/il2cppOutput/GenericMethods__37.cpp
[3157/3487  0s] CopyFiles /Users/tuantu/Desktop/dev/AI/mobile/game_df/ios-build/Il2CppOutputProject/Source/il2cppOutput/GenericMethods__32.cpp
[3158/3487  0s] CopyFiles /Users/tuantu/Desktop/dev/AI/mobile/game_df/ios-build/Il2CppOutputProject/Source/il2cppOutput/GenericMethods__35.cpp
[3159/3487  0s] CopyFiles /Users/tuantu/Desktop/dev/AI/mobile/game_df/ios-build/Il2CppOutputProject/Source/il2cppOutput/GenericMethods__23.cpp
[3160/3487  0s] CopyFiles /Users/tuantu/Desktop/dev/AI/mobile/game_df/ios-build/Il2CppOutputProject/Source/il2cppOutput/GenericMethods__33.cpp
[3161/3487  0s] CopyFiles /Users/tuantu/Desktop/dev/AI/mobile/game_df/ios-build/Il2CppOutputProject/Source/il2cppOutput/GenericMethods__11.cpp
[3162/3487  0s] CopyFiles /Users/tuantu/Desktop/dev/AI/mobile/game_df/ios-build/Il2CppOutputProject/Source/il2cppOutput/GenericMethods__15.cpp
[3163/3487  0s] CopyFiles /Users/tuantu/Desktop/dev/AI/mobile/game_df/ios-build/Il2CppOutputProject/Source/il2cppOutput/GenericMethods__17.cpp
[3164/3487  0s] CopyFiles /Users/tuantu/Desktop/dev/AI/mobile/game_df/ios-build/Il2CppOutputProject/Source/il2cppOutput/GenericMethods__31.cpp
[3165/3487  0s] CopyFiles /Users/tuantu/Desktop/dev/AI/mobile/game_df/ios-build/Il2CppOutputProject/Source/il2cppOutput/GenericMethods__20.cpp
[3166/3487  0s] CopyFiles /Users/tuantu/Desktop/dev/AI/mobile/game_df/ios-build/Il2CppOutputProject/Source/il2cppOutput/GenericMethods__24.cpp
[3167/3487  0s] CopyFiles /Users/tuantu/Desktop/dev/AI/mobile/game_df/ios-build/Il2CppOutputProject/Source/il2cppOutput/GenericMethods__14.cpp
[3168/3487  0s] CopyFiles /Users/tuantu/Desktop/dev/AI/mobile/game_df/ios-build/Il2CppOutputProject/Source/il2cppOutput/GenericMethods__18.cpp
[3169/3487  0s] CopyFiles /Users/tuantu/Desktop/dev/AI/mobile/game_df/ios-build/Il2CppOutputProject/Source/il2cppOutput/Il2CppInvokerTable.cpp
[3170/3487  0s] CopyFiles /Users/tuantu/Desktop/dev/AI/mobile/game_df/ios-build/Il2CppOutputProject/Source/il2cppOutput/GenericMethods__36.cpp
[3171/3487  0s] CopyFiles /Users/tuantu/Desktop/dev/AI/mobile/game_df/ios-build/Il2CppOutputProject/Source/il2cppOutput/GenericMethods__25.cpp
[3172/3487  0s] CopyFiles /Users/tuantu/Desktop/dev/AI/mobile/game_df/ios-build/Il2CppOutputProject/Source/il2cppOutput/GenericMethods__42.cpp
[3173/3487  0s] CopyFiles /Users/tuantu/Desktop/dev/AI/mobile/game_df/ios-build/Il2CppOutputProject/Source/il2cppOutput/System__3.cpp
[3174/3487  0s] CopyFiles /Users/tuantu/Desktop/dev/AI/mobile/game_df/ios-build/Il2CppOutputProject/Source/il2cppOutput/GenericMethods__19.cpp
[3175/3487  0s] CopyFiles /Users/tuantu/Desktop/dev/AI/mobile/game_df/ios-build/Il2CppOutputProject/Source/il2cppOutput/System.Xml_CodeGen.c
[3176/3487  0s] CopyFiles /Users/tuantu/Desktop/dev/AI/mobile/game_df/ios-build/Il2CppOutputProject/Source/il2cppOutput/System__1.cpp
[3177/3487  0s] CopyFiles /Users/tuantu/Desktop/dev/AI/mobile/game_df/ios-build/Il2CppOutputProject/Source/il2cppOutput/System__2.cpp
[3178/3487  0s] CopyFiles /Users/tuantu/Desktop/dev/AI/mobile/game_df/ios-build/Il2CppOutputProject/Source/il2cppOutput/Unity.Burst__2.cpp
[3179/3487  0s] CopyFiles /Users/tuantu/Desktop/dev/AI/mobile/game_df/ios-build/Il2CppOutputProject/Source/il2cppOutput/Unity.RenderPipeline.Universal.ShaderLibrary.cpp
[3180/3487  0s] CopyFiles /Users/tuantu/Desktop/dev/AI/mobile/game_df/ios-build/Il2CppOutputProject/Source/il2cppOutput/UnityEngine.UI.cpp
[3181/3487  0s] CopyFiles /Users/tuantu/Desktop/dev/AI/mobile/game_df/ios-build/Il2CppOutputProject/Source/il2cppOutput/Unity.Burst__1.cpp
[3182/3487  0s] CopyFiles /Users/tuantu/Desktop/dev/AI/mobile/game_df/ios-build/Il2CppOutputProject/Source/il2cppOutput/GoogleMobileAds.Core_CodeGen.c
[3183/3487  0s] CopyFiles /Users/tuantu/Desktop/dev/AI/mobile/game_df/ios-build/Il2CppOutputProject/Source/il2cppOutput/GenericMethods.cpp
[3184/3487  0s] CopyFiles /Users/tuantu/Desktop/dev/AI/mobile/game_df/ios-build/Il2CppOutputProject/Source/il2cppOutput/System.Configuration_CodeGen.c
[3185/3487  0s] CopyFiles /Users/tuantu/Desktop/dev/AI/mobile/game_df/ios-build/Il2CppOutputProject/Source/il2cppOutput/LaMuralla.Core.cpp
[3186/3487  0s] CopyFiles /Users/tuantu/Desktop/dev/AI/mobile/game_df/ios-build/Il2CppOutputProject/Source/il2cppOutput/UnityEngine.IMGUIModule__1.cpp
[3187/3487  0s] CopyFiles /Users/tuantu/Desktop/dev/AI/mobile/game_df/ios-build/Il2CppOutputProject/Source/il2cppOutput/UnityEngine.UIModule_CodeGen.c
[3188/3487  0s] CopyFiles /Users/tuantu/Desktop/dev/AI/mobile/game_df/ios-build/Il2CppOutputProject/Source/il2cppOutput/mscorlib_CodeGen.c
[3189/3487  0s] CopyFiles /Users/tuantu/Desktop/dev/AI/mobile/game_df/ios-build/Il2CppOutputProject/Source/il2cppOutput/Il2CppRgctxTable.c
[3190/3487  0s] CopyFiles /Users/tuantu/Desktop/dev/AI/mobile/game_df/ios-build/Il2CppOutputProject/Source/il2cppOutput/Unity.RenderPipelines.Universal.2D.Runtime__2.cpp
[3191/3487  0s] CopyFiles /Users/tuantu/Desktop/dev/AI/mobile/game_df/ios-build/Il2CppOutputProject/Source/il2cppOutput/LaMuralla.Unity_CodeGen.c
[3192/3487  0s] CopyFiles /Users/tuantu/Desktop/dev/AI/mobile/game_df/ios-build/Il2CppOutputProject/Source/il2cppOutput/Unity.RenderPipelines.GPUDriven.Runtime__2.cpp
[3193/3487  0s] CopyFiles /Users/tuantu/Desktop/dev/AI/mobile/game_df/ios-build/Il2CppOutputProject/Source/il2cppOutput/Unity.RenderPipelines.Universal.Runtime__2.cpp
[3194/3487  0s] CopyFiles /Users/tuantu/Desktop/dev/AI/mobile/game_df/ios-build/Il2CppOutputProject/Source/il2cppOutput/GoogleMobileAds_CodeGen.c
[3195/3487  0s] CopyFiles /Users/tuantu/Desktop/dev/AI/mobile/game_df/ios-build/Il2CppOutputProject/Source/il2cppOutput/UnityEngine.VFXModule.cpp
[3196/3487  0s] CopyFiles /Users/tuantu/Desktop/dev/AI/mobile/game_df/ios-build/Il2CppOutputProject/Source/il2cppOutput/Unity.Collections.LowLevel.ILSupport_CodeGen.c
[3197/3487  0s] CopyFiles /Users/tuantu/Desktop/dev/AI/mobile/game_df/ios-build/Il2CppOutputProject/Source/il2cppOutput/Unity.InputSystem__10.cpp
[3198/3487  0s] CopyFiles /Users/tuantu/Desktop/dev/AI/mobile/game_df/ios-build/Il2CppOutputProject/Source/il2cppOutput/Unity.Scripting_CodeGen.c
[3199/3487  0s] CopyFiles /Users/tuantu/Desktop/dev/AI/mobile/game_df/ios-build/Data/Managed/Resources/mscorlib.dll-resources.dat
[3200/3487  0s] CopyFiles /Users/tuantu/Desktop/dev/AI/mobile/game_df/ios-build/Il2CppOutputProject/Source/il2cppOutput/Unity.RenderPipelines.Core.Runtime_CodeGen.c
[3201/3487  0s] CopyFiles /Users/tuantu/Desktop/dev/AI/mobile/game_df/ios-build/Il2CppOutputProject/Source/il2cppOutput/Il2CppCCalculateTypeValues.cpp
[3202/3487  0s] CopyFiles /Users/tuantu/Desktop/dev/AI/mobile/game_df/ios-build/Il2CppOutputProject/Source/il2cppOutput/Unity.InputSystem__11.cpp
[3203/3487  0s] CopyFiles /Users/tuantu/Desktop/dev/AI/mobile/game_df/ios-build/Il2CppOutputProject/Source/il2cppOutput/Il2CppGenericInstDefinitions.c
[3204/3487  0s] CopyFiles /Users/tuantu/Desktop/dev/AI/mobile/game_df/ios-build/Il2CppOutputProject/Source/il2cppOutput/Il2CppCCTypeValuesTable.c
[3205/3487  0s] CopyFiles /Users/tuantu/Desktop/dev/AI/mobile/game_df/ios-build/Il2CppOutputProject/Source/il2cppOutput/UnityEngine.AnimationModule_CodeGen.c
[3206/3487  0s] CopyFiles /Users/tuantu/Desktop/dev/AI/mobile/game_df/ios-build/Il2CppOutputProject/Source/il2cppOutput/UnityEngine.ImageConversionModule.cpp
[3207/3487  0s] CopyFiles /Users/tuantu/Desktop/dev/AI/mobile/game_df/ios-build/Il2CppOutputProject/Source/il2cppOutput/UnityEngine.Physics2DModule_CodeGen.c
[3208/3487  0s] CopyFiles /Users/tuantu/Desktop/dev/AI/mobile/game_df/ios-build/Il2CppOutputProject/Source/il2cppOutput/UnityEngine.TextCoreFontEngineModule_CodeGen.c
[3209/3487  0s] CopyFiles /Users/tuantu/Desktop/dev/AI/mobile/game_df/ios-build/Il2CppOutputProject/Source/il2cppOutput/UnityEngine.ScriptingModule_CodeGen.c
[3210/3487  0s] CopyFiles /Users/tuantu/Desktop/dev/AI/mobile/game_df/ios-build/Il2CppOutputProject/Source/il2cppOutput/UnityEngine.TextRenderingModule_CodeGen.c
[3211/3487  0s] CopyFiles /Users/tuantu/Desktop/dev/AI/mobile/game_df/ios-build/Il2CppOutputProject/Source/il2cppOutput/UnityEngine.SharedInternalsModule.cpp
[3212/3487  0s] CopyFiles /Users/tuantu/Desktop/dev/AI/mobile/game_df/ios-build/Il2CppOutputProject/Source/il2cppOutput/Il2CppGenericClassTable.c
[3213/3487  0s] CopyFiles /Users/tuantu/Desktop/dev/AI/mobile/game_df/ios-build/Il2CppOutputProject/Source/il2cppOutput/UnityEngine.JSONSerializeModule_CodeGen.c
[3214/3487  0s] CopyFiles /Users/tuantu/Desktop/dev/AI/mobile/game_df/ios-build/Il2CppOutputProject/Source/il2cppOutput/UnityEngine.HierarchyCoreModule_CodeGen.c
[3215/3487  0s] CopyFiles /Users/tuantu/Desktop/dev/AI/mobile/game_df/ios-build/Il2CppOutputProject/Source/il2cppOutput/UnityEngine.TextCoreTextEngineModule_CodeGen.c
[3216/3487  0s] CopyFiles /Users/tuantu/Desktop/dev/AI/mobile/game_df/ios-build/Il2CppOutputProject/Source/il2cppOutput/UnityEngine.PhysicsCore2DModule_CodeGen.c
[3217/3487  0s] CopyFiles /Users/tuantu/Desktop/dev/AI/mobile/game_df/ios-build/Il2CppOutputProject/Source/il2cppOutput/UnityEngine.UnityWebRequestModule.cpp
[3218/3487  0s] CopyFiles /Users/tuantu/Desktop/dev/AI/mobile/game_df/ios-build/Il2CppOutputProject/Source/il2cppOutput/Unity.RenderPipelines.Universal.2D.Runtime.cpp
[3219/3487  0s] CopyFiles /Users/tuantu/Desktop/dev/AI/mobile/game_df/ios-build/Il2CppOutputProject/Source/il2cppOutput/Unity.UnifiedRayTracing.Runtime_CodeGen.c
[3220/3487  0s] CopyFiles /Users/tuantu/Desktop/dev/AI/mobile/game_df/ios-build/Il2CppOutputProject/Source/il2cppOutput/Unity.RenderPipelines.Core.Runtime__4.cpp
[3221/3487  0s] CopyFiles /Users/tuantu/Desktop/dev/AI/mobile/game_df/ios-build/Il2CppOutputProject/Source/il2cppOutput/Il2CppUnresolvedIndirectCallStubs.cpp
[3222/3487  0s] CopyFiles /Users/tuantu/Desktop/dev/AI/mobile/game_df/ios-build/Il2CppOutputProject/Source/il2cppOutput/Unity.RenderPipelines.Core.Runtime__3.cpp
[3223/3487  0s] CopyFiles /Users/tuantu/Desktop/dev/AI/mobile/game_df/ios-build/Il2CppOutputProject/Source/il2cppOutput/Unity.RenderPipelines.Core.Runtime__5.cpp
[3224/3487  0s] CopyFiles /Users/tuantu/Desktop/dev/AI/mobile/game_df/ios-build/Il2CppOutputProject/Source/il2cppOutput/Unity.RenderPipelines.Core.Runtime__7.cpp
[3225/3487  0s] CopyFiles /Users/tuantu/Desktop/dev/AI/mobile/game_df/ios-build/Il2CppOutputProject/Source/il2cppOutput/Unity.RenderPipelines.Core.Runtime__1.cpp
[3226/3487  0s] CopyFiles /Users/tuantu/Desktop/dev/AI/mobile/game_df/ios-build/Il2CppOutputProject/Source/il2cppOutput/System.Runtime.CompilerServices.Unsafe.cpp
[3227/3487  0s] CopyFiles /Users/tuantu/Desktop/dev/AI/mobile/game_df/ios-build/Il2CppOutputProject/Source/il2cppOutput/Unity.RenderPipelines.Core.Runtime__8.cpp
[3228/3487  0s] CopyFiles /Users/tuantu/Desktop/dev/AI/mobile/game_df/ios-build/Il2CppOutputProject/Source/il2cppOutput/Unity.RenderPipelines.Core.Runtime__2.cpp
[3229/3487  0s] CopyFiles /Users/tuantu/Desktop/dev/AI/mobile/game_df/ios-build/Il2CppOutputProject/Source/il2cppOutput/Unity.RenderPipelines.Core.Runtime__10.cpp
[3230/3487  0s] CopyFiles /Users/tuantu/Desktop/dev/AI/mobile/game_df/ios-build/Il2CppOutputProject/Source/il2cppOutput/Il2CppCodeRegistration.cpp
[3231/3487  0s] CopyFiles /Users/tuantu/Desktop/dev/AI/mobile/game_df/ios-build/Il2CppOutputProject/Source/il2cppOutput/Unity.RenderPipelines.Core.Runtime__6.cpp
[3232/3487  0s] CopyFiles /Users/tuantu/Desktop/dev/AI/mobile/game_df/ios-build/Il2CppOutputProject/Source/il2cppOutput/Unity.RenderPipelines.Core.Runtime__9.cpp
[3233/3487  0s] CopyFiles /Users/tuantu/Desktop/dev/AI/mobile/game_df/ios-build/Il2CppOutputProject/Source/il2cppOutput/Unity.RenderPipelines.Universal.2D.Runtime__1.cpp
[3234/3487  0s] CopyFiles /Users/tuantu/Desktop/dev/AI/mobile/game_df/ios-build/Il2CppOutputProject/Source/il2cppOutput/Unity.RenderPipelines.Universal.Runtime__6.cpp
[3235/3487  0s] CopyFiles /Users/tuantu/Desktop/dev/AI/mobile/game_df/ios-build/Il2CppOutputProject/Source/il2cppOutput/GoogleMobileAds.iOS__1.cpp
[3236/3487  0s] CopyFiles /Users/tuantu/Desktop/dev/AI/mobile/game_df/ios-build/Il2CppOutputProject/Source/il2cppOutput/GoogleMobileAds.Common.cpp
[3237/3487  0s] CopyFiles /Users/tuantu/Desktop/dev/AI/mobile/game_df/ios-build/Il2CppOutputProject/Source/il2cppOutput/UnityEngine.SpriteMaskModule_CodeGen.c
[3238/3487  0s] CopyFiles /Users/tuantu/Desktop/dev/AI/mobile/game_df/ios-build/Il2CppOutputProject/Source/il2cppOutput/UnityEngine.GameCenterModule_CodeGen.c
[3239/3487  0s] CopyFiles /Users/tuantu/Desktop/dev/AI/mobile/game_df/ios-build/Il2CppOutputProject/Source/il2cppOutput/UnityEngine.RenderAs2DModule_CodeGen.c
[3240/3487  0s] CopyFiles /Users/tuantu/Desktop/dev/AI/mobile/game_df/ios-build/Il2CppOutputProject/Source/il2cppOutput/Il2CppInteropDataTable.cpp
[3241/3487  0s] CopyFiles /Users/tuantu/Desktop/dev/AI/mobile/game_df/ios-build/Il2CppOutputProject/Source/il2cppOutput/Il2CppMetadataRegistration.c
[3242/3487  0s] CopyFiles /Users/tuantu/Desktop/dev/AI/mobile/game_df/ios-build/Il2CppOutputProject/Source/il2cppOutput/Unity.Burst.Unsafe_CodeGen.c
[3243/3487  0s] CopyFiles /Users/tuantu/Desktop/dev/AI/mobile/game_df/ios-build/Il2CppOutputProject/Source/il2cppOutput/Unity.UnifiedRayTracing.Runtime__1.cpp
[3244/3487  0s] CopyFiles /Users/tuantu/Desktop/dev/AI/mobile/game_df/ios-build/Il2CppOutputProject/Source/il2cppOutput/System.Runtime.CompilerServices.Unsafe_CodeGen.c
[3245/3487  0s] CopyFiles /Users/tuantu/Desktop/dev/AI/mobile/game_df/ios-build/Il2CppOutputProject/Source/il2cppOutput/Il2CppCCFieldValuesTable.c
[3246/3487  0s] CopyFiles /Users/tuantu/Desktop/dev/AI/mobile/game_df/ios-build/Il2CppOutputProject/Source/il2cppOutput/UnityEngine.PropertiesModule_CodeGen.c
[3247/3487  0s] CopyFiles /Users/tuantu/Desktop/dev/AI/mobile/game_df/ios-build/Il2CppOutputProject/Source/il2cppOutput/UnityEngine.InputForUIModule_CodeGen.c
[3248/3487  0s] CopyFiles /Users/tuantu/Desktop/dev/AI/mobile/game_df/ios-build/Il2CppOutputProject/Source/il2cppOutput/UnityEngine.CoreModule.cpp
[3249/3487  0s] CopyFiles /Users/tuantu/Desktop/dev/AI/mobile/game_df/ios-build/Il2CppOutputProject/Source/il2cppOutput/Unity.InputSystem.ForUI_CodeGen.c
[3250/3487  0s] CopyFiles /Users/tuantu/Desktop/dev/AI/mobile/game_df/ios-build/Il2CppOutputProject/Source/il2cppOutput/UnityEngine.InputModule_CodeGen.c
[3251/3487  0s] CopyFiles /Users/tuantu/Desktop/dev/AI/mobile/game_df/ios-build/Il2CppOutputProject/Source/il2cppOutput/UnityEngine.IMGUIModule_CodeGen.c
[3252/3487  0s] CopyFiles /Users/tuantu/Desktop/dev/AI/mobile/game_df/ios-build/Il2CppOutputProject/Source/il2cppOutput/Il2CppGenericMethodTable.c
[3253/3487  0s] CopyFiles /Users/tuantu/Desktop/dev/AI/mobile/game_df/ios-build/Il2CppOutputProject/Source/il2cppOutput/GoogleMobileAds.Ump.iOS_CodeGen.c
[3254/3487  0s] CopyFiles /Users/tuantu/Desktop/dev/AI/mobile/game_df/ios-build/Il2CppOutputProject/Source/il2cppOutput/UnityEngine.ContentLoadModule.cpp
[3255/3487  0s] CopyFiles /Users/tuantu/Desktop/dev/AI/mobile/game_df/ios-build/Il2CppOutputProject/Source/il2cppOutput/UnityEngine.AudioModule_CodeGen.c
[3256/3487  0s] CopyFiles /Users/tuantu/Desktop/dev/AI/mobile/game_df/ios-build/Il2CppOutputProject/Source/il2cppOutput/UnityEngine.SpriteShapeModule.cpp
[3257/3487  0s] CopyFiles /Users/tuantu/Desktop/dev/AI/mobile/game_df/ios-build/Il2CppOutputProject/Source/il2cppOutput/UnityEngine.UIElementsModule_CodeGen.c
[3258/3487  0s] CopyFiles /Users/tuantu/Desktop/dev/AI/mobile/game_df/ios-build/Il2CppOutputProject/Source/il2cppOutput/UnityEngine.SpriteShapeModule_CodeGen.c
[3259/3487  0s] CopyFiles /Users/tuantu/Desktop/dev/AI/mobile/game_df/ios-build/Il2CppOutputProject/Source/il2cppOutput/UnityEngine.ContentLoadModule_CodeGen.c
[3260/3487  0s] CopyFiles /Users/tuantu/Desktop/dev/AI/mobile/game_df/ios-build/Il2CppOutputProject/Source/il2cppOutput/UnityEngine.InputLegacyModule_CodeGen.c
[3261/3487  0s] CopyFiles /Users/tuantu/Desktop/dev/AI/mobile/game_df/ios-build/Il2CppOutputProject/Source/il2cppOutput/Unity.RenderPipelines.Core.Runtime.cpp
[3262/3487  0s] CopyFiles /Users/tuantu/Desktop/dev/AI/mobile/game_df/ios-build/Il2CppOutputProject/Source/il2cppOutput/UnityEngine.InputLegacyModule.cpp
[3263/3487  0s] CopyFiles /Users/tuantu/Desktop/dev/AI/mobile/game_df/ios-build/Il2CppOutputProject/Source/il2cppOutput/Unity.RenderPipelines.Universal.Runtime__1.cpp
[3264/3487  0s] CopyFiles /Users/tuantu/Desktop/dev/AI/mobile/game_df/ios-build/Il2CppOutputProject/Source/il2cppOutput/Unity.RenderPipelines.GPUDriven.Runtime__1.cpp
[3265/3487  0s] CopyFiles /Users/tuantu/Desktop/dev/AI/mobile/game_df/ios-build/Il2CppOutputProject/Source/il2cppOutput/UnityEngine.MathematicsModule_CodeGen.c
[3266/3487  0s] CopyFiles /Users/tuantu/Desktop/dev/AI/mobile/game_df/ios-build/Il2CppOutputProject/Source/il2cppOutput/Il2CppReversePInvokeWrapperTable.cpp
[3267/3487  0s] CopyFiles /Users/tuantu/Desktop/dev/AI/mobile/game_df/ios-build/Il2CppOutputProject/Source/il2cppOutput/UnityEngine.MathematicsModule.cpp
[3268/3487  0s] CopyFiles /Users/tuantu/Desktop/dev/AI/mobile/game_df/ios-build/Il2CppOutputProject/Source/il2cppOutput/Il2CppGenericAdjustorThunkTable.c
[3269/3487  0s] CopyFiles /Users/tuantu/Desktop/dev/AI/mobile/game_df/ios-build/Il2CppOutputProject/IL2CPP/build/deploy_arm64/Analytics.dll
[3270/3487  0s] CopyFiles /Users/tuantu/Desktop/dev/AI/mobile/game_df/ios-build/Il2CppOutputProject/IL2CPP/build/deploy_arm64/Analytics.Api.Output.xml
[3271/3487  0s] CopyFiles /Users/tuantu/Desktop/dev/AI/mobile/game_df/ios-build/Il2CppOutputProject/IL2CPP/build/deploy_arm64/Analytics.deps.json
[3272/3487  0s] CopyFiles /Users/tuantu/Desktop/dev/AI/mobile/game_df/ios-build/Il2CppOutputProject/IL2CPP/build/deploy_arm64/Analytics.Api.Output.pdb
[3273/3487  0s] CopyFiles /Users/tuantu/Desktop/dev/AI/mobile/game_df/ios-build/Il2CppOutputProject/Source/il2cppOutput/UnityEngine.UIElementsModule__15.cpp
[3274/3487  0s] CopyFiles /Users/tuantu/Desktop/dev/AI/mobile/game_df/ios-build/Il2CppOutputProject/IL2CPP/build/deploy_arm64/Analytics
[3275/3487  0s] CopyFiles /Users/tuantu/Desktop/dev/AI/mobile/game_df/ios-build/Data/Resources/unity default resources
[3276/3487  0s] CopyFiles /Users/tuantu/Desktop/dev/AI/mobile/game_df/ios-build/Libraries/baselib.a
[3277/3487  0s] CopyFiles /Users/tuantu/Desktop/dev/AI/mobile/game_df/ios-build/Il2CppOutputProject/IL2CPP/build/deploy_arm64/Analytics.Api.Output.dll
[3278/3487  0s] CopyFiles /Users/tuantu/Desktop/dev/AI/mobile/game_df/ios-build/Il2CppOutputProject/Source/il2cppOutput/UnityEngine.UIElementsModule__11.cpp
[3279/3487  0s] CopyFiles /Users/tuantu/Desktop/dev/AI/mobile/game_df/ios-build/Il2CppOutputProject/IL2CPP/libil2cpp/vm/Random.h
[3280/3487  0s] CopyFiles /Users/tuantu/Desktop/dev/AI/mobile/game_df/ios-build/Il2CppOutputProject/IL2CPP/libil2cpp/vm/Property.h
[3281/3487  0s] CopyFiles /Users/tuantu/Desktop/dev/AI/mobile/game_df/ios-build/Il2CppOutputProject/IL2CPP/libil2cpp/vm/Random.cpp
[3282/3487  0s] CopyFiles /Users/tuantu/Desktop/dev/AI/mobile/game_df/ios-build/Il2CppOutputProject/Source/il2cppOutput/UnityEngine.UIElementsModule__14.cpp
[3283/3487  0s] CopyFiles /Users/tuantu/Desktop/dev/AI/mobile/game_df/ios-build/Il2CppOutputProject/IL2CPP/libil2cpp/vm/Reflection.h
[3284/3487  0s] CopyFiles /Users/tuantu/Desktop/dev/AI/mobile/game_df/ios-build/Il2CppOutputProject/IL2CPP/libil2cpp/vm/RCW.h
[3285/3487  0s] CopyFiles /Users/tuantu/Desktop/dev/AI/mobile/game_df/ios-build/UnityFramework/Info.plist
[3286/3487  0s] CopyFiles /Users/tuantu/Desktop/dev/AI/mobile/game_df/ios-build/Unity-iPhone Tests/Unity_iPhone_Tests.m
[3287/3487  0s] CopyFiles /Users/tuantu/Desktop/dev/AI/mobile/game_df/ios-build/Unity-iPhone Tests/Unity-iPhone Tests-Prefix.pch
[3288/3487  0s] CopyFiles /Users/tuantu/Desktop/dev/AI/mobile/game_df/ios-build/Unity-iPhone Tests/Unity-iPhone Tests-Info.plist
[3289/3487  0s] CopyFiles /Users/tuantu/Desktop/dev/AI/mobile/game_df/ios-build/Unity-iPhone Tests/en.lproj/InfoPlist.strings
[3290/3487  0s] CopyFiles /Users/tuantu/Desktop/dev/AI/mobile/game_df/ios-build/process_symbols_il2cpp.sh
[3291/3487  0s] CopyFiles /Users/tuantu/Desktop/dev/AI/mobile/game_df/ios-build/process_symbols.sh
[3292/3487  0s] CopyFiles /Users/tuantu/Desktop/dev/AI/mobile/game_df/ios-build/MainApp/main.mm
[3293/3487  0s] CopyFiles /Users/tuantu/Desktop/dev/AI/mobile/game_df/ios-build/Il2CppOutputProject/IL2CPP/libil2cpp/vm/RCW.cpp
[3294/3487  0s] CopyFiles /Users/tuantu/Desktop/dev/AI/mobile/game_df/ios-build/Il2CppOutputProject/Source/il2cppOutput/UnityEngine.UIElementsModule__12.cpp
[3295/3487  0s] CopyFiles /Users/tuantu/Desktop/dev/AI/mobile/game_df/ios-build/Il2CppOutputProject/Source/il2cppOutput/UnityEngine.UIElementsModule__13.cpp
[3296/3487  0s] CopyFiles /Users/tuantu/Desktop/dev/AI/mobile/game_df/ios-build/Classes/UnityAppController.mm
[3297/3487  0s] CopyFiles /Users/tuantu/Desktop/dev/AI/mobile/game_df/ios-build/UnityFramework/UnityFramework.h
[3298/3487  0s] CopyFiles /Users/tuantu/Desktop/dev/AI/mobile/game_df/ios-build/Il2CppOutputProject/IL2CPP/libil2cpp/vm/Reflection.cpp
[3299/3487  0s] CopyFiles /Users/tuantu/Desktop/dev/AI/mobile/game_df/ios-build/Classes/Vector3.h
[3300/3487  0s] CopyFiles /Users/tuantu/Desktop/dev/AI/mobile/game_df/ios-build/Classes/UnityAppController+Thermal.mm
[3301/3487  0s] CopyFiles /Users/tuantu/Desktop/dev/AI/mobile/game_df/ios-build/Il2CppOutputProject/Source/il2cppOutput/UnityEngine.UIElementsModule__10.cpp
[3302/3487  0s] CopyFiles /Users/tuantu/Desktop/dev/AI/mobile/game_df/ios-build/Classes/UnityAppController+UnityInterface.mm
[3303/3487  0s] CopyFiles /Users/tuantu/Desktop/dev/AI/mobile/game_df/ios-build/Classes/UnityAppController+Rendering.mm
[3304/3487  0s] CopyFiles /Users/tuantu/Desktop/dev/AI/mobile/game_df/ios-build/Classes/UnityAppController+Rendering+visionOS.mm
[3305/3487  0s] CopyFiles /Users/tuantu/Desktop/dev/AI/mobile/game_df/ios-build/Classes/UnityTrampolineInterface.h
[3306/3487  0s] CopyFiles /Users/tuantu/Desktop/dev/AI/mobile/game_df/ios-build/Classes/UnityTrampolineConfigure.h
[3307/3487  0s] CopyFiles /Users/tuantu/Desktop/dev/AI/mobile/game_df/ios-build/Data/Managed/mono/4.0/machine.config
[3308/3487  0s] CopyFiles /Users/tuantu/Desktop/dev/AI/mobile/game_df/ios-build/Classes/UnityAppController.h
[3309/3487  0s] CopyFiles /Users/tuantu/Desktop/dev/AI/mobile/game_df/ios-build/Classes/Unity/VideoPlayer.mm
[3310/3487  0s] CopyFiles /Users/tuantu/Desktop/dev/AI/mobile/game_df/ios-build/Classes/Unity/UnityInternalInterface.mm
[3311/3487  0s] CopyFiles /Users/tuantu/Desktop/dev/AI/mobile/game_df/ios-build/Classes/UnityAppController+Rendering.h
[3312/3487  0s] CopyFiles /Users/tuantu/Desktop/dev/AI/mobile/game_df/ios-build/Classes/UnityAppController+Thermal.h
[3313/3487  0s] CopyFiles /Users/tuantu/Desktop/dev/AI/mobile/game_df/ios-build/Classes/UnityAppController+UnityInterface.h
[3314/3487  0s] CopyFiles /Users/tuantu/Desktop/dev/AI/mobile/game_df/ios-build/Classes/UnityAppController+Rendering+visionOS.h
[3315/3487  0s] CopyFiles /Users/tuantu/Desktop/dev/AI/mobile/game_df/ios-build/Il2CppOutputProject/Source/il2cppOutput/Il2CppGenericMethodPointerTable.c
[3316/3487  0s] CopyFiles /Users/tuantu/Desktop/dev/AI/mobile/game_df/ios-build/Classes/Unity/UnityInternalGraphicsInterface.mm
[3317/3487  0s] CopyFiles /Users/tuantu/Desktop/dev/AI/mobile/game_df/ios-build/Classes/Unity/UnityRendering.h
[3318/3487  0s] CopyFiles /Users/tuantu/Desktop/dev/AI/mobile/game_df/ios-build/Classes/Unity/OnDemandResources.mm
[3319/3487  0s] CopyFiles /Users/tuantu/Desktop/dev/AI/mobile/game_df/ios-build/Classes/Unity/UnityTrampolineCompatibility.h
[3320/3487  0s] CopyFiles /Users/tuantu/Desktop/dev/AI/mobile/game_df/ios-build/Classes/Unity/NoGraphicsHelper.mm
[3321/3487  0s] CopyFiles /Users/tuantu/Desktop/dev/AI/mobile/game_df/ios-build/Classes/Unity/Logging.mm
[3322/3487  0s] CopyFiles /Users/tuantu/Desktop/dev/AI/mobile/game_df/ios-build/Classes/Unity/MetalHelper.mm
[3323/3487  0s] CopyFiles /Users/tuantu/Desktop/dev/AI/mobile/game_df/ios-build/Classes/Unity/VideoPlayer.h
[3324/3487  0s] CopyFiles /Users/tuantu/Desktop/dev/AI/mobile/game_df/ios-build/Classes/Unity/UnityInternalInterface.h
[3325/3487  0s] CopyFiles /Users/tuantu/Desktop/dev/AI/mobile/game_df/ios-build/Classes/Unity/UnityInternalGraphicsInterface.h
[3326/3487  0s] CopyFiles /Users/tuantu/Desktop/dev/AI/mobile/game_df/ios-build/Classes/Unity/UnityForwardDecls.h
[3327/3487  0s] CopyFiles /Users/tuantu/Desktop/dev/AI/mobile/game_df/ios-build/Classes/Unity/ObjCRuntime.h
[3328/3487  0s] CopyFiles /Users/tuantu/Desktop/dev/AI/mobile/game_df/ios-build/Classes/Unity/IUnityMemoryManager.h
[3329/3487  0s] CopyFiles /Users/tuantu/Desktop/dev/AI/mobile/game_df/ios-build/Classes/Unity/Logging.h
[3330/3487  0s] CopyFiles /Users/tuantu/Desktop/dev/AI/mobile/game_df/ios-build/Classes/Unity/IUnityLog.h
[3331/3487  0s] CopyFiles /Users/tuantu/Desktop/dev/AI/mobile/game_df/ios-build/Classes/Unity/UnityInterface.h
[3332/3487  0s] CopyFiles /Users/tuantu/Desktop/dev/AI/mobile/game_df/ios-build/Il2CppOutputProject/IL2CPP/libil2cpp/vm/Runtime.cpp
[3333/3487  0s] CopyFiles /Users/tuantu/Desktop/dev/AI/mobile/game_df/ios-build/Classes/Unity/FullScreenVideoPlayer.mm
[3334/3487  0s] CopyFiles /Users/tuantu/Desktop/dev/AI/mobile/game_df/ios-build/Classes/Unity/Filesystem.mm
[3335/3487  0s] CopyFiles /Users/tuantu/Desktop/dev/AI/mobile/game_df/ios-build/Classes/Unity/IUnityPhysicsBackendSystem.h
[3336/3487  0s] CopyFiles /Users/tuantu/Desktop/dev/AI/mobile/game_df/ios-build/Classes/Unity/IUnityGraphics.h
[3337/3487  0s] CopyFiles /Users/tuantu/Desktop/dev/AI/mobile/game_df/ios-build/Classes/Unity/IUnityGraphicsMetal.h
[3338/3487  0s] CopyFiles /Users/tuantu/Desktop/dev/AI/mobile/game_df/ios-build/Classes/Unity/DisplayManager.mm
[3339/3487  0s] CopyFiles /Users/tuantu/Desktop/dev/AI/mobile/game_df/ios-build/Classes/Unity/IUnityProfiler.h
[3340/3487  0s] CopyFiles /Users/tuantu/Desktop/dev/AI/mobile/game_df/ios-build/Classes/Unity/IUnityProfilerCallbacks.h
[3341/3487  0s] CopyFiles /Users/tuantu/Desktop/dev/AI/mobile/game_df/ios-build/Classes/Unity/IUnityInterface.h
[3342/3487  0s] CopyFiles /Users/tuantu/Desktop/dev/AI/mobile/game_df/ios-build/Classes/Unity/DeviceSettings.mm
[3343/3487  0s] CopyFiles /Users/tuantu/Desktop/dev/AI/mobile/game_df/ios-build/Classes/Unity/CVTextureCache.mm
[3344/3487  0s] CopyFiles /Users/tuantu/Desktop/dev/AI/mobile/game_df/ios-build/Classes/Unity/CMVideoSampling.mm
[3345/3487  0s] CopyFiles /Users/tuantu/Desktop/dev/AI/mobile/game_df/ios-build/Classes/Unity/CameraCapture.mm
[3346/3487  0s] CopyFiles /Users/tuantu/Desktop/dev/AI/mobile/game_df/ios-build/Classes/Unity/AVCapture.mm
[3347/3487  0s] CopyFiles /Users/tuantu/Desktop/dev/AI/mobile/game_df/ios-build/Classes/UI/UnityViewControllerBase.mm
[3348/3487  0s] CopyFiles /Users/tuantu/Desktop/dev/AI/mobile/game_df/ios-build/Classes/Unity/IUnityEventQueue.h
[3349/3487  0s] CopyFiles /Users/tuantu/Desktop/dev/AI/mobile/game_df/ios-build/Classes/Unity/CVTextureCache.h
[3350/3487  0s] CopyFiles /Users/tuantu/Desktop/dev/AI/mobile/game_df/ios-build/Classes/Unity/DisplayManager.h
[3351/3487  0s] CopyFiles /Users/tuantu/Desktop/dev/AI/mobile/game_df/ios-build/Classes/Unity/IUnityRenderingExtensions.h
[3352/3487  0s] CopyFiles /Users/tuantu/Desktop/dev/AI/mobile/game_df/ios-build/Classes/Unity/CMVideoSampling.h
[3353/3487  0s] CopyFiles /Users/tuantu/Desktop/dev/AI/mobile/game_df/ios-build/Classes/Unity/DeviceInfo.cpp
[3354/3487  0s] CopyFiles /Users/tuantu/Desktop/dev/AI/mobile/game_df/ios-build/Classes/Unity/CameraCapture.h
[3355/3487  0s] CopyFiles /Users/tuantu/Desktop/dev/AI/mobile/game_df/ios-build/Classes/UI/UnityViewControllerBase+tvOS.mm
[3356/3487  0s] CopyFiles /Users/tuantu/Desktop/dev/AI/mobile/game_df/ios-build/Classes/UI/UnityViewControllerBase.h
[3357/3487  0s] CopyFiles /Users/tuantu/Desktop/dev/AI/mobile/game_df/ios-build/Classes/Unity/AVCapture.h
[3358/3487  0s] CopyFiles /Users/tuantu/Desktop/dev/AI/mobile/game_df/ios-build/Classes/UndefinePlatforms.h
[3359/3487  0s] CopyFiles /Users/tuantu/Desktop/dev/AI/mobile/game_df/ios-build/Classes/UI/UnityViewControllerBase+visionOS.mm
[3360/3487  0s] CopyFiles /Users/tuantu/Desktop/dev/AI/mobile/game_df/ios-build/Classes/UI/UnityViewControllerBase+tvOS.h
[3361/3487  0s] CopyFiles /Users/tuantu/Desktop/dev/AI/mobile/game_df/ios-build/Classes/UI/UnityViewControllerBase+visionOS.h
[3362/3487  0s] CopyFiles /Users/tuantu/Desktop/dev/AI/mobile/game_df/ios-build/Classes/UI/UnityViewControllerBase+iOS.mm
[3363/3487  0s] CopyFiles /Users/tuantu/Desktop/dev/AI/mobile/game_df/ios-build/Classes/UI/UnityView+iOS.h
[3364/3487  0s] CopyFiles /Users/tuantu/Desktop/dev/AI/mobile/game_df/ios-build/Classes/UI/UnityView+tvOS.mm
[3365/3487  0s] CopyFiles /Users/tuantu/Desktop/dev/AI/mobile/game_df/ios-build/Classes/UI/UnityScene.h
[3366/3487  0s] CopyFiles /Users/tuantu/Desktop/dev/AI/mobile/game_df/ios-build/Classes/UI/UnityView+iOS.mm
[3367/3487  0s] CopyFiles /Users/tuantu/Desktop/dev/AI/mobile/game_df/ios-build/Classes/UI/UnityView.mm
[3368/3487  0s] CopyFiles /Users/tuantu/Desktop/dev/AI/mobile/game_df/ios-build/Classes/UI/UnityView.h
[3369/3487  0s] CopyFiles /Users/tuantu/Desktop/dev/AI/mobile/game_df/ios-build/Classes/UI/UnityScene.mm
[3370/3487  0s] CopyFiles /Users/tuantu/Desktop/dev/AI/mobile/game_df/ios-build/Classes/UI/UnityView+Keyboard.mm
[3371/3487  0s] CopyFiles /Users/tuantu/Desktop/dev/AI/mobile/game_df/ios-build/Classes/UI/UnityAppController+ViewHandling.mm
[3372/3487  0s] CopyFiles /Users/tuantu/Desktop/dev/AI/mobile/game_df/ios-build/Classes/UI/StoreReview.m
[3373/3487  0s] CopyFiles /Users/tuantu/Desktop/dev/AI/mobile/game_df/ios-build/Classes/UI/OrientationSupport.mm
[3374/3487  0s] CopyFiles /Users/tuantu/Desktop/dev/AI/mobile/game_df/ios-build/Classes/UI/KeyboardViews+tvOS+visionOS.mm
[3375/3487  0s] CopyFiles /Users/tuantu/Desktop/dev/AI/mobile/game_df/ios-build/Classes/UI/UnityViewControllerBase+iOS.h
[3376/3487  0s] CopyFiles /Users/tuantu/Desktop/dev/AI/mobile/game_df/ios-build/Classes/UI/UnityView+tvOS.h
[3377/3487  0s] CopyFiles /Users/tuantu/Desktop/dev/AI/mobile/game_df/ios-build/Classes/UI/UnityAppController+ViewHandling.h
[3378/3487  0s] CopyFiles /Users/tuantu/Desktop/dev/AI/mobile/game_df/ios-build/Classes/UI/KeyboardViews+iOS.mm
[3379/3487  0s] CopyFiles /Users/tuantu/Desktop/dev/AI/mobile/game_df/ios-build/Classes/UI/KeyboardViews+iOS+Glass.mm
[3380/3487  0s] CopyFiles /Users/tuantu/Desktop/dev/AI/mobile/game_df/ios-build/Classes/UI/Keyboard.h
[3381/3487  0s] CopyFiles /Users/tuantu/Desktop/dev/AI/mobile/game_df/ios-build/Classes/UI/KeyboardViews.h
[3382/3487  0s] CopyFiles /Users/tuantu/Desktop/dev/AI/mobile/game_df/ios-build/Classes/UI/OrientationSupport.h
[3383/3487  0s] CopyFiles /Users/tuantu/Desktop/dev/AI/mobile/game_df/ios-build/Classes/UI/KeyboardViews+tvOS+visionOS.h
[3384/3487  0s] CopyFiles /Users/tuantu/Desktop/dev/AI/mobile/game_df/ios-build/Classes/UI/KeyboardViews+iOS.h
[3385/3487  0s] CopyFiles /Users/tuantu/Desktop/dev/AI/mobile/game_df/ios-build/Classes/UI/KeyboardViews+iOS+Glass.h
[3386/3487  0s] CopyFiles /Users/tuantu/Desktop/dev/AI/mobile/game_df/ios-build/Classes/UI/Keyboard.mm
[3387/3487  0s] CopyFiles /Users/tuantu/Desktop/dev/AI/mobile/game_df/ios-build/Classes/UI/ActivityIndicator.mm
[3388/3487  0s] CopyFiles /Users/tuantu/Desktop/dev/AI/mobile/game_df/ios-build/Classes/UI/ActivityIndicator.h
[3389/3487  0s] CopyFiles /Users/tuantu/Desktop/dev/AI/mobile/game_df/ios-build/Classes/RedefinePlatforms.h
[3390/3487  0s] CopyFiles /Users/tuantu/Desktop/dev/AI/mobile/game_df/ios-build/Classes/Quaternion4.h
[3391/3487  0s] CopyFiles /Users/tuantu/Desktop/dev/AI/mobile/game_df/ios-build/Classes/Prefix.pch
[3392/3487  0s] CopyFiles /Users/tuantu/Desktop/dev/AI/mobile/game_df/ios-build/Classes/PluginBase/LifeCycleListener.mm
[3393/3487  0s] CopyFiles /Users/tuantu/Desktop/dev/AI/mobile/game_df/ios-build/Classes/PluginBase/UnityViewControllerListener.mm
[3394/3487  0s] CopyFiles /Users/tuantu/Desktop/dev/AI/mobile/game_df/ios-build/Classes/PluginBase/UnityViewControllerListener.h
[3395/3487  0s] CopyFiles /Users/tuantu/Desktop/dev/AI/mobile/game_df/ios-build/Classes/PluginBase/RenderPluginDelegate.mm
[3396/3487  0s] CopyFiles /Users/tuantu/Desktop/dev/AI/mobile/game_df/ios-build/Classes/PluginBase/RenderPluginDelegate.h
[3397/3487  0s] CopyFiles /Users/tuantu/Desktop/dev/AI/mobile/game_df/ios-build/Classes/PluginBase/AppDelegateListener.mm
[3398/3487  0s] CopyFiles /Users/tuantu/Desktop/dev/AI/mobile/game_df/ios-build/Classes/CrashReporter.mm
[3399/3487  0s] CopyFiles /Users/tuantu/Desktop/dev/AI/mobile/game_df/ios-build/Classes/PluginBase/AppDelegateListener.h
[3400/3487  0s] CopyFiles /Users/tuantu/Desktop/dev/AI/mobile/game_df/ios-build/Classes/PluginBase/LifeCycleListener.h
[3401/3487  0s] CopyFiles /Users/tuantu/Desktop/dev/AI/mobile/game_df/ios-build/Classes/main.mm
[3402/3487  0s] CopyFiles /Users/tuantu/Desktop/dev/AI/mobile/game_df/ios-build/Classes/iPhone_Sensors.mm
[3403/3487  0s] CopyFiles /Users/tuantu/Desktop/dev/AI/mobile/game_df/ios-build/Il2CppOutputProject/IL2CPP/libil2cpp/vm/Runtime.h
[3404/3487  0s] CopyFiles /Users/tuantu/Desktop/dev/AI/mobile/game_df/ios-build/Classes/iPhone_Sensors.h
[3405/3487  0s] CopyFiles /Users/tuantu/Desktop/dev/AI/mobile/game_df/ios-build/Il2CppOutputProject/IL2CPP/libil2cpp/vm/ScopedThreadAttacher.cpp
[3406/3487  0s] CopyFiles /Users/tuantu/Desktop/dev/AI/mobile/game_df/ios-build/Il2CppOutputProject/IL2CPP/libil2cpp/vm/StackTrace.h
[3407/3487  0s] CopyFiles /Users/tuantu/Desktop/dev/AI/mobile/game_df/ios-build/Il2CppOutputProject/IL2CPP/libil2cpp/vm/String.h
[3408/3487  0s] CopyFiles /Users/tuantu/Desktop/dev/AI/mobile/game_df/ios-build/Il2CppOutputProject/IL2CPP/libil2cpp/vm/ScopedThreadAttacher.h
[3409/3487  0s] CopyFiles /Users/tuantu/Desktop/dev/AI/mobile/game_df/ios-build/Il2CppOutputProject/IL2CPP/libil2cpp/vm/StackTrace.cpp
[3410/3487  0s] CopyFiles /Users/tuantu/Desktop/dev/AI/mobile/game_df/ios-build/Il2CppOutputProject/IL2CPP/libil2cpp/vm/String.cpp
[3411/3487  0s] CopyFiles /Users/tuantu/Desktop/dev/AI/mobile/game_df/ios-build/Il2CppOutputProject/IL2CPP/libil2cpp/vm/Thread-mono-net8.h
[3412/3487  0s] CopyFiles /Users/tuantu/Desktop/dev/AI/mobile/game_df/ios-build/Il2CppOutputProject/IL2CPP/libil2cpp/vm/ThreadPoolMs.h
[3413/3487  0s] CopyFiles /Users/tuantu/Desktop/dev/AI/mobile/game_df/ios-build/Il2CppOutputProject/IL2CPP/libil2cpp/vm/Thread.h
[3414/3487  0s] CopyFiles /Users/tuantu/Desktop/dev/AI/mobile/game_df/ios-build/Il2CppOutputProject/IL2CPP/libil2cpp/vm/ThreadPoolMs.cpp
[3415/3487  0s] CopyFiles /Users/tuantu/Desktop/dev/AI/mobile/game_df/ios-build/Il2CppOutputProject/IL2CPP/libil2cpp/vm/VisualizerHelpers.cpp
[3416/3487  0s] CopyFiles /Users/tuantu/Desktop/dev/AI/mobile/game_df/ios-build/Il2CppOutputProject/IL2CPP/libil2cpp/vm/Thread-mono-net8.cpp
[3417/3487  0s] CopyFiles /Users/tuantu/Desktop/dev/AI/mobile/game_df/ios-build/Il2CppOutputProject/IL2CPP/libil2cpp/vm/WaitHandle.h
[3418/3487  0s] CopyFiles /Users/tuantu/Desktop/dev/AI/mobile/game_df/ios-build/Il2CppOutputProject/IL2CPP/libil2cpp/vm/WaitHandle.cpp
[3419/3487  0s] CopyFiles /Users/tuantu/Desktop/dev/AI/mobile/game_df/ios-build/Il2CppOutputProject/IL2CPP/libil2cpp/vm/Type.h
[3420/3487  0s] CopyFiles /Users/tuantu/Desktop/dev/AI/mobile/game_df/ios-build/Il2CppOutputProject/IL2CPP/libil2cpp/vm/WeakReference.cpp
[3421/3487  0s] CopyFiles /Users/tuantu/Desktop/dev/AI/mobile/game_df/ios-build/Il2CppOutputProject/IL2CPP/libmono/config/eglib-config.hw
[3422/3487  0s] CopyFiles /Users/tuantu/Desktop/dev/AI/mobile/game_df/ios-build/Il2CppOutputProject/IL2CPP/libil2cpp/vm/WeakReference.h
[3423/3487  0s] CopyFiles /Users/tuantu/Desktop/dev/AI/mobile/game_df/ios-build/Il2CppOutputProject/IL2CPP/libil2cpp/vm/WindowsRuntime.h
[3424/3487  0s] CopyFiles /Users/tuantu/Desktop/dev/AI/mobile/game_df/ios-build/Il2CppOutputProject/IL2CPP/libmono/config/il2cpp-config-mono-android.h
[3425/3487  0s] CopyFiles /Users/tuantu/Desktop/dev/AI/mobile/game_df/ios-build/Il2CppOutputProject/IL2CPP/libmono/config/il2cpp-config-mono-linux.h
[3426/3487  0s] CopyFiles /Users/tuantu/Desktop/dev/AI/mobile/game_df/ios-build/Il2CppOutputProject/IL2CPP/libil2cpp/vm/Thread.cpp
[3427/3487  0s] CopyFiles /Users/tuantu/Desktop/dev/AI/mobile/game_df/ios-build/Il2CppOutputProject/IL2CPP/libil2cpp/vm/WindowsRuntime.cpp
[3428/3487  0s] CopyFiles /Users/tuantu/Desktop/dev/AI/mobile/game_df/ios-build/Il2CppOutputProject/IL2CPP/libil2cpp/vm/Type.cpp
[3429/3487  0s] CopyFiles /Users/tuantu/Desktop/dev/AI/mobile/game_df/ios-build/Il2CppOutputProject/IL2CPP/libmono/config/il2cpp-config-mono-ios.h
[3430/3487  0s] CopyFiles /Users/tuantu/Desktop/dev/AI/mobile/game_df/ios-build/Il2CppOutputProject/IL2CPP/libmono/config/eglib-config.h
[3431/3487  0s] CopyFiles /Users/tuantu/Desktop/dev/AI/mobile/game_df/ios-build/Il2CppOutputProject/IL2CPP/libmono/config/config.h
[3432/3487  0s] CopyFiles /Users/tuantu/Desktop/dev/AI/mobile/game_df/ios-build/Il2CppOutputProject/IL2CPP/libmono/config/il2cpp-config-mono-osx.h
[3433/3487  0s] CopyFiles /Users/tuantu/Desktop/dev/AI/mobile/game_df/ios-build/Il2CppOutputProject/IL2CPP/BeeLocalCacheTool
[3434/3487  0s] CopyFiles /Users/tuantu/Desktop/dev/AI/mobile/game_df/ios-build/Il2CppOutputProject/IL2CPP/libmono/config/il2cpp-config-mono-web.h
[3435/3487  0s] WriteText /Users/tuantu/Desktop/dev/AI/mobile/game_df/ios-build/Libraries/RegisterFeatures.cpp
[3436/3487  0s] CopyFiles /Users/tuantu/Desktop/dev/AI/mobile/game_df/ios-build/Il2CppOutputProject/IL2CPP/il2cpp_root
[3437/3487  0s] WriteText /Users/tuantu/Desktop/dev/AI/mobile/game_df/ios-build/Libraries/Il2CppOptions.cpp
[3438/3487  0s] WriteText /Users/tuantu/Desktop/dev/AI/mobile/game_df/ios-build/Classes/CrashReporter.h
[3439/3487  0s] CopyFiles /Users/tuantu/Desktop/dev/AI/mobile/game_df/ios-build/Il2CppOutputProject/IL2CPP/libmono/config/il2cpp-config-mono-win.h
[3440/3487  0s] WriteText /Users/tuantu/Desktop/dev/AI/mobile/game_df/ios-build/Classes/Preprocessor.h
[3441/3487  0s] CopyFiles /Users/tuantu/Desktop/dev/AI/mobile/game_df/ios-build/Libraries/RegisterFeatures.h
[3442/3487  0s] CopyFiles /Users/tuantu/Desktop/dev/AI/mobile/game_df/ios-build/Il2CppOutputProject/IL2CPP/libmono/config/il2cpp-config-mono.h
[3443/3487  0s] CopyFiles /Users/tuantu/Desktop/dev/AI/mobile/game_df/ios-build/LaunchScreen-iPhone.storyboard
[3444/3487  0s] CopyFiles /Users/tuantu/Desktop/dev/AI/mobile/game_df/ios-build/LaunchScreen-iPhonePortrait.png
[3445/3487  0s] WriteText /Users/tuantu/Desktop/dev/AI/mobile/game_df/ios-build/Info.plist
[3446/3487  0s] CopyFiles /Users/tuantu/Desktop/dev/AI/mobile/game_df/ios-build/LaunchScreen-iPhoneLandscape.png
[3447/3487  0s] CopyFiles /Users/tuantu/Desktop/dev/AI/mobile/game_df/ios-build/LaunchScreen-iPad.png
[3448/3487  0s] CopyFiles /Users/tuantu/Desktop/dev/AI/mobile/game_df/ios-build/LaunchScreen-iPad.storyboard
[3449/3487  0s] CopyFiles /Users/tuantu/Desktop/dev/AI/mobile/game_df/ios-build/Unity-iPhone/Images.xcassets/AppIcon.appiconset/Icon-iPhone-Settings-58.png
[3450/3487  0s] CopyFiles /Users/tuantu/Desktop/dev/AI/mobile/game_df/ios-build/Unity-iPhone/Images.xcassets/AppIcon.appiconset/Icon-iPhone-Settings-87.png
[3451/3487  0s] CopyFiles /Users/tuantu/Desktop/dev/AI/mobile/game_df/ios-build/Unity-iPhone/Images.xcassets/AppIcon.appiconset/Icon-iPhone-120.png
[3452/3487  0s] CopyFiles /Users/tuantu/Desktop/dev/AI/mobile/game_df/ios-build/Unity-iPhone/Images.xcassets/AppIcon.appiconset/Icon-iPhone-Settings-29.png
[3453/3487  0s] CopyFiles /Users/tuantu/Desktop/dev/AI/mobile/game_df/ios-build/Unity-iPhone/Images.xcassets/AppIcon.appiconset/Icon-iPhone-180.png
[3454/3487  0s] CopyFiles /Users/tuantu/Desktop/dev/AI/mobile/game_df/ios-build/Unity-iPhone/Images.xcassets/AppIcon.appiconset/Icon-iPhone-Spotlight-80.png
[3455/3487  0s] CopyFiles /Users/tuantu/Desktop/dev/AI/mobile/game_df/ios-build/Unity-iPhone/Images.xcassets/AppIcon.appiconset/Icon-iPhone-Spotlight-120.png
[3456/3487  0s] CopyFiles /Users/tuantu/Desktop/dev/AI/mobile/game_df/ios-build/Unity-iPhone/Images.xcassets/AppIcon.appiconset/Icon-iPhone-Notification-40.png
[3457/3487  0s] CopyFiles /Users/tuantu/Desktop/dev/AI/mobile/game_df/ios-build/Unity-iPhone/Images.xcassets/AppIcon.appiconset/Icon-iPad-Settings-29.png
[3458/3487  0s] CopyFiles /Users/tuantu/Desktop/dev/AI/mobile/game_df/ios-build/Unity-iPhone/Images.xcassets/AppIcon.appiconset/Icon-iPhone-Notification-60.png
[3459/3487  0s] CopyFiles /Users/tuantu/Desktop/dev/AI/mobile/game_df/ios-build/Unity-iPhone/Images.xcassets/AppIcon.appiconset/Icon-iPad-Settings-58.png
[3460/3487  0s] CopyFiles /Users/tuantu/Desktop/dev/AI/mobile/game_df/ios-build/Unity-iPhone/Images.xcassets/AppIcon.appiconset/Icon-iPad-Spotlight-40.png
[3461/3487  0s] CopyFiles /Users/tuantu/Desktop/dev/AI/mobile/game_df/ios-build/Unity-iPhone/Images.xcassets/AppIcon.appiconset/Icon-iPad-Spotlight-80.png
[3462/3487  0s] CopyFiles /Users/tuantu/Desktop/dev/AI/mobile/game_df/ios-build/Unity-iPhone/Images.xcassets/AppIcon.appiconset/Icon-iPad-76.png
[3463/3487  0s] CopyFiles /Users/tuantu/Desktop/dev/AI/mobile/game_df/ios-build/Unity-iPhone/Images.xcassets/AppIcon.appiconset/Icon-iPad-152.png
[3464/3487  0s] WriteText /Users/tuantu/Desktop/dev/AI/mobile/game_df/ios-build/Unity-iPhone/Images.xcassets/AppIcon.appiconset/Contents.json
[3465/3487  0s] CopyFiles /Users/tuantu/Desktop/dev/AI/mobile/game_df/ios-build/Unity-iPhone/Images.xcassets/AppIcon.appiconset/Icon-iPad-Notification-20.png
[3466/3487  0s] CopyFiles /Users/tuantu/Desktop/dev/AI/mobile/game_df/ios-build/Unity-iPhone/Images.xcassets/AppIcon.appiconset/Icon-iPad-Notification-40.png
[3467/3487  0s] CopyFiles /Users/tuantu/Desktop/dev/AI/mobile/game_df/ios-build/Unity-iPhone/Images.xcassets/AppIcon.appiconset/Icon-iPad-167.png
[3468/3487  0s] CopyFiles /Users/tuantu/Desktop/dev/AI/mobile/game_df/ios-build/Unity-iPhone/Images.xcassets/AppIcon.appiconset/Icon-Store-1024.png
[3469/3487  0s] CopyFiles /Users/tuantu/Desktop/dev/AI/mobile/game_df/ios-build/Data/sharedassets0.assets
[3470/3487  0s] CopyFiles /Users/tuantu/Desktop/dev/AI/mobile/game_df/ios-build/Data/ScriptingAssemblies.json
[3471/3487  0s] Update Xcode Scheme /Users/tuantu/Desktop/dev/AI/mobile/game_df/ios-build/Unity-iPhone.xcodeproj/xcshareddata/xcschemes/Unity-iPhone.xcscheme
[3472/3487  0s] CopyFiles /Users/tuantu/Desktop/dev/AI/mobile/game_df/ios-build/Data/sharedassets0.assets.resS
[3473/3487  0s] CopyFiles /Users/tuantu/Desktop/dev/AI/mobile/game_df/ios-build/Libraries/com.unity.inputsystem/InputSystem/Plugins/iOS/iOSStepCounter.mm
[3474/3487  0s] CopyFiles /Users/tuantu/Desktop/dev/AI/mobile/game_df/ios-build/Libraries/com.google.ads.mobile/Plugins/iOS/NativeTemplates/GADTMediumTemplateView.xib
[3475/3487  0s] CopyFiles /Users/tuantu/Desktop/dev/AI/mobile/game_df/ios-build/Libraries/com.google.ads.mobile/Plugins/iOS/NativeTemplates/GADTSmallTemplateView.xib
[3476/3487  0s] CopyFiles /Users/tuantu/Desktop/dev/AI/mobile/game_df/ios-build/Data/RuntimeInitializeOnLoads.json
[3477/3487  0s] WriteText /Users/tuantu/Desktop/dev/AI/mobile/game_df/ios-build/Unity-iPhone.xcodeproj/project.pbxproj
[3478/3487  0s] CopyFiles /Users/tuantu/Desktop/dev/AI/mobile/game_df/ios-build/Data/resources.assets.resS
[3479/3487  0s] CopyFiles /Users/tuantu/Desktop/dev/AI/mobile/game_df/ios-build/Libraries/com.google.ads.mobile/Plugins/iOS/GADUAdNetworkExtras.h
[3480/3487  0s] CopyFiles /Users/tuantu/Desktop/dev/AI/mobile/game_df/ios-build/Data/resources.resource
[3481/3487  0s] CopyFiles /Users/tuantu/Desktop/dev/AI/mobile/game_df/ios-build/Data/Resources/unity_builtin_extra
[3482/3487  0s] CopyFiles /Users/tuantu/Desktop/dev/AI/mobile/game_df/ios-build/Data/resources.assets
[3483/3487  0s] CopyFiles /Users/tuantu/Desktop/dev/AI/mobile/game_df/ios-build/Data/globalgamemanagers
[3484/3487  0s] CopyFiles /Users/tuantu/Desktop/dev/AI/mobile/game_df/ios-build/Data/level0
[3485/3487  0s] CopyFiles /Users/tuantu/Desktop/dev/AI/mobile/game_df/ios-build/Data/globalgamemanagers.assets.resS
[3486/3487  0s] CopyFiles /Users/tuantu/Desktop/dev/AI/mobile/game_df/ios-build/Data/globalgamemanagers.assets
*** Tundra build success (1.62 seconds), 3353 items updated, 3487 evaluated
ExitCode: 0 Duration: 1s650ms
Total cache size 268345900
Total cache size after purge 268345900, took 00:00:00.1001372
Asset Pipeline Refresh (id=9feeac2e2b5e140daafbb6cd0279ca9d): Total: 0.300 seconds - Initiated by RefreshV2(NoUpdateAssetOptions)
Stripping Runtime Debug Shader Variants, you won't be able to use some features of Rendering Debugger in the Player Build.
UnityEngine.Debug:ExtractStackTraceNoAlloc (byte*,int,string)
UnityEngine.StackTraceUtility:ExtractStackTrace () (at /Users/bokken/build/output/unity/unity/Runtime/Export/Scripting/StackTrace.cs:35)
UnityEngine.DebugLogHandler:Internal_Log (UnityEngine.LogType,UnityEngine.LogOption,string,UnityEngine.Object)
UnityEngine.DebugLogHandler:LogFormat (UnityEngine.LogType,UnityEngine.Object,string,object[])
UnityEngine.Logger:Log (UnityEngine.LogType,object)
UnityEngine.Debug:Log (object)
UnityEditor.Rendering.ShaderStripping:ReportEnd () (at ./Library/PackageCache/com.unity.render-pipelines.core@539ef1c759fb/Editor/ShaderStripping/ShaderStrippingReport.cs:379)
UnityEditor.Rendering.ShaderStrippingReportScope:OnPostprocessBuild (UnityEditor.Build.Reporting.BuildReport) (at ./Library/PackageCache/com.unity.render-pipelines.core@539ef1c759fb/Editor/ShaderStripping/ShaderStrippingReport.cs:134)
UnityEditor.Build.BuildPipelineInterfaces/<>c__DisplayClass21_0:<OnBuildPostProcess>b__1 (UnityEditor.Build.IPostprocessBuildWithReport) (at /Users/bokken/build/output/unity/unity/Editor/Mono/BuildPipeline/BuildPipelineInterfaces.cs:1221)
UnityEditor.Build.BuildPipelineInterfaces:InvokeCallbackInterfacesPair<UnityEditor.Build.IPostprocessBuild, UnityEditor.Build.IPostprocessBuildWithReport> (System.Collections.Generic.List`1<UnityEditor.Build.IPostprocessBuild>,System.Action`1<UnityEditor.Build.IPostprocessBuild>,System.Collections.Generic.List`1<UnityEditor.Build.IPostprocessBuildWithReport>,System.Action`1<UnityEditor.Build.IPostprocessBuildWithReport>,bool) (at /Users/bokken/build/output/unity/unity/Editor/Mono/BuildPipeline/BuildPipelineInterfaces.cs:1090)
UnityEditor.Build.BuildPipelineInterfaces:OnBuildPostProcess (UnityEditor.Build.Reporting.BuildReport) (at /Users/bokken/build/output/unity/unity/Editor/Mono/BuildPipeline/BuildPipelineInterfaces.cs:1212)
UnityEditor.BuildPipeline:BuildPlayerInternal (string[],string,string,UnityEditor.BuildTargetGroup,UnityEditor.BuildTarget,int,UnityEditor.BuildOptions,string[],string[],bool)
UnityEditor.BuildPipeline:BuildPlayer (UnityEditor.BuildPlayerOptions) (at /Users/bokken/build/output/unity/unity/Editor/Mono/BuildPipeline/BuildPipeline.bindings.cs:267)
LaMuralla.EditorTools.BuildScript:BuildIOS (UnityEditor.BuildOptions) (at Assets/_Project/Editor/BuildScript.cs:61)
LaMuralla.EditorTools.BuildScript:BuildIOS () (at Assets/_Project/Editor/BuildScript.cs:27)

(Filename: ./Library/PackageCache/com.unity.render-pipelines.core@539ef1c759fb/Editor/ShaderStripping/ShaderStrippingReport.cs Line: 379)

﻿﻿﻿﻿﻿﻿﻿﻿
-------------------------------------------------------------------------------
Build Report
Uncompressed usage by category (Percentages based on user generated assets only):
Textures               11.0 mb	 80.7% 
Meshes                 0.0 kb	 0.0% 
Animations             54.5 kb	 0.4% 
Sounds                 58.6 kb	 0.4% 
Shaders                971.8 kb	 7.0% 
Other Assets           1.4 mb	 10.1% 
Levels                 1.6 kb	 0.0% 
File headers           46.8 kb	 0.3% 
Total User Assets      13.6 mb	 100.0% 
Complete build size    1.2 gb
Used Assets and files from the Resources folder, sorted by uncompressed size:
 1.2 mb	 0.1% Built-in Texture2D: Splash Screen Unity Logo
 685.0 kb	 0.1% Assets/_Project/Resources/Art/home_campaign_bg.png
 514.7 kb	 0.0% Resources/unity_builtin_extra
 481.7 kb	 0.0% Assets/_Project/Art/Characters/batigol_hero.png
 481.4 kb	 0.0% Assets/_Project/Art/Characters/dibu_hero.png
 481.3 kb	 0.0% Assets/_Project/Art/Characters/tambor_enemy.png
 479.9 kb	 0.0% Assets/_Project/Resources/Art/dibu_glove.png
 479.3 kb	 0.0% Assets/_Project/Art/Characters/la_pulga_hero.png
 479.0 kb	 0.0% Assets/_Project/Art/Characters/o_capitao_enemy.png
 478.7 kb	 0.0% Assets/_Project/Art/Characters/d10s_hero.png
 478.2 kb	 0.0% Assets/_Project/Resources/Art/fire.png
 476.1 kb	 0.0% Assets/_Project/Art/Characters/tifoso_enemy.png
 475.7 kb	 0.0% Assets/_Project/Art/Characters/el_arbitro_hero.png
 475.6 kb	 0.0% Assets/_Project/Resources/Art/dibu_cup.png
 474.6 kb	 0.0% Assets/_Project/Art/Characters/adepto_enemy.png
 437.4 kb	 0.0% Assets/_Project/Resources/Fonts/Inter-SemiBold.ttf
 421.8 kb	 0.0% Assets/_Project/Resources/Fonts/Inter-Regular.ttf
 266.7 kb	 0.0% Packages/com.unity.render-pipelines.universal/Shaders/2D/Light2D.shader
 262.6 kb	 0.0% Packages/com.unity.render-pipelines.universal/Textures/SMAA/AreaTex.tga
 256.1 kb	 0.0% Packages/com.unity.render-pipelines.universal/Textures/FilmGrain/Thin02.png
 256.1 kb	 0.0% Packages/com.unity.render-pipelines.universal/Textures/FilmGrain/Thin01.png
 256.1 kb	 0.0% Packages/com.unity.render-pipelines.universal/Textures/FilmGrain/Medium06.png
 256.1 kb	 0.0% Packages/com.unity.render-pipelines.universal/Textures/FilmGrain/Medium05.png
 256.1 kb	 0.0% Packages/com.unity.render-pipelines.universal/Textures/FilmGrain/Medium04.png
 256.1 kb	 0.0% Packages/com.unity.render-pipelines.universal/Textures/FilmGrain/Medium03.png
 256.1 kb	 0.0% Packages/com.unity.render-pipelines.universal/Textures/FilmGrain/Medium02.png
 256.1 kb	 0.0% Packages/com.unity.render-pipelines.universal/Textures/FilmGrain/Medium01.png
 256.1 kb	 0.0% Packages/com.unity.render-pipelines.universal/Textures/FilmGrain/Large02.png
 256.1 kb	 0.0% Packages/com.unity.render-pipelines.universal/Textures/FilmGrain/Large01.png
 247.9 kb	 0.0% Assets/_Project/Resources/Art/la_pulga_ball.png
 238.5 kb	 0.0% Assets/_Project/Resources/BakedConfig.asset
 230.5 kb	 0.0% Packages/com.unity.render-pipelines.universal/Shaders/PostProcessing/UberPost.shader
 81.3 kb	 0.0% Packages/com.unity.render-pipelines.core/Runtime/Vrs/Shaders/VrsTexture.compute
 67.4 kb	 0.0% Packages/com.unity.render-pipelines.universal/Shaders/Utils/CoreBlit.shader
 30.6 kb	 0.0% Packages/com.unity.render-pipelines.universal/Shaders/PostProcessing/FinalPost.shader
 30.6 kb	 0.0% Packages/com.unity.render-pipelines.universal/Shaders/PostProcessing/BokehDepthOfField.shader
 30.1 kb	 0.0% Assets/_Project/Resources/Art/portrait_dibu.png
 27.7 kb	 0.0% Assets/_Project/Resources/Art/portrait_el_arbitro.png
 27.4 kb	 0.0% Assets/_Project/Resources/Art/portrait_batigol.png
 27.2 kb	 0.0% Assets/_Project/Resources/Art/portrait_la_pulga.png
 27.1 kb	 0.0% Packages/com.unity.render-pipelines.universal/Shaders/Terrain/WavingGrass.shader
 26.6 kb	 0.0% Packages/com.unity.render-pipelines.universal/Shaders/PostProcessing/TemporalAA.shader
 25.6 kb	 0.0% Assets/_Project/Resources/Art/portrait_d10s.png
 25.4 kb	 0.0% Packages/com.unity.render-pipelines.universal/Shaders/PostProcessing/LensFlareDataDriven.shader
 22.7 kb	 0.0% Packages/com.unity.render-pipelines.universal/Shaders/PostProcessing/Bloom.shader
 20.7 kb	 0.0% Packages/com.unity.render-pipelines.universal/Shaders/Terrain/WavingGrassBillboard.shader
 20.6 kb	 0.0% Packages/com.unity.render-pipelines.universal/Shaders/PostProcessing/CameraMotionBlur.shader
 20.3 kb	 0.0% Packages/com.unity.render-pipelines.universal/Shaders/Terrain/TerrainDetailLit.shader
 18.7 kb	 0.0% Packages/com.unity.render-pipelines.universal/Shaders/PostProcessing/LensFlareScreenSpace.shader
 17.4 kb	 0.0% Packages/com.unity.render-pipelines.universal/Shaders/PostProcessing/GaussianDepthOfField.shader
 15.0 kb	 0.0% Packages/com.unity.render-pipelines.universal/Shaders/PostProcessing/SubpixelMorphologicalAntialiasing.shader
 14.9 kb	 0.0% Packages/com.unity.render-pipelines.universal/Textures/DebugFont.tga
 12.4 kb	 0.0% Packages/com.unity.render-pipelines.universal/Shaders/Debug/HDRDebugView.shader
 12.1 kb	 0.0% Packages/com.unity.render-pipelines.universal/Shaders/PostProcessing/LutBuilderHdr.shader
 10.2 kb	 0.0% Packages/com.unity.render-pipelines.universal/Shaders/Utils/CoreBlitColorAndDepth.shader
 9.8 kb	 0.0% Assets/Settings/InputSystem_Actions.inputactions
 8.6 kb	 0.0% Assets/_Project/Resources/Icons/coin.png
 8.4 kb	 0.0% Assets/_Project/Resources/Icons/goal.png
 8.3 kb	 0.0% Assets/_Project/Resources/Icons/save.png
 8.0 kb	 0.0% Packages/com.unity.render-pipelines.universal/Shaders/2D/Shadow2D-Projected.shader
 8.0 kb	 0.0% Packages/com.unity.render-pipelines.core/Shaders/CoreCopy.shader
 7.8 kb	 0.0% Packages/com.unity.render-pipelines.universal/Shaders/PostProcessing/LutBuilderLdr.shader
 7.6 kb	 0.0% Assets/_Project/Resources/Audio/wave_start.ogg
 7.4 kb	 0.0% Packages/com.unity.render-pipelines.universal/Shaders/2D/Shadow2D-Unshadow-Sprite.shader
 7.0 kb	 0.0% Packages/com.unity.render-pipelines.universal/Shaders/PostProcessing/EdgeAdaptiveSpatialUpsampling.shader
 6.8 kb	 0.0% Packages/com.unity.render-pipelines.universal/Shaders/PostProcessing/ScalingSetup.shader
 6.7 kb	 0.0% Packages/com.unity.render-pipelines.universal/Shaders/2D/Shadow2D-Unshadow-Geometry.shader
 6.2 kb	 0.0% Assets/_Project/Resources/Audio/punch_heavy.ogg
 5.7 kb	 0.0% Assets/_Project/Resources/Icons/audio_on.png
 5.4 kb	 0.0% Assets/_Project/Resources/Audio/goal_hit.ogg
 5.3 kb	 0.0% Assets/_Project/Resources/Icons/star.png
 5.3 kb	 0.0% Assets/_Project/Resources/Icons/speed.png
 5.2 kb	 0.0% Assets/_Project/Resources/Icons/audio_off.png
 5.2 kb	 0.0% Assets/_Project/Resources/Icons/plus.png
 5.2 kb	 0.0% Assets/_Project/Resources/Audio/explode.ogg
 4.9 kb	 0.0% Packages/com.unity.render-pipelines.universal/Shaders/Debug/DebugReplacement.shader
 4.9 kb	 0.0% Packages/com.unity.render-pipelines.universal/Shaders/Utils/CopyDepth.shader
 4.8 kb	 0.0% Assets/_Project/Resources/Audio/upgrade.ogg
 4.8 kb	 0.0% Packages/com.unity.render-pipelines.universal/Shaders/PostProcessing/PaniniProjection.shader
 4.4 kb	 0.0% Packages/com.unity.render-pipelines.universal/Shaders/2D/Shadow2D-Shadow-Sprite.shader
 4.4 kb	 0.0% Assets/_Project/Resources/Audio/denied.ogg
 4.3 kb	 0.0% Assets/_Project/Resources/Audio/punch.ogg
 4.3 kb	 0.0% Packages/com.unity.render-pipelines.universal/Shaders/Utils/Sampling.shader
 4.3 kb	 0.0% Assets/_Project/Resources/Fonts/Inter-LICENSE.txt
 4.3 kb	 0.0% Packages/com.unity.render-pipelines.universal/Shaders/PostProcessing/StopNaN.shader
 4.2 kb	 0.0% Packages/com.unity.render-pipelines.universal/Textures/BlueNoise64/L/LDR_LLL1_0.png
 4.1 kb	 0.0% Packages/com.unity.render-pipelines.universal/Shaders/Utils/FallbackError.shader
 4.1 kb	 0.0% Packages/com.unity.render-pipelines.core/Runtime/Vrs/Shaders/VrsVisualization.shader
 4.0 kb	 0.0% Packages/com.unity.render-pipelines.universal/Shaders/2D/Shadow2D-Shadow-Geometry.shader
 3.7 kb	 0.0% Packages/com.unity.render-pipelines.core/Runtime/RenderPipelineResources/FallbackShader.shader
 3.1 kb	 0.0% Assets/_Project/Resources/Audio/shot_ball.ogg
 3.0 kb	 0.0% Assets/_Project/Resources/Audio/buy.ogg
 2.9 kb	 0.0% Assets/_Project/Resources/Audio/throw.ogg
 2.8 kb	 0.0% Assets/Settings/DefaultVolumeProfile.asset
 2.7 kb	 0.0% Assets/_Project/Resources/Audio/wave_clear.ogg
 2.6 kb	 0.0% Packages/com.unity.render-pipelines.universal/Shaders/Debug/ProbeVolumeSamplingDebugPositionNormal.compute
 2.6 kb	 0.0% Assets/_Project/Resources/Audio/enemy_die.ogg
 2.6 kb	 0.0% Assets/Settings/UniversalRenderPipelineGlobalSettings.asset
 2.4 kb	 0.0% Assets/_Project/Resources/Anim/el_arbitro_yellow.anim
 2.4 kb	 0.0% Assets/_Project/Resources/Anim/el_arbitro_red.anim
 2.4 kb	 0.0% Assets/_Project/Resources/Anim/o_capitao_walk.anim
 2.4 kb	 0.0% Assets/_Project/Resources/Anim/la_pulga_volley.anim
 2.4 kb	 0.0% Assets/_Project/Resources/Anim/la_pulga_kick.anim
 2.4 kb	 0.0% Assets/_Project/Resources/Anim/la_pulga_curl.anim
 2.4 kb	 0.0% Assets/_Project/Resources/Anim/batigol_stomp.anim
 2.4 kb	 0.0% Assets/_Project/Resources/Anim/batigol_punch.anim
 2.4 kb	 0.0% Assets/_Project/Resources/Anim/tifoso_walk.anim
 2.4 kb	 0.0% Assets/_Project/Resources/Anim/tambor_walk.anim
 2.4 kb	 0.0% Assets/_Project/Resources/Anim/dibu_glove.anim
 2.4 kb	 0.0% Assets/_Project/Resources/Anim/dibu_ball.anim
 2.4 kb	 0.0% Assets/_Project/Resources/Anim/d10s_mortar.anim
 2.4 kb	 0.0% Assets/_Project/Resources/Anim/d10s_bottle.anim
 2.4 kb	 0.0% Assets/_Project/Resources/Anim/d10s_ball.anim
 2.4 kb	 0.0% Assets/_Project/Resources/Anim/batigol_kick.anim
 2.4 kb	 0.0% Assets/_Project/Resources/Anim/adepto_walk.anim
 2.4 kb	 0.0% Assets/_Project/Resources/Anim/dibu_cup.anim
 2.3 kb	 0.0% Assets/_Project/Resources/Anim/la_pulga_idle.anim
 2.3 kb	 0.0% Assets/_Project/Resources/Anim/el_arbitro_idle.anim
 2.3 kb	 0.0% Assets/_Project/Resources/Anim/dibu_idle.anim
 2.3 kb	 0.0% Assets/_Project/Resources/Anim/d10s_idle.anim
 2.3 kb	 0.0% Assets/_Project/Resources/Anim/batigol_idle.anim
 2.1 kb	 0.0% Assets/Resources/PerformanceTestRunInfo.json
 2.0 kb	 0.0% Assets/_Project/Resources/Audio/card.ogg
 2.0 kb	 0.0% Assets/_Project/Resources/Art/d10s_bottle.png
 1.9 kb	 0.0% Assets/_Project/Resources/Audio/save.ogg
 1.9 kb	 0.0% Assets/_Project/Resources/Audio/sell.ogg
 1.7 kb	 0.0% Assets/_Project/Resources/Anim/d10s.controller
 1.7 kb	 0.0% Assets/_Project/Resources/Anim/batigol.controller
 1.7 kb	 0.0% Assets/_Project/Resources/Anim/la_pulga.controller
 1.6 kb	 0.0% Assets/_Project/Resources/Anim/dibu.controller
 1.3 kb	 0.0% Assets/_Project/Resources/Fonts/CREDITS.txt
 1.2 kb	 0.0% Assets/_Project/Resources/Anim/el_arbitro.controller
 1.2 kb	 0.0% Assets/_Project/Resources/Audio/CREDITS.txt
 1.2 kb	 0.0% Packages/com.unity.render-pipelines.universal/Textures/SMAA/SearchTex.tga
 1.0 kb	 0.0% Assets/_Project/Resources/Icons/CREDITS.txt
 0.8 kb	 0.0% Packages/com.unity.render-pipelines.universal/Runtime/Data/PostProcessData.asset
 0.6 kb	 0.0% Packages/com.google.ads.mobile/GoogleMobileAds/GoogleMobileAds.Common.dll
 0.5 kb	 0.0% Assets/_Project/Resources/Audio/tap.ogg
 0.5 kb	 0.0% Packages/com.unity.render-pipelines.universal/Shaders/XR/XRMirrorView.shader
 0.5 kb	 0.0% Packages/com.unity.render-pipelines.universal/Shaders/Utils/BlitHDROverlay.shader
 0.4 kb	 0.0% Assets/Settings/UniversalRP.asset
 0.4 kb	 0.0% Built-in Sprite: 
 0.4 kb	 0.0% Assets/_Project/Resources/Anim/o_capitao.controller
 0.4 kb	 0.0% Assets/_Project/Resources/Anim/tifoso.controller
 0.4 kb	 0.0% Assets/_Project/Resources/Anim/tambor.controller
 0.4 kb	 0.0% Assets/_Project/Resources/Anim/adepto.controller
 0.4 kb	 0.0% Packages/com.unity.render-pipelines.universal/Textures/BlueNoise16/L/LDR_LLL1_9.png
 0.4 kb	 0.0% Packages/com.unity.render-pipelines.universal/Textures/BlueNoise16/L/LDR_LLL1_8.png
 0.4 kb	 0.0% Packages/com.unity.render-pipelines.universal/Textures/BlueNoise16/L/LDR_LLL1_7.png
 0.4 kb	 0.0% Packages/com.unity.render-pipelines.universal/Textures/BlueNoise16/L/LDR_LLL1_6.png
 0.4 kb	 0.0% Packages/com.unity.render-pipelines.universal/Textures/BlueNoise16/L/LDR_LLL1_5.png
 0.4 kb	 0.0% Packages/com.unity.render-pipelines.universal/Textures/BlueNoise16/L/LDR_LLL1_4.png
 0.4 kb	 0.0% Packages/com.unity.render-pipelines.universal/Textures/BlueNoise16/L/LDR_LLL1_31.png
 0.4 kb	 0.0% Packages/com.unity.render-pipelines.universal/Textures/BlueNoise16/L/LDR_LLL1_30.png
 0.4 kb	 0.0% Packages/com.unity.render-pipelines.universal/Textures/BlueNoise16/L/LDR_LLL1_3.png
 0.4 kb	 0.0% Packages/com.unity.render-pipelines.universal/Textures/BlueNoise16/L/LDR_LLL1_29.png
 0.4 kb	 0.0% Packages/com.unity.render-pipelines.universal/Textures/BlueNoise16/L/LDR_LLL1_28.png
 0.4 kb	 0.0% Packages/com.unity.render-pipelines.universal/Textures/BlueNoise16/L/LDR_LLL1_27.png
 0.4 kb	 0.0% Packages/com.unity.render-pipelines.universal/Textures/BlueNoise16/L/LDR_LLL1_26.png
 0.4 kb	 0.0% Packages/com.unity.render-pipelines.universal/Textures/BlueNoise16/L/LDR_LLL1_25.png
 0.4 kb	 0.0% Packages/com.unity.render-pipelines.universal/Textures/BlueNoise16/L/LDR_LLL1_24.png
 0.4 kb	 0.0% Packages/com.unity.render-pipelines.universal/Textures/BlueNoise16/L/LDR_LLL1_23.png
 0.4 kb	 0.0% Packages/com.unity.render-pipelines.universal/Textures/BlueNoise16/L/LDR_LLL1_22.png
 0.4 kb	 0.0% Packages/com.unity.render-pipelines.universal/Textures/BlueNoise16/L/LDR_LLL1_21.png
 0.4 kb	 0.0% Packages/com.unity.render-pipelines.universal/Textures/BlueNoise16/L/LDR_LLL1_20.png
 0.4 kb	 0.0% Packages/com.unity.render-pipelines.universal/Textures/BlueNoise16/L/LDR_LLL1_2.png
 0.4 kb	 0.0% Packages/com.unity.render-pipelines.universal/Textures/BlueNoise16/L/LDR_LLL1_19.png
 0.4 kb	 0.0% Packages/com.unity.render-pipelines.universal/Textures/BlueNoise16/L/LDR_LLL1_18.png
 0.4 kb	 0.0% Packages/com.unity.render-pipelines.universal/Textures/BlueNoise16/L/LDR_LLL1_17.png
 0.4 kb	 0.0% Packages/com.unity.render-pipelines.universal/Textures/BlueNoise16/L/LDR_LLL1_16.png
 0.4 kb	 0.0% Packages/com.unity.render-pipelines.universal/Textures/BlueNoise16/L/LDR_LLL1_15.png
 0.4 kb	 0.0% Packages/com.unity.render-pipelines.universal/Textures/BlueNoise16/L/LDR_LLL1_14.png
 0.4 kb	 0.0% Packages/com.unity.render-pipelines.universal/Textures/BlueNoise16/L/LDR_LLL1_13.png
 0.4 kb	 0.0% Packages/com.unity.render-pipelines.universal/Textures/BlueNoise16/L/LDR_LLL1_12.png
 0.4 kb	 0.0% Packages/com.unity.render-pipelines.universal/Textures/BlueNoise16/L/LDR_LLL1_11.png
 0.4 kb	 0.0% Packages/com.unity.render-pipelines.universal/Textures/BlueNoise16/L/LDR_LLL1_10.png
 0.4 kb	 0.0% Packages/com.unity.render-pipelines.universal/Textures/BlueNoise16/L/LDR_LLL1_1.png
 0.4 kb	 0.0% Packages/com.unity.render-pipelines.universal/Textures/BlueNoise16/L/LDR_LLL1_0.png
 0.4 kb	 0.0% Packages/com.unity.render-pipelines.universal/Shaders/XR/XROcclusionMesh.shader
 0.4 kb	 0.0% Packages/com.unity.render-pipelines.universal/Shaders/XR/XRMotionVector.shader
 0.3 kb	 0.0% Assets/Settings/Renderer2D.asset
 0.3 kb	 0.0% Assets/GoogleMobileAds/Resources/GoogleMobileAdsSettings.asset
 0.2 kb	 0.0% Packages/com.unity.render-pipelines.core/Runtime-PrivateShared/InternalBridge/RenderPipelineEditorUtilityBridge.cs
 0.2 kb	 0.0% Packages/com.unity.render-pipelines.core/Runtime-PrivateShared/InternalRenderPipelineGlobalSettingsUtils.cs
 0.2 kb	 0.0% Packages/com.unity.render-pipelines.universal/Runtime/Debug/UniversalRenderPipelineVolumeDebugSettings.deprecated.cs
 0.2 kb	 0.0% Packages/com.unity.render-pipelines.universal/Runtime/RenderPipelineResources/UniversalRenderPipelineRuntimeXRResources.cs
 0.2 kb	 0.0% Packages/com.unity.render-pipelines.universal/Runtime/RenderPipelineResources/UniversalRenderPipelineRuntimeTerrainShaders.cs
 0.2 kb	 0.0% Packages/com.unity.render-pipelines.universal/Runtime/Debug/UniversalRenderPipelineVolumeDebugSettings.cs
 0.2 kb	 0.0% Packages/com.unity.render-pipelines.universal/Runtime/Debug/UniversalRenderPipelineDebugDisplaySettings.cs
 0.2 kb	 0.0% Packages/com.unity.render-pipelines.core/Runtime/RenderGraph/RenderGraphResourceAccelerationStructure.cs
 0.2 kb	 0.0% Packages/com.unity.render-pipelines.universal/Runtime/UniversalRenderPipelineGlobalSettings.cs
 0.2 kb	 0.0% Packages/com.unity.render-pipelines.universal/Runtime/RenderPipelineResources/UniversalRenderPipelineRuntimeTextures.cs
 0.2 kb	 0.0% Packages/com.unity.render-pipelines.universal/Runtime/RenderPipelineResources/UniversalRenderPipelineRuntimeShaders.cs
 0.2 kb	 0.0% Packages/com.unity.render-pipelines.universal/Runtime/RenderPipelineResources/UniversalRenderPipelineEditorMaterials.cs
 0.2 kb	 0.0% Packages/com.unity.render-pipelines.universal/Runtime/Debug/UniversalRenderPipelineDebugDisplayStats.cs
 0.2 kb	 0.0% Packages/com.unity.render-pipelines.core/Runtime-PrivateShared/InternalRenderGraphValidation.cs
 0.2 kb	 0.0% Packages/com.unity.render-pipelines.universal/Runtime/2D/Shadows/Providers/ShadowShape2DProvider_SpriteRenderer.cs
 0.2 kb	 0.0% Packages/com.unity.render-pipelines.core/Runtime/Stripping/RenderPipelineGraphicsSettingsStripperFetcher.cs
 0.2 kb	 0.0% Packages/com.unity.render-pipelines.core/Runtime/RenderGraph/IRenderGraphEnabledRenderPipeline.cs
 0.2 kb	 0.0% Packages/com.unity.render-pipelines.universal/Runtime/RenderPipelineResources/UniversalRenderPipelineEditorShaders.cs
 0.2 kb	 0.0% Packages/com.unity.render-pipelines.universal/Runtime/RenderPipelineResources/UniversalRenderPipelineEditorAssets.cs
 0.2 kb	 0.0% Packages/com.unity.render-pipelines.universal/Runtime/RenderPipelineResources/UniversalRenderPipelineDebugShaders.cs
 0.2 kb	 0.0% Packages/com.unity.render-pipelines.universal/Runtime/Passes/PostProcess/TemporalAntiAliasingPostProcessPass.cs
 0.2 kb	 0.0% Packages/com.unity.render-pipelines.universal/Runtime/Passes/PostProcess/LensFlareScreenSpacePostProcessPass.cs
 0.2 kb	 0.0% Packages/com.unity.render-pipelines.universal/Runtime/Passes/PostProcess/LensFlareDataDrivenPostProcessPass.cs
 0.2 kb	 0.0% Packages/com.unity.render-pipelines.universal/Runtime/Passes/PostProcess/DepthOfFieldGaussianPostProcessPass.cs
 0.2 kb	 0.0% Packages/com.unity.render-pipelines.universal/Runtime/Passes/AdditionalLightsShadowCasterPass.cs
 0.2 kb	 0.0% Packages/com.unity.render-pipelines.universal/Runtime/Passes/AdditionalLightsShadowAtlasLayout.cs
 0.2 kb	 0.0% Packages/com.unity.render-pipelines.core/Runtime/Stripping/RenderPipelineGraphicsSettingsStripperReport.cs
 0.2 kb	 0.0% Packages/com.unity.render-pipelines.core/Runtime/RenderGraph/Compiler/NativePassCompiler.Debug.cs
 0.2 kb	 0.0% Packages/com.unity.render-pipelines.core/Runtime/GPUDriven/Culling/OcclusionCullingCommonShaderVariables.cs
 0.2 kb	 0.0% Packages/com.unity.render-pipelines.core/Runtime/GPUDriven/Culling/InstanceOcclusionCullerShaderVariables.cs
 0.2 kb	 0.0% Packages/com.unity.render-pipelines.universal/Runtime/2D/Shadows/Providers/ShadowShape2DProvider_Collider.cs
 0.2 kb	 0.0% Packages/com.unity.render-pipelines.universal/Runtime/2D/CinemachineUniversalPixelPerfect.cs
 0.2 kb	 0.0% Packages/com.unity.render-pipelines.core/Runtime/Stripping/RenderPipelineGraphicsSettingsStripper.cs
 0.2 kb	 0.0% Packages/com.unity.render-pipelines.core/Runtime/RenderPipeline/RenderPipelineGraphicsSettingsContainer.cs
 0.2 kb	 0.0% Packages/com.unity.render-pipelines.core/Runtime/RenderGraph/Compiler/NativePassCompiler.cs
 0.2 kb	 0.0% Packages/com.unity.render-pipelines.core/Runtime/RenderGraph/Compiler/CompilerContextData.cs
 0.2 kb	 0.0% Packages/com.unity.render-pipelines.core/Runtime/Common/IVirtualTexturingEnabledRenderPipeline.cs
 0.2 kb	 0.0% Packages/com.unity.render-pipelines.universal/Textures/BayerMatrix.png
 0.2 kb	 0.0% Packages/com.unity.render-pipelines.universal/Runtime/VolumeRequiresRendererFeatures.cs
 0.2 kb	 0.0% Packages/com.unity.render-pipelines.universal/Runtime/UniversalAdditionalCameraData.cs
 0.2 kb	 0.0% Packages/com.unity.render-pipelines.universal/Runtime/Settings/URPDefaultVolumeProfileSetting.cs
 0.2 kb	 0.0% Packages/com.unity.render-pipelines.universal/Runtime/RendererFeatures/FullScreenPassRendererFeature.cs
 0.2 kb	 0.0% Packages/com.unity.render-pipelines.universal/Runtime/RendererFeatures/DisallowMultipleRendererFeature.cs
 0.2 kb	 0.0% Packages/com.unity.render-pipelines.universal/Runtime/Passes/ScreenSpaceAmbientOcclusionPass.cs
 0.2 kb	 0.0% Packages/com.unity.render-pipelines.universal/Runtime/Passes/PostProcess/PaniniProjectionPostProcessPass.cs
 0.2 kb	 0.0% Packages/com.unity.render-pipelines.universal/Runtime/Passes/MainLightShadowCasterPass.cs
 0.2 kb	 0.0% Packages/com.unity.render-pipelines.universal/Runtime/Passes/InvokeOnRenderObjectCallbackPass.cs
 0.2 kb	 0.0% Packages/com.unity.render-pipelines.universal/Runtime/Decal/Entities/DecalUpdateCullingGroupSystem.cs
 0.2 kb	 0.0% Packages/com.unity.render-pipelines.universal/Runtime/Debug/DebugDisplaySettingsRendering.cs
 0.2 kb	 0.0% Packages/com.unity.render-pipelines.core/Runtime/UnifiedRayTracing/Hardware/HardwareRayTracingAccelStruct.cs
 0.2 kb	 0.0% Packages/com.unity.render-pipelines.core/Runtime/RenderGraph/RenderGraphUtilsResources.cs
 0.2 kb	 0.0% Packages/com.unity.render-pipelines.core/Runtime/Lighting/ProbeVolume/ProbeReferenceVolume.ReflProbeNormalization.cs
 0.2 kb	 0.0% Packages/com.unity.render-pipelines.core/Runtime/GPUDriven/Culling/OcclusionCullingDebugShaderVariables.cs
 0.2 kb	 0.0% Packages/com.unity.render-pipelines.core/Runtime-PrivateShared/OnTileValidationLayer.cs
 0.2 kb	 0.0% Packages/com.unity.render-pipelines.universal/Runtime/UniversalRenderPipelineRenderGraph.cs
 0.2 kb	 0.0% Packages/com.unity.render-pipelines.universal/Runtime/Passes/PostProcess/DepthOfFieldBokehProcessPass.cs
 0.2 kb	 0.0% Packages/com.unity.render-pipelines.universal/Runtime/2D/Sources/Shadow2DSource_ShapeEditor.cs
 0.2 kb	 0.0% Packages/com.unity.render-pipelines.universal/Runtime/2D/Shadows/ShadowCasterGroup2DManager.cs
 0.2 kb	 0.0% Packages/com.unity.render-pipelines.universal/Runtime/2D/Rendergraph/CopyCameraSortingLayerPass.cs
 0.2 kb	 0.0% Packages/com.unity.render-pipelines.universal/Runtime/2D/RendererFeatures/ScriptableRendererFeature2D.cs
 0.2 kb	 0.0% Packages/com.unity.render-pipelines.universal/Runtime/2D/PixelPerfectCameraInternal.cs
 0.2 kb	 0.0% Packages/com.unity.render-pipelines.core/Runtime/Vrs/VrsRenderPipelineRuntimeResources.cs
 0.2 kb	 0.0% Packages/com.unity.render-pipelines.core/Runtime/Settings/RenderingDebuggerRuntimeResources.cs
 0.2 kb	 0.0% Packages/com.unity.render-pipelines.core/Runtime/RenderPipeline/RenderPipelineGlobalSettingsUtils.cs
 0.2 kb	 0.0% Packages/com.unity.render-pipelines.core/Runtime/RenderGraph/RenderGraphValidationLayer.cs
 0.2 kb	 0.0% Packages/com.unity.render-pipelines.core/Runtime/RenderGraph/RenderGraphResourceRegistry.cs
 0.2 kb	 0.0% Packages/com.unity.render-pipelines.core/Runtime/RenderGraph/RenderGraphDefaultResources.cs
 0.2 kb	 0.0% Packages/com.unity.render-pipelines.core/Runtime/RenderGraph/Compiler/ResourcesData.cs
 0.2 kb	 0.0% Packages/com.unity.render-pipelines.core/Runtime/Lighting/ProbeVolume/ProbeVolumeConstantRuntimeResources.cs
 0.2 kb	 0.0% Packages/com.unity.render-pipelines.core/Runtime/Lighting/ProbeVolume/ProbeVolumeBakingSetWeakReference.cs
 0.2 kb	 0.0% Packages/com.unity.render-pipelines.core/Runtime/Lighting/ProbeVolume/IProbeVolumeEnabledRenderPipeline.cs
 0.2 kb	 0.0% Packages/com.unity.render-pipelines.universal/Runtime/UniversalAdditionalLightData.cs
 0.2 kb	 0.0% Packages/com.unity.render-pipelines.universal/Runtime/Tiling/ReflectionProbeMinMaxZJob.cs
 0.2 kb	 0.0% Packages/com.unity.render-pipelines.universal/Runtime/Settings/URPShaderStrippingSetting.cs
 0.2 kb	 0.0% Packages/com.unity.render-pipelines.universal/Runtime/ScriptableRendererFeature.cs
 0.2 kb	 0.0% Packages/com.unity.render-pipelines.universal/Runtime/RendererFeatures/ScreenSpaceAmbientOcclusion.cs
 0.2 kb	 0.0% Packages/com.unity.render-pipelines.universal/Runtime/RendererFeatures/OnTilePostProcessResource.cs
 0.2 kb	 0.0% Packages/com.unity.render-pipelines.universal/Runtime/RenderTargetBufferSystem.cs
 0.2 kb	 0.0% Packages/com.unity.render-pipelines.universal/Runtime/RenderPipelineResources/UniversalRendererResources.cs
 0.2 kb	 0.0% Packages/com.unity.render-pipelines.universal/Runtime/Passes/StencilCrossFadeRenderPass.cs
 0.2 kb	 0.0% Packages/com.unity.render-pipelines.universal/Runtime/Passes/PostProcess/ScalingSetupPostProcessPass.cs
 0.2 kb	 0.0% Packages/com.unity.render-pipelines.universal/Runtime/Passes/PostProcess/MotionBlurPostProcessPass.cs
 0.2 kb	 0.0% Packages/com.unity.render-pipelines.universal/Runtime/Passes/PostProcess/Fsr1UpscalePostProcessPass.cs
 0.2 kb	 0.0% Packages/com.unity.render-pipelines.universal/Runtime/Overrides/ShadowsMidtonesHighlights.cs
 0.2 kb	 0.0% Packages/com.unity.render-pipelines.universal/Runtime/FrameData/UniversalPostProcessingData.cs
 0.2 kb	 0.0% Packages/com.unity.render-pipelines.universal/Runtime/Decal/ScreenSpace/DecalScreenSpaceRenderPass.cs
 0.2 kb	 0.0% Packages/com.unity.render-pipelines.universal/Runtime/Decal/Entities/DecalCreateDrawCallSystem.cs
 0.2 kb	 0.0% Packages/com.unity.render-pipelines.universal/Runtime/Debug/DebugDisplaySettingsMaterial.cs
 0.2 kb	 0.0% Packages/com.unity.render-pipelines.universal/Runtime/Debug/DebugDisplaySettingsLighting.cs
 0.2 kb	 0.0% Packages/com.unity.render-pipelines.universal/Runtime/Debug/DebugDisplaySettingsCommon.cs
 0.2 kb	 0.0% Packages/com.unity.render-pipelines.universal/Runtime/Data/UniversalRenderPipelineAsset.cs
 0.2 kb	 0.0% Packages/com.unity.render-pipelines.core/Runtime/UnifiedRayTracing/UnifiedRayTracingException.cs
 0.2 kb	 0.0% Packages/com.unity.render-pipelines.core/Runtime/UnifiedRayTracing/Hardware/HardwareRayTracingBackend.cs
 0.2 kb	 0.0% Packages/com.unity.render-pipelines.core/Runtime/UnifiedRayTracing/Compute/ComputeRayTracingAccelStruct.cs
 0.2 kb	 0.0% Packages/com.unity.render-pipelines.core/Runtime/RenderGraph/RenderGraphResourceRendererList.cs
 0.2 kb	 0.0% Packages/com.unity.render-pipelines.core/Runtime/RenderGraph/Compiler/PassesData.cs
 0.2 kb	 0.0% Packages/com.unity.render-pipelines.core/Runtime/GPUDriven/Debug/DebugDisplayGPUResidentDrawer.cs
 0.2 kb	 0.0% Packages/com.unity.render-pipelines.core/Runtime/GPUDriven/Culling/OccluderDepthPyramidConstants.cs
 0.2 kb	 0.0% Packages/com.unity.collections/Unity.Collections/GenerateTestsForBurstCompatibilityAttribute.cs
 0.2 kb	 0.0% Packages/com.unity.render-pipelines.universal/Runtime/UniversalRenderPipelineCore.cs
 0.2 kb	 0.0% Packages/com.unity.render-pipelines.universal/Runtime/FrameData/UniversalResourceBase.cs
 0.2 kb	 0.0% Packages/com.unity.render-pipelines.universal/Runtime/2D/URP2D_GraphicsExtensions.cs
 0.2 kb	 0.0% Packages/com.unity.render-pipelines.universal/Runtime/2D/Sources/Shadow2DProviderSources.cs
 0.2 kb	 0.0% Packages/com.unity.render-pipelines.universal/Runtime/2D/Sources/Shadow2DProviderSource.cs
 0.2 kb	 0.0% Packages/com.unity.render-pipelines.universal/Runtime/2D/Sources/Light2DSource_BuiltIn.cs
 0.2 kb	 0.0% Packages/com.unity.render-pipelines.universal/Runtime/2D/Sources/Light2DProviderSources.cs
 0.2 kb	 0.0% Packages/com.unity.render-pipelines.universal/Runtime/2D/Sources/Light2DProviderSource.cs
 0.2 kb	 0.0% Packages/com.unity.render-pipelines.universal/Runtime/2D/Shadows/Providers/ShadowShape2DProvider.cs
 0.2 kb	 0.0% Packages/com.unity.render-pipelines.universal/Runtime/2D/Shadows/CompositeShadowCaster2D.cs
 0.2 kb	 0.0% Packages/com.unity.render-pipelines.universal/Runtime/2D/RendererFeatures/ScriptableRenderPass2D.cs
 0.2 kb	 0.0% Packages/com.unity.render-pipelines.universal/Runtime/2D/FrameData/Universal2DRenderingData.cs
 0.2 kb	 0.0% Packages/com.unity.render-pipelines.core/Runtime/Utilities/CoreRenderPipelinePreferences.cs
 0.2 kb	 0.0% Packages/com.unity.render-pipelines.core/Runtime/Settings/IDefaultVolumeProfileSettings.cs
 0.2 kb	 0.0% Packages/com.unity.render-pipelines.core/Runtime/RenderGraph/RenderGraphResourcePool.cs
 0.2 kb	 0.0% Packages/com.unity.render-pipelines.core/Runtime/RenderGraph/RenderGraphObjectPool.cs
 0.2 kb	 0.0% Packages/com.unity.render-pipelines.core/Runtime/RenderGraph/Debug/RenderGraphDebugSession.cs
 0.2 kb	 0.0% Packages/com.unity.render-pipelines.core/Runtime/RenderGraph/Debug/RenderGraphDebugParams.cs
 0.2 kb	 0.0% Packages/com.unity.render-pipelines.core/Runtime/RenderGraph/Debug/RenderGraph.DebugDataSerialization.cs
 0.2 kb	 0.0% Packages/com.unity.render-pipelines.core/Runtime/RenderGraph/Debug/DebugDisplaySettingsRenderGraph.cs
 0.2 kb	 0.0% Packages/com.unity.render-pipelines.core/Runtime/Lighting/ProbeVolume/ProbeVolumeBakingProcessSettings.cs
 0.2 kb	 0.0% Packages/com.unity.render-pipelines.core/Runtime/Debugging/ISerializedDebugDisplaySettings.cs
 0.2 kb	 0.0% Packages/com.unity.render-pipelines.core/Runtime/Debugging/DebugDisplaySettingsHDROutput.cs
 0.2 kb	 0.0% Packages/com.unity.render-pipelines.core/Runtime/Common/GlobalDynamicResolutionSettings.cs
 0.2 kb	 0.0% Packages/com.unity.inputsystem/InputSystem/Editor/UITKAssetEditor/Views/CompositePartBindingPropertiesView.cs
 0.2 kb	 0.0% Packages/com.unity.inputsystem/InputSystem/Editor/UITKAssetEditor/Views/CollectionViewSelectionChangeFilter.cs
 0.2 kb	 0.0% Packages/com.unity.inputsystem/InputSystem/Editor/UITKAssetEditor/InputActionsEditorSettingsProvider.cs
 0.2 kb	 0.0% Packages/com.unity.inputsystem/InputSystem/Editor/PropertyDrawers/InputActionReferenceSearchProviders.cs
 0.2 kb	 0.0% Packages/com.unity.inputsystem/InputSystem/Editor/PropertyDrawers/InputActionReferencePropertyDrawer.cs
 0.2 kb	 0.0% Packages/com.unity.inputsystem/InputSystem/Editor/Analytics/InputActionsEditorSessionAnalytic.cs
 0.2 kb	 0.0% Packages/com.unity.inputsystem/InputSystem/Devices/Commands/QueryEditorWindowCoordinatesCommand.cs
 0.2 kb	 0.0% Packages/com.unity.inputsystem/InputSystem/Devices/Commands/InitiateUserAccountPairingCommand.cs
 0.2 kb	 0.0% Packages/com.unity.render-pipelines.universal/Runtime/UniversalRendererRenderGraph.cs
 0.2 kb	 0.0% Packages/com.unity.render-pipelines.universal/Runtime/UniversalRendererData.cs
 0.2 kb	 0.0% Packages/com.unity.render-pipelines.universal/Runtime/UniversalRenderPipeline.cs
 0.2 kb	 0.0% Packages/com.unity.render-pipelines.universal/Runtime/UniversalCameraHistory.cs
 0.2 kb	 0.0% Packages/com.unity.render-pipelines.universal/Runtime/Tiling/TileRangeExpansionJob.cs
 0.2 kb	 0.0% Packages/com.unity.render-pipelines.universal/Runtime/SupportedOnRenderer.cs
 0.2 kb	 0.0% Packages/com.unity.render-pipelines.universal/Runtime/Settings/URPTerrainShaderSetting.cs
 0.2 kb	 0.0% Packages/com.unity.render-pipelines.universal/Runtime/Settings/URPReflectionProbeSettings.cs
 0.2 kb	 0.0% Packages/com.unity.render-pipelines.universal/Runtime/ScriptableRendererData.cs
 0.2 kb	 0.0% Packages/com.unity.render-pipelines.universal/Runtime/RendererFeatures/FullScreenPassRendererFeature_OldGUID.cs
 0.2 kb	 0.0% Packages/com.unity.render-pipelines.universal/Runtime/ReflectionProbeManager.cs
 0.2 kb	 0.0% Packages/com.unity.render-pipelines.universal/Runtime/Passes/TransparentSettingsPass.cs
 0.2 kb	 0.0% Packages/com.unity.render-pipelines.universal/Runtime/Passes/PostProcess/UpscalerPostProcessPass.cs
 0.2 kb	 0.0% Packages/com.unity.render-pipelines.universal/Runtime/Passes/PostProcess/StopNanPostProcessPass.cs
 0.2 kb	 0.0% Packages/com.unity.render-pipelines.universal/Runtime/Passes/MotionVectorRenderPass.cs
 0.2 kb	 0.0% Packages/com.unity.render-pipelines.universal/Runtime/Passes/DrawScreenSpaceUIPass.cs
 0.2 kb	 0.0% Packages/com.unity.render-pipelines.universal/Runtime/Passes/DepthNormalOnlyPass.cs
 0.2 kb	 0.0% Packages/com.unity.render-pipelines.universal/Runtime/Passes/ColorGradingLutPass.cs
 0.2 kb	 0.0% Packages/com.unity.render-pipelines.universal/Runtime/NormalReconstruction.cs
 0.2 kb	 0.0% Packages/com.unity.render-pipelines.universal/Runtime/FrameData/UniversalResourceData.cs
 0.2 kb	 0.0% Packages/com.unity.render-pipelines.universal/Runtime/FrameData/UniversalRenderingData.cs
 0.2 kb	 0.0% Packages/com.unity.render-pipelines.universal/Runtime/FrameData/Universal2DResourceData.cs
 0.2 kb	 0.0% Packages/com.unity.render-pipelines.universal/Runtime/Decal/ScreenSpace/DecalGBufferRenderPass.cs
 0.2 kb	 0.0% Packages/com.unity.render-pipelines.universal/Runtime/Decal/Entities/DecalUpdateCulledSystem.cs
 0.2 kb	 0.0% Packages/com.unity.render-pipelines.universal/Runtime/Decal/Entities/DecalUpdateCachedSystem.cs
 0.2 kb	 0.0% Packages/com.unity.render-pipelines.universal/Runtime/Decal/Entities/DecalSkipCulledSystem.cs
 0.2 kb	 0.0% Packages/com.unity.render-pipelines.universal/Runtime/Decal/DBuffer/DecalForwardEmissivePass.cs
 0.2 kb	 0.0% Packages/com.unity.render-pipelines.core/Runtime/XR/XRBuiltinShaderConstants.cs
 0.2 kb	 0.0% Packages/com.unity.render-pipelines.core/Runtime/UnifiedRayTracing/IRayTracingAccelStruct.cs
 0.2 kb	 0.0% Packages/com.unity.render-pipelines.core/Runtime/UnifiedRayTracing/Hardware/HardwareRayTracingShader.cs
 0.2 kb	 0.0% Packages/com.unity.render-pipelines.core/Runtime/UnifiedRayTracing/Compute/ComputeRayTracingShader.cs
 0.2 kb	 0.0% Packages/com.unity.render-pipelines.core/Runtime/UnifiedRayTracing/Compute/ComputeRayTracingBackend.cs
 0.2 kb	 0.0% Packages/com.unity.render-pipelines.core/Runtime/Settings/IDefaultVolumeProfileResource.cs
 0.2 kb	 0.0% Packages/com.unity.render-pipelines.core/Runtime/RenderGraph/RenderGraphResourceTexture.cs
 0.2 kb	 0.0% Packages/com.unity.render-pipelines.core/Runtime/RenderGraph/RenderGraph.ExceptionMessages.cs
 0.2 kb	 0.0% Packages/com.unity.render-pipelines.core/Runtime/RenderGraph/IRenderGraphBuilder.cs
 0.2 kb	 0.0% Packages/com.unity.render-pipelines.core/Runtime/GPUDriven/SceneProcessors/SpeedTreeWindGPUDataUpdater.cs
 0.2 kb	 0.0% Packages/com.unity.render-pipelines.core/Runtime/GPUDriven/SceneProcessors/MeshRendererProcessorBurst.cs
 0.2 kb	 0.0% Packages/com.unity.render-pipelines.core/Runtime/GPUDriven/IGPUResidentRenderPipeline.cs
 0.2 kb	 0.0% Packages/com.unity.render-pipelines.core/Runtime/GPUDriven/GPUResidentDrawerResources.cs
 0.2 kb	 0.0% Packages/com.unity.render-pipelines.core/Runtime/GPUDriven/Components/DisallowGPUDrivenRendering.cs
 0.2 kb	 0.0% Packages/com.unity.render-pipelines.core/Runtime/GPUDriven/Batching/InstanceCullingBatcherBurst.cs
 0.2 kb	 0.0% Packages/com.unity.render-pipelines.core/Runtime/GPUDriven/Batching/InstanceCullingBatcher.Jobs.cs
 0.2 kb	 0.0% Packages/com.unity.render-pipelines.core/Runtime-PrivateShared/AssemblyInfo.cs
 0.2 kb	 0.0% Packages/com.unity.inputsystem/InputSystem/Plugins/UI/StandaloneInputModuleEditor.cs
 0.2 kb	 0.0% Packages/com.unity.inputsystem/InputSystem/Plugins/UI/InputSystemUIInputModuleEditor.cs
 0.1 kb	 0.0% Packages/com.unity.render-pipelines.universal/Runtime/UniversalRendererDebug.cs
 0.1 kb	 0.0% Packages/com.unity.render-pipelines.universal/Runtime/MotionVectors.cs
 0.1 kb	 0.0% Packages/com.unity.render-pipelines.universal/Runtime/Decal/DecalDrawErrorRenderPass.cs
 0.1 kb	 0.0% Packages/com.unity.render-pipelines.universal/Runtime/2D/Sources/IProvider2DSources.cs
 0.1 kb	 0.0% Packages/com.unity.render-pipelines.universal/Runtime/2D/Shadows/ShadowCasterGroup2D.cs
 0.1 kb	 0.0% Packages/com.unity.render-pipelines.universal/Runtime/2D/Shadows/Shadow Provider Utility/ShapeProviderUtility.cs
 0.1 kb	 0.0% Packages/com.unity.render-pipelines.universal/Runtime/2D/Rendergraph/GlobalPropertiesPass.cs
 0.1 kb	 0.0% Packages/com.unity.render-pipelines.universal/Runtime/2D/Rendergraph/DrawRenderer2DPass.cs
 0.1 kb	 0.0% Packages/com.unity.render-pipelines.universal/Runtime/2D/PixelPerfectCamera.cs
 0.1 kb	 0.0% Packages/com.unity.render-pipelines.universal/Runtime/2D/Passes/Utility/Light2DLookupTexture.cs
 0.1 kb	 0.0% Packages/com.unity.render-pipelines.universal/Runtime/2D/Lights/Light2DCullResult.cs
 0.1 kb	 0.0% Packages/com.unity.render-pipelines.universal/Runtime/2D/Lights/Light2DBlendStyle.cs
 0.1 kb	 0.0% Packages/com.unity.render-pipelines.core/Runtime/Utilities/BatchRendererGroupGlobals.cs
 0.1 kb	 0.0% Packages/com.unity.render-pipelines.core/Runtime/Settings/IncludeRenderPipelineAsset.cs
 0.1 kb	 0.0% Packages/com.unity.render-pipelines.core/Runtime/STP/ISTPEnabledRenderPipeline.cs
 0.1 kb	 0.0% Packages/com.unity.render-pipelines.core/Runtime/RenderGraph/RenderGraphUtilsBlit.cs
 0.1 kb	 0.0% Packages/com.unity.render-pipelines.core/Runtime/RenderGraph/RenderGraphResourceBuffer.cs
 0.1 kb	 0.0% Packages/com.unity.render-pipelines.core/Runtime/RenderGraph/RenderGraphGlobalSettings.cs
 0.1 kb	 0.0% Packages/com.unity.render-pipelines.core/Runtime/RenderGraph/RenderGraphBuilders.cs
 0.1 kb	 0.0% Packages/com.unity.render-pipelines.core/Runtime/RenderGraph/IRenderGraphRecorder.cs
 0.1 kb	 0.0% Packages/com.unity.render-pipelines.core/Runtime/RenderGraph/Debug/DebugMessageHandler.cs
 0.1 kb	 0.0% Packages/com.unity.render-pipelines.core/Runtime/Lighting/ProbeVolume/ShaderVariablesProbeVolumes.cs
 0.1 kb	 0.0% Packages/com.unity.render-pipelines.core/Runtime/Lighting/ProbeVolume/ProbeVolumeStreamableAsset.cs
 0.1 kb	 0.0% Packages/com.unity.render-pipelines.core/Runtime/Lighting/ProbeVolume/ProbeVolumeScratchBufferPool.cs
 0.1 kb	 0.0% Packages/com.unity.render-pipelines.core/Runtime/Lighting/ProbeVolume/ProbeVolumeGlobalSettings.cs
 0.1 kb	 0.0% Packages/com.unity.render-pipelines.core/Runtime/GPUDriven/GPUResidentDrawerTypes.cs
 0.1 kb	 0.0% Packages/com.unity.render-pipelines.core/Runtime/GPUDriven/CoreDataSystems/LODGroupDataSystem.Jobs.cs
 0.1 kb	 0.0% Packages/com.unity.render-pipelines.core/Runtime/GPUDriven/CoreDataSystems/InstanceWindDataUpdateDefs.cs
 0.1 kb	 0.0% Packages/com.unity.render-pipelines.core/Runtime/GPUDriven/CoreDataSystems/InstanceTransformUpdateDefs.cs
 0.1 kb	 0.0% Packages/com.unity.render-pipelines.core/Runtime/Debugging/IDebugDisplaySettingsQuery.cs
 0.1 kb	 0.0% Packages/com.unity.render-pipelines.core/Runtime/Debugging/IDebugDisplaySettingsPanel.cs
 0.1 kb	 0.0% Packages/com.unity.render-pipelines.core/Runtime/Debugging/IDebugDisplaySettingsData.cs
 0.1 kb	 0.0% Packages/com.unity.render-pipelines.core/Runtime/Debugging/DebugDisplaySettingsVolumes.cs
 0.1 kb	 0.0% Packages/com.unity.render-pipelines.core/Runtime/Debugging/DebugDisplaySettingsPanel.cs
 0.1 kb	 0.0% Packages/com.unity.inputsystem/InputSystem/Plugins/InputForUI/InputActionAssetVerifier.cs
 0.1 kb	 0.0% Packages/com.unity.inputsystem/InputSystem/Editor/UITKAssetEditor/Views/CompositeBindingPropertiesView.cs
 0.1 kb	 0.0% Packages/com.unity.inputsystem/InputSystem/Editor/UITKAssetEditor/InputActionsEditorWindowUtils.cs
 0.1 kb	 0.0% Packages/com.unity.inputsystem/InputSystem/Editor/PropertyDrawers/InputActionAssetSearchProvider.cs
 0.1 kb	 0.0% Packages/com.unity.inputsystem/InputSystem/Editor/ProjectWideActions/ProjectWideActionsBuildProvider.cs
 0.1 kb	 0.0% Packages/com.unity.inputsystem/InputSystem/Editor/Internal/SerializedPropertyLinqExtensions.cs
 0.1 kb	 0.0% Packages/com.unity.inputsystem/InputSystem/Editor/Internal/InputActionSerializationHelpers.cs
 0.1 kb	 0.0% Packages/com.unity.inputsystem/InputSystem/Editor/EditorInputControlLayoutCache.cs
 0.1 kb	 0.0% Packages/com.unity.inputsystem/InputSystem/Editor/ControlPicker/Layouts/TouchscreenControlPickerLayout.cs
 0.1 kb	 0.0% Packages/com.unity.inputsystem/InputSystem/Editor/ControlPicker/Layouts/DefaultInputControlPickerLayout.cs
 0.1 kb	 0.0% Packages/com.unity.inputsystem/InputSystem/Editor/Analytics/VirtualMouseInputEditorAnalytic.cs
 0.1 kb	 0.0% Packages/com.unity.inputsystem/InputSystem/Editor/Analytics/PlayerInputManagerEditorAnalytic.cs
 0.1 kb	 0.0% Packages/com.unity.inputsystem/InputSystem/Devices/Commands/QuerySamplingFrequencyCommand.cs
 0.1 kb	 0.0% Packages/com.unity.inputsystem/InputSystem/Devices/Commands/QueryPairedUserAccountCommand.cs
 0.1 kb	 0.0% Packages/com.unity.render-pipelines.universal/Runtime/XR/XRSystemUniversal.cs
 0.1 kb	 0.0% Packages/com.unity.render-pipelines.universal/Runtime/ValidationHandler.cs
 0.1 kb	 0.0% Packages/com.unity.render-pipelines.universal/Runtime/UniversalRenderer.cs
 0.1 kb	 0.0% Packages/com.unity.render-pipelines.universal/Runtime/SpaceFillingCurves.cs
 0.1 kb	 0.0% Packages/com.unity.render-pipelines.universal/Runtime/Settings/RenderGraphSettings.cs
 0.1 kb	 0.0% Packages/com.unity.render-pipelines.universal/Runtime/ScriptableRenderer.cs
 0.1 kb	 0.0% Packages/com.unity.render-pipelines.universal/Runtime/SceneViewDrawMode.cs
 0.1 kb	 0.0% Packages/com.unity.render-pipelines.universal/Runtime/RenderingLayerUtils.cs
 0.1 kb	 0.0% Packages/com.unity.render-pipelines.universal/Runtime/RendererFeatures/ScreenSpaceShadows.cs
 0.1 kb	 0.0% Packages/com.unity.render-pipelines.universal/Runtime/RendererFeatures/DecalRendererFeature.cs
 0.1 kb	 0.0% Packages/com.unity.render-pipelines.universal/Runtime/RenderTargetHandle.cs
 0.1 kb	 0.0% Packages/com.unity.render-pipelines.universal/Runtime/RenderPipelineResources/Renderer2DResources.cs
 0.1 kb	 0.0% Packages/com.unity.render-pipelines.universal/Runtime/Passes/ScriptableRenderPass.cs
 0.1 kb	 0.0% Packages/com.unity.render-pipelines.universal/Runtime/Passes/RenderObjectsPass.cs
 0.1 kb	 0.0% Packages/com.unity.render-pipelines.universal/Runtime/Passes/ProbeVolumeDebugPass.cs
 0.1 kb	 0.0% Packages/com.unity.render-pipelines.universal/Runtime/Passes/PostProcess/UberPostProcessPass.cs
 0.1 kb	 0.0% Packages/com.unity.render-pipelines.universal/Runtime/Passes/PostProcess/StpPostProcessPass.cs
 0.1 kb	 0.0% Packages/com.unity.render-pipelines.universal/Runtime/Passes/PostProcess/SmaaPostProcessPass.cs
 0.1 kb	 0.0% Packages/com.unity.render-pipelines.universal/Runtime/Passes/PostProcess/FinalPostProcessPass.cs
 0.1 kb	 0.0% Packages/com.unity.render-pipelines.universal/Runtime/Passes/PostProcess/BloomPostProcessPass.cs
 0.1 kb	 0.0% Packages/com.unity.render-pipelines.universal/Runtime/Passes/FinalBlitPass.cs
 0.1 kb	 0.0% Packages/com.unity.render-pipelines.universal/Runtime/Passes/DrawObjectsPass.cs
 0.1 kb	 0.0% Packages/com.unity.render-pipelines.universal/Runtime/Passes/DepthOnlyPass.cs
 0.1 kb	 0.0% Packages/com.unity.render-pipelines.universal/Runtime/Passes/CopyDepthPass.cs
 0.1 kb	 0.0% Packages/com.unity.render-pipelines.universal/Runtime/Passes/CopyColorPass.cs
 0.1 kb	 0.0% Packages/com.unity.render-pipelines.universal/Runtime/Overrides/ScreenSpaceLensFlare.cs
 0.1 kb	 0.0% Packages/com.unity.render-pipelines.universal/Runtime/Overrides/ChromaticAberration.cs
 0.1 kb	 0.0% Packages/com.unity.render-pipelines.universal/Runtime/LightCookieManager.cs
 0.1 kb	 0.0% Packages/com.unity.render-pipelines.universal/Runtime/History/SingleHistoryBase.cs
 0.1 kb	 0.0% Packages/com.unity.render-pipelines.universal/Runtime/FrameData/UniversalShadowData.cs
 0.1 kb	 0.0% Packages/com.unity.render-pipelines.universal/Runtime/FrameData/UniversalLightData.cs
 0.1 kb	 0.0% Packages/com.unity.render-pipelines.universal/Runtime/FrameData/UniversalCameraData.cs
 0.1 kb	 0.0% Packages/com.unity.render-pipelines.universal/Runtime/ForwardRendererData.cs
 0.1 kb	 0.0% Packages/com.unity.render-pipelines.universal/Runtime/ForwardLights.cs
 0.1 kb	 0.0% Packages/com.unity.render-pipelines.universal/Runtime/DeferredLights.cs
 0.1 kb	 0.0% Packages/com.unity.render-pipelines.universal/Runtime/Decal/Entities/DecalEntityManager.cs
 0.1 kb	 0.0% Packages/com.unity.render-pipelines.universal/Runtime/Decal/DecalShaderPassNames.cs
 0.1 kb	 0.0% Packages/com.unity.render-pipelines.universal/Runtime/Decal/DBuffer/DBufferRenderPass.cs
 0.1 kb	 0.0% Packages/com.unity.render-pipelines.universal/Runtime/Decal/DBuffer/DBufferDepthCopyPass.cs
 0.1 kb	 0.0% Packages/com.unity.render-pipelines.universal/Runtime/2D/Sources/SelectionSource2D.cs
 0.1 kb	 0.0% Packages/com.unity.render-pipelines.universal/Runtime/2D/Rendergraph/Renderer2DRendergraph.cs
 0.1 kb	 0.0% Packages/com.unity.render-pipelines.core/Runtime/UnifiedRayTracing/RayTracingResources.cs
 0.1 kb	 0.0% Packages/com.unity.render-pipelines.core/Runtime/UnifiedRayTracing/RayTracingContext.cs
 0.1 kb	 0.0% Packages/com.unity.render-pipelines.core/Runtime/UnifiedRayTracing/IRayTracingShader.cs
 0.1 kb	 0.0% Packages/com.unity.render-pipelines.core/Runtime/UnifiedRayTracing/IRayTracingBackend.cs
 0.1 kb	 0.0% Packages/com.unity.render-pipelines.core/Runtime/UnifiedRayTracing/Compute/BLASPositionsPool.cs
 0.1 kb	 0.0% Packages/com.unity.render-pipelines.core/Runtime/UnifiedRayTracing/Common/GeometryPool/GeometryPoolDefs.cs
 0.1 kb	 0.0% Packages/com.unity.render-pipelines.core/Runtime/UnifiedRayTracing/Common/AccelStructInstances.cs
 0.1 kb	 0.0% Packages/com.unity.render-pipelines.core/Runtime/UnifiedRayTracing/Common/AccelStructAdapter.cs
 0.1 kb	 0.0% Packages/com.unity.render-pipelines.core/Runtime/RenderGraph/RenderGraphResources.cs
 0.1 kb	 0.0% Packages/com.unity.render-pipelines.core/Runtime/RenderGraph/Debug/RenderGraph.DebugData.cs
 0.1 kb	 0.0% Packages/com.unity.render-pipelines.core/Runtime/Lighting/ProbeVolume/ProbeReferenceVolume.Streaming.cs
 0.1 kb	 0.0% Packages/com.unity.render-pipelines.core/Runtime/Lighting/ProbeVolume/ProbeReferenceVolume.Debug.cs
 0.1 kb	 0.0% Packages/com.unity.render-pipelines.core/Runtime/GPUDriven/Utilities/ParallelSortExtensions.cs
 0.1 kb	 0.0% Packages/com.unity.render-pipelines.core/Runtime/GPUDriven/Utilities/NativeHandleAllocator.cs
 0.1 kb	 0.0% Packages/com.unity.render-pipelines.core/Runtime/GPUDriven/SceneProcessors/MeshRendererUpdateBatch.cs
 0.1 kb	 0.0% Packages/com.unity.render-pipelines.core/Runtime/GPUDriven/SceneProcessors/MeshRendererProcessor.cs
 0.1 kb	 0.0% Packages/com.unity.render-pipelines.core/Runtime/GPUDriven/GPUResidentDrawer.Validator.cs
 0.1 kb	 0.0% Packages/com.unity.render-pipelines.core/Runtime/GPUDriven/Debug/GPUResidentDrawerDebug.cs
 0.1 kb	 0.0% Packages/com.unity.render-pipelines.core/Runtime/GPUDriven/Culling/OcclusionCullingCommon.cs
 0.1 kb	 0.0% Packages/com.unity.render-pipelines.core/Runtime/GPUDriven/CoreDataSystems/LODGroupDataSystemBurst.cs
 0.1 kb	 0.0% Packages/com.unity.render-pipelines.core/Runtime/GPUDriven/CoreDataSystems/InstanceDataSystemBurst.cs
 0.1 kb	 0.0% Packages/com.unity.render-pipelines.core/Runtime/GPUDriven/CoreDataSystems/GPUInstanceDataBuffer.cs
 0.1 kb	 0.0% Packages/com.unity.render-pipelines.core/Runtime/GPUDriven/Components/DisallowSmallMeshCulling.cs
 0.1 kb	 0.0% Packages/com.unity.render-pipelines.core/Runtime/GPUDriven/Batching/InstanceCullingBatcher.cs
 0.1 kb	 0.0% Packages/com.unity.render-pipelines.core/Runtime/GPUDriven/Batching/CPUDrawInstanceDataBurst.cs
 0.1 kb	 0.0% Packages/com.unity.inputsystem/InputSystem/Utilities/DisplayStringFormatAttribute.cs
 0.1 kb	 0.0% Packages/com.unity.inputsystem/InputSystem/Plugins/XR/Haptics/SendBufferedHapticsCommand.cs
 0.1 kb	 0.0% Packages/com.unity.inputsystem/InputSystem/Plugins/XR/Haptics/GetHapticCapabilitiesCommand.cs
 0.1 kb	 0.0% Packages/com.unity.inputsystem/InputSystem/Plugins/XR/Haptics/GetCurrentHapticStateCommand.cs
 0.1 kb	 0.0% Packages/com.unity.inputsystem/InputSystem/Plugins/UI/ExtendedSubmitCancelEventData.cs
 0.1 kb	 0.0% Packages/com.unity.inputsystem/InputSystem/Plugins/Android/AndroidGameController.cs
 0.1 kb	 0.0% Packages/com.unity.inputsystem/InputSystem/Controls/Processors/NormalizeVector3Processor.cs
 0.1 kb	 0.0% Packages/com.unity.inputsystem/InputSystem/Controls/Processors/NormalizeVector2Processor.cs
 0.1 kb	 0.0% Packages/com.unity.inputsystem/InputSystem/Controls/Processors/EditorWindowSpaceProcessor.cs
 0.1 kb	 0.0% Packages/com.unity.inputsystem/InputSystem/Controls/Processors/CompensateRotationProcessor.cs
 0.1 kb	 0.0% Packages/com.unity.inputsystem/InputSystem/Controls/Processors/CompensateDirectionProcessor.cs
 0.1 kb	 0.0% Packages/com.unity.collections/Unity.Collections/UnsafeParallelHashSetExtensions.gen.cs
 0.1 kb	 0.0% Packages/com.unity.collections/Unity.Collections/UnsafeParallelHashMap.cs
 0.1 kb	 0.0% Packages/com.unity.render-pipelines.universal/Runtime/RTHandleUtils.cs
 0.1 kb	 0.0% Packages/com.unity.render-pipelines.universal/Runtime/2D/Sources/Provider2DSource.cs
 0.1 kb	 0.0% Packages/com.unity.render-pipelines.universal/Runtime/2D/Sources/Provider2DRef.cs
 0.1 kb	 0.0% Packages/com.unity.render-pipelines.universal/Runtime/2D/Sources/Provider2DKVPair.cs
 0.1 kb	 0.0% Packages/com.unity.render-pipelines.universal/Runtime/2D/Sources/IProvider2DCache.cs
 0.1 kb	 0.0% Packages/com.unity.render-pipelines.universal/Runtime/2D/Shadows/ShadowRendering.cs
 0.1 kb	 0.0% Packages/com.unity.render-pipelines.universal/Runtime/2D/Shadows/ShadowCaster2D.cs
 0.1 kb	 0.0% Packages/com.unity.render-pipelines.universal/Runtime/2D/Shadows/Shadow Provider Utility/ShadowUtility.cs
 0.1 kb	 0.0% Packages/com.unity.render-pipelines.universal/Runtime/2D/Shadows/Shadow Provider Utility/ShadowShape2D.cs
 0.1 kb	 0.0% Packages/com.unity.render-pipelines.universal/Runtime/2D/Shadows/Shadow Provider Utility/EdgeDictionary.cs
 0.1 kb	 0.0% Packages/com.unity.render-pipelines.universal/Runtime/2D/Rendergraph/DrawShadow2DPass.cs
 0.1 kb	 0.0% Packages/com.unity.render-pipelines.universal/Runtime/2D/Rendergraph/DrawNormal2DPass.cs
 0.1 kb	 0.0% Packages/com.unity.render-pipelines.universal/Runtime/2D/Rendergraph/DrawLight2DPass.cs
 0.1 kb	 0.0% Packages/com.unity.render-pipelines.universal/Runtime/2D/Renderer2DData.cs
 0.1 kb	 0.0% Packages/com.unity.render-pipelines.universal/Runtime/2D/Passes/Utility/RendererLighting.cs
 0.1 kb	 0.0% Packages/com.unity.render-pipelines.universal/Runtime/2D/Lights/Providers/Light2DProvider.cs
 0.1 kb	 0.0% Packages/com.unity.render-pipelines.universal/Runtime/2D/Lights/Light2DManager.cs
 0.1 kb	 0.0% Packages/com.unity.render-pipelines.universal-config/Runtime/ShaderConfig.cs
 0.1 kb	 0.0% Packages/com.unity.render-pipelines.core/Runtime/XR/XRGraphicsAutomatedTests.cs
 0.1 kb	 0.0% Packages/com.unity.render-pipelines.core/Runtime/Textures/PowerOfTwoTextureAtlas.cs
 0.1 kb	 0.0% Packages/com.unity.render-pipelines.core/Runtime/Textures/BufferedRTHandleSystem.cs
 0.1 kb	 0.0% Packages/com.unity.render-pipelines.core/Runtime/Settings/ShaderStrippingSetting.cs
 0.1 kb	 0.0% Packages/com.unity.render-pipelines.core/Runtime/Settings/LightmapSamplingSettings.cs
 0.1 kb	 0.0% Packages/com.unity.render-pipelines.core/Runtime/Sampling/SamplingResources.cs
 0.1 kb	 0.0% Packages/com.unity.render-pipelines.core/Runtime/RenderPipeline/RenderPipelineResources.cs
 0.1 kb	 0.0% Packages/com.unity.render-pipelines.core/Runtime/RenderGraph/RenderGraphPass.cs
 0.1 kb	 0.0% Packages/com.unity.render-pipelines.core/Runtime/RenderGraph/RenderGraph.Compiler.cs
 0.1 kb	 0.0% Packages/com.unity.render-pipelines.core/Runtime/RenderGraph/Deprecated.cs
 0.1 kb	 0.0% Packages/com.unity.render-pipelines.core/Runtime/PostProcessing/LensFlareComponentSRP.cs
 0.1 kb	 0.0% Packages/com.unity.render-pipelines.core/Runtime/PostProcessing/IPostProcessComponent.cs
 0.1 kb	 0.0% Packages/com.unity.render-pipelines.core/Runtime/Lighting/ProbeVolume/ProbeVolumePositioning.cs
 0.1 kb	 0.0% Packages/com.unity.render-pipelines.core/Runtime/Lighting/ProbeVolume/ProbeVolumePerSceneData.cs
 0.1 kb	 0.0% Packages/com.unity.render-pipelines.core/Runtime/Lighting/ProbeVolume/ProbeReferenceVolume.Binding.cs
 0.1 kb	 0.0% Packages/com.unity.render-pipelines.core/Runtime/Lighting/ProbeVolume/ProbeAdjustmentVolume.cs
 0.1 kb	 0.0% Packages/com.unity.render-pipelines.core/Runtime/GPUDriven/Culling/InstanceOcclusionCuller.cs
 0.1 kb	 0.0% Packages/com.unity.render-pipelines.core/Runtime/GPUDriven/CoreDataSystems/InstanceDataSystem.Jobs.cs
 0.1 kb	 0.0% Packages/com.unity.render-pipelines.core/Runtime/Debugging/ShaderDebugPrintManager.cs
 0.1 kb	 0.0% Packages/com.unity.render-pipelines.core/Runtime/Debugging/RuntimePersistentDebugUI.cs
 0.1 kb	 0.0% Packages/com.unity.render-pipelines.core/Runtime/Debugging/IDebugDisplaySettings.cs
 0.1 kb	 0.0% Packages/com.unity.render-pipelines.core/Runtime/Debugging/DebugDisplaySettingsUI.cs
 0.1 kb	 0.0% Packages/com.unity.render-pipelines.core/Runtime/Debugging/DebugDisplaySerializer.cs
 0.1 kb	 0.0% Packages/com.unity.render-pipelines.core/Runtime/Common/RemoveRange.Extensions.cs
 0.1 kb	 0.0% Packages/com.unity.render-pipelines.core/Runtime/Common/DynamicResolutionHandler.cs
 0.1 kb	 0.0% Packages/com.unity.render-pipelines.core/Runtime/CommandBuffers/IComputeCommandBuffer.cs
 0.1 kb	 0.0% Packages/com.unity.render-pipelines.core/Runtime/Camera/CameraHistory.cs
 0.1 kb	 0.0% Packages/com.unity.inputsystem/InputSystem/State/IInputStateCallbackReceiver.cs
 0.1 kb	 0.0% Packages/com.unity.inputsystem/InputSystem/Plugins/InputForUI/InputSystemProvider.cs
 0.1 kb	 0.0% Packages/com.unity.inputsystem/InputSystem/Plugins/DualShock/DualShockGamepadHID.cs
 0.1 kb	 0.0% Packages/com.unity.inputsystem/InputSystem/Editor/UITKAssetEditor/Views/NameAndParametersListView.cs
 0.1 kb	 0.0% Packages/com.unity.inputsystem/InputSystem/Editor/UITKAssetEditor/Views/InputActionMapsTreeViewItem.cs
 0.1 kb	 0.0% Packages/com.unity.inputsystem/InputSystem/Editor/UITKAssetEditor/InputActionsEditorConstants.cs
 0.1 kb	 0.0% Packages/com.unity.inputsystem/InputSystem/Editor/Settings/InputSettingsBuildProvider.cs
 0.1 kb	 0.0% Packages/com.unity.inputsystem/InputSystem/Editor/Settings/EditorPlayerSettingHelpers.cs
 0.1 kb	 0.0% Packages/com.unity.inputsystem/InputSystem/Editor/PropertyDrawers/InputActionPropertyDrawer.cs
 0.1 kb	 0.0% Packages/com.unity.inputsystem/InputSystem/Editor/PropertyDrawers/GamepadButtonPropertyDrawer.cs
 0.1 kb	 0.0% Packages/com.unity.inputsystem/InputSystem/Editor/Internal/SerializedPropertyHelpers.cs
 0.1 kb	 0.0% Packages/com.unity.inputsystem/InputSystem/Editor/Internal/AdvancedDropdown/AdvancedDropdownDataSource.cs
 0.1 kb	 0.0% Packages/com.unity.inputsystem/InputSystem/Editor/InputSystemPackageControl.cs
 0.1 kb	 0.0% Packages/com.unity.inputsystem/InputSystem/Editor/Debugger/SampleFrequencyCalculator.cs
 0.1 kb	 0.0% Packages/com.unity.inputsystem/InputSystem/Editor/Debugger/InputDeviceDebuggerWindow.cs
 0.1 kb	 0.0% Packages/com.unity.inputsystem/InputSystem/Editor/Debugger/InputActionDebuggerWindow.cs
 0.1 kb	 0.0% Packages/com.unity.inputsystem/InputSystem/Editor/ControlPicker/InputControlPickerDropdown.cs
 0.1 kb	 0.0% Packages/com.unity.inputsystem/InputSystem/Editor/ControlPicker/IInputControlPickerLayout.cs
 0.1 kb	 0.0% Packages/com.unity.inputsystem/InputSystem/Editor/AssetImporter/InputActionImporterEditor.cs
 0.1 kb	 0.0% Packages/com.unity.inputsystem/InputSystem/Editor/AssetImporter/InputActionAssetIconLoader.cs
 0.1 kb	 0.0% Packages/com.unity.inputsystem/InputSystem/Editor/AssetEditor/InputBindingPropertiesView.cs
 0.1 kb	 0.0% Packages/com.unity.inputsystem/InputSystem/Editor/AssetEditor/InputActionPropertiesView.cs
 0.1 kb	 0.0% Packages/com.unity.inputsystem/InputSystem/Editor/Analytics/PlayerInputEditorAnalytic.cs
 0.1 kb	 0.0% Packages/com.unity.inputsystem/InputSystem/Editor/Analytics/OnScreenStickEditorAnalytic.cs
 0.1 kb	 0.0% Packages/com.unity.inputsystem/InputSystem/Editor/Analytics/InputExitPlayModeAnalytic.cs
 0.1 kb	 0.0% Packages/com.unity.inputsystem/InputSystem/Editor/Analytics/InputComponentEditorAnalytic.cs
 0.1 kb	 0.0% Packages/com.unity.inputsystem/InputSystem/Devices/IInputUpdateCallbackReceiver.cs
 0.1 kb	 0.0% Packages/com.unity.inputsystem/InputSystem/Devices/Commands/SetSamplingFrequencyCommand.cs
 0.1 kb	 0.0% Packages/com.unity.inputsystem/InputSystem/Devices/Commands/SetIMECursorPositionCommand.cs
 0.1 kb	 0.0% Packages/com.unity.inputsystem/InputSystem/Devices/Commands/QueryKeyboardLayoutCommand.cs
 0.1 kb	 0.0% Packages/com.unity.inputsystem/InputSystem/Devices/Commands/EnableIMECompositionCommand.cs
 0.1 kb	 0.0% Packages/com.unity.inputsystem/InputSystem/Controls/InputControlLayoutAttribute.cs
 0.1 kb	 0.0% Packages/com.unity.inputsystem/InputSystem/Actions/InputActionRebindingExtensions.cs
 0.1 kb	 0.0% Packages/com.unity.collections/Unity.Collections/UnsafeNotBurstCompatible.cs
 0.1 kb	 0.0% Packages/com.unity.ugui/Runtime/UGUI/EventSystem/UIElements/UIToolkitInteroperabilityBridge.cs
 0.1 kb	 0.0% Packages/com.unity.render-pipelines.universal/Runtime/XR/XRPassUniversal.cs
 0.1 kb	 0.0% Packages/com.unity.render-pipelines.universal/Runtime/Tiling/LightMinMaxZJob.cs
 0.1 kb	 0.0% Packages/com.unity.render-pipelines.universal/Runtime/Tiling/InclusiveRange.cs
 0.1 kb	 0.0% Packages/com.unity.render-pipelines.universal/Runtime/ShadowCulling.cs
 0.1 kb	 0.0% Packages/com.unity.render-pipelines.universal/Runtime/ShaderBitArray.cs
 0.1 kb	 0.0% Packages/com.unity.render-pipelines.universal/Runtime/RenderingUtils.cs
 0.1 kb	 0.0% Packages/com.unity.render-pipelines.universal/Runtime/RendererFeatures/RenderObjects.cs
 0.1 kb	 0.0% Packages/com.unity.render-pipelines.universal/Runtime/PostProcessUtils.cs
 0.1 kb	 0.0% Packages/com.unity.render-pipelines.universal/Runtime/Passes/PostProcess/PostProcessPass.cs
 0.1 kb	 0.0% Packages/com.unity.render-pipelines.universal/Runtime/Passes/HDRDebugViewPass.cs
 0.1 kb	 0.0% Packages/com.unity.render-pipelines.universal/Runtime/Passes/GBufferPass.cs
 0.1 kb	 0.0% Packages/com.unity.render-pipelines.universal/Runtime/Passes/DrawSkyboxPass.cs
 0.1 kb	 0.0% Packages/com.unity.render-pipelines.universal/Runtime/Passes/DeferredPass.cs
 0.1 kb	 0.0% Packages/com.unity.render-pipelines.universal/Runtime/Overrides/PaniniProjection.cs
 0.1 kb	 0.0% Packages/com.unity.render-pipelines.universal/Runtime/Overrides/LiftGammaGain.cs
 0.1 kb	 0.0% Packages/com.unity.render-pipelines.universal/Runtime/Overrides/LensDistortion.cs
 0.1 kb	 0.0% Packages/com.unity.render-pipelines.universal/Runtime/Overrides/ColorAdjustments.cs
 0.1 kb	 0.0% Packages/com.unity.render-pipelines.universal/Runtime/Memory/BuddyAllocator.cs
 0.1 kb	 0.0% Packages/com.unity.render-pipelines.universal/Runtime/History/RawDepthHistory.cs
 0.1 kb	 0.0% Packages/com.unity.render-pipelines.universal/Runtime/History/RawColorHistory.cs
 0.1 kb	 0.0% Packages/com.unity.render-pipelines.universal/Runtime/Documentation.cs
 0.1 kb	 0.0% Packages/com.unity.render-pipelines.universal/Runtime/Deprecated.cs
 0.1 kb	 0.0% Packages/com.unity.render-pipelines.universal/Runtime/Decal/Entities/DecalDrawSystem.cs
 0.1 kb	 0.0% Packages/com.unity.render-pipelines.universal/Runtime/Decal/DecalProjector.cs
 0.1 kb	 0.0% Packages/com.unity.render-pipelines.universal/Runtime/Decal/DecalPreviewPass.cs
 0.1 kb	 0.0% Packages/com.unity.render-pipelines.universal/Runtime/Debug/DebugRenderSetup.cs
 0.1 kb	 0.0% Packages/com.unity.render-pipelines.universal/Runtime/Data/RenderStateData.cs
 0.1 kb	 0.0% Packages/com.unity.render-pipelines.universal/Runtime/Data/PostProcessData.cs
 0.1 kb	 0.0% Packages/com.unity.render-pipelines.universal/Runtime/ComponentUtility.cs
 0.1 kb	 0.0% Packages/com.unity.render-pipelines.universal/Runtime/2D/Shadows/Providers/ShadowShapeProvider2D_Utility.cs
 0.1 kb	 0.0% Packages/com.unity.render-pipelines.core/Runtime/XR/XRVisibleMesh.cs
 0.1 kb	 0.0% Packages/com.unity.render-pipelines.core/Runtime/XR/XROcclusionMesh.cs
 0.1 kb	 0.0% Packages/com.unity.render-pipelines.core/Runtime/XR/XRLayoutStack.cs
 0.1 kb	 0.0% Packages/com.unity.render-pipelines.core/Runtime/UnifiedRayTracing/Compute/RadeonRays/HlbvhTopLevelBuilder.cs
 0.1 kb	 0.0% Packages/com.unity.render-pipelines.core/Runtime/UnifiedRayTracing/Common/Utilities/GraphicsHelpers.cs
 0.1 kb	 0.0% Packages/com.unity.render-pipelines.core/Runtime/UnifiedRayTracing/Common/Utilities/BlockAllocator.cs
 0.1 kb	 0.0% Packages/com.unity.render-pipelines.core/Runtime/UnifiedRayTracing/Common/Utilities/BackendHelpers.cs
 0.1 kb	 0.0% Packages/com.unity.render-pipelines.core/Runtime/UnifiedRayTracing/Common/TerrainToMesh.cs
 0.1 kb	 0.0% Packages/com.unity.render-pipelines.core/Runtime/Lighting/ProbeVolume/ProbeIndexOfIndices.cs
 0.1 kb	 0.0% Packages/com.unity.render-pipelines.core/Runtime/GPUDriven/Utilities/LODRenderingUtils.cs
 0.1 kb	 0.0% Packages/com.unity.render-pipelines.core/Runtime/GPUDriven/Utilities/JaggedJobRangeBurst.cs
 0.1 kb	 0.0% Packages/com.unity.render-pipelines.core/Runtime/GPUDriven/SceneProcessors/WorldProcessorBurst.cs
 0.1 kb	 0.0% Packages/com.unity.render-pipelines.core/Runtime/GPUDriven/SceneProcessors/LODGroupUpdateBatch.cs
 0.1 kb	 0.0% Packages/com.unity.render-pipelines.core/Runtime/GPUDriven/SceneProcessors/LODGroupProcessor.cs
 0.1 kb	 0.0% Packages/com.unity.render-pipelines.core/Runtime/GPUDriven/GPUResidentDrawer.cs
 0.1 kb	 0.0% Packages/com.unity.render-pipelines.core/Runtime/GPUDriven/GPUResidentContext.cs
 0.1 kb	 0.0% Packages/com.unity.render-pipelines.core/Runtime/GPUDriven/Culling/InstanceCullerBurst.cs
 0.1 kb	 0.0% Packages/com.unity.render-pipelines.core/Runtime/GPUDriven/CoreDataSystems/LODGroupDataSystem.cs
 0.1 kb	 0.0% Packages/com.unity.render-pipelines.core/Runtime/GPUDriven/CoreDataSystems/InstanceDataSystem.cs
 0.1 kb	 0.0% Packages/com.unity.render-pipelines.core/Runtime/GPUDriven/CoreDataSystems/InstanceAllocators.cs
 0.1 kb	 0.0% Packages/com.unity.render-pipelines.core/Runtime/GPUDriven/CoreDataSystems/GPUArchetypeManager.cs
 0.1 kb	 0.0% Packages/com.unity.render-pipelines.core/Runtime/GPUDriven/CoreDataSystems/DefaultGPUComponents.cs
 0.1 kb	 0.0% Packages/com.unity.render-pipelines.core/Runtime/GPUDriven/Batching/CPUDrawInstanceData.cs
 0.1 kb	 0.0% Packages/com.unity.render-pipelines.core/Runtime/Debugging/DebugUI.Fields.cs
 0.1 kb	 0.0% Packages/com.unity.render-pipelines.core/Runtime/Debugging/DebugManager.SchedulerTracker.cs
 0.1 kb	 0.0% Packages/com.unity.inputsystem/InputSystem/Utilities/Observables/ForDeviceEventObservable.cs
 0.1 kb	 0.0% Packages/com.unity.inputsystem/InputSystem/Plugins/XR/Haptics/SendHapticImpulseCommand.cs
 0.1 kb	 0.0% Packages/com.unity.inputsystem/InputSystem/Plugins/Android/AndroidSensors.cs
 0.1 kb	 0.0% Packages/com.unity.inputsystem/InputSystem/Editor/AssetEditor/NameAndParameterListView.cs
 0.1 kb	 0.0% Packages/com.unity.inputsystem/InputSystem/Controls/Processors/StickDeadzoneProcessor.cs
 0.1 kb	 0.0% Packages/com.unity.inputsystem/InputSystem/Controls/Processors/ScaleVector3Processor.cs
 0.1 kb	 0.0% Packages/com.unity.inputsystem/InputSystem/Controls/Processors/ScaleVector2Processor.cs
 0.1 kb	 0.0% Packages/com.unity.inputsystem/InputSystem/Controls/Processors/InvertVector3Processor.cs
 0.1 kb	 0.0% Packages/com.unity.inputsystem/InputSystem/Controls/Processors/InvertVector2Processor.cs
 0.1 kb	 0.0% Packages/com.unity.inputsystem/InputSystem/Controls/Processors/AxisDeadzoneProcessor.cs
 0.1 kb	 0.0% Packages/com.unity.inputsystem/InputSystem/Actions/Composites/TwoModifiersComposite.cs
 0.1 kb	 0.0% Packages/com.unity.inputsystem/InputSystem/Actions/Composites/ButtonWithTwoModifiers.cs
 0.1 kb	 0.0% Packages/com.unity.inputsystem/InputSystem/Actions/Composites/ButtonWithOneModifier.cs
 0.1 kb	 0.0% Packages/com.unity.collections/Unity.Collections/UnsafeScratchAllocator.cs
 0.1 kb	 0.0% Packages/com.unity.collections/Unity.Collections/NativeParallelHashMapExtensions.cs
 0.1 kb	 0.0% Packages/com.unity.ugui/Runtime/TMP/TMP_SpriteAssetImportFormats.cs
 0.1 kb	 0.0% Packages/com.unity.shadergraph/ShaderGraphLibrary/DummyShaderGraphLibrary.cs
 0.1 kb	 0.0% Packages/com.unity.render-pipelines.universal/ShaderLibrary/ShaderTypes.cs
 0.1 kb	 0.0% Packages/com.unity.render-pipelines.universal/ShaderLibrary/Deprecated.cs
 0.1 kb	 0.0% Packages/com.unity.render-pipelines.universal/Runtime/Tiling/TileSize.cs
 0.1 kb	 0.0% Packages/com.unity.render-pipelines.universal/Runtime/2D/URP2D_CRC32.cs
 0.1 kb	 0.0% Packages/com.unity.render-pipelines.universal/Runtime/2D/Shadows/Shadow Provider Utility/ShadowMesh2D.cs
 0.1 kb	 0.0% Packages/com.unity.render-pipelines.universal/Runtime/2D/Shadows/Shadow Provider Utility/ShadowEdge.cs
 0.1 kb	 0.0% Packages/com.unity.render-pipelines.universal/Runtime/2D/Shadows/Shadow Provider Utility/IEdgeStore.cs
 0.1 kb	 0.0% Packages/com.unity.render-pipelines.universal/Runtime/2D/Rendergraph/UpscalePass.cs
 0.1 kb	 0.0% Packages/com.unity.render-pipelines.universal/Runtime/2D/Provider2D.cs
 0.1 kb	 0.0% Packages/com.unity.render-pipelines.universal/Runtime/2D/Passes/Utility/LightBatch.cs
 0.1 kb	 0.0% Packages/com.unity.render-pipelines.universal/Runtime/2D/Passes/Utility/LayerUtility.cs
 0.1 kb	 0.0% Packages/com.unity.render-pipelines.universal/Runtime/2D/Passes/Utility/LayerDebug.cs
 0.1 kb	 0.0% Packages/com.unity.render-pipelines.universal/Runtime/2D/Lights/LightUtility.cs
 0.1 kb	 0.0% Packages/com.unity.render-pipelines.core/Runtime/Utilities/SweepLineRectUtils.cs
 0.1 kb	 0.0% Packages/com.unity.render-pipelines.core/Runtime/Utilities/SceneRenderPipeline.cs
 0.1 kb	 0.0% Packages/com.unity.render-pipelines.core/Runtime/Utilities/MaterialQuality.cs
 0.1 kb	 0.0% Packages/com.unity.render-pipelines.core/Runtime/Utilities/CullContextData.cs
 0.1 kb	 0.0% Packages/com.unity.render-pipelines.core/Runtime/Utilities/CameraCaptureBridge.cs
 0.1 kb	 0.0% Packages/com.unity.render-pipelines.core/Runtime/ShaderGenerator/ShaderGeneratorAttributes.cs
 0.1 kb	 0.0% Packages/com.unity.render-pipelines.core/Runtime/RenderGraph/RenderGraph.cs
 0.1 kb	 0.0% Packages/com.unity.render-pipelines.core/Runtime/PostProcessing/LensFlareCommonSRP.cs
 0.1 kb	 0.0% Packages/com.unity.render-pipelines.core/Runtime/LookDev/IDataProvider.cs
 0.1 kb	 0.0% Packages/com.unity.render-pipelines.core/Runtime/Lighting/SphericalHarmonics.cs
 0.1 kb	 0.0% Packages/com.unity.render-pipelines.core/Runtime/Lighting/ProbeVolume/ProbeVolumesOptions.cs
 0.1 kb	 0.0% Packages/com.unity.render-pipelines.core/Runtime/Lighting/ProbeVolume/ProbeVolumeSceneData.cs
 0.1 kb	 0.0% Packages/com.unity.render-pipelines.core/Runtime/Lighting/ProbeVolume/ProbeVolumeGIContributor.cs
 0.1 kb	 0.0% Packages/com.unity.render-pipelines.core/Runtime/Lighting/ProbeVolume/ProbeVolumeBakingSet.cs
 0.1 kb	 0.0% Packages/com.unity.render-pipelines.core/Runtime/Lighting/ProbeVolume/ProbeVolumeAsset.cs
 0.1 kb	 0.0% Packages/com.unity.render-pipelines.core/Runtime/Lighting/ProbeVolume/ProbeReferenceVolume.cs
 0.1 kb	 0.0% Packages/com.unity.render-pipelines.core/Runtime/Documentation.cs
 0.1 kb	 0.0% Packages/com.unity.render-pipelines.core/Runtime/Debugging/RuntimeDebugWindow.cs
 0.1 kb	 0.0% Packages/com.unity.render-pipelines.core/Runtime/Debugging/MousePositionDebug.cs
 0.1 kb	 0.0% Packages/com.unity.render-pipelines.core/Runtime/Debugging/IVolumeDebugSettings.cs
 0.1 kb	 0.0% Packages/com.unity.render-pipelines.core/Runtime/Debugging/FrameTiming/FrameTimeBottleneck.cs
 0.1 kb	 0.0% Packages/com.unity.render-pipelines.core/Runtime/Common/Swap.Extensions.cs
 0.1 kb	 0.0% Packages/com.unity.render-pipelines.core/Runtime/Common/ReloadGroupAttribute.cs
 0.1 kb	 0.0% Packages/com.unity.render-pipelines.core/Runtime/Common/CommandBufferPool.cs
 0.1 kb	 0.0% Packages/com.unity.render-pipelines.core/Runtime/CommandBuffers/UnsafeCommandBuffer.cs
 0.1 kb	 0.0% Packages/com.unity.render-pipelines.core/Runtime/CommandBuffers/RasterCommandBuffer.cs
 0.1 kb	 0.0% Packages/com.unity.render-pipelines.core/Runtime/CommandBuffers/IUnsafeCommandBuffer.cs
 0.1 kb	 0.0% Packages/com.unity.render-pipelines.core/Runtime/CommandBuffers/IRasterCommandBuffer.cs
 0.1 kb	 0.0% Packages/com.unity.render-pipelines.core/Runtime/CommandBuffers/IBaseCommandBuffer.cs
 0.1 kb	 0.0% Packages/com.unity.render-pipelines.core/Runtime/CommandBuffers/ComputeCommandBuffer.cs
 0.1 kb	 0.0% Packages/com.unity.render-pipelines.core/Runtime/CommandBuffers/CommandBufferHelpers.cs
 0.1 kb	 0.0% Packages/com.unity.inputsystem/InputSystem/State/IInputStateChangeMonitor.cs
 0.1 kb	 0.0% Packages/com.unity.inputsystem/InputSystem/Plugins/iOS/IOSGameController.cs
 0.1 kb	 0.0% Packages/com.unity.inputsystem/InputSystem/Plugins/Users/InputUserAccountHandle.cs
 0.1 kb	 0.0% Packages/com.unity.inputsystem/InputSystem/Plugins/Switch/SwitchProControllerHID.cs
 0.1 kb	 0.0% Packages/com.unity.inputsystem/InputSystem/Plugins/PlayerInput/PlayerInputManagerEditor.cs
 0.1 kb	 0.0% Packages/com.unity.inputsystem/InputSystem/Plugins/OSX/OSXGameController.cs
 0.1 kb	 0.0% Packages/com.unity.inputsystem/InputSystem/Plugins/EnhancedTouch/EnhancedTouchSupport.cs
 0.1 kb	 0.0% Packages/com.unity.inputsystem/InputSystem/Events/DeviceConfigurationEvent.cs
 0.1 kb	 0.0% Packages/com.unity.inputsystem/InputSystem/Editor/UITKAssetEditor/Views/VisualElementExtensions.cs
 0.1 kb	 0.0% Packages/com.unity.inputsystem/InputSystem/Editor/UITKAssetEditor/Views/InputActionsTreeViewItem.cs
 0.1 kb	 0.0% Packages/com.unity.inputsystem/InputSystem/Editor/UITKAssetEditor/Views/InputActionsEditorView.cs
 0.1 kb	 0.0% Packages/com.unity.inputsystem/InputSystem/Editor/UITKAssetEditor/Views/BindingPropertiesView.cs
 0.1 kb	 0.0% Packages/com.unity.inputsystem/InputSystem/Editor/UITKAssetEditor/SerializedInputBinding.cs
 0.1 kb	 0.0% Packages/com.unity.inputsystem/InputSystem/Editor/UITKAssetEditor/SerializedInputActionMap.cs
 0.1 kb	 0.0% Packages/com.unity.inputsystem/InputSystem/Editor/UITKAssetEditor/SerializedInputAction.cs
 0.1 kb	 0.0% Packages/com.unity.inputsystem/InputSystem/Editor/UITKAssetEditor/InputActionsEditorWindow.cs
 0.1 kb	 0.0% Packages/com.unity.inputsystem/InputSystem/Editor/UITKAssetEditor/InputActionsEditorState.cs
 0.1 kb	 0.0% Packages/com.unity.inputsystem/InputSystem/Editor/UITKAssetEditor/Commands/ControlSchemeCommands.cs
 0.1 kb	 0.0% Packages/com.unity.inputsystem/InputSystem/Editor/Settings/InputSettingsProvider.cs
 0.1 kb	 0.0% Packages/com.unity.inputsystem/InputSystem/Editor/Settings/InputEditorUserSettings.cs
 0.1 kb	 0.0% Packages/com.unity.inputsystem/InputSystem/Editor/PropertyDrawers/InputControlPathDrawer.cs
 0.1 kb	 0.0% Packages/com.unity.inputsystem/InputSystem/Editor/PropertyDrawers/InputActionDrawerBase.cs
 0.1 kb	 0.0% Packages/com.unity.inputsystem/InputSystem/Editor/PropertyDrawers/InputActionAssetDrawer.cs
 0.1 kb	 0.0% Packages/com.unity.inputsystem/InputSystem/Editor/ProjectWideActions/ProjectWideActionsAsset.cs
 0.1 kb	 0.0% Packages/com.unity.inputsystem/InputSystem/Editor/Internal/AdvancedDropdown/AdvancedDropdownWindow.cs
 0.1 kb	 0.0% Packages/com.unity.inputsystem/InputSystem/Editor/Internal/AdvancedDropdown/AdvancedDropdownState.cs
 0.1 kb	 0.0% Packages/com.unity.inputsystem/InputSystem/Editor/InputSystemPluginControl.cs
 0.1 kb	 0.0% Packages/com.unity.inputsystem/InputSystem/Editor/InputLayoutCodeGenerator.cs
 0.1 kb	 0.0% Packages/com.unity.inputsystem/InputSystem/Editor/InputAssetEditorUtils.cs
 0.1 kb	 0.0% Packages/com.unity.inputsystem/InputSystem/Editor/Debugger/InputLatencyCalculator.cs
 0.1 kb	 0.0% Packages/com.unity.inputsystem/InputSystem/Editor/ControlPicker/InputControlPickerState.cs
 0.1 kb	 0.0% Packages/com.unity.inputsystem/InputSystem/Editor/ControlPicker/InputControlPathEditor.cs
 0.1 kb	 0.0% Packages/com.unity.inputsystem/InputSystem/Editor/ControlPicker/InputControlDropdownItem.cs
 0.1 kb	 0.0% Packages/com.unity.inputsystem/InputSystem/Editor/AssetImporter/InputActionCodeGenerator.cs
 0.1 kb	 0.0% Packages/com.unity.inputsystem/InputSystem/Editor/AssetImporter/InputActionAssetEditor.cs
 0.1 kb	 0.0% Packages/com.unity.inputsystem/InputSystem/Editor/AssetImporter/IInputActionAssetEditor.cs
 0.1 kb	 0.0% Packages/com.unity.inputsystem/InputSystem/Editor/AssetEditor/InputActionAssetManager.cs
 0.1 kb	 0.0% Packages/com.unity.inputsystem/InputSystem/Devices/Remote/RemoteInputPlayerConnection.cs
 0.1 kb	 0.0% Packages/com.unity.inputsystem/InputSystem/Devices/InputDeviceDescription.cs
 0.1 kb	 0.0% Packages/com.unity.inputsystem/InputSystem/Devices/Haptics/DualMotorRumbleCommand.cs
 0.1 kb	 0.0% Packages/com.unity.inputsystem/InputSystem/Devices/Commands/WarpMousePositionCommand.cs
 0.1 kb	 0.0% Packages/com.unity.inputsystem/InputSystem/Devices/Commands/QueryEnabledStateCommand.cs
 0.1 kb	 0.0% Packages/com.unity.inputsystem/InputSystem/Devices/Commands/QueryDimensionsCommand.cs
 0.1 kb	 0.0% Packages/com.unity.inputsystem/InputSystem/Devices/Commands/QueryCanRunInBackground.cs
 0.1 kb	 0.0% Packages/com.unity.inputsystem/InputSystem/Devices/Commands/IInputDeviceCommandInfo.cs
 0.1 kb	 0.0% Packages/com.unity.inputsystem/InputSystem/Controls/InputControlAttribute.cs
 0.1 kb	 0.0% Packages/com.unity.inputsystem/InputSystem/Controls/DiscreteButtonControl.cs
 0.1 kb	 0.0% Packages/com.unity.inputsystem/InputSystem/Actions/InputBindingCompositeContext.cs
 0.1 kb	 0.0% Packages/com.unity.inputsystem/InputSystem/Actions/InputActionSetupExtensions.cs
 0.1 kb	 0.0% Packages/com.unity.inputsystem/InputSystem/Actions/InputActionParameters.cs
 0.1 kb	 0.0% Packages/com.unity.collections/Unity.Collections/UnsafeAtomicCounter.cs
 0.1 kb	 0.0% Packages/com.unity.ugui/Runtime/UGUI/UI/Core/Layout/HorizontalOrVerticalLayoutGroup.cs
 0.1 kb	 0.0% Packages/com.unity.render-pipelines.universal/Runtime/Tiling/ZBinningJob.cs
 0.1 kb	 0.0% Packages/com.unity.render-pipelines.universal/Runtime/Tiling/TilingJob.cs
 0.1 kb	 0.0% Packages/com.unity.render-pipelines.universal/Runtime/TemporalAA.cs
 0.1 kb	 0.0% Packages/com.unity.render-pipelines.universal/Runtime/ShadowUtils.cs
 0.1 kb	 0.0% Packages/com.unity.render-pipelines.universal/Runtime/ShaderUtils.cs
 0.1 kb	 0.0% Packages/com.unity.render-pipelines.universal/Runtime/ShaderData.cs
 0.1 kb	 0.0% Packages/com.unity.render-pipelines.universal/Runtime/PostProcess.cs
 0.1 kb	 0.0% Packages/com.unity.render-pipelines.universal/Runtime/Passes/CapturePass.cs
 0.1 kb	 0.0% Packages/com.unity.render-pipelines.universal/Runtime/Overrides/WhiteBalance.cs
 0.1 kb	 0.0% Packages/com.unity.render-pipelines.universal/Runtime/Overrides/Tonemapping.cs
 0.1 kb	 0.0% Packages/com.unity.render-pipelines.universal/Runtime/Overrides/SplitToning.cs
 0.1 kb	 0.0% Packages/com.unity.render-pipelines.universal/Runtime/Overrides/MotionBlur.cs
 0.1 kb	 0.0% Packages/com.unity.render-pipelines.universal/Runtime/Overrides/FilmGrain.cs
 0.1 kb	 0.0% Packages/com.unity.render-pipelines.universal/Runtime/Overrides/DepthOfField.cs
 0.1 kb	 0.0% Packages/com.unity.render-pipelines.universal/Runtime/Overrides/ColorLookup.cs
 0.1 kb	 0.0% Packages/com.unity.render-pipelines.universal/Runtime/Overrides/ColorCurves.cs
 0.1 kb	 0.0% Packages/com.unity.render-pipelines.universal/Runtime/Overrides/ChannelMixer.cs
 0.1 kb	 0.0% Packages/com.unity.render-pipelines.universal/Runtime/History/TaaHistory.cs
 0.1 kb	 0.0% Packages/com.unity.render-pipelines.universal/Runtime/History/StpHistory.cs
 0.1 kb	 0.0% Packages/com.unity.render-pipelines.universal/Runtime/Decal/Entities/DecalChunk.cs
 0.1 kb	 0.0% Packages/com.unity.render-pipelines.universal/Runtime/Debug/DebugHandler.cs
 0.1 kb	 0.0% Packages/com.unity.render-pipelines.core/Runtime/XR/XRMirrorView.cs
 0.1 kb	 0.0% Packages/com.unity.render-pipelines.core/Runtime/Utilities/GPUPrefixSum/GPUPrefixSum.ShaderIDs.cs
 0.1 kb	 0.0% Packages/com.unity.render-pipelines.core/Runtime/UnifiedRayTracing/Compute/RadeonRays/RestructureBvh.cs
 0.1 kb	 0.0% Packages/com.unity.render-pipelines.core/Runtime/UnifiedRayTracing/Compute/RadeonRays/RadeonRaysAPI.cs
 0.1 kb	 0.0% Packages/com.unity.render-pipelines.core/Runtime/UnifiedRayTracing/Common/GeometryPool/GeometryPool.cs
 0.1 kb	 0.0% Packages/com.unity.render-pipelines.core/Runtime/GPUDriven/Utilities/ParallelBitArray.cs
 0.1 kb	 0.0% Packages/com.unity.render-pipelines.core/Runtime/GPUDriven/Utilities/MemoryUtilities.cs
 0.1 kb	 0.0% Packages/com.unity.render-pipelines.core/Runtime/GPUDriven/Utilities/JaggedJobRange.cs
 0.1 kb	 0.0% Packages/com.unity.render-pipelines.core/Runtime/GPUDriven/Utilities/GPUResidentUtils.cs
 0.1 kb	 0.0% Packages/com.unity.render-pipelines.core/Runtime/GPUDriven/SceneProcessors/WorldProcessor.cs
 0.1 kb	 0.0% Packages/com.unity.render-pipelines.core/Runtime/GPUDriven/Culling/InstanceCuller.cs
 0.1 kb	 0.0% Packages/com.unity.render-pipelines.core/Runtime/Deprecated.cs
 0.1 kb	 0.0% Packages/com.unity.render-pipelines.core/Runtime/Common/CoreAttributes.cs
 0.1 kb	 0.0% Packages/com.unity.render-pipelines.core/Runtime/CommandBuffers/BaseCommandBufer.cs
 0.1 kb	 0.0% Packages/com.unity.inputsystem/InputSystem/Utilities/NameAndParameters.cs
 0.1 kb	 0.0% Packages/com.unity.inputsystem/InputSystem/Utilities/CSharpCodeHelpers.cs
 0.1 kb	 0.0% Packages/com.unity.inputsystem/InputSystem/Plugins/UI/TrackedDeviceRaycaster.cs
 0.1 kb	 0.0% Packages/com.unity.inputsystem/InputSystem/Plugins/UI/MultiplayerEventSystem.cs
 0.1 kb	 0.0% Packages/com.unity.inputsystem/InputSystem/Plugins/UI/InputSystemUIInputModule.cs
 0.1 kb	 0.0% Packages/com.unity.inputsystem/InputSystem/Plugins/UI/ExtendedPointerEventData.cs
 0.1 kb	 0.0% Packages/com.unity.inputsystem/InputSystem/Plugins/UI/ExtendedAxisEventData.cs
 0.1 kb	 0.0% Packages/com.unity.inputsystem/InputSystem/Plugins/HID/HIDDescriptorWindow.cs
 0.1 kb	 0.0% Packages/com.unity.inputsystem/InputSystem/Plugins/DualShock/IDualShockHaptics.cs
 0.1 kb	 0.0% Packages/com.unity.inputsystem/InputSystem/Editor/AssetEditor/ParameterListView.cs
 0.1 kb	 0.0% Packages/com.unity.inputsystem/InputSystem/Editor/AssetEditor/InputActionTreeViewItems.cs
 0.1 kb	 0.0% Packages/com.unity.inputsystem/InputSystem/Controls/Processors/NormalizeProcessor.cs
 0.1 kb	 0.0% Packages/com.unity.inputsystem/InputSystem/Actions/Interactions/SlowTapInteraction.cs
 0.1 kb	 0.0% Packages/com.unity.inputsystem/InputSystem/Actions/Interactions/MultiTapInteraction.cs
 0.1 kb	 0.0% Packages/com.unity.inputsystem/InputSystem/Actions/Composites/OneModifierComposite.cs
 0.1 kb	 0.0% Packages/com.unity.collections/Unity.Collections/UnsafeUtilityEx.cs
 0.1 kb	 0.0% Packages/com.unity.collections/Unity.Collections/UnsafeAppendBuffer.cs
 0.1 kb	 0.0% Packages/com.unity.collections/Unity.Collections/NativeParallelHashSetExtensions.gen.cs
 0.1 kb	 0.0% Packages/com.unity.collections/Unity.Collections/Jobs/RegisterGenericJobTypeAttribute.cs
 0.1 kb	 0.0% Packages/com.unity.collections/Unity.Collections/DoubleRewindableAllocators.cs
 0.1 kb	 0.0% Packages/com.unity.collections/Unity.Collections/DataStreamExtensions.cs
 0.1 kb	 0.0% Packages/com.google.ads.mobile/GoogleMobileAds/Editor/GoogleMobileAdsSettings.cs
 0.1 kb	 0.0% Packages/com.unity.ugui/Runtime/TMP/TMP_DynamicFontAssetUtilities.cs
 0.1 kb	 0.0% Packages/com.unity.render-pipelines.universal/Runtime/NoAllocUtils.cs
 0.1 kb	 0.0% Packages/com.unity.render-pipelines.universal/Runtime/2D/Lights/Light2D.cs
 0.1 kb	 0.0% Packages/com.unity.render-pipelines.universal/Runtime/2D/Clipper.cs
 0.1 kb	 0.0% Packages/com.unity.render-pipelines.core/Runtime/XR/XRSRPSettings.cs
 0.1 kb	 0.0% Packages/com.unity.render-pipelines.core/Runtime/Volume/VolumeProfile.cs
 0.1 kb	 0.0% Packages/com.unity.render-pipelines.core/Runtime/Volume/VolumeParameter.cs
 0.1 kb	 0.0% Packages/com.unity.render-pipelines.core/Runtime/Volume/VolumeManager.cs
 0.1 kb	 0.0% Packages/com.unity.render-pipelines.core/Runtime/Volume/VolumeDebugData.cs
 0.1 kb	 0.0% Packages/com.unity.render-pipelines.core/Runtime/Volume/VolumeComponent.cs
 0.1 kb	 0.0% Packages/com.unity.render-pipelines.core/Runtime/Volume/VolumeCollection.cs
 0.1 kb	 0.0% Packages/com.unity.render-pipelines.core/Runtime/Volume/KeyframeUtility.cs
 0.1 kb	 0.0% Packages/com.unity.render-pipelines.core/Runtime/Utilities/TileLayoutUtils.cs
 0.1 kb	 0.0% Packages/com.unity.render-pipelines.core/Runtime/Utilities/TextureGradient.cs
 0.1 kb	 0.0% Packages/com.unity.render-pipelines.core/Runtime/Utilities/ResourceReloader.cs
 0.1 kb	 0.0% Packages/com.unity.render-pipelines.core/Runtime/Utilities/LightUnitUtils.cs
 0.1 kb	 0.0% Packages/com.unity.render-pipelines.core/Runtime/Utilities/HaltonSequence.cs
 0.1 kb	 0.0% Packages/com.unity.render-pipelines.core/Runtime/Utilities/HDROutputUtils.cs
 0.1 kb	 0.0% Packages/com.unity.render-pipelines.core/Runtime/Utilities/GPUPrefixSum/GPUPrefixSum.Data.cs
 0.1 kb	 0.0% Packages/com.unity.render-pipelines.core/Runtime/Utilities/DelegateUtility.cs
 0.1 kb	 0.0% Packages/com.unity.render-pipelines.core/Runtime/Utilities/CoreMatrixUtils.cs
 0.1 kb	 0.0% Packages/com.unity.render-pipelines.core/Runtime/Utilities/ColorSpaceUtils.cs
 0.1 kb	 0.0% Packages/com.unity.render-pipelines.core/Runtime/Utilities/ArrayExtensions.cs
 0.1 kb	 0.0% Packages/com.unity.render-pipelines.core/Runtime/Textures/Texture2DAtlas.cs
 0.1 kb	 0.0% Packages/com.unity.render-pipelines.core/Runtime/Textures/RTHandleSystem.cs
 0.1 kb	 0.0% Packages/com.unity.render-pipelines.core/Runtime/Sampling/SobolData.cs
 0.1 kb	 0.0% Packages/com.unity.render-pipelines.core/Runtime/RenderPipeline/IVolumetricCloud.cs
 0.1 kb	 0.0% Packages/com.unity.render-pipelines.core/Runtime/RenderPipeline/ICloudBackground.cs
 0.1 kb	 0.0% Packages/com.unity.render-pipelines.core/Runtime/RenderGraph/RenderGraphCompilationCache.cs
 0.1 kb	 0.0% Packages/com.unity.render-pipelines.core/Runtime/PostProcessing/LensFlareDataSRP.cs
 0.1 kb	 0.0% Packages/com.unity.render-pipelines.core/Runtime/Lighting/ProbeVolume/ProbeVolumeUtil.cs
 0.1 kb	 0.0% Packages/com.unity.render-pipelines.core/Runtime/Lighting/ProbeVolume/ProbeBrickPool.cs
 0.1 kb	 0.0% Packages/com.unity.render-pipelines.core/Runtime/Lighting/ProbeVolume/ProbeBrickIndex.cs
 0.1 kb	 0.0% Packages/com.unity.render-pipelines.core/Runtime/Debugging/ProfilingScope.cs
 0.1 kb	 0.0% Packages/com.unity.render-pipelines.core/Runtime/Debugging/FrameTiming/FrameTimeSample.cs
 0.1 kb	 0.0% Packages/com.unity.render-pipelines.core/Runtime/Debugging/DebugManager.UIState.cs
 0.1 kb	 0.0% Packages/com.unity.render-pipelines.core/Runtime/Debugging/DebugManager.Input.cs
 0.1 kb	 0.0% Packages/com.unity.render-pipelines.core/Runtime/Debugging/DebugFrameTiming.cs
 0.1 kb	 0.0% Packages/com.unity.render-pipelines.core/Runtime/Common/SerializableEnum.cs
 0.1 kb	 0.0% Packages/com.unity.render-pipelines.core/Runtime/Common/ReloadAttribute.cs
 0.1 kb	 0.0% Packages/com.unity.render-pipelines.core/Runtime/Common/IAdditionalData.cs
 0.1 kb	 0.0% Packages/com.unity.render-pipelines.core/Runtime/Common/DynamicString.cs
 0.1 kb	 0.0% Packages/com.unity.render-pipelines.core/Runtime/Common/CoreUnsafeUtils.cs
 0.1 kb	 0.0% Packages/com.unity.render-pipelines.core/Runtime/Common/ContextContainer.cs
 0.1 kb	 0.0% Packages/com.unity.render-pipelines.core/Runtime/Common/ConstantBuffer.cs
 0.1 kb	 0.0% Packages/com.unity.render-pipelines.core/Runtime/Camera/CameraSwitcher.cs
 0.1 kb	 0.0% Packages/com.unity.inputsystem/InputSystem/Utilities/Comparers.cs
 0.1 kb	 0.0% Packages/com.unity.inputsystem/InputSystem/State/InputStateHistory.cs
 0.1 kb	 0.0% Packages/com.unity.inputsystem/InputSystem/State/InputStateBuffers.cs
 0.1 kb	 0.0% Packages/com.unity.inputsystem/InputSystem/State/IInputStateTypeInfo.cs
 0.1 kb	 0.0% Packages/com.unity.inputsystem/InputSystem/Plugins/iOS/InputSettingsiOSProvider.cs
 0.1 kb	 0.0% Packages/com.unity.inputsystem/InputSystem/Plugins/Users/InputUserSettings.cs
 0.1 kb	 0.0% Packages/com.unity.inputsystem/InputSystem/Plugins/PlayerInput/PlayerInputEditor.cs
 0.1 kb	 0.0% Packages/com.unity.inputsystem/InputSystem/Plugins/EnhancedTouch/TouchSimulation.cs
 0.1 kb	 0.0% Packages/com.unity.inputsystem/InputSystem/NativeInputRuntime.cs
 0.1 kb	 0.0% Packages/com.unity.inputsystem/InputSystem/Events/InputEventListener.cs
 0.1 kb	 0.0% Packages/com.unity.inputsystem/InputSystem/Events/IMECompositionEvent.cs
 0.1 kb	 0.0% Packages/com.unity.inputsystem/InputSystem/Events/IInputEventTypeInfo.cs
 0.1 kb	 0.0% Packages/com.unity.inputsystem/InputSystem/Events/DeviceRemoveEvent.cs
 0.1 kb	 0.0% Packages/com.unity.inputsystem/InputSystem/Editor/UITKAssetEditor/Views/MatchingControlPaths.cs
 0.1 kb	 0.0% Packages/com.unity.inputsystem/InputSystem/Editor/UITKAssetEditor/Views/IViewStateCollection.cs
 0.1 kb	 0.0% Packages/com.unity.inputsystem/InputSystem/Editor/UITKAssetEditor/Views/ControlSchemesView.cs
 0.1 kb	 0.0% Packages/com.unity.inputsystem/InputSystem/Editor/UITKAssetEditor/Views/ActionPropertiesView.cs
 0.1 kb	 0.0% Packages/com.unity.inputsystem/InputSystem/Editor/UITKAssetEditor/EnumerableExtensions.cs
 0.1 kb	 0.0% Packages/com.unity.inputsystem/InputSystem/Editor/PropertyDrawers/InputActionMapDrawer.cs
 0.1 kb	 0.0% Packages/com.unity.inputsystem/InputSystem/Editor/PropertyDrawers/InputActionDrawer.cs
 0.1 kb	 0.0% Packages/com.unity.inputsystem/InputSystem/Editor/Internal/InputEventTreeView.cs
 0.1 kb	 0.0% Packages/com.unity.inputsystem/InputSystem/Editor/Internal/InputControlTreeView.cs
 0.1 kb	 0.0% Packages/com.unity.inputsystem/InputSystem/Editor/Internal/BuildProviderHelpers.cs
 0.1 kb	 0.0% Packages/com.unity.inputsystem/InputSystem/Editor/Internal/AdvancedDropdown/MultiLevelDataSource.cs
 0.1 kb	 0.0% Packages/com.unity.inputsystem/InputSystem/Editor/Internal/AdvancedDropdown/CallbackDataSource.cs
 0.1 kb	 0.0% Packages/com.unity.inputsystem/InputSystem/Editor/Internal/AdvancedDropdown/AdvancedDropdownItem.cs
 0.1 kb	 0.0% Packages/com.unity.inputsystem/InputSystem/Editor/Internal/AdvancedDropdown/AdvancedDropdownGUI.cs
 0.1 kb	 0.0% Packages/com.unity.inputsystem/InputSystem/Editor/InputParameterEditor.cs
 0.1 kb	 0.0% Packages/com.unity.inputsystem/InputSystem/Editor/DeviceSimulator/InputSystemPlugin.cs
 0.1 kb	 0.0% Packages/com.unity.inputsystem/InputSystem/Editor/Debugger/InputDebuggerWindow.cs
 0.1 kb	 0.0% Packages/com.unity.inputsystem/InputSystem/Editor/ControlPicker/InputControlPicker.cs
 0.1 kb	 0.0% Packages/com.unity.inputsystem/InputSystem/Editor/BuildPipeline/LinkFileGenerator.cs
 0.1 kb	 0.0% Packages/com.unity.inputsystem/InputSystem/Editor/AssetImporter/InputActionImporter.cs
 0.1 kb	 0.0% Packages/com.unity.inputsystem/InputSystem/Editor/AssetEditor/PropertiesViewBase.cs
 0.1 kb	 0.0% Packages/com.unity.inputsystem/InputSystem/Editor/AssetEditor/InputActionTreeView.cs
 0.1 kb	 0.0% Packages/com.unity.inputsystem/InputSystem/Editor/Analytics/InputEditorAnalytics.cs
 0.1 kb	 0.0% Packages/com.unity.inputsystem/InputSystem/Editor/Analytics/InputBuildAnalytic.cs
 0.1 kb	 0.0% Packages/com.unity.inputsystem/InputSystem/Devices/InputDeviceMatcher.cs
 0.1 kb	 0.0% Packages/com.unity.inputsystem/InputSystem/Devices/InputDeviceBuilder.cs
 0.1 kb	 0.0% Packages/com.unity.inputsystem/InputSystem/Devices/ITextInputReceiver.cs
 0.1 kb	 0.0% Packages/com.unity.inputsystem/InputSystem/Devices/IEventPreProcessor.cs
 0.1 kb	 0.0% Packages/com.unity.inputsystem/InputSystem/Devices/ICustomDeviceReset.cs
 0.1 kb	 0.0% Packages/com.unity.inputsystem/InputSystem/Devices/Commands/RequestSyncCommand.cs
 0.1 kb	 0.0% Packages/com.unity.inputsystem/InputSystem/Devices/Commands/RequestResetCommand.cs
 0.1 kb	 0.0% Packages/com.unity.inputsystem/InputSystem/Devices/Commands/QueryUserIdCommand.cs
 0.1 kb	 0.0% Packages/com.unity.inputsystem/InputSystem/Devices/Commands/QueryKeyNameCommand.cs
 0.1 kb	 0.0% Packages/com.unity.inputsystem/InputSystem/Devices/Commands/InputDeviceCommand.cs
 0.1 kb	 0.0% Packages/com.unity.inputsystem/InputSystem/Devices/Commands/EnableDeviceCommand.cs
 0.1 kb	 0.0% Packages/com.unity.inputsystem/InputSystem/Devices/Commands/DisableDeviceCommand.cs
 0.1 kb	 0.0% Packages/com.unity.inputsystem/InputSystem/Controls/TouchPressControl.cs
 0.1 kb	 0.0% Packages/com.unity.inputsystem/InputSystem/Controls/TouchPhaseControl.cs
 0.1 kb	 0.0% Packages/com.unity.inputsystem/InputSystem/Controls/QuaternionControl.cs
 0.1 kb	 0.0% Packages/com.unity.inputsystem/InputSystem/Controls/InputControlLayout.cs
 0.1 kb	 0.0% Packages/com.unity.inputsystem/InputSystem/Controls/InputControlExtensions.cs
 0.1 kb	 0.0% Packages/com.unity.inputsystem/InputSystem/Actions/InputInteractionContext.cs
 0.1 kb	 0.0% Packages/com.unity.inputsystem/InputSystem/Actions/InputBindingComposite.cs
 0.1 kb	 0.0% Packages/com.unity.inputsystem/InputSystem/Actions/IInputActionCollection.cs
 0.1 kb	 0.0% Packages/com.unity.collections/Unity.Collections/NativeNotBurstCompatible.cs
 0.1 kb	 0.0% Packages/com.unity.ugui/Runtime/UGUI/EventSystem/UIElements/WorldDocumentRaycaster.cs
 0.1 kb	 0.0% Packages/com.unity.ugui/Runtime/UGUI/EventSystem/InputModules/StandaloneInputModule.cs
 0.1 kb	 0.0% Packages/com.unity.render-pipelines.universal/Runtime/StpUtils.cs
 0.1 kb	 0.0% Packages/com.unity.render-pipelines.universal/Runtime/RendererFeatures/OnTilePostProcessPass.cs
 0.1 kb	 0.0% Packages/com.unity.render-pipelines.universal/Runtime/RendererFeatures/OnTilePostProcessFeature.cs
 0.1 kb	 0.0% Packages/com.unity.render-pipelines.universal/Runtime/Overrides/Vignette.cs
 0.1 kb	 0.0% Packages/com.unity.render-pipelines.universal/Runtime/Overrides/Bloom.cs
 0.1 kb	 0.0% Packages/com.unity.render-pipelines.core/Runtime/XR/XRView.cs
 0.1 kb	 0.0% Packages/com.unity.render-pipelines.core/Runtime/XR/XRSystem.cs
 0.1 kb	 0.0% Packages/com.unity.render-pipelines.core/Runtime/XR/XRPass.cs
 0.1 kb	 0.0% Packages/com.unity.render-pipelines.core/Runtime/XR/XRLayout.cs
 0.1 kb	 0.0% Packages/com.unity.render-pipelines.core/Runtime/UnifiedRayTracing/StringIDs.cs
 0.1 kb	 0.0% Packages/com.unity.render-pipelines.core/Runtime/UnifiedRayTracing/Compute/RadeonRays/RadixSort.cs
 0.1 kb	 0.0% Packages/com.unity.render-pipelines.core/Runtime/UnifiedRayTracing/Compute/RadeonRays/HlbvhBuilder.cs
 0.1 kb	 0.0% Packages/com.unity.render-pipelines.core/Runtime/UnifiedRayTracing/Common/Utilities/Utils.cs
 0.1 kb	 0.0% Packages/com.unity.render-pipelines.core/Runtime/GPUDriven/CoreDataSystems/RenderWorld.cs
 0.1 kb	 0.0% Packages/com.unity.render-pipelines.core/Runtime/GPUDriven/BatchLayers.cs
 0.1 kb	 0.0% Packages/com.unity.render-pipelines.core/Runtime/Debugging/DebugUI.FieldUtils.cs
 0.1 kb	 0.0% Packages/com.unity.render-pipelines.core/Runtime/Debugging/DebugUI.Containers.cs
 0.1 kb	 0.0% Packages/com.unity.inputsystem/InputSystem/Utilities/StringHelpers.cs
 0.1 kb	 0.0% Packages/com.unity.inputsystem/InputSystem/Utilities/SpriteUtilities.cs
 0.1 kb	 0.0% Packages/com.unity.inputsystem/InputSystem/Utilities/PrimitiveValue.cs
 0.1 kb	 0.0% Packages/com.unity.inputsystem/InputSystem/Utilities/PredictiveParser.cs
 0.1 kb	 0.0% Packages/com.unity.inputsystem/InputSystem/Utilities/NumberHelpers.cs
 0.1 kb	 0.0% Packages/com.unity.inputsystem/InputSystem/Utilities/MemoryHelpers.cs
 0.1 kb	 0.0% Packages/com.unity.inputsystem/InputSystem/Utilities/InternedString.cs
 0.1 kb	 0.0% Packages/com.unity.inputsystem/InputSystem/Utilities/ExceptionHelpers.cs
 0.1 kb	 0.0% Packages/com.unity.inputsystem/InputSystem/Utilities/DelegateHelpers.cs
 0.1 kb	 0.0% Packages/com.unity.inputsystem/InputSystem/Plugins/iOS/iOSStepCounter.cs
 0.1 kb	 0.0% Packages/com.unity.inputsystem/InputSystem/Plugins/XR/TrackedPoseDriver.cs
 0.1 kb	 0.0% Packages/com.unity.inputsystem/InputSystem/Plugins/XR/Haptics/BufferedRumble.cs
 0.1 kb	 0.0% Packages/com.unity.inputsystem/InputSystem/Plugins/UI/VirtualMouseInput.cs
 0.1 kb	 0.0% Packages/com.unity.inputsystem/InputSystem/Plugins/UI/INavigationEventData.cs
 0.1 kb	 0.0% Packages/com.unity.inputsystem/InputSystem/Plugins/UI/BaseInputOverride.cs
 0.1 kb	 0.0% Packages/com.unity.inputsystem/InputSystem/Plugins/DualShock/DualShockSupport.cs
 0.1 kb	 0.0% Packages/com.unity.inputsystem/InputSystem/Plugins/DualShock/DualShockGamepad.cs
 0.1 kb	 0.0% Packages/com.unity.inputsystem/InputSystem/Controls/Processors/ScaleProcessor.cs
 0.1 kb	 0.0% Packages/com.unity.inputsystem/InputSystem/Controls/Processors/InvertProcessor.cs
 0.1 kb	 0.0% Packages/com.unity.inputsystem/InputSystem/Controls/Processors/ClampProcessor.cs
 0.1 kb	 0.0% Packages/com.unity.inputsystem/InputSystem/Actions/Interactions/TapInteraction.cs
 0.1 kb	 0.0% Packages/com.unity.inputsystem/InputSystem/Actions/Interactions/PressInteraction.cs
 0.1 kb	 0.0% Packages/com.unity.inputsystem/InputSystem/Actions/Interactions/HoldInteraction.cs
 0.1 kb	 0.0% Packages/com.unity.inputsystem/InputSystem/Actions/InputActionTrace.cs
 0.1 kb	 0.0% Packages/com.unity.inputsystem/InputSystem/Actions/Composites/Vector3Composite.cs
 0.1 kb	 0.0% Packages/com.unity.inputsystem/InputSystem/Actions/Composites/Vector2Composite.cs
 0.1 kb	 0.0% Packages/com.unity.inputsystem/InputSystem/Actions/Composites/AxisComposite.cs
 0.1 kb	 0.0% Packages/com.unity.collections/Unity.Collections/UnsafeBitArray.cs
 0.1 kb	 0.0% Packages/com.unity.collections/Unity.Collections/UTF8ArrayUnsafeUtility.cs
 0.1 kb	 0.0% Packages/com.unity.collections/Unity.Collections/StreamCompressionModel.cs
 0.1 kb	 0.0% Packages/com.unity.collections/Unity.Collections/NativeArrayExtensions.cs
 0.1 kb	 0.0% Packages/com.unity.collections/Unity.Collections/FixedStringInternalMethods.cs
 0.1 kb	 0.0% Packages/com.unity.collections/Unity.Collections/FixedStringFormatMethods.gen.cs
 0.1 kb	 0.0% Packages/com.unity.burst/Runtime/CompilerServices/SkipLocalsInitAttribute.cs
 0.1 kb	 0.0% Packages/com.unity.burst/Runtime/CompilerServices/IgnoreWarningAttribute.cs
 0.1 kb	 0.0% Packages/com.unity.ugui/Runtime/TMP/TMP_ScrollbarEventHandler.cs
 0.1 kb	 0.0% Packages/com.unity.ugui/Runtime/TMP/TMP_PackageResourceImporter.cs
 0.1 kb	 0.0% Packages/com.unity.ugui/Runtime/InternalBridge/ObjectUtilsBridge.cs
 0.1 kb	 0.0% Packages/com.unity.render-pipelines.core/Runtime/Vrs/VrsShaders.cs
 0.1 kb	 0.0% Packages/com.unity.render-pipelines.core/Runtime/Vrs/VrsResources.cs
 0.1 kb	 0.0% Packages/com.unity.render-pipelines.core/Runtime/Volume/VolumeStack.cs
 0.1 kb	 0.0% Packages/com.unity.render-pipelines.core/Runtime/Utilities/TextureCurve.cs
 0.1 kb	 0.0% Packages/com.unity.render-pipelines.core/Runtime/Utilities/MeshGizmo.cs
 0.1 kb	 0.0% Packages/com.unity.render-pipelines.core/Runtime/Utilities/HashFNV1A32.cs
 0.1 kb	 0.0% Packages/com.unity.render-pipelines.core/Runtime/Utilities/HableCurve.cs
 0.1 kb	 0.0% Packages/com.unity.render-pipelines.core/Runtime/Utilities/GPUPrefixSum/GPUPrefixSum.cs
 0.1 kb	 0.0% Packages/com.unity.render-pipelines.core/Runtime/Utilities/CoreUtils.cs
 0.1 kb	 0.0% Packages/com.unity.render-pipelines.core/Runtime/Utilities/ColorUtils.cs
 0.1 kb	 0.0% Packages/com.unity.render-pipelines.core/Runtime/Textures/TextureXR.cs
 0.1 kb	 0.0% Packages/com.unity.render-pipelines.core/Runtime/Textures/RTHandles.cs
 0.1 kb	 0.0% Packages/com.unity.render-pipelines.core/Runtime/Stripping/IStripper.cs
 0.1 kb	 0.0% Packages/com.unity.render-pipelines.core/Runtime/ShaderLibrary/Sampling/Hammersley.cs
 0.1 kb	 0.0% Packages/com.unity.render-pipelines.core/Runtime/Lighting/ProbeVolume/ProbeVolume.cs
 0.1 kb	 0.0% Packages/com.unity.render-pipelines.core/Runtime/GPUDriven/Utilities/FrustumPlanes.cs
 0.1 kb	 0.0% Packages/com.unity.render-pipelines.core/Runtime/Debugging/DebugUpdater.cs
 0.1 kb	 0.0% Packages/com.unity.render-pipelines.core/Runtime/Debugging/DebugUI.Panel.cs
 0.1 kb	 0.0% Packages/com.unity.render-pipelines.core/Runtime/Debugging/DebugShapes.cs
 0.1 kb	 0.0% Packages/com.unity.render-pipelines.core/Runtime/Debugging/DebugOverlay.cs
 0.1 kb	 0.0% Packages/com.unity.render-pipelines.core/Runtime/Debugging/DebugManager.cs
 0.1 kb	 0.0% Packages/com.unity.render-pipelines.core/Runtime/Camera/FreeCamera.cs
 0.1 kb	 0.0% Packages/com.unity.inputsystem/InputSystem/State/InputStateBlock.cs
 0.1 kb	 0.0% Packages/com.unity.inputsystem/InputSystem/Plugins/iOS/iOSPostProcessBuild.cs
 0.1 kb	 0.0% Packages/com.unity.inputsystem/InputSystem/Plugins/XInput/XboxGamepadMacOS.cs
 0.1 kb	 0.0% Packages/com.unity.inputsystem/InputSystem/Plugins/XInput/XInputSupport.cs
 0.1 kb	 0.0% Packages/com.unity.inputsystem/InputSystem/Plugins/XInput/XInputController.cs
 0.1 kb	 0.0% Packages/com.unity.inputsystem/InputSystem/Plugins/XInput/IXboxOneRumble.cs
 0.1 kb	 0.0% Packages/com.unity.inputsystem/InputSystem/Plugins/WebGL/WebGLJoystick.cs
 0.1 kb	 0.0% Packages/com.unity.inputsystem/InputSystem/Plugins/UnityRemote/UnityRemoteSupport.cs
 0.1 kb	 0.0% Packages/com.unity.inputsystem/InputSystem/Plugins/Switch/SwitchSupportHID.cs
 0.1 kb	 0.0% Packages/com.unity.inputsystem/InputSystem/Plugins/PlayerInput/PlayerInputManager.cs
 0.1 kb	 0.0% Packages/com.unity.inputsystem/InputSystem/Plugins/PlayerInput/DefaultInputActions.cs
 0.1 kb	 0.0% Packages/com.unity.inputsystem/InputSystem/Plugins/OnScreen/OnScreenSupport.cs
 0.1 kb	 0.0% Packages/com.unity.inputsystem/InputSystem/Plugins/OnScreen/OnScreenStick.cs
 0.1 kb	 0.0% Packages/com.unity.inputsystem/InputSystem/Plugins/OnScreen/OnScreenControl.cs
 0.1 kb	 0.0% Packages/com.unity.inputsystem/InputSystem/Plugins/OnScreen/OnScreenButton.cs
 0.1 kb	 0.0% Packages/com.unity.inputsystem/InputSystem/Plugins/Linux/SDLDeviceBuilder.cs
 0.1 kb	 0.0% Packages/com.unity.inputsystem/InputSystem/Plugins/EnhancedTouch/TouchHistory.cs
 0.1 kb	 0.0% Packages/com.unity.inputsystem/InputSystem/Plugins/Android/AndroidSupport.cs
 0.1 kb	 0.0% Packages/com.unity.inputsystem/InputSystem/InputSystemObject.cs
 0.1 kb	 0.0% Packages/com.unity.inputsystem/InputSystem/InputManagerStateMonitors.cs
 0.1 kb	 0.0% Packages/com.unity.inputsystem/InputSystem/InputFeatureNames.cs
 0.1 kb	 0.0% Packages/com.unity.inputsystem/InputSystem/IInputRuntime.cs
 0.1 kb	 0.0% Packages/com.unity.inputsystem/InputSystem/IInputDiagnostics.cs
 0.1 kb	 0.0% Packages/com.unity.inputsystem/InputSystem/Events/InputEventTrace.cs
 0.1 kb	 0.0% Packages/com.unity.inputsystem/InputSystem/Events/InputEventStream.cs
 0.1 kb	 0.0% Packages/com.unity.inputsystem/InputSystem/Events/InputEventPtr.cs
 0.1 kb	 0.0% Packages/com.unity.inputsystem/InputSystem/Events/InputEventBuffer.cs
 0.1 kb	 0.0% Packages/com.unity.inputsystem/InputSystem/Events/DeviceResetEvent.cs
 0.1 kb	 0.0% Packages/com.unity.inputsystem/InputSystem/Events/DeltaStateEvent.cs
 0.1 kb	 0.0% Packages/com.unity.inputsystem/InputSystem/Editor/UITKAssetEditor/Views/PropertiesView.cs
 0.1 kb	 0.0% Packages/com.unity.inputsystem/InputSystem/Editor/UITKAssetEditor/Views/DropManipulator.cs
 0.1 kb	 0.0% Packages/com.unity.inputsystem/InputSystem/Editor/UITKAssetEditor/Views/CopyPasteHelper.cs
 0.1 kb	 0.0% Packages/com.unity.inputsystem/InputSystem/Editor/UITKAssetEditor/Views/ActionsTreeView.cs
 0.1 kb	 0.0% Packages/com.unity.inputsystem/InputSystem/Editor/UITKAssetEditor/Views/ActionMapsView.cs
 0.1 kb	 0.0% Packages/com.unity.inputsystem/InputSystem/Editor/UITKAssetEditor/StateContainer.cs
 0.1 kb	 0.0% Packages/com.unity.inputsystem/InputSystem/Editor/UITKAssetEditor/ExpressionUtils.cs
 0.1 kb	 0.0% Packages/com.unity.inputsystem/InputSystem/Editor/Internal/TreeViewHelpers.cs
 0.1 kb	 0.0% Packages/com.unity.inputsystem/InputSystem/Editor/Internal/InputStateWindow.cs
 0.1 kb	 0.0% Packages/com.unity.inputsystem/InputSystem/Editor/Internal/EditorHelpers.cs
 0.1 kb	 0.0% Packages/com.unity.inputsystem/InputSystem/Editor/Internal/AdvancedDropdown/AdvancedDropdown.cs
 0.1 kb	 0.0% Packages/com.unity.inputsystem/InputSystem/Editor/InputDiagnostics.cs
 0.1 kb	 0.0% Packages/com.unity.inputsystem/InputSystem/Devices/Haptics/IDualMotorRumble.cs
 0.1 kb	 0.0% Packages/com.unity.inputsystem/InputSystem/Devices/Haptics/DualMotorRumble.cs
 0.1 kb	 0.0% Packages/com.unity.inputsystem/InputSystem/Controls/Vector3Control.cs
 0.1 kb	 0.0% Packages/com.unity.inputsystem/InputSystem/Controls/Vector2Control.cs
 0.1 kb	 0.0% Packages/com.unity.inputsystem/InputSystem/Controls/IntegerControl.cs
 0.1 kb	 0.0% Packages/com.unity.inputsystem/InputSystem/Controls/DoubleControl.cs
 0.1 kb	 0.0% Packages/com.unity.inputsystem/InputSystem/Controls/ButtonControl.cs
 0.1 kb	 0.0% Packages/com.unity.inputsystem/InputSystem/Controls/AnyKeyControl.cs
 0.1 kb	 0.0% Packages/com.unity.inputsystem/InputSystem/Actions/InputControlScheme.cs
 0.1 kb	 0.0% Packages/com.unity.inputsystem/InputSystem/Actions/InputBindingResolver.cs
 0.1 kb	 0.0% Packages/com.unity.inputsystem/InputSystem/Actions/InputActionReference.cs
 0.1 kb	 0.0% Packages/com.unity.inputsystem/InputSystem/Actions/InputActionProperty.cs
 0.1 kb	 0.0% Packages/com.unity.inputsystem/InputSystem/Actions/IInputInteraction.cs
 0.1 kb	 0.0% Packages/com.unity.collections/Unity.Collections/UnsafeList.cs
 0.1 kb	 0.0% Packages/com.unity.collections/Unity.Collections/FixedStringParseMethods.cs
 0.1 kb	 0.0% Packages/com.unity.collections/Unity.Collections/FixedStringAppendMethods.cs
 0.1 kb	 0.0% Packages/com.unity.ugui/Runtime/UGUI/UI/Core/Utility/ReflectionMethodsCache.cs
 0.1 kb	 0.0% Packages/com.unity.ugui/Runtime/UGUI/UI/Core/MultipleDisplayUtilities.cs
 0.1 kb	 0.0% Packages/com.unity.ugui/Runtime/UGUI/UI/Core/Layout/HorizontalLayoutGroup.cs
 0.1 kb	 0.0% Packages/com.unity.ugui/Runtime/UGUI/UI/Core/IGraphicEnabledDisabled.cs
 0.1 kb	 0.0% Packages/com.unity.ugui/Runtime/UGUI/UI/Core/GraphicRebuildTracker.cs
 0.1 kb	 0.0% Packages/com.unity.ugui/Runtime/UGUI/UI/Core/Culling/RectangularVertexClipper.cs
 0.1 kb	 0.0% Packages/com.unity.ugui/Runtime/UGUI/EventSystem/UIElements/PanelEventHandler.cs
 0.1 kb	 0.0% Packages/com.unity.ugui/Runtime/UGUI/EventSystem/Raycasters/Physics2DRaycaster.cs
 0.1 kb	 0.0% Packages/com.unity.ugui/Runtime/UGUI/EventSystem/InputModules/PointerInputModule.cs
 0.1 kb	 0.0% Packages/com.unity.render-pipelines.core/ShaderLibrary/DummyShaderLibrary.cs
 0.1 kb	 0.0% Packages/com.unity.render-pipelines.core/Runtime/Utilities/GPUSort/GPUSort.Data.cs
 0.1 kb	 0.0% Packages/com.unity.render-pipelines.core/Runtime/Utilities/BitArray.cs
 0.1 kb	 0.0% Packages/com.unity.render-pipelines.core/Runtime/UnifiedRayTracing/Compute/RadeonRays/StringIDs.cs
 0.1 kb	 0.0% Packages/com.unity.render-pipelines.core/Runtime/UnifiedRayTracing/Compute/RadeonRays/Common.cs
 0.1 kb	 0.0% Packages/com.unity.render-pipelines.core/Runtime/UnifiedRayTracing/Compute/RadeonRays/BvhCheck.cs
 0.1 kb	 0.0% Packages/com.unity.render-pipelines.core/Runtime/Inputs/InputRegistering.cs
 0.1 kb	 0.0% Packages/com.unity.inputsystem/InputSystem/Utilities/TypeTable.cs
 0.1 kb	 0.0% Packages/com.unity.inputsystem/InputSystem/Utilities/TypeHelpers.cs
 0.1 kb	 0.0% Packages/com.unity.inputsystem/InputSystem/Utilities/Substring.cs
 0.1 kb	 0.0% Packages/com.unity.inputsystem/InputSystem/Utilities/SavedState.cs
 0.1 kb	 0.0% Packages/com.unity.inputsystem/InputSystem/Utilities/Observables/Observable.cs
 0.1 kb	 0.0% Packages/com.unity.inputsystem/InputSystem/Utilities/NamedValue.cs
 0.1 kb	 0.0% Packages/com.unity.inputsystem/InputSystem/Utilities/MiscHelpers.cs
 0.1 kb	 0.0% Packages/com.unity.inputsystem/InputSystem/Utilities/JsonParser.cs
 0.1 kb	 0.0% Packages/com.unity.inputsystem/InputSystem/Utilities/ArrayHelpers.cs
 0.1 kb	 0.0% Packages/com.unity.inputsystem/InputSystem/Plugins/iOS/InputSettingsiOS.cs
 0.1 kb	 0.0% Packages/com.unity.inputsystem/InputSystem/Plugins/XR/XRLayoutBuilder.cs
 0.1 kb	 0.0% Packages/com.unity.inputsystem/InputSystem/Plugins/UI/NavigationModel.cs
 0.1 kb	 0.0% Packages/com.unity.inputsystem/InputSystem/InputUpdateType.cs
 0.1 kb	 0.0% Packages/com.unity.collections/Unity.Collections/UnsafeText.cs
 0.1 kb	 0.0% Packages/com.unity.collections/Unity.Collections/UnsafeStream.cs
 0.1 kb	 0.0% Packages/com.unity.collections/Unity.Collections/RewindableAllocator.cs
 0.1 kb	 0.0% Packages/com.unity.collections/Unity.Collections/FixedStringMethods.cs
 0.1 kb	 0.0% Packages/com.unity.collections/Unity.Collections/AutoFreeAllocator.cs
 0.1 kb	 0.0% Packages/com.unity.burst/Runtime/CompilerServices/AssumeRangeAttribute.cs
 0.1 kb	 0.0% Packages/com.unity.ugui/Runtime/UGUI/UI/Animation/CoroutineTween.cs
 0.1 kb	 0.0% Packages/com.unity.ugui/Runtime/UGUI/EventSystem/EventInterfaces.cs
 0.1 kb	 0.0% Packages/com.unity.ugui/Runtime/TMP/TMPro_ExtensionMethods.cs
 0.1 kb	 0.0% Packages/com.unity.ugui/Runtime/TMP/TMP_TextParsingUtilities.cs
 0.1 kb	 0.0% Packages/com.unity.ugui/Runtime/TMP/TMP_TextElement_Legacy.cs
 0.1 kb	 0.0% Packages/com.unity.ugui/Runtime/TMP/TMP_FontAssetUtilities.cs
 0.1 kb	 0.0% Packages/com.unity.ugui/Runtime/TMP/MaterialReferenceManager.cs
 0.1 kb	 0.0% Packages/com.unity.ugui/Runtime/TMP/FontFeatureCommonGSUB.cs
 0.1 kb	 0.0% Packages/com.unity.render-pipelines.universal/Runtime/2D/Sources/Provider2DInfo.cs
 0.1 kb	 0.0% Packages/com.unity.render-pipelines.universal/Runtime/2D/Shadows/Shadow Provider Utility/VertexDictionary.cs
 0.1 kb	 0.0% Packages/com.unity.render-pipelines.core/Runtime/Vrs/VrsLut.cs
 0.1 kb	 0.0% Packages/com.unity.render-pipelines.core/Runtime/Volume/Volume.cs
 0.1 kb	 0.0% Packages/com.unity.render-pipelines.core/Runtime/Utilities/GPUSort/GPUSort.cs
 0.1 kb	 0.0% Packages/com.unity.render-pipelines.core/Runtime/Utilities/FSRUtils.cs
 0.1 kb	 0.0% Packages/com.unity.render-pipelines.core/Runtime/Utilities/Blitter.cs
 0.1 kb	 0.0% Packages/com.unity.render-pipelines.core/Runtime/Textures/RTHandle.cs
 0.1 kb	 0.0% Packages/com.unity.render-pipelines.core/Runtime/Debugging/DebugUI.cs
 0.1 kb	 0.0% Packages/com.unity.inputsystem/InputSystem/Utilities/DynamicBitfield.cs
 0.1 kb	 0.0% Packages/com.unity.inputsystem/InputSystem/State/InputState.cs
 0.1 kb	 0.0% Packages/com.unity.inputsystem/InputSystem/Plugins/WebGL/WebGLSupport.cs
 0.1 kb	 0.0% Packages/com.unity.inputsystem/InputSystem/Plugins/WebGL/WebGLGamepad.cs
 0.1 kb	 0.0% Packages/com.unity.inputsystem/InputSystem/Plugins/Users/InputUser.cs
 0.1 kb	 0.0% Packages/com.unity.inputsystem/InputSystem/Plugins/Linux/LinuxSupport.cs
 0.1 kb	 0.0% Packages/com.unity.inputsystem/InputSystem/Plugins/EnhancedTouch/Touch.cs
 0.1 kb	 0.0% Packages/com.unity.inputsystem/InputSystem/Plugins/EnhancedTouch/Finger.cs
 0.1 kb	 0.0% Packages/com.unity.inputsystem/InputSystem/InputSettings.cs
 0.1 kb	 0.0% Packages/com.unity.inputsystem/InputSystem/InputMetrics.cs
 0.1 kb	 0.0% Packages/com.unity.inputsystem/InputSystem/InputExtensions.cs
 0.1 kb	 0.0% Packages/com.unity.inputsystem/InputSystem/InputAnalytics.cs
 0.1 kb	 0.0% Packages/com.unity.inputsystem/InputSystem/Events/TextEvent.cs
 0.1 kb	 0.0% Packages/com.unity.inputsystem/InputSystem/Events/StateEvent.cs
 0.1 kb	 0.0% Packages/com.unity.inputsystem/InputSystem/Events/InputEvent.cs
 0.1 kb	 0.0% Packages/com.unity.inputsystem/InputSystem/Events/ActionEvent.cs
 0.1 kb	 0.0% Packages/com.unity.inputsystem/InputSystem/Editor/UITKAssetEditor/Views/Selectors.cs
 0.1 kb	 0.0% Packages/com.unity.inputsystem/InputSystem/Editor/UITKAssetEditor/Views/ContextMenu.cs
 0.1 kb	 0.0% Packages/com.unity.inputsystem/InputSystem/Editor/Internal/GUIHelpers.cs
 0.1 kb	 0.0% Packages/com.unity.inputsystem/InputSystem/Devices/TrackedDevice.cs
 0.1 kb	 0.0% Packages/com.unity.inputsystem/InputSystem/Devices/Remote/InputRemoting.cs
 0.1 kb	 0.0% Packages/com.unity.inputsystem/InputSystem/Devices/Precompiled/FastTouchscreen.cs
 0.1 kb	 0.0% Packages/com.unity.inputsystem/InputSystem/Devices/Precompiled/FastMouse.partial.cs
 0.1 kb	 0.0% Packages/com.unity.inputsystem/InputSystem/Devices/IEventMerger.cs
 0.1 kb	 0.0% Packages/com.unity.inputsystem/InputSystem/Controls/TouchControl.cs
 0.1 kb	 0.0% Packages/com.unity.inputsystem/InputSystem/Controls/StickControl.cs
 0.1 kb	 0.0% Packages/com.unity.inputsystem/InputSystem/Controls/KeyControl.cs
 0.1 kb	 0.0% Packages/com.unity.inputsystem/InputSystem/Controls/InputProcessor.cs
 0.1 kb	 0.0% Packages/com.unity.inputsystem/InputSystem/Controls/InputControlPath.cs
 0.1 kb	 0.0% Packages/com.unity.inputsystem/InputSystem/Controls/DpadControl.cs
 0.1 kb	 0.0% Packages/com.unity.inputsystem/InputSystem/Controls/DeltaControl.cs
 0.1 kb	 0.0% Packages/com.unity.inputsystem/InputSystem/Controls/AxisControl.cs
 0.1 kb	 0.0% Packages/com.unity.inputsystem/InputSystem/Actions/InputActionState.cs
 0.1 kb	 0.0% Packages/com.unity.inputsystem/InputSystem/Actions/InputActionMap.cs
 0.1 kb	 0.0% Packages/com.unity.inputsystem/InputSystem/Actions/InputActionAsset.cs
 0.1 kb	 0.0% Packages/com.unity.collections/Unity.Collections/UnsafeQueue.cs
 0.1 kb	 0.0% Packages/com.unity.collections/Unity.Collections/NativeHashMap.cs
 0.1 kb	 0.0% Packages/com.unity.collections/Unity.Collections/FixedStringFormat.gen.cs
 0.1 kb	 0.0% Packages/com.unity.collections/Unity.Collections/FixedString.gen.cs
 0.1 kb	 0.0% Packages/com.unity.ugui/Runtime/UGUI/UI/Core/SetPropertyUtility.cs
 0.1 kb	 0.0% Packages/com.unity.ugui/Runtime/UGUI/UI/Core/MaterialModifiers/IMaterialModifier.cs
 0.1 kb	 0.0% Packages/com.unity.ugui/Runtime/UGUI/UI/Core/Layout/VerticalLayoutGroup.cs
 0.1 kb	 0.0% Packages/com.unity.ugui/Runtime/UGUI/UI/Core/Layout/ContentSizeFitter.cs
 0.1 kb	 0.0% Packages/com.unity.ugui/Runtime/UGUI/UI/Core/Layout/AspectRatioFitter.cs
 0.1 kb	 0.0% Packages/com.unity.ugui/Runtime/UGUI/UI/Core/FontUpdateTracker.cs
 0.1 kb	 0.0% Packages/com.unity.ugui/Runtime/UGUI/UI/Core/CanvasUpdateRegistry.cs
 0.1 kb	 0.0% Packages/com.unity.ugui/Runtime/UGUI/UI/Core/AnimationTriggers.cs
 0.1 kb	 0.0% Packages/com.unity.ugui/Runtime/UGUI/EventSystem/UIElements/PanelRaycaster.cs
 0.1 kb	 0.0% Packages/com.unity.ugui/Runtime/UGUI/EventSystem/Raycasters/PhysicsRaycaster.cs
 0.1 kb	 0.0% Packages/com.unity.ugui/Runtime/UGUI/EventSystem/Raycasters/BaseRaycaster.cs
 0.1 kb	 0.0% Packages/com.unity.ugui/Runtime/UGUI/EventSystem/RaycasterManager.cs
 0.1 kb	 0.0% Packages/com.unity.ugui/Runtime/UGUI/EventSystem/RaycastResult.cs
 0.1 kb	 0.0% Packages/com.unity.ugui/Runtime/UGUI/EventSystem/InputModules/TouchInputModule.cs
 0.1 kb	 0.0% Packages/com.unity.ugui/Runtime/UGUI/EventSystem/InputModules/BaseInputModule.cs
 0.1 kb	 0.0% Packages/com.unity.ugui/Runtime/UGUI/EventSystem/ExecuteEvents.cs
 0.1 kb	 0.0% Packages/com.unity.ugui/Runtime/UGUI/EventSystem/EventData/PointerEventData.cs
 0.1 kb	 0.0% Packages/com.unity.ugui/Runtime/UGUI/EventSystem/EventData/BaseEventData.cs
 0.1 kb	 0.0% Packages/com.unity.ugui/Runtime/UGUI/EventSystem/EventData/AxisEventData.cs
 0.1 kb	 0.0% Packages/com.unity.ugui/Runtime/TMP/TMP_TextProcessingStack.cs
 0.1 kb	 0.0% Packages/com.unity.ugui/Runtime/TMP/TMP_FontFeaturesCommon.cs
 0.1 kb	 0.0% Packages/com.unity.render-pipelines.core/Runtime/UnifiedRayTracing/Compute/RadeonRays/Scan.cs
 0.1 kb	 0.0% Packages/com.unity.render-pipelines.core/Runtime/Lights/LightAnchor.cs
 0.1 kb	 0.0% Packages/com.unity.render-pipelines.core/Runtime/GPUDriven/Utilities/AABB.cs
 0.1 kb	 0.0% Packages/com.unity.inputsystem/InputSystem/Utilities/FourCC.cs
 0.1 kb	 0.0% Packages/com.unity.inputsystem/InputSystem/Plugins/iOS/iOSSupport.cs
 0.1 kb	 0.0% Packages/com.unity.inputsystem/InputSystem/Plugins/XR/XRSupport.cs
 0.1 kb	 0.0% Packages/com.unity.inputsystem/InputSystem/Plugins/XR/GenericXRDevice.cs
 0.1 kb	 0.0% Packages/com.unity.inputsystem/InputSystem/Plugins/XR/Devices/WindowsMR.cs
 0.1 kb	 0.0% Packages/com.unity.inputsystem/InputSystem/Plugins/UI/PointerModel.cs
 0.1 kb	 0.0% Packages/com.unity.inputsystem/InputSystem/Plugins/OSX/OSXSupport.cs
 0.1 kb	 0.0% Packages/com.unity.inputsystem/InputSystem/Plugins/HID/HIDSupport.cs
 0.1 kb	 0.0% Packages/com.unity.inputsystem/InputSystem/Plugins/HID/HIDParser.cs
 0.1 kb	 0.0% Packages/com.unity.collections/Unity.Collections/xxHash3.StreamingState.cs
 0.1 kb	 0.0% Packages/com.unity.collections/Unity.Collections/NativeSort.cs
 0.1 kb	 0.0% Packages/com.unity.collections/Unity.Collections/NativeBitArray.cs
 0.1 kb	 0.0% Packages/com.unity.collections/Unity.Collections/ListExtensions.cs
 0.1 kb	 0.0% Packages/com.unity.collections/Unity.Collections/Jobs/IJobParallelForDefer.cs
 0.1 kb	 0.0% Packages/com.unity.collections/Unity.Collections/Jobs/IJobParallelForBatch.cs
 0.1 kb	 0.0% Packages/com.unity.collections/Unity.Collections/FixedStringUtils.cs
 0.1 kb	 0.0% Packages/com.unity.collections/Unity.Collections/DataStreamWriter.cs
 0.1 kb	 0.0% Packages/com.unity.collections/Unity.Collections/DataStreamReader.cs
 0.1 kb	 0.0% Packages/com.unity.collections/Unity.Collections/ConcurrentMask.cs
 0.1 kb	 0.0% Packages/com.unity.collections/Unity.Collections/CollectionHelper.cs
 0.1 kb	 0.0% Packages/com.unity.collections/Unity.Collections/AllocatorManager.cs
 0.1 kb	 0.0% Packages/com.unity.burst/Runtime/SafeStringArrayHelper.cs
 0.1 kb	 0.0% Packages/com.unity.burst/Runtime/Editor/BurstEditorOptions.cs
 0.1 kb	 0.0% Packages/com.unity.burst/Runtime/Editor/BurstCompileTarget.cs
 0.1 kb	 0.0% Packages/com.unity.burst/Runtime/Editor/BurstAssemblyDisable.cs
 0.1 kb	 0.0% Packages/com.unity.burst/Runtime/BurstCompileAttribute.cs
 0.1 kb	 0.0% Assets/_Project/Unity/RewardedAdsSettings.cs
 0.1 kb	 0.0% Assets/_Project/Core/Config/ConfigValidator.cs
 0.1 kb	 0.0% Packages/com.unity.ugui/Runtime/TMP/TMPro_EventManager.cs
 0.1 kb	 0.0% Packages/com.unity.ugui/Runtime/TMP/TMP_UpdateRegistery.cs
 0.1 kb	 0.0% Packages/com.unity.ugui/Runtime/TMP/TMP_UpdateManager.cs
 0.1 kb	 0.0% Packages/com.unity.ugui/Runtime/TMP/TMP_TextUtilities.cs
 0.1 kb	 0.0% Packages/com.unity.ugui/Runtime/TMP/TMP_TextProcessingCommon.cs
 0.1 kb	 0.0% Packages/com.unity.ugui/Runtime/TMP/TMP_SpriteCharacter.cs
 0.1 kb	 0.0% Packages/com.unity.ugui/Runtime/TMP/TMP_SpriteAnimator.cs
 0.1 kb	 0.0% Packages/com.unity.ugui/Runtime/TMP/TMP_SelectionCaret.cs
 0.1 kb	 0.0% Packages/com.unity.ugui/Runtime/TMP/TMP_ResourcesManager.cs
 0.1 kb	 0.0% Packages/com.unity.ugui/Runtime/TMP/TMP_MaterialManager.cs
 0.1 kb	 0.0% Packages/com.unity.ugui/Runtime/TMP/TMP_InputValidator.cs
 0.1 kb	 0.0% Packages/com.unity.ugui/Runtime/TMP/TMP_FontFeatureTable.cs
 0.1 kb	 0.0% Packages/com.unity.ugui/Runtime/TMP/TMP_DefaultControls.cs
 0.1 kb	 0.0% Packages/com.unity.ugui/Runtime/TMP/TMP_Compatibility.cs
 0.1 kb	 0.0% Packages/com.unity.ugui/Runtime/TMP/TMP_ColorGradient.cs
 0.1 kb	 0.0% Packages/com.unity.ugui/Runtime/TMP/TMP_CharacterInfo.cs
 0.1 kb	 0.0% Packages/com.unity.ugui/Runtime/TMP/ITextPreProcessor.cs
 0.1 kb	 0.0% Packages/com.unity.ugui/Runtime/TMP/FontFeatureCommonGPOS.cs
 0.1 kb	 0.0% Packages/com.unity.ugui/Runtime/InternalBridge/TMPHelpURL.cs
 0.1 kb	 0.0% Packages/com.unity.render-pipelines.core/Runtime/Vrs/Vrs.cs
 0.1 kb	 0.0% Packages/com.unity.render-pipelines.core/Runtime/STP/STP.cs
 0.1 kb	 0.0% Packages/com.unity.inputsystem/InputSystem/Plugins/PlayerInput/PlayerInput.cs
 0.1 kb	 0.0% Packages/com.unity.inputsystem/InputSystem/Plugins/PlayerInput/InputValue.cs
 0.1 kb	 0.0% Packages/com.unity.inputsystem/InputSystem/InputSystem.cs
 0.1 kb	 0.0% Packages/com.unity.inputsystem/InputSystem/InputManager.cs
 0.1 kb	 0.0% Packages/com.unity.inputsystem/InputSystem/Editor/UITKAssetEditor/Commands/Commands.cs
 0.1 kb	 0.0% Packages/com.unity.inputsystem/InputSystem/Editor/Dialog.cs
 0.1 kb	 0.0% Packages/com.unity.inputsystem/InputSystem/Devices/Touchscreen.cs
 0.1 kb	 0.0% Packages/com.unity.inputsystem/InputSystem/Devices/Precompiled/FastMouse.cs
 0.1 kb	 0.0% Packages/com.unity.inputsystem/InputSystem/Devices/Precompiled/FastKeyboard.cs
 0.1 kb	 0.0% Packages/com.unity.inputsystem/InputSystem/Devices/InputDevice.cs
 0.1 kb	 0.0% Packages/com.unity.inputsystem/InputSystem/Devices/Haptics/IHaptics.cs
 0.1 kb	 0.0% Packages/com.unity.inputsystem/InputSystem/Controls/InputControl.cs
 0.1 kb	 0.0% Packages/com.unity.inputsystem/InputSystem/Controls/CommonUsages.cs
 0.1 kb	 0.0% Packages/com.unity.inputsystem/InputSystem/AssemblyInfo.cs
 0.1 kb	 0.0% Packages/com.unity.inputsystem/InputSystem/Actions/InputBinding.cs
 0.1 kb	 0.0% Packages/com.unity.inputsystem/InputSystem/Actions/InputAction.cs
 0.1 kb	 0.0% Packages/com.unity.collections/Unity.Collections/NativeText.gen.cs
 0.1 kb	 0.0% Packages/com.unity.collections/Unity.Collections/FixedList.gen.cs
 0.1 kb	 0.0% Assets/_Project/Core/Match/UpgradeService.cs
 0.1 kb	 0.0% Assets/_Project/Core/Match/TargetingSystem.cs
 0.1 kb	 0.0% Assets/_Project/Core/Match/RewardedRecovery.cs
 0.1 kb	 0.0% Assets/_Project/Core/Match/MatchController.cs
 0.1 kb	 0.0% Assets/_Project/Core/Match/EconomyService.cs
 0.1 kb	 0.0% Assets/_Project/Core/Match/CombatResolver.cs
 0.1 kb	 0.0% Assets/_Project/Core/Match/AbilityEngine.cs
 0.1 kb	 0.0% Assets/_Project/Core/Config/ConfigModel.cs
 0.1 kb	 0.0% Packages/com.unity.ugui/Runtime/UGUI/UI/Core/VertexModifiers/PositionAsUV1.cs
 0.1 kb	 0.0% Packages/com.unity.ugui/Runtime/UGUI/UI/Core/VertexModifiers/IMeshModifier.cs
 0.1 kb	 0.0% Packages/com.unity.ugui/Runtime/UGUI/UI/Core/VertexModifiers/BaseMeshEffect.cs
 0.1 kb	 0.0% Packages/com.unity.ugui/Runtime/UGUI/UI/Core/StencilMaterial.cs
 0.1 kb	 0.0% Packages/com.unity.ugui/Runtime/UGUI/UI/Core/RaycastReceiver.cs
 0.1 kb	 0.0% Packages/com.unity.ugui/Runtime/UGUI/UI/Core/MaskableGraphic.cs
 0.1 kb	 0.0% Packages/com.unity.ugui/Runtime/UGUI/UI/Core/MaskUtilities.cs
 0.1 kb	 0.0% Packages/com.unity.ugui/Runtime/UGUI/UI/Core/Layout/LayoutUtility.cs
 0.1 kb	 0.0% Packages/com.unity.ugui/Runtime/UGUI/UI/Core/Layout/LayoutRebuilder.cs
 0.1 kb	 0.0% Packages/com.unity.ugui/Runtime/UGUI/UI/Core/Layout/LayoutElement.cs
 0.1 kb	 0.0% Packages/com.unity.ugui/Runtime/UGUI/UI/Core/Layout/ILayoutElement.cs
 0.1 kb	 0.0% Packages/com.unity.ugui/Runtime/UGUI/UI/Core/Layout/GridLayoutGroup.cs
 0.1 kb	 0.0% Packages/com.unity.ugui/Runtime/UGUI/UI/Core/GraphicRegistry.cs
 0.1 kb	 0.0% Packages/com.unity.ugui/Runtime/UGUI/UI/Core/GraphicRaycaster.cs
 0.1 kb	 0.0% Packages/com.unity.ugui/Runtime/UGUI/UI/Core/DefaultControls.cs
 0.1 kb	 0.0% Packages/com.unity.ugui/Runtime/UGUI/UI/Core/Culling/ClipperRegistry.cs
 0.1 kb	 0.0% Packages/com.unity.ugui/Runtime/UGUI/EventSystem/UIBehaviour.cs
 0.1 kb	 0.0% Packages/com.unity.ugui/Runtime/UGUI/EventSystem/InputModules/BaseInput.cs
 0.1 kb	 0.0% Packages/com.unity.ugui/Runtime/UGUI/EventSystem/EventTrigger.cs
 0.1 kb	 0.0% Packages/com.unity.ugui/Runtime/UGUI/EventSystem/EventSystem.cs
 0.1 kb	 0.0% Packages/com.unity.ugui/Runtime/TMP/TMPro_MeshUtilities.cs
 0.1 kb	 0.0% Packages/com.unity.ugui/Runtime/TMP/TMP_ShaderUtilities.cs
 0.1 kb	 0.0% Packages/com.unity.ugui/Runtime/TMP/TMP_RichTextTagsCommon.cs
 0.1 kb	 0.0% Packages/com.unity.ugui/Runtime/TMP/TMP_FontAssetCommon.cs
 0.1 kb	 0.0% Packages/com.unity.inputsystem/InputSystem/Plugins/XR/Devices/Oculus.cs
 0.1 kb	 0.0% Packages/com.unity.collections/Unity.Collections/UIntFloat.cs
 0.1 kb	 0.0% Packages/com.unity.collections/Unity.Collections/NativeStream.cs
 0.1 kb	 0.0% Packages/com.unity.collections/Unity.Collections/Jobs/EarlyInitHelpers.cs
 0.1 kb	 0.0% Packages/com.unity.burst/Runtime/Intrinsics/SimdDebugViews.cs
 0.1 kb	 0.0% Packages/com.unity.burst/Runtime/Editor/BurstReflection.cs
 0.1 kb	 0.0% Packages/com.unity.burst/Runtime/BurstCompilerOptions.cs
 0.1 kb	 0.0% Assets/_Project/Unity/AdMobRewardedAds.cs
 0.1 kb	 0.0% Assets/_Project/Core/Config/ConfigMapper.cs
 0.1 kb	 0.0% Packages/com.unity.ugui/Runtime/TMP/TextMeshProUGUI.cs
 0.1 kb	 0.0% Packages/com.unity.ugui/Runtime/TMP/TextContainer.cs
 0.1 kb	 0.0% Packages/com.unity.ugui/Runtime/TMP/TMP_TextElement.cs
 0.1 kb	 0.0% Packages/com.unity.ugui/Runtime/TMP/TMP_SubMeshUI.cs
 0.1 kb	 0.0% Packages/com.unity.ugui/Runtime/TMP/TMP_StyleSheet.cs
 0.1 kb	 0.0% Packages/com.unity.ugui/Runtime/TMP/TMP_SpriteGlyph.cs
 0.1 kb	 0.0% Packages/com.unity.ugui/Runtime/TMP/TMP_SpriteAsset.cs
 0.1 kb	 0.0% Packages/com.unity.ugui/Runtime/TMP/TMP_InputField.cs
 0.1 kb	 0.0% Packages/com.unity.ugui/Runtime/TMP/TMP_FontAsset.cs
 0.1 kb	 0.0% Packages/com.unity.ugui/Runtime/TMP/TMP_CoroutineTween.cs
 0.1 kb	 0.0% Packages/com.unity.ugui/Runtime/TMP/TMP_Character.cs
 0.1 kb	 0.0% Packages/com.unity.render-pipelines.universal/Shaders/Shaders.cs
 0.1 kb	 0.0% Packages/com.unity.inputsystem/InputSystem/Plugins/XR/Devices/GoogleVR.cs
 0.1 kb	 0.0% Packages/com.unity.inputsystem/InputSystem/Editor/DownloadableSample.cs
 0.1 kb	 0.0% Packages/com.unity.inputsystem/InputSystem/Devices/Sensor.cs
 0.1 kb	 0.0% Packages/com.unity.inputsystem/InputSystem/Devices/Pointer.cs
 0.1 kb	 0.0% Packages/com.unity.inputsystem/InputSystem/Devices/Mouse.cs
 0.1 kb	 0.0% Packages/com.unity.inputsystem/InputSystem/Devices/Keyboard.cs
 0.1 kb	 0.0% Packages/com.unity.inputsystem/InputSystem/Devices/Joystick.cs
 0.1 kb	 0.0% Packages/com.unity.inputsystem/InputSystem/Devices/Gamepad.cs
 0.1 kb	 0.0% Packages/com.unity.collections/Unity.Collections/xxHash3.AVX2.cs
 0.1 kb	 0.0% Packages/com.unity.burst/Runtime/Intrinsics/Arm/NEON_AArch64_rdma.cs
 0.1 kb	 0.0% Packages/com.unity.burst/Runtime/Intrinsics/Arm/NEON_AArch64_dotprod.cs
 0.1 kb	 0.0% Packages/com.unity.burst/Runtime/Intrinsics/Arm/NEON_AArch64_crypto.cs
 0.1 kb	 0.0% Assets/_Project/Core/Match/WaveSpawner.cs
 0.1 kb	 0.0% Assets/_Project/Core/Match/SlowStack.cs
 0.1 kb	 0.0% Assets/_Project/Core/Match/SlotManager.cs
 0.1 kb	 0.0% Assets/_Project/Core/Match/GoalHealth.cs
 0.1 kb	 0.0% Assets/_Project/Core/Match/EnemyPath.cs
 0.1 kb	 0.0% Assets/_Project/Core/Match/DamageSystem.cs
 0.1 kb	 0.0% Assets/_Project/Core/Match/AttackPlan.cs
 0.1 kb	 0.0% Assets/_Project/Core/Json/JsonValue.cs
 0.1 kb	 0.0% Assets/_Project/Core/Json/JsonParser.cs
 0.1 kb	 0.0% Packages/com.unity.ugui/Runtime/UGUI/UI/Core/Utility/VertexHelper.cs
 0.1 kb	 0.0% Packages/com.unity.ugui/Runtime/UGUI/UI/Core/ToggleGroup.cs
 0.1 kb	 0.0% Packages/com.unity.ugui/Runtime/UGUI/UI/Core/SpriteState.cs
 0.1 kb	 0.0% Packages/com.unity.ugui/Runtime/UGUI/UI/Core/Selectable.cs
 0.1 kb	 0.0% Packages/com.unity.ugui/Runtime/UGUI/UI/Core/Scrollbar.cs
 0.1 kb	 0.0% Packages/com.unity.ugui/Runtime/UGUI/UI/Core/ScrollRect.cs
 0.1 kb	 0.0% Packages/com.unity.ugui/Runtime/UGUI/UI/Core/RectMask2D.cs
 0.1 kb	 0.0% Packages/com.unity.ugui/Runtime/UGUI/UI/Core/Navigation.cs
 0.1 kb	 0.0% Packages/com.unity.ugui/Runtime/UGUI/UI/Core/Layout/LayoutGroup.cs
 0.1 kb	 0.0% Packages/com.unity.ugui/Runtime/UGUI/UI/Core/Layout/CanvasScaler.cs
 0.1 kb	 0.0% Packages/com.unity.ugui/Runtime/UGUI/UI/Core/InputField.cs
 0.1 kb	 0.0% Packages/com.unity.ugui/Runtime/UGUI/UI/Core/IMaskable.cs
 0.1 kb	 0.0% Packages/com.unity.ugui/Runtime/UGUI/UI/Core/ColorBlock.cs
 0.1 kb	 0.0% Packages/com.unity.inputsystem/InputSystem/Plugins/XR/Devices/OpenVR.cs
 0.1 kb	 0.0% Packages/com.unity.inputsystem/InputSystem/Plugins/HID/HID.cs
 0.1 kb	 0.0% Packages/com.unity.collections/Unity.Collections/xxHash3.cs
 0.1 kb	 0.0% Packages/com.unity.collections/Unity.Collections/Unicode.cs
 0.1 kb	 0.0% Packages/com.unity.collections/Unity.Collections/Memory.cs
 0.1 kb	 0.0% Packages/com.unity.collections/Unity.Collections/Jobs/IJobFilter.cs
 0.1 kb	 0.0% Packages/com.unity.collections/Unity.Collections/BitField.cs
 0.1 kb	 0.0% Packages/com.unity.burst/Runtime/NoAliasAttribute.cs
 0.1 kb	 0.0% Packages/com.unity.burst/Runtime/FunctionPointer.cs
 0.1 kb	 0.0% Packages/com.unity.burst/Runtime/Editor/BurstLoader.cs
 0.1 kb	 0.0% Packages/com.unity.burst/Runtime/CompilerServices/Constant.cs
 0.1 kb	 0.0% Packages/com.unity.burst/Runtime/CompilerServices/Aliasing.cs
 0.1 kb	 0.0% Packages/com.unity.burst/Runtime/BurstString.Float.cs
 0.1 kb	 0.0% Packages/com.unity.burst/Runtime/BurstCompiler.cs
 0.1 kb	 0.0% Assets/_Project/Unity/MatchView.cs
 0.1 kb	 0.0% Assets/_Project/Unity/MapSelect.cs
 0.1 kb	 0.0% Assets/_Project/Unity/MapProgress.cs
 0.1 kb	 0.0% Assets/_Project/Unity/BakedConfig.cs
 0.1 kb	 0.0% Assets/_Project/Unity/AudioService.cs
 0.1 kb	 0.0% Packages/com.unity.ugui/Runtime/UGUI/UI/Core/Culling/IClipRegion.cs
 0.1 kb	 0.0% Packages/com.unity.ugui/Runtime/TMP/TextMeshPro.cs
 0.1 kb	 0.0% Packages/com.unity.ugui/Runtime/TMP/TMP_TextInfo.cs
 0.1 kb	 0.0% Packages/com.unity.ugui/Runtime/TMP/TMP_SubMesh.cs
 0.1 kb	 0.0% Packages/com.unity.ugui/Runtime/TMP/TMP_Style.cs
 0.1 kb	 0.0% Packages/com.unity.ugui/Runtime/TMP/TMP_Sprite.cs
 0.1 kb	 0.0% Packages/com.unity.ugui/Runtime/TMP/TMP_Settings.cs
 0.1 kb	 0.0% Packages/com.unity.ugui/Runtime/TMP/TMP_MeshInfo.cs
 0.1 kb	 0.0% Packages/com.unity.ugui/Runtime/TMP/TMP_LineInfo.cs
 0.1 kb	 0.0% Packages/com.unity.ugui/Runtime/TMP/TMP_Dropdown.cs
 0.1 kb	 0.0% Packages/com.unity.ugui/Runtime/TMP/TMP_Asset.cs
 0.1 kb	 0.0% Packages/com.unity.ugui/Runtime/TMP/FastAction.cs
 0.1 kb	 0.0% Packages/com.unity.inputsystem/InputSystem/Devices/Pen.cs
 0.1 kb	 0.0% Packages/com.unity.burst/Runtime/Intrinsics/Common.cs
 0.1 kb	 0.0% Packages/com.unity.burst/Runtime/Intrinsics/Arm/NEON_ctor.cs
 0.1 kb	 0.0% Packages/com.unity.burst/Runtime/Intrinsics/Arm/NEON_AArch64.cs
 0.1 kb	 0.0% Assets/_Project/Core/Match/Enemy.cs
 0.1 kb	 0.0% Packages/com.unity.ugui/Runtime/UGUI/UI/Core/VertexModifiers/Shadow.cs
 0.1 kb	 0.0% Packages/com.unity.ugui/Runtime/UGUI/UI/Core/VertexModifiers/Outline.cs
 0.1 kb	 0.0% Packages/com.unity.ugui/Runtime/UGUI/UI/Core/Toggle.cs
 0.1 kb	 0.0% Packages/com.unity.ugui/Runtime/UGUI/UI/Core/Slider.cs
 0.1 kb	 0.0% Packages/com.unity.ugui/Runtime/UGUI/UI/Core/RawImage.cs
 0.1 kb	 0.0% Packages/com.unity.ugui/Runtime/UGUI/UI/Core/Image.cs
 0.1 kb	 0.0% Packages/com.unity.ugui/Runtime/UGUI/UI/Core/IMask.cs
 0.1 kb	 0.0% Packages/com.unity.ugui/Runtime/UGUI/UI/Core/Graphic.cs
 0.1 kb	 0.0% Packages/com.unity.ugui/Runtime/UGUI/UI/Core/FontData.cs
 0.1 kb	 0.0% Packages/com.unity.ugui/Runtime/UGUI/UI/Core/Dropdown.cs
 0.1 kb	 0.0% Packages/com.unity.ugui/Runtime/UGUI/UI/Core/Culling/Clipping.cs
 0.1 kb	 0.0% Packages/com.unity.ugui/Runtime/UGUI/UI/Core/Button.cs
 0.1 kb	 0.0% Packages/com.unity.burst/Runtime/SharedStatic.cs
 0.1 kb	 0.0% Packages/com.unity.burst/Runtime/Intrinsics/x86/Ssse3.cs
 0.1 kb	 0.0% Packages/com.unity.burst/Runtime/Intrinsics/x86/Sse4_2.cs
 0.1 kb	 0.0% Packages/com.unity.burst/Runtime/Intrinsics/x86/Sse4_1.cs
 0.1 kb	 0.0% Packages/com.unity.burst/Runtime/Intrinsics/x86/Popcnt.cs
 0.1 kb	 0.0% Packages/com.unity.burst/Runtime/Intrinsics/x86/Common.cs
 0.1 kb	 0.0% Packages/com.unity.burst/Runtime/CompilerServices/Hint.cs
 0.1 kb	 0.0% Packages/com.unity.burst/Runtime/BurstString.cs
 0.1 kb	 0.0% Packages/com.unity.burst/Runtime/BurstRuntime.cs
 0.1 kb	 0.0% Assets/_Project/Unity/Pitch.cs
 0.1 kb	 0.0% Assets/_Project/Unity/PerfHud.cs
 0.1 kb	 0.0% Assets/_Project/Unity/Icons.cs
 0.1 kb	 0.0% Packages/com.unity.ugui/Runtime/TMP/TMP_Text.cs
 0.1 kb	 0.0% Packages/com.unity.inputsystem/InputSystem/Plugins/UI/UISupport.cs
 0.1 kb	 0.0% Packages/com.unity.burst/Runtime/Intrinsics/x86/Sse3.cs
 0.1 kb	 0.0% Packages/com.unity.burst/Runtime/Intrinsics/x86/Sse2.cs
 0.1 kb	 0.0% Packages/com.unity.burst/Runtime/Intrinsics/x86/Sse.cs
 0.1 kb	 0.0% Packages/com.unity.burst/Runtime/Intrinsics/x86/Fma.cs
 0.1 kb	 0.0% Packages/com.unity.burst/Runtime/Intrinsics/x86/F16C.cs
 0.1 kb	 0.0% Packages/com.unity.burst/Runtime/Intrinsics/x86/Csr.cs
 0.1 kb	 0.0% Packages/com.unity.burst/Runtime/Intrinsics/x86/Bmi2.cs
 0.1 kb	 0.0% Packages/com.unity.burst/Runtime/Intrinsics/x86/Bmi1.cs
 0.1 kb	 0.0% Packages/com.unity.burst/Runtime/Intrinsics/x86/Avx2.cs
 0.1 kb	 0.0% Packages/com.unity.burst/Runtime/Intrinsics/x86/Avx.cs
 0.1 kb	 0.0% Packages/com.unity.burst/Runtime/Intrinsics/v64.cs
 0.1 kb	 0.0% Packages/com.unity.burst/Runtime/Intrinsics/v256.cs
 0.1 kb	 0.0% Packages/com.unity.burst/Runtime/Intrinsics/v128.cs
 0.1 kb	 0.0% Packages/com.unity.burst/Runtime/Intrinsics/Arm/NEON.cs
 0.1 kb	 0.0% Assets/_Project/Core/Match/Vec2.cs
 0.1 kb	 0.0% Packages/com.unity.ugui/Runtime/UGUI/UI/Core/Text.cs
 0.1 kb	 0.0% Packages/com.unity.ugui/Runtime/UGUI/UI/Core/Misc.cs
 0.1 kb	 0.0% Packages/com.unity.ugui/Runtime/UGUI/UI/Core/Mask.cs
 0.1 kb	 0.0% Assets/_Project/Unity/Hud.cs
 0.1 kb	 0.0% Assets/_Project/Unity/Draw.cs
 0.1 kb	 0.0% Assets/_Project/Resources/RewardedAdsSettings.asset
 0.1 kb	 0.0% Assets/Resources/PerformanceTestRunSettings.json
-------------------------------------------------------------------------------
Unloading 51 Unused Serialized files (Serialized files now loaded: 0)
Unloading 352 unused Assets / (1.8 MB). Loaded Objects now: 4748.
Memory consumption went from 271.9 MB to 270.0 MB.
Total: 41.042542 ms (FindLiveObjects: 5.531834 ms CreateObjectMapping: 0.403375 ms MarkObjects: 27.949375 ms  DeleteObjects: 7.157583 ms)

Build Finished, Result: Success.
##utp:{"success":true,"type":"PlayerBuildInfo","version":2,"phase":"Immediate","time":1790231669775,"processId":69506,"steps":[{"description":"Preprocess Player","duration":266},{"description":"Prepare For Build","duration":7},{"description":"ProducePlayerScriptAssemblies","duration":815},{"description":"Verify Build setup","duration":94},{"description":"Prepare assets for target platform","duration":266},{"description":"Prepare splash screen","duration":1},{"description":"Build scripts DLLs","duration":10},{"description":"Building scenes","duration":204},{"description":"Build GlobalGameManagers file","duration":104},{"description":"Writing asset files","duration":707},{"description":"Building Resources/unity_builtin_extra","duration":60},{"description":"Write data build dirty tracking information","duration":33},{"description":"Postprocess built player","duration":7163}],"duration":9730}
Unloading 0 Unused Serialized files (Serialized files now loaded: 0)
Loaded scene 'Temp/__Backupscenes/0.backup'
	Deserialize:            0.783 ms
	Integration:            233.603 ms
	Integration of assets:  0.002 ms
	Thread Wait Time:       0.002 ms
	Total Operation Time:   234.390 ms
Unloading 0 unused Assets / (17.6 MB). Loaded Objects now: 4743.
Memory consumption went from 266.5 MB to 248.9 MB.
Total: 6.419375 ms (FindLiveObjects: 0.169083 ms CreateObjectMapping: 0.235292 ms MarkObjects: 5.948666 ms  DeleteObjects: 0.065833 ms)

Launching external process: /Applications/Unity/Hub/Editor/6000.5.4f1/Unity.app/Contents/Resources/Scripting/il2cpp/build/deploy/Analytics
[BuildScript] OK — 1258 MB, 11s → ../ios-build
UnityEngine.Debug:ExtractStackTraceNoAlloc (byte*,int,string)
UnityEngine.StackTraceUtility:ExtractStackTrace () (at /Users/bokken/build/output/unity/unity/Runtime/Export/Scripting/StackTrace.cs:35)
UnityEngine.DebugLogHandler:Internal_Log (UnityEngine.LogType,UnityEngine.LogOption,string,UnityEngine.Object)
UnityEngine.DebugLogHandler:LogFormat (UnityEngine.LogType,UnityEngine.Object,string,object[])
UnityEngine.Logger:Log (UnityEngine.LogType,object)
UnityEngine.Debug:Log (object)
LaMuralla.EditorTools.BuildScript:BuildIOS (UnityEditor.BuildOptions) (at Assets/_Project/Editor/BuildScript.cs:66)
LaMuralla.EditorTools.BuildScript:BuildIOS () (at Assets/_Project/Editor/BuildScript.cs:27)

(Filename: Assets/_Project/Editor/BuildScript.cs Line: 66)

MonoPathRemapper: Attempts to remap: 81052; Successful remaps: 6176
Thread 0x16b1df000 may have been prematurely finalized
Serialized file version minimum: 23, current 23
Thread 0x16bd5b000 may have been prematurely finalized
Input System module state changed to: ShutdownInProgress.
Input Polling Thread exited.
Input System module state changed to: Shutdown.
Shutting down MSBuild server...
Shutting down VB/C# compiler server...
[Physics::Module] Cleanup current backend.
[Physics::Module] Id: 0xf2b8ea05
[Licensing::IpcConnector] LicenseClient-tuantu-6000.5.4-notifications channel disconnected successfully.
[Licensing::IpcConnector] LicenseClient-tuantu-6000.5.4 channel disconnected successfully.
Thread 0x17bf1f000 may have been prematurely finalized
Thread 0x17be07000 may have been prematurely finalized
Thread 0x17bfab000 may have been prematurely finalized
Thread 0x17c037000 may have been prematurely finalized
Thread 0x17be93000 may have been prematurely finalized
Thread 0x17c14f000 may have been prematurely finalized
Thread 0x17c1db000 may have been prematurely finalized
Thread 0x17c267000 may have been prematurely finalized
Thread 0x17c0c3000 may have been prematurely finalized
AcceleratorClientConnectionCallback - disconnected - :0
Thread 0x17d917000 may have been prematurely finalized
Cleanup mono
CodeReloadManager destroyed
info: Microsoft.Hosting.Lifetime[0]
      Application is shutting down...
info: Unity.ILPP.Runner.PostProcessingAssemblyLoadContext[0]
      ALC ILPP context 2 is unloading
VB/C# compiler server shut down successfully.
debugger-agent: Unable to listen on 45
[usbmuxd] Stop listen thread
[usbmuxd] Error: 
[usbmuxd] Listen thread exiting
