Unity Editor version:    6000.5.4f1 (d550df8bd089)
Branch:                  6000.5/staging
Build type:              Release
Batch mode:              YES
macOS version:           Version 15.2 (Build 24C101)
Darwin version:          24.2.0
Architecture:            arm64
Running under Rosetta:   NO
Available memory:        16384 MB
Date:                    2026-08-24T02:39:57Z
[Licensing::Module] Trying to connect to existing licensing client channel...
[Licensing::IpcConnector] Channel LicenseClient-tuantu doesn't exist
Launching external process: /Applications/Unity/Hub/Editor/6000.5.4f1/Unity.app/Contents/Helpers/UnityLicensingClient.app/Contents/MacOS/Unity.Licensing.Client
[Licensing::Module] Successfully launched the LicensingClient (PId: 9290)
Launching external process: /Applications/Unity/Hub/Editor/6000.5.4f1/Unity.app/Contents/Helpers/PackageManager/Server/UnityPackageManager

COMMAND LINE ARGUMENTS:
/Applications/Unity/Hub/Editor/6000.5.4f1/Unity.app/Contents/MacOS/Unity
-projectPath
/Users/tuantu/Desktop/dev/AI/mobile/game_df/LaMuralla
-batchmode
-quit
-executeMethod
LaMuralla.EditorTools.BuildScript.BuildIOS
-logFile
/Users/tuantu/Desktop/dev/AI/mobile/game_df/ios-build-unity.log
Successfully changed project path to: /Users/tuantu/Desktop/dev/AI/mobile/game_df/LaMuralla
/Users/tuantu/Desktop/dev/AI/mobile/game_df/LaMuralla
[UnityMemory] Configuration Parameters - Can be set up in boot.config
    "memorysetup-temp-allocator-size-gi-baking-worker=262144"
    "memorysetup-temp-allocator-size-gi-baking-worker=262144"
    "memorysetup-temp-allocator-size-gi-baking-worker=262144"
    "memorysetup-temp-allocator-size-gi-baking-worker=262144"
    "memorysetup-temp-allocator-size-gi-baking-worker=262144"
    "memorysetup-temp-allocator-size-nav-mesh-worker=65536"
    "memorysetup-temp-allocator-size-audio-worker=65536"
    "memorysetup-temp-allocator-size-cloud-worker=32768"
    "memorysetup-allocator-temp-initial-block-size-main=262144"
    "memorysetup-allocator-temp-initial-block-size-worker=262144"
    "memorysetup-temp-allocator-size-preload-manager=33554432"
    "memorysetup-temp-allocator-size-gfx=262144"
    "memorysetup-temp-allocator-size-background-worker=32768"
    "memorysetup-temp-allocator-size-job-worker=262144"
    "memorysetup-bucket-allocator-granularity=16"
    "memorysetup-bucket-allocator-bucket-count=8"
    "memorysetup-bucket-allocator-block-size=33554432"
    "memorysetup-bucket-allocator-block-count=8"
    "memorysetup-main-allocator-block-size=16777216"
    "memorysetup-thread-allocator-block-size=16777216"
    "memorysetup-main-allocator-mimalloc-enabled=0"
    "memorysetup-gfx-main-allocator-block-size=16777216"
    "memorysetup-gfx-thread-allocator-block-size=16777216"
    "memorysetup-cache-allocator-block-size=4194304"
    "memorysetup-typetree-allocator-block-size=2097152"
    "memorysetup-profiler-bucket-allocator-granularity=16"
    "memorysetup-profiler-bucket-allocator-bucket-count=8"
    "memorysetup-profiler-bucket-allocator-block-size=33554432"
    "memorysetup-profiler-bucket-allocator-block-count=8"
    "memorysetup-profiler-allocator-block-size=16777216"
    "memorysetup-profiler-editor-allocator-block-size=1048576"
    "memorysetup-temp-allocator-size-main=16777216"
    "memorysetup-job-temp-allocator-block-size=2097152"
    "memorysetup-job-temp-allocator-block-size-background=1048576"
    "memorysetup-job-temp-allocator-reduction-small-platforms=262144"
Logging is directed to a specific file, skipping project log.Player connection [8362099264]  Target information:

Player connection [8362099264]  * "[IP] 192.168.1.12 [Port] 55504 [Flags] 2 [Guid] 1602416206 [EditorId] 1602416206 [Version] 1048832 [Id] OSXEditor(0,Mac-mini-cua-Le.local) [Debug] 1 [PackageName] OSXEditor [ProjectName] Editor" 

Player connection [8362099264]  * "[IP] 169.254.78.200 [Port] 55504 [Flags] 2 [Guid] 1602416206 [EditorId] 1602416206 [Version] 1048832 [Id] OSXEditor(0,Mac-mini-cua-Le.local) [Debug] 1 [PackageName] OSXEditor [ProjectName] Editor" 

Player connection [8362099264] Host joined multi-casting on [225.0.0.222:54997]...
Player connection [8362099264] Host joined alternative multi-casting on [225.0.0.222:34997]...
Input System module state changed to: Initialized.
[Physics::Module] Initialized fallback backend.
[Physics::Module] Id: 0xdecafbad
[Licensing::IpcConnector] Successfully connected to: "LicenseClient-tuantu" at "2026-08-24T02:39:57.768062Z"
[Package Manager] Connected to IPC stream "Upm-9273" after 0.1 seconds.
[Licensing::Module] Licensing is not yet initialized.
[Licensing::Client] Handshaking with LicensingClient:
  Version:                 1.18.1+9fbee8e
  Session Id:              1ab781efa8a34283b8996dc9587ddc0f
  Correlation Id:          d46ee29505d1b0985e19849ab74dbaf8
  External correlation Id: 7906300442561735322
  Machine Id:              tZ6ndV0Sv7z2pvARXWdt0M81v+k=
[Licensing::Module] Successfully connected to LicensingClient on channel: "LicenseClient-tuantu" (connect: 0.17s, validation: 0.02s, handshake: 0.16s)
[Licensing::IpcConnector] Successfully connected to: "LicenseClient-tuantu-notifications" at "2026-08-24T02:39:57.94018Z"
[Licensing::Module] Connected to LicensingClient (PId: 9290, launch time: 0.00, total connection time: 0.34s)
[Licensing::Module] Error: Access token is unavailable; failed to update
[Licensing::Client] Successfully resolved entitlement details
[Licensing::Module] License group:
  Id: 18968467365468-UnityPersXXXX
  Product: Unity Personal
  Type: Assigned
  Expiration: Unlimited
[Licensing::Client] Successfully updated license, isAsync: True, time: 0.00
[Licensing::Client] Successfully resolved entitlement details
[Licensing::Module] Licensing Background thread has ended after 0.35s
[Licensing::Module] Licensing is initialized (took 0.12s).
[Licensing::Client] Successfully resolved entitlement details
Library Redirect Path: Library/
[Physics::Module] Selected backend.
[Physics::Module] Name: PhysX
[Physics::Module] Id: 0xf2b8ea05
[Physics::Module] SDK Version: 4.1.2
[Physics::Module] Integration Version: 1.0.0
[Physics::Module] Threading Mode: Multi-Threaded
[Licensing::Client] Successfully resolved entitlement details
Initialize engine version: 6000.5.4f1 (d550df8bd089)
[Subsystems] Discovering subsystems at path /Applications/Unity/Hub/Editor/6000.5.4f1/Unity.app/Contents/Resources/UnitySubsystems
[Subsystems] Discovering subsystems at path /Users/tuantu/Desktop/dev/AI/mobile/game_df/LaMuralla/Assets
GfxDevice: creating device client; kGfxThreadingModeNonThreaded
 preferred device: Apple M4 (high power)
Metal devices available: 1
0: Apple M4 (high power)
Using device Apple M4 (high power)
Initializing Metal device caps: Apple M4
Mac GPU Family: 2
Apple GPU Family: 9
MSL Version: 3.0
Has Float MSAA: 1
Has Float Filtering: 1
ReadWrite Texture Tier: 2
Initialize mono
Mono path[0] = '/Applications/Unity/Hub/Editor/6000.5.4f1/Unity.app/Contents/Resources/Scripting/Managed'
Mono path[1] = '/Applications/Unity/Hub/Editor/6000.5.4f1/Unity.app/Contents/Resources/Scripting/BCLExtensions/runtime/netstandard2.1'
Mono path[2] = '/Applications/Unity/Hub/Editor/6000.5.4f1/Unity.app/Contents/Resources/Scripting/MonoBleedingEdge/lib/mono/unityjit-macos'
Mono config path = '/Applications/Unity/Hub/Editor/6000.5.4f1/Unity.app/Contents/Resources/Scripting/MonoBleedingEdge/etc'
Using monoOptions --debugger-agent=transport=dt_socket,embedding=1,server=y,suspend=n,address=127.0.0.1:56273
CodeReloadManager initialized
ImportWorker Server TCP listen port: 0
AcceleratorClientConnectionCallback - disconnected - :0
Begin MonoManager ReloadAssembly
Registering precompiled unity dll's ...
Register platform support module: /Applications/Unity/Hub/Editor/6000.5.4f1/PlaybackEngines/MacStandaloneSupport/UnityEditor.OSXStandalone.Extensions.dll
Register platform support module: /Applications/Unity/Hub/Editor/6000.5.4f1/PlaybackEngines/iOSSupport/UnityEditor.iOS.Extensions.dll
Registered in 0.000309 seconds.
[usbmuxd] Start listen thread
[usbmuxd] Listen thread started
[usbmuxd] Send listen message
[usbmuxd] Attached: 19 00008101-000E446C3CFA001E
Native extension for iOS target not found
Native extension for OSXStandalone target not found
Package Manager log level set to [2]
ScheduleIndexationOnStartup MainProcess:False IndexOnStartup:True
Mono: successfully reloaded assembly
- Finished resetting the current domain, in  0.219 seconds
Domain Reload Profiling: 460ms
	BeginReloadAssembly (41ms)
	RebuildCommonClasses (3ms)
	RebuildNativeTypeToScriptingClass (10ms)
	initialDomainReloadingComplete (28ms)
	LoadAllAssembliesAndSetupDomain (160ms)
		LoadAssemblies (39ms)
		AnalyzeDomain (123ms)
			TypeCache.Refresh (122ms)
				TypeCache.ScanAssembly (113ms)
	FinalizeReload (220ms)
		SetupLoadedEditorAssemblies (0ms)
			InitializePlatformSupportModulesInManaged (32ms)
			BeforeProcessingInitializeOnLoad (43ms)
			ProcessInitializeOnLoadAttributes (47ms)
			ProcessInitializeOnLoadMethodAttributes (58ms)
[Licensing::Client] Successfully resolved entitlement details
[Licensing::Client] Successfully resolved entitlement details
Application.AssetDatabase Initial Refresh Start
[Package Manager] Restoring resolved packages state from cache
[Licensing::Client] Successfully resolved entitlement details
[Package Manager] Registered 33 packages:
  Packages from [https://packages.unity.com]:
    com.unity.inputsystem@1.19.0 (location: /Users/tuantu/Desktop/dev/AI/mobile/game_df/LaMuralla/Library/PackageCache/com.unity.inputsystem@21a28c3a6c83)
    com.unity.ide.rider@3.0.38 (location: /Users/tuantu/Desktop/dev/AI/mobile/game_df/LaMuralla/Library/PackageCache/com.unity.ide.rider@1f60b3138684)
    com.unity.ide.visualstudio@2.0.26 (location: /Users/tuantu/Desktop/dev/AI/mobile/game_df/LaMuralla/Library/PackageCache/com.unity.ide.visualstudio@a99d56dec63f)
    com.unity.searcher@4.9.4 (location: /Users/tuantu/Desktop/dev/AI/mobile/game_df/LaMuralla/Library/PackageCache/com.unity.searcher@d45a78918735)
    com.unity.burst@1.8.29 (location: /Users/tuantu/Desktop/dev/AI/mobile/game_df/LaMuralla/Library/PackageCache/com.unity.burst@6bb9aca3ef38)
    com.unity.nuget.mono-cecil@1.11.6 (location: /Users/tuantu/Desktop/dev/AI/mobile/game_df/LaMuralla/Library/PackageCache/com.unity.nuget.mono-cecil@ecb9724e46ff)
    com.unity.test-framework.performance@3.5.0 (location: /Users/tuantu/Desktop/dev/AI/mobile/game_df/LaMuralla/Library/PackageCache/com.unity.test-framework.performance@8b56083ec0f0)
  Built-in packages:
    com.unity.2d.sprite@1.0.0 (location: /Users/tuantu/Desktop/dev/AI/mobile/game_df/LaMuralla/Library/PackageCache/com.unity.2d.sprite@053a968eab56)
    com.unity.render-pipelines.universal@17.5.0 (location: /Users/tuantu/Desktop/dev/AI/mobile/game_df/LaMuralla/Library/PackageCache/com.unity.render-pipelines.universal@e38be786c41e)
    com.unity.test-framework@1.7.0 (location: /Users/tuantu/Desktop/dev/AI/mobile/game_df/LaMuralla/Library/PackageCache/com.unity.test-framework@1405238725ab)
    com.unity.ugui@2.5.0 (location: /Users/tuantu/Desktop/dev/AI/mobile/game_df/LaMuralla/Library/PackageCache/com.unity.ugui@f2d87ebaaa32)
    com.unity.modules.animation@1.0.0 (location: /Users/tuantu/Desktop/dev/AI/mobile/game_df/LaMuralla/Library/PackageCache/com.unity.modules.animation)
    com.unity.modules.audio@1.0.0 (location: /Users/tuantu/Desktop/dev/AI/mobile/game_df/LaMuralla/Library/PackageCache/com.unity.modules.audio)
    com.unity.modules.director@1.0.0 (location: /Users/tuantu/Desktop/dev/AI/mobile/game_df/LaMuralla/Library/PackageCache/com.unity.modules.director)
    com.unity.modules.imageconversion@1.0.0 (location: /Users/tuantu/Desktop/dev/AI/mobile/game_df/LaMuralla/Library/PackageCache/com.unity.modules.imageconversion)
    com.unity.modules.imgui@1.0.0 (location: /Users/tuantu/Desktop/dev/AI/mobile/game_df/LaMuralla/Library/PackageCache/com.unity.modules.imgui)
    com.unity.modules.jsonserialize@1.0.0 (location: /Users/tuantu/Desktop/dev/AI/mobile/game_df/LaMuralla/Library/PackageCache/com.unity.modules.jsonserialize)
    com.unity.modules.particlesystem@1.0.0 (location: /Users/tuantu/Desktop/dev/AI/mobile/game_df/LaMuralla/Library/PackageCache/com.unity.modules.particlesystem)
    com.unity.modules.physics2d@1.0.0 (location: /Users/tuantu/Desktop/dev/AI/mobile/game_df/LaMuralla/Library/PackageCache/com.unity.modules.physics2d)
    com.unity.modules.physicscore2d@1.0.0 (location: /Users/tuantu/Desktop/dev/AI/mobile/game_df/LaMuralla/Library/PackageCache/com.unity.modules.physicscore2d)
    com.unity.modules.screencapture@1.0.0 (location: /Users/tuantu/Desktop/dev/AI/mobile/game_df/LaMuralla/Library/PackageCache/com.unity.modules.screencapture)
    com.unity.modules.ui@1.0.0 (location: /Users/tuantu/Desktop/dev/AI/mobile/game_df/LaMuralla/Library/PackageCache/com.unity.modules.ui)
    com.unity.modules.uielements@1.0.0 (location: /Users/tuantu/Desktop/dev/AI/mobile/game_df/LaMuralla/Library/PackageCache/com.unity.modules.uielements)
    com.unity.modules.unitywebrequest@1.0.0 (location: /Users/tuantu/Desktop/dev/AI/mobile/game_df/LaMuralla/Library/PackageCache/com.unity.modules.unitywebrequest)
    com.unity.modules.hierarchycore@1.0.0 (location: /Users/tuantu/Desktop/dev/AI/mobile/game_df/LaMuralla/Library/PackageCache/com.unity.modules.hierarchycore)
    com.unity.modules.physics@1.0.0 (location: /Users/tuantu/Desktop/dev/AI/mobile/game_df/LaMuralla/Library/PackageCache/com.unity.modules.physics)
    com.unity.ext.nunit@2.1.0 (location: /Users/tuantu/Desktop/dev/AI/mobile/game_df/LaMuralla/Library/PackageCache/com.unity.ext.nunit@44f7d31723bd)
    com.unity.render-pipelines.core@17.5.0 (location: /Users/tuantu/Desktop/dev/AI/mobile/game_df/LaMuralla/Library/PackageCache/com.unity.render-pipelines.core@539ef1c759fb)
    com.unity.shadergraph@17.5.0 (location: /Users/tuantu/Desktop/dev/AI/mobile/game_df/LaMuralla/Library/PackageCache/com.unity.shadergraph@636559dc59a3)
    com.unity.render-pipelines.universal-config@17.5.0 (location: /Users/tuantu/Desktop/dev/AI/mobile/game_df/LaMuralla/Library/PackageCache/com.unity.render-pipelines.universal-config@fdda01c80fe3)
    com.unity.collections@6.5.0 (location: /Users/tuantu/Desktop/dev/AI/mobile/game_df/LaMuralla/Library/PackageCache/com.unity.collections@a43cabe808ca)
    com.unity.modules.terrain@1.0.0 (location: /Users/tuantu/Desktop/dev/AI/mobile/game_df/LaMuralla/Library/PackageCache/com.unity.modules.terrain)
    com.unity.mathematics@1.4.0 (location: /Users/tuantu/Desktop/dev/AI/mobile/game_df/LaMuralla/Library/PackageCache/com.unity.mathematics@981956d94fb6)
[Subsystems] No new subsystems found in resolved package list.
[Package Manager] Done registering packages in 0.00 seconds
info: Microsoft.Hosting.Lifetime[14]
      Now listening on: http://unix:/tmp/ilpp.sock-98c753a53bcdc717560c8df2da6dc7cd
info: Microsoft.Hosting.Lifetime[0]
      Application started. Press Ctrl+C to shut down.
info: Microsoft.Hosting.Lifetime[0]
      Hosting environment: Production
info: Microsoft.Hosting.Lifetime[0]
      Content root path: /Users/tuantu/Desktop/dev/AI/mobile/game_df/LaMuralla
info: Microsoft.AspNetCore.Hosting.Diagnostics[1]
      Request starting HTTP/2 POST http://ilpp/UnityILPP.PostProcessing/Ping - application/grpc -
info: Microsoft.AspNetCore.Routing.EndpointMiddleware[0]
      Executing endpoint 'gRPC - /UnityILPP.PostProcessing/Ping'
info: Microsoft.AspNetCore.Routing.EndpointMiddleware[1]
      Executed endpoint 'gRPC - /UnityILPP.PostProcessing/Ping'
info: Microsoft.AspNetCore.Hosting.Diagnostics[2]
      Request finished HTTP/2 POST http://ilpp/UnityILPP.PostProcessing/Ping - 200 - application/grpc 21.5769ms
Starting: /Applications/Unity/Hub/Editor/6000.5.4f1/Unity.app/Contents/Resources/BuildPipeline/bee_backend --ipc --defer-dag-verification --dagfile="Library/Bee/900b0aE.dag" --continue-on-failure --profile="Library/Bee/backend1.traceevents" ScriptAssemblies
WorkingDir: /Users/tuantu/Desktop/dev/AI/mobile/game_df/LaMuralla
DisplayProgressbar: Compiling Scripts
info: Microsoft.AspNetCore.Hosting.Diagnostics[1]
      Request starting HTTP/2 POST http://ilpp/UnityILPP.PostProcessing/ConfigurePostProcessors - application/grpc -
info: Microsoft.AspNetCore.Routing.EndpointMiddleware[0]
      Executing endpoint 'gRPC - /UnityILPP.PostProcessing/ConfigurePostProcessors'
warn: Unity.ILPP.Runner.PostProcessingAssemblyLoadContext[0]
      Assembly unityeditor.ios.extensions.xcode has duplicate hint path. Ignoring "/Applications/Unity/Hub/Editor/6000.5.4f1/PlaybackEngines/iOSSupport/UnityEditor.iOS.Extensions.Xcode.dll" in favor of "/Applications/Unity/Hub/Editor/6000.5.4f1/PlaybackEngines/MacStandaloneSupport/UnityEditor.iOS.Extensions.Xcode.dll"
warn: Unity.ILPP.Runner.PostProcessingAssemblyLoadContext[0]
      Assembly system.runtime.interopservices.windowsruntime has duplicate hint path. Ignoring "/Applications/Unity/Hub/Editor/6000.5.4f1/Unity.app/Contents/Resources/Scripting/UnityReferenceAssemblies/unity-4.8-api/Facades/System.Runtime.InteropServices.WindowsRuntime.dll" in favor of "/Applications/Unity/Hub/Editor/6000.5.4f1/Unity.app/Contents/Resources/Scripting/NetStandard/Extensions/2.0.0/System.Runtime.InteropServices.WindowsRuntime.dll"
warn: Unity.ILPP.Runner.PostProcessingAssemblyLoadContext[0]
      Assembly system.componentmodel.composition has duplicate hint path. Ignoring "/Applications/Unity/Hub/Editor/6000.5.4f1/Unity.app/Contents/Resources/Scripting/UnityReferenceAssemblies/unity-4.8-api/System.ComponentModel.Composition.dll" in favor of "/Applications/Unity/Hub/Editor/6000.5.4f1/Unity.app/Contents/Resources/Scripting/NetStandard/compat/2.1.0/shims/netfx/System.ComponentModel.Composition.dll"
info: Unity.ILPP.Runner.PostProcessingAssemblyLoadContext[0]
      Resolved Unity.Burst.Cecil, Version=0.11.6.0, Culture=neutral, PublicKeyToken=50cebf1cceb9d05e with Library/PackageCache/com.unity.burst@6bb9aca3ef38/Unity.Burst.CodeGen/Unity.Burst.Cecil.dll
info: Unity.ILPP.Runner.PostProcessingAssemblyLoadContext[0]
      Resolved Mono.Cecil, Version=0.11.5.0, Culture=neutral, PublicKeyToken=50cebf1cceb9d05e with Library/PackageCache/com.unity.nuget.mono-cecil@ecb9724e46ff/Mono.Cecil.dll
info: Microsoft.AspNetCore.Routing.EndpointMiddleware[1]
      Executed endpoint 'gRPC - /UnityILPP.PostProcessing/ConfigurePostProcessors'
info: Microsoft.AspNetCore.Hosting.Diagnostics[2]
      Request finished HTTP/2 POST http://ilpp/UnityILPP.PostProcessing/ConfigurePostProcessors - 200 - application/grpc 10.7612ms
ExitCode: 0 Duration: 0s221ms
[519/658    0s] ILPP-Configuration Library/ilpp-configuration.nevergeneratedoutput
*** Tundra build success (0.21 seconds), 1 items updated, 658 evaluated
AssetDatabase: script compilation time: 0.690167s
Begin MonoManager ReloadAssembly
Total cache size 267969352
Total cache size after purge 267969352, took 00:00:00.0674989
Native extension for iOS target not found
Native extension for OSXStandalone target not found
ScheduleIndexationOnStartup MainProcess:True IndexOnStartup:True
Mono: successfully reloaded assembly
- Finished resetting the current domain, in  1.510 seconds
Domain Reload Profiling: 1842ms
	BeginReloadAssembly (104ms)
		DisableScriptedObjects (10ms)
		CreateAndSetChildDomain (37ms)
	RebuildCommonClasses (5ms)
	RebuildNativeTypeToScriptingClass (9ms)
	initialDomainReloadingComplete (18ms)
	LoadAllAssembliesAndSetupDomain (196ms)
		LoadAssemblies (110ms)
		AnalyzeDomain (71ms)
			TypeCache.Refresh (53ms)
				TypeCache.ScanAssembly (47ms)
			BuildScriptInfoCaches (15ms)
			ResolveRequiredComponents (3ms)
	FinalizeReload (1510ms)
		SetupLoadedEditorAssemblies (0ms)
			InitializePlatformSupportModulesInManaged (7ms)
			BeforeProcessingInitializeOnLoad (43ms)
			ProcessInitializeOnLoadAttributes (1184ms)
			ProcessInitializeOnLoadMethodAttributes (137ms)
		AwakeInstancesAfterBackupRestoration (12ms)
Starting new worker id: 0 with log in /Users/tuantu/Desktop/dev/AI/mobile/game_df/LaMuralla/Logs/AssetImportWorkerHW0.log

Asset Pipeline Refresh (id=de160e5c6adb74aab918462ee27ca362): Total: 2.858 seconds - Initiated by InitialRefreshV2(ForceSynchronousImport)
	(Values over 0.05ms)
	Summary:
		Imports: total=0 (actual=0, local cache=0, cache server=0)
		Asset DB Process Time: managed=0 ms, native=1783 ms
		Asset DB Callback time: managed=20 ms, native=3 ms
		Scripting: domain reloads=1, domain reload time=343 ms, compile time=691 ms, other=16 ms
		Project Asset Count: scripts=864, non-scripts=1714
		Asset File Changes: new=0, changed=0, moved=0, deleted=0
		Scan Filter Count: 1
	InvokePackagesCallback: 4.034ms
	ApplyChangesToAssetFolders: 0.120ms
	Scan: 140.219ms
	Collect global state as custom dependencies: 1.484ms
	CategorizeScriptCompilationAssets: 10.733ms
	ProcessAssetsWithTransientArtifactChanges: 19.709ms
	CategorizeAssets: 22.320ms
	CompileScripts: 690.795ms
	ImportOutOfDateAssets: 1535.789ms (1515.813ms without children)
		UnloadImportedAssets: 0.490ms
		EnsureUptoDateAssetsAreRegisteredWithGuidPM: 0.211ms
		ImportSchedulerStart: 19.251ms
	PostProcessAllAssets: 20.310ms
		MonoPostProcessAllAssets: 20.283ms
			UniversalRenderPipelineGlobalSettingsPostprocessor.OnPostprocessAllAssets 6.080ms
			SyncVS.PostprocessSyncProject 5.496ms
			SpeedTree9Postprocessor.OnPostprocessAllAssets 0.934ms
			WindowAssetPostprocessingWatcher.OnPostprocessAllAssets 0.933ms
			EditModeScopePostprocessor.OnPostprocessAllAssets 0.442ms
			RenderPipelineGlobalSettingsPostprocessor.OnPostprocessAllAssets 0.309ms
			ShaderReflectionAssetPostProcessor.OnPostprocessAllAssets 0.234ms
			ReferencedClipsPostProcessor.OnPostprocessAllAssets 0.161ms
			InputActionAssetPostprocessor.OnPostprocessAllAssets 0.146ms
			TerrainToolbarOverlayPostProcessor.OnPostprocessAllAssets 0.095ms
			ProjectSettingsPostprocessor.OnPostprocessAllAssets 0.075ms
			AssetDatabaseCallbacks.OnPostprocessAllAssets 0.065ms
	UnloadStreamsBegin: 1.521ms
	PersistCurrentRevisions: 0.053ms
	GenerateScriptTypeHashes: 0.826ms
	GenerateScriptTypeSerializationHashes: 1.585ms
	Untracked: 408.948ms

Application.AssetDatabase Initial Refresh End
Shader Hidden/ChartRasterizerHardware is not supported: GPU does not support conservative rasterization
Launching external process: /Applications/Unity/Hub/Editor/6000.5.4f1/Unity.app/Contents/Helpers/UnityShaderCompiler
Launched and connected shader compiler UnityShaderCompiler after 0.05 seconds
Shader Hidden/ChartRasterizerHardware is not supported: GPU does not support conservative rasterization
Scanning for USB devices : 0.224ms
Initializing Unity extensions:
[MODES] ModeService[none].Initialize
[MODES] ModeService[none].LoadModes
[MODES] Loading mode Default (0) for mode-current-id-Football Tower Defense
2026-08-24 09:40:01.960 Unity[9273:347693] NSEventModifierFlagFunction specified to -setKeyEquivalentModifierMask: for item <NSMenuItem: 0x35b0858a0 SDF, ke='Command-F12'>, but is only supported for system-provided menu items; will not be used
Curl error 7: Failed to connect to config.uca.cloud.unity3d.com port 443 after 2 ms: Error
Unloading 27 Unused Serialized files (Serialized files now loaded: 0)
Unloading 3731 unused Assets / (1.2 MB). Loaded Objects now: 4641.
Memory consumption went from 218.9 MB to 217.6 MB.
Total: 6.094458 ms (FindLiveObjects: 0.206333 ms CreateObjectMapping: 0.589958 ms MarkObjects: 4.437792 ms  DeleteObjects: 0.859875 ms)

Curl error 7: Failed to connect to cdp.cloud.unity3d.com port 443 after 1 ms: Error
[BuildScript] Build 1 scene: Assets/_Project/Scenes/Match.unity
UnityEngine.Debug:ExtractStackTraceNoAlloc (byte*,int,string)
UnityEngine.StackTraceUtility:ExtractStackTrace () (at /Users/bokken/build/output/unity/unity/Runtime/Export/Scripting/StackTrace.cs:35)
UnityEngine.DebugLogHandler:Internal_Log (UnityEngine.LogType,UnityEngine.LogOption,string,UnityEngine.Object)
UnityEngine.DebugLogHandler:LogFormat (UnityEngine.LogType,UnityEngine.Object,string,object[])
UnityEngine.Logger:Log (UnityEngine.LogType,object)
UnityEngine.Debug:Log (object)
LaMuralla.EditorTools.BuildScript:BuildIOS () (at Assets/_Project/Editor/BuildScript.cs:40)

(Filename: Assets/_Project/Editor/BuildScript.cs Line: 40)

Importing 'GUID: 681886c5eb7344803b6206f758bf0b1c - Path: Assets/Settings/UniversalRP.asset' with importer (NativeFormatImporter)
Imported 'GUID: 681886c5eb7344803b6206f758bf0b1c' -> (Import Result ID: '8c55fe111487ee4aac95a1fc7019b4e5') in 0.003 seconds [static dependencies only]. Details - ImportResultOutputID=e489e02c007be4736342cf00ae79c2d3 DependenciesID=a7017b1f6813c9ffed684db2b1fa4db7 StaticDependenciesID=1eccabf624ed69e2a1fb40024c26a2d1 
Asset Pipeline Refresh (id=59dc19f7b80734c1a9762b8cfac7f096): Total: 0.100 seconds - Initiated by StopAssetImportingV2(NoUpdateAssetOptions)
1 URP assets included in build
- UniversalRP - Assets/Settings/UniversalRP.asset
	 - Renderer2D - Assets/Settings/Renderer2D.asset - UnityEngine.Rendering.Universal.Renderer2DData
UnityEngine.Debug:ExtractStackTraceNoAlloc (byte*,int,string)
UnityEngine.StackTraceUtility:ExtractStackTrace () (at /Users/bokken/build/output/unity/unity/Runtime/Export/Scripting/StackTrace.cs:35)
UnityEngine.DebugLogHandler:Internal_Log (UnityEngine.LogType,UnityEngine.LogOption,string,UnityEngine.Object)
UnityEngine.DebugLogHandler:LogFormat (UnityEngine.LogType,UnityEngine.Object,string,object[])
UnityEngine.Logger:Log (UnityEngine.LogType,object)
UnityEngine.Debug:Log (object)
UnityEditor.Rendering.Universal.URPPreprocessBuild:LogIncludedAssets (System.Collections.Generic.List`1<UnityEngine.Rendering.Universal.UniversalRenderPipelineAsset>) (at ./Library/PackageCache/com.unity.render-pipelines.universal@e38be786c41e/Editor/BuildProcessors/URPPreprocessBuild.cs:73)
UnityEditor.Rendering.Universal.URPPreprocessBuild:OnPreprocessBuild (UnityEditor.Build.Reporting.BuildReport) (at ./Library/PackageCache/com.unity.render-pipelines.universal@e38be786c41e/Editor/BuildProcessors/URPPreprocessBuild.cs:32)
UnityEditor.Build.BuildPipelineInterfaces/<>c__DisplayClass17_0:<OnBuildPreProcess>b__1 (UnityEditor.Build.IPreprocessBuildWithReport) (at /Users/bokken/build/output/unity/unity/Editor/Mono/BuildPipeline/BuildPipelineInterfaces.cs:1131)
UnityEditor.Build.BuildPipelineInterfaces:InvokeCallbackInterfacesPair<UnityEditor.Build.IPreprocessBuild, UnityEditor.Build.IPreprocessBuildWithReport> (System.Collections.Generic.List`1<UnityEditor.Build.IPreprocessBuild>,System.Action`1<UnityEditor.Build.IPreprocessBuild>,System.Collections.Generic.List`1<UnityEditor.Build.IPreprocessBuildWithReport>,System.Action`1<UnityEditor.Build.IPreprocessBuildWithReport>,bool) (at /Users/bokken/build/output/unity/unity/Editor/Mono/BuildPipeline/BuildPipelineInterfaces.cs:1090)
UnityEditor.Build.BuildPipelineInterfaces:OnBuildPreProcess (UnityEditor.Build.Reporting.BuildReport) (at /Users/bokken/build/output/unity/unity/Editor/Mono/BuildPipeline/BuildPipelineInterfaces.cs:1122)
UnityEditor.BuildPipeline:BuildPlayerInternal (string[],string,string,UnityEditor.BuildTargetGroup,UnityEditor.BuildTarget,int,UnityEditor.BuildOptions,string[],string[],bool)
UnityEditor.BuildPipeline:BuildPlayer (UnityEditor.BuildPlayerOptions) (at /Users/bokken/build/output/unity/unity/Editor/Mono/BuildPipeline/BuildPipeline.bindings.cs:267)
LaMuralla.EditorTools.BuildScript:BuildIOS () (at Assets/_Project/Editor/BuildScript.cs:50)

(Filename: ./Library/PackageCache/com.unity.render-pipelines.universal@e38be786c41e/Editor/BuildProcessors/URPPreprocessBuild.cs Line: 73)

Importing 'GUID: 681886c5eb7344803b6206f758bf0b1c - Path: Assets/Settings/UniversalRP.asset' with importer (NativeFormatImporter)
Imported 'GUID: 681886c5eb7344803b6206f758bf0b1c' -> (Import Result ID: '8c55fe111487ee4aac95a1fc7019b4e5') in 0.004 seconds [static dependencies only]. Details - ImportResultOutputID=e489e02c007be4736342cf00ae79c2d3 DependenciesID=a7017b1f6813c9ffed684db2b1fa4db7 StaticDependenciesID=1eccabf624ed69e2a1fb40024c26a2d1 
Asset Pipeline Refresh (id=dd13c82f0e2f74c9b83ad7e230162d16): Total: 0.031 seconds - Initiated by StopAssetImportingV2(NoUpdateAssetOptions)
[TestRunBuilder] Creating new file 'Assets/Resources/PerformanceTestRunInfo.json' (1974 bytes)
UnityEngine.Debug:ExtractStackTraceNoAlloc (byte*,int,string)
UnityEngine.StackTraceUtility:ExtractStackTrace () (at /Users/bokken/build/output/unity/unity/Runtime/Export/Scripting/StackTrace.cs:35)
UnityEngine.DebugLogHandler:Internal_Log (UnityEngine.LogType,UnityEngine.LogOption,string,UnityEngine.Object)
UnityEngine.DebugLogHandler:LogFormat (UnityEngine.LogType,UnityEngine.Object,string,object[])
UnityEngine.Logger:Log (UnityEngine.LogType,object)
UnityEngine.Debug:Log (object)
Unity.PerformanceTesting.Editor.TestRunBuilder:SaveToStorage (object,string) (at ./Library/PackageCache/com.unity.test-framework.performance@8b56083ec0f0/Editor/TestRunBuilder.cs:242)
Unity.PerformanceTesting.Editor.TestRunBuilder:OnPreprocessBuild (UnityEditor.Build.Reporting.BuildReport) (at ./Library/PackageCache/com.unity.test-framework.performance@8b56083ec0f0/Editor/TestRunBuilder.cs:35)
UnityEditor.Build.BuildPipelineInterfaces/<>c__DisplayClass17_0:<OnBuildPreProcess>b__1 (UnityEditor.Build.IPreprocessBuildWithReport) (at /Users/bokken/build/output/unity/unity/Editor/Mono/BuildPipeline/BuildPipelineInterfaces.cs:1131)
UnityEditor.Build.BuildPipelineInterfaces:InvokeCallbackInterfacesPair<UnityEditor.Build.IPreprocessBuild, UnityEditor.Build.IPreprocessBuildWithReport> (System.Collections.Generic.List`1<UnityEditor.Build.IPreprocessBuild>,System.Action`1<UnityEditor.Build.IPreprocessBuild>,System.Collections.Generic.List`1<UnityEditor.Build.IPreprocessBuildWithReport>,System.Action`1<UnityEditor.Build.IPreprocessBuildWithReport>,bool) (at /Users/bokken/build/output/unity/unity/Editor/Mono/BuildPipeline/BuildPipelineInterfaces.cs:1090)
UnityEditor.Build.BuildPipelineInterfaces:OnBuildPreProcess (UnityEditor.Build.Reporting.BuildReport) (at /Users/bokken/build/output/unity/unity/Editor/Mono/BuildPipeline/BuildPipelineInterfaces.cs:1122)
UnityEditor.BuildPipeline:BuildPlayerInternal (string[],string,string,UnityEditor.BuildTargetGroup,UnityEditor.BuildTarget,int,UnityEditor.BuildOptions,string[],string[],bool)
UnityEditor.BuildPipeline:BuildPlayer (UnityEditor.BuildPlayerOptions) (at /Users/bokken/build/output/unity/unity/Editor/Mono/BuildPipeline/BuildPipeline.bindings.cs:267)
LaMuralla.EditorTools.BuildScript:BuildIOS () (at Assets/_Project/Editor/BuildScript.cs:50)

(Filename: ./Library/PackageCache/com.unity.test-framework.performance@8b56083ec0f0/Editor/TestRunBuilder.cs Line: 242)

[TestRunBuilder] Creating new file 'Assets/Resources/PerformanceTestRunSettings.json' (23 bytes)
UnityEngine.Debug:ExtractStackTraceNoAlloc (byte*,int,string)
UnityEngine.StackTraceUtility:ExtractStackTrace () (at /Users/bokken/build/output/unity/unity/Runtime/Export/Scripting/StackTrace.cs:35)
UnityEngine.DebugLogHandler:Internal_Log (UnityEngine.LogType,UnityEngine.LogOption,string,UnityEngine.Object)
UnityEngine.DebugLogHandler:LogFormat (UnityEngine.LogType,UnityEngine.Object,string,object[])
UnityEngine.Logger:Log (UnityEngine.LogType,object)
UnityEngine.Debug:Log (object)
Unity.PerformanceTesting.Editor.TestRunBuilder:SaveToStorage (object,string) (at ./Library/PackageCache/com.unity.test-framework.performance@8b56083ec0f0/Editor/TestRunBuilder.cs:242)
Unity.PerformanceTesting.Editor.TestRunBuilder:OnPreprocessBuild (UnityEditor.Build.Reporting.BuildReport) (at ./Library/PackageCache/com.unity.test-framework.performance@8b56083ec0f0/Editor/TestRunBuilder.cs:38)
UnityEditor.Build.BuildPipelineInterfaces/<>c__DisplayClass17_0:<OnBuildPreProcess>b__1 (UnityEditor.Build.IPreprocessBuildWithReport) (at /Users/bokken/build/output/unity/unity/Editor/Mono/BuildPipeline/BuildPipelineInterfaces.cs:1131)
UnityEditor.Build.BuildPipelineInterfaces:InvokeCallbackInterfacesPair<UnityEditor.Build.IPreprocessBuild, UnityEditor.Build.IPreprocessBuildWithReport> (System.Collections.Generic.List`1<UnityEditor.Build.IPreprocessBuild>,System.Action`1<UnityEditor.Build.IPreprocessBuild>,System.Collections.Generic.List`1<UnityEditor.Build.IPreprocessBuildWithReport>,System.Action`1<UnityEditor.Build.IPreprocessBuildWithReport>,bool) (at /Users/bokken/build/output/unity/unity/Editor/Mono/BuildPipeline/BuildPipelineInterfaces.cs:1090)
UnityEditor.Build.BuildPipelineInterfaces:OnBuildPreProcess (UnityEditor.Build.Reporting.BuildReport) (at /Users/bokken/build/output/unity/unity/Editor/Mono/BuildPipeline/BuildPipelineInterfaces.cs:1122)
UnityEditor.BuildPipeline:BuildPlayerInternal (string[],string,string,UnityEditor.BuildTargetGroup,UnityEditor.BuildTarget,int,UnityEditor.BuildOptions,string[],string[],bool)
UnityEditor.BuildPipeline:BuildPlayer (UnityEditor.BuildPlayerOptions) (at /Users/bokken/build/output/unity/unity/Editor/Mono/BuildPipeline/BuildPipeline.bindings.cs:267)
LaMuralla.EditorTools.BuildScript:BuildIOS () (at Assets/_Project/Editor/BuildScript.cs:50)

(Filename: ./Library/PackageCache/com.unity.test-framework.performance@8b56083ec0f0/Editor/TestRunBuilder.cs Line: 242)

AcceleratorClientConnectionCallback - disconnected - :0
Importing 'GUID: 00000000000000004000000000000000 - Path: ProjectSettings/ProjectSettings.asset' with importer (LibraryAssetImporter)
Imported 'GUID: 00000000000000004000000000000000' -> (Import Result ID: 'ab0cfd5fa216aea9572308355f6ff30f') in 0.001 seconds [static dependencies only]. Details - ImportResultOutputID=276a810dac73e1f29404d5e5f692e214 DependenciesID=fe98d2a03f7cdc57b8819e912740b325 StaticDependenciesID=2e73be42f04c10e14b1d5d3afd783151 
Importing 'GUID: 00000000000000006100000000000000 - Path: ProjectSettings/GraphicsSettings.asset' with importer (LibraryAssetImporter)
Imported 'GUID: 00000000000000006100000000000000' -> (Import Result ID: 'fe1c65bc316b58b9691a59f1972e7937') in 0.000 seconds [static dependencies only]. Details - ImportResultOutputID=f9600466f06a676b7a4f639f6629ea48 DependenciesID=d04b8c5f7082604c767271eeb1e59141 StaticDependenciesID=db73957384f60bf6b040d9d608c5f6a9 
Importing 'GUID: 93b439a37f63240aca3dd4e01d978a9f - Path: Assets/Settings/UniversalRenderPipelineGlobalSettings.asset' with importer (NativeFormatImporter)
Imported 'GUID: 93b439a37f63240aca3dd4e01d978a9f' -> (Import Result ID: '61e478e826a72dd54016a83b651bfc05') in 0.001 seconds [static dependencies only]. Details - ImportResultOutputID=ecc13003a17edc7e9a942a09539c31a7 DependenciesID=f733297d947a509cea5f8abfde16957d StaticDependenciesID=342524f58b3eef4122c0d4b9c05a7bd6 
Asset Pipeline Refresh (id=8b44a5a1b474145fc8b86e74a780ef04): Total: 0.061 seconds - Initiated by StopAssetImportingV2(NoUpdateAssetOptions)
info: Microsoft.AspNetCore.Hosting.Diagnostics[1]
      Request starting HTTP/2 POST http://ilpp/UnityILPP.PostProcessing/Ping - application/grpc -
info: Microsoft.AspNetCore.Routing.EndpointMiddleware[0]
      Executing endpoint 'gRPC - /UnityILPP.PostProcessing/Ping'
info: Microsoft.AspNetCore.Routing.EndpointMiddleware[1]
      Executed endpoint 'gRPC - /UnityILPP.PostProcessing/Ping'
info: Microsoft.AspNetCore.Hosting.Diagnostics[2]
      Request finished HTTP/2 POST http://ilpp/UnityILPP.PostProcessing/Ping - 200 - application/grpc 0.4203ms
Worker ready: AssetImportWorkerHW0 0
Starting: /Applications/Unity/Hub/Editor/6000.5.4f1/Unity.app/Contents/Resources/BuildPipeline/bee_backend --ipc --defer-dag-verification --dagfile="Library/Bee/900b0aESkipCompile.dag" --continue-on-failure --profile="Library/Bee/backend1.traceevents" ScriptAssembliesAndTypeDB
WorkingDir: /Users/tuantu/Desktop/dev/AI/mobile/game_df/LaMuralla
ExitCode: 0 Duration: 0s56ms
*** Tundra build success (0.04 seconds), 0 items updated, 3 evaluated
Importing 'GUID: 51bf76ed49c3e4c1ea07ba86a54c90ff - Path: Assets/Resources/PerformanceTestRunSettings.json' with importer (TextScriptImporter)
Imported 'GUID: 51bf76ed49c3e4c1ea07ba86a54c90ff' -> (Import Result ID: '9e8edb24d96e874ea765e64300601405') in 0.002 seconds [static dependencies only]. Details - ImportResultOutputID=8a75c69ea08ec4b92c78428f7e181ddb DependenciesID=8f2cf14f937f31904fd0d30356d4ff60 StaticDependenciesID=b66a1102f91212b241cc88e2f693ef33 
Importing 'GUID: b393e0b5f14ea4049975d0f500ef842b - Path: Assets/Resources/PerformanceTestRunInfo.json' with importer (TextScriptImporter)
Imported 'GUID: b393e0b5f14ea4049975d0f500ef842b' -> (Import Result ID: '5c4a1074678145d392a11d05de90cfee') in 0.001 seconds [static dependencies only]. Details - ImportResultOutputID=1410a625d30a067e4a9b6c460a409943 DependenciesID=ea2ad6296fa28604ee5d6e565388d599 StaticDependenciesID=6307109b78c72f66742afde833679484 
Total cache size 267969352
Total cache size after purge 267969352, took 00:00:00.0933046
Asset Pipeline Refresh (id=fb0c36cdfa13042c7ba8740226f490d4): Total: 0.067 seconds - Initiated by RefreshV2(NoUpdateAssetOptions)
[ScriptCompilation] Requested script compilation because: Recompiling scripts for player build.
BuildPlayer: start building target 9
info: Microsoft.AspNetCore.Hosting.Diagnostics[1]
      Request starting HTTP/2 POST http://ilpp/UnityILPP.PostProcessing/Ping - application/grpc -
info: Microsoft.AspNetCore.Routing.EndpointMiddleware[0]
      Executing endpoint 'gRPC - /UnityILPP.PostProcessing/Ping'
info: Microsoft.AspNetCore.Routing.EndpointMiddleware[1]
      Executed endpoint 'gRPC - /UnityILPP.PostProcessing/Ping'
info: Microsoft.AspNetCore.Hosting.Diagnostics[2]
      Request finished HTTP/2 POST http://ilpp/UnityILPP.PostProcessing/Ping - 200 - application/grpc 0.1536ms
Starting: /Applications/Unity/Hub/Editor/6000.5.4f1/Unity.app/Contents/Resources/BuildPipeline/bee_backend --ipc --defer-dag-verification --dagfile="Library/Bee/900b0aP.dag" --continue-on-failure --profile="Library/Bee/backend1.traceevents" ScriptAssembliesAndTypeDB
WorkingDir: /Users/tuantu/Desktop/dev/AI/mobile/game_df/LaMuralla
info: Microsoft.AspNetCore.Hosting.Diagnostics[1]
      Request starting HTTP/2 POST http://ilpp/UnityILPP.PostProcessing/ConfigurePostProcessors - application/grpc -
info: Microsoft.AspNetCore.Routing.EndpointMiddleware[0]
      Executing endpoint 'gRPC - /UnityILPP.PostProcessing/ConfigurePostProcessors'
info: Unity.ILPP.Runner.PostProcessingAssemblyLoadContext[0]
      ALC ILPP context 1 is unloading
warn: Unity.ILPP.Runner.PostProcessingAssemblyLoadContext[0]
      Assembly unityeditor.ios.extensions.xcode has duplicate hint path. Ignoring "/Applications/Unity/Hub/Editor/6000.5.4f1/PlaybackEngines/iOSSupport/UnityEditor.iOS.Extensions.Xcode.dll" in favor of "/Applications/Unity/Hub/Editor/6000.5.4f1/PlaybackEngines/MacStandaloneSupport/UnityEditor.iOS.Extensions.Xcode.dll"
warn: Unity.ILPP.Runner.PostProcessingAssemblyLoadContext[0]
      Assembly system.runtime.interopservices.windowsruntime has duplicate hint path. Ignoring "/Applications/Unity/Hub/Editor/6000.5.4f1/Unity.app/Contents/Resources/Scripting/UnityReferenceAssemblies/unity-4.8-api/Facades/System.Runtime.InteropServices.WindowsRuntime.dll" in favor of "/Applications/Unity/Hub/Editor/6000.5.4f1/Unity.app/Contents/Resources/Scripting/NetStandard/Extensions/2.0.0/System.Runtime.InteropServices.WindowsRuntime.dll"
warn: Unity.ILPP.Runner.PostProcessingAssemblyLoadContext[0]
      Assembly system.componentmodel.composition has duplicate hint path. Ignoring "/Applications/Unity/Hub/Editor/6000.5.4f1/Unity.app/Contents/Resources/Scripting/UnityReferenceAssemblies/unity-4.8-api/System.ComponentModel.Composition.dll" in favor of "/Applications/Unity/Hub/Editor/6000.5.4f1/Unity.app/Contents/Resources/Scripting/NetStandard/compat/2.1.0/shims/netfx/System.ComponentModel.Composition.dll"
info: Unity.ILPP.Runner.PostProcessingAssemblyLoadContext[0]
      Resolved Unity.Burst.Cecil, Version=0.11.6.0, Culture=neutral, PublicKeyToken=50cebf1cceb9d05e with Library/PackageCache/com.unity.burst@6bb9aca3ef38/Unity.Burst.CodeGen/Unity.Burst.Cecil.dll
info: Unity.ILPP.Runner.PostProcessingAssemblyLoadContext[0]
      Resolved Mono.Cecil, Version=0.11.5.0, Culture=neutral, PublicKeyToken=50cebf1cceb9d05e with Library/PackageCache/com.unity.nuget.mono-cecil@ecb9724e46ff/Mono.Cecil.dll
info: Microsoft.AspNetCore.Routing.EndpointMiddleware[1]
      Executed endpoint 'gRPC - /UnityILPP.PostProcessing/ConfigurePostProcessors'
info: Microsoft.AspNetCore.Hosting.Diagnostics[2]
      Request finished HTTP/2 POST http://ilpp/UnityILPP.PostProcessing/ConfigurePostProcessors - 200 - application/grpc 6.3644ms
ExitCode: 0 Duration: 0s181ms
[436/508    0s] ILPP-Configuration Library/ilpp-configuration.nevergeneratedoutput
[451/508    0s] CopyFiles Library/Bee/PlayerScriptAssemblies/Unity.RenderPipelines.Universal.2D.Runtime.dll
[453/508    0s] CopyFiles Library/Bee/PlayerScriptAssemblies/Unity.Burst.dll
[455/508    0s] CopyFiles Library/Bee/PlayerScriptAssemblies/Unity.InternalAPIEngineBridge.004.dll
[456/508    0s] CopyFiles Library/Bee/PlayerScriptAssemblies/Unity.InputSystem.dll
[457/508    0s] CopyFiles Library/Bee/PlayerScriptAssemblies/Unity.RenderPipeline.Universal.ShaderLibrary.dll
[458/508    0s] CopyFiles Library/Bee/PlayerScriptAssemblies/Unity.SurfaceCache.Runtime.dll
[459/508    0s] CopyFiles Library/Bee/PlayerScriptAssemblies/LaMuralla.Core.dll
[461/508    0s] CopyFiles Library/Bee/PlayerScriptAssemblies/UnityEngine.UI.dll
[462/508    0s] CopyFiles Library/Bee/PlayerScriptAssemblies/Unity.RenderPipelines.Core.Runtime.Shared.dll
[463/508    0s] CopyFiles Library/Bee/PlayerScriptAssemblies/Unity.Mathematics.dll
[464/508    0s] CopyFiles Library/Bee/PlayerScriptAssemblies/LaMuralla.Unity.dll
[465/508    0s] CopyFiles Library/Bee/PlayerScriptAssemblies/Unity.RenderPipelines.Universal.Shaders.dll
[466/508    0s] CopyFiles Library/Bee/PlayerScriptAssemblies/Unity.RenderPipelines.Universal.Runtime.dll
[467/508    0s] CopyFiles Library/Bee/PlayerScriptAssemblies/Unity.UnifiedRayTracing.Runtime.dll
[468/508    0s] CopyFiles Library/Bee/PlayerScriptAssemblies/Unity.RenderPipelines.GPUDriven.Runtime.dll
[469/508    0s] CopyFiles Library/Bee/PlayerScriptAssemblies/Unity.RenderPipelines.ShaderGraph.ShaderGraphLibrary.dll
[470/508    0s] CopyFiles Library/Bee/PlayerScriptAssemblies/Unity.Collections.dll
[471/508    0s] CopyFiles Library/Bee/PlayerScriptAssemblies/LaMuralla.Unity.pdb
[473/508    0s] CopyFiles Library/Bee/PlayerScriptAssemblies/Unity.RenderPipelines.Universal.2D.Runtime.pdb
[474/508    0s] CopyFiles Library/Bee/PlayerScriptAssemblies/Unity.InternalAPIEngineBridge.004.pdb
[475/508    0s] CopyFiles Library/Bee/PlayerScriptAssemblies/Unity.RenderPipeline.Universal.ShaderLibrary.pdb
[476/508    0s] CopyFiles Library/Bee/PlayerScriptAssemblies/Unity.Burst.pdb
[477/508    0s] CopyFiles Library/Bee/PlayerScriptAssemblies/Unity.TextMeshPro.dll
[478/508    0s] CopyFiles Library/Bee/PlayerScriptAssemblies/UnityEngine.UI.pdb
[479/508    0s] CopyFiles Library/Bee/PlayerScriptAssemblies/Unity.TextMeshPro.pdb
[480/508    0s] CopyFiles Library/Bee/PlayerScriptAssemblies/Unity.InputSystem.pdb
[481/508    0s] CopyFiles Library/Bee/PlayerScriptAssemblies/Unity.SurfaceCache.Runtime.pdb
[482/508    0s] CopyFiles Library/Bee/PlayerScriptAssemblies/LaMuralla.Core.pdb
[483/508    0s] CopyFiles Library/Bee/PlayerScriptAssemblies/Unity.RenderPipelines.Core.Runtime.Shared.pdb
[484/508    0s] CopyFiles Library/Bee/PlayerScriptAssemblies/Unity.Mathematics.pdb
[485/508    0s] CopyFiles Library/Bee/PlayerScriptAssemblies/Unity.RenderPipelines.Universal.Shaders.pdb
[486/508    0s] CopyFiles Library/Bee/PlayerScriptAssemblies/Unity.UnifiedRayTracing.Runtime.pdb
[487/508    0s] CopyFiles Library/Bee/PlayerScriptAssemblies/Unity.RenderPipelines.Universal.Runtime.pdb
[488/508    0s] CopyFiles Library/Bee/PlayerScriptAssemblies/Unity.RenderPipelines.GPUDriven.Runtime.pdb
[489/508    0s] CopyFiles Library/Bee/PlayerScriptAssemblies/Unity.RenderPipelines.ShaderGraph.ShaderGraphLibrary.pdb
[490/508    0s] CopyFiles Library/Bee/PlayerScriptAssemblies/Unity.Collections.pdb
[493/508    0s] CopyFiles Library/Bee/PlayerScriptAssemblies/Unity.InputSystem.ForUI.dll
[494/508    0s] CopyFiles Library/Bee/PlayerScriptAssemblies/Unity.InputSystem.ForUI.pdb
[496/508    0s] CopyFiles Library/Bee/PlayerScriptAssemblies/Unity.RenderPipelines.Core.ShaderLibrary.pdb
[497/508    0s] CopyFiles Library/Bee/PlayerScriptAssemblies/Unity.InternalAPIEngineBridge.RenderPipelines.Core.Runtime.Shared.dll
[498/508    0s] CopyFiles Library/Bee/PlayerScriptAssemblies/Unity.InternalAPIEngineBridge.RenderPipelines.Core.Runtime.Shared.pdb
[499/508    0s] CopyFiles Library/Bee/PlayerScriptAssemblies/Unity.RenderPipelines.Core.ShaderLibrary.dll
[501/508    0s] CopyFiles Library/Bee/PlayerScriptAssemblies/Unity.RenderPipelines.Core.Runtime.dll
[503/508    0s] CopyFiles Library/Bee/PlayerScriptAssemblies/Unity.RenderPipelines.Core.Runtime.pdb
[504/508    0s] CopyFiles Library/Bee/PlayerScriptAssemblies/Unity.RenderPipelines.Universal.Config.Runtime.dll
[505/508    0s] CopyFiles Library/Bee/PlayerScriptAssemblies/Unity.RenderPipelines.Universal.Config.Runtime.pdb
*** Tundra build success (0.17 seconds), 47 items updated, 508 evaluated
Total cache size 267969352
Total cache size after purge 267969352, took 00:00:00.0458910
Rebuilding Data files because Assets/Resources/PerformanceTestRunInfo.json is dirty (hash)
Asset Pipeline Refresh (id=5375694f8368142e78f071675947ba3f): Total: 0.112 seconds - Initiated by RefreshV2(NoUpdateAssetOptions)
Asset Pipeline Refresh (id=c693ff69032c84b209ce189c03fc24e1): Total: 0.062 seconds - Initiated by RefreshV2(NoUpdateAssetOptions)


Mono dependencies included in the build
Dependency assembly - System.IO.Compression.ZipFile.dll
Dependency assembly - System.Net.WebSockets.dll
Dependency assembly - System.Text.Encodings.Web.dll
Dependency assembly - System.Runtime.InteropServices.RuntimeInformation.dll
Dependency assembly - System.Data.dll
Dependency assembly - System.ServiceProcess.ServiceController.dll
Dependency assembly - System.Threading.Tasks.dll
Dependency assembly - System.Xaml.dll
Dependency assembly - System.IO.Pipes.dll
Dependency assembly - System.Linq.Parallel.dll
Dependency assembly - System.Security.Cryptography.Encryption.dll
Dependency assembly - System.Net.Primitives.dll
Dependency assembly - Unity.InternalAPIEngineBridge.004.dll
Dependency assembly - System.Runtime.Serialization.Json.dll
Dependency assembly - System.Diagnostics.Tools.dll
Dependency assembly - System.Net.Ping.dll
Dependency assembly - Unity.RenderPipelines.Core.ShaderLibrary.dll
Dependency assembly - Unity.RenderPipeline.Universal.ShaderLibrary.dll
Dependency assembly - System.IO.FileSystem.dll
Dependency assembly - System.Json.dll
Dependency assembly - System.Diagnostics.Process.dll
Dependency assembly - System.Xml.ReaderWriter.dll
Dependency assembly - System.Text.Encoding.CodePages.dll
Dependency assembly - I18N.Other.dll
Dependency assembly - System.Data.Services.dll
Dependency assembly - System.ServiceModel.Primitives.dll
Dependency assembly - System.Data.Common.dll
Dependency assembly - System.Net.Http.WebRequest.dll
Dependency assembly - System.Data.SqlClient.dll
Dependency assembly - System.Threading.AccessControl.dll
Dependency assembly - System.Net.Requests.dll
Dependency assembly - System.Security.Cryptography.X509Certificates.dll
Dependency assembly - System.Net.Mail.dll
Dependency assembly - System.Web.ApplicationServices.dll
Dependency assembly - System.Data.Services.Client.dll
Dependency assembly - System.ServiceModel.NetTcp.dll
Dependency assembly - System.Security.Cryptography.OpenSsl.dll
Dependency assembly - Unity.RenderPipelines.GPUDriven.Runtime.dll
Dependency assembly - System.Data.OracleClient.dll
Dependency assembly - System.Diagnostics.TraceSource.dll
Dependency assembly - System.Net.ServicePoint.dll
Dependency assembly - System.Runtime.Loader.dll
Dependency assembly - System.Numerics.dll
Dependency assembly - System.ComponentModel.EventBasedAsync.dll
Dependency assembly - Microsoft.Extensions.Logging.Abstractions.dll
Dependency assembly - System.Numerics.Vectors.dll
Dependency assembly - System.AppContext.dll
Dependency assembly - System.Runtime.Remoting.dll
Dependency assembly - System.Runtime.Serialization.Formatters.dll
Dependency assembly - System.Security.Cryptography.Primitives.dll
Dependency assembly - System.Net.Cache.dll
Dependency assembly - System.ServiceModel.Activation.dll
Dependency assembly - System.Net.NetworkInformation.dll
Dependency assembly - System.ComponentModel.Primitives.dll
Dependency assembly - System.Security.Cryptography.ProtectedData.dll
Dependency assembly - System.Runtime.Handles.dll
Dependency assembly - System.Web.dll
Dependency assembly - System.Core.dll
Dependency assembly - System.Xml.XDocument.dll
Dependency assembly - System.Xml.XmlSerializer.dll
Dependency assembly - System.Collections.dll
Dependency assembly - System.ServiceProcess.dll
Dependency assembly - System.dll
Dependency assembly - System.Runtime.Extensions.dll
Dependency assembly - System.ValueTuple.dll
Dependency assembly - System.Resources.ResourceManager.dll
Dependency assembly - System.Runtime.Serialization.Xml.dll
Dependency assembly - System.Net.Http.dll
Dependency assembly - System.Runtime.dll
Dependency assembly - System.DirectoryServices.Protocols.dll
Dependency assembly - System.Security.Cryptography.Encryption.ECDiffieHellman.dll
Dependency assembly - System.IO.FileSystem.AccessControl.dll
Dependency assembly - System.Security.Cryptography.RSA.dll
Dependency assembly - System.Xml.dll
Dependency assembly - System.Reflection.DispatchProxy.dll
Dependency assembly - System.ComponentModel.Annotations.dll
Dependency assembly - System.Security.Cryptography.Hashing.Algorithms.dll
Dependency assembly - System.Threading.dll
Dependency assembly - System.Web.RegularExpressions.dll
Dependency assembly - System.Runtime.InteropServices.WindowsRuntime.dll
Dependency assembly - I18N.dll
Dependency assembly - System.Drawing.Design.dll
Dependency assembly - System.IO.dll
Dependency assembly - Microsoft.Extensions.DependencyInjection.Abstractions.dll
Dependency assembly - System.Xml.Linq.dll
Dependency assembly - System.Configuration.Install.dll
Dependency assembly - Mono.Data.Sqlite.dll
Dependency assembly - LaMuralla.Core.dll
Dependency assembly - System.Configuration.dll
Dependency assembly - System.ServiceModel.Discovery.dll
Dependency assembly - System.ServiceModel.Duplex.dll
Dependency assembly - System.Design.dll
Dependency assembly - System.Reflection.TypeExtensions.dll
Dependency assembly - System.Console.dll
Dependency assembly - System.Xml.Xsl.Primitives.dll
Dependency assembly - System.Xml.XmlDocument.dll
Dependency assembly - Mono.Security.dll
Dependency assembly - System.Net.NameResolution.dll
Dependency assembly - System.ServiceModel.Security.dll
Dependency assembly - System.Collections.NonGeneric.dll
Dependency assembly - Unity.UnifiedRayTracing.Runtime.dll
Dependency assembly - System.Collections.Specialized.dll
Dependency assembly - System.Web.DynamicData.dll
Dependency assembly - System.Net.Utilities.dll
Dependency assembly - Unity.InternalAPIEngineBridge.RenderPipelines.Core.Runtime.Shared.dll
Dependency assembly - Microsoft.CSharp.dll
Dependency assembly - System.IO.FileSystem.Primitives.dll
Dependency assembly - Unity.RenderPipelines.Core.Runtime.Shared.dll
Dependency assembly - Unity.RenderPipelines.Universal.Runtime.dll
Dependency assembly - System.Security.Cryptography.Encoding.dll
Dependency assembly - Unity.RenderPipelines.Universal.Shaders.dll
Dependency assembly - System.Diagnostics.Contracts.dll
Dependency assembly - System.Diagnostics.Tracing.dll
Dependency assembly - Unity.RenderPipelines.ShaderGraph.ShaderGraphLibrary.dll
Dependency assembly - System.Runtime.Serialization.Primitives.dll
Dependency assembly - System.ObjectModel.dll
Dependency assembly - System.Messaging.dll
Dependency assembly - System.Collections.Immutable.dll
Dependency assembly - Microsoft.Win32.Primitives.dll
Dependency assembly - Unity.Burst.Unsafe.dll
Dependency assembly - System.Net.WebSockets.Client.dll
Dependency assembly - System.IO.Compression.dll
Dependency assembly - System.ServiceModel.dll
Dependency assembly - System.Globalization.dll
Dependency assembly - System.ComponentModel.DataAnnotations.dll
Dependency assembly - System.Security.Principal.dll
Dependency assembly - System.Drawing.dll
Dependency assembly - System.DirectoryServices.dll
Dependency assembly - System.Reflection.Metadata.dll
Dependency assembly - System.ServiceModel.Web.dll
Dependency assembly - System.Diagnostics.StackTrace.dll
Dependency assembly - System.Threading.Tasks.Parallel.dll
Dependency assembly - System.Runtime.CompilerServices.Unsafe.dll
Dependency assembly - System.Text.Json.dll
Dependency assembly - System.Data.Linq.dll
Dependency assembly - System.Reflection.Emit.dll
Dependency assembly - System.IO.Compression.FileSystem.dll
Dependency assembly - System.IdentityModel.Selectors.dll
Dependency assembly - System.Xml.XPath.XmlDocument.dll
Dependency assembly - System.Diagnostics.TextWriterTraceListener.dll
Dependency assembly - System.IO.FileSystem.DriveInfo.dll
Dependency assembly - System.Web.Extensions.dll
Dependency assembly - System.Diagnostics.Debug.dll
Dependency assembly - Unity.SurfaceCache.Runtime.dll
Dependency assembly - System.Windows.dll
Dependency assembly - System.Security.Cryptography.Csp.dll
Dependency assembly - System.Windows.Forms.DataVisualization.dll
Dependency assembly - System.IO.IsolatedStorage.dll
Dependency assembly - System.Runtime.DurableInstancing.dll
Dependency assembly - System.Management.dll
Dependency assembly - System.ServiceModel.Routing.dll
Dependency assembly - System.Resources.ReaderWriter.dll
Dependency assembly - System.ComponentModel.dll
Dependency assembly - System.Data.DataSetExtensions.dll
Dependency assembly - Microsoft.Win32.Registry.dll
Dependency assembly - System.ServiceModel.Http.dll
Dependency assembly - System.Buffers.dll
Dependency assembly - System.Reflection.dll
Dependency assembly - System.Text.Encoding.dll
Dependency assembly - System.EnterpriseServices.dll
Dependency assembly - System.Net.Sockets.dll
Dependency assembly - System.Xml.XPath.XDocument.dll
Dependency assembly - System.Security.Cryptography.Algorithms.dll
Dependency assembly - System.Threading.ThreadPool.dll
Dependency assembly - System.Reflection.Emit.Lightweight.dll
Dependency assembly - System.IO.Hashing.dll
Dependency assembly - System.Xml.Serialization.dll
Dependency assembly - UnityEngine.UI.dll
Dependency assembly - System.Net.WebHeaderCollection.dll
Dependency assembly - System.Security.AccessControl.dll
Dependency assembly - System.Transactions.dll
Dependency assembly - System.Runtime.Serialization.Formatters.Soap.dll
Dependency assembly - Unity.Collections.dll
Dependency assembly - System.Security.SecureString.dll
Dependency assembly - System.Security.Principal.Windows.dll
Dependency assembly - System.Globalization.Extensions.dll
Dependency assembly - System.Net.Security.dll
Dependency assembly - mscorlib.dll
Dependency assembly - System.Globalization.Calendars.dll
Dependency assembly - System.Drawing.Primitives.dll
Dependency assembly - System.Linq.Queryable.dll
Dependency assembly - Unity.RenderPipelines.Universal.Config.Runtime.dll
Dependency assembly - System.Reflection.Extensions.dll
Dependency assembly - Unity.TextMeshPro.dll
Dependency assembly - System.Diagnostics.DiagnosticSource.dll
Dependency assembly - System.Collections.Concurrent.dll
Dependency assembly - System.Security.Cryptography.Encryption.Aes.dll
Dependency assembly - System.ComponentModel.TypeConverter.dll
Dependency assembly - System.Runtime.InteropServices.dll
Dependency assembly - Unity.InputSystem.ForUI.dll
Dependency assembly - I18N.Rare.dll
Dependency assembly - System.Security.Cryptography.Pkcs.dll
Dependency assembly - System.Net.dll
Dependency assembly - System.IdentityModel.dll
Dependency assembly - netstandard.dll
Dependency assembly - I18N.CJK.dll
Dependency assembly - System.Data.Entity.dll
Dependency assembly - System.Net.AuthenticationManager.dll
Dependency assembly - System.Runtime.Numerics.dll
Dependency assembly - System.Dynamic.Runtime.dll
Dependency assembly - Unity.Burst.dll
Dependency assembly - System.IO.FileSystem.Watcher.dll
Dependency assembly - I18N.MidEast.dll
Dependency assembly - System.ComponentModel.Composition.dll
Dependency assembly - System.Security.Cryptography.Encryption.ECDsa.dll
Dependency assembly - Unity.RenderPipelines.Universal.2D.Runtime.dll
Dependency assembly - System.Web.Extensions.Design.dll
Dependency assembly - System.Resources.Writer.dll
Dependency assembly - Accessibility.dll
Dependency assembly - Microsoft.Bcl.AsyncInterfaces.dll
Dependency assembly - System.Threading.Tasks.Extensions.dll
Dependency assembly - System.Reflection.Context.dll
Dependency assembly - System.Reflection.Primitives.dll
Dependency assembly - System.Runtime.Serialization.dll
Dependency assembly - System.Threading.Overlapped.dll
Dependency assembly - System.Security.Cryptography.Cng.dll
Dependency assembly - System.Resources.Reader.dll
Dependency assembly - System.Memory.dll
Dependency assembly - Unity.Collections.LowLevel.ILSupport.dll
Dependency assembly - System.IO.UnmanagedMemoryStream.dll
Dependency assembly - System.Security.Cryptography.DeriveBytes.dll
Dependency assembly - System.Linq.dll
Dependency assembly - System.Net.HttpListener.dll
Dependency assembly - System.Linq.Expressions.dll
Dependency assembly - System.Runtime.Caching.dll
Dependency assembly - Unity.RenderPipelines.Core.Runtime.dll
Dependency assembly - LaMuralla.Unity.dll
Dependency assembly - System.Reflection.Emit.ILGeneration.dll
Dependency assembly - System.Windows.Forms.dll
Dependency assembly - Unity.Mathematics.dll
Dependency assembly - System.ServiceModel.Internals.dll
Dependency assembly - System.Web.Services.dll
Dependency assembly - Mono.Data.Tds.dll
Dependency assembly - System.Diagnostics.TraceEvent.dll
Dependency assembly - System.Threading.Thread.dll
Dependency assembly - System.Security.dll
Dependency assembly - System.Security.Cryptography.Hashing.dll
Dependency assembly - System.Diagnostics.FileVersionInfo.dll
Dependency assembly - System.Security.Claims.dll
Dependency assembly - System.Threading.Timer.dll
Dependency assembly - I18N.West.dll
Dependency assembly - System.Text.RegularExpressions.dll
Dependency assembly - System.Xml.XPath.dll
Dependency assembly - Microsoft.Win32.Registry.AccessControl.dll
Dependency assembly - System.Security.Cryptography.RandomNumberGenerator.dll
Dependency assembly - Unity.InputSystem.dll
Dependency assembly - System.IO.MemoryMappedFiles.dll
Dependency assembly - System.Text.Encoding.Extensions.dll
Dependency assembly - System.Runtime.CompilerServices.VisualC.dll

DisplayProgressbar: Fetching assembly references
SpriteAtlasPacking completed in 0.002346 sec
Opening scene 'Assets/_Project/Scenes/Match.unity'
Unloading 2 Unused Serialized files (Serialized files now loaded: 0)
Loaded scene 'Assets/_Project/Scenes/Match.unity'
	Deserialize:            1.939 ms
	Integration:            82.907 ms
	Integration of assets:  0.001 ms
	Thread Wait Time:       0.006 ms
	Total Operation Time:   84.853 ms
Unloading 35 unused Assets / (0.6 MB). Loaded Objects now: 4682.
Memory consumption went from 201.9 MB to 201.3 MB.
Total: 5.155792 ms (FindLiveObjects: 0.097041 ms CreateObjectMapping: 0.198875 ms MarkObjects: 4.634417 ms  DeleteObjects: 0.225291 ms)

Unloading 87 Unused Serialized files (Serialized files now loaded: 0)
Unloading 247 unused Assets / (1.1 MB). Loaded Objects now: 4680.
Memory consumption went from 215.1 MB to 214.0 MB.
Total: 4.655667 ms (FindLiveObjects: 0.084458 ms CreateObjectMapping: 0.213167 ms MarkObjects: 4.076417 ms  DeleteObjects: 0.281334 ms)

Unloading 0 Unused Serialized files (Serialized files now loaded: 0)
Unloading 0 unused Assets / (0 B). Loaded Objects now: 4680.
Memory consumption went from 213.7 MB to 213.7 MB.
Total: 3.771875 ms (FindLiveObjects: 0.085792 ms CreateObjectMapping: 0.193834 ms MarkObjects: 3.488791 ms  DeleteObjects: 0.003209 ms)

Unloading 1 Unused Serialized files (Serialized files now loaded: 0)
Unloading 174 unused Assets / (147.5 MB). Loaded Objects now: 4680.
Memory consumption went from 355.8 MB to 208.4 MB.
Total: 13.746166 ms (FindLiveObjects: 0.081000 ms CreateObjectMapping: 0.232667 ms MarkObjects: 4.699958 ms  DeleteObjects: 8.732375 ms)

Compiling shader "Hidden/Universal Render Pipeline/Sampling"
  Pass "BoxDownsample" (vp)
    Target graphics API: metal
    Full variant space:         1
    After settings filtering:   1
    After built-in stripping:   1
    After scriptable stripping: 1
    Processed in 0.31 seconds
  Pass "BoxDownsample" (fp)
    Target graphics API: metal
    Full variant space:         1
    After settings filtering:   1
    After built-in stripping:   1
    After scriptable stripping: 1
    Processed in 0.00 seconds
  Pass BoxDownsample (vp, metal) finished in 0.00 seconds. Local cache hits 1 (0.00s CPU time), remote cache hits 0 (0.00s CPU time), compiled 0 variants (0.00s CPU time), skipped 0 variants.
    Prepared data for serialisation in 0.00s
  Pass BoxDownsample (fp, metal) finished in 0.00 seconds. Local cache hits 1 (0.00s CPU time), remote cache hits 0 (0.00s CPU time), compiled 0 variants (0.00s CPU time), skipped 0 variants.
    Prepared data for serialisation in 0.00s
Serialized binary data for shader Hidden/Universal Render Pipeline/Sampling in 0.00s
    metal (total internal programs: 2, unique: 2)
Compiling shader "Hidden/Universal Render Pipeline/Stop NaN"
  Pass "Stop NaN" (vp)
    Target graphics API: metal
    Full variant space:         1
    After settings filtering:   1
    After built-in stripping:   1
    After scriptable stripping: 1
    Processed in 0.00 seconds
  Pass "Stop NaN" (fp)
    Target graphics API: metal
    Full variant space:         1
    After settings filtering:   1
    After built-in stripping:   1
    After scriptable stripping: 1
    Processed in 0.00 seconds
  Pass Stop NaN (vp, metal) finished in 0.00 seconds. Local cache hits 1 (0.00s CPU time), remote cache hits 0 (0.00s CPU time), compiled 0 variants (0.00s CPU time), skipped 0 variants.
    Prepared data for serialisation in 0.00s
  Pass Stop NaN (fp, metal) finished in 0.00 seconds. Local cache hits 1 (0.00s CPU time), remote cache hits 0 (0.00s CPU time), compiled 0 variants (0.00s CPU time), skipped 0 variants.
    Prepared data for serialisation in 0.00s
Serialized binary data for shader Hidden/Universal Render Pipeline/Stop NaN in 0.00s
    metal (total internal programs: 2, unique: 2)
Compiling shader "Hidden/CoreSRP/CoreCopy"
  Pass "Copy" (vp)
    Target graphics API: metal
    Full variant space:         1
    After settings filtering:   1
    After built-in stripping:   1
    After scriptable stripping: 1
    Processed in 0.00 seconds
  Pass "Copy" (fp)
    Target graphics API: metal
    Full variant space:         2
    After settings filtering:   2
    After built-in stripping:   2
    After scriptable stripping: 2
    Processed in 0.00 seconds
  Pass "CopyMS" (vp)
    Target graphics API: metal
    Full variant space:         1
    After settings filtering:   1
    After built-in stripping:   1
    After scriptable stripping: 1
    Processed in 0.00 seconds
  Pass "CopyMS" (fp)
    Target graphics API: metal
    Full variant space:         2
    After settings filtering:   2
    After built-in stripping:   2
    After scriptable stripping: 2
    Processed in 0.00 seconds
  Pass "Copy" (vp)
    Target graphics API: metal
    Full variant space:         1
    After settings filtering:   1
    After built-in stripping:   1
    After scriptable stripping: 1
    Processed in 0.00 seconds
  Pass "Copy" (fp)
    Target graphics API: metal
    Full variant space:         2
    After settings filtering:   2
    After built-in stripping:   2
    After scriptable stripping: 2
    Processed in 0.00 seconds
  Pass Copy (vp, metal) finished in 0.00 seconds. Local cache hits 1 (0.00s CPU time), remote cache hits 0 (0.00s CPU time), compiled 0 variants (0.00s CPU time), skipped 0 variants.
    Prepared data for serialisation in 0.00s
  Pass Copy (fp, metal) finished in 0.00 seconds. Local cache hits 2 (0.00s CPU time), remote cache hits 0 (0.00s CPU time), compiled 0 variants (0.00s CPU time), skipped 0 variants.
    Prepared data for serialisation in 0.00s
  Pass CopyMS (vp, metal) finished in 0.00 seconds. Local cache hits 1 (0.00s CPU time), remote cache hits 0 (0.00s CPU time), compiled 0 variants (0.00s CPU time), skipped 0 variants.
    Prepared data for serialisation in 0.00s
  Pass CopyMS (fp, metal) finished in 0.00 seconds. Local cache hits 2 (0.00s CPU time), remote cache hits 0 (0.00s CPU time), compiled 0 variants (0.00s CPU time), skipped 0 variants.
    Prepared data for serialisation in 0.00s
  Pass Copy (vp, metal) finished in 0.00 seconds. Local cache hits 1 (0.00s CPU time), remote cache hits 0 (0.00s CPU time), compiled 0 variants (0.00s CPU time), skipped 0 variants.
    Prepared data for serialisation in 0.00s
  Pass Copy (fp, metal) finished in 0.00 seconds. Local cache hits 2 (0.00s CPU time), remote cache hits 0 (0.00s CPU time), compiled 0 variants (0.00s CPU time), skipped 0 variants.
    Prepared data for serialisation in 0.00s
Serialized binary data for shader Hidden/CoreSRP/CoreCopy in 0.00s
    metal (total internal programs: 9, unique: 5)
Compiling shader "Hidden/Shadow2DShadowGeometry"
  Pass "Draw Geometry Shadow (R)" (vp)
    Target graphics API: metal
    Full variant space:         1
    After settings filtering:   1
    After built-in stripping:   1
    After scriptable stripping: 1
    Processed in 0.00 seconds
  Pass "Draw Geometry Shadow (R)" (fp)
    Target graphics API: metal
    Full variant space:         1
    After settings filtering:   1
    After built-in stripping:   1
    After scriptable stripping: 1
    Processed in 0.00 seconds
  Pass Draw Geometry Shadow (R) (vp, metal) finished in 0.00 seconds. Local cache hits 1 (0.00s CPU time), remote cache hits 0 (0.00s CPU time), compiled 0 variants (0.00s CPU time), skipped 0 variants.
    Prepared data for serialisation in 0.00s
  Pass Draw Geometry Shadow (R) (fp, metal) finished in 0.00 seconds. Local cache hits 1 (0.00s CPU time), remote cache hits 0 (0.00s CPU time), compiled 0 variants (0.00s CPU time), skipped 0 variants.
    Prepared data for serialisation in 0.00s
Serialized binary data for shader Hidden/Shadow2DShadowGeometry in 0.00s
    metal (total internal programs: 2, unique: 2)
Compiling shader "Hidden/Universal Render Pipeline/CameraMotionBlur"
  Pass "Camera Motion Blur - Low Quality" (vp)
    Target graphics API: metal
    Full variant space:         1
    After settings filtering:   1
    After built-in stripping:   1
    After scriptable stripping: 1
    Processed in 0.00 seconds
  Pass "Camera Motion Blur - Low Quality" (fp)
    Target graphics API: metal
    Full variant space:         2
    After settings filtering:   1
    After built-in stripping:   1
    After scriptable stripping: 1
    Processed in 0.00 seconds
  Pass "Camera Motion Blur - Medium Quality" (vp)
    Target graphics API: metal
    Full variant space:         1
    After settings filtering:   1
    After built-in stripping:   1
    After scriptable stripping: 1
    Processed in 0.00 seconds
  Pass "Camera Motion Blur - Medium Quality" (fp)
    Target graphics API: metal
    Full variant space:         2
    After settings filtering:   1
    After built-in stripping:   1
    After scriptable stripping: 1
    Processed in 0.00 seconds
  Pass "Camera Motion Blur - High Quality" (vp)
    Target graphics API: metal
    Full variant space:         1
    After settings filtering:   1
    After built-in stripping:   1
    After scriptable stripping: 1
    Processed in 0.00 seconds
  Pass "Camera Motion Blur - High Quality" (fp)
    Target graphics API: metal
    Full variant space:         2
    After settings filtering:   1
    After built-in stripping:   1
    After scriptable stripping: 1
    Processed in 0.00 seconds
  Pass "Camera And Object Motion Blur - Low Quality" (vp)
    Target graphics API: metal
    Full variant space:         1
    After settings filtering:   1
    After built-in stripping:   1
    After scriptable stripping: 1
    Processed in 0.00 seconds
  Pass "Camera And Object Motion Blur - Low Quality" (fp)
    Target graphics API: metal
    Full variant space:         2
    After settings filtering:   1
    After built-in stripping:   1
    After scriptable stripping: 1
    Processed in 0.00 seconds
  Pass "Camera And Object Motion Blur - Medium Quality" (vp)
    Target graphics API: metal
    Full variant space:         1
    After settings filtering:   1
    After built-in stripping:   1
    After scriptable stripping: 1
    Processed in 0.00 seconds
  Pass "Camera And Object Motion Blur - Medium Quality" (fp)
    Target graphics API: metal
    Full variant space:         2
    After settings filtering:   1
    After built-in stripping:   1
    After scriptable stripping: 1
    Processed in 0.00 seconds
  Pass "Camera And Object Motion Blur - High Quality" (vp)
    Target graphics API: metal
    Full variant space:         1
    After settings filtering:   1
    After built-in stripping:   1
    After scriptable stripping: 1
    Processed in 0.00 seconds
  Pass "Camera And Object Motion Blur - High Quality" (fp)
    Target graphics API: metal
    Full variant space:         2
    After settings filtering:   1
    After built-in stripping:   1
    After scriptable stripping: 1
    Processed in 0.00 seconds
  Pass Camera Motion Blur - Low Quality (vp, metal) finished in 0.01 seconds. Local cache hits 1 (0.00s CPU time), remote cache hits 0 (0.00s CPU time), compiled 0 variants (0.00s CPU time), skipped 0 variants.
    Prepared data for serialisation in 0.00s
  Pass Camera Motion Blur - Low Quality (fp, metal) finished in 0.01 seconds. Local cache hits 1 (0.00s CPU time), remote cache hits 0 (0.00s CPU time), compiled 0 variants (0.00s CPU time), skipped 0 variants.
    Prepared data for serialisation in 0.00s
  Pass Camera Motion Blur - Medium Quality (vp, metal) finished in 0.01 seconds. Local cache hits 1 (0.00s CPU time), remote cache hits 0 (0.00s CPU time), compiled 0 variants (0.00s CPU time), skipped 0 variants.
    Prepared data for serialisation in 0.00s
  Pass Camera Motion Blur - Medium Quality (fp, metal) finished in 0.01 seconds. Local cache hits 1 (0.00s CPU time), remote cache hits 0 (0.00s CPU time), compiled 0 variants (0.00s CPU time), skipped 0 variants.
    Prepared data for serialisation in 0.00s
  Pass Camera Motion Blur - High Quality (vp, metal) finished in 0.00 seconds. Local cache hits 1 (0.00s CPU time), remote cache hits 0 (0.00s CPU time), compiled 0 variants (0.00s CPU time), skipped 0 variants.
    Prepared data for serialisation in 0.00s
  Pass Camera Motion Blur - High Quality (fp, metal) finished in 0.00 seconds. Local cache hits 1 (0.00s CPU time), remote cache hits 0 (0.00s CPU time), compiled 0 variants (0.00s CPU time), skipped 0 variants.
    Prepared data for serialisation in 0.00s
  Pass Camera And Object Motion Blur - Low Quality (vp, metal) finished in 0.00 seconds. Local cache hits 1 (0.00s CPU time), remote cache hits 0 (0.00s CPU time), compiled 0 variants (0.00s CPU time), skipped 0 variants.
    Prepared data for serialisation in 0.00s
  Pass Camera And Object Motion Blur - Low Quality (fp, metal) finished in 0.00 seconds. Local cache hits 1 (0.00s CPU time), remote cache hits 0 (0.00s CPU time), compiled 0 variants (0.00s CPU time), skipped 0 variants.
    Prepared data for serialisation in 0.00s
  Pass Camera And Object Motion Blur - Medium Quality (vp, metal) finished in 0.00 seconds. Local cache hits 1 (0.00s CPU time), remote cache hits 0 (0.00s CPU time), compiled 0 variants (0.00s CPU time), skipped 0 variants.
    Prepared data for serialisation in 0.00s
  Pass Camera And Object Motion Blur - Medium Quality (fp, metal) finished in 0.00 seconds. Local cache hits 1 (0.00s CPU time), remote cache hits 0 (0.00s CPU time), compiled 0 variants (0.00s CPU time), skipped 0 variants.
    Prepared data for serialisation in 0.00s
  Pass Camera And Object Motion Blur - High Quality (vp, metal) finished in 0.00 seconds. Local cache hits 1 (0.00s CPU time), remote cache hits 0 (0.00s CPU time), compiled 0 variants (0.00s CPU time), skipped 0 variants.
    Prepared data for serialisation in 0.00s
  Pass Camera And Object Motion Blur - High Quality (fp, metal) finished in 0.00 seconds. Local cache hits 1 (0.00s CPU time), remote cache hits 0 (0.00s CPU time), compiled 0 variants (0.00s CPU time), skipped 0 variants.
    Prepared data for serialisation in 0.00s
Serialized binary data for shader Hidden/Universal Render Pipeline/CameraMotionBlur in 0.00s
    metal (total internal programs: 12, unique: 7)
Compiling shader "Hidden/TerrainEngine/Details/UniversalPipeline/BillboardWavingDoublePass"
  Pass "ForwardLit" (vp)
    Target graphics API: metal
    Full variant space:         3.072
    After settings filtering:   768
    After built-in stripping:   6
    After scriptable stripping: 6
    Processed in 0.00 seconds
  Pass "ForwardLit" (fp)
    Target graphics API: metal
    Full variant space:         491.520
    After settings filtering:   768
    After built-in stripping:   6
    After scriptable stripping: 6
    Processed in 0.00 seconds
  Pass "GBuffer" (vp)
    Target graphics API: metal
    Full variant space:         32
    After settings filtering:   24
    After built-in stripping:   3
    After scriptable stripping: 0
    Processed in 0.00 seconds
  Pass "GBuffer" (fp)
    Target graphics API: metal
    Full variant space:         1.280
    After settings filtering:   24
    After built-in stripping:   3
    After scriptable stripping: 0
    Processed in 0.00 seconds
  Pass "DepthOnly" (vp)
    Target graphics API: metal
    Full variant space:         2
    After settings filtering:   2
    After built-in stripping:   1
    After scriptable stripping: 1
    Processed in 0.00 seconds
  Pass "DepthOnly" (fp)
    Target graphics API: metal
    Full variant space:         2
    After settings filtering:   2
    After built-in stripping:   1
    After scriptable stripping: 1
    Processed in 0.00 seconds
  Pass "DepthNormals" (vp)
    Target graphics API: metal
    Full variant space:         2
    After settings filtering:   2
    After built-in stripping:   1
    After scriptable stripping: 1
    Processed in 0.00 seconds
  Pass "DepthNormals" (fp)
    Target graphics API: metal
    Full variant space:         2
    After settings filtering:   2
    After built-in stripping:   1
    After scriptable stripping: 1
    Processed in 0.00 seconds
  Pass ForwardLit (vp, metal) finished in 0.00 seconds. Local cache hits 6 (0.00s CPU time), remote cache hits 0 (0.00s CPU time), compiled 0 variants (0.00s CPU time), skipped 0 variants.
    Prepared data for serialisation in 0.00s
  Pass ForwardLit (fp, metal) finished in 0.00 seconds. Local cache hits 6 (0.00s CPU time), remote cache hits 0 (0.00s CPU time), compiled 0 variants (0.00s CPU time), skipped 0 variants.
    Prepared data for serialisation in 0.00s
  Pass DepthOnly (vp, metal) finished in 0.00 seconds. Local cache hits 1 (0.00s CPU time), remote cache hits 0 (0.00s CPU time), compiled 0 variants (0.00s CPU time), skipped 0 variants.
    Prepared data for serialisation in 0.00s
  Pass DepthOnly (fp, metal) finished in 0.00 seconds. Local cache hits 1 (0.00s CPU time), remote cache hits 0 (0.00s CPU time), compiled 0 variants (0.00s CPU time), skipped 0 variants.
    Prepared data for serialisation in 0.00s
  Pass DepthNormals (vp, metal) finished in 0.00 seconds. Local cache hits 1 (0.00s CPU time), remote cache hits 0 (0.00s CPU time), compiled 0 variants (0.00s CPU time), skipped 0 variants.
    Prepared data for serialisation in 0.00s
  Pass DepthNormals (fp, metal) finished in 0.00 seconds. Local cache hits 1 (0.00s CPU time), remote cache hits 0 (0.00s CPU time), compiled 0 variants (0.00s CPU time), skipped 0 variants.
    Prepared data for serialisation in 0.00s
Serialized binary data for shader Hidden/TerrainEngine/Details/UniversalPipeline/BillboardWavingDoublePass in 0.00s
    metal (total internal programs: 16, unique: 16)
Compiling shader "Hidden/Universal Render Pipeline/BokehDepthOfField"
  Pass "Bokeh Depth Of Field CoC" (vp)
    Target graphics API: metal
    Full variant space:         1
    After settings filtering:   1
    After built-in stripping:   1
    After scriptable stripping: 1
    Processed in 0.00 seconds
  Pass "Bokeh Depth Of Field CoC" (fp)
    Target graphics API: metal
    Full variant space:         2
    After settings filtering:   1
    After built-in stripping:   1
    After scriptable stripping: 1
    Processed in 0.00 seconds
  Pass "Bokeh Depth Of Field Prefilter" (vp)
    Target graphics API: metal
    Full variant space:         1
    After settings filtering:   1
    After built-in stripping:   1
    After scriptable stripping: 1
    Processed in 0.00 seconds
  Pass "Bokeh Depth Of Field Prefilter" (fp)
    Target graphics API: metal
    Full variant space:         2
    After settings filtering:   1
    After built-in stripping:   1
    After scriptable stripping: 1
    Processed in 0.00 seconds
  Pass "Bokeh Depth Of Field Blur" (vp)
    Target graphics API: metal
    Full variant space:         1
    After settings filtering:   1
    After built-in stripping:   1
    After scriptable stripping: 1
    Processed in 0.00 seconds
  Pass "Bokeh Depth Of Field Blur" (fp)
    Target graphics API: metal
    Full variant space:         2
    After settings filtering:   1
    After built-in stripping:   1
    After scriptable stripping: 1
    Processed in 0.00 seconds
  Pass "Bokeh Depth Of Field Post Blur" (vp)
    Target graphics API: metal
    Full variant space:         1
    After settings filtering:   1
    After built-in stripping:   1
    After scriptable stripping: 1
    Processed in 0.00 seconds
  Pass "Bokeh Depth Of Field Post Blur" (fp)
    Target graphics API: metal
    Full variant space:         2
    After settings filtering:   1
    After built-in stripping:   1
    After scriptable stripping: 1
    Processed in 0.00 seconds
  Pass "Bokeh Depth Of Field Composite" (vp)
    Target graphics API: metal
    Full variant space:         1
    After settings filtering:   1
    After built-in stripping:   1
    After scriptable stripping: 1
    Processed in 0.00 seconds
  Pass "Bokeh Depth Of Field Composite" (fp)
    Target graphics API: metal
    Full variant space:         4
    After settings filtering:   1
    After built-in stripping:   1
    After scriptable stripping: 1
    Processed in 0.00 seconds
  Pass "Bokeh Depth Of Field CoC" (vp)
    Target graphics API: metal
    Full variant space:         1
    After settings filtering:   1
    After built-in stripping:   1
    After scriptable stripping: 1
    Processed in 0.00 seconds
  Pass "Bokeh Depth Of Field CoC" (fp)
    Target graphics API: metal
    Full variant space:         2
    After settings filtering:   1
    After built-in stripping:   1
    After scriptable stripping: 1
    Processed in 0.00 seconds
  Pass "Bokeh Depth Of Field Prefilter" (vp)
    Target graphics API: metal
    Full variant space:         1
    After settings filtering:   1
    After built-in stripping:   1
    After scriptable stripping: 1
    Processed in 0.00 seconds
  Pass "Bokeh Depth Of Field Prefilter" (fp)
    Target graphics API: metal
    Full variant space:         2
    After settings filtering:   1
    After built-in stripping:   1
    After scriptable stripping: 1
    Processed in 0.00 seconds
  Pass "Bokeh Depth Of Field Blur" (vp)
    Target graphics API: metal
    Full variant space:         1
    After settings filtering:   1
    After built-in stripping:   1
    After scriptable stripping: 1
    Processed in 0.00 seconds
  Pass "Bokeh Depth Of Field Blur" (fp)
    Target graphics API: metal
    Full variant space:         2
    After settings filtering:   1
    After built-in stripping:   1
    After scriptable stripping: 1
    Processed in 0.00 seconds
  Pass "Bokeh Depth Of Field Post Blur" (vp)
    Target graphics API: metal
    Full variant space:         1
    After settings filtering:   1
    After built-in stripping:   1
    After scriptable stripping: 1
    Processed in 0.00 seconds
  Pass "Bokeh Depth Of Field Post Blur" (fp)
    Target graphics API: metal
    Full variant space:         2
    After settings filtering:   1
    After built-in stripping:   1
    After scriptable stripping: 1
    Processed in 0.00 seconds
  Pass "Bokeh Depth Of Field Composite" (vp)
    Target graphics API: metal
    Full variant space:         1
    After settings filtering:   1
    After built-in stripping:   1
    After scriptable stripping: 1
    Processed in 0.00 seconds
  Pass "Bokeh Depth Of Field Composite" (fp)
    Target graphics API: metal
    Full variant space:         4
    After settings filtering:   1
    After built-in stripping:   1
    After scriptable stripping: 1
    Processed in 0.00 seconds
  Pass Bokeh Depth Of Field CoC (vp, metal) finished in 0.01 seconds. Local cache hits 1 (0.00s CPU time), remote cache hits 0 (0.00s CPU time), compiled 0 variants (0.00s CPU time), skipped 0 variants.
    Prepared data for serialisation in 0.00s
  Pass Bokeh Depth Of Field CoC (fp, metal) finished in 0.01 seconds. Local cache hits 1 (0.00s CPU time), remote cache hits 0 (0.00s CPU time), compiled 0 variants (0.00s CPU time), skipped 0 variants.
    Prepared data for serialisation in 0.00s
  Pass Bokeh Depth Of Field Prefilter (vp, metal) finished in 0.01 seconds. Local cache hits 1 (0.00s CPU time), remote cache hits 0 (0.00s CPU time), compiled 0 variants (0.00s CPU time), skipped 0 variants.
    Prepared data for serialisation in 0.00s
  Pass Bokeh Depth Of Field Prefilter (fp, metal) finished in 0.01 seconds. Local cache hits 1 (0.00s CPU time), remote cache hits 0 (0.00s CPU time), compiled 0 variants (0.00s CPU time), skipped 0 variants.
    Prepared data for serialisation in 0.00s
  Pass Bokeh Depth Of Field Blur (vp, metal) finished in 0.01 seconds. Local cache hits 1 (0.00s CPU time), remote cache hits 0 (0.00s CPU time), compiled 0 variants (0.00s CPU time), skipped 0 variants.
    Prepared data for serialisation in 0.00s
  Pass Bokeh Depth Of Field Blur (fp, metal) finished in 0.01 seconds. Local cache hits 1 (0.00s CPU time), remote cache hits 0 (0.00s CPU time), compiled 0 variants (0.00s CPU time), skipped 0 variants.
    Prepared data for serialisation in 0.00s
  Pass Bokeh Depth Of Field Post Blur (vp, metal) finished in 0.01 seconds. Local cache hits 1 (0.00s CPU time), remote cache hits 0 (0.00s CPU time), compiled 0 variants (0.00s CPU time), skipped 0 variants.
    Prepared data for serialisation in 0.00s
  Pass Bokeh Depth Of Field Post Blur (fp, metal) finished in 0.01 seconds. Local cache hits 1 (0.00s CPU time), remote cache hits 0 (0.00s CPU time), compiled 0 variants (0.00s CPU time), skipped 0 variants.
    Prepared data for serialisation in 0.00s
  Pass Bokeh Depth Of Field Composite (vp, metal) finished in 0.01 seconds. Local cache hits 1 (0.00s CPU time), remote cache hits 0 (0.00s CPU time), compiled 0 variants (0.00s CPU time), skipped 0 variants.
    Prepared data for serialisation in 0.00s
  Pass Bokeh Depth Of Field Composite (fp, metal) finished in 0.01 seconds. Local cache hits 1 (0.00s CPU time), remote cache hits 0 (0.00s CPU time), compiled 0 variants (0.00s CPU time), skipped 0 variants.
    Prepared data for serialisation in 0.00s
  Pass Bokeh Depth Of Field CoC (vp, metal) finished in 0.01 seconds. Local cache hits 1 (0.00s CPU time), remote cache hits 0 (0.00s CPU time), compiled 0 variants (0.00s CPU time), skipped 0 variants.
    Prepared data for serialisation in 0.00s
  Pass Bokeh Depth Of Field CoC (fp, metal) finished in 0.01 seconds. Local cache hits 1 (0.00s CPU time), remote cache hits 0 (0.00s CPU time), compiled 0 variants (0.00s CPU time), skipped 0 variants.
    Prepared data for serialisation in 0.00s
  Pass Bokeh Depth Of Field Prefilter (vp, metal) finished in 0.00 seconds. Local cache hits 1 (0.00s CPU time), remote cache hits 0 (0.00s CPU time), compiled 0 variants (0.00s CPU time), skipped 0 variants.
    Prepared data for serialisation in 0.00s
  Pass Bokeh Depth Of Field Prefilter (fp, metal) finished in 0.00 seconds. Local cache hits 1 (0.00s CPU time), remote cache hits 0 (0.00s CPU time), compiled 0 variants (0.00s CPU time), skipped 0 variants.
    Prepared data for serialisation in 0.00s
  Pass Bokeh Depth Of Field Blur (vp, metal) finished in 0.00 seconds. Local cache hits 1 (0.00s CPU time), remote cache hits 0 (0.00s CPU time), compiled 0 variants (0.00s CPU time), skipped 0 variants.
    Prepared data for serialisation in 0.00s
  Pass Bokeh Depth Of Field Blur (fp, metal) finished in 0.00 seconds. Local cache hits 1 (0.00s CPU time), remote cache hits 0 (0.00s CPU time), compiled 0 variants (0.00s CPU time), skipped 0 variants.
    Prepared data for serialisation in 0.00s
  Pass Bokeh Depth Of Field Post Blur (vp, metal) finished in 0.00 seconds. Local cache hits 1 (0.00s CPU time), remote cache hits 0 (0.00s CPU time), compiled 0 variants (0.00s CPU time), skipped 0 variants.
    Prepared data for serialisation in 0.00s
  Pass Bokeh Depth Of Field Post Blur (fp, metal) finished in 0.00 seconds. Local cache hits 1 (0.00s CPU time), remote cache hits 0 (0.00s CPU time), compiled 0 variants (0.00s CPU time), skipped 0 variants.
    Prepared data for serialisation in 0.00s
  Pass Bokeh Depth Of Field Composite (vp, metal) finished in 0.00 seconds. Local cache hits 1 (0.00s CPU time), remote cache hits 0 (0.00s CPU time), compiled 0 variants (0.00s CPU time), skipped 0 variants.
    Prepared data for serialisation in 0.00s
  Pass Bokeh Depth Of Field Composite (fp, metal) finished in 0.00 seconds. Local cache hits 1 (0.00s CPU time), remote cache hits 0 (0.00s CPU time), compiled 0 variants (0.00s CPU time), skipped 0 variants.
    Prepared data for serialisation in 0.00s
Serialized binary data for shader Hidden/Universal Render Pipeline/BokehDepthOfField in 0.00s
    metal (total internal programs: 20, unique: 7)
Compiling shader "Hidden/Core/FallbackError"
  Pass "" (vp)
    Target graphics API: metal
    Full variant space:         3
    After settings filtering:   3
    After built-in stripping:   1
    After scriptable stripping: 1
    Processed in 0.00 seconds
  Pass "" (fp)
    Target graphics API: metal
    Full variant space:         3
    After settings filtering:   3
    After built-in stripping:   1
    After scriptable stripping: 1
    Processed in 0.00 seconds
  Pass  (vp, metal) finished in 0.00 seconds. Local cache hits 1 (0.00s CPU time), remote cache hits 0 (0.00s CPU time), compiled 0 variants (0.00s CPU time), skipped 0 variants.
    Prepared data for serialisation in 0.00s
  Pass  (fp, metal) finished in 0.00 seconds. Local cache hits 1 (0.00s CPU time), remote cache hits 0 (0.00s CPU time), compiled 0 variants (0.00s CPU time), skipped 0 variants.
    Prepared data for serialisation in 0.00s
Serialized binary data for shader Hidden/Core/FallbackError in 0.00s
    metal (total internal programs: 2, unique: 2)
Compiling shader "Hidden/Light2D"
  Pass "" (vp)
    Target graphics API: metal
    Full variant space:         1.024
    After settings filtering:   1.024
    After built-in stripping:   1.024
    After scriptable stripping: 1.024
    Processed in 0.02 seconds
  Pass "" (fp)
    Target graphics API: metal
    Full variant space:         1.024
    After settings filtering:   1.024
    After built-in stripping:   1.024
    After scriptable stripping: 1.024
    Processed in 0.03 seconds
  Pass  (vp, metal) finished in 0.04 seconds. Local cache hits 1024 (0.37s CPU time), remote cache hits 0 (0.00s CPU time), compiled 0 variants (0.00s CPU time), skipped 0 variants.
    Prepared data for serialisation in 0.01s
  Pass  (fp, metal) finished in 0.06 seconds. Local cache hits 1024 (0.54s CPU time), remote cache hits 0 (0.00s CPU time), compiled 0 variants (0.00s CPU time), skipped 0 variants.
    Prepared data for serialisation in 0.01s
Serialized binary data for shader Hidden/Light2D in 0.00s
    metal (total internal programs: 2048, unique: 2048)
Compressed shader 'Hidden/Light2D' on metal from 14.67MB to 0.19MB
Compressed shader 'Hidden/Light2D' in 0.02s
Compiling shader "Hidden/Universal Render Pipeline/XR/XROcclusionMesh"
  Pass "" (vp)
    Target graphics API: metal
    Full variant space:         2
    After settings filtering:   1
    After built-in stripping:   1
    After scriptable stripping: 0
    Processed in 0.00 seconds
  Pass "" (fp)
    Target graphics API: metal
    Full variant space:         2
    After settings filtering:   1
    After built-in stripping:   1
    After scriptable stripping: 0
    Processed in 0.00 seconds
Serialized binary data for shader Hidden/Universal Render Pipeline/XR/XROcclusionMesh in 0.00s
    metal (total internal programs: 0, unique: 0)
Compiling shader "Hidden/Shadow2DShadowSprite"
  Pass "Draw Sprite Shadow (R)" (vp)
    Target graphics API: metal
    Full variant space:         1
    After settings filtering:   1
    After built-in stripping:   1
    After scriptable stripping: 1
    Processed in 0.00 seconds
  Pass "Draw Sprite Shadow (R)" (fp)
    Target graphics API: metal
    Full variant space:         1
    After settings filtering:   1
    After built-in stripping:   1
    After scriptable stripping: 1
    Processed in 0.00 seconds
  Pass Draw Sprite Shadow (R) (vp, metal) finished in 0.00 seconds. Local cache hits 1 (0.00s CPU time), remote cache hits 0 (0.00s CPU time), compiled 0 variants (0.00s CPU time), skipped 0 variants.
    Prepared data for serialisation in 0.00s
  Pass Draw Sprite Shadow (R) (fp, metal) finished in 0.00 seconds. Local cache hits 1 (0.00s CPU time), remote cache hits 0 (0.00s CPU time), compiled 0 variants (0.00s CPU time), skipped 0 variants.
    Prepared data for serialisation in 0.00s
Serialized binary data for shader Hidden/Shadow2DShadowSprite in 0.00s
    metal (total internal programs: 2, unique: 2)
Compiling shader "Hidden/Universal Render Pipeline/Edge Adaptive Spatial Upsampling"
  Pass "EASU" (vp)
    Target graphics API: metal
    Full variant space:         1
    After settings filtering:   1
    After built-in stripping:   1
    After scriptable stripping: 1
    Processed in 0.00 seconds
  Pass "EASU" (fp)
    Target graphics API: metal
    Full variant space:         2
    After settings filtering:   1
    After built-in stripping:   1
    After scriptable stripping: 1
    Processed in 0.00 seconds
  Pass EASU (vp, metal) finished in 0.00 seconds. Local cache hits 1 (0.00s CPU time), remote cache hits 0 (0.00s CPU time), compiled 0 variants (0.00s CPU time), skipped 0 variants.
    Prepared data for serialisation in 0.00s
  Pass EASU (fp, metal) finished in 0.00 seconds. Local cache hits 1 (0.00s CPU time), remote cache hits 0 (0.00s CPU time), compiled 0 variants (0.00s CPU time), skipped 0 variants.
    Prepared data for serialisation in 0.00s
Serialized binary data for shader Hidden/Universal Render Pipeline/Edge Adaptive Spatial Upsampling in 0.00s
    metal (total internal programs: 2, unique: 2)
Compiling shader "Hidden/Universal/HDRDebugView"
  Pass "" (vp)
    Target graphics API: metal
    Full variant space:         1
    After settings filtering:   1
    After built-in stripping:   1
    After scriptable stripping: 1
    Processed in 0.00 seconds
  Pass "" (fp)
    Target graphics API: metal
    Full variant space:         4
    After settings filtering:   1
    After built-in stripping:   1
    After scriptable stripping: 1
    Processed in 0.00 seconds
  Pass "" (vp)
    Target graphics API: metal
    Full variant space:         1
    After settings filtering:   1
    After built-in stripping:   1
    After scriptable stripping: 1
    Processed in 0.00 seconds
  Pass "" (fp)
    Target graphics API: metal
    Full variant space:         4
    After settings filtering:   1
    After built-in stripping:   1
    After scriptable stripping: 1
    Processed in 0.00 seconds
  Pass  (vp, metal) finished in 0.00 seconds. Local cache hits 1 (0.00s CPU time), remote cache hits 0 (0.00s CPU time), compiled 0 variants (0.00s CPU time), skipped 0 variants.
    Prepared data for serialisation in 0.00s
  Pass  (fp, metal) finished in 0.00 seconds. Local cache hits 1 (0.00s CPU time), remote cache hits 0 (0.00s CPU time), compiled 0 variants (0.00s CPU time), skipped 0 variants.
    Prepared data for serialisation in 0.00s
  Pass  (vp, metal) finished in 0.00 seconds. Local cache hits 1 (0.00s CPU time), remote cache hits 0 (0.00s CPU time), compiled 0 variants (0.00s CPU time), skipped 0 variants.
    Prepared data for serialisation in 0.00s
  Pass  (fp, metal) finished in 0.00 seconds. Local cache hits 1 (0.00s CPU time), remote cache hits 0 (0.00s CPU time), compiled 0 variants (0.00s CPU time), skipped 0 variants.
    Prepared data for serialisation in 0.00s
Serialized binary data for shader Hidden/Universal/HDRDebugView in 0.00s
    metal (total internal programs: 4, unique: 3)
Compiling shader "Hidden/Universal Render Pipeline/GaussianDepthOfField"
  Pass "Gaussian Depth Of Field CoC" (vp)
    Target graphics API: metal
    Full variant space:         1
    After settings filtering:   1
    After built-in stripping:   1
    After scriptable stripping: 1
    Processed in 0.00 seconds
  Pass "Gaussian Depth Of Field CoC" (fp)
    Target graphics API: metal
    Full variant space:         1
    After settings filtering:   1
    After built-in stripping:   1
    After scriptable stripping: 1
    Processed in 0.00 seconds
  Pass "Gaussian Depth Of Field Prefilter" (vp)
    Target graphics API: metal
    Full variant space:         1
    After settings filtering:   1
    After built-in stripping:   1
    After scriptable stripping: 1
    Processed in 0.00 seconds
  Pass "Gaussian Depth Of Field Prefilter" (fp)
    Target graphics API: metal
    Full variant space:         4
    After settings filtering:   2
    After built-in stripping:   2
    After scriptable stripping: 2
    Processed in 0.00 seconds
  Pass "Gaussian Depth Of Field Blur Horizontal" (vp)
    Target graphics API: metal
    Full variant space:         1
    After settings filtering:   1
    After built-in stripping:   1
    After scriptable stripping: 1
    Processed in 0.00 seconds
  Pass "Gaussian Depth Of Field Blur Horizontal" (fp)
    Target graphics API: metal
    Full variant space:         2
    After settings filtering:   1
    After built-in stripping:   1
    After scriptable stripping: 1
    Processed in 0.00 seconds
  Pass "Gaussian Depth Of Field Blur Vertical" (vp)
    Target graphics API: metal
    Full variant space:         1
    After settings filtering:   1
    After built-in stripping:   1
    After scriptable stripping: 1
    Processed in 0.00 seconds
  Pass "Gaussian Depth Of Field Blur Vertical" (fp)
    Target graphics API: metal
    Full variant space:         2
    After settings filtering:   1
    After built-in stripping:   1
    After scriptable stripping: 1
    Processed in 0.00 seconds
  Pass "Gaussian Depth Of Field Composite" (vp)
    Target graphics API: metal
    Full variant space:         1
    After settings filtering:   1
    After built-in stripping:   1
    After scriptable stripping: 1
    Processed in 0.00 seconds
  Pass "Gaussian Depth Of Field Composite" (fp)
    Target graphics API: metal
    Full variant space:         4
    After settings filtering:   2
    After built-in stripping:   2
    After scriptable stripping: 2
    Processed in 0.00 seconds
  Pass Gaussian Depth Of Field CoC (vp, metal) finished in 0.01 seconds. Local cache hits 1 (0.00s CPU time), remote cache hits 0 (0.00s CPU time), compiled 0 variants (0.00s CPU time), skipped 0 variants.
    Prepared data for serialisation in 0.00s
  Pass Gaussian Depth Of Field CoC (fp, metal) finished in 0.01 seconds. Local cache hits 1 (0.00s CPU time), remote cache hits 0 (0.00s CPU time), compiled 0 variants (0.00s CPU time), skipped 0 variants.
    Prepared data for serialisation in 0.00s
  Pass Gaussian Depth Of Field Prefilter (vp, metal) finished in 0.01 seconds. Local cache hits 1 (0.00s CPU time), remote cache hits 0 (0.00s CPU time), compiled 0 variants (0.00s CPU time), skipped 0 variants.
    Prepared data for serialisation in 0.00s
  Pass Gaussian Depth Of Field Prefilter (fp, metal) finished in 0.01 seconds. Local cache hits 2 (0.00s CPU time), remote cache hits 0 (0.00s CPU time), compiled 0 variants (0.00s CPU time), skipped 0 variants.
    Prepared data for serialisation in 0.00s
  Pass Gaussian Depth Of Field Blur Horizontal (vp, metal) finished in 0.01 seconds. Local cache hits 1 (0.00s CPU time), remote cache hits 0 (0.00s CPU time), compiled 0 variants (0.00s CPU time), skipped 0 variants.
    Prepared data for serialisation in 0.00s
  Pass Gaussian Depth Of Field Blur Horizontal (fp, metal) finished in 0.01 seconds. Local cache hits 1 (0.00s CPU time), remote cache hits 0 (0.00s CPU time), compiled 0 variants (0.00s CPU time), skipped 0 variants.
    Prepared data for serialisation in 0.00s
  Pass Gaussian Depth Of Field Blur Vertical (vp, metal) finished in 0.00 seconds. Local cache hits 1 (0.00s CPU time), remote cache hits 0 (0.00s CPU time), compiled 0 variants (0.00s CPU time), skipped 0 variants.
    Prepared data for serialisation in 0.00s
  Pass Gaussian Depth Of Field Blur Vertical (fp, metal) finished in 0.00 seconds. Local cache hits 1 (0.00s CPU time), remote cache hits 0 (0.00s CPU time), compiled 0 variants (0.00s CPU time), skipped 0 variants.
    Prepared data for serialisation in 0.00s
  Pass Gaussian Depth Of Field Composite (vp, metal) finished in 0.00 seconds. Local cache hits 1 (0.00s CPU time), remote cache hits 0 (0.00s CPU time), compiled 0 variants (0.00s CPU time), skipped 0 variants.
    Prepared data for serialisation in 0.00s
  Pass Gaussian Depth Of Field Composite (fp, metal) finished in 0.00 seconds. Local cache hits 2 (0.00s CPU time), remote cache hits 0 (0.00s CPU time), compiled 0 variants (0.00s CPU time), skipped 0 variants.
    Prepared data for serialisation in 0.00s
Serialized binary data for shader Hidden/Universal Render Pipeline/GaussianDepthOfField in 0.00s
    metal (total internal programs: 12, unique: 8)
Compiling shader "Hidden/Universal Render Pipeline/Bloom"
  Pass "Bloom Prefilter" (vp)
    Target graphics API: metal
    Full variant space:         1
    After settings filtering:   1
    After built-in stripping:   1
    After scriptable stripping: 1
    Processed in 0.00 seconds
  Pass "Bloom Prefilter" (fp)
    Target graphics API: metal
    Full variant space:         4
    After settings filtering:   2
    After built-in stripping:   2
    After scriptable stripping: 2
    Processed in 0.00 seconds
  Pass "Bloom Blur Horizontal" (vp)
    Target graphics API: metal
    Full variant space:         1
    After settings filtering:   1
    After built-in stripping:   1
    After scriptable stripping: 1
    Processed in 0.00 seconds
  Pass "Bloom Blur Horizontal" (fp)
    Target graphics API: metal
    Full variant space:         1
    After settings filtering:   1
    After built-in stripping:   1
    After scriptable stripping: 1
    Processed in 0.00 seconds
  Pass "Bloom Blur Vertical" (vp)
    Target graphics API: metal
    Full variant space:         1
    After settings filtering:   1
    After built-in stripping:   1
    After scriptable stripping: 1
    Processed in 0.00 seconds
  Pass "Bloom Blur Vertical" (fp)
    Target graphics API: metal
    Full variant space:         1
    After settings filtering:   1
    After built-in stripping:   1
    After scriptable stripping: 1
    Processed in 0.00 seconds
  Pass "Bloom Upsample" (vp)
    Target graphics API: metal
    Full variant space:         1
    After settings filtering:   1
    After built-in stripping:   1
    After scriptable stripping: 1
    Processed in 0.00 seconds
  Pass "Bloom Upsample" (fp)
    Target graphics API: metal
    Full variant space:         2
    After settings filtering:   2
    After built-in stripping:   2
    After scriptable stripping: 2
    Processed in 0.00 seconds
  Pass "Bloom Kawase" (vp)
    Target graphics API: metal
    Full variant space:         1
    After settings filtering:   1
    After built-in stripping:   1
    After scriptable stripping: 1
    Processed in 0.00 seconds
  Pass "Bloom Kawase" (fp)
    Target graphics API: metal
    Full variant space:         1
    After settings filtering:   1
    After built-in stripping:   1
    After scriptable stripping: 1
    Processed in 0.00 seconds
  Pass "Bloom Dual Downsample" (vp)
    Target graphics API: metal
    Full variant space:         1
    After settings filtering:   1
    After built-in stripping:   1
    After scriptable stripping: 1
    Processed in 0.00 seconds
  Pass "Bloom Dual Downsample" (fp)
    Target graphics API: metal
    Full variant space:         1
    After settings filtering:   1
    After built-in stripping:   1
    After scriptable stripping: 1
    Processed in 0.00 seconds
  Pass "Bloom Dual Upsample" (vp)
    Target graphics API: metal
    Full variant space:         1
    After settings filtering:   1
    After built-in stripping:   1
    After scriptable stripping: 1
    Processed in 0.00 seconds
  Pass "Bloom Dual Upsample" (fp)
    Target graphics API: metal
    Full variant space:         1
    After settings filtering:   1
    After built-in stripping:   1
    After scriptable stripping: 1
    Processed in 0.00 seconds
  Pass Bloom Prefilter (vp, metal) finished in 0.01 seconds. Local cache hits 1 (0.00s CPU time), remote cache hits 0 (0.00s CPU time), compiled 0 variants (0.00s CPU time), skipped 0 variants.
    Prepared data for serialisation in 0.00s
  Pass Bloom Prefilter (fp, metal) finished in 0.01 seconds. Local cache hits 2 (0.00s CPU time), remote cache hits 0 (0.00s CPU time), compiled 0 variants (0.00s CPU time), skipped 0 variants.
    Prepared data for serialisation in 0.00s
  Pass Bloom Blur Horizontal (vp, metal) finished in 0.01 seconds. Local cache hits 1 (0.00s CPU time), remote cache hits 0 (0.00s CPU time), compiled 0 variants (0.00s CPU time), skipped 0 variants.
    Prepared data for serialisation in 0.00s
  Pass Bloom Blur Horizontal (fp, metal) finished in 0.01 seconds. Local cache hits 1 (0.00s CPU time), remote cache hits 0 (0.00s CPU time), compiled 0 variants (0.00s CPU time), skipped 0 variants.
    Prepared data for serialisation in 0.00s
  Pass Bloom Blur Vertical (vp, metal) finished in 0.01 seconds. Local cache hits 1 (0.00s CPU time), remote cache hits 0 (0.00s CPU time), compiled 0 variants (0.00s CPU time), skipped 0 variants.
    Prepared data for serialisation in 0.00s
  Pass Bloom Blur Vertical (fp, metal) finished in 0.01 seconds. Local cache hits 1 (0.00s CPU time), remote cache hits 0 (0.00s CPU time), compiled 0 variants (0.00s CPU time), skipped 0 variants.
    Prepared data for serialisation in 0.00s
  Pass Bloom Upsample (vp, metal) finished in 0.00 seconds. Local cache hits 1 (0.00s CPU time), remote cache hits 0 (0.00s CPU time), compiled 0 variants (0.00s CPU time), skipped 0 variants.
    Prepared data for serialisation in 0.00s
  Pass Bloom Upsample (fp, metal) finished in 0.00 seconds. Local cache hits 2 (0.00s CPU time), remote cache hits 0 (0.00s CPU time), compiled 0 variants (0.00s CPU time), skipped 0 variants.
    Prepared data for serialisation in 0.00s
  Pass Bloom Kawase (vp, metal) finished in 0.00 seconds. Local cache hits 1 (0.00s CPU time), remote cache hits 0 (0.00s CPU time), compiled 0 variants (0.00s CPU time), skipped 0 variants.
    Prepared data for serialisation in 0.00s
  Pass Bloom Kawase (fp, metal) finished in 0.00 seconds. Local cache hits 1 (0.00s CPU time), remote cache hits 0 (0.00s CPU time), compiled 0 variants (0.00s CPU time), skipped 0 variants.
    Prepared data for serialisation in 0.00s
  Pass Bloom Dual Downsample (vp, metal) finished in 0.00 seconds. Local cache hits 1 (0.00s CPU time), remote cache hits 0 (0.00s CPU time), compiled 0 variants (0.00s CPU time), skipped 0 variants.
    Prepared data for serialisation in 0.00s
  Pass Bloom Dual Downsample (fp, metal) finished in 0.00 seconds. Local cache hits 1 (0.00s CPU time), remote cache hits 0 (0.00s CPU time), compiled 0 variants (0.00s CPU time), skipped 0 variants.
    Prepared data for serialisation in 0.00s
  Pass Bloom Dual Upsample (vp, metal) finished in 0.00 seconds. Local cache hits 1 (0.00s CPU time), remote cache hits 0 (0.00s CPU time), compiled 0 variants (0.00s CPU time), skipped 0 variants.
    Prepared data for serialisation in 0.00s
  Pass Bloom Dual Upsample (fp, metal) finished in 0.00 seconds. Local cache hits 1 (0.00s CPU time), remote cache hits 0 (0.00s CPU time), compiled 0 variants (0.00s CPU time), skipped 0 variants.
    Prepared data for serialisation in 0.00s
Serialized binary data for shader Hidden/Universal Render Pipeline/Bloom in 0.00s
    metal (total internal programs: 16, unique: 10)
Compiling shader "Hidden/Core/VrsVisualization"
  Pass "VrsVisualization" (vp)
    Target graphics API: metal
    Full variant space:         1
    After settings filtering:   1
    After built-in stripping:   1
    After scriptable stripping: 1
    Processed in 0.00 seconds
  Pass "VrsVisualization" (fp)
    Target graphics API: metal
    Full variant space:         1
    After settings filtering:   1
    After built-in stripping:   1
    After scriptable stripping: 1
    Processed in 0.00 seconds
  Pass VrsVisualization (vp, metal) finished in 0.00 seconds. Local cache hits 1 (0.00s CPU time), remote cache hits 0 (0.00s CPU time), compiled 0 variants (0.00s CPU time), skipped 0 variants.
    Prepared data for serialisation in 0.00s
  Pass VrsVisualization (fp, metal) finished in 0.00 seconds. Local cache hits 1 (0.00s CPU time), remote cache hits 0 (0.00s CPU time), compiled 0 variants (0.00s CPU time), skipped 0 variants.
    Prepared data for serialisation in 0.00s
Serialized binary data for shader Hidden/Core/VrsVisualization in 0.00s
    metal (total internal programs: 2, unique: 2)
Compiling shader "Hidden/Universal Render Pipeline/SubpixelMorphologicalAntialiasing"
  Pass "" (vp)
    Target graphics API: metal
    Full variant space:         3
    After settings filtering:   3
    After built-in stripping:   3
    After scriptable stripping: 3
    Processed in 0.00 seconds
  Pass "" (fp)
    Target graphics API: metal
    Full variant space:         3
    After settings filtering:   3
    After built-in stripping:   3
    After scriptable stripping: 3
    Processed in 0.00 seconds
  Pass "" (vp)
    Target graphics API: metal
    Full variant space:         3
    After settings filtering:   3
    After built-in stripping:   3
    After scriptable stripping: 3
    Processed in 0.00 seconds
  Pass "" (fp)
    Target graphics API: metal
    Full variant space:         3
    After settings filtering:   3
    After built-in stripping:   3
    After scriptable stripping: 3
    Processed in 0.00 seconds
  Pass "" (vp)
    Target graphics API: metal
    Full variant space:         3
    After settings filtering:   3
    After built-in stripping:   3
    After scriptable stripping: 3
    Processed in 0.00 seconds
  Pass "" (fp)
    Target graphics API: metal
    Full variant space:         3
    After settings filtering:   3
    After built-in stripping:   3
    After scriptable stripping: 3
    Processed in 0.00 seconds
  Pass  (vp, metal) finished in 0.00 seconds. Local cache hits 3 (0.00s CPU time), remote cache hits 0 (0.00s CPU time), compiled 0 variants (0.00s CPU time), skipped 0 variants.
    Prepared data for serialisation in 0.00s
  Pass  (fp, metal) finished in 0.00 seconds. Local cache hits 3 (0.00s CPU time), remote cache hits 0 (0.00s CPU time), compiled 0 variants (0.00s CPU time), skipped 0 variants.
    Prepared data for serialisation in 0.00s
  Pass  (vp, metal) finished in 0.00 seconds. Local cache hits 3 (0.00s CPU time), remote cache hits 0 (0.00s CPU time), compiled 0 variants (0.00s CPU time), skipped 0 variants.
    Prepared data for serialisation in 0.00s
  Pass  (fp, metal) finished in 0.00 seconds. Local cache hits 3 (0.00s CPU time), remote cache hits 0 (0.00s CPU time), compiled 0 variants (0.00s CPU time), skipped 0 variants.
    Prepared data for serialisation in 0.00s
  Pass  (vp, metal) finished in 0.00 seconds. Local cache hits 3 (0.00s CPU time), remote cache hits 0 (0.00s CPU time), compiled 0 variants (0.00s CPU time), skipped 0 variants.
    Prepared data for serialisation in 0.00s
  Pass  (fp, metal) finished in 0.00 seconds. Local cache hits 3 (0.00s CPU time), remote cache hits 0 (0.00s CPU time), compiled 0 variants (0.00s CPU time), skipped 0 variants.
    Prepared data for serialisation in 0.00s
Serialized binary data for shader Hidden/Universal Render Pipeline/SubpixelMorphologicalAntialiasing in 0.00s
    metal (total internal programs: 18, unique: 18)
Compiling shader "Hidden/Universal Render Pipeline/LutBuilderLdr"
  Pass "LutBuilderLdr" (vp)
    Target graphics API: metal
    Full variant space:         1
    After settings filtering:   1
    After built-in stripping:   1
    After scriptable stripping: 1
    Processed in 0.00 seconds
  Pass "LutBuilderLdr" (fp)
    Target graphics API: metal
    Full variant space:         1
    After settings filtering:   1
    After built-in stripping:   1
    After scriptable stripping: 1
    Processed in 0.00 seconds
  Pass LutBuilderLdr (vp, metal) finished in 0.00 seconds. Local cache hits 1 (0.00s CPU time), remote cache hits 0 (0.00s CPU time), compiled 0 variants (0.00s CPU time), skipped 0 variants.
    Prepared data for serialisation in 0.00s
  Pass LutBuilderLdr (fp, metal) finished in 0.00 seconds. Local cache hits 1 (0.00s CPU time), remote cache hits 0 (0.00s CPU time), compiled 0 variants (0.00s CPU time), skipped 0 variants.
    Prepared data for serialisation in 0.00s
Serialized binary data for shader Hidden/Universal Render Pipeline/LutBuilderLdr in 0.00s
    metal (total internal programs: 2, unique: 2)
Compiling shader "Hidden/Universal Render Pipeline/LensFlareDataDriven"
  Pass "LensFlareAdditive" (vp)
    Target graphics API: metal
    Full variant space:         4
    After settings filtering:   4
    After built-in stripping:   4
    After scriptable stripping: 4
    Processed in 0.00 seconds
  Pass "LensFlareAdditive" (fp)
    Target graphics API: metal
    Full variant space:         4
    After settings filtering:   4
    After built-in stripping:   4
    After scriptable stripping: 4
    Processed in 0.00 seconds
  Pass "LensFlareScreen" (vp)
    Target graphics API: metal
    Full variant space:         4
    After settings filtering:   4
    After built-in stripping:   4
    After scriptable stripping: 4
    Processed in 0.00 seconds
  Pass "LensFlareScreen" (fp)
    Target graphics API: metal
    Full variant space:         4
    After settings filtering:   4
    After built-in stripping:   4
    After scriptable stripping: 4
    Processed in 0.00 seconds
  Pass "LensFlarePremultiply" (vp)
    Target graphics API: metal
    Full variant space:         4
    After settings filtering:   4
    After built-in stripping:   4
    After scriptable stripping: 4
    Processed in 0.00 seconds
  Pass "LensFlarePremultiply" (fp)
    Target graphics API: metal
    Full variant space:         4
    After settings filtering:   4
    After built-in stripping:   4
    After scriptable stripping: 4
    Processed in 0.00 seconds
  Pass "LensFlareLerp" (vp)
    Target graphics API: metal
    Full variant space:         4
    After settings filtering:   4
    After built-in stripping:   4
    After scriptable stripping: 4
    Processed in 0.00 seconds
  Pass "LensFlareLerp" (fp)
    Target graphics API: metal
    Full variant space:         4
    After settings filtering:   4
    After built-in stripping:   4
    After scriptable stripping: 4
    Processed in 0.00 seconds
  Pass "LensFlareOcclusion" (vp)
    Target graphics API: metal
    Full variant space:         1
    After settings filtering:   1
    After built-in stripping:   1
    After scriptable stripping: 1
    Processed in 0.00 seconds
  Pass "LensFlareOcclusion" (fp)
    Target graphics API: metal
    Full variant space:         1
    After settings filtering:   1
    After built-in stripping:   1
    After scriptable stripping: 1
    Processed in 0.00 seconds
  Pass LensFlareAdditive (vp, metal) finished in 0.01 seconds. Local cache hits 4 (0.00s CPU time), remote cache hits 0 (0.00s CPU time), compiled 0 variants (0.00s CPU time), skipped 0 variants.
    Prepared data for serialisation in 0.00s
  Pass LensFlareAdditive (fp, metal) finished in 0.01 seconds. Local cache hits 4 (0.00s CPU time), remote cache hits 0 (0.00s CPU time), compiled 0 variants (0.00s CPU time), skipped 0 variants.
    Prepared data for serialisation in 0.00s
  Pass LensFlareScreen (vp, metal) finished in 0.00 seconds. Local cache hits 4 (0.00s CPU time), remote cache hits 0 (0.00s CPU time), compiled 0 variants (0.00s CPU time), skipped 0 variants.
    Prepared data for serialisation in 0.00s
  Pass LensFlareScreen (fp, metal) finished in 0.00 seconds. Local cache hits 4 (0.00s CPU time), remote cache hits 0 (0.00s CPU time), compiled 0 variants (0.00s CPU time), skipped 0 variants.
    Prepared data for serialisation in 0.00s
  Pass LensFlarePremultiply (vp, metal) finished in 0.00 seconds. Local cache hits 4 (0.00s CPU time), remote cache hits 0 (0.00s CPU time), compiled 0 variants (0.00s CPU time), skipped 0 variants.
    Prepared data for serialisation in 0.00s
  Pass LensFlarePremultiply (fp, metal) finished in 0.00 seconds. Local cache hits 4 (0.00s CPU time), remote cache hits 0 (0.00s CPU time), compiled 0 variants (0.00s CPU time), skipped 0 variants.
    Prepared data for serialisation in 0.00s
  Pass LensFlareLerp (vp, metal) finished in 0.00 seconds. Local cache hits 4 (0.00s CPU time), remote cache hits 0 (0.00s CPU time), compiled 0 variants (0.00s CPU time), skipped 0 variants.
    Prepared data for serialisation in 0.00s
  Pass LensFlareLerp (fp, metal) finished in 0.00 seconds. Local cache hits 4 (0.00s CPU time), remote cache hits 0 (0.00s CPU time), compiled 0 variants (0.00s CPU time), skipped 0 variants.
    Prepared data for serialisation in 0.00s
  Pass LensFlareOcclusion (vp, metal) finished in 0.00 seconds. Local cache hits 1 (0.00s CPU time), remote cache hits 0 (0.00s CPU time), compiled 0 variants (0.00s CPU time), skipped 0 variants.
    Prepared data for serialisation in 0.00s
  Pass LensFlareOcclusion (fp, metal) finished in 0.00 seconds. Local cache hits 1 (0.00s CPU time), remote cache hits 0 (0.00s CPU time), compiled 0 variants (0.00s CPU time), skipped 0 variants.
    Prepared data for serialisation in 0.00s
Serialized binary data for shader Hidden/Universal Render Pipeline/LensFlareDataDriven in 0.00s
    metal (total internal programs: 34, unique: 14)
Compiling shader "Hidden/Universal Render Pipeline/LensFlareScreenSpace"
  Pass "LensFlareScreenSpac Prefilter" (vp)
    Target graphics API: metal
    Full variant space:         1
    After settings filtering:   1
    After built-in stripping:   1
    After scriptable stripping: 1
    Processed in 0.00 seconds
  Pass "LensFlareScreenSpac Prefilter" (fp)
    Target graphics API: metal
    Full variant space:         1
    After settings filtering:   1
    After built-in stripping:   1
    After scriptable stripping: 1
    Processed in 0.00 seconds
  Pass "LensFlareScreenSpace Downsample" (vp)
    Target graphics API: metal
    Full variant space:         1
    After settings filtering:   1
    After built-in stripping:   1
    After scriptable stripping: 1
    Processed in 0.00 seconds
  Pass "LensFlareScreenSpace Downsample" (fp)
    Target graphics API: metal
    Full variant space:         1
    After settings filtering:   1
    After built-in stripping:   1
    After scriptable stripping: 1
    Processed in 0.00 seconds
  Pass "LensFlareScreenSpace Upsample" (vp)
    Target graphics API: metal
    Full variant space:         1
    After settings filtering:   1
    After built-in stripping:   1
    After scriptable stripping: 1
    Processed in 0.00 seconds
  Pass "LensFlareScreenSpace Upsample" (fp)
    Target graphics API: metal
    Full variant space:         1
    After settings filtering:   1
    After built-in stripping:   1
    After scriptable stripping: 1
    Processed in 0.00 seconds
  Pass "LensFlareScreenSpace Composition" (vp)
    Target graphics API: metal
    Full variant space:         1
    After settings filtering:   1
    After built-in stripping:   1
    After scriptable stripping: 1
    Processed in 0.00 seconds
  Pass "LensFlareScreenSpace Composition" (fp)
    Target graphics API: metal
    Full variant space:         1
    After settings filtering:   1
    After built-in stripping:   1
    After scriptable stripping: 1
    Processed in 0.00 seconds
  Pass "LensFlareScreenSpace Write to BloomTexture" (vp)
    Target graphics API: metal
    Full variant space:         1
    After settings filtering:   1
    After built-in stripping:   1
    After scriptable stripping: 1
    Processed in 0.00 seconds
  Pass "LensFlareScreenSpace Write to BloomTexture" (fp)
    Target graphics API: metal
    Full variant space:         1
    After settings filtering:   1
    After built-in stripping:   1
    After scriptable stripping: 1
    Processed in 0.00 seconds
  Pass LensFlareScreenSpac Prefilter (vp, metal) finished in 0.01 seconds. Local cache hits 1 (0.00s CPU time), remote cache hits 0 (0.00s CPU time), compiled 0 variants (0.00s CPU time), skipped 0 variants.
    Prepared data for serialisation in 0.00s
  Pass LensFlareScreenSpac Prefilter (fp, metal) finished in 0.00 seconds. Local cache hits 1 (0.00s CPU time), remote cache hits 0 (0.00s CPU time), compiled 0 variants (0.00s CPU time), skipped 0 variants.
    Prepared data for serialisation in 0.00s
  Pass LensFlareScreenSpace Downsample (vp, metal) finished in 0.00 seconds. Local cache hits 1 (0.00s CPU time), remote cache hits 0 (0.00s CPU time), compiled 0 variants (0.00s CPU time), skipped 0 variants.
    Prepared data for serialisation in 0.00s
  Pass LensFlareScreenSpace Downsample (fp, metal) finished in 0.00 seconds. Local cache hits 1 (0.00s CPU time), remote cache hits 0 (0.00s CPU time), compiled 0 variants (0.00s CPU time), skipped 0 variants.
    Prepared data for serialisation in 0.00s
  Pass LensFlareScreenSpace Upsample (vp, metal) finished in 0.00 seconds. Local cache hits 1 (0.00s CPU time), remote cache hits 0 (0.00s CPU time), compiled 0 variants (0.00s CPU time), skipped 0 variants.
    Prepared data for serialisation in 0.00s
  Pass LensFlareScreenSpace Upsample (fp, metal) finished in 0.00 seconds. Local cache hits 1 (0.00s CPU time), remote cache hits 0 (0.00s CPU time), compiled 0 variants (0.00s CPU time), skipped 0 variants.
    Prepared data for serialisation in 0.00s
  Pass LensFlareScreenSpace Composition (vp, metal) finished in 0.00 seconds. Local cache hits 1 (0.00s CPU time), remote cache hits 0 (0.00s CPU time), compiled 0 variants (0.00s CPU time), skipped 0 variants.
    Prepared data for serialisation in 0.00s
  Pass LensFlareScreenSpace Composition (fp, metal) finished in 0.00 seconds. Local cache hits 1 (0.00s CPU time), remote cache hits 0 (0.00s CPU time), compiled 0 variants (0.00s CPU time), skipped 0 variants.
    Prepared data for serialisation in 0.00s
  Pass LensFlareScreenSpace Write to BloomTexture (vp, metal) finished in 0.00 seconds. Local cache hits 1 (0.00s CPU time), remote cache hits 0 (0.00s CPU time), compiled 0 variants (0.00s CPU time), skipped 0 variants.
    Prepared data for serialisation in 0.00s
  Pass LensFlareScreenSpace Write to BloomTexture (fp, metal) finished in 0.00 seconds. Local cache hits 1 (0.00s CPU time), remote cache hits 0 (0.00s CPU time), compiled 0 variants (0.00s CPU time), skipped 0 variants.
    Prepared data for serialisation in 0.00s
Serialized binary data for shader Hidden/Universal Render Pipeline/LensFlareScreenSpace in 0.00s
    metal (total internal programs: 10, unique: 6)
Compiling shader "Hidden/Shadow2DUnshadowGeometry"
  Pass "Geometry Unshadow (0) - Stencil: Ref 1, Comp Always, Pass Replace" (vp)
    Target graphics API: metal
    Full variant space:         1
    After settings filtering:   1
    After built-in stripping:   1
    After scriptable stripping: 1
    Processed in 0.00 seconds
  Pass "Geometry Unshadow (0) - Stencil: Ref 1, Comp Always, Pass Replace" (fp)
    Target graphics API: metal
    Full variant space:         1
    After settings filtering:   1
    After built-in stripping:   1
    After scriptable stripping: 1
    Processed in 0.00 seconds
  Pass "Geometry Unshadow (B) - Stencil: Ref 0, Comp Always, Pass Replace" (vp)
    Target graphics API: metal
    Full variant space:         1
    After settings filtering:   1
    After built-in stripping:   1
    After scriptable stripping: 1
    Processed in 0.00 seconds
  Pass "Geometry Unshadow (B) - Stencil: Ref 0, Comp Always, Pass Replace" (fp)
    Target graphics API: metal
    Full variant space:         1
    After settings filtering:   1
    After built-in stripping:   1
    After scriptable stripping: 1
    Processed in 0.00 seconds
  Pass Geometry Unshadow (0) - Stencil: Ref 1, Comp Always, Pass Replace (vp, metal) finished in 0.00 seconds. Local cache hits 1 (0.00s CPU time), remote cache hits 0 (0.00s CPU time), compiled 0 variants (0.00s CPU time), skipped 0 variants.
    Prepared data for serialisation in 0.00s
  Pass Geometry Unshadow (0) - Stencil: Ref 1, Comp Always, Pass Replace (fp, metal) finished in 0.00 seconds. Local cache hits 1 (0.00s CPU time), remote cache hits 0 (0.00s CPU time), compiled 0 variants (0.00s CPU time), skipped 0 variants.
    Prepared data for serialisation in 0.00s
  Pass Geometry Unshadow (B) - Stencil: Ref 0, Comp Always, Pass Replace (vp, metal) finished in 0.00 seconds. Local cache hits 1 (0.00s CPU time), remote cache hits 0 (0.00s CPU time), compiled 0 variants (0.00s CPU time), skipped 0 variants.
    Prepared data for serialisation in 0.00s
  Pass Geometry Unshadow (B) - Stencil: Ref 0, Comp Always, Pass Replace (fp, metal) finished in 0.00 seconds. Local cache hits 1 (0.00s CPU time), remote cache hits 0 (0.00s CPU time), compiled 0 variants (0.00s CPU time), skipped 0 variants.
    Prepared data for serialisation in 0.00s
Serialized binary data for shader Hidden/Shadow2DUnshadowGeometry in 0.00s
    metal (total internal programs: 4, unique: 3)
Compiling shader "Hidden/Universal/CoreBlit"
  Pass "Nearest" (vp)
    Target graphics API: metal
    Full variant space:         1
    After settings filtering:   1
    After built-in stripping:   1
    After scriptable stripping: 1
    Processed in 0.00 seconds
  Pass "Nearest" (fp)
    Target graphics API: metal
    Full variant space:         1
    After settings filtering:   1
    After built-in stripping:   1
    After scriptable stripping: 1
    Processed in 0.00 seconds
  Pass "Bilinear" (vp)
    Target graphics API: metal
    Full variant space:         1
    After settings filtering:   1
    After built-in stripping:   1
    After scriptable stripping: 1
    Processed in 0.00 seconds
  Pass "Bilinear" (fp)
    Target graphics API: metal
    Full variant space:         1
    After settings filtering:   1
    After built-in stripping:   1
    After scriptable stripping: 1
    Processed in 0.00 seconds
  Pass "NearestQuad" (vp)
    Target graphics API: metal
    Full variant space:         1
    After settings filtering:   1
    After built-in stripping:   1
    After scriptable stripping: 1
    Processed in 0.00 seconds
  Pass "NearestQuad" (fp)
    Target graphics API: metal
    Full variant space:         1
    After settings filtering:   1
    After built-in stripping:   1
    After scriptable stripping: 1
    Processed in 0.00 seconds
  Pass "BilinearQuad" (vp)
    Target graphics API: metal
    Full variant space:         1
    After settings filtering:   1
    After built-in stripping:   1
    After scriptable stripping: 1
    Processed in 0.00 seconds
  Pass "BilinearQuad" (fp)
    Target graphics API: metal
    Full variant space:         1
    After settings filtering:   1
    After built-in stripping:   1
    After scriptable stripping: 1
    Processed in 0.00 seconds
  Pass "NearestQuadPadding" (vp)
    Target graphics API: metal
    Full variant space:         1
    After settings filtering:   1
    After built-in stripping:   1
    After scriptable stripping: 1
    Processed in 0.00 seconds
  Pass "NearestQuadPadding" (fp)
    Target graphics API: metal
    Full variant space:         1
    After settings filtering:   1
    After built-in stripping:   1
    After scriptable stripping: 1
    Processed in 0.00 seconds
  Pass "BilinearQuadPadding" (vp)
    Target graphics API: metal
    Full variant space:         1
    After settings filtering:   1
    After built-in stripping:   1
    After scriptable stripping: 1
    Processed in 0.00 seconds
  Pass "BilinearQuadPadding" (fp)
    Target graphics API: metal
    Full variant space:         1
    After settings filtering:   1
    After built-in stripping:   1
    After scriptable stripping: 1
    Processed in 0.00 seconds
  Pass "NearestQuadPaddingRepeat" (vp)
    Target graphics API: metal
    Full variant space:         1
    After settings filtering:   1
    After built-in stripping:   1
    After scriptable stripping: 1
    Processed in 0.00 seconds
  Pass "NearestQuadPaddingRepeat" (fp)
    Target graphics API: metal
    Full variant space:         1
    After settings filtering:   1
    After built-in stripping:   1
    After scriptable stripping: 1
    Processed in 0.00 seconds
  Pass "BilinearQuadPaddingRepeat" (vp)
    Target graphics API: metal
    Full variant space:         1
    After settings filtering:   1
    After built-in stripping:   1
    After scriptable stripping: 1
    Processed in 0.00 seconds
  Pass "BilinearQuadPaddingRepeat" (fp)
    Target graphics API: metal
    Full variant space:         1
    After settings filtering:   1
    After built-in stripping:   1
    After scriptable stripping: 1
    Processed in 0.00 seconds
  Pass "BilinearQuadPaddingOctahedral" (vp)
    Target graphics API: metal
    Full variant space:         1
    After settings filtering:   1
    After built-in stripping:   1
    After scriptable stripping: 1
    Processed in 0.00 seconds
  Pass "BilinearQuadPaddingOctahedral" (fp)
    Target graphics API: metal
    Full variant space:         1
    After settings filtering:   1
    After built-in stripping:   1
    After scriptable stripping: 1
    Processed in 0.00 seconds
  Pass "NearestQuadPaddingAlphaBlend" (vp)
    Target graphics API: metal
    Full variant space:         1
    After settings filtering:   1
    After built-in stripping:   1
    After scriptable stripping: 1
    Processed in 0.00 seconds
  Pass "NearestQuadPaddingAlphaBlend" (fp)
    Target graphics API: metal
    Full variant space:         1
    After settings filtering:   1
    After built-in stripping:   1
    After scriptable stripping: 1
    Processed in 0.00 seconds
  Pass "BilinearQuadPaddingAlphaBlend" (vp)
    Target graphics API: metal
    Full variant space:         1
    After settings filtering:   1
    After built-in stripping:   1
    After scriptable stripping: 1
    Processed in 0.00 seconds
  Pass "BilinearQuadPaddingAlphaBlend" (fp)
    Target graphics API: metal
    Full variant space:         1
    After settings filtering:   1
    After built-in stripping:   1
    After scriptable stripping: 1
    Processed in 0.00 seconds
  Pass "NearestQuadPaddingAlphaBlendRepeat" (vp)
    Target graphics API: metal
    Full variant space:         1
    After settings filtering:   1
    After built-in stripping:   1
    After scriptable stripping: 1
    Processed in 0.00 seconds
  Pass "NearestQuadPaddingAlphaBlendRepeat" (fp)
    Target graphics API: metal
    Full variant space:         1
    After settings filtering:   1
    After built-in stripping:   1
    After scriptable stripping: 1
    Processed in 0.00 seconds
  Pass "BilinearQuadPaddingAlphaBlendRepeat" (vp)
    Target graphics API: metal
    Full variant space:         1
    After settings filtering:   1
    After built-in stripping:   1
    After scriptable stripping: 1
    Processed in 0.00 seconds
  Pass "BilinearQuadPaddingAlphaBlendRepeat" (fp)
    Target graphics API: metal
    Full variant space:         1
    After settings filtering:   1
    After built-in stripping:   1
    After scriptable stripping: 1
    Processed in 0.00 seconds
  Pass "BilinearQuadPaddingAlphaBlendOctahedral" (vp)
    Target graphics API: metal
    Full variant space:         1
    After settings filtering:   1
    After built-in stripping:   1
    After scriptable stripping: 1
    Processed in 0.00 seconds
  Pass "BilinearQuadPaddingAlphaBlendOctahedral" (fp)
    Target graphics API: metal
    Full variant space:         1
    After settings filtering:   1
    After built-in stripping:   1
    After scriptable stripping: 1
    Processed in 0.00 seconds
  Pass "CubeToOctahedral" (vp)
    Target graphics API: metal
    Full variant space:         1
    After settings filtering:   1
    After built-in stripping:   1
    After scriptable stripping: 1
    Processed in 0.00 seconds
  Pass "CubeToOctahedral" (fp)
    Target graphics API: metal
    Full variant space:         1
    After settings filtering:   1
    After built-in stripping:   1
    After scriptable stripping: 1
    Processed in 0.00 seconds
  Pass "CubeToOctahedralLuminance" (vp)
    Target graphics API: metal
    Full variant space:         1
    After settings filtering:   1
    After built-in stripping:   1
    After scriptable stripping: 1
    Processed in 0.00 seconds
  Pass "CubeToOctahedralLuminance" (fp)
    Target graphics API: metal
    Full variant space:         1
    After settings filtering:   1
    After built-in stripping:   1
    After scriptable stripping: 1
    Processed in 0.00 seconds
  Pass "CubeToOctahedralAlpha" (vp)
    Target graphics API: metal
    Full variant space:         1
    After settings filtering:   1
    After built-in stripping:   1
    After scriptable stripping: 1
    Processed in 0.00 seconds
  Pass "CubeToOctahedralAlpha" (fp)
    Target graphics API: metal
    Full variant space:         1
    After settings filtering:   1
    After built-in stripping:   1
    After scriptable stripping: 1
    Processed in 0.00 seconds
  Pass "CubeToOctahedralRed" (vp)
    Target graphics API: metal
    Full variant space:         1
    After settings filtering:   1
    After built-in stripping:   1
    After scriptable stripping: 1
    Processed in 0.00 seconds
  Pass "CubeToOctahedralRed" (fp)
    Target graphics API: metal
    Full variant space:         1
    After settings filtering:   1
    After built-in stripping:   1
    After scriptable stripping: 1
    Processed in 0.00 seconds
  Pass "BilinearQuadLuminance" (vp)
    Target graphics API: metal
    Full variant space:         1
    After settings filtering:   1
    After built-in stripping:   1
    After scriptable stripping: 1
    Processed in 0.00 seconds
  Pass "BilinearQuadLuminance" (fp)
    Target graphics API: metal
    Full variant space:         1
    After settings filtering:   1
    After built-in stripping:   1
    After scriptable stripping: 1
    Processed in 0.00 seconds
  Pass "BilinearQuadAlpha" (vp)
    Target graphics API: metal
    Full variant space:         1
    After settings filtering:   1
    After built-in stripping:   1
    After scriptable stripping: 1
    Processed in 0.00 seconds
  Pass "BilinearQuadAlpha" (fp)
    Target graphics API: metal
    Full variant space:         1
    After settings filtering:   1
    After built-in stripping:   1
    After scriptable stripping: 1
    Processed in 0.00 seconds
  Pass "BilinearQuadRed" (vp)
    Target graphics API: metal
    Full variant space:         1
    After settings filtering:   1
    After built-in stripping:   1
    After scriptable stripping: 1
    Processed in 0.00 seconds
  Pass "BilinearQuadRed" (fp)
    Target graphics API: metal
    Full variant space:         1
    After settings filtering:   1
    After built-in stripping:   1
    After scriptable stripping: 1
    Processed in 0.00 seconds
  Pass "NearestCubeToOctahedralPadding" (vp)
    Target graphics API: metal
    Full variant space:         2
    After settings filtering:   2
    After built-in stripping:   2
    After scriptable stripping: 2
    Processed in 0.00 seconds
  Pass "NearestCubeToOctahedralPadding" (fp)
    Target graphics API: metal
    Full variant space:         2
    After settings filtering:   2
    After built-in stripping:   2
    After scriptable stripping: 2
    Processed in 0.00 seconds
  Pass "BilinearCubeToOctahedralPadding" (vp)
    Target graphics API: metal
    Full variant space:         2
    After settings filtering:   2
    After built-in stripping:   2
    After scriptable stripping: 2
    Processed in 0.00 seconds
  Pass "BilinearCubeToOctahedralPadding" (fp)
    Target graphics API: metal
    Full variant space:         2
    After settings filtering:   2
    After built-in stripping:   2
    After scriptable stripping: 2
    Processed in 0.00 seconds
  Pass "BilinearDebugDraw" (vp)
    Target graphics API: metal
    Full variant space:         1
    After settings filtering:   1
    After built-in stripping:   1
    After scriptable stripping: 1
    Processed in 0.00 seconds
  Pass "BilinearDebugDraw" (fp)
    Target graphics API: metal
    Full variant space:         4
    After settings filtering:   2
    After built-in stripping:   2
    After scriptable stripping: 2
    Processed in 0.00 seconds
  Pass "NearestDebugDraw" (vp)
    Target graphics API: metal
    Full variant space:         1
    After settings filtering:   1
    After built-in stripping:   1
    After scriptable stripping: 1
    Processed in 0.00 seconds
  Pass "NearestDebugDraw" (fp)
    Target graphics API: metal
    Full variant space:         4
    After settings filtering:   2
    After built-in stripping:   2
    After scriptable stripping: 2
    Processed in 0.00 seconds
  Pass Nearest (vp, metal) finished in 0.03 seconds. Local cache hits 1 (0.00s CPU time), remote cache hits 0 (0.00s CPU time), compiled 0 variants (0.00s CPU time), skipped 0 variants.
    Prepared data for serialisation in 0.00s
  Pass Nearest (fp, metal) finished in 0.03 seconds. Local cache hits 1 (0.00s CPU time), remote cache hits 0 (0.00s CPU time), compiled 0 variants (0.00s CPU time), skipped 0 variants.
    Prepared data for serialisation in 0.00s
  Pass Bilinear (vp, metal) finished in 0.03 seconds. Local cache hits 1 (0.00s CPU time), remote cache hits 0 (0.00s CPU time), compiled 0 variants (0.00s CPU time), skipped 0 variants.
    Prepared data for serialisation in 0.00s
  Pass Bilinear (fp, metal) finished in 0.03 seconds. Local cache hits 1 (0.00s CPU time), remote cache hits 0 (0.00s CPU time), compiled 0 variants (0.00s CPU time), skipped 0 variants.
    Prepared data for serialisation in 0.00s
  Pass NearestQuad (vp, metal) finished in 0.03 seconds. Local cache hits 1 (0.00s CPU time), remote cache hits 0 (0.00s CPU time), compiled 0 variants (0.00s CPU time), skipped 0 variants.
    Prepared data for serialisation in 0.00s
  Pass NearestQuad (fp, metal) finished in 0.03 seconds. Local cache hits 1 (0.00s CPU time), remote cache hits 0 (0.00s CPU time), compiled 0 variants (0.00s CPU time), skipped 0 variants.
    Prepared data for serialisation in 0.00s
  Pass BilinearQuad (vp, metal) finished in 0.03 seconds. Local cache hits 1 (0.00s CPU time), remote cache hits 0 (0.00s CPU time), compiled 0 variants (0.00s CPU time), skipped 0 variants.
    Prepared data for serialisation in 0.00s
  Pass BilinearQuad (fp, metal) finished in 0.03 seconds. Local cache hits 1 (0.00s CPU time), remote cache hits 0 (0.00s CPU time), compiled 0 variants (0.00s CPU time), skipped 0 variants.
    Prepared data for serialisation in 0.00s
  Pass NearestQuadPadding (vp, metal) finished in 0.03 seconds. Local cache hits 1 (0.00s CPU time), remote cache hits 0 (0.00s CPU time), compiled 0 variants (0.00s CPU time), skipped 0 variants.
    Prepared data for serialisation in 0.00s
  Pass NearestQuadPadding (fp, metal) finished in 0.02 seconds. Local cache hits 1 (0.00s CPU time), remote cache hits 0 (0.00s CPU time), compiled 0 variants (0.00s CPU time), skipped 0 variants.
    Prepared data for serialisation in 0.00s
  Pass BilinearQuadPadding (vp, metal) finished in 0.02 seconds. Local cache hits 1 (0.00s CPU time), remote cache hits 0 (0.00s CPU time), compiled 0 variants (0.00s CPU time), skipped 0 variants.
    Prepared data for serialisation in 0.00s
  Pass BilinearQuadPadding (fp, metal) finished in 0.02 seconds. Local cache hits 1 (0.00s CPU time), remote cache hits 0 (0.00s CPU time), compiled 0 variants (0.00s CPU time), skipped 0 variants.
    Prepared data for serialisation in 0.00s
  Pass NearestQuadPaddingRepeat (vp, metal) finished in 0.02 seconds. Local cache hits 1 (0.00s CPU time), remote cache hits 0 (0.00s CPU time), compiled 0 variants (0.00s CPU time), skipped 0 variants.
    Prepared data for serialisation in 0.00s
  Pass NearestQuadPaddingRepeat (fp, metal) finished in 0.02 seconds. Local cache hits 1 (0.00s CPU time), remote cache hits 0 (0.00s CPU time), compiled 0 variants (0.00s CPU time), skipped 0 variants.
    Prepared data for serialisation in 0.00s
  Pass BilinearQuadPaddingRepeat (vp, metal) finished in 0.02 seconds. Local cache hits 1 (0.00s CPU time), remote cache hits 0 (0.00s CPU time), compiled 0 variants (0.00s CPU time), skipped 0 variants.
    Prepared data for serialisation in 0.00s
  Pass BilinearQuadPaddingRepeat (fp, metal) finished in 0.02 seconds. Local cache hits 1 (0.00s CPU time), remote cache hits 0 (0.00s CPU time), compiled 0 variants (0.00s CPU time), skipped 0 variants.
    Prepared data for serialisation in 0.00s
  Pass BilinearQuadPaddingOctahedral (vp, metal) finished in 0.02 seconds. Local cache hits 1 (0.00s CPU time), remote cache hits 0 (0.00s CPU time), compiled 0 variants (0.00s CPU time), skipped 0 variants.
    Prepared data for serialisation in 0.00s
  Pass BilinearQuadPaddingOctahedral (fp, metal) finished in 0.02 seconds. Local cache hits 1 (0.00s CPU time), remote cache hits 0 (0.00s CPU time), compiled 0 variants (0.00s CPU time), skipped 0 variants.
    Prepared data for serialisation in 0.00s
  Pass NearestQuadPaddingAlphaBlend (vp, metal) finished in 0.02 seconds. Local cache hits 1 (0.00s CPU time), remote cache hits 0 (0.00s CPU time), compiled 0 variants (0.00s CPU time), skipped 0 variants.
    Prepared data for serialisation in 0.00s
  Pass NearestQuadPaddingAlphaBlend (fp, metal) finished in 0.02 seconds. Local cache hits 1 (0.00s CPU time), remote cache hits 0 (0.00s CPU time), compiled 0 variants (0.00s CPU time), skipped 0 variants.
    Prepared data for serialisation in 0.00s
  Pass BilinearQuadPaddingAlphaBlend (vp, metal) finished in 0.02 seconds. Local cache hits 1 (0.00s CPU time), remote cache hits 0 (0.00s CPU time), compiled 0 variants (0.00s CPU time), skipped 0 variants.
    Prepared data for serialisation in 0.00s
  Pass BilinearQuadPaddingAlphaBlend (fp, metal) finished in 0.02 seconds. Local cache hits 1 (0.00s CPU time), remote cache hits 0 (0.00s CPU time), compiled 0 variants (0.00s CPU time), skipped 0 variants.
    Prepared data for serialisation in 0.00s
  Pass NearestQuadPaddingAlphaBlendRepeat (vp, metal) finished in 0.02 seconds. Local cache hits 1 (0.00s CPU time), remote cache hits 0 (0.00s CPU time), compiled 0 variants (0.00s CPU time), skipped 0 variants.
    Prepared data for serialisation in 0.00s
  Pass NearestQuadPaddingAlphaBlendRepeat (fp, metal) finished in 0.02 seconds. Local cache hits 1 (0.00s CPU time), remote cache hits 0 (0.00s CPU time), compiled 0 variants (0.00s CPU time), skipped 0 variants.
    Prepared data for serialisation in 0.00s
  Pass BilinearQuadPaddingAlphaBlendRepeat (vp, metal) finished in 0.02 seconds. Local cache hits 1 (0.00s CPU time), remote cache hits 0 (0.00s CPU time), compiled 0 variants (0.00s CPU time), skipped 0 variants.
    Prepared data for serialisation in 0.00s
  Pass BilinearQuadPaddingAlphaBlendRepeat (fp, metal) finished in 0.02 seconds. Local cache hits 1 (0.00s CPU time), remote cache hits 0 (0.00s CPU time), compiled 0 variants (0.00s CPU time), skipped 0 variants.
    Prepared data for serialisation in 0.00s
  Pass BilinearQuadPaddingAlphaBlendOctahedral (vp, metal) finished in 0.01 seconds. Local cache hits 1 (0.00s CPU time), remote cache hits 0 (0.00s CPU time), compiled 0 variants (0.00s CPU time), skipped 0 variants.
    Prepared data for serialisation in 0.00s
  Pass BilinearQuadPaddingAlphaBlendOctahedral (fp, metal) finished in 0.01 seconds. Local cache hits 1 (0.00s CPU time), remote cache hits 0 (0.00s CPU time), compiled 0 variants (0.00s CPU time), skipped 0 variants.
    Prepared data for serialisation in 0.00s
  Pass CubeToOctahedral (vp, metal) finished in 0.01 seconds. Local cache hits 1 (0.00s CPU time), remote cache hits 0 (0.00s CPU time), compiled 0 variants (0.00s CPU time), skipped 0 variants.
    Prepared data for serialisation in 0.00s
  Pass CubeToOctahedral (fp, metal) finished in 0.01 seconds. Local cache hits 1 (0.00s CPU time), remote cache hits 0 (0.00s CPU time), compiled 0 variants (0.00s CPU time), skipped 0 variants.
    Prepared data for serialisation in 0.00s
  Pass CubeToOctahedralLuminance (vp, metal) finished in 0.01 seconds. Local cache hits 1 (0.00s CPU time), remote cache hits 0 (0.00s CPU time), compiled 0 variants (0.00s CPU time), skipped 0 variants.
    Prepared data for serialisation in 0.00s
  Pass CubeToOctahedralLuminance (fp, metal) finished in 0.01 seconds. Local cache hits 1 (0.00s CPU time), remote cache hits 0 (0.00s CPU time), compiled 0 variants (0.00s CPU time), skipped 0 variants.
    Prepared data for serialisation in 0.00s
  Pass CubeToOctahedralAlpha (vp, metal) finished in 0.01 seconds. Local cache hits 1 (0.00s CPU time), remote cache hits 0 (0.00s CPU time), compiled 0 variants (0.00s CPU time), skipped 0 variants.
    Prepared data for serialisation in 0.00s
  Pass CubeToOctahedralAlpha (fp, metal) finished in 0.01 seconds. Local cache hits 1 (0.00s CPU time), remote cache hits 0 (0.00s CPU time), compiled 0 variants (0.00s CPU time), skipped 0 variants.
    Prepared data for serialisation in 0.00s
  Pass CubeToOctahedralRed (vp, metal) finished in 0.01 seconds. Local cache hits 1 (0.00s CPU time), remote cache hits 0 (0.00s CPU time), compiled 0 variants (0.00s CPU time), skipped 0 variants.
    Prepared data for serialisation in 0.00s
  Pass CubeToOctahedralRed (fp, metal) finished in 0.01 seconds. Local cache hits 1 (0.00s CPU time), remote cache hits 0 (0.00s CPU time), compiled 0 variants (0.00s CPU time), skipped 0 variants.
    Prepared data for serialisation in 0.00s
  Pass BilinearQuadLuminance (vp, metal) finished in 0.01 seconds. Local cache hits 1 (0.00s CPU time), remote cache hits 0 (0.00s CPU time), compiled 0 variants (0.00s CPU time), skipped 0 variants.
    Prepared data for serialisation in 0.00s
  Pass BilinearQuadLuminance (fp, metal) finished in 0.01 seconds. Local cache hits 1 (0.00s CPU time), remote cache hits 0 (0.00s CPU time), compiled 0 variants (0.00s CPU time), skipped 0 variants.
    Prepared data for serialisation in 0.00s
  Pass BilinearQuadAlpha (vp, metal) finished in 0.01 seconds. Local cache hits 1 (0.00s CPU time), remote cache hits 0 (0.00s CPU time), compiled 0 variants (0.00s CPU time), skipped 0 variants.
    Prepared data for serialisation in 0.00s
  Pass BilinearQuadAlpha (fp, metal) finished in 0.01 seconds. Local cache hits 1 (0.00s CPU time), remote cache hits 0 (0.00s CPU time), compiled 0 variants (0.00s CPU time), skipped 0 variants.
    Prepared data for serialisation in 0.00s
  Pass BilinearQuadRed (vp, metal) finished in 0.01 seconds. Local cache hits 1 (0.00s CPU time), remote cache hits 0 (0.00s CPU time), compiled 0 variants (0.00s CPU time), skipped 0 variants.
    Prepared data for serialisation in 0.00s
  Pass BilinearQuadRed (fp, metal) finished in 0.01 seconds. Local cache hits 1 (0.00s CPU time), remote cache hits 0 (0.00s CPU time), compiled 0 variants (0.00s CPU time), skipped 0 variants.
    Prepared data for serialisation in 0.00s
  Pass NearestCubeToOctahedralPadding (vp, metal) finished in 0.00 seconds. Local cache hits 2 (0.00s CPU time), remote cache hits 0 (0.00s CPU time), compiled 0 variants (0.00s CPU time), skipped 0 variants.
    Prepared data for serialisation in 0.00s
  Pass NearestCubeToOctahedralPadding (fp, metal) finished in 0.00 seconds. Local cache hits 2 (0.00s CPU time), remote cache hits 0 (0.00s CPU time), compiled 0 variants (0.00s CPU time), skipped 0 variants.
    Prepared data for serialisation in 0.00s
  Pass BilinearCubeToOctahedralPadding (vp, metal) finished in 0.00 seconds. Local cache hits 2 (0.00s CPU time), remote cache hits 0 (0.00s CPU time), compiled 0 variants (0.00s CPU time), skipped 0 variants.
    Prepared data for serialisation in 0.00s
  Pass BilinearCubeToOctahedralPadding (fp, metal) finished in 0.00 seconds. Local cache hits 2 (0.00s CPU time), remote cache hits 0 (0.00s CPU time), compiled 0 variants (0.00s CPU time), skipped 0 variants.
    Prepared data for serialisation in 0.00s
  Pass BilinearDebugDraw (vp, metal) finished in 0.00 seconds. Local cache hits 1 (0.00s CPU time), remote cache hits 0 (0.00s CPU time), compiled 0 variants (0.00s CPU time), skipped 0 variants.
    Prepared data for serialisation in 0.00s
  Pass BilinearDebugDraw (fp, metal) finished in 0.00 seconds. Local cache hits 2 (0.00s CPU time), remote cache hits 0 (0.00s CPU time), compiled 0 variants (0.00s CPU time), skipped 0 variants.
    Prepared data for serialisation in 0.00s
  Pass NearestDebugDraw (vp, metal) finished in 0.00 seconds. Local cache hits 1 (0.00s CPU time), remote cache hits 0 (0.00s CPU time), compiled 0 variants (0.00s CPU time), skipped 0 variants.
    Prepared data for serialisation in 0.00s
  Pass NearestDebugDraw (fp, metal) finished in 0.00 seconds. Local cache hits 2 (0.00s CPU time), remote cache hits 0 (0.00s CPU time), compiled 0 variants (0.00s CPU time), skipped 0 variants.
    Prepared data for serialisation in 0.00s
Serialized binary data for shader Hidden/Universal/CoreBlit in 0.00s
    metal (total internal programs: 56, unique: 24)
Compiling shader "Hidden/Universal Render Pipeline/TemporalAA"
  Pass "TemporalAA - Accumulate - Quality Very Low" (vp)
    Target graphics API: metal
    Full variant space:         1
    After settings filtering:   1
    After built-in stripping:   1
    After scriptable stripping: 1
    Processed in 0.00 seconds
  Pass "TemporalAA - Accumulate - Quality Very Low" (fp)
    Target graphics API: metal
    Full variant space:         2
    After settings filtering:   1
    After built-in stripping:   1
    After scriptable stripping: 1
    Processed in 0.00 seconds
  Pass "TemporalAA - Accumulate - Quality Low" (vp)
    Target graphics API: metal
    Full variant space:         1
    After settings filtering:   1
    After built-in stripping:   1
    After scriptable stripping: 1
    Processed in 0.00 seconds
  Pass "TemporalAA - Accumulate - Quality Low" (fp)
    Target graphics API: metal
    Full variant space:         2
    After settings filtering:   1
    After built-in stripping:   1
    After scriptable stripping: 1
    Processed in 0.00 seconds
  Pass "TemporalAA - Accumulate - Quality Medium" (vp)
    Target graphics API: metal
    Full variant space:         1
    After settings filtering:   1
    After built-in stripping:   1
    After scriptable stripping: 1
    Processed in 0.00 seconds
  Pass "TemporalAA - Accumulate - Quality Medium" (fp)
    Target graphics API: metal
    Full variant space:         2
    After settings filtering:   1
    After built-in stripping:   1
    After scriptable stripping: 1
    Processed in 0.00 seconds
  Pass "TemporalAA - Accumulate - Quality High" (vp)
    Target graphics API: metal
    Full variant space:         1
    After settings filtering:   1
    After built-in stripping:   1
    After scriptable stripping: 1
    Processed in 0.00 seconds
  Pass "TemporalAA - Accumulate - Quality High" (fp)
    Target graphics API: metal
    Full variant space:         2
    After settings filtering:   1
    After built-in stripping:   1
    After scriptable stripping: 1
    Processed in 0.00 seconds
  Pass "TemporalAA - Accumulate - Quality Very High" (vp)
    Target graphics API: metal
    Full variant space:         1
    After settings filtering:   1
    After built-in stripping:   1
    After scriptable stripping: 1
    Processed in 0.00 seconds
  Pass "TemporalAA - Accumulate - Quality Very High" (fp)
    Target graphics API: metal
    Full variant space:         4
    After settings filtering:   2
    After built-in stripping:   2
    After scriptable stripping: 2
    Processed in 0.00 seconds
  Pass "TemporalAA - Copy History" (vp)
    Target graphics API: metal
    Full variant space:         1
    After settings filtering:   1
    After built-in stripping:   1
    After scriptable stripping: 1
    Processed in 0.00 seconds
  Pass "TemporalAA - Copy History" (fp)
    Target graphics API: metal
    Full variant space:         2
    After settings filtering:   1
    After built-in stripping:   1
    After scriptable stripping: 1
    Processed in 0.00 seconds
  Pass TemporalAA - Accumulate - Quality Very Low (vp, metal) finished in 0.01 seconds. Local cache hits 1 (0.00s CPU time), remote cache hits 0 (0.00s CPU time), compiled 0 variants (0.00s CPU time), skipped 0 variants.
    Prepared data for serialisation in 0.00s
  Pass TemporalAA - Accumulate - Quality Very Low (fp, metal) finished in 0.01 seconds. Local cache hits 1 (0.00s CPU time), remote cache hits 0 (0.00s CPU time), compiled 0 variants (0.00s CPU time), skipped 0 variants.
    Prepared data for serialisation in 0.00s
  Pass TemporalAA - Accumulate - Quality Low (vp, metal) finished in 0.01 seconds. Local cache hits 1 (0.00s CPU time), remote cache hits 0 (0.00s CPU time), compiled 0 variants (0.00s CPU time), skipped 0 variants.
    Prepared data for serialisation in 0.00s
  Pass TemporalAA - Accumulate - Quality Low (fp, metal) finished in 0.01 seconds. Local cache hits 1 (0.00s CPU time), remote cache hits 0 (0.00s CPU time), compiled 0 variants (0.00s CPU time), skipped 0 variants.
    Prepared data for serialisation in 0.00s
  Pass TemporalAA - Accumulate - Quality Medium (vp, metal) finished in 0.01 seconds. Local cache hits 1 (0.00s CPU time), remote cache hits 0 (0.00s CPU time), compiled 0 variants (0.00s CPU time), skipped 0 variants.
    Prepared data for serialisation in 0.00s
  Pass TemporalAA - Accumulate - Quality Medium (fp, metal) finished in 0.00 seconds. Local cache hits 1 (0.00s CPU time), remote cache hits 0 (0.00s CPU time), compiled 0 variants (0.00s CPU time), skipped 0 variants.
    Prepared data for serialisation in 0.00s
  Pass TemporalAA - Accumulate - Quality High (vp, metal) finished in 0.00 seconds. Local cache hits 1 (0.00s CPU time), remote cache hits 0 (0.00s CPU time), compiled 0 variants (0.00s CPU time), skipped 0 variants.
    Prepared data for serialisation in 0.00s
  Pass TemporalAA - Accumulate - Quality High (fp, metal) finished in 0.00 seconds. Local cache hits 1 (0.00s CPU time), remote cache hits 0 (0.00s CPU time), compiled 0 variants (0.00s CPU time), skipped 0 variants.
    Prepared data for serialisation in 0.00s
  Pass TemporalAA - Accumulate - Quality Very High (vp, metal) finished in 0.00 seconds. Local cache hits 1 (0.00s CPU time), remote cache hits 0 (0.00s CPU time), compiled 0 variants (0.00s CPU time), skipped 0 variants.
    Prepared data for serialisation in 0.00s
  Pass TemporalAA - Accumulate - Quality Very High (fp, metal) finished in 0.00 seconds. Local cache hits 2 (0.00s CPU time), remote cache hits 0 (0.00s CPU time), compiled 0 variants (0.00s CPU time), skipped 0 variants.
    Prepared data for serialisation in 0.00s
  Pass TemporalAA - Copy History (vp, metal) finished in 0.00 seconds. Local cache hits 1 (0.00s CPU time), remote cache hits 0 (0.00s CPU time), compiled 0 variants (0.00s CPU time), skipped 0 variants.
    Prepared data for serialisation in 0.00s
  Pass TemporalAA - Copy History (fp, metal) finished in 0.00 seconds. Local cache hits 1 (0.00s CPU time), remote cache hits 0 (0.00s CPU time), compiled 0 variants (0.00s CPU time), skipped 0 variants.
    Prepared data for serialisation in 0.00s
Serialized binary data for shader Hidden/Universal Render Pipeline/TemporalAA in 0.00s
    metal (total internal programs: 13, unique: 8)
Compiling shader "Hidden/Universal Render Pipeline/PaniniProjection"
  Pass "Panini Projection" (vp)
    Target graphics API: metal
    Full variant space:         2
    After settings filtering:   2
    After built-in stripping:   2
    After scriptable stripping: 2
    Processed in 0.00 seconds
  Pass "Panini Projection" (fp)
    Target graphics API: metal
    Full variant space:         2
    After settings filtering:   2
    After built-in stripping:   2
    After scriptable stripping: 2
    Processed in 0.00 seconds
  Pass Panini Projection (vp, metal) finished in 0.00 seconds. Local cache hits 2 (0.00s CPU time), remote cache hits 0 (0.00s CPU time), compiled 0 variants (0.00s CPU time), skipped 0 variants.
    Prepared data for serialisation in 0.00s
  Pass Panini Projection (fp, metal) finished in 0.00 seconds. Local cache hits 2 (0.00s CPU time), remote cache hits 0 (0.00s CPU time), compiled 0 variants (0.00s CPU time), skipped 0 variants.
    Prepared data for serialisation in 0.00s
Serialized binary data for shader Hidden/Universal Render Pipeline/PaniniProjection in 0.00s
    metal (total internal programs: 4, unique: 4)
Compiling shader "Hidden/Universal/BlitHDROverlay"
  Pass "BilinearDebugDraw" (vp)
    Target graphics API: metal
    Full variant space:         1
    After settings filtering:   1
    After built-in stripping:   1
    After scriptable stripping: 0
    Processed in 0.00 seconds
  Pass "BilinearDebugDraw" (fp)
    Target graphics API: metal
    Full variant space:         8
    After settings filtering:   1
    After built-in stripping:   1
    After scriptable stripping: 0
    Processed in 0.00 seconds
  Pass "NearestDebugDraw" (vp)
    Target graphics API: metal
    Full variant space:         1
    After settings filtering:   1
    After built-in stripping:   1
    After scriptable stripping: 0
    Processed in 0.00 seconds
  Pass "NearestDebugDraw" (fp)
    Target graphics API: metal
    Full variant space:         8
    After settings filtering:   1
    After built-in stripping:   1
    After scriptable stripping: 0
    Processed in 0.00 seconds
Serialized binary data for shader Hidden/Universal/BlitHDROverlay in 0.00s
    metal (total internal programs: 0, unique: 0)
Compiling shader "Hidden/Universal Render Pipeline/FinalPost"
  Pass "FinalPost" (vp)
    Target graphics API: metal
    Full variant space:         1
    After settings filtering:   1
    After built-in stripping:   1
    After scriptable stripping: 1
    Processed in 0.00 seconds
  Pass "FinalPost" (fp)
    Target graphics API: metal
    Full variant space:         2.560
    After settings filtering:   48
    After built-in stripping:   48
    After scriptable stripping: 32
    Processed in 0.00 seconds
  Pass "FinalPostXR" (vp)
    Target graphics API: metal
    Full variant space:         1
    After settings filtering:   1
    After built-in stripping:   1
    After scriptable stripping: 0
    Processed in 0.00 seconds
  Pass "FinalPostXR" (fp)
    Target graphics API: metal
    Full variant space:         2.560
    After settings filtering:   48
    After built-in stripping:   48
    After scriptable stripping: 0
    Processed in 0.00 seconds
  Pass "FinalPost" (vp)
    Target graphics API: metal
    Full variant space:         1
    After settings filtering:   1
    After built-in stripping:   1
    After scriptable stripping: 1
    Processed in 0.00 seconds
  Pass "FinalPost" (fp)
    Target graphics API: metal
    Full variant space:         2.560
    After settings filtering:   48
    After built-in stripping:   48
    After scriptable stripping: 32
    Processed in 0.00 seconds
  Pass "FinalPostXR" (vp)
    Target graphics API: metal
    Full variant space:         1
    After settings filtering:   1
    After built-in stripping:   1
    After scriptable stripping: 0
    Processed in 0.00 seconds
  Pass "FinalPostXR" (fp)
    Target graphics API: metal
    Full variant space:         2.560
    After settings filtering:   48
    After built-in stripping:   48
    After scriptable stripping: 0
    Processed in 0.00 seconds
  Pass FinalPost (vp, metal) finished in 0.01 seconds. Local cache hits 1 (0.00s CPU time), remote cache hits 0 (0.00s CPU time), compiled 0 variants (0.00s CPU time), skipped 0 variants.
    Prepared data for serialisation in 0.00s
  Pass FinalPost (fp, metal) finished in 0.01 seconds. Local cache hits 32 (0.02s CPU time), remote cache hits 0 (0.00s CPU time), compiled 0 variants (0.00s CPU time), skipped 0 variants.
    Prepared data for serialisation in 0.00s
  Pass FinalPost (vp, metal) finished in 0.00 seconds. Local cache hits 1 (0.00s CPU time), remote cache hits 0 (0.00s CPU time), compiled 0 variants (0.00s CPU time), skipped 0 variants.
    Prepared data for serialisation in 0.00s
  Pass FinalPost (fp, metal) finished in 0.00 seconds. Local cache hits 32 (0.02s CPU time), remote cache hits 0 (0.00s CPU time), compiled 0 variants (0.00s CPU time), skipped 0 variants.
    Prepared data for serialisation in 0.00s
Serialized binary data for shader Hidden/Universal Render Pipeline/FinalPost in 0.00s
    metal (total internal programs: 66, unique: 49)
Compiling shader "Hidden/ShadowProjected2D"
  Pass "Projected Shadow (R)" (vp)
    Target graphics API: metal
    Full variant space:         1
    After settings filtering:   1
    After built-in stripping:   1
    After scriptable stripping: 1
    Processed in 0.00 seconds
  Pass "Projected Shadow (R)" (fp)
    Target graphics API: metal
    Full variant space:         1
    After settings filtering:   1
    After built-in stripping:   1
    After scriptable stripping: 1
    Processed in 0.00 seconds
  Pass "Projected Unshadow (G) - Stencil: Ref 1, Comp Eq, Pass Keep" (vp)
    Target graphics API: metal
    Full variant space:         1
    After settings filtering:   1
    After built-in stripping:   1
    After scriptable stripping: 1
    Processed in 0.00 seconds
  Pass "Projected Unshadow (G) - Stencil: Ref 1, Comp Eq, Pass Keep" (fp)
    Target graphics API: metal
    Full variant space:         1
    After settings filtering:   1
    After built-in stripping:   1
    After scriptable stripping: 1
    Processed in 0.00 seconds
  Pass Projected Shadow (R) (vp, metal) finished in 0.00 seconds. Local cache hits 1 (0.00s CPU time), remote cache hits 0 (0.00s CPU time), compiled 0 variants (0.00s CPU time), skipped 0 variants.
    Prepared data for serialisation in 0.00s
  Pass Projected Shadow (R) (fp, metal) finished in 0.00 seconds. Local cache hits 1 (0.00s CPU time), remote cache hits 0 (0.00s CPU time), compiled 0 variants (0.00s CPU time), skipped 0 variants.
    Prepared data for serialisation in 0.00s
  Pass Projected Unshadow (G) - Stencil: Ref 1, Comp Eq, Pass Keep (vp, metal) finished in 0.00 seconds. Local cache hits 1 (0.00s CPU time), remote cache hits 0 (0.00s CPU time), compiled 0 variants (0.00s CPU time), skipped 0 variants.
    Prepared data for serialisation in 0.00s
  Pass Projected Unshadow (G) - Stencil: Ref 1, Comp Eq, Pass Keep (fp, metal) finished in 0.00 seconds. Local cache hits 1 (0.00s CPU time), remote cache hits 0 (0.00s CPU time), compiled 0 variants (0.00s CPU time), skipped 0 variants.
    Prepared data for serialisation in 0.00s
Serialized binary data for shader Hidden/ShadowProjected2D in 0.00s
    metal (total internal programs: 4, unique: 2)
Compiling shader "Hidden/Universal Render Pipeline/Debug/DebugReplacement"
  Pass "Vertex Attributes" (vp)
    Target graphics API: metal
    Full variant space:         2
    After settings filtering:   2
    After built-in stripping:   1
    After scriptable stripping: 1
    Processed in 0.00 seconds
  Pass "Vertex Attributes" (fp)
    Target graphics API: metal
    Full variant space:         2
    After settings filtering:   2
    After built-in stripping:   1
    After scriptable stripping: 1
    Processed in 0.00 seconds
  Pass Vertex Attributes (vp, metal) finished in 0.00 seconds. Local cache hits 1 (0.00s CPU time), remote cache hits 0 (0.00s CPU time), compiled 0 variants (0.00s CPU time), skipped 0 variants.
    Prepared data for serialisation in 0.00s
  Pass Vertex Attributes (fp, metal) finished in 0.00 seconds. Local cache hits 1 (0.00s CPU time), remote cache hits 0 (0.00s CPU time), compiled 0 variants (0.00s CPU time), skipped 0 variants.
    Prepared data for serialisation in 0.00s
Serialized binary data for shader Hidden/Universal Render Pipeline/Debug/DebugReplacement in 0.00s
    metal (total internal programs: 2, unique: 2)
Compiling shader "Hidden/Universal/CoreBlitColorAndDepth"
  Pass "ColorOnly" (vp)
    Target graphics API: metal
    Full variant space:         4
    After settings filtering:   4
    After built-in stripping:   4
    After scriptable stripping: 4
    Processed in 0.00 seconds
  Pass "ColorOnly" (fp)
    Target graphics API: metal
    Full variant space:         4
    After settings filtering:   4
    After built-in stripping:   4
    After scriptable stripping: 4
    Processed in 0.00 seconds
  Pass "ColorAndDepth" (vp)
    Target graphics API: metal
    Full variant space:         4
    After settings filtering:   4
    After built-in stripping:   4
    After scriptable stripping: 4
    Processed in 0.00 seconds
  Pass "ColorAndDepth" (fp)
    Target graphics API: metal
    Full variant space:         4
    After settings filtering:   4
    After built-in stripping:   4
    After scriptable stripping: 4
    Processed in 0.00 seconds
  Pass "DepthOnly" (vp)
    Target graphics API: metal
    Full variant space:         4
    After settings filtering:   4
    After built-in stripping:   4
    After scriptable stripping: 4
    Processed in 0.00 seconds
  Pass "DepthOnly" (fp)
    Target graphics API: metal
    Full variant space:         4
    After settings filtering:   4
    After built-in stripping:   4
    After scriptable stripping: 4
    Processed in 0.00 seconds
  Pass ColorOnly (vp, metal) finished in 0.00 seconds. Local cache hits 4 (0.00s CPU time), remote cache hits 0 (0.00s CPU time), compiled 0 variants (0.00s CPU time), skipped 0 variants.
    Prepared data for serialisation in 0.00s
  Pass ColorOnly (fp, metal) finished in 0.00 seconds. Local cache hits 4 (0.00s CPU time), remote cache hits 0 (0.00s CPU time), compiled 0 variants (0.00s CPU time), skipped 0 variants.
    Prepared data for serialisation in 0.00s
  Pass ColorAndDepth (vp, metal) finished in 0.00 seconds. Local cache hits 4 (0.00s CPU time), remote cache hits 0 (0.00s CPU time), compiled 0 variants (0.00s CPU time), skipped 0 variants.
    Prepared data for serialisation in 0.00s
  Pass ColorAndDepth (fp, metal) finished in 0.00 seconds. Local cache hits 4 (0.00s CPU time), remote cache hits 0 (0.00s CPU time), compiled 0 variants (0.00s CPU time), skipped 0 variants.
    Prepared data for serialisation in 0.00s
  Pass DepthOnly (vp, metal) finished in 0.00 seconds. Local cache hits 4 (0.00s CPU time), remote cache hits 0 (0.00s CPU time), compiled 0 variants (0.00s CPU time), skipped 0 variants.
    Prepared data for serialisation in 0.00s
  Pass DepthOnly (fp, metal) finished in 0.00 seconds. Local cache hits 4 (0.00s CPU time), remote cache hits 0 (0.00s CPU time), compiled 0 variants (0.00s CPU time), skipped 0 variants.
    Prepared data for serialisation in 0.00s
Serialized binary data for shader Hidden/Universal/CoreBlitColorAndDepth in 0.00s
    metal (total internal programs: 24, unique: 16)
Compiling shader "Hidden/Universal Render Pipeline/XR/XRMirrorView"
  Pass "" (vp)
    Target graphics API: metal
    Full variant space:         1
    After settings filtering:   1
    After built-in stripping:   1
    After scriptable stripping: 0
    Processed in 0.00 seconds
  Pass "" (fp)
    Target graphics API: metal
    Full variant space:         4
    After settings filtering:   2
    After built-in stripping:   2
    After scriptable stripping: 0
    Processed in 0.00 seconds
Serialized binary data for shader Hidden/Universal Render Pipeline/XR/XRMirrorView in 0.00s
    metal (total internal programs: 0, unique: 0)
Compiling shader "Hidden/Universal Render Pipeline/CopyDepth"
  Pass "CopyDepth" (vp)
    Target graphics API: metal
    Full variant space:         8
    After settings filtering:   8
    After built-in stripping:   8
    After scriptable stripping: 8
    Processed in 0.00 seconds
  Pass "CopyDepth" (fp)
    Target graphics API: metal
    Full variant space:         8
    After settings filtering:   8
    After built-in stripping:   8
    After scriptable stripping: 8
    Processed in 0.00 seconds
  Pass CopyDepth (vp, metal) finished in 0.00 seconds. Local cache hits 8 (0.01s CPU time), remote cache hits 0 (0.00s CPU time), compiled 0 variants (0.00s CPU time), skipped 0 variants.
    Prepared data for serialisation in 0.00s
  Pass CopyDepth (fp, metal) finished in 0.00 seconds. Local cache hits 8 (0.00s CPU time), remote cache hits 0 (0.00s CPU time), compiled 0 variants (0.00s CPU time), skipped 0 variants.
    Prepared data for serialisation in 0.00s
Serialized binary data for shader Hidden/Universal Render Pipeline/CopyDepth in 0.00s
    metal (total internal programs: 16, unique: 16)
Compiling shader "Hidden/Shadow2DUnshadowSprite"
  Pass "Sprite Unshadow (B) - Stencil: Ref 1, Comp Always, Pass Replace" (vp)
    Target graphics API: metal
    Full variant space:         1
    After settings filtering:   1
    After built-in stripping:   1
    After scriptable stripping: 1
    Processed in 0.00 seconds
  Pass "Sprite Unshadow (B) - Stencil: Ref 1, Comp Always, Pass Replace" (fp)
    Target graphics API: metal
    Full variant space:         1
    After settings filtering:   1
    After built-in stripping:   1
    After scriptable stripping: 1
    Processed in 0.00 seconds
  Pass "Sprite Unshadow (B) - Stencil: Ref 0, Comp Always, Pass Replace" (vp)
    Target graphics API: metal
    Full variant space:         1
    After settings filtering:   1
    After built-in stripping:   1
    After scriptable stripping: 1
    Processed in 0.00 seconds
  Pass "Sprite Unshadow (B) - Stencil: Ref 0, Comp Always, Pass Replace" (fp)
    Target graphics API: metal
    Full variant space:         1
    After settings filtering:   1
    After built-in stripping:   1
    After scriptable stripping: 1
    Processed in 0.00 seconds
  Pass Sprite Unshadow (B) - Stencil: Ref 1, Comp Always, Pass Replace (vp, metal) finished in 0.00 seconds. Local cache hits 1 (0.00s CPU time), remote cache hits 0 (0.00s CPU time), compiled 0 variants (0.00s CPU time), skipped 0 variants.
    Prepared data for serialisation in 0.00s
  Pass Sprite Unshadow (B) - Stencil: Ref 1, Comp Always, Pass Replace (fp, metal) finished in 0.00 seconds. Local cache hits 1 (0.00s CPU time), remote cache hits 0 (0.00s CPU time), compiled 0 variants (0.00s CPU time), skipped 0 variants.
    Prepared data for serialisation in 0.00s
  Pass Sprite Unshadow (B) - Stencil: Ref 0, Comp Always, Pass Replace (vp, metal) finished in 0.00 seconds. Local cache hits 1 (0.00s CPU time), remote cache hits 0 (0.00s CPU time), compiled 0 variants (0.00s CPU time), skipped 0 variants.
    Prepared data for serialisation in 0.00s
  Pass Sprite Unshadow (B) - Stencil: Ref 0, Comp Always, Pass Replace (fp, metal) finished in 0.00 seconds. Local cache hits 1 (0.00s CPU time), remote cache hits 0 (0.00s CPU time), compiled 0 variants (0.00s CPU time), skipped 0 variants.
    Prepared data for serialisation in 0.00s
Serialized binary data for shader Hidden/Shadow2DUnshadowSprite in 0.00s
    metal (total internal programs: 4, unique: 3)
Compiling shader "Hidden/TerrainEngine/Details/UniversalPipeline/WavingDoublePass"
  Pass "ForwardLit" (vp)
    Target graphics API: metal
    Full variant space:         55.296
    After settings filtering:   2.304
    After built-in stripping:   18
    After scriptable stripping: 6
    Processed in 0.00 seconds
  Pass "ForwardLit" (fp)
    Target graphics API: metal
    Full variant space:         35.389.440
    After settings filtering:   4.608
    After built-in stripping:   36
    After scriptable stripping: 12
    Processed in 0.00 seconds
  Pass "GBuffer" (vp)
    Target graphics API: metal
    Full variant space:         1.152
    After settings filtering:   288
    After built-in stripping:   9
    After scriptable stripping: 0
    Processed in 0.00 seconds
  Pass "GBuffer" (fp)
    Target graphics API: metal
    Full variant space:         737.280
    After settings filtering:   576
    After built-in stripping:   18
    After scriptable stripping: 0
    Processed in 0.00 seconds
  Pass "DepthOnly" (vp)
    Target graphics API: metal
    Full variant space:         2
    After settings filtering:   2
    After built-in stripping:   1
    After scriptable stripping: 1
    Processed in 0.00 seconds
  Pass "DepthOnly" (fp)
    Target graphics API: metal
    Full variant space:         2
    After settings filtering:   2
    After built-in stripping:   1
    After scriptable stripping: 1
    Processed in 0.00 seconds
  Pass "DepthNormalsOnly" (vp)
    Target graphics API: metal
    Full variant space:         2
    After settings filtering:   2
    After built-in stripping:   1
    After scriptable stripping: 1
    Processed in 0.00 seconds
  Pass "DepthNormalsOnly" (fp)
    Target graphics API: metal
    Full variant space:         8
    After settings filtering:   2
    After built-in stripping:   1
    After scriptable stripping: 1
    Processed in 0.00 seconds
  Pass ForwardLit (vp, metal) finished in 0.01 seconds. Local cache hits 6 (0.00s CPU time), remote cache hits 0 (0.00s CPU time), compiled 0 variants (0.00s CPU time), skipped 0 variants.
    Prepared data for serialisation in 0.00s
  Pass ForwardLit (fp, metal) finished in 0.00 seconds. Local cache hits 12 (0.01s CPU time), remote cache hits 0 (0.00s CPU time), compiled 0 variants (0.00s CPU time), skipped 0 variants.
    Prepared data for serialisation in 0.00s
  Pass DepthOnly (vp, metal) finished in 0.00 seconds. Local cache hits 1 (0.00s CPU time), remote cache hits 0 (0.00s CPU time), compiled 0 variants (0.00s CPU time), skipped 0 variants.
    Prepared data for serialisation in 0.00s
  Pass DepthOnly (fp, metal) finished in 0.00 seconds. Local cache hits 1 (0.00s CPU time), remote cache hits 0 (0.00s CPU time), compiled 0 variants (0.00s CPU time), skipped 0 variants.
    Prepared data for serialisation in 0.00s
  Pass DepthNormalsOnly (vp, metal) finished in 0.00 seconds. Local cache hits 1 (0.00s CPU time), remote cache hits 0 (0.00s CPU time), compiled 0 variants (0.00s CPU time), skipped 0 variants.
    Prepared data for serialisation in 0.00s
  Pass DepthNormalsOnly (fp, metal) finished in 0.00 seconds. Local cache hits 1 (0.00s CPU time), remote cache hits 0 (0.00s CPU time), compiled 0 variants (0.00s CPU time), skipped 0 variants.
    Prepared data for serialisation in 0.00s
Serialized binary data for shader Hidden/TerrainEngine/Details/UniversalPipeline/WavingDoublePass in 0.00s
    metal (total internal programs: 22, unique: 22)
Compiling shader "Hidden/Universal Render Pipeline/FallbackError"
  Pass "" (vp)
    Target graphics API: metal
    Full variant space:         6
    After settings filtering:   6
    After built-in stripping:   1
    After scriptable stripping: 1
    Processed in 0.00 seconds
  Pass "" (fp)
    Target graphics API: metal
    Full variant space:         6
    After settings filtering:   6
    After built-in stripping:   1
    After scriptable stripping: 1
    Processed in 0.00 seconds
  Pass  (vp, metal) finished in 0.00 seconds. Local cache hits 1 (0.00s CPU time), remote cache hits 0 (0.00s CPU time), compiled 0 variants (0.00s CPU time), skipped 0 variants.
    Prepared data for serialisation in 0.00s
  Pass  (fp, metal) finished in 0.00 seconds. Local cache hits 1 (0.00s CPU time), remote cache hits 0 (0.00s CPU time), compiled 0 variants (0.00s CPU time), skipped 0 variants.
    Prepared data for serialisation in 0.00s
Serialized binary data for shader Hidden/Universal Render Pipeline/FallbackError in 0.00s
    metal (total internal programs: 2, unique: 2)
Compiling shader "Hidden/Universal Render Pipeline/UberPost"
  Pass "UberPost" (vp)
    Target graphics API: metal
    Full variant space:         1
    After settings filtering:   1
    After built-in stripping:   1
    After scriptable stripping: 1
    Processed in 0.00 seconds
  Pass "UberPost" (fp)
    Target graphics API: metal
    Full variant space:         92.160
    After settings filtering:   960
    After built-in stripping:   960
    After scriptable stripping: 720
    Processed in 0.02 seconds
  Pass "UberPostXR" (vp)
    Target graphics API: metal
    Full variant space:         1
    After settings filtering:   1
    After built-in stripping:   1
    After scriptable stripping: 0
    Processed in 0.00 seconds
  Pass "UberPostXR" (fp)
    Target graphics API: metal
    Full variant space:         92.160
    After settings filtering:   960
    After built-in stripping:   960
    After scriptable stripping: 0
    Processed in 0.00 seconds
  Pass UberPost (vp, metal) finished in 0.02 seconds. Local cache hits 1 (0.00s CPU time), remote cache hits 0 (0.00s CPU time), compiled 0 variants (0.00s CPU time), skipped 0 variants.
    Prepared data for serialisation in 0.00s
  Pass UberPost (fp, metal) finished in 0.03 seconds. Local cache hits 720 (0.25s CPU time), remote cache hits 0 (0.00s CPU time), compiled 0 variants (0.00s CPU time), skipped 0 variants.
    Prepared data for serialisation in 0.01s
Serialized binary data for shader Hidden/Universal Render Pipeline/UberPost in 0.00s
    metal (total internal programs: 721, unique: 721)
Compressed shader 'Hidden/Universal Render Pipeline/UberPost' on metal from 10.26MB to 0.20MB
Compressed shader 'Hidden/Universal Render Pipeline/UberPost' in 0.02s
Compiling shader "Hidden/Universal Render Pipeline/Scaling Setup"
  Pass "ScalingSetup" (vp)
    Target graphics API: metal
    Full variant space:         1
    After settings filtering:   1
    After built-in stripping:   1
    After scriptable stripping: 1
    Processed in 0.00 seconds
  Pass "ScalingSetup" (fp)
    Target graphics API: metal
    Full variant space:         12
    After settings filtering:   6
    After built-in stripping:   6
    After scriptable stripping: 4
    Processed in 0.00 seconds
  Pass ScalingSetup (vp, metal) finished in 0.00 seconds. Local cache hits 1 (0.00s CPU time), remote cache hits 0 (0.00s CPU time), compiled 0 variants (0.00s CPU time), skipped 0 variants.
    Prepared data for serialisation in 0.00s
  Pass ScalingSetup (fp, metal) finished in 0.00 seconds. Local cache hits 4 (0.00s CPU time), remote cache hits 0 (0.00s CPU time), compiled 0 variants (0.00s CPU time), skipped 0 variants.
    Prepared data for serialisation in 0.00s
Serialized binary data for shader Hidden/Universal Render Pipeline/Scaling Setup in 0.00s
    metal (total internal programs: 5, unique: 5)
Compiling shader "Hidden/Universal Render Pipeline/LutBuilderHdr"
  Pass "LutBuilderHdr" (vp)
    Target graphics API: metal
    Full variant space:         3
    After settings filtering:   3
    After built-in stripping:   3
    After scriptable stripping: 3
    Processed in 0.00 seconds
  Pass "LutBuilderHdr" (fp)
    Target graphics API: metal
    Full variant space:         6
    After settings filtering:   3
    After built-in stripping:   3
    After scriptable stripping: 3
    Processed in 0.00 seconds
  Pass LutBuilderHdr (vp, metal) finished in 0.00 seconds. Local cache hits 3 (0.00s CPU time), remote cache hits 0 (0.00s CPU time), compiled 0 variants (0.00s CPU time), skipped 0 variants.
    Prepared data for serialisation in 0.00s
  Pass LutBuilderHdr (fp, metal) finished in 0.00 seconds. Local cache hits 3 (0.00s CPU time), remote cache hits 0 (0.00s CPU time), compiled 0 variants (0.00s CPU time), skipped 0 variants.
    Prepared data for serialisation in 0.00s
Serialized binary data for shader Hidden/Universal Render Pipeline/LutBuilderHdr in 0.00s
    metal (total internal programs: 6, unique: 6)
Compiling shader "Hidden/TerrainEngine/Details/UniversalPipeline/Vertexlit"
  Pass "TerrainDetailVertex" (vp)
    Target graphics API: metal
    Full variant space:         9.216
    After settings filtering:   384
    After built-in stripping:   6
    After scriptable stripping: 6
    Processed in 0.00 seconds
  Pass "TerrainDetailVertex" (fp)
    Target graphics API: metal
    Full variant space:         1.474.560
    After settings filtering:   768
    After built-in stripping:   12
    After scriptable stripping: 12
    Processed in 0.00 seconds
  Pass "TerrainDetailVertex - GBuffer" (vp)
    Target graphics API: metal
    Full variant space:         192
    After settings filtering:   48
    After built-in stripping:   12
    After scriptable stripping: 6
    Processed in 0.00 seconds
  Pass "TerrainDetailVertex - GBuffer" (fp)
    Target graphics API: metal
    Full variant space:         15.360
    After settings filtering:   48
    After built-in stripping:   12
    After scriptable stripping: 6
    Processed in 0.00 seconds
  Pass "DepthOnly" (vp)
    Target graphics API: metal
    Full variant space:         2
    After settings filtering:   2
    After built-in stripping:   1
    After scriptable stripping: 1
    Processed in 0.00 seconds
  Pass "DepthOnly" (fp)
    Target graphics API: metal
    Full variant space:         2
    After settings filtering:   2
    After built-in stripping:   1
    After scriptable stripping: 1
    Processed in 0.00 seconds
  Pass "DepthNormals" (vp)
    Target graphics API: metal
    Full variant space:         2
    After settings filtering:   2
    After built-in stripping:   1
    After scriptable stripping: 1
    Processed in 0.00 seconds
  Pass "DepthNormals" (fp)
    Target graphics API: metal
    Full variant space:         2
    After settings filtering:   2
    After built-in stripping:   1
    After scriptable stripping: 1
    Processed in 0.00 seconds
  Pass TerrainDetailVertex (vp, metal) finished in 0.01 seconds. Local cache hits 6 (0.00s CPU time), remote cache hits 0 (0.00s CPU time), compiled 0 variants (0.00s CPU time), skipped 0 variants.
    Prepared data for serialisation in 0.00s
  Pass TerrainDetailVertex (fp, metal) finished in 0.00 seconds. Local cache hits 12 (0.00s CPU time), remote cache hits 0 (0.00s CPU time), compiled 0 variants (0.00s CPU time), skipped 0 variants.
    Prepared data for serialisation in 0.00s
  Pass TerrainDetailVertex - GBuffer (vp, metal) finished in 0.00 seconds. Local cache hits 6 (0.00s CPU time), remote cache hits 0 (0.00s CPU time), compiled 0 variants (0.00s CPU time), skipped 0 variants.
    Prepared data for serialisation in 0.00s
  Pass TerrainDetailVertex - GBuffer (fp, metal) finished in 0.00 seconds. Local cache hits 6 (0.00s CPU time), remote cache hits 0 (0.00s CPU time), compiled 0 variants (0.00s CPU time), skipped 0 variants.
    Prepared data for serialisation in 0.00s
  Pass DepthOnly (vp, metal) finished in 0.00 seconds. Local cache hits 1 (0.00s CPU time), remote cache hits 0 (0.00s CPU time), compiled 0 variants (0.00s CPU time), skipped 0 variants.
    Prepared data for serialisation in 0.00s
  Pass DepthOnly (fp, metal) finished in 0.00 seconds. Local cache hits 1 (0.00s CPU time), remote cache hits 0 (0.00s CPU time), compiled 0 variants (0.00s CPU time), skipped 0 variants.
    Prepared data for serialisation in 0.00s
  Pass DepthNormals (vp, metal) finished in 0.00 seconds. Local cache hits 1 (0.00s CPU time), remote cache hits 0 (0.00s CPU time), compiled 0 variants (0.00s CPU time), skipped 0 variants.
    Prepared data for serialisation in 0.00s
  Pass DepthNormals (fp, metal) finished in 0.00 seconds. Local cache hits 1 (0.00s CPU time), remote cache hits 0 (0.00s CPU time), compiled 0 variants (0.00s CPU time), skipped 0 variants.
    Prepared data for serialisation in 0.00s
Serialized binary data for shader Hidden/TerrainEngine/Details/UniversalPipeline/Vertexlit in 0.00s
    metal (total internal programs: 34, unique: 34)
Compiling shader "Hidden/Universal Render Pipeline/XR/XRMotionVector"
  Pass "XR Camera MotionVectors" (vp)
    Target graphics API: metal
    Full variant space:         1
    After settings filtering:   1
    After built-in stripping:   1
    After scriptable stripping: 0
    Processed in 0.00 seconds
  Pass "XR Camera MotionVectors" (fp)
    Target graphics API: metal
    Full variant space:         1
    After settings filtering:   1
    After built-in stripping:   1
    After scriptable stripping: 0
    Processed in 0.00 seconds
Serialized binary data for shader Hidden/Universal Render Pipeline/XR/XRMotionVector in 0.00s
    metal (total internal programs: 0, unique: 0)
Compiling compute shader "ProbeVolumeSamplingDebugPositionNormal"
    starting stripping...
    finished in 0.01 seconds. 1 of 1 variants left
    1 variants, starting compilation...
    finished in 0.00 seconds. Local cache hits 1, remote cache hits 0, compiled 0 variants
Compiling compute shader "VrsTexture"
    starting stripping...
    finished in 0.00 seconds. 24 of 24 variants left
    24 variants, starting compilation...
    finished in 0.00 seconds. Local cache hits 24, remote cache hits 0, compiled 0 variants
Compiling shader "Legacy Shaders/VertexLit"
  Pass "" (vp)
    Target graphics API: metal
    Full variant space:         12
    After settings filtering:   12
    After built-in stripping:   3
    After scriptable stripping: 3
    Processed in 0.00 seconds
  Pass "" (fp)
    Target graphics API: metal
    Full variant space:         12
    After settings filtering:   12
    After built-in stripping:   3
    After scriptable stripping: 3
    Processed in 0.00 seconds
  Pass "" (vp)
    Target graphics API: metal
    Full variant space:         4
    After settings filtering:   4
    After built-in stripping:   1
    After scriptable stripping: 1
    Processed in 0.00 seconds
  Pass "" (fp)
    Target graphics API: metal
    Full variant space:         4
    After settings filtering:   4
    After built-in stripping:   1
    After scriptable stripping: 1
    Processed in 0.00 seconds
  Pass "ShadowCaster" (vp)
    Target graphics API: metal
    Full variant space:         4
    After settings filtering:   4
    After built-in stripping:   2
    After scriptable stripping: 2
    Processed in 0.00 seconds
  Pass "ShadowCaster" (fp)
    Target graphics API: metal
    Full variant space:         4
    After settings filtering:   4
    After built-in stripping:   2
    After scriptable stripping: 2
    Processed in 0.00 seconds
  Pass  (vp, metal) finished in 0.00 seconds. Local cache hits 3 (0.00s CPU time), remote cache hits 0 (0.00s CPU time), compiled 0 variants (0.00s CPU time), skipped 0 variants.
    Prepared data for serialisation in 0.00s
  Pass  (fp, metal) finished in 0.00 seconds. Local cache hits 3 (0.00s CPU time), remote cache hits 0 (0.00s CPU time), compiled 0 variants (0.00s CPU time), skipped 0 variants.
    Prepared data for serialisation in 0.00s
  Pass  (vp, metal) finished in 0.00 seconds. Local cache hits 1 (0.00s CPU time), remote cache hits 0 (0.00s CPU time), compiled 0 variants (0.00s CPU time), skipped 0 variants.
    Prepared data for serialisation in 0.00s
  Pass  (fp, metal) finished in 0.00 seconds. Local cache hits 1 (0.00s CPU time), remote cache hits 0 (0.00s CPU time), compiled 0 variants (0.00s CPU time), skipped 0 variants.
    Prepared data for serialisation in 0.00s
  Pass ShadowCaster (vp, metal) finished in 0.00 seconds. Local cache hits 2 (0.00s CPU time), remote cache hits 0 (0.00s CPU time), compiled 0 variants (0.00s CPU time), skipped 0 variants.
    Prepared data for serialisation in 0.00s
  Pass ShadowCaster (fp, metal) finished in 0.00 seconds. Local cache hits 2 (0.00s CPU time), remote cache hits 0 (0.00s CPU time), compiled 0 variants (0.00s CPU time), skipped 0 variants.
    Prepared data for serialisation in 0.00s
Serialized binary data for shader Legacy Shaders/VertexLit in 0.00s
    metal (total internal programs: 12, unique: 12)
Compiling shader "Legacy Shaders/Diffuse"
  Pass "FORWARD" (vp)
    Target graphics API: metal
    Full variant space:         664
    After settings filtering:   664
    After built-in stripping:   8
    After scriptable stripping: 8
    Processed in 0.00 seconds
  Pass "FORWARD" (fp)
    Target graphics API: metal
    Full variant space:         504
    After settings filtering:   504
    After built-in stripping:   4
    After scriptable stripping: 4
    Processed in 0.00 seconds
  Pass "FORWARD" (vp)
    Target graphics API: metal
    Full variant space:         20
    After settings filtering:   20
    After built-in stripping:   5
    After scriptable stripping: 5
    Processed in 0.00 seconds
  Pass "FORWARD" (fp)
    Target graphics API: metal
    Full variant space:         20
    After settings filtering:   20
    After built-in stripping:   5
    After scriptable stripping: 5
    Processed in 0.00 seconds
  Pass "DEFERRED" (vp)
    Target graphics API: metal
    Full variant space:         76
    After settings filtering:   76
    After built-in stripping:   4
    After scriptable stripping: 4
    Processed in 0.00 seconds
  Pass "DEFERRED" (fp)
    Target graphics API: metal
    Full variant space:         76
    After settings filtering:   76
    After built-in stripping:   4
    After scriptable stripping: 4
    Processed in 0.00 seconds
  Pass FORWARD (vp, metal) finished in 0.00 seconds. Local cache hits 8 (0.00s CPU time), remote cache hits 0 (0.00s CPU time), compiled 0 variants (0.00s CPU time), skipped 0 variants.
    Prepared data for serialisation in 0.00s
  Pass FORWARD (fp, metal) finished in 0.00 seconds. Local cache hits 4 (0.00s CPU time), remote cache hits 0 (0.00s CPU time), compiled 0 variants (0.00s CPU time), skipped 0 variants.
    Prepared data for serialisation in 0.00s
  Pass FORWARD (vp, metal) finished in 0.00 seconds. Local cache hits 5 (0.00s CPU time), remote cache hits 0 (0.00s CPU time), compiled 0 variants (0.00s CPU time), skipped 0 variants.
    Prepared data for serialisation in 0.00s
  Pass FORWARD (fp, metal) finished in 0.00 seconds. Local cache hits 5 (0.00s CPU time), remote cache hits 0 (0.00s CPU time), compiled 0 variants (0.00s CPU time), skipped 0 variants.
    Prepared data for serialisation in 0.00s
  Pass DEFERRED (vp, metal) finished in 0.00 seconds. Local cache hits 4 (0.00s CPU time), remote cache hits 0 (0.00s CPU time), compiled 0 variants (0.00s CPU time), skipped 0 variants.
    Prepared data for serialisation in 0.00s
  Pass DEFERRED (fp, metal) finished in 0.00 seconds. Local cache hits 4 (0.00s CPU time), remote cache hits 0 (0.00s CPU time), compiled 0 variants (0.00s CPU time), skipped 0 variants.
    Prepared data for serialisation in 0.00s
Serialized binary data for shader Legacy Shaders/Diffuse in 0.00s
    metal (total internal programs: 30, unique: 29)
Compiling shader "Hidden/Internal-StencilWrite"
  Pass "" (vp)
    Target graphics API: metal
    Full variant space:         1
    After settings filtering:   1
    After built-in stripping:   1
    After scriptable stripping: 1
    Processed in 0.00 seconds
  Pass "" (fp)
    Target graphics API: metal
    Full variant space:         1
    After settings filtering:   1
    After built-in stripping:   1
    After scriptable stripping: 1
    Processed in 0.00 seconds
  Pass  (vp, metal) finished in 0.00 seconds. Local cache hits 1 (0.00s CPU time), remote cache hits 0 (0.00s CPU time), compiled 0 variants (0.00s CPU time), skipped 0 variants.
    Prepared data for serialisation in 0.00s
  Pass  (fp, metal) finished in 0.00 seconds. Local cache hits 1 (0.00s CPU time), remote cache hits 0 (0.00s CPU time), compiled 0 variants (0.00s CPU time), skipped 0 variants.
    Prepared data for serialisation in 0.00s
Serialized binary data for shader Hidden/Internal-StencilWrite in 0.00s
    metal (total internal programs: 2, unique: 2)
Compiling shader "Hidden/Internal-DepthNormalsTexture"
  Pass "" (vp)
    Target graphics API: metal
    Full variant space:         1
    After settings filtering:   1
    After built-in stripping:   1
    After scriptable stripping: 1
    Processed in 0.00 seconds
  Pass "" (fp)
    Target graphics API: metal
    Full variant space:         1
    After settings filtering:   1
    After built-in stripping:   1
    After scriptable stripping: 1
    Processed in 0.00 seconds
  Pass "" (vp)
    Target graphics API: metal
    Full variant space:         1
    After settings filtering:   1
    After built-in stripping:   1
    After scriptable stripping: 1
    Processed in 0.00 seconds
  Pass "" (fp)
    Target graphics API: metal
    Full variant space:         1
    After settings filtering:   1
    After built-in stripping:   1
    After scriptable stripping: 1
    Processed in 0.00 seconds
  Pass "" (vp)
    Target graphics API: metal
    Full variant space:         1
    After settings filtering:   1
    After built-in stripping:   1
    After scriptable stripping: 1
    Processed in 0.00 seconds
  Pass "" (fp)
    Target graphics API: metal
    Full variant space:         1
    After settings filtering:   1
    After built-in stripping:   1
    After scriptable stripping: 1
    Processed in 0.00 seconds
  Pass "" (vp)
    Target graphics API: metal
    Full variant space:         1
    After settings filtering:   1
    After built-in stripping:   1
    After scriptable stripping: 1
    Processed in 0.00 seconds
  Pass "" (fp)
    Target graphics API: metal
    Full variant space:         1
    After settings filtering:   1
    After built-in stripping:   1
    After scriptable stripping: 1
    Processed in 0.00 seconds
  Pass "" (vp)
    Target graphics API: metal
    Full variant space:         1
    After settings filtering:   1
    After built-in stripping:   1
    After scriptable stripping: 1
    Processed in 0.00 seconds
  Pass "" (fp)
    Target graphics API: metal
    Full variant space:         1
    After settings filtering:   1
    After built-in stripping:   1
    After scriptable stripping: 1
    Processed in 0.00 seconds
  Pass "" (vp)
    Target graphics API: metal
    Full variant space:         1
    After settings filtering:   1
    After built-in stripping:   1
    After scriptable stripping: 1
    Processed in 0.00 seconds
  Pass "" (fp)
    Target graphics API: metal
    Full variant space:         1
    After settings filtering:   1
    After built-in stripping:   1
    After scriptable stripping: 1
    Processed in 0.00 seconds
  Pass "" (vp)
    Target graphics API: metal
    Full variant space:         1
    After settings filtering:   1
    After built-in stripping:   1
    After scriptable stripping: 1
    Processed in 0.00 seconds
  Pass "" (fp)
    Target graphics API: metal
    Full variant space:         1
    After settings filtering:   1
    After built-in stripping:   1
    After scriptable stripping: 1
    Processed in 0.00 seconds
  Pass "" (vp)
    Target graphics API: metal
    Full variant space:         1
    After settings filtering:   1
    After built-in stripping:   1
    After scriptable stripping: 1
    Processed in 0.00 seconds
  Pass "" (fp)
    Target graphics API: metal
    Full variant space:         1
    After settings filtering:   1
    After built-in stripping:   1
    After scriptable stripping: 1
    Processed in 0.00 seconds
  Pass "" (vp)
    Target graphics API: metal
    Full variant space:         1
    After settings filtering:   1
    After built-in stripping:   1
    After scriptable stripping: 1
    Processed in 0.00 seconds
  Pass "" (fp)
    Target graphics API: metal
    Full variant space:         1
    After settings filtering:   1
    After built-in stripping:   1
    After scriptable stripping: 1
    Processed in 0.00 seconds
  Pass "" (vp)
    Target graphics API: metal
    Full variant space:         1
    After settings filtering:   1
    After built-in stripping:   1
    After scriptable stripping: 1
    Processed in 0.00 seconds
  Pass "" (fp)
    Target graphics API: metal
    Full variant space:         1
    After settings filtering:   1
    After built-in stripping:   1
    After scriptable stripping: 1
    Processed in 0.00 seconds
  Pass  (vp, metal) finished in 0.00 seconds. Local cache hits 1 (0.00s CPU time), remote cache hits 0 (0.00s CPU time), compiled 0 variants (0.00s CPU time), skipped 0 variants.
    Prepared data for serialisation in 0.00s
  Pass  (fp, metal) finished in 0.00 seconds. Local cache hits 1 (0.00s CPU time), remote cache hits 0 (0.00s CPU time), compiled 0 variants (0.00s CPU time), skipped 0 variants.
    Prepared data for serialisation in 0.00s
  Pass  (vp, metal) finished in 0.00 seconds. Local cache hits 1 (0.00s CPU time), remote cache hits 0 (0.00s CPU time), compiled 0 variants (0.00s CPU time), skipped 0 variants.
    Prepared data for serialisation in 0.00s
  Pass  (fp, metal) finished in 0.00 seconds. Local cache hits 1 (0.00s CPU time), remote cache hits 0 (0.00s CPU time), compiled 0 variants (0.00s CPU time), skipped 0 variants.
    Prepared data for serialisation in 0.00s
  Pass  (vp, metal) finished in 0.00 seconds. Local cache hits 1 (0.00s CPU time), remote cache hits 0 (0.00s CPU time), compiled 0 variants (0.00s CPU time), skipped 0 variants.
    Prepared data for serialisation in 0.00s
  Pass  (fp, metal) finished in 0.00 seconds. Local cache hits 1 (0.00s CPU time), remote cache hits 0 (0.00s CPU time), compiled 0 variants (0.00s CPU time), skipped 0 variants.
    Prepared data for serialisation in 0.00s
  Pass  (vp, metal) finished in 0.00 seconds. Local cache hits 1 (0.00s CPU time), remote cache hits 0 (0.00s CPU time), compiled 0 variants (0.00s CPU time), skipped 0 variants.
    Prepared data for serialisation in 0.00s
  Pass  (fp, metal) finished in 0.00 seconds. Local cache hits 1 (0.00s CPU time), remote cache hits 0 (0.00s CPU time), compiled 0 variants (0.00s CPU time), skipped 0 variants.
    Prepared data for serialisation in 0.00s
  Pass  (vp, metal) finished in 0.00 seconds. Local cache hits 1 (0.00s CPU time), remote cache hits 0 (0.00s CPU time), compiled 0 variants (0.00s CPU time), skipped 0 variants.
    Prepared data for serialisation in 0.00s
  Pass  (fp, metal) finished in 0.00 seconds. Local cache hits 1 (0.00s CPU time), remote cache hits 0 (0.00s CPU time), compiled 0 variants (0.00s CPU time), skipped 0 variants.
    Prepared data for serialisation in 0.00s
  Pass  (vp, metal) finished in 0.00 seconds. Local cache hits 1 (0.00s CPU time), remote cache hits 0 (0.00s CPU time), compiled 0 variants (0.00s CPU time), skipped 0 variants.
    Prepared data for serialisation in 0.00s
  Pass  (fp, metal) finished in 0.00 seconds. Local cache hits 1 (0.00s CPU time), remote cache hits 0 (0.00s CPU time), compiled 0 variants (0.00s CPU time), skipped 0 variants.
    Prepared data for serialisation in 0.00s
  Pass  (vp, metal) finished in 0.00 seconds. Local cache hits 1 (0.00s CPU time), remote cache hits 0 (0.00s CPU time), compiled 0 variants (0.00s CPU time), skipped 0 variants.
    Prepared data for serialisation in 0.00s
  Pass  (fp, metal) finished in 0.00 seconds. Local cache hits 1 (0.00s CPU time), remote cache hits 0 (0.00s CPU time), compiled 0 variants (0.00s CPU time), skipped 0 variants.
    Prepared data for serialisation in 0.00s
  Pass  (vp, metal) finished in 0.00 seconds. Local cache hits 1 (0.00s CPU time), remote cache hits 0 (0.00s CPU time), compiled 0 variants (0.00s CPU time), skipped 0 variants.
    Prepared data for serialisation in 0.00s
  Pass  (fp, metal) finished in 0.00 seconds. Local cache hits 1 (0.00s CPU time), remote cache hits 0 (0.00s CPU time), compiled 0 variants (0.00s CPU time), skipped 0 variants.
    Prepared data for serialisation in 0.00s
  Pass  (vp, metal) finished in 0.00 seconds. Local cache hits 1 (0.00s CPU time), remote cache hits 0 (0.00s CPU time), compiled 0 variants (0.00s CPU time), skipped 0 variants.
    Prepared data for serialisation in 0.00s
  Pass  (fp, metal) finished in 0.00 seconds. Local cache hits 1 (0.00s CPU time), remote cache hits 0 (0.00s CPU time), compiled 0 variants (0.00s CPU time), skipped 0 variants.
    Prepared data for serialisation in 0.00s
  Pass  (vp, metal) finished in 0.00 seconds. Local cache hits 1 (0.00s CPU time), remote cache hits 0 (0.00s CPU time), compiled 0 variants (0.00s CPU time), skipped 0 variants.
    Prepared data for serialisation in 0.00s
  Pass  (fp, metal) finished in 0.00 seconds. Local cache hits 1 (0.00s CPU time), remote cache hits 0 (0.00s CPU time), compiled 0 variants (0.00s CPU time), skipped 0 variants.
    Prepared data for serialisation in 0.00s
Serialized binary data for shader Hidden/Internal-DepthNormalsTexture in 0.00s
    metal (total internal programs: 20, unique: 16)
Compiling shader "Hidden/Internal-ScreenSpaceShadows"
  Pass "" (vp)
    Target graphics API: metal
    Full variant space:         4
    After settings filtering:   4
    After built-in stripping:   4
    After scriptable stripping: 4
    Processed in 0.00 seconds
  Pass "" (fp)
    Target graphics API: metal
    Full variant space:         4
    After settings filtering:   4
    After built-in stripping:   4
    After scriptable stripping: 4
    Processed in 0.00 seconds
  Pass "" (vp)
    Target graphics API: metal
    Full variant space:         4
    After settings filtering:   4
    After built-in stripping:   4
    After scriptable stripping: 4
    Processed in 0.00 seconds
  Pass "" (fp)
    Target graphics API: metal
    Full variant space:         4
    After settings filtering:   4
    After built-in stripping:   4
    After scriptable stripping: 4
    Processed in 0.00 seconds
  Pass "" (vp)
    Target graphics API: metal
    Full variant space:         4
    After settings filtering:   4
    After built-in stripping:   4
    After scriptable stripping: 4
    Processed in 0.00 seconds
  Pass "" (fp)
    Target graphics API: metal
    Full variant space:         4
    After settings filtering:   4
    After built-in stripping:   4
    After scriptable stripping: 4
    Processed in 0.00 seconds
  Pass "" (vp)
    Target graphics API: metal
    Full variant space:         4
    After settings filtering:   4
    After built-in stripping:   4
    After scriptable stripping: 4
    Processed in 0.00 seconds
  Pass "" (fp)
    Target graphics API: metal
    Full variant space:         4
    After settings filtering:   4
    After built-in stripping:   4
    After scriptable stripping: 4
    Processed in 0.00 seconds
  Pass  (vp, metal) finished in 0.01 seconds. Local cache hits 4 (0.00s CPU time), remote cache hits 0 (0.00s CPU time), compiled 0 variants (0.00s CPU time), skipped 0 variants.
    Prepared data for serialisation in 0.00s
  Pass  (fp, metal) finished in 0.00 seconds. Local cache hits 4 (0.00s CPU time), remote cache hits 0 (0.00s CPU time), compiled 0 variants (0.00s CPU time), skipped 0 variants.
    Prepared data for serialisation in 0.00s
  Pass  (vp, metal) finished in 0.00 seconds. Local cache hits 4 (0.00s CPU time), remote cache hits 0 (0.00s CPU time), compiled 0 variants (0.00s CPU time), skipped 0 variants.
    Prepared data for serialisation in 0.00s
  Pass  (fp, metal) finished in 0.00 seconds. Local cache hits 4 (0.00s CPU time), remote cache hits 0 (0.00s CPU time), compiled 0 variants (0.00s CPU time), skipped 0 variants.
    Prepared data for serialisation in 0.00s
  Pass  (vp, metal) finished in 0.00 seconds. Local cache hits 4 (0.00s CPU time), remote cache hits 0 (0.00s CPU time), compiled 0 variants (0.00s CPU time), skipped 0 variants.
    Prepared data for serialisation in 0.00s
  Pass  (fp, metal) finished in 0.00 seconds. Local cache hits 4 (0.00s CPU time), remote cache hits 0 (0.00s CPU time), compiled 0 variants (0.00s CPU time), skipped 0 variants.
    Prepared data for serialisation in 0.00s
  Pass  (vp, metal) finished in 0.00 seconds. Local cache hits 4 (0.00s CPU time), remote cache hits 0 (0.00s CPU time), compiled 0 variants (0.00s CPU time), skipped 0 variants.
    Prepared data for serialisation in 0.00s
  Pass  (fp, metal) finished in 0.00 seconds. Local cache hits 4 (0.00s CPU time), remote cache hits 0 (0.00s CPU time), compiled 0 variants (0.00s CPU time), skipped 0 variants.
    Prepared data for serialisation in 0.00s
Serialized binary data for shader Hidden/Internal-ScreenSpaceShadows in 0.00s
    metal (total internal programs: 32, unique: 20)
Compiling shader "Hidden/Internal-CombineDepthNormals"
  Pass "" (vp)
    Target graphics API: metal
    Full variant space:         1
    After settings filtering:   1
    After built-in stripping:   1
    After scriptable stripping: 1
    Processed in 0.00 seconds
  Pass "" (fp)
    Target graphics API: metal
    Full variant space:         1
    After settings filtering:   1
    After built-in stripping:   1
    After scriptable stripping: 1
    Processed in 0.00 seconds
  Pass  (vp, metal) finished in 0.00 seconds. Local cache hits 1 (0.00s CPU time), remote cache hits 0 (0.00s CPU time), compiled 0 variants (0.00s CPU time), skipped 0 variants.
    Prepared data for serialisation in 0.00s
  Pass  (fp, metal) finished in 0.00 seconds. Local cache hits 1 (0.00s CPU time), remote cache hits 0 (0.00s CPU time), compiled 0 variants (0.00s CPU time), skipped 0 variants.
    Prepared data for serialisation in 0.00s
Serialized binary data for shader Hidden/Internal-CombineDepthNormals in 0.00s
    metal (total internal programs: 2, unique: 2)
Compiling shader "Hidden/BlitCopy"
  Pass "" (vp)
    Target graphics API: metal
    Full variant space:         1
    After settings filtering:   1
    After built-in stripping:   1
    After scriptable stripping: 1
    Processed in 0.00 seconds
  Pass "" (fp)
    Target graphics API: metal
    Full variant space:         1
    After settings filtering:   1
    After built-in stripping:   1
    After scriptable stripping: 1
    Processed in 0.00 seconds
  Pass  (vp, metal) finished in 0.00 seconds. Local cache hits 1 (0.00s CPU time), remote cache hits 0 (0.00s CPU time), compiled 0 variants (0.00s CPU time), skipped 0 variants.
    Prepared data for serialisation in 0.00s
  Pass  (fp, metal) finished in 0.00 seconds. Local cache hits 1 (0.00s CPU time), remote cache hits 0 (0.00s CPU time), compiled 0 variants (0.00s CPU time), skipped 0 variants.
    Prepared data for serialisation in 0.00s
Serialized binary data for shader Hidden/BlitCopy in 0.00s
    metal (total internal programs: 2, unique: 2)
Compiling shader "Hidden/BlitCopyDepth"
  Pass "" (vp)
    Target graphics API: metal
    Full variant space:         1
    After settings filtering:   1
    After built-in stripping:   1
    After scriptable stripping: 1
    Processed in 0.00 seconds
  Pass "" (fp)
    Target graphics API: metal
    Full variant space:         1
    After settings filtering:   1
    After built-in stripping:   1
    After scriptable stripping: 1
    Processed in 0.00 seconds
  Pass  (vp, metal) finished in 0.00 seconds. Local cache hits 1 (0.00s CPU time), remote cache hits 0 (0.00s CPU time), compiled 0 variants (0.00s CPU time), skipped 0 variants.
    Prepared data for serialisation in 0.00s
  Pass  (fp, metal) finished in 0.00 seconds. Local cache hits 1 (0.00s CPU time), remote cache hits 0 (0.00s CPU time), compiled 0 variants (0.00s CPU time), skipped 0 variants.
    Prepared data for serialisation in 0.00s
Serialized binary data for shader Hidden/BlitCopyDepth in 0.00s
    metal (total internal programs: 2, unique: 2)
Compiling shader "Hidden/ConvertTexture"
  Pass "" (vp)
    Target graphics API: metal
    Full variant space:         1
    After settings filtering:   1
    After built-in stripping:   1
    After scriptable stripping: 1
    Processed in 0.00 seconds
  Pass "" (fp)
    Target graphics API: metal
    Full variant space:         1
    After settings filtering:   1
    After built-in stripping:   1
    After scriptable stripping: 1
    Processed in 0.00 seconds
  Pass  (vp, metal) finished in 0.00 seconds. Local cache hits 1 (0.00s CPU time), remote cache hits 0 (0.00s CPU time), compiled 0 variants (0.00s CPU time), skipped 0 variants.
    Prepared data for serialisation in 0.00s
  Pass  (fp, metal) finished in 0.00 seconds. Local cache hits 1 (0.00s CPU time), remote cache hits 0 (0.00s CPU time), compiled 0 variants (0.00s CPU time), skipped 0 variants.
    Prepared data for serialisation in 0.00s
Serialized binary data for shader Hidden/ConvertTexture in 0.00s
    metal (total internal programs: 2, unique: 2)
Compiling shader "Hidden/Internal-DeferredShading"
  Pass "" (vp)
    Target graphics API: metal
    Full variant space:         94
    After settings filtering:   94
    After built-in stripping:   26
    After scriptable stripping: 26
    Processed in 0.00 seconds
  Pass "" (fp)
    Target graphics API: metal
    Full variant space:         94
    After settings filtering:   94
    After built-in stripping:   26
    After scriptable stripping: 26
    Processed in 0.01 seconds
  Pass "" (vp)
    Target graphics API: metal
    Full variant space:         1
    After settings filtering:   1
    After built-in stripping:   1
    After scriptable stripping: 1
    Processed in 0.00 seconds
  Pass "" (fp)
    Target graphics API: metal
    Full variant space:         1
    After settings filtering:   1
    After built-in stripping:   1
    After scriptable stripping: 1
    Processed in 0.00 seconds
  Pass  (vp, metal) finished in 0.01 seconds. Local cache hits 26 (0.02s CPU time), remote cache hits 0 (0.00s CPU time), compiled 0 variants (0.00s CPU time), skipped 0 variants.
    Prepared data for serialisation in 0.00s
  Pass  (fp, metal) finished in 0.00 seconds. Local cache hits 26 (0.02s CPU time), remote cache hits 0 (0.00s CPU time), compiled 0 variants (0.00s CPU time), skipped 0 variants.
    Prepared data for serialisation in 0.00s
  Pass  (vp, metal) finished in 0.00 seconds. Local cache hits 1 (0.00s CPU time), remote cache hits 0 (0.00s CPU time), compiled 0 variants (0.00s CPU time), skipped 0 variants.
    Prepared data for serialisation in 0.00s
  Pass  (fp, metal) finished in 0.00 seconds. Local cache hits 1 (0.00s CPU time), remote cache hits 0 (0.00s CPU time), compiled 0 variants (0.00s CPU time), skipped 0 variants.
    Prepared data for serialisation in 0.00s
Serialized binary data for shader Hidden/Internal-DeferredShading in 0.00s
    metal (total internal programs: 54, unique: 54)
Compiling shader "Hidden/Internal-DeferredReflections"
  Pass "" (vp)
    Target graphics API: metal
    Full variant space:         1
    After settings filtering:   1
    After built-in stripping:   1
    After scriptable stripping: 1
    Processed in 0.00 seconds
  Pass "" (fp)
    Target graphics API: metal
    Full variant space:         1
    After settings filtering:   1
    After built-in stripping:   1
    After scriptable stripping: 1
    Processed in 0.00 seconds
  Pass "" (vp)
    Target graphics API: metal
    Full variant space:         2
    After settings filtering:   2
    After built-in stripping:   2
    After scriptable stripping: 2
    Processed in 0.00 seconds
  Pass "" (fp)
    Target graphics API: metal
    Full variant space:         2
    After settings filtering:   2
    After built-in stripping:   2
    After scriptable stripping: 2
    Processed in 0.00 seconds
  Pass  (vp, metal) finished in 0.00 seconds. Local cache hits 1 (0.00s CPU time), remote cache hits 0 (0.00s CPU time), compiled 0 variants (0.00s CPU time), skipped 0 variants.
    Prepared data for serialisation in 0.00s
  Pass  (fp, metal) finished in 0.00 seconds. Local cache hits 1 (0.00s CPU time), remote cache hits 0 (0.00s CPU time), compiled 0 variants (0.00s CPU time), skipped 0 variants.
    Prepared data for serialisation in 0.00s
  Pass  (vp, metal) finished in 0.00 seconds. Local cache hits 2 (0.00s CPU time), remote cache hits 0 (0.00s CPU time), compiled 0 variants (0.00s CPU time), skipped 0 variants.
    Prepared data for serialisation in 0.00s
  Pass  (fp, metal) finished in 0.00 seconds. Local cache hits 2 (0.00s CPU time), remote cache hits 0 (0.00s CPU time), compiled 0 variants (0.00s CPU time), skipped 0 variants.
    Prepared data for serialisation in 0.00s
Serialized binary data for shader Hidden/Internal-DeferredReflections in 0.00s
    metal (total internal programs: 6, unique: 6)
Compiling shader "Hidden/Internal-MotionVectors"
  Pass "" (vp)
    Target graphics API: metal
    Full variant space:         1
    After settings filtering:   1
    After built-in stripping:   1
    After scriptable stripping: 1
    Processed in 0.00 seconds
  Pass "" (fp)
    Target graphics API: metal
    Full variant space:         1
    After settings filtering:   1
    After built-in stripping:   1
    After scriptable stripping: 1
    Processed in 0.00 seconds
  Pass "" (vp)
    Target graphics API: metal
    Full variant space:         1
    After settings filtering:   1
    After built-in stripping:   1
    After scriptable stripping: 1
    Processed in 0.00 seconds
  Pass "" (fp)
    Target graphics API: metal
    Full variant space:         1
    After settings filtering:   1
    After built-in stripping:   1
    After scriptable stripping: 1
    Processed in 0.00 seconds
  Pass "" (vp)
    Target graphics API: metal
    Full variant space:         1
    After settings filtering:   1
    After built-in stripping:   1
    After scriptable stripping: 1
    Processed in 0.00 seconds
  Pass "" (fp)
    Target graphics API: metal
    Full variant space:         1
    After settings filtering:   1
    After built-in stripping:   1
    After scriptable stripping: 1
    Processed in 0.00 seconds
  Pass  (vp, metal) finished in 0.00 seconds. Local cache hits 1 (0.00s CPU time), remote cache hits 0 (0.00s CPU time), compiled 0 variants (0.00s CPU time), skipped 0 variants.
    Prepared data for serialisation in 0.00s
  Pass  (fp, metal) finished in 0.00 seconds. Local cache hits 1 (0.00s CPU time), remote cache hits 0 (0.00s CPU time), compiled 0 variants (0.00s CPU time), skipped 0 variants.
    Prepared data for serialisation in 0.00s
  Pass  (vp, metal) finished in 0.00 seconds. Local cache hits 1 (0.00s CPU time), remote cache hits 0 (0.00s CPU time), compiled 0 variants (0.00s CPU time), skipped 0 variants.
    Prepared data for serialisation in 0.00s
  Pass  (fp, metal) finished in 0.00 seconds. Local cache hits 1 (0.00s CPU time), remote cache hits 0 (0.00s CPU time), compiled 0 variants (0.00s CPU time), skipped 0 variants.
    Prepared data for serialisation in 0.00s
  Pass  (vp, metal) finished in 0.00 seconds. Local cache hits 1 (0.00s CPU time), remote cache hits 0 (0.00s CPU time), compiled 0 variants (0.00s CPU time), skipped 0 variants.
    Prepared data for serialisation in 0.00s
  Pass  (fp, metal) finished in 0.00 seconds. Local cache hits 1 (0.00s CPU time), remote cache hits 0 (0.00s CPU time), compiled 0 variants (0.00s CPU time), skipped 0 variants.
    Prepared data for serialisation in 0.00s
Serialized binary data for shader Hidden/Internal-MotionVectors in 0.00s
    metal (total internal programs: 6, unique: 5)
Compiling shader "Hidden/Internal-Flare"
  Pass "" (vp)
    Target graphics API: metal
    Full variant space:         1
    After settings filtering:   1
    After built-in stripping:   1
    After scriptable stripping: 1
    Processed in 0.00 seconds
  Pass "" (fp)
    Target graphics API: metal
    Full variant space:         1
    After settings filtering:   1
    After built-in stripping:   1
    After scriptable stripping: 1
    Processed in 0.00 seconds
  Pass  (vp, metal) finished in 0.00 seconds. Local cache hits 1 (0.00s CPU time), remote cache hits 0 (0.00s CPU time), compiled 0 variants (0.00s CPU time), skipped 0 variants.
    Prepared data for serialisation in 0.00s
  Pass  (fp, metal) finished in 0.00 seconds. Local cache hits 1 (0.00s CPU time), remote cache hits 0 (0.00s CPU time), compiled 0 variants (0.00s CPU time), skipped 0 variants.
    Prepared data for serialisation in 0.00s
Serialized binary data for shader Hidden/Internal-Flare in 0.00s
    metal (total internal programs: 2, unique: 2)
Compiling shader "Hidden/Internal-Halo"
  Pass "" (vp)
    Target graphics API: metal
    Full variant space:         4
    After settings filtering:   4
    After built-in stripping:   1
    After scriptable stripping: 1
    Processed in 0.00 seconds
  Pass "" (fp)
    Target graphics API: metal
    Full variant space:         4
    After settings filtering:   4
    After built-in stripping:   1
    After scriptable stripping: 1
    Processed in 0.00 seconds
  Pass  (vp, metal) finished in 0.00 seconds. Local cache hits 1 (0.00s CPU time), remote cache hits 0 (0.00s CPU time), compiled 0 variants (0.00s CPU time), skipped 0 variants.
    Prepared data for serialisation in 0.00s
  Pass  (fp, metal) finished in 0.00 seconds. Local cache hits 1 (0.00s CPU time), remote cache hits 0 (0.00s CPU time), compiled 0 variants (0.00s CPU time), skipped 0 variants.
    Prepared data for serialisation in 0.00s
Serialized binary data for shader Hidden/Internal-Halo in 0.00s
    metal (total internal programs: 2, unique: 2)
Compiling shader "Hidden/BlitCopyWithDepth"
  Pass "" (vp)
    Target graphics API: metal
    Full variant space:         1
    After settings filtering:   1
    After built-in stripping:   1
    After scriptable stripping: 1
    Processed in 0.00 seconds
  Pass "" (fp)
    Target graphics API: metal
    Full variant space:         1
    After settings filtering:   1
    After built-in stripping:   1
    After scriptable stripping: 1
    Processed in 0.00 seconds
  Pass  (vp, metal) finished in 0.00 seconds. Local cache hits 1 (0.00s CPU time), remote cache hits 0 (0.00s CPU time), compiled 0 variants (0.00s CPU time), skipped 0 variants.
    Prepared data for serialisation in 0.00s
  Pass  (fp, metal) finished in 0.00 seconds. Local cache hits 1 (0.00s CPU time), remote cache hits 0 (0.00s CPU time), compiled 0 variants (0.00s CPU time), skipped 0 variants.
    Prepared data for serialisation in 0.00s
Serialized binary data for shader Hidden/BlitCopyWithDepth in 0.00s
    metal (total internal programs: 2, unique: 2)
Compiling shader "Hidden/BlitToDepth"
  Pass "" (vp)
    Target graphics API: metal
    Full variant space:         1
    After settings filtering:   1
    After built-in stripping:   1
    After scriptable stripping: 1
    Processed in 0.00 seconds
  Pass "" (fp)
    Target graphics API: metal
    Full variant space:         1
    After settings filtering:   1
    After built-in stripping:   1
    After scriptable stripping: 1
    Processed in 0.00 seconds
  Pass  (vp, metal) finished in 0.00 seconds. Local cache hits 1 (0.00s CPU time), remote cache hits 0 (0.00s CPU time), compiled 0 variants (0.00s CPU time), skipped 0 variants.
    Prepared data for serialisation in 0.00s
  Pass  (fp, metal) finished in 0.00 seconds. Local cache hits 1 (0.00s CPU time), remote cache hits 0 (0.00s CPU time), compiled 0 variants (0.00s CPU time), skipped 0 variants.
    Prepared data for serialisation in 0.00s
Serialized binary data for shader Hidden/BlitToDepth in 0.00s
    metal (total internal programs: 2, unique: 2)
Compiling shader "Hidden/BlitToDepth_MSAA"
  Pass "" (vp)
    Target graphics API: metal
    Full variant space:         1
    After settings filtering:   1
    After built-in stripping:   1
    After scriptable stripping: 1
    Processed in 0.00 seconds
  Pass "" (fp)
    Target graphics API: metal
    Full variant space:         1
    After settings filtering:   1
    After built-in stripping:   1
    After scriptable stripping: 1
    Processed in 0.00 seconds
  Pass  (vp, metal) finished in 0.00 seconds. Local cache hits 1 (0.00s CPU time), remote cache hits 0 (0.00s CPU time), compiled 0 variants (0.00s CPU time), skipped 0 variants.
    Prepared data for serialisation in 0.00s
  Pass  (fp, metal) finished in 0.00 seconds. Local cache hits 1 (0.00s CPU time), remote cache hits 0 (0.00s CPU time), compiled 0 variants (0.00s CPU time), skipped 0 variants.
    Prepared data for serialisation in 0.00s
Serialized binary data for shader Hidden/BlitToDepth_MSAA in 0.00s
    metal (total internal programs: 2, unique: 2)
Compiling shader "Hidden/BlitCopyHDRTonemap"
  Pass "" (vp)
    Target graphics API: metal
    Full variant space:         1
    After settings filtering:   1
    After built-in stripping:   1
    After scriptable stripping: 1
    Processed in 0.00 seconds
  Pass "" (fp)
    Target graphics API: metal
    Full variant space:         1
    After settings filtering:   1
    After built-in stripping:   1
    After scriptable stripping: 1
    Processed in 0.00 seconds
  Pass  (vp, metal) finished in 0.00 seconds. Local cache hits 1 (0.00s CPU time), remote cache hits 0 (0.00s CPU time), compiled 0 variants (0.00s CPU time), skipped 0 variants.
    Prepared data for serialisation in 0.00s
  Pass  (fp, metal) finished in 0.00 seconds. Local cache hits 1 (0.00s CPU time), remote cache hits 0 (0.00s CPU time), compiled 0 variants (0.00s CPU time), skipped 0 variants.
    Prepared data for serialisation in 0.00s
Serialized binary data for shader Hidden/BlitCopyHDRTonemap in 0.00s
    metal (total internal programs: 2, unique: 2)
Compiling shader "Hidden/Internal-DebugPattern"
  Pass "Target Color and DepthStencil" (vp)
    Target graphics API: metal
    Full variant space:         1
    After settings filtering:   1
    After built-in stripping:   1
    After scriptable stripping: 1
    Processed in 0.00 seconds
  Pass "Target Color and DepthStencil" (fp)
    Target graphics API: metal
    Full variant space:         1
    After settings filtering:   1
    After built-in stripping:   1
    After scriptable stripping: 1
    Processed in 0.00 seconds
  Pass "Target only Color" (vp)
    Target graphics API: metal
    Full variant space:         1
    After settings filtering:   1
    After built-in stripping:   1
    After scriptable stripping: 1
    Processed in 0.00 seconds
  Pass "Target only Color" (fp)
    Target graphics API: metal
    Full variant space:         1
    After settings filtering:   1
    After built-in stripping:   1
    After scriptable stripping: 1
    Processed in 0.00 seconds
  Pass "Target only DepthStencil" (vp)
    Target graphics API: metal
    Full variant space:         1
    After settings filtering:   1
    After built-in stripping:   1
    After scriptable stripping: 1
    Processed in 0.00 seconds
  Pass "Target only DepthStencil" (fp)
    Target graphics API: metal
    Full variant space:         1
    After settings filtering:   1
    After built-in stripping:   1
    After scriptable stripping: 1
    Processed in 0.00 seconds
  Pass Target Color and DepthStencil (vp, metal) finished in 0.00 seconds. Local cache hits 1 (0.00s CPU time), remote cache hits 0 (0.00s CPU time), compiled 0 variants (0.00s CPU time), skipped 0 variants.
    Prepared data for serialisation in 0.00s
  Pass Target Color and DepthStencil (fp, metal) finished in 0.00 seconds. Local cache hits 1 (0.00s CPU time), remote cache hits 0 (0.00s CPU time), compiled 0 variants (0.00s CPU time), skipped 0 variants.
    Prepared data for serialisation in 0.00s
  Pass Target only Color (vp, metal) finished in 0.00 seconds. Local cache hits 1 (0.00s CPU time), remote cache hits 0 (0.00s CPU time), compiled 0 variants (0.00s CPU time), skipped 0 variants.
    Prepared data for serialisation in 0.00s
  Pass Target only Color (fp, metal) finished in 0.00 seconds. Local cache hits 1 (0.00s CPU time), remote cache hits 0 (0.00s CPU time), compiled 0 variants (0.00s CPU time), skipped 0 variants.
    Prepared data for serialisation in 0.00s
  Pass Target only DepthStencil (vp, metal) finished in 0.00 seconds. Local cache hits 1 (0.00s CPU time), remote cache hits 0 (0.00s CPU time), compiled 0 variants (0.00s CPU time), skipped 0 variants.
    Prepared data for serialisation in 0.00s
  Pass Target only DepthStencil (fp, metal) finished in 0.00 seconds. Local cache hits 1 (0.00s CPU time), remote cache hits 0 (0.00s CPU time), compiled 0 variants (0.00s CPU time), skipped 0 variants.
    Prepared data for serialisation in 0.00s
Serialized binary data for shader Hidden/Internal-DebugPattern in 0.00s
    metal (total internal programs: 6, unique: 4)
Compiling shader "Hidden/Internal-GUITextureClip"
  Pass "" (vp)
    Target graphics API: metal
    Full variant space:         1
    After settings filtering:   1
    After built-in stripping:   1
    After scriptable stripping: 1
    Processed in 0.00 seconds
  Pass "" (fp)
    Target graphics API: metal
    Full variant space:         1
    After settings filtering:   1
    After built-in stripping:   1
    After scriptable stripping: 1
    Processed in 0.00 seconds
  Pass "" (vp)
    Target graphics API: metal
    Full variant space:         1
    After settings filtering:   1
    After built-in stripping:   1
    After scriptable stripping: 1
    Processed in 0.00 seconds
  Pass "" (fp)
    Target graphics API: metal
    Full variant space:         1
    After settings filtering:   1
    After built-in stripping:   1
    After scriptable stripping: 1
    Processed in 0.00 seconds
  Pass  (vp, metal) finished in 0.00 seconds. Local cache hits 1 (0.00s CPU time), remote cache hits 0 (0.00s CPU time), compiled 0 variants (0.00s CPU time), skipped 0 variants.
    Prepared data for serialisation in 0.00s
  Pass  (fp, metal) finished in 0.00 seconds. Local cache hits 1 (0.00s CPU time), remote cache hits 0 (0.00s CPU time), compiled 0 variants (0.00s CPU time), skipped 0 variants.
    Prepared data for serialisation in 0.00s
  Pass  (vp, metal) finished in 0.00 seconds. Local cache hits 1 (0.00s CPU time), remote cache hits 0 (0.00s CPU time), compiled 0 variants (0.00s CPU time), skipped 0 variants.
    Prepared data for serialisation in 0.00s
  Pass  (fp, metal) finished in 0.00 seconds. Local cache hits 1 (0.00s CPU time), remote cache hits 0 (0.00s CPU time), compiled 0 variants (0.00s CPU time), skipped 0 variants.
    Prepared data for serialisation in 0.00s
Serialized binary data for shader Hidden/Internal-GUITextureClip in 0.00s
    metal (total internal programs: 4, unique: 2)
Compiling shader "Hidden/Internal-GUITextureClipText"
  Pass "" (vp)
    Target graphics API: metal
    Full variant space:         1
    After settings filtering:   1
    After built-in stripping:   1
    After scriptable stripping: 1
    Processed in 0.00 seconds
  Pass "" (fp)
    Target graphics API: metal
    Full variant space:         1
    After settings filtering:   1
    After built-in stripping:   1
    After scriptable stripping: 1
    Processed in 0.00 seconds
  Pass "" (vp)
    Target graphics API: metal
    Full variant space:         1
    After settings filtering:   1
    After built-in stripping:   1
    After scriptable stripping: 1
    Processed in 0.00 seconds
  Pass "" (fp)
    Target graphics API: metal
    Full variant space:         1
    After settings filtering:   1
    After built-in stripping:   1
    After scriptable stripping: 1
    Processed in 0.00 seconds
  Pass  (vp, metal) finished in 0.00 seconds. Local cache hits 1 (0.00s CPU time), remote cache hits 0 (0.00s CPU time), compiled 0 variants (0.00s CPU time), skipped 0 variants.
    Prepared data for serialisation in 0.00s
  Pass  (fp, metal) finished in 0.00 seconds. Local cache hits 1 (0.00s CPU time), remote cache hits 0 (0.00s CPU time), compiled 0 variants (0.00s CPU time), skipped 0 variants.
    Prepared data for serialisation in 0.00s
  Pass  (vp, metal) finished in 0.00 seconds. Local cache hits 1 (0.00s CPU time), remote cache hits 0 (0.00s CPU time), compiled 0 variants (0.00s CPU time), skipped 0 variants.
    Prepared data for serialisation in 0.00s
  Pass  (fp, metal) finished in 0.00 seconds. Local cache hits 1 (0.00s CPU time), remote cache hits 0 (0.00s CPU time), compiled 0 variants (0.00s CPU time), skipped 0 variants.
    Prepared data for serialisation in 0.00s
Serialized binary data for shader Hidden/Internal-GUITextureClipText in 0.00s
    metal (total internal programs: 4, unique: 2)
Compiling shader "Hidden/Internal-GUITexture"
  Pass "" (vp)
    Target graphics API: metal
    Full variant space:         1
    After settings filtering:   1
    After built-in stripping:   1
    After scriptable stripping: 1
    Processed in 0.00 seconds
  Pass "" (fp)
    Target graphics API: metal
    Full variant space:         1
    After settings filtering:   1
    After built-in stripping:   1
    After scriptable stripping: 1
    Processed in 0.00 seconds
  Pass "" (vp)
    Target graphics API: metal
    Full variant space:         1
    After settings filtering:   1
    After built-in stripping:   1
    After scriptable stripping: 1
    Processed in 0.00 seconds
  Pass "" (fp)
    Target graphics API: metal
    Full variant space:         1
    After settings filtering:   1
    After built-in stripping:   1
    After scriptable stripping: 1
    Processed in 0.00 seconds
  Pass  (vp, metal) finished in 0.00 seconds. Local cache hits 1 (0.00s CPU time), remote cache hits 0 (0.00s CPU time), compiled 0 variants (0.00s CPU time), skipped 0 variants.
    Prepared data for serialisation in 0.00s
  Pass  (fp, metal) finished in 0.00 seconds. Local cache hits 1 (0.00s CPU time), remote cache hits 0 (0.00s CPU time), compiled 0 variants (0.00s CPU time), skipped 0 variants.
    Prepared data for serialisation in 0.00s
  Pass  (vp, metal) finished in 0.00 seconds. Local cache hits 1 (0.00s CPU time), remote cache hits 0 (0.00s CPU time), compiled 0 variants (0.00s CPU time), skipped 0 variants.
    Prepared data for serialisation in 0.00s
  Pass  (fp, metal) finished in 0.00 seconds. Local cache hits 1 (0.00s CPU time), remote cache hits 0 (0.00s CPU time), compiled 0 variants (0.00s CPU time), skipped 0 variants.
    Prepared data for serialisation in 0.00s
Serialized binary data for shader Hidden/Internal-GUITexture in 0.00s
    metal (total internal programs: 4, unique: 2)
Compiling shader "Hidden/Internal-GUITextureBlit"
  Pass "" (vp)
    Target graphics API: metal
    Full variant space:         1
    After settings filtering:   1
    After built-in stripping:   1
    After scriptable stripping: 1
    Processed in 0.00 seconds
  Pass "" (fp)
    Target graphics API: metal
    Full variant space:         1
    After settings filtering:   1
    After built-in stripping:   1
    After scriptable stripping: 1
    Processed in 0.00 seconds
  Pass "" (vp)
    Target graphics API: metal
    Full variant space:         1
    After settings filtering:   1
    After built-in stripping:   1
    After scriptable stripping: 1
    Processed in 0.00 seconds
  Pass "" (fp)
    Target graphics API: metal
    Full variant space:         1
    After settings filtering:   1
    After built-in stripping:   1
    After scriptable stripping: 1
    Processed in 0.00 seconds
  Pass  (vp, metal) finished in 0.00 seconds. Local cache hits 1 (0.00s CPU time), remote cache hits 0 (0.00s CPU time), compiled 0 variants (0.00s CPU time), skipped 0 variants.
    Prepared data for serialisation in 0.00s
  Pass  (fp, metal) finished in 0.00 seconds. Local cache hits 1 (0.00s CPU time), remote cache hits 0 (0.00s CPU time), compiled 0 variants (0.00s CPU time), skipped 0 variants.
    Prepared data for serialisation in 0.00s
  Pass  (vp, metal) finished in 0.00 seconds. Local cache hits 1 (0.00s CPU time), remote cache hits 0 (0.00s CPU time), compiled 0 variants (0.00s CPU time), skipped 0 variants.
    Prepared data for serialisation in 0.00s
  Pass  (fp, metal) finished in 0.00 seconds. Local cache hits 1 (0.00s CPU time), remote cache hits 0 (0.00s CPU time), compiled 0 variants (0.00s CPU time), skipped 0 variants.
    Prepared data for serialisation in 0.00s
Serialized binary data for shader Hidden/Internal-GUITextureBlit in 0.00s
    metal (total internal programs: 4, unique: 2)
Compiling shader "Hidden/Internal-GUIRoundedRect"
  Pass "" (vp)
    Target graphics API: metal
    Full variant space:         1
    After settings filtering:   1
    After built-in stripping:   1
    After scriptable stripping: 1
    Processed in 0.00 seconds
  Pass "" (fp)
    Target graphics API: metal
    Full variant space:         1
    After settings filtering:   1
    After built-in stripping:   1
    After scriptable stripping: 1
    Processed in 0.00 seconds
  Pass "" (vp)
    Target graphics API: metal
    Full variant space:         1
    After settings filtering:   1
    After built-in stripping:   1
    After scriptable stripping: 1
    Processed in 0.00 seconds
  Pass "" (fp)
    Target graphics API: metal
    Full variant space:         1
    After settings filtering:   1
    After built-in stripping:   1
    After scriptable stripping: 1
    Processed in 0.00 seconds
  Pass  (vp, metal) finished in 0.00 seconds. Local cache hits 1 (0.00s CPU time), remote cache hits 0 (0.00s CPU time), compiled 0 variants (0.00s CPU time), skipped 0 variants.
    Prepared data for serialisation in 0.00s
  Pass  (fp, metal) finished in 0.00 seconds. Local cache hits 1 (0.00s CPU time), remote cache hits 0 (0.00s CPU time), compiled 0 variants (0.00s CPU time), skipped 0 variants.
    Prepared data for serialisation in 0.00s
  Pass  (vp, metal) finished in 0.00 seconds. Local cache hits 1 (0.00s CPU time), remote cache hits 0 (0.00s CPU time), compiled 0 variants (0.00s CPU time), skipped 0 variants.
    Prepared data for serialisation in 0.00s
  Pass  (fp, metal) finished in 0.00 seconds. Local cache hits 1 (0.00s CPU time), remote cache hits 0 (0.00s CPU time), compiled 0 variants (0.00s CPU time), skipped 0 variants.
    Prepared data for serialisation in 0.00s
Serialized binary data for shader Hidden/Internal-GUIRoundedRect in 0.00s
    metal (total internal programs: 4, unique: 2)
Compiling shader "Hidden/Internal-GUIRoundedRectWithColorPerBorder"
  Pass "" (vp)
    Target graphics API: metal
    Full variant space:         1
    After settings filtering:   1
    After built-in stripping:   1
    After scriptable stripping: 1
    Processed in 0.00 seconds
  Pass "" (fp)
    Target graphics API: metal
    Full variant space:         1
    After settings filtering:   1
    After built-in stripping:   1
    After scriptable stripping: 1
    Processed in 0.00 seconds
  Pass "" (vp)
    Target graphics API: metal
    Full variant space:         1
    After settings filtering:   1
    After built-in stripping:   1
    After scriptable stripping: 1
    Processed in 0.00 seconds
  Pass "" (fp)
    Target graphics API: metal
    Full variant space:         1
    After settings filtering:   1
    After built-in stripping:   1
    After scriptable stripping: 1
    Processed in 0.00 seconds
  Pass  (vp, metal) finished in 0.00 seconds. Local cache hits 1 (0.00s CPU time), remote cache hits 0 (0.00s CPU time), compiled 0 variants (0.00s CPU time), skipped 0 variants.
    Prepared data for serialisation in 0.00s
  Pass  (fp, metal) finished in 0.00 seconds. Local cache hits 1 (0.00s CPU time), remote cache hits 0 (0.00s CPU time), compiled 0 variants (0.00s CPU time), skipped 0 variants.
    Prepared data for serialisation in 0.00s
  Pass  (vp, metal) finished in 0.00 seconds. Local cache hits 1 (0.00s CPU time), remote cache hits 0 (0.00s CPU time), compiled 0 variants (0.00s CPU time), skipped 0 variants.
    Prepared data for serialisation in 0.00s
  Pass  (fp, metal) finished in 0.00 seconds. Local cache hits 1 (0.00s CPU time), remote cache hits 0 (0.00s CPU time), compiled 0 variants (0.00s CPU time), skipped 0 variants.
    Prepared data for serialisation in 0.00s
Serialized binary data for shader Hidden/Internal-GUIRoundedRectWithColorPerBorder in 0.00s
    metal (total internal programs: 4, unique: 2)
Compiling shader "Hidden/Internal-UIRDefault"
  Pass "" (vp)
    Target graphics API: metal
    Full variant space:         40
    After settings filtering:   40
    After built-in stripping:   40
    After scriptable stripping: 40
    Processed in 0.00 seconds
  Pass "" (fp)
    Target graphics API: metal
    Full variant space:         40
    After settings filtering:   40
    After built-in stripping:   40
    After scriptable stripping: 40
    Processed in 0.00 seconds
  Pass  (vp, metal) finished in 0.00 seconds. Local cache hits 40 (0.02s CPU time), remote cache hits 0 (0.00s CPU time), compiled 0 variants (0.00s CPU time), skipped 0 variants.
    Prepared data for serialisation in 0.00s
  Pass  (fp, metal) finished in 0.00 seconds. Local cache hits 40 (0.01s CPU time), remote cache hits 0 (0.00s CPU time), compiled 0 variants (0.00s CPU time), skipped 0 variants.
    Prepared data for serialisation in 0.00s
Serialized binary data for shader Hidden/Internal-UIRDefault in 0.00s
    metal (total internal programs: 80, unique: 80)
Compiling shader "Hidden/Internal-UIRAtlasBlitCopy"
  Pass "" (vp)
    Target graphics API: metal
    Full variant space:         1
    After settings filtering:   1
    After built-in stripping:   1
    After scriptable stripping: 1
    Processed in 0.00 seconds
  Pass "" (fp)
    Target graphics API: metal
    Full variant space:         1
    After settings filtering:   1
    After built-in stripping:   1
    After scriptable stripping: 1
    Processed in 0.00 seconds
  Pass  (vp, metal) finished in 0.00 seconds. Local cache hits 1 (0.00s CPU time), remote cache hits 0 (0.00s CPU time), compiled 0 variants (0.00s CPU time), skipped 0 variants.
    Prepared data for serialisation in 0.00s
  Pass  (fp, metal) finished in 0.00 seconds. Local cache hits 1 (0.00s CPU time), remote cache hits 0 (0.00s CPU time), compiled 0 variants (0.00s CPU time), skipped 0 variants.
    Prepared data for serialisation in 0.00s
Serialized binary data for shader Hidden/Internal-UIRAtlasBlitCopy in 0.00s
    metal (total internal programs: 2, unique: 2)
Compiling shader "Sprites/Default"
  Pass "" (vp)
    Target graphics API: metal
    Full variant space:         8
    After settings filtering:   8
    After built-in stripping:   4
    After scriptable stripping: 4
    Processed in 0.00 seconds
  Pass "" (fp)
    Target graphics API: metal
    Full variant space:         8
    After settings filtering:   8
    After built-in stripping:   4
    After scriptable stripping: 4
    Processed in 0.00 seconds
  Pass  (vp, metal) finished in 0.00 seconds. Local cache hits 4 (0.00s CPU time), remote cache hits 0 (0.00s CPU time), compiled 0 variants (0.00s CPU time), skipped 0 variants.
    Prepared data for serialisation in 0.00s
  Pass  (fp, metal) finished in 0.00 seconds. Local cache hits 4 (0.00s CPU time), remote cache hits 0 (0.00s CPU time), compiled 0 variants (0.00s CPU time), skipped 0 variants.
    Prepared data for serialisation in 0.00s
Serialized binary data for shader Sprites/Default in 0.00s
    metal (total internal programs: 8, unique: 8)
Compiling shader "Sprites/Mask"
  Pass "" (vp)
    Target graphics API: metal
    Full variant space:         4
    After settings filtering:   4
    After built-in stripping:   4
    After scriptable stripping: 4
    Processed in 0.00 seconds
  Pass "" (fp)
    Target graphics API: metal
    Full variant space:         4
    After settings filtering:   4
    After built-in stripping:   4
    After scriptable stripping: 4
    Processed in 0.00 seconds
  Pass  (vp, metal) finished in 0.00 seconds. Local cache hits 4 (0.00s CPU time), remote cache hits 0 (0.00s CPU time), compiled 0 variants (0.00s CPU time), skipped 0 variants.
    Prepared data for serialisation in 0.00s
  Pass  (fp, metal) finished in 0.00 seconds. Local cache hits 4 (0.00s CPU time), remote cache hits 0 (0.00s CPU time), compiled 0 variants (0.00s CPU time), skipped 0 variants.
    Prepared data for serialisation in 0.00s
Serialized binary data for shader Sprites/Mask in 0.00s
    metal (total internal programs: 8, unique: 8)
Compiling shader "UI/Default"
  Pass "Default" (vp)
    Target graphics API: metal
    Full variant space:         4
    After settings filtering:   4
    After built-in stripping:   4
    After scriptable stripping: 4
    Processed in 0.00 seconds
  Pass "Default" (fp)
    Target graphics API: metal
    Full variant space:         4
    After settings filtering:   4
    After built-in stripping:   4
    After scriptable stripping: 4
    Processed in 0.00 seconds
  Pass "XRMotionVectors" (vp)
    Target graphics API: metal
    Full variant space:         4
    After settings filtering:   4
    After built-in stripping:   4
    After scriptable stripping: 0
    Processed in 0.00 seconds
  Pass "XRMotionVectors" (fp)
    Target graphics API: metal
    Full variant space:         4
    After settings filtering:   4
    After built-in stripping:   4
    After scriptable stripping: 0
    Processed in 0.00 seconds
  Pass Default (vp, metal) finished in 0.00 seconds. Local cache hits 4 (0.00s CPU time), remote cache hits 0 (0.00s CPU time), compiled 0 variants (0.00s CPU time), skipped 0 variants.
    Prepared data for serialisation in 0.00s
  Pass Default (fp, metal) finished in 0.00 seconds. Local cache hits 4 (0.00s CPU time), remote cache hits 0 (0.00s CPU time), compiled 0 variants (0.00s CPU time), skipped 0 variants.
    Prepared data for serialisation in 0.00s
Serialized binary data for shader UI/Default in 0.00s
    metal (total internal programs: 8, unique: 8)
Compiling shader "UI/DefaultETC1"
  Pass "Default" (vp)
    Target graphics API: metal
    Full variant space:         4
    After settings filtering:   4
    After built-in stripping:   4
    After scriptable stripping: 4
    Processed in 0.00 seconds
  Pass "Default" (fp)
    Target graphics API: metal
    Full variant space:         4
    After settings filtering:   4
    After built-in stripping:   4
    After scriptable stripping: 4
    Processed in 0.00 seconds
  Pass "XRMotionVectors" (vp)
    Target graphics API: metal
    Full variant space:         4
    After settings filtering:   4
    After built-in stripping:   4
    After scriptable stripping: 0
    Processed in 0.00 seconds
  Pass "XRMotionVectors" (fp)
    Target graphics API: metal
    Full variant space:         4
    After settings filtering:   4
    After built-in stripping:   4
    After scriptable stripping: 0
    Processed in 0.00 seconds
  Pass Default (vp, metal) finished in 0.00 seconds. Local cache hits 4 (0.00s CPU time), remote cache hits 0 (0.00s CPU time), compiled 0 variants (0.00s CPU time), skipped 0 variants.
    Prepared data for serialisation in 0.00s
  Pass Default (fp, metal) finished in 0.00 seconds. Local cache hits 4 (0.00s CPU time), remote cache hits 0 (0.00s CPU time), compiled 0 variants (0.00s CPU time), skipped 0 variants.
    Prepared data for serialisation in 0.00s
Serialized binary data for shader UI/DefaultETC1 in 0.00s
    metal (total internal programs: 8, unique: 8)
Compiling shader "Hidden/CubeBlur"
  Pass "" (vp)
    Target graphics API: metal
    Full variant space:         1
    After settings filtering:   1
    After built-in stripping:   1
    After scriptable stripping: 1
    Processed in 0.00 seconds
  Pass "" (fp)
    Target graphics API: metal
    Full variant space:         1
    After settings filtering:   1
    After built-in stripping:   1
    After scriptable stripping: 1
    Processed in 0.00 seconds
  Pass "" (vp)
    Target graphics API: metal
    Full variant space:         1
    After settings filtering:   1
    After built-in stripping:   1
    After scriptable stripping: 1
    Processed in 0.00 seconds
  Pass "" (fp)
    Target graphics API: metal
    Full variant space:         1
    After settings filtering:   1
    After built-in stripping:   1
    After scriptable stripping: 1
    Processed in 0.00 seconds
  Pass  (vp, metal) finished in 0.00 seconds. Local cache hits 1 (0.00s CPU time), remote cache hits 0 (0.00s CPU time), compiled 0 variants (0.00s CPU time), skipped 0 variants.
    Prepared data for serialisation in 0.00s
  Pass  (fp, metal) finished in 0.00 seconds. Local cache hits 1 (0.00s CPU time), remote cache hits 0 (0.00s CPU time), compiled 0 variants (0.00s CPU time), skipped 0 variants.
    Prepared data for serialisation in 0.00s
  Pass  (vp, metal) finished in 0.00 seconds. Local cache hits 1 (0.00s CPU time), remote cache hits 0 (0.00s CPU time), compiled 0 variants (0.00s CPU time), skipped 0 variants.
    Prepared data for serialisation in 0.00s
  Pass  (fp, metal) finished in 0.00 seconds. Local cache hits 1 (0.00s CPU time), remote cache hits 0 (0.00s CPU time), compiled 0 variants (0.00s CPU time), skipped 0 variants.
    Prepared data for serialisation in 0.00s
Serialized binary data for shader Hidden/CubeBlur in 0.00s
    metal (total internal programs: 4, unique: 3)
Compiling shader "Hidden/CubeCopy"
  Pass "" (vp)
    Target graphics API: metal
    Full variant space:         1
    After settings filtering:   1
    After built-in stripping:   1
    After scriptable stripping: 1
    Processed in 0.00 seconds
  Pass "" (fp)
    Target graphics API: metal
    Full variant space:         1
    After settings filtering:   1
    After built-in stripping:   1
    After scriptable stripping: 1
    Processed in 0.00 seconds
  Pass "" (vp)
    Target graphics API: metal
    Full variant space:         1
    After settings filtering:   1
    After built-in stripping:   1
    After scriptable stripping: 1
    Processed in 0.00 seconds
  Pass "" (fp)
    Target graphics API: metal
    Full variant space:         1
    After settings filtering:   1
    After built-in stripping:   1
    After scriptable stripping: 1
    Processed in 0.00 seconds
  Pass  (vp, metal) finished in 0.00 seconds. Local cache hits 1 (0.00s CPU time), remote cache hits 0 (0.00s CPU time), compiled 0 variants (0.00s CPU time), skipped 0 variants.
    Prepared data for serialisation in 0.00s
  Pass  (fp, metal) finished in 0.00 seconds. Local cache hits 1 (0.00s CPU time), remote cache hits 0 (0.00s CPU time), compiled 0 variants (0.00s CPU time), skipped 0 variants.
    Prepared data for serialisation in 0.00s
  Pass  (vp, metal) finished in 0.00 seconds. Local cache hits 1 (0.00s CPU time), remote cache hits 0 (0.00s CPU time), compiled 0 variants (0.00s CPU time), skipped 0 variants.
    Prepared data for serialisation in 0.00s
  Pass  (fp, metal) finished in 0.00 seconds. Local cache hits 1 (0.00s CPU time), remote cache hits 0 (0.00s CPU time), compiled 0 variants (0.00s CPU time), skipped 0 variants.
    Prepared data for serialisation in 0.00s
Serialized binary data for shader Hidden/CubeCopy in 0.00s
    metal (total internal programs: 4, unique: 2)
Compiling shader "Hidden/CubeBlend"
  Pass "" (vp)
    Target graphics API: metal
    Full variant space:         1
    After settings filtering:   1
    After built-in stripping:   1
    After scriptable stripping: 1
    Processed in 0.00 seconds
  Pass "" (fp)
    Target graphics API: metal
    Full variant space:         1
    After settings filtering:   1
    After built-in stripping:   1
    After scriptable stripping: 1
    Processed in 0.00 seconds
  Pass "" (vp)
    Target graphics API: metal
    Full variant space:         1
    After settings filtering:   1
    After built-in stripping:   1
    After scriptable stripping: 1
    Processed in 0.00 seconds
  Pass "" (fp)
    Target graphics API: metal
    Full variant space:         1
    After settings filtering:   1
    After built-in stripping:   1
    After scriptable stripping: 1
    Processed in 0.00 seconds
  Pass  (vp, metal) finished in 0.00 seconds. Local cache hits 1 (0.00s CPU time), remote cache hits 0 (0.00s CPU time), compiled 0 variants (0.00s CPU time), skipped 0 variants.
    Prepared data for serialisation in 0.00s
  Pass  (fp, metal) finished in 0.00 seconds. Local cache hits 1 (0.00s CPU time), remote cache hits 0 (0.00s CPU time), compiled 0 variants (0.00s CPU time), skipped 0 variants.
    Prepared data for serialisation in 0.00s
  Pass  (vp, metal) finished in 0.00 seconds. Local cache hits 1 (0.00s CPU time), remote cache hits 0 (0.00s CPU time), compiled 0 variants (0.00s CPU time), skipped 0 variants.
    Prepared data for serialisation in 0.00s
  Pass  (fp, metal) finished in 0.00 seconds. Local cache hits 1 (0.00s CPU time), remote cache hits 0 (0.00s CPU time), compiled 0 variants (0.00s CPU time), skipped 0 variants.
    Prepared data for serialisation in 0.00s
Serialized binary data for shader Hidden/CubeBlend in 0.00s
    metal (total internal programs: 4, unique: 2)
Compiling shader "Hidden/VR/BlitTexArraySlice"
  Pass "" (vp)
    Target graphics API: metal
    Full variant space:         1
    After settings filtering:   1
    After built-in stripping:   1
    After scriptable stripping: 1
    Processed in 0.00 seconds
  Pass "" (fp)
    Target graphics API: metal
    Full variant space:         1
    After settings filtering:   1
    After built-in stripping:   1
    After scriptable stripping: 1
    Processed in 0.00 seconds
  Pass  (vp, metal) finished in 0.00 seconds. Local cache hits 1 (0.00s CPU time), remote cache hits 0 (0.00s CPU time), compiled 0 variants (0.00s CPU time), skipped 0 variants.
    Prepared data for serialisation in 0.00s
  Pass  (fp, metal) finished in 0.00 seconds. Local cache hits 1 (0.00s CPU time), remote cache hits 0 (0.00s CPU time), compiled 0 variants (0.00s CPU time), skipped 0 variants.
    Prepared data for serialisation in 0.00s
Serialized binary data for shader Hidden/VR/BlitTexArraySlice in 0.00s
    metal (total internal programs: 2, unique: 2)
Compiling shader "Hidden/Internal-ODSWorldTexture"
  Pass "" (vp)
    Target graphics API: metal
    Full variant space:         1
    After settings filtering:   1
    After built-in stripping:   1
    After scriptable stripping: 1
    Processed in 0.00 seconds
  Pass "" (fp)
    Target graphics API: metal
    Full variant space:         1
    After settings filtering:   1
    After built-in stripping:   1
    After scriptable stripping: 1
    Processed in 0.00 seconds
  Pass "" (vp)
    Target graphics API: metal
    Full variant space:         1
    After settings filtering:   1
    After built-in stripping:   1
    After scriptable stripping: 1
    Processed in 0.00 seconds
  Pass "" (fp)
    Target graphics API: metal
    Full variant space:         1
    After settings filtering:   1
    After built-in stripping:   1
    After scriptable stripping: 1
    Processed in 0.00 seconds
  Pass "" (vp)
    Target graphics API: metal
    Full variant space:         1
    After settings filtering:   1
    After built-in stripping:   1
    After scriptable stripping: 1
    Processed in 0.00 seconds
  Pass "" (fp)
    Target graphics API: metal
    Full variant space:         1
    After settings filtering:   1
    After built-in stripping:   1
    After scriptable stripping: 1
    Processed in 0.00 seconds
  Pass "" (vp)
    Target graphics API: metal
    Full variant space:         1
    After settings filtering:   1
    After built-in stripping:   1
    After scriptable stripping: 1
    Processed in 0.00 seconds
  Pass "" (fp)
    Target graphics API: metal
    Full variant space:         1
    After settings filtering:   1
    After built-in stripping:   1
    After scriptable stripping: 1
    Processed in 0.00 seconds
  Pass "" (vp)
    Target graphics API: metal
    Full variant space:         1
    After settings filtering:   1
    After built-in stripping:   1
    After scriptable stripping: 1
    Processed in 0.00 seconds
  Pass "" (fp)
    Target graphics API: metal
    Full variant space:         1
    After settings filtering:   1
    After built-in stripping:   1
    After scriptable stripping: 1
    Processed in 0.00 seconds
  Pass "" (vp)
    Target graphics API: metal
    Full variant space:         1
    After settings filtering:   1
    After built-in stripping:   1
    After scriptable stripping: 1
    Processed in 0.00 seconds
  Pass "" (fp)
    Target graphics API: metal
    Full variant space:         1
    After settings filtering:   1
    After built-in stripping:   1
    After scriptable stripping: 1
    Processed in 0.00 seconds
  Pass "" (vp)
    Target graphics API: metal
    Full variant space:         1
    After settings filtering:   1
    After built-in stripping:   1
    After scriptable stripping: 1
    Processed in 0.00 seconds
  Pass "" (fp)
    Target graphics API: metal
    Full variant space:         1
    After settings filtering:   1
    After built-in stripping:   1
    After scriptable stripping: 1
    Processed in 0.00 seconds
  Pass "" (vp)
    Target graphics API: metal
    Full variant space:         1
    After settings filtering:   1
    After built-in stripping:   1
    After scriptable stripping: 1
    Processed in 0.00 seconds
  Pass "" (fp)
    Target graphics API: metal
    Full variant space:         1
    After settings filtering:   1
    After built-in stripping:   1
    After scriptable stripping: 1
    Processed in 0.00 seconds
  Pass "" (vp)
    Target graphics API: metal
    Full variant space:         1
    After settings filtering:   1
    After built-in stripping:   1
    After scriptable stripping: 1
    Processed in 0.00 seconds
  Pass "" (fp)
    Target graphics API: metal
    Full variant space:         1
    After settings filtering:   1
    After built-in stripping:   1
    After scriptable stripping: 1
    Processed in 0.00 seconds
  Pass "" (vp)
    Target graphics API: metal
    Full variant space:         1
    After settings filtering:   1
    After built-in stripping:   1
    After scriptable stripping: 1
    Processed in 0.00 seconds
  Pass "" (fp)
    Target graphics API: metal
    Full variant space:         1
    After settings filtering:   1
    After built-in stripping:   1
    After scriptable stripping: 1
    Processed in 0.00 seconds
  Pass  (vp, metal) finished in 0.00 seconds. Local cache hits 1 (0.00s CPU time), remote cache hits 0 (0.00s CPU time), compiled 0 variants (0.00s CPU time), skipped 0 variants.
    Prepared data for serialisation in 0.00s
  Pass  (fp, metal) finished in 0.00 seconds. Local cache hits 1 (0.00s CPU time), remote cache hits 0 (0.00s CPU time), compiled 0 variants (0.00s CPU time), skipped 0 variants.
    Prepared data for serialisation in 0.00s
  Pass  (vp, metal) finished in 0.00 seconds. Local cache hits 1 (0.00s CPU time), remote cache hits 0 (0.00s CPU time), compiled 0 variants (0.00s CPU time), skipped 0 variants.
    Prepared data for serialisation in 0.00s
  Pass  (fp, metal) finished in 0.00 seconds. Local cache hits 1 (0.00s CPU time), remote cache hits 0 (0.00s CPU time), compiled 0 variants (0.00s CPU time), skipped 0 variants.
    Prepared data for serialisation in 0.00s
  Pass  (vp, metal) finished in 0.00 seconds. Local cache hits 1 (0.00s CPU time), remote cache hits 0 (0.00s CPU time), compiled 0 variants (0.00s CPU time), skipped 0 variants.
    Prepared data for serialisation in 0.00s
  Pass  (fp, metal) finished in 0.00 seconds. Local cache hits 1 (0.00s CPU time), remote cache hits 0 (0.00s CPU time), compiled 0 variants (0.00s CPU time), skipped 0 variants.
    Prepared data for serialisation in 0.00s
  Pass  (vp, metal) finished in 0.00 seconds. Local cache hits 1 (0.00s CPU time), remote cache hits 0 (0.00s CPU time), compiled 0 variants (0.00s CPU time), skipped 0 variants.
    Prepared data for serialisation in 0.00s
  Pass  (fp, metal) finished in 0.00 seconds. Local cache hits 1 (0.00s CPU time), remote cache hits 0 (0.00s CPU time), compiled 0 variants (0.00s CPU time), skipped 0 variants.
    Prepared data for serialisation in 0.00s
  Pass  (vp, metal) finished in 0.00 seconds. Local cache hits 1 (0.00s CPU time), remote cache hits 0 (0.00s CPU time), compiled 0 variants (0.00s CPU time), skipped 0 variants.
    Prepared data for serialisation in 0.00s
  Pass  (fp, metal) finished in 0.00 seconds. Local cache hits 1 (0.00s CPU time), remote cache hits 0 (0.00s CPU time), compiled 0 variants (0.00s CPU time), skipped 0 variants.
    Prepared data for serialisation in 0.00s
  Pass  (vp, metal) finished in 0.00 seconds. Local cache hits 1 (0.00s CPU time), remote cache hits 0 (0.00s CPU time), compiled 0 variants (0.00s CPU time), skipped 0 variants.
    Prepared data for serialisation in 0.00s
  Pass  (fp, metal) finished in 0.00 seconds. Local cache hits 1 (0.00s CPU time), remote cache hits 0 (0.00s CPU time), compiled 0 variants (0.00s CPU time), skipped 0 variants.
    Prepared data for serialisation in 0.00s
  Pass  (vp, metal) finished in 0.00 seconds. Local cache hits 1 (0.00s CPU time), remote cache hits 0 (0.00s CPU time), compiled 0 variants (0.00s CPU time), skipped 0 variants.
    Prepared data for serialisation in 0.00s
  Pass  (fp, metal) finished in 0.00 seconds. Local cache hits 1 (0.00s CPU time), remote cache hits 0 (0.00s CPU time), compiled 0 variants (0.00s CPU time), skipped 0 variants.
    Prepared data for serialisation in 0.00s
  Pass  (vp, metal) finished in 0.00 seconds. Local cache hits 1 (0.00s CPU time), remote cache hits 0 (0.00s CPU time), compiled 0 variants (0.00s CPU time), skipped 0 variants.
    Prepared data for serialisation in 0.00s
  Pass  (fp, metal) finished in 0.00 seconds. Local cache hits 1 (0.00s CPU time), remote cache hits 0 (0.00s CPU time), compiled 0 variants (0.00s CPU time), skipped 0 variants.
    Prepared data for serialisation in 0.00s
  Pass  (vp, metal) finished in 0.00 seconds. Local cache hits 1 (0.00s CPU time), remote cache hits 0 (0.00s CPU time), compiled 0 variants (0.00s CPU time), skipped 0 variants.
    Prepared data for serialisation in 0.00s
  Pass  (fp, metal) finished in 0.00 seconds. Local cache hits 1 (0.00s CPU time), remote cache hits 0 (0.00s CPU time), compiled 0 variants (0.00s CPU time), skipped 0 variants.
    Prepared data for serialisation in 0.00s
  Pass  (vp, metal) finished in 0.00 seconds. Local cache hits 1 (0.00s CPU time), remote cache hits 0 (0.00s CPU time), compiled 0 variants (0.00s CPU time), skipped 0 variants.
    Prepared data for serialisation in 0.00s
  Pass  (fp, metal) finished in 0.00 seconds. Local cache hits 1 (0.00s CPU time), remote cache hits 0 (0.00s CPU time), compiled 0 variants (0.00s CPU time), skipped 0 variants.
    Prepared data for serialisation in 0.00s
Serialized binary data for shader Hidden/Internal-ODSWorldTexture in 0.00s
    metal (total internal programs: 20, unique: 14)
Compiling shader "Hidden/Internal-CubemapToEquirect"
  Pass "" (vp)
    Target graphics API: metal
    Full variant space:         1
    After settings filtering:   1
    After built-in stripping:   1
    After scriptable stripping: 1
    Processed in 0.00 seconds
  Pass "" (fp)
    Target graphics API: metal
    Full variant space:         1
    After settings filtering:   1
    After built-in stripping:   1
    After scriptable stripping: 1
    Processed in 0.00 seconds
  Pass  (vp, metal) finished in 0.00 seconds. Local cache hits 1 (0.00s CPU time), remote cache hits 0 (0.00s CPU time), compiled 0 variants (0.00s CPU time), skipped 0 variants.
    Prepared data for serialisation in 0.00s
  Pass  (fp, metal) finished in 0.00 seconds. Local cache hits 1 (0.00s CPU time), remote cache hits 0 (0.00s CPU time), compiled 0 variants (0.00s CPU time), skipped 0 variants.
    Prepared data for serialisation in 0.00s
Serialized binary data for shader Hidden/Internal-CubemapToEquirect in 0.00s
    metal (total internal programs: 2, unique: 2)
Compiling shader "Hidden/VR/BlitFromTex2DToTexArraySlice"
  Pass "" (vp)
    Target graphics API: metal
    Full variant space:         1
    After settings filtering:   1
    After built-in stripping:   1
    After scriptable stripping: 1
    Processed in 0.00 seconds
  Pass "" (fp)
    Target graphics API: metal
    Full variant space:         1
    After settings filtering:   1
    After built-in stripping:   1
    After scriptable stripping: 1
    Processed in 0.00 seconds
  Pass "" (vp)
    Target graphics API: metal
    Full variant space:         1
    After settings filtering:   1
    After built-in stripping:   1
    After scriptable stripping: 1
    Processed in 0.00 seconds
  Pass "" (fp)
    Target graphics API: metal
    Full variant space:         1
    After settings filtering:   1
    After built-in stripping:   1
    After scriptable stripping: 1
    Processed in 0.00 seconds
  Pass "" (gp)
    Target graphics API: metal
    Full variant space:         1
    After settings filtering:   1
    After built-in stripping:   1
    After scriptable stripping: 1
    Processed in 0.00 seconds
  Pass  (vp, metal) finished in 0.00 seconds. Local cache hits 1 (0.00s CPU time), remote cache hits 0 (0.00s CPU time), compiled 0 variants (0.00s CPU time), skipped 0 variants.
    Prepared data for serialisation in 0.00s
  Pass  (fp, metal) finished in 0.00 seconds. Local cache hits 1 (0.00s CPU time), remote cache hits 0 (0.00s CPU time), compiled 0 variants (0.00s CPU time), skipped 0 variants.
    Prepared data for serialisation in 0.00s
  Pass  (vp, metal) finished in 0.00 seconds. Local cache hits 0 (0.00s CPU time), remote cache hits 0 (0.00s CPU time), compiled 0 variants (0.00s CPU time), skipped 1 variants.
    Prepared data for serialisation in 0.00s
  Pass  (fp, metal) finished in -0.00 seconds. Local cache hits 0 (0.00s CPU time), remote cache hits 0 (0.00s CPU time), compiled 0 variants (0.00s CPU time), skipped 1 variants.
    Prepared data for serialisation in 0.00s
  Pass  (gp, metal) finished in 0.00 seconds. Local cache hits 0 (0.00s CPU time), remote cache hits 0 (0.00s CPU time), compiled 0 variants (0.00s CPU time), skipped 1 variants.
    Prepared data for serialisation in 0.00s
Serialized binary data for shader Hidden/VR/BlitFromTex2DToTexArraySlice in 0.00s
    metal (total internal programs: 2, unique: 2)
Compiling shader "Hidden/VideoComposite"
  Pass "Default" (vp)
    Target graphics API: metal
    Full variant space:         1
    After settings filtering:   1
    After built-in stripping:   1
    After scriptable stripping: 1
    Processed in 0.00 seconds
  Pass "Default" (fp)
    Target graphics API: metal
    Full variant space:         1
    After settings filtering:   1
    After built-in stripping:   1
    After scriptable stripping: 1
    Processed in 0.00 seconds
  Pass Default (vp, metal) finished in 0.00 seconds. Local cache hits 1 (0.00s CPU time), remote cache hits 0 (0.00s CPU time), compiled 0 variants (0.00s CPU time), skipped 0 variants.
    Prepared data for serialisation in 0.00s
  Pass Default (fp, metal) finished in 0.00 seconds. Local cache hits 1 (0.00s CPU time), remote cache hits 0 (0.00s CPU time), compiled 0 variants (0.00s CPU time), skipped 0 variants.
    Prepared data for serialisation in 0.00s
Serialized binary data for shader Hidden/VideoComposite in 0.00s
    metal (total internal programs: 2, unique: 2)
Compiling shader "Hidden/VideoDecode"
  Pass "YCbCr_To_RGB1" (vp)
    Target graphics API: metal
    Full variant space:         2
    After settings filtering:   2
    After built-in stripping:   2
    After scriptable stripping: 2
    Processed in 0.00 seconds
  Pass "YCbCr_To_RGB1" (fp)
    Target graphics API: metal
    Full variant space:         2
    After settings filtering:   2
    After built-in stripping:   2
    After scriptable stripping: 2
    Processed in 0.00 seconds
  Pass "YCbCrA_To_RGBAFull" (vp)
    Target graphics API: metal
    Full variant space:         2
    After settings filtering:   2
    After built-in stripping:   2
    After scriptable stripping: 2
    Processed in 0.00 seconds
  Pass "YCbCrA_To_RGBAFull" (fp)
    Target graphics API: metal
    Full variant space:         2
    After settings filtering:   2
    After built-in stripping:   2
    After scriptable stripping: 2
    Processed in 0.00 seconds
  Pass "YCbCrA_To_RGBA" (vp)
    Target graphics API: metal
    Full variant space:         2
    After settings filtering:   2
    After built-in stripping:   2
    After scriptable stripping: 2
    Processed in 0.00 seconds
  Pass "YCbCrA_To_RGBA" (fp)
    Target graphics API: metal
    Full variant space:         2
    After settings filtering:   2
    After built-in stripping:   2
    After scriptable stripping: 2
    Processed in 0.00 seconds
  Pass "Flip_RGBA_To_RGBA" (vp)
    Target graphics API: metal
    Full variant space:         2
    After settings filtering:   2
    After built-in stripping:   2
    After scriptable stripping: 2
    Processed in 0.00 seconds
  Pass "Flip_RGBA_To_RGBA" (fp)
    Target graphics API: metal
    Full variant space:         2
    After settings filtering:   2
    After built-in stripping:   2
    After scriptable stripping: 2
    Processed in 0.00 seconds
  Pass "Flip_RGBASplit_To_RGBA" (vp)
    Target graphics API: metal
    Full variant space:         2
    After settings filtering:   2
    After built-in stripping:   2
    After scriptable stripping: 2
    Processed in 0.00 seconds
  Pass "Flip_RGBASplit_To_RGBA" (fp)
    Target graphics API: metal
    Full variant space:         2
    After settings filtering:   2
    After built-in stripping:   2
    After scriptable stripping: 2
    Processed in 0.00 seconds
  Pass "Flip_NV12_To_RGB1" (vp)
    Target graphics API: metal
    Full variant space:         2
    After settings filtering:   2
    After built-in stripping:   2
    After scriptable stripping: 2
    Processed in 0.00 seconds
  Pass "Flip_NV12_To_RGB1" (fp)
    Target graphics API: metal
    Full variant space:         2
    After settings filtering:   2
    After built-in stripping:   2
    After scriptable stripping: 2
    Processed in 0.00 seconds
  Pass "Flip_NV12_To_RGBA" (vp)
    Target graphics API: metal
    Full variant space:         2
    After settings filtering:   2
    After built-in stripping:   2
    After scriptable stripping: 2
    Processed in 0.00 seconds
  Pass "Flip_NV12_To_RGBA" (fp)
    Target graphics API: metal
    Full variant space:         2
    After settings filtering:   2
    After built-in stripping:   2
    After scriptable stripping: 2
    Processed in 0.00 seconds
  Pass "Flip_P010_To_RGB1" (vp)
    Target graphics API: metal
    Full variant space:         1
    After settings filtering:   1
    After built-in stripping:   1
    After scriptable stripping: 1
    Processed in 0.00 seconds
  Pass "Flip_P010_To_RGB1" (fp)
    Target graphics API: metal
    Full variant space:         1
    After settings filtering:   1
    After built-in stripping:   1
    After scriptable stripping: 1
    Processed in 0.00 seconds
  Pass YCbCr_To_RGB1 (vp, metal) finished in 0.00 seconds. Local cache hits 2 (0.00s CPU time), remote cache hits 0 (0.00s CPU time), compiled 0 variants (0.00s CPU time), skipped 0 variants.
    Prepared data for serialisation in 0.00s
  Pass YCbCr_To_RGB1 (fp, metal) finished in 0.00 seconds. Local cache hits 2 (0.00s CPU time), remote cache hits 0 (0.00s CPU time), compiled 0 variants (0.00s CPU time), skipped 0 variants.
    Prepared data for serialisation in 0.00s
  Pass YCbCrA_To_RGBAFull (vp, metal) finished in 0.00 seconds. Local cache hits 2 (0.00s CPU time), remote cache hits 0 (0.00s CPU time), compiled 0 variants (0.00s CPU time), skipped 0 variants.
    Prepared data for serialisation in 0.00s
  Pass YCbCrA_To_RGBAFull (fp, metal) finished in 0.00 seconds. Local cache hits 2 (0.00s CPU time), remote cache hits 0 (0.00s CPU time), compiled 0 variants (0.00s CPU time), skipped 0 variants.
    Prepared data for serialisation in 0.00s
  Pass YCbCrA_To_RGBA (vp, metal) finished in 0.00 seconds. Local cache hits 2 (0.00s CPU time), remote cache hits 0 (0.00s CPU time), compiled 0 variants (0.00s CPU time), skipped 0 variants.
    Prepared data for serialisation in 0.00s
  Pass YCbCrA_To_RGBA (fp, metal) finished in 0.00 seconds. Local cache hits 2 (0.00s CPU time), remote cache hits 0 (0.00s CPU time), compiled 0 variants (0.00s CPU time), skipped 0 variants.
    Prepared data for serialisation in 0.00s
  Pass Flip_RGBA_To_RGBA (vp, metal) finished in 0.00 seconds. Local cache hits 2 (0.00s CPU time), remote cache hits 0 (0.00s CPU time), compiled 0 variants (0.00s CPU time), skipped 0 variants.
    Prepared data for serialisation in 0.00s
  Pass Flip_RGBA_To_RGBA (fp, metal) finished in 0.00 seconds. Local cache hits 2 (0.00s CPU time), remote cache hits 0 (0.00s CPU time), compiled 0 variants (0.00s CPU time), skipped 0 variants.
    Prepared data for serialisation in 0.00s
  Pass Flip_RGBASplit_To_RGBA (vp, metal) finished in 0.00 seconds. Local cache hits 2 (0.00s CPU time), remote cache hits 0 (0.00s CPU time), compiled 0 variants (0.00s CPU time), skipped 0 variants.
    Prepared data for serialisation in 0.00s
  Pass Flip_RGBASplit_To_RGBA (fp, metal) finished in 0.00 seconds. Local cache hits 2 (0.00s CPU time), remote cache hits 0 (0.00s CPU time), compiled 0 variants (0.00s CPU time), skipped 0 variants.
    Prepared data for serialisation in 0.00s
  Pass Flip_NV12_To_RGB1 (vp, metal) finished in 0.00 seconds. Local cache hits 2 (0.00s CPU time), remote cache hits 0 (0.00s CPU time), compiled 0 variants (0.00s CPU time), skipped 0 variants.
    Prepared data for serialisation in 0.00s
  Pass Flip_NV12_To_RGB1 (fp, metal) finished in 0.00 seconds. Local cache hits 2 (0.00s CPU time), remote cache hits 0 (0.00s CPU time), compiled 0 variants (0.00s CPU time), skipped 0 variants.
    Prepared data for serialisation in 0.00s
  Pass Flip_NV12_To_RGBA (vp, metal) finished in 0.00 seconds. Local cache hits 2 (0.00s CPU time), remote cache hits 0 (0.00s CPU time), compiled 0 variants (0.00s CPU time), skipped 0 variants.
    Prepared data for serialisation in 0.00s
  Pass Flip_NV12_To_RGBA (fp, metal) finished in 0.00 seconds. Local cache hits 2 (0.00s CPU time), remote cache hits 0 (0.00s CPU time), compiled 0 variants (0.00s CPU time), skipped 0 variants.
    Prepared data for serialisation in 0.00s
  Pass Flip_P010_To_RGB1 (vp, metal) finished in 0.00 seconds. Local cache hits 1 (0.00s CPU time), remote cache hits 0 (0.00s CPU time), compiled 0 variants (0.00s CPU time), skipped 0 variants.
    Prepared data for serialisation in 0.00s
  Pass Flip_P010_To_RGB1 (fp, metal) finished in 0.00 seconds. Local cache hits 1 (0.00s CPU time), remote cache hits 0 (0.00s CPU time), compiled 0 variants (0.00s CPU time), skipped 0 variants.
    Prepared data for serialisation in 0.00s
Serialized binary data for shader Hidden/VideoDecode in 0.00s
    metal (total internal programs: 30, unique: 19)
Compiling shader "Hidden/TextCore/Distance Field SSD"
  Pass "" (vp)
    Target graphics API: metal
    Full variant space:         1
    After settings filtering:   1
    After built-in stripping:   1
    After scriptable stripping: 1
    Processed in 0.00 seconds
  Pass "" (fp)
    Target graphics API: metal
    Full variant space:         1
    After settings filtering:   1
    After built-in stripping:   1
    After scriptable stripping: 1
    Processed in 0.00 seconds
  Pass  (vp, metal) finished in 0.00 seconds. Local cache hits 1 (0.00s CPU time), remote cache hits 0 (0.00s CPU time), compiled 0 variants (0.00s CPU time), skipped 0 variants.
    Prepared data for serialisation in 0.00s
  Pass  (fp, metal) finished in 0.00 seconds. Local cache hits 1 (0.00s CPU time), remote cache hits 0 (0.00s CPU time), compiled 0 variants (0.00s CPU time), skipped 0 variants.
    Prepared data for serialisation in 0.00s
Serialized binary data for shader Hidden/TextCore/Distance Field SSD in 0.00s
    metal (total internal programs: 2, unique: 2)
Compiling shader "Hidden/Physics2D/SDF_CircleGeometry"
  Pass "" (vp)
    Target graphics API: metal
    Full variant space:         2
    After settings filtering:   2
    After built-in stripping:   1
    After scriptable stripping: 1
    Processed in 0.00 seconds
  Pass "" (fp)
    Target graphics API: metal
    Full variant space:         2
    After settings filtering:   2
    After built-in stripping:   1
    After scriptable stripping: 1
    Processed in 0.00 seconds
  Pass  (vp, metal) finished in 0.00 seconds. Local cache hits 1 (0.00s CPU time), remote cache hits 0 (0.00s CPU time), compiled 0 variants (0.00s CPU time), skipped 0 variants.
    Prepared data for serialisation in 0.00s
  Pass  (fp, metal) finished in 0.00 seconds. Local cache hits 1 (0.00s CPU time), remote cache hits 0 (0.00s CPU time), compiled 0 variants (0.00s CPU time), skipped 0 variants.
    Prepared data for serialisation in 0.00s
Serialized binary data for shader Hidden/Physics2D/SDF_CircleGeometry in 0.00s
    metal (total internal programs: 2, unique: 2)
Compiling shader "Hidden/Physics2D/SDF_CapsuleGeometry"
  Pass "" (vp)
    Target graphics API: metal
    Full variant space:         2
    After settings filtering:   2
    After built-in stripping:   1
    After scriptable stripping: 1
    Processed in 0.00 seconds
  Pass "" (fp)
    Target graphics API: metal
    Full variant space:         2
    After settings filtering:   2
    After built-in stripping:   1
    After scriptable stripping: 1
    Processed in 0.00 seconds
  Pass  (vp, metal) finished in 0.00 seconds. Local cache hits 1 (0.00s CPU time), remote cache hits 0 (0.00s CPU time), compiled 0 variants (0.00s CPU time), skipped 0 variants.
    Prepared data for serialisation in 0.00s
  Pass  (fp, metal) finished in 0.00 seconds. Local cache hits 1 (0.00s CPU time), remote cache hits 0 (0.00s CPU time), compiled 0 variants (0.00s CPU time), skipped 0 variants.
    Prepared data for serialisation in 0.00s
Serialized binary data for shader Hidden/Physics2D/SDF_CapsuleGeometry in 0.00s
    metal (total internal programs: 2, unique: 2)
Compiling shader "Hidden/Physics2D/SDF_PolygonGeometry"
  Pass "" (vp)
    Target graphics API: metal
    Full variant space:         2
    After settings filtering:   2
    After built-in stripping:   1
    After scriptable stripping: 1
    Processed in 0.00 seconds
  Pass "" (fp)
    Target graphics API: metal
    Full variant space:         2
    After settings filtering:   2
    After built-in stripping:   1
    After scriptable stripping: 1
    Processed in 0.00 seconds
  Pass  (vp, metal) finished in 0.00 seconds. Local cache hits 1 (0.00s CPU time), remote cache hits 0 (0.00s CPU time), compiled 0 variants (0.00s CPU time), skipped 0 variants.
    Prepared data for serialisation in 0.00s
  Pass  (fp, metal) finished in 0.00 seconds. Local cache hits 1 (0.00s CPU time), remote cache hits 0 (0.00s CPU time), compiled 0 variants (0.00s CPU time), skipped 0 variants.
    Prepared data for serialisation in 0.00s
Serialized binary data for shader Hidden/Physics2D/SDF_PolygonGeometry in 0.00s
    metal (total internal programs: 2, unique: 2)
Compiling shader "Hidden/Physics2D/SDF_Line"
  Pass "" (vp)
    Target graphics API: metal
    Full variant space:         2
    After settings filtering:   2
    After built-in stripping:   1
    After scriptable stripping: 1
    Processed in 0.00 seconds
  Pass "" (fp)
    Target graphics API: metal
    Full variant space:         2
    After settings filtering:   2
    After built-in stripping:   1
    After scriptable stripping: 1
    Processed in 0.00 seconds
  Pass  (vp, metal) finished in 0.00 seconds. Local cache hits 1 (0.00s CPU time), remote cache hits 0 (0.00s CPU time), compiled 0 variants (0.00s CPU time), skipped 0 variants.
    Prepared data for serialisation in 0.00s
  Pass  (fp, metal) finished in 0.00 seconds. Local cache hits 1 (0.00s CPU time), remote cache hits 0 (0.00s CPU time), compiled 0 variants (0.00s CPU time), skipped 0 variants.
    Prepared data for serialisation in 0.00s
Serialized binary data for shader Hidden/Physics2D/SDF_Line in 0.00s
    metal (total internal programs: 2, unique: 2)
Compiling shader "Hidden/Physics2D/SDF_Point"
  Pass "" (vp)
    Target graphics API: metal
    Full variant space:         2
    After settings filtering:   2
    After built-in stripping:   1
    After scriptable stripping: 1
    Processed in 0.00 seconds
  Pass "" (fp)
    Target graphics API: metal
    Full variant space:         2
    After settings filtering:   2
    After built-in stripping:   1
    After scriptable stripping: 1
    Processed in 0.00 seconds
  Pass  (vp, metal) finished in 0.00 seconds. Local cache hits 1 (0.00s CPU time), remote cache hits 0 (0.00s CPU time), compiled 0 variants (0.00s CPU time), skipped 0 variants.
    Prepared data for serialisation in 0.00s
  Pass  (fp, metal) finished in 0.00 seconds. Local cache hits 1 (0.00s CPU time), remote cache hits 0 (0.00s CPU time), compiled 0 variants (0.00s CPU time), skipped 0 variants.
    Prepared data for serialisation in 0.00s
Serialized binary data for shader Hidden/Physics2D/SDF_Point in 0.00s
    metal (total internal programs: 2, unique: 2)
SpriteAtlasDatabase::Cleanup
Compressed texture AppIcon is used as icon. This might compromise visual quality of the final image. Uncompressed format might be considered as better import option.
UnityEngine.Debug:ExtractStackTraceNoAlloc (byte*,int,string)
UnityEngine.StackTraceUtility:ExtractStackTrace () (at /Users/bokken/build/output/unity/unity/Runtime/Export/Scripting/StackTrace.cs:35)
UnityEngine.DebugLogHandler:Internal_Log (UnityEngine.LogType,UnityEngine.LogOption,string,UnityEngine.Object)
UnityEngine.DebugLogHandler:LogFormat (UnityEngine.LogType,UnityEngine.Object,string,object[])
UnityEngine.Logger:Log (UnityEngine.LogType,object)
UnityEngine.Debug:LogWarning (object)
UnityEditor.Utils.IconUtility:ExportImageToPath (string,UnityEngine.Texture2D,UnityEditor.Utils.ImageDescription) (at /Users/bokken/build/output/unity/unity/Editor/Mono/Utils/IconUtility.bindings.cs:82)
UnityEditor.Utils.IconUtility:ExportImage (string,UnityEngine.Texture2D,UnityEditor.Utils.ImageDescription) (at /Users/bokken/build/output/unity/unity/Editor/Mono/Utils/IconUtility.bindings.cs:118)
UnityEditor.Utils.IconUtility:ExportIcon (string,string,UnityEditor.Utils.ImageDescription,int) (at /Users/bokken/build/output/unity/unity/Editor/Mono/Utils/IconUtility.bindings.cs:145)
UnityEditor.Apple.Utils:SetupIconsForiOS (UnityEditor.Modules.AddIconsArgs) (at /Users/bokken/build/output/unity/unity/PlatformDependent/CommonApple/Extensions/EditorExtensionUtils.cs:188)
UnityEditor.iOS.iOSBuildPostprocessor:AddIconsToBuild (UnityEditor.Modules.AddIconsArgs) (at /Users/bokken/build/output/unity/unity/PlatformDependent/iPhonePlayer/Extensions/Common/iOSBuildPostprocessor.cs:699)
UnityEditor.PostprocessBuildPlayer:Postprocess (UnityEditor.BuildTarget,int,string,string,string,UnityEditor.BuildOptions,UnityEditor.RuntimeClassRegistry,UnityEditor.Build.Reporting.BuildReport) (at /Users/bokken/build/output/unity/unity/Editor/Mono/BuildPipeline/PostprocessBuildPlayer.cs:328)
UnityEditor.BuildPipeline:BuildPlayerInternal (string[],string,string,UnityEditor.BuildTargetGroup,UnityEditor.BuildTarget,int,UnityEditor.BuildOptions,string[],string[],bool)
UnityEditor.BuildPipeline:BuildPlayer (UnityEditor.BuildPlayerOptions) (at /Users/bokken/build/output/unity/unity/Editor/Mono/BuildPipeline/BuildPipeline.bindings.cs:267)
LaMuralla.EditorTools.BuildScript:BuildIOS () (at Assets/_Project/Editor/BuildScript.cs:50)

(Filename: /Users/bokken/build/output/unity/unity/Editor/Mono/Utils/IconUtility.bindings.cs Line: 82)

Compressed texture AppIcon is used as icon. This might compromise visual quality of the final image. Uncompressed format might be considered as better import option.
UnityEngine.Debug:ExtractStackTraceNoAlloc (byte*,int,string)
UnityEngine.StackTraceUtility:ExtractStackTrace () (at /Users/bokken/build/output/unity/unity/Runtime/Export/Scripting/StackTrace.cs:35)
UnityEngine.DebugLogHandler:Internal_Log (UnityEngine.LogType,UnityEngine.LogOption,string,UnityEngine.Object)
UnityEngine.DebugLogHandler:LogFormat (UnityEngine.LogType,UnityEngine.Object,string,object[])
UnityEngine.Logger:Log (UnityEngine.LogType,object)
UnityEngine.Debug:LogWarning (object)
UnityEditor.Utils.IconUtility:ExportImageToPath (string,UnityEngine.Texture2D,UnityEditor.Utils.ImageDescription) (at /Users/bokken/build/output/unity/unity/Editor/Mono/Utils/IconUtility.bindings.cs:82)
UnityEditor.Utils.IconUtility:ExportImage (string,UnityEngine.Texture2D,UnityEditor.Utils.ImageDescription) (at /Users/bokken/build/output/unity/unity/Editor/Mono/Utils/IconUtility.bindings.cs:118)
UnityEditor.Utils.IconUtility:ExportIcon (string,string,UnityEditor.Utils.ImageDescription,int) (at /Users/bokken/build/output/unity/unity/Editor/Mono/Utils/IconUtility.bindings.cs:145)
UnityEditor.Apple.Utils:SetupIconsForiOS (UnityEditor.Modules.AddIconsArgs) (at /Users/bokken/build/output/unity/unity/PlatformDependent/CommonApple/Extensions/EditorExtensionUtils.cs:188)
UnityEditor.iOS.iOSBuildPostprocessor:AddIconsToBuild (UnityEditor.Modules.AddIconsArgs) (at /Users/bokken/build/output/unity/unity/PlatformDependent/iPhonePlayer/Extensions/Common/iOSBuildPostprocessor.cs:699)
UnityEditor.PostprocessBuildPlayer:Postprocess (UnityEditor.BuildTarget,int,string,string,string,UnityEditor.BuildOptions,UnityEditor.RuntimeClassRegistry,UnityEditor.Build.Reporting.BuildReport) (at /Users/bokken/build/output/unity/unity/Editor/Mono/BuildPipeline/PostprocessBuildPlayer.cs:328)
UnityEditor.BuildPipeline:BuildPlayerInternal (string[],string,string,UnityEditor.BuildTargetGroup,UnityEditor.BuildTarget,int,UnityEditor.BuildOptions,string[],string[],bool)
UnityEditor.BuildPipeline:BuildPlayer (UnityEditor.BuildPlayerOptions) (at /Users/bokken/build/output/unity/unity/Editor/Mono/BuildPipeline/BuildPipeline.bindings.cs:267)
LaMuralla.EditorTools.BuildScript:BuildIOS () (at Assets/_Project/Editor/BuildScript.cs:50)

(Filename: /Users/bokken/build/output/unity/unity/Editor/Mono/Utils/IconUtility.bindings.cs Line: 82)

Compressed texture AppIcon is used as icon. This might compromise visual quality of the final image. Uncompressed format might be considered as better import option.
UnityEngine.Debug:ExtractStackTraceNoAlloc (byte*,int,string)
UnityEngine.StackTraceUtility:ExtractStackTrace () (at /Users/bokken/build/output/unity/unity/Runtime/Export/Scripting/StackTrace.cs:35)
UnityEngine.DebugLogHandler:Internal_Log (UnityEngine.LogType,UnityEngine.LogOption,string,UnityEngine.Object)
UnityEngine.DebugLogHandler:LogFormat (UnityEngine.LogType,UnityEngine.Object,string,object[])
UnityEngine.Logger:Log (UnityEngine.LogType,object)
UnityEngine.Debug:LogWarning (object)
UnityEditor.Utils.IconUtility:ExportImageToPath (string,UnityEngine.Texture2D,UnityEditor.Utils.ImageDescription) (at /Users/bokken/build/output/unity/unity/Editor/Mono/Utils/IconUtility.bindings.cs:82)
UnityEditor.Utils.IconUtility:ExportImage (string,UnityEngine.Texture2D,UnityEditor.Utils.ImageDescription) (at /Users/bokken/build/output/unity/unity/Editor/Mono/Utils/IconUtility.bindings.cs:118)
UnityEditor.Utils.IconUtility:ExportIcon (string,string,UnityEditor.Utils.ImageDescription,int) (at /Users/bokken/build/output/unity/unity/Editor/Mono/Utils/IconUtility.bindings.cs:145)
UnityEditor.Apple.Utils:SetupIconsForiOS (UnityEditor.Modules.AddIconsArgs) (at /Users/bokken/build/output/unity/unity/PlatformDependent/CommonApple/Extensions/EditorExtensionUtils.cs:188)
UnityEditor.iOS.iOSBuildPostprocessor:AddIconsToBuild (UnityEditor.Modules.AddIconsArgs) (at /Users/bokken/build/output/unity/unity/PlatformDependent/iPhonePlayer/Extensions/Common/iOSBuildPostprocessor.cs:699)
UnityEditor.PostprocessBuildPlayer:Postprocess (UnityEditor.BuildTarget,int,string,string,string,UnityEditor.BuildOptions,UnityEditor.RuntimeClassRegistry,UnityEditor.Build.Reporting.BuildReport) (at /Users/bokken/build/output/unity/unity/Editor/Mono/BuildPipeline/PostprocessBuildPlayer.cs:328)
UnityEditor.BuildPipeline:BuildPlayerInternal (string[],string,string,UnityEditor.BuildTargetGroup,UnityEditor.BuildTarget,int,UnityEditor.BuildOptions,string[],string[],bool)
UnityEditor.BuildPipeline:BuildPlayer (UnityEditor.BuildPlayerOptions) (at /Users/bokken/build/output/unity/unity/Editor/Mono/BuildPipeline/BuildPipeline.bindings.cs:267)
LaMuralla.EditorTools.BuildScript:BuildIOS () (at Assets/_Project/Editor/BuildScript.cs:50)

(Filename: /Users/bokken/build/output/unity/unity/Editor/Mono/Utils/IconUtility.bindings.cs Line: 82)

Compressed texture AppIcon is used as icon. This might compromise visual quality of the final image. Uncompressed format might be considered as better import option.
UnityEngine.Debug:ExtractStackTraceNoAlloc (byte*,int,string)
UnityEngine.StackTraceUtility:ExtractStackTrace () (at /Users/bokken/build/output/unity/unity/Runtime/Export/Scripting/StackTrace.cs:35)
UnityEngine.DebugLogHandler:Internal_Log (UnityEngine.LogType,UnityEngine.LogOption,string,UnityEngine.Object)
UnityEngine.DebugLogHandler:LogFormat (UnityEngine.LogType,UnityEngine.Object,string,object[])
UnityEngine.Logger:Log (UnityEngine.LogType,object)
UnityEngine.Debug:LogWarning (object)
UnityEditor.Utils.IconUtility:ExportImageToPath (string,UnityEngine.Texture2D,UnityEditor.Utils.ImageDescription) (at /Users/bokken/build/output/unity/unity/Editor/Mono/Utils/IconUtility.bindings.cs:82)
UnityEditor.Utils.IconUtility:ExportImage (string,UnityEngine.Texture2D,UnityEditor.Utils.ImageDescription) (at /Users/bokken/build/output/unity/unity/Editor/Mono/Utils/IconUtility.bindings.cs:118)
UnityEditor.Utils.IconUtility:ExportIcon (string,string,UnityEditor.Utils.ImageDescription,int) (at /Users/bokken/build/output/unity/unity/Editor/Mono/Utils/IconUtility.bindings.cs:145)
UnityEditor.Apple.Utils:SetupIconsForiOS (UnityEditor.Modules.AddIconsArgs) (at /Users/bokken/build/output/unity/unity/PlatformDependent/CommonApple/Extensions/EditorExtensionUtils.cs:188)
UnityEditor.iOS.iOSBuildPostprocessor:AddIconsToBuild (UnityEditor.Modules.AddIconsArgs) (at /Users/bokken/build/output/unity/unity/PlatformDependent/iPhonePlayer/Extensions/Common/iOSBuildPostprocessor.cs:699)
UnityEditor.PostprocessBuildPlayer:Postprocess (UnityEditor.BuildTarget,int,string,string,string,UnityEditor.BuildOptions,UnityEditor.RuntimeClassRegistry,UnityEditor.Build.Reporting.BuildReport) (at /Users/bokken/build/output/unity/unity/Editor/Mono/BuildPipeline/PostprocessBuildPlayer.cs:328)
UnityEditor.BuildPipeline:BuildPlayerInternal (string[],string,string,UnityEditor.BuildTargetGroup,UnityEditor.BuildTarget,int,UnityEditor.BuildOptions,string[],string[],bool)
UnityEditor.BuildPipeline:BuildPlayer (UnityEditor.BuildPlayerOptions) (at /Users/bokken/build/output/unity/unity/Editor/Mono/BuildPipeline/BuildPipeline.bindings.cs:267)
LaMuralla.EditorTools.BuildScript:BuildIOS () (at Assets/_Project/Editor/BuildScript.cs:50)

(Filename: /Users/bokken/build/output/unity/unity/Editor/Mono/Utils/IconUtility.bindings.cs Line: 82)

Compressed texture AppIcon is used as icon. This might compromise visual quality of the final image. Uncompressed format might be considered as better import option.
UnityEngine.Debug:ExtractStackTraceNoAlloc (byte*,int,string)
UnityEngine.StackTraceUtility:ExtractStackTrace () (at /Users/bokken/build/output/unity/unity/Runtime/Export/Scripting/StackTrace.cs:35)
UnityEngine.DebugLogHandler:Internal_Log (UnityEngine.LogType,UnityEngine.LogOption,string,UnityEngine.Object)
UnityEngine.DebugLogHandler:LogFormat (UnityEngine.LogType,UnityEngine.Object,string,object[])
UnityEngine.Logger:Log (UnityEngine.LogType,object)
UnityEngine.Debug:LogWarning (object)
UnityEditor.Utils.IconUtility:ExportImageToPath (string,UnityEngine.Texture2D,UnityEditor.Utils.ImageDescription) (at /Users/bokken/build/output/unity/unity/Editor/Mono/Utils/IconUtility.bindings.cs:82)
UnityEditor.Utils.IconUtility:ExportImage (string,UnityEngine.Texture2D,UnityEditor.Utils.ImageDescription) (at /Users/bokken/build/output/unity/unity/Editor/Mono/Utils/IconUtility.bindings.cs:118)
UnityEditor.Utils.IconUtility:ExportIcon (string,string,UnityEditor.Utils.ImageDescription,int) (at /Users/bokken/build/output/unity/unity/Editor/Mono/Utils/IconUtility.bindings.cs:145)
UnityEditor.Apple.Utils:SetupIconsForiOS (UnityEditor.Modules.AddIconsArgs) (at /Users/bokken/build/output/unity/unity/PlatformDependent/CommonApple/Extensions/EditorExtensionUtils.cs:188)
UnityEditor.iOS.iOSBuildPostprocessor:AddIconsToBuild (UnityEditor.Modules.AddIconsArgs) (at /Users/bokken/build/output/unity/unity/PlatformDependent/iPhonePlayer/Extensions/Common/iOSBuildPostprocessor.cs:699)
UnityEditor.PostprocessBuildPlayer:Postprocess (UnityEditor.BuildTarget,int,string,string,string,UnityEditor.BuildOptions,UnityEditor.RuntimeClassRegistry,UnityEditor.Build.Reporting.BuildReport) (at /Users/bokken/build/output/unity/unity/Editor/Mono/BuildPipeline/PostprocessBuildPlayer.cs:328)
UnityEditor.BuildPipeline:BuildPlayerInternal (string[],string,string,UnityEditor.BuildTargetGroup,UnityEditor.BuildTarget,int,UnityEditor.BuildOptions,string[],string[],bool)
UnityEditor.BuildPipeline:BuildPlayer (UnityEditor.BuildPlayerOptions) (at /Users/bokken/build/output/unity/unity/Editor/Mono/BuildPipeline/BuildPipeline.bindings.cs:267)
LaMuralla.EditorTools.BuildScript:BuildIOS () (at Assets/_Project/Editor/BuildScript.cs:50)

(Filename: /Users/bokken/build/output/unity/unity/Editor/Mono/Utils/IconUtility.bindings.cs Line: 82)

Compressed texture AppIcon is used as icon. This might compromise visual quality of the final image. Uncompressed format might be considered as better import option.
UnityEngine.Debug:ExtractStackTraceNoAlloc (byte*,int,string)
UnityEngine.StackTraceUtility:ExtractStackTrace () (at /Users/bokken/build/output/unity/unity/Runtime/Export/Scripting/StackTrace.cs:35)
UnityEngine.DebugLogHandler:Internal_Log (UnityEngine.LogType,UnityEngine.LogOption,string,UnityEngine.Object)
UnityEngine.DebugLogHandler:LogFormat (UnityEngine.LogType,UnityEngine.Object,string,object[])
UnityEngine.Logger:Log (UnityEngine.LogType,object)
UnityEngine.Debug:LogWarning (object)
UnityEditor.Utils.IconUtility:ExportImageToPath (string,UnityEngine.Texture2D,UnityEditor.Utils.ImageDescription) (at /Users/bokken/build/output/unity/unity/Editor/Mono/Utils/IconUtility.bindings.cs:82)
UnityEditor.Utils.IconUtility:ExportImage (string,UnityEngine.Texture2D,UnityEditor.Utils.ImageDescription) (at /Users/bokken/build/output/unity/unity/Editor/Mono/Utils/IconUtility.bindings.cs:118)
UnityEditor.Utils.IconUtility:ExportIcon (string,string,UnityEditor.Utils.ImageDescription,int) (at /Users/bokken/build/output/unity/unity/Editor/Mono/Utils/IconUtility.bindings.cs:145)
UnityEditor.Apple.Utils:SetupIconsForiOS (UnityEditor.Modules.AddIconsArgs) (at /Users/bokken/build/output/unity/unity/PlatformDependent/CommonApple/Extensions/EditorExtensionUtils.cs:190)
UnityEditor.iOS.iOSBuildPostprocessor:AddIconsToBuild (UnityEditor.Modules.AddIconsArgs) (at /Users/bokken/build/output/unity/unity/PlatformDependent/iPhonePlayer/Extensions/Common/iOSBuildPostprocessor.cs:699)
UnityEditor.PostprocessBuildPlayer:Postprocess (UnityEditor.BuildTarget,int,string,string,string,UnityEditor.BuildOptions,UnityEditor.RuntimeClassRegistry,UnityEditor.Build.Reporting.BuildReport) (at /Users/bokken/build/output/unity/unity/Editor/Mono/BuildPipeline/PostprocessBuildPlayer.cs:328)
UnityEditor.BuildPipeline:BuildPlayerInternal (string[],string,string,UnityEditor.BuildTargetGroup,UnityEditor.BuildTarget,int,UnityEditor.BuildOptions,string[],string[],bool)
UnityEditor.BuildPipeline:BuildPlayer (UnityEditor.BuildPlayerOptions) (at /Users/bokken/build/output/unity/unity/Editor/Mono/BuildPipeline/BuildPipeline.bindings.cs:267)
LaMuralla.EditorTools.BuildScript:BuildIOS () (at Assets/_Project/Editor/BuildScript.cs:50)

(Filename: /Users/bokken/build/output/unity/unity/Editor/Mono/Utils/IconUtility.bindings.cs Line: 82)

Compressed texture AppIcon is used as icon. This might compromise visual quality of the final image. Uncompressed format might be considered as better import option.
UnityEngine.Debug:ExtractStackTraceNoAlloc (byte*,int,string)
UnityEngine.StackTraceUtility:ExtractStackTrace () (at /Users/bokken/build/output/unity/unity/Runtime/Export/Scripting/StackTrace.cs:35)
UnityEngine.DebugLogHandler:Internal_Log (UnityEngine.LogType,UnityEngine.LogOption,string,UnityEngine.Object)
UnityEngine.DebugLogHandler:LogFormat (UnityEngine.LogType,UnityEngine.Object,string,object[])
UnityEngine.Logger:Log (UnityEngine.LogType,object)
UnityEngine.Debug:LogWarning (object)
UnityEditor.Utils.IconUtility:ExportImageToPath (string,UnityEngine.Texture2D,UnityEditor.Utils.ImageDescription) (at /Users/bokken/build/output/unity/unity/Editor/Mono/Utils/IconUtility.bindings.cs:82)
UnityEditor.Utils.IconUtility:ExportImage (string,UnityEngine.Texture2D,UnityEditor.Utils.ImageDescription) (at /Users/bokken/build/output/unity/unity/Editor/Mono/Utils/IconUtility.bindings.cs:118)
UnityEditor.Utils.IconUtility:ExportIcon (string,string,UnityEditor.Utils.ImageDescription,int) (at /Users/bokken/build/output/unity/unity/Editor/Mono/Utils/IconUtility.bindings.cs:145)
UnityEditor.Apple.Utils:SetupIconsForiOS (UnityEditor.Modules.AddIconsArgs) (at /Users/bokken/build/output/unity/unity/PlatformDependent/CommonApple/Extensions/EditorExtensionUtils.cs:190)
UnityEditor.iOS.iOSBuildPostprocessor:AddIconsToBuild (UnityEditor.Modules.AddIconsArgs) (at /Users/bokken/build/output/unity/unity/PlatformDependent/iPhonePlayer/Extensions/Common/iOSBuildPostprocessor.cs:699)
UnityEditor.PostprocessBuildPlayer:Postprocess (UnityEditor.BuildTarget,int,string,string,string,UnityEditor.BuildOptions,UnityEditor.RuntimeClassRegistry,UnityEditor.Build.Reporting.BuildReport) (at /Users/bokken/build/output/unity/unity/Editor/Mono/BuildPipeline/PostprocessBuildPlayer.cs:328)
UnityEditor.BuildPipeline:BuildPlayerInternal (string[],string,string,UnityEditor.BuildTargetGroup,UnityEditor.BuildTarget,int,UnityEditor.BuildOptions,string[],string[],bool)
UnityEditor.BuildPipeline:BuildPlayer (UnityEditor.BuildPlayerOptions) (at /Users/bokken/build/output/unity/unity/Editor/Mono/BuildPipeline/BuildPipeline.bindings.cs:267)
LaMuralla.EditorTools.BuildScript:BuildIOS () (at Assets/_Project/Editor/BuildScript.cs:50)

(Filename: /Users/bokken/build/output/unity/unity/Editor/Mono/Utils/IconUtility.bindings.cs Line: 82)

Compressed texture AppIcon is used as icon. This might compromise visual quality of the final image. Uncompressed format might be considered as better import option.
UnityEngine.Debug:ExtractStackTraceNoAlloc (byte*,int,string)
UnityEngine.StackTraceUtility:ExtractStackTrace () (at /Users/bokken/build/output/unity/unity/Runtime/Export/Scripting/StackTrace.cs:35)
UnityEngine.DebugLogHandler:Internal_Log (UnityEngine.LogType,UnityEngine.LogOption,string,UnityEngine.Object)
UnityEngine.DebugLogHandler:LogFormat (UnityEngine.LogType,UnityEngine.Object,string,object[])
UnityEngine.Logger:Log (UnityEngine.LogType,object)
UnityEngine.Debug:LogWarning (object)
UnityEditor.Utils.IconUtility:ExportImageToPath (string,UnityEngine.Texture2D,UnityEditor.Utils.ImageDescription) (at /Users/bokken/build/output/unity/unity/Editor/Mono/Utils/IconUtility.bindings.cs:82)
UnityEditor.Utils.IconUtility:ExportImage (string,UnityEngine.Texture2D,UnityEditor.Utils.ImageDescription) (at /Users/bokken/build/output/unity/unity/Editor/Mono/Utils/IconUtility.bindings.cs:118)
UnityEditor.Utils.IconUtility:ExportIcon (string,string,UnityEditor.Utils.ImageDescription,int) (at /Users/bokken/build/output/unity/unity/Editor/Mono/Utils/IconUtility.bindings.cs:145)
UnityEditor.Apple.Utils:SetupIconsForiOS (UnityEditor.Modules.AddIconsArgs) (at /Users/bokken/build/output/unity/unity/PlatformDependent/CommonApple/Extensions/EditorExtensionUtils.cs:190)
UnityEditor.iOS.iOSBuildPostprocessor:AddIconsToBuild (UnityEditor.Modules.AddIconsArgs) (at /Users/bokken/build/output/unity/unity/PlatformDependent/iPhonePlayer/Extensions/Common/iOSBuildPostprocessor.cs:699)
UnityEditor.PostprocessBuildPlayer:Postprocess (UnityEditor.BuildTarget,int,string,string,string,UnityEditor.BuildOptions,UnityEditor.RuntimeClassRegistry,UnityEditor.Build.Reporting.BuildReport) (at /Users/bokken/build/output/unity/unity/Editor/Mono/BuildPipeline/PostprocessBuildPlayer.cs:328)
UnityEditor.BuildPipeline:BuildPlayerInternal (string[],string,string,UnityEditor.BuildTargetGroup,UnityEditor.BuildTarget,int,UnityEditor.BuildOptions,string[],string[],bool)
UnityEditor.BuildPipeline:BuildPlayer (UnityEditor.BuildPlayerOptions) (at /Users/bokken/build/output/unity/unity/Editor/Mono/BuildPipeline/BuildPipeline.bindings.cs:267)
LaMuralla.EditorTools.BuildScript:BuildIOS () (at Assets/_Project/Editor/BuildScript.cs:50)

(Filename: /Users/bokken/build/output/unity/unity/Editor/Mono/Utils/IconUtility.bindings.cs Line: 82)

Compressed texture AppIcon is used as icon. This might compromise visual quality of the final image. Uncompressed format might be considered as better import option.
UnityEngine.Debug:ExtractStackTraceNoAlloc (byte*,int,string)
UnityEngine.StackTraceUtility:ExtractStackTrace () (at /Users/bokken/build/output/unity/unity/Runtime/Export/Scripting/StackTrace.cs:35)
UnityEngine.DebugLogHandler:Internal_Log (UnityEngine.LogType,UnityEngine.LogOption,string,UnityEngine.Object)
UnityEngine.DebugLogHandler:LogFormat (UnityEngine.LogType,UnityEngine.Object,string,object[])
UnityEngine.Logger:Log (UnityEngine.LogType,object)
UnityEngine.Debug:LogWarning (object)
UnityEditor.Utils.IconUtility:ExportImageToPath (string,UnityEngine.Texture2D,UnityEditor.Utils.ImageDescription) (at /Users/bokken/build/output/unity/unity/Editor/Mono/Utils/IconUtility.bindings.cs:82)
UnityEditor.Utils.IconUtility:ExportImage (string,UnityEngine.Texture2D,UnityEditor.Utils.ImageDescription) (at /Users/bokken/build/output/unity/unity/Editor/Mono/Utils/IconUtility.bindings.cs:118)
UnityEditor.Utils.IconUtility:ExportIcon (string,string,UnityEditor.Utils.ImageDescription,int) (at /Users/bokken/build/output/unity/unity/Editor/Mono/Utils/IconUtility.bindings.cs:145)
UnityEditor.Apple.Utils:SetupIconsForiOS (UnityEditor.Modules.AddIconsArgs) (at /Users/bokken/build/output/unity/unity/PlatformDependent/CommonApple/Extensions/EditorExtensionUtils.cs:190)
UnityEditor.iOS.iOSBuildPostprocessor:AddIconsToBuild (UnityEditor.Modules.AddIconsArgs) (at /Users/bokken/build/output/unity/unity/PlatformDependent/iPhonePlayer/Extensions/Common/iOSBuildPostprocessor.cs:699)
UnityEditor.PostprocessBuildPlayer:Postprocess (UnityEditor.BuildTarget,int,string,string,string,UnityEditor.BuildOptions,UnityEditor.RuntimeClassRegistry,UnityEditor.Build.Reporting.BuildReport) (at /Users/bokken/build/output/unity/unity/Editor/Mono/BuildPipeline/PostprocessBuildPlayer.cs:328)
UnityEditor.BuildPipeline:BuildPlayerInternal (string[],string,string,UnityEditor.BuildTargetGroup,UnityEditor.BuildTarget,int,UnityEditor.BuildOptions,string[],string[],bool)
UnityEditor.BuildPipeline:BuildPlayer (UnityEditor.BuildPlayerOptions) (at /Users/bokken/build/output/unity/unity/Editor/Mono/BuildPipeline/BuildPipeline.bindings.cs:267)
LaMuralla.EditorTools.BuildScript:BuildIOS () (at Assets/_Project/Editor/BuildScript.cs:50)

(Filename: /Users/bokken/build/output/unity/unity/Editor/Mono/Utils/IconUtility.bindings.cs Line: 82)

Compressed texture AppIcon is used as icon. This might compromise visual quality of the final image. Uncompressed format might be considered as better import option.
UnityEngine.Debug:ExtractStackTraceNoAlloc (byte*,int,string)
UnityEngine.StackTraceUtility:ExtractStackTrace () (at /Users/bokken/build/output/unity/unity/Runtime/Export/Scripting/StackTrace.cs:35)
UnityEngine.DebugLogHandler:Internal_Log (UnityEngine.LogType,UnityEngine.LogOption,string,UnityEngine.Object)
UnityEngine.DebugLogHandler:LogFormat (UnityEngine.LogType,UnityEngine.Object,string,object[])
UnityEngine.Logger:Log (UnityEngine.LogType,object)
UnityEngine.Debug:LogWarning (object)
UnityEditor.Utils.IconUtility:ExportImageToPath (string,UnityEngine.Texture2D,UnityEditor.Utils.ImageDescription) (at /Users/bokken/build/output/unity/unity/Editor/Mono/Utils/IconUtility.bindings.cs:82)
UnityEditor.Utils.IconUtility:ExportImage (string,UnityEngine.Texture2D,UnityEditor.Utils.ImageDescription) (at /Users/bokken/build/output/unity/unity/Editor/Mono/Utils/IconUtility.bindings.cs:118)
UnityEditor.Utils.IconUtility:ExportIcon (string,string,UnityEditor.Utils.ImageDescription,int) (at /Users/bokken/build/output/unity/unity/Editor/Mono/Utils/IconUtility.bindings.cs:145)
UnityEditor.Apple.Utils:SetupIconsForiOS (UnityEditor.Modules.AddIconsArgs) (at /Users/bokken/build/output/unity/unity/PlatformDependent/CommonApple/Extensions/EditorExtensionUtils.cs:190)
UnityEditor.iOS.iOSBuildPostprocessor:AddIconsToBuild (UnityEditor.Modules.AddIconsArgs) (at /Users/bokken/build/output/unity/unity/PlatformDependent/iPhonePlayer/Extensions/Common/iOSBuildPostprocessor.cs:699)
UnityEditor.PostprocessBuildPlayer:Postprocess (UnityEditor.BuildTarget,int,string,string,string,UnityEditor.BuildOptions,UnityEditor.RuntimeClassRegistry,UnityEditor.Build.Reporting.BuildReport) (at /Users/bokken/build/output/unity/unity/Editor/Mono/BuildPipeline/PostprocessBuildPlayer.cs:328)
UnityEditor.BuildPipeline:BuildPlayerInternal (string[],string,string,UnityEditor.BuildTargetGroup,UnityEditor.BuildTarget,int,UnityEditor.BuildOptions,string[],string[],bool)
UnityEditor.BuildPipeline:BuildPlayer (UnityEditor.BuildPlayerOptions) (at /Users/bokken/build/output/unity/unity/Editor/Mono/BuildPipeline/BuildPipeline.bindings.cs:267)
LaMuralla.EditorTools.BuildScript:BuildIOS () (at Assets/_Project/Editor/BuildScript.cs:50)

(Filename: /Users/bokken/build/output/unity/unity/Editor/Mono/Utils/IconUtility.bindings.cs Line: 82)

Compressed texture AppIcon is used as icon. This might compromise visual quality of the final image. Uncompressed format might be considered as better import option.
UnityEngine.Debug:ExtractStackTraceNoAlloc (byte*,int,string)
UnityEngine.StackTraceUtility:ExtractStackTrace () (at /Users/bokken/build/output/unity/unity/Runtime/Export/Scripting/StackTrace.cs:35)
UnityEngine.DebugLogHandler:Internal_Log (UnityEngine.LogType,UnityEngine.LogOption,string,UnityEngine.Object)
UnityEngine.DebugLogHandler:LogFormat (UnityEngine.LogType,UnityEngine.Object,string,object[])
UnityEngine.Logger:Log (UnityEngine.LogType,object)
UnityEngine.Debug:LogWarning (object)
UnityEditor.Utils.IconUtility:ExportImageToPath (string,UnityEngine.Texture2D,UnityEditor.Utils.ImageDescription) (at /Users/bokken/build/output/unity/unity/Editor/Mono/Utils/IconUtility.bindings.cs:82)
UnityEditor.Utils.IconUtility:ExportImage (string,UnityEngine.Texture2D,UnityEditor.Utils.ImageDescription) (at /Users/bokken/build/output/unity/unity/Editor/Mono/Utils/IconUtility.bindings.cs:118)
UnityEditor.Utils.IconUtility:ExportIcon (string,string,UnityEditor.Utils.ImageDescription,int) (at /Users/bokken/build/output/unity/unity/Editor/Mono/Utils/IconUtility.bindings.cs:145)
UnityEditor.Apple.Utils:SetupIconsForiOS (UnityEditor.Modules.AddIconsArgs) (at /Users/bokken/build/output/unity/unity/PlatformDependent/CommonApple/Extensions/EditorExtensionUtils.cs:192)
UnityEditor.iOS.iOSBuildPostprocessor:AddIconsToBuild (UnityEditor.Modules.AddIconsArgs) (at /Users/bokken/build/output/unity/unity/PlatformDependent/iPhonePlayer/Extensions/Common/iOSBuildPostprocessor.cs:699)
UnityEditor.PostprocessBuildPlayer:Postprocess (UnityEditor.BuildTarget,int,string,string,string,UnityEditor.BuildOptions,UnityEditor.RuntimeClassRegistry,UnityEditor.Build.Reporting.BuildReport) (at /Users/bokken/build/output/unity/unity/Editor/Mono/BuildPipeline/PostprocessBuildPlayer.cs:328)
UnityEditor.BuildPipeline:BuildPlayerInternal (string[],string,string,UnityEditor.BuildTargetGroup,UnityEditor.BuildTarget,int,UnityEditor.BuildOptions,string[],string[],bool)
UnityEditor.BuildPipeline:BuildPlayer (UnityEditor.BuildPlayerOptions) (at /Users/bokken/build/output/unity/unity/Editor/Mono/BuildPipeline/BuildPipeline.bindings.cs:267)
LaMuralla.EditorTools.BuildScript:BuildIOS () (at Assets/_Project/Editor/BuildScript.cs:50)

(Filename: /Users/bokken/build/output/unity/unity/Editor/Mono/Utils/IconUtility.bindings.cs Line: 82)

Compressed texture AppIcon is used as icon. This might compromise visual quality of the final image. Uncompressed format might be considered as better import option.
UnityEngine.Debug:ExtractStackTraceNoAlloc (byte*,int,string)
UnityEngine.StackTraceUtility:ExtractStackTrace () (at /Users/bokken/build/output/unity/unity/Runtime/Export/Scripting/StackTrace.cs:35)
UnityEngine.DebugLogHandler:Internal_Log (UnityEngine.LogType,UnityEngine.LogOption,string,UnityEngine.Object)
UnityEngine.DebugLogHandler:LogFormat (UnityEngine.LogType,UnityEngine.Object,string,object[])
UnityEngine.Logger:Log (UnityEngine.LogType,object)
UnityEngine.Debug:LogWarning (object)
UnityEditor.Utils.IconUtility:ExportImageToPath (string,UnityEngine.Texture2D,UnityEditor.Utils.ImageDescription) (at /Users/bokken/build/output/unity/unity/Editor/Mono/Utils/IconUtility.bindings.cs:82)
UnityEditor.Utils.IconUtility:ExportImage (string,UnityEngine.Texture2D,UnityEditor.Utils.ImageDescription) (at /Users/bokken/build/output/unity/unity/Editor/Mono/Utils/IconUtility.bindings.cs:118)
UnityEditor.Utils.IconUtility:ExportIcon (string,string,UnityEditor.Utils.ImageDescription,int) (at /Users/bokken/build/output/unity/unity/Editor/Mono/Utils/IconUtility.bindings.cs:145)
UnityEditor.Apple.Utils:SetupIconsForiOS (UnityEditor.Modules.AddIconsArgs) (at /Users/bokken/build/output/unity/unity/PlatformDependent/CommonApple/Extensions/EditorExtensionUtils.cs:192)
UnityEditor.iOS.iOSBuildPostprocessor:AddIconsToBuild (UnityEditor.Modules.AddIconsArgs) (at /Users/bokken/build/output/unity/unity/PlatformDependent/iPhonePlayer/Extensions/Common/iOSBuildPostprocessor.cs:699)
UnityEditor.PostprocessBuildPlayer:Postprocess (UnityEditor.BuildTarget,int,string,string,string,UnityEditor.BuildOptions,UnityEditor.RuntimeClassRegistry,UnityEditor.Build.Reporting.BuildReport) (at /Users/bokken/build/output/unity/unity/Editor/Mono/BuildPipeline/PostprocessBuildPlayer.cs:328)
UnityEditor.BuildPipeline:BuildPlayerInternal (string[],string,string,UnityEditor.BuildTargetGroup,UnityEditor.BuildTarget,int,UnityEditor.BuildOptions,string[],string[],bool)
UnityEditor.BuildPipeline:BuildPlayer (UnityEditor.BuildPlayerOptions) (at /Users/bokken/build/output/unity/unity/Editor/Mono/BuildPipeline/BuildPipeline.bindings.cs:267)
LaMuralla.EditorTools.BuildScript:BuildIOS () (at Assets/_Project/Editor/BuildScript.cs:50)

(Filename: /Users/bokken/build/output/unity/unity/Editor/Mono/Utils/IconUtility.bindings.cs Line: 82)

Compressed texture AppIcon is used as icon. This might compromise visual quality of the final image. Uncompressed format might be considered as better import option.
UnityEngine.Debug:ExtractStackTraceNoAlloc (byte*,int,string)
UnityEngine.StackTraceUtility:ExtractStackTrace () (at /Users/bokken/build/output/unity/unity/Runtime/Export/Scripting/StackTrace.cs:35)
UnityEngine.DebugLogHandler:Internal_Log (UnityEngine.LogType,UnityEngine.LogOption,string,UnityEngine.Object)
UnityEngine.DebugLogHandler:LogFormat (UnityEngine.LogType,UnityEngine.Object,string,object[])
UnityEngine.Logger:Log (UnityEngine.LogType,object)
UnityEngine.Debug:LogWarning (object)
UnityEditor.Utils.IconUtility:ExportImageToPath (string,UnityEngine.Texture2D,UnityEditor.Utils.ImageDescription) (at /Users/bokken/build/output/unity/unity/Editor/Mono/Utils/IconUtility.bindings.cs:82)
UnityEditor.Utils.IconUtility:ExportImage (string,UnityEngine.Texture2D,UnityEditor.Utils.ImageDescription) (at /Users/bokken/build/output/unity/unity/Editor/Mono/Utils/IconUtility.bindings.cs:118)
UnityEditor.Utils.IconUtility:ExportIcon (string,string,UnityEditor.Utils.ImageDescription,int) (at /Users/bokken/build/output/unity/unity/Editor/Mono/Utils/IconUtility.bindings.cs:145)
UnityEditor.Apple.Utils:SetupIconsForiOS (UnityEditor.Modules.AddIconsArgs) (at /Users/bokken/build/output/unity/unity/PlatformDependent/CommonApple/Extensions/EditorExtensionUtils.cs:192)
UnityEditor.iOS.iOSBuildPostprocessor:AddIconsToBuild (UnityEditor.Modules.AddIconsArgs) (at /Users/bokken/build/output/unity/unity/PlatformDependent/iPhonePlayer/Extensions/Common/iOSBuildPostprocessor.cs:699)
UnityEditor.PostprocessBuildPlayer:Postprocess (UnityEditor.BuildTarget,int,string,string,string,UnityEditor.BuildOptions,UnityEditor.RuntimeClassRegistry,UnityEditor.Build.Reporting.BuildReport) (at /Users/bokken/build/output/unity/unity/Editor/Mono/BuildPipeline/PostprocessBuildPlayer.cs:328)
UnityEditor.BuildPipeline:BuildPlayerInternal (string[],string,string,UnityEditor.BuildTargetGroup,UnityEditor.BuildTarget,int,UnityEditor.BuildOptions,string[],string[],bool)
UnityEditor.BuildPipeline:BuildPlayer (UnityEditor.BuildPlayerOptions) (at /Users/bokken/build/output/unity/unity/Editor/Mono/BuildPipeline/BuildPipeline.bindings.cs:267)
LaMuralla.EditorTools.BuildScript:BuildIOS () (at Assets/_Project/Editor/BuildScript.cs:50)

(Filename: /Users/bokken/build/output/unity/unity/Editor/Mono/Utils/IconUtility.bindings.cs Line: 82)

Compressed texture AppIcon is used as icon. This might compromise visual quality of the final image. Uncompressed format might be considered as better import option.
UnityEngine.Debug:ExtractStackTraceNoAlloc (byte*,int,string)
UnityEngine.StackTraceUtility:ExtractStackTrace () (at /Users/bokken/build/output/unity/unity/Runtime/Export/Scripting/StackTrace.cs:35)
UnityEngine.DebugLogHandler:Internal_Log (UnityEngine.LogType,UnityEngine.LogOption,string,UnityEngine.Object)
UnityEngine.DebugLogHandler:LogFormat (UnityEngine.LogType,UnityEngine.Object,string,object[])
UnityEngine.Logger:Log (UnityEngine.LogType,object)
UnityEngine.Debug:LogWarning (object)
UnityEditor.Utils.IconUtility:ExportImageToPath (string,UnityEngine.Texture2D,UnityEditor.Utils.ImageDescription) (at /Users/bokken/build/output/unity/unity/Editor/Mono/Utils/IconUtility.bindings.cs:82)
UnityEditor.Utils.IconUtility:ExportImage (string,UnityEngine.Texture2D,UnityEditor.Utils.ImageDescription) (at /Users/bokken/build/output/unity/unity/Editor/Mono/Utils/IconUtility.bindings.cs:118)
UnityEditor.Utils.IconUtility:ExportIcon (string,string,UnityEditor.Utils.ImageDescription,int) (at /Users/bokken/build/output/unity/unity/Editor/Mono/Utils/IconUtility.bindings.cs:145)
UnityEditor.Apple.Utils:SetupIconsForiOS (UnityEditor.Modules.AddIconsArgs) (at /Users/bokken/build/output/unity/unity/PlatformDependent/CommonApple/Extensions/EditorExtensionUtils.cs:192)
UnityEditor.iOS.iOSBuildPostprocessor:AddIconsToBuild (UnityEditor.Modules.AddIconsArgs) (at /Users/bokken/build/output/unity/unity/PlatformDependent/iPhonePlayer/Extensions/Common/iOSBuildPostprocessor.cs:699)
UnityEditor.PostprocessBuildPlayer:Postprocess (UnityEditor.BuildTarget,int,string,string,string,UnityEditor.BuildOptions,UnityEditor.RuntimeClassRegistry,UnityEditor.Build.Reporting.BuildReport) (at /Users/bokken/build/output/unity/unity/Editor/Mono/BuildPipeline/PostprocessBuildPlayer.cs:328)
UnityEditor.BuildPipeline:BuildPlayerInternal (string[],string,string,UnityEditor.BuildTargetGroup,UnityEditor.BuildTarget,int,UnityEditor.BuildOptions,string[],string[],bool)
UnityEditor.BuildPipeline:BuildPlayer (UnityEditor.BuildPlayerOptions) (at /Users/bokken/build/output/unity/unity/Editor/Mono/BuildPipeline/BuildPipeline.bindings.cs:267)
LaMuralla.EditorTools.BuildScript:BuildIOS () (at Assets/_Project/Editor/BuildScript.cs:50)

(Filename: /Users/bokken/build/output/unity/unity/Editor/Mono/Utils/IconUtility.bindings.cs Line: 82)

Compressed texture AppIcon is used as icon. This might compromise visual quality of the final image. Uncompressed format might be considered as better import option.
UnityEngine.Debug:ExtractStackTraceNoAlloc (byte*,int,string)
UnityEngine.StackTraceUtility:ExtractStackTrace () (at /Users/bokken/build/output/unity/unity/Runtime/Export/Scripting/StackTrace.cs:35)
UnityEngine.DebugLogHandler:Internal_Log (UnityEngine.LogType,UnityEngine.LogOption,string,UnityEngine.Object)
UnityEngine.DebugLogHandler:LogFormat (UnityEngine.LogType,UnityEngine.Object,string,object[])
UnityEngine.Logger:Log (UnityEngine.LogType,object)
UnityEngine.Debug:LogWarning (object)
UnityEditor.Utils.IconUtility:ExportImageToPath (string,UnityEngine.Texture2D,UnityEditor.Utils.ImageDescription) (at /Users/bokken/build/output/unity/unity/Editor/Mono/Utils/IconUtility.bindings.cs:82)
UnityEditor.Utils.IconUtility:ExportImage (string,UnityEngine.Texture2D,UnityEditor.Utils.ImageDescription) (at /Users/bokken/build/output/unity/unity/Editor/Mono/Utils/IconUtility.bindings.cs:118)
UnityEditor.Utils.IconUtility:ExportIcon (string,string,UnityEditor.Utils.ImageDescription,int) (at /Users/bokken/build/output/unity/unity/Editor/Mono/Utils/IconUtility.bindings.cs:145)
UnityEditor.Apple.Utils:SetupIconsForiOS (UnityEditor.Modules.AddIconsArgs) (at /Users/bokken/build/output/unity/unity/PlatformDependent/CommonApple/Extensions/EditorExtensionUtils.cs:194)
UnityEditor.iOS.iOSBuildPostprocessor:AddIconsToBuild (UnityEditor.Modules.AddIconsArgs) (at /Users/bokken/build/output/unity/unity/PlatformDependent/iPhonePlayer/Extensions/Common/iOSBuildPostprocessor.cs:699)
UnityEditor.PostprocessBuildPlayer:Postprocess (UnityEditor.BuildTarget,int,string,string,string,UnityEditor.BuildOptions,UnityEditor.RuntimeClassRegistry,UnityEditor.Build.Reporting.BuildReport) (at /Users/bokken/build/output/unity/unity/Editor/Mono/BuildPipeline/PostprocessBuildPlayer.cs:328)
UnityEditor.BuildPipeline:BuildPlayerInternal (string[],string,string,UnityEditor.BuildTargetGroup,UnityEditor.BuildTarget,int,UnityEditor.BuildOptions,string[],string[],bool)
UnityEditor.BuildPipeline:BuildPlayer (UnityEditor.BuildPlayerOptions) (at /Users/bokken/build/output/unity/unity/Editor/Mono/BuildPipeline/BuildPipeline.bindings.cs:267)
LaMuralla.EditorTools.BuildScript:BuildIOS () (at Assets/_Project/Editor/BuildScript.cs:50)

(Filename: /Users/bokken/build/output/unity/unity/Editor/Mono/Utils/IconUtility.bindings.cs Line: 82)

Compressed texture AppIcon is used as icon. This might compromise visual quality of the final image. Uncompressed format might be considered as better import option.
UnityEngine.Debug:ExtractStackTraceNoAlloc (byte*,int,string)
UnityEngine.StackTraceUtility:ExtractStackTrace () (at /Users/bokken/build/output/unity/unity/Runtime/Export/Scripting/StackTrace.cs:35)
UnityEngine.DebugLogHandler:Internal_Log (UnityEngine.LogType,UnityEngine.LogOption,string,UnityEngine.Object)
UnityEngine.DebugLogHandler:LogFormat (UnityEngine.LogType,UnityEngine.Object,string,object[])
UnityEngine.Logger:Log (UnityEngine.LogType,object)
UnityEngine.Debug:LogWarning (object)
UnityEditor.Utils.IconUtility:ExportImageToPath (string,UnityEngine.Texture2D,UnityEditor.Utils.ImageDescription) (at /Users/bokken/build/output/unity/unity/Editor/Mono/Utils/IconUtility.bindings.cs:82)
UnityEditor.Utils.IconUtility:ExportImage (string,UnityEngine.Texture2D,UnityEditor.Utils.ImageDescription) (at /Users/bokken/build/output/unity/unity/Editor/Mono/Utils/IconUtility.bindings.cs:118)
UnityEditor.Utils.IconUtility:ExportIcon (string,string,UnityEditor.Utils.ImageDescription,int) (at /Users/bokken/build/output/unity/unity/Editor/Mono/Utils/IconUtility.bindings.cs:145)
UnityEditor.Apple.Utils:SetupIconsForiOS (UnityEditor.Modules.AddIconsArgs) (at /Users/bokken/build/output/unity/unity/PlatformDependent/CommonApple/Extensions/EditorExtensionUtils.cs:194)
UnityEditor.iOS.iOSBuildPostprocessor:AddIconsToBuild (UnityEditor.Modules.AddIconsArgs) (at /Users/bokken/build/output/unity/unity/PlatformDependent/iPhonePlayer/Extensions/Common/iOSBuildPostprocessor.cs:699)
UnityEditor.PostprocessBuildPlayer:Postprocess (UnityEditor.BuildTarget,int,string,string,string,UnityEditor.BuildOptions,UnityEditor.RuntimeClassRegistry,UnityEditor.Build.Reporting.BuildReport) (at /Users/bokken/build/output/unity/unity/Editor/Mono/BuildPipeline/PostprocessBuildPlayer.cs:328)
UnityEditor.BuildPipeline:BuildPlayerInternal (string[],string,string,UnityEditor.BuildTargetGroup,UnityEditor.BuildTarget,int,UnityEditor.BuildOptions,string[],string[],bool)
UnityEditor.BuildPipeline:BuildPlayer (UnityEditor.BuildPlayerOptions) (at /Users/bokken/build/output/unity/unity/Editor/Mono/BuildPipeline/BuildPipeline.bindings.cs:267)
LaMuralla.EditorTools.BuildScript:BuildIOS () (at Assets/_Project/Editor/BuildScript.cs:50)

(Filename: /Users/bokken/build/output/unity/unity/Editor/Mono/Utils/IconUtility.bindings.cs Line: 82)

Compressed texture AppIcon is used as icon. This might compromise visual quality of the final image. Uncompressed format might be considered as better import option.
UnityEngine.Debug:ExtractStackTraceNoAlloc (byte*,int,string)
UnityEngine.StackTraceUtility:ExtractStackTrace () (at /Users/bokken/build/output/unity/unity/Runtime/Export/Scripting/StackTrace.cs:35)
UnityEngine.DebugLogHandler:Internal_Log (UnityEngine.LogType,UnityEngine.LogOption,string,UnityEngine.Object)
UnityEngine.DebugLogHandler:LogFormat (UnityEngine.LogType,UnityEngine.Object,string,object[])
UnityEngine.Logger:Log (UnityEngine.LogType,object)
UnityEngine.Debug:LogWarning (object)
UnityEditor.Utils.IconUtility:ExportImageToPath (string,UnityEngine.Texture2D,UnityEditor.Utils.ImageDescription) (at /Users/bokken/build/output/unity/unity/Editor/Mono/Utils/IconUtility.bindings.cs:82)
UnityEditor.Utils.IconUtility:ExportImage (string,UnityEngine.Texture2D,UnityEditor.Utils.ImageDescription) (at /Users/bokken/build/output/unity/unity/Editor/Mono/Utils/IconUtility.bindings.cs:118)
UnityEditor.Utils.IconUtility:ExportIcon (string,string,UnityEditor.Utils.ImageDescription,int) (at /Users/bokken/build/output/unity/unity/Editor/Mono/Utils/IconUtility.bindings.cs:145)
UnityEditor.Apple.Utils:SetupIconsForiOS (UnityEditor.Modules.AddIconsArgs) (at /Users/bokken/build/output/unity/unity/PlatformDependent/CommonApple/Extensions/EditorExtensionUtils.cs:194)
UnityEditor.iOS.iOSBuildPostprocessor:AddIconsToBuild (UnityEditor.Modules.AddIconsArgs) (at /Users/bokken/build/output/unity/unity/PlatformDependent/iPhonePlayer/Extensions/Common/iOSBuildPostprocessor.cs:699)
UnityEditor.PostprocessBuildPlayer:Postprocess (UnityEditor.BuildTarget,int,string,string,string,UnityEditor.BuildOptions,UnityEditor.RuntimeClassRegistry,UnityEditor.Build.Reporting.BuildReport) (at /Users/bokken/build/output/unity/unity/Editor/Mono/BuildPipeline/PostprocessBuildPlayer.cs:328)
UnityEditor.BuildPipeline:BuildPlayerInternal (string[],string,string,UnityEditor.BuildTargetGroup,UnityEditor.BuildTarget,int,UnityEditor.BuildOptions,string[],string[],bool)
UnityEditor.BuildPipeline:BuildPlayer (UnityEditor.BuildPlayerOptions) (at /Users/bokken/build/output/unity/unity/Editor/Mono/BuildPipeline/BuildPipeline.bindings.cs:267)
LaMuralla.EditorTools.BuildScript:BuildIOS () (at Assets/_Project/Editor/BuildScript.cs:50)

(Filename: /Users/bokken/build/output/unity/unity/Editor/Mono/Utils/IconUtility.bindings.cs Line: 82)

Compressed texture AppIcon is used as icon. This might compromise visual quality of the final image. Uncompressed format might be considered as better import option.
UnityEngine.Debug:ExtractStackTraceNoAlloc (byte*,int,string)
UnityEngine.StackTraceUtility:ExtractStackTrace () (at /Users/bokken/build/output/unity/unity/Runtime/Export/Scripting/StackTrace.cs:35)
UnityEngine.DebugLogHandler:Internal_Log (UnityEngine.LogType,UnityEngine.LogOption,string,UnityEngine.Object)
UnityEngine.DebugLogHandler:LogFormat (UnityEngine.LogType,UnityEngine.Object,string,object[])
UnityEngine.Logger:Log (UnityEngine.LogType,object)
UnityEngine.Debug:LogWarning (object)
UnityEditor.Utils.IconUtility:ExportImageToPath (string,UnityEngine.Texture2D,UnityEditor.Utils.ImageDescription) (at /Users/bokken/build/output/unity/unity/Editor/Mono/Utils/IconUtility.bindings.cs:82)
UnityEditor.Utils.IconUtility:ExportImage (string,UnityEngine.Texture2D,UnityEditor.Utils.ImageDescription) (at /Users/bokken/build/output/unity/unity/Editor/Mono/Utils/IconUtility.bindings.cs:118)
UnityEditor.Utils.IconUtility:ExportIcon (string,string,UnityEditor.Utils.ImageDescription,int) (at /Users/bokken/build/output/unity/unity/Editor/Mono/Utils/IconUtility.bindings.cs:145)
UnityEditor.Apple.Utils:SetupIconsForiOS (UnityEditor.Modules.AddIconsArgs) (at /Users/bokken/build/output/unity/unity/PlatformDependent/CommonApple/Extensions/EditorExtensionUtils.cs:194)
UnityEditor.iOS.iOSBuildPostprocessor:AddIconsToBuild (UnityEditor.Modules.AddIconsArgs) (at /Users/bokken/build/output/unity/unity/PlatformDependent/iPhonePlayer/Extensions/Common/iOSBuildPostprocessor.cs:699)
UnityEditor.PostprocessBuildPlayer:Postprocess (UnityEditor.BuildTarget,int,string,string,string,UnityEditor.BuildOptions,UnityEditor.RuntimeClassRegistry,UnityEditor.Build.Reporting.BuildReport) (at /Users/bokken/build/output/unity/unity/Editor/Mono/BuildPipeline/PostprocessBuildPlayer.cs:328)
UnityEditor.BuildPipeline:BuildPlayerInternal (string[],string,string,UnityEditor.BuildTargetGroup,UnityEditor.BuildTarget,int,UnityEditor.BuildOptions,string[],string[],bool)
UnityEditor.BuildPipeline:BuildPlayer (UnityEditor.BuildPlayerOptions) (at /Users/bokken/build/output/unity/unity/Editor/Mono/BuildPipeline/BuildPipeline.bindings.cs:267)
LaMuralla.EditorTools.BuildScript:BuildIOS () (at Assets/_Project/Editor/BuildScript.cs:50)

(Filename: /Users/bokken/build/output/unity/unity/Editor/Mono/Utils/IconUtility.bindings.cs Line: 82)

Compressed texture AppIcon is used as icon. This might compromise visual quality of the final image. Uncompressed format might be considered as better import option.
UnityEngine.Debug:ExtractStackTraceNoAlloc (byte*,int,string)
UnityEngine.StackTraceUtility:ExtractStackTrace () (at /Users/bokken/build/output/unity/unity/Runtime/Export/Scripting/StackTrace.cs:35)
UnityEngine.DebugLogHandler:Internal_Log (UnityEngine.LogType,UnityEngine.LogOption,string,UnityEngine.Object)
UnityEngine.DebugLogHandler:LogFormat (UnityEngine.LogType,UnityEngine.Object,string,object[])
UnityEngine.Logger:Log (UnityEngine.LogType,object)
UnityEngine.Debug:LogWarning (object)
UnityEditor.Utils.IconUtility:ExportImageToPath (string,UnityEngine.Texture2D,UnityEditor.Utils.ImageDescription) (at /Users/bokken/build/output/unity/unity/Editor/Mono/Utils/IconUtility.bindings.cs:82)
UnityEditor.Utils.IconUtility:ExportImage (string,UnityEngine.Texture2D,UnityEditor.Utils.ImageDescription) (at /Users/bokken/build/output/unity/unity/Editor/Mono/Utils/IconUtility.bindings.cs:118)
UnityEditor.Utils.IconUtility:ExportIcon (string,string,UnityEditor.Utils.ImageDescription,int) (at /Users/bokken/build/output/unity/unity/Editor/Mono/Utils/IconUtility.bindings.cs:145)
UnityEditor.Apple.Utils:SetupIconsForiOS (UnityEditor.Modules.AddIconsArgs) (at /Users/bokken/build/output/unity/unity/PlatformDependent/CommonApple/Extensions/EditorExtensionUtils.cs:196)
UnityEditor.iOS.iOSBuildPostprocessor:AddIconsToBuild (UnityEditor.Modules.AddIconsArgs) (at /Users/bokken/build/output/unity/unity/PlatformDependent/iPhonePlayer/Extensions/Common/iOSBuildPostprocessor.cs:699)
UnityEditor.PostprocessBuildPlayer:Postprocess (UnityEditor.BuildTarget,int,string,string,string,UnityEditor.BuildOptions,UnityEditor.RuntimeClassRegistry,UnityEditor.Build.Reporting.BuildReport) (at /Users/bokken/build/output/unity/unity/Editor/Mono/BuildPipeline/PostprocessBuildPlayer.cs:328)
UnityEditor.BuildPipeline:BuildPlayerInternal (string[],string,string,UnityEditor.BuildTargetGroup,UnityEditor.BuildTarget,int,UnityEditor.BuildOptions,string[],string[],bool)
UnityEditor.BuildPipeline:BuildPlayer (UnityEditor.BuildPlayerOptions) (at /Users/bokken/build/output/unity/unity/Editor/Mono/BuildPipeline/BuildPipeline.bindings.cs:267)
LaMuralla.EditorTools.BuildScript:BuildIOS () (at Assets/_Project/Editor/BuildScript.cs:50)

(Filename: /Users/bokken/build/output/unity/unity/Editor/Mono/Utils/IconUtility.bindings.cs Line: 82)

info: Microsoft.AspNetCore.Hosting.Diagnostics[1]
      Request starting HTTP/2 POST http://ilpp/UnityILPP.PostProcessing/Ping - application/grpc -
info: Microsoft.AspNetCore.Routing.EndpointMiddleware[0]
      Executing endpoint 'gRPC - /UnityILPP.PostProcessing/Ping'
info: Microsoft.AspNetCore.Routing.EndpointMiddleware[1]
      Executed endpoint 'gRPC - /UnityILPP.PostProcessing/Ping'
info: Microsoft.AspNetCore.Hosting.Diagnostics[2]
      Request finished HTTP/2 POST http://ilpp/UnityILPP.PostProcessing/Ping - 200 - application/grpc 3.9899ms
Starting: /Applications/Unity/Hub/Editor/6000.5.4f1/Unity.app/Contents/Resources/BuildPipeline/bee_backend --ipc --dagfile="Library/Bee/Playerc0d826f1.dag" --profile="Library/Bee/backend1.traceevents" Player
WorkingDir: /Users/tuantu/Desktop/dev/AI/mobile/game_df/LaMuralla
[  59/3420  0s] CopyFiles /Users/tuantu/Desktop/dev/AI/mobile/game_df/ios-build/Frameworks/UnityRuntime.framework/_CodeSignature/CodeRequirements
[  60/3420  0s] CopyFiles /Users/tuantu/Desktop/dev/AI/mobile/game_df/ios-build/Frameworks/UnityRuntime.framework/PrivacyInfo.xcprivacy
[  61/3420  0s] CopyFiles /Users/tuantu/Desktop/dev/AI/mobile/game_df/ios-build/UnityFramework/PrivacyInfo.xcprivacy
[  62/3420  0s] CopyFiles /Users/tuantu/Desktop/dev/AI/mobile/game_df/ios-build/Frameworks/UnityRuntime.framework/_CodeSignature/CodeResources
[  63/3420  0s] CopyFiles /Users/tuantu/Desktop/dev/AI/mobile/game_df/ios-build/Frameworks/UnityRuntime.framework/_CodeSignature/CodeRequirements-1
[  64/3420  0s] CopyFiles /Users/tuantu/Desktop/dev/AI/mobile/game_df/ios-build/Frameworks/UnityRuntime.framework/UnityRuntime
[  65/3420  0s] CopyFiles /Users/tuantu/Desktop/dev/AI/mobile/game_df/ios-build/Frameworks/UnityRuntime.framework/_CodeSignature/CodeSignature
[  66/3420  0s] CopyFiles /Users/tuantu/Desktop/dev/AI/mobile/game_df/ios-build/UnityFramework/ApplePrivacyManifestsMerge.txt
[  67/3420  0s] CopyFiles /Users/tuantu/Desktop/dev/AI/mobile/game_df/ios-build/Frameworks/UnityRuntime.framework/_CodeSignature/CodeDirectory
[  68/3420  0s] CopyFiles /Users/tuantu/Desktop/dev/AI/mobile/game_df/ios-build/Il2CppOutputProject/IL2CPP/libil2cpp/vm/ScopedThreadAttacher.h
[  69/3420  0s] CopyFiles /Users/tuantu/Desktop/dev/AI/mobile/game_df/ios-build/Il2CppOutputProject/IL2CPP/libil2cpp/vm/Runtime.h
[  70/3420  0s] CopyFiles /Users/tuantu/Desktop/dev/AI/mobile/game_df/ios-build/Il2CppOutputProject/IL2CPP/libil2cpp/vm/ScopedThreadAttacher.cpp
[  71/3420  0s] CopyFiles /Users/tuantu/Desktop/dev/AI/mobile/game_df/ios-build/Il2CppOutputProject/IL2CPP/libil2cpp/vm/StackTrace.cpp
[  72/3420  0s] CopyFiles /Users/tuantu/Desktop/dev/AI/mobile/game_df/ios-build/Il2CppOutputProject/IL2CPP/libil2cpp/vm/Reflection.cpp
[  73/3420  0s] CopyFiles /Users/tuantu/Desktop/dev/AI/mobile/game_df/ios-build/Il2CppOutputProject/IL2CPP/libil2cpp/vm/Reflection.h
[  74/3420  0s] CopyFiles /Users/tuantu/Desktop/dev/AI/mobile/game_df/ios-build/Frameworks/UnityRuntime.framework/Info.plist
[  75/3420  0s] CopyFiles /Users/tuantu/Desktop/dev/AI/mobile/game_df/ios-build/Il2CppOutputProject/IL2CPP/libil2cpp/vm/RCW.h
[  76/3420  0s] CopyFiles /Users/tuantu/Desktop/dev/AI/mobile/game_df/ios-build/Il2CppOutputProject/IL2CPP/libil2cpp/vm/RCW.cpp
[  77/3420  0s] CopyFiles /Users/tuantu/Desktop/dev/AI/mobile/game_df/ios-build/Il2CppOutputProject/IL2CPP/libil2cpp/vm/Random.h
[  78/3420  0s] CopyFiles /Users/tuantu/Desktop/dev/AI/mobile/game_df/ios-build/Il2CppOutputProject/IL2CPP/libil2cpp/vm/Runtime.cpp
[  79/3420  0s] CopyFiles /Users/tuantu/Desktop/dev/AI/mobile/game_df/ios-build/Il2CppOutputProject/IL2CPP/libil2cpp/vm/Random.cpp
[  80/3420  0s] CopyFiles /Users/tuantu/Desktop/dev/AI/mobile/game_df/ios-build/Il2CppOutputProject/IL2CPP/libil2cpp/vm/Profiler.h
[  81/3420  0s] CopyFiles /Users/tuantu/Desktop/dev/AI/mobile/game_df/ios-build/Il2CppOutputProject/IL2CPP/libil2cpp/vm/Property.h
[  82/3420  0s] CopyFiles /Users/tuantu/Desktop/dev/AI/mobile/game_df/ios-build/Il2CppOutputProject/IL2CPP/libil2cpp/vm/Property.cpp
[  83/3420  0s] CopyFiles /Users/tuantu/Desktop/dev/AI/mobile/game_df/ios-build/Il2CppOutputProject/IL2CPP/libil2cpp/vm/PlatformInvoke.h
[  84/3420  0s] CopyFiles /Users/tuantu/Desktop/dev/AI/mobile/game_df/ios-build/Il2CppOutputProject/IL2CPP/libil2cpp/vm/PlatformInvoke.cpp
[  85/3420  0s] CopyFiles /Users/tuantu/Desktop/dev/AI/mobile/game_df/ios-build/Il2CppOutputProject/IL2CPP/libil2cpp/vm/Profiler.cpp
[  86/3420  0s] CopyFiles /Users/tuantu/Desktop/dev/AI/mobile/game_df/ios-build/Il2CppOutputProject/IL2CPP/libil2cpp/vm/Path.h
[  87/3420  0s] CopyFiles /Users/tuantu/Desktop/dev/AI/mobile/game_df/ios-build/Il2CppOutputProject/IL2CPP/libil2cpp/vm/Path.cpp
[  88/3420  0s] CopyFiles /Users/tuantu/Desktop/dev/AI/mobile/game_df/ios-build/Il2CppOutputProject/IL2CPP/libil2cpp/vm/Parameter.h
[  89/3420  0s] CopyFiles /Users/tuantu/Desktop/dev/AI/mobile/game_df/ios-build/Il2CppOutputProject/IL2CPP/libil2cpp/vm/ObjectInlines.h
[  90/3420  0s] CopyFiles /Users/tuantu/Desktop/dev/AI/mobile/game_df/ios-build/Il2CppOutputProject/IL2CPP/libil2cpp/vm/Object.h
[  91/3420  0s] CopyFiles /Users/tuantu/Desktop/dev/AI/mobile/game_df/ios-build/Il2CppOutputProject/IL2CPP/libil2cpp/vm/Parameter.cpp
[  92/3420  0s] CopyFiles /Users/tuantu/Desktop/dev/AI/mobile/game_df/ios-build/Il2CppOutputProject/IL2CPP/libil2cpp/vm/Monitor.h
[  93/3420  0s] CopyFiles /Users/tuantu/Desktop/dev/AI/mobile/game_df/ios-build/Il2CppOutputProject/IL2CPP/libil2cpp/vm/NonCachedCCWBase.h
[  94/3420  0s] CopyFiles /Users/tuantu/Desktop/dev/AI/mobile/game_df/ios-build/Il2CppOutputProject/IL2CPP/libil2cpp/vm/Object.cpp
[  95/3420  0s] CopyFiles /Users/tuantu/Desktop/dev/AI/mobile/game_df/ios-build/Il2CppOutputProject/IL2CPP/libil2cpp/vm/Method.h
[  96/3420  0s] CopyFiles /Users/tuantu/Desktop/dev/AI/mobile/game_df/ios-build/Il2CppOutputProject/IL2CPP/libil2cpp/vm/Monitor.cpp
[  97/3420  0s] CopyFiles /Users/tuantu/Desktop/dev/AI/mobile/game_df/ios-build/Il2CppOutputProject/IL2CPP/libil2cpp/vm/Module.h
[  98/3420  0s] CopyFiles /Users/tuantu/Desktop/dev/AI/mobile/game_df/ios-build/Il2CppOutputProject/IL2CPP/libil2cpp/vm/Module.cpp
[  99/3420  0s] CopyFiles /Users/tuantu/Desktop/dev/AI/mobile/game_df/ios-build/Il2CppOutputProject/IL2CPP/libil2cpp/vm/Method.cpp
[ 100/3420  0s] CopyFiles /Users/tuantu/Desktop/dev/AI/mobile/game_df/ios-build/Il2CppOutputProject/IL2CPP/libil2cpp/vm/MetadataLoader.h
[ 101/3420  0s] CopyFiles /Users/tuantu/Desktop/dev/AI/mobile/game_df/ios-build/Il2CppOutputProject/IL2CPP/libil2cpp/vm/MetadataLock.h
[ 102/3420  0s] CopyFiles /Users/tuantu/Desktop/dev/AI/mobile/game_df/ios-build/Il2CppOutputProject/IL2CPP/libil2cpp/vm/MetadataLoader.cpp
[ 103/3420  0s] CopyFiles /Users/tuantu/Desktop/dev/AI/mobile/game_df/ios-build/Il2CppOutputProject/IL2CPP/libil2cpp/vm/MetadataDeserialization.h
[ 104/3420  0s] CopyFiles /Users/tuantu/Desktop/dev/AI/mobile/game_df/ios-build/Il2CppOutputProject/IL2CPP/libil2cpp/vm/MetadataDeserialization.cpp
[ 105/3420  0s] CopyFiles /Users/tuantu/Desktop/dev/AI/mobile/game_df/ios-build/Il2CppOutputProject/IL2CPP/libil2cpp/vm/MetadataCache.h
[ 106/3420  0s] CopyFiles /Users/tuantu/Desktop/dev/AI/mobile/game_df/ios-build/Il2CppOutputProject/IL2CPP/libil2cpp/vm/MetadataCache.cpp
[ 107/3420  0s] CopyFiles /Users/tuantu/Desktop/dev/AI/mobile/game_df/ios-build/Il2CppOutputProject/IL2CPP/libil2cpp/vm/MetadataAlloc.h
[ 108/3420  0s] CopyFiles /Users/tuantu/Desktop/dev/AI/mobile/game_df/ios-build/Il2CppOutputProject/IL2CPP/libil2cpp/vm/MemoryInformation.h
[ 109/3420  0s] CopyFiles /Users/tuantu/Desktop/dev/AI/mobile/game_df/ios-build/Il2CppOutputProject/IL2CPP/libil2cpp/vm/MemoryInformation.cpp
[ 110/3420  0s] CopyFiles /Users/tuantu/Desktop/dev/AI/mobile/game_df/ios-build/Il2CppOutputProject/IL2CPP/libil2cpp/vm/MetadataAlloc.cpp
[ 111/3420  0s] CopyFiles /Users/tuantu/Desktop/dev/AI/mobile/game_df/ios-build/Il2CppOutputProject/IL2CPP/libil2cpp/vm/MarshalAlloc.h
[ 112/3420  0s] CopyFiles /Users/tuantu/Desktop/dev/AI/mobile/game_df/ios-build/Il2CppOutputProject/IL2CPP/libil2cpp/vm/Liveness.cpp
[ 113/3420  0s] CopyFiles /Users/tuantu/Desktop/dev/AI/mobile/game_df/ios-build/Il2CppOutputProject/IL2CPP/libil2cpp/vm/MarshalAlloc.cpp
[ 114/3420  0s] CopyFiles /Users/tuantu/Desktop/dev/AI/mobile/game_df/ios-build/Il2CppOutputProject/IL2CPP/libil2cpp/vm/LastError.cpp
[ 115/3420  0s] CopyFiles /Users/tuantu/Desktop/dev/AI/mobile/game_df/ios-build/Il2CppOutputProject/IL2CPP/libil2cpp/vm/Liveness.h
[ 116/3420  0s] CopyFiles /Users/tuantu/Desktop/dev/AI/mobile/game_df/ios-build/Il2CppOutputProject/IL2CPP/libil2cpp/vm/InternalCalls.h
[ 117/3420  0s] CopyFiles /Users/tuantu/Desktop/dev/AI/mobile/game_df/ios-build/Il2CppOutputProject/IL2CPP/libil2cpp/vm/InternalCalls.cpp
[ 118/3420  0s] CopyFiles /Users/tuantu/Desktop/dev/AI/mobile/game_df/ios-build/Il2CppOutputProject/IL2CPP/libil2cpp/vm/LastError.h
[ 119/3420  0s] CopyFiles /Users/tuantu/Desktop/dev/AI/mobile/game_df/ios-build/Il2CppOutputProject/IL2CPP/libil2cpp/vm/Image.h
[ 120/3420  0s] CopyFiles /Users/tuantu/Desktop/dev/AI/mobile/game_df/ios-build/Il2CppOutputProject/IL2CPP/libil2cpp/vm/GlobalMetadata.h
[ 121/3420  0s] CopyFiles /Users/tuantu/Desktop/dev/AI/mobile/game_df/ios-build/Il2CppOutputProject/IL2CPP/libil2cpp/vm/Image.cpp
[ 122/3420  0s] CopyFiles /Users/tuantu/Desktop/dev/AI/mobile/game_df/ios-build/Il2CppOutputProject/IL2CPP/libil2cpp/vm/IcuData.cpp
[ 123/3420  0s] CopyFiles /Users/tuantu/Desktop/dev/AI/mobile/game_df/ios-build/Il2CppOutputProject/IL2CPP/libil2cpp/vm/Il2CppHStringReference.cpp
[ 124/3420  0s] CopyFiles /Users/tuantu/Desktop/dev/AI/mobile/game_df/ios-build/Il2CppOutputProject/IL2CPP/libil2cpp/vm/GlobalMetadataFileInternals.h
[ 125/3420  0s] CopyFiles /Users/tuantu/Desktop/dev/AI/mobile/game_df/ios-build/Il2CppOutputProject/IL2CPP/libil2cpp/vm/GlobalMetadata.cpp
[ 126/3420  0s] CopyFiles /Users/tuantu/Desktop/dev/AI/mobile/game_df/ios-build/Il2CppOutputProject/IL2CPP/libil2cpp/vm/IcuData.h
[ 127/3420  0s] CopyFiles /Users/tuantu/Desktop/dev/AI/mobile/game_df/ios-build/Il2CppOutputProject/IL2CPP/libil2cpp/vm/Il2CppHStringReference.h
[ 129/3420  0s] CopyFiles /Users/tuantu/Desktop/dev/AI/mobile/game_df/ios-build/Il2CppOutputProject/IL2CPP/libil2cpp/vm/GenericClass.h
[ 130/3420  0s] CopyFiles /Users/tuantu/Desktop/dev/AI/mobile/game_df/ios-build/Il2CppOutputProject/IL2CPP/libil2cpp/vm/GenericClass.cpp
[ 131/3420  0s] CopyFiles /Users/tuantu/Desktop/dev/AI/mobile/game_df/ios-build/Il2CppOutputProject/IL2CPP/libil2cpp/vm/GenericContainer.h
[ 132/3420  0s] CopyFiles /Users/tuantu/Desktop/dev/AI/mobile/game_df/ios-build/Il2CppOutputProject/IL2CPP/libil2cpp/vm/Field.h
[ 133/3420  0s] CopyFiles /Users/tuantu/Desktop/dev/AI/mobile/game_df/ios-build/Il2CppOutputProject/IL2CPP/libil2cpp/vm/GenericContainer.cpp
[ 134/3420  0s] CopyFiles /Users/tuantu/Desktop/dev/AI/mobile/game_df/ios-build/Il2CppOutputProject/IL2CPP/libil2cpp/vm/Exception.cpp
[ 135/3420  0s] CopyFiles /Users/tuantu/Desktop/dev/AI/mobile/game_df/ios-build/Il2CppOutputProject/IL2CPP/libil2cpp/vm/Exception.h
[ 136/3420  0s] CopyFiles /Users/tuantu/Desktop/dev/AI/mobile/game_df/ios-build/Il2CppOutputProject/IL2CPP/libil2cpp/vm/Field.cpp
[ 137/3420  0s] CopyFiles /Users/tuantu/Desktop/dev/AI/mobile/game_df/ios-build/Il2CppOutputProject/IL2CPP/libil2cpp/vm/Event.cpp
[ 138/3420  0s] CopyFiles /Users/tuantu/Desktop/dev/AI/mobile/game_df/ios-build/Il2CppOutputProject/IL2CPP/libil2cpp/vm/Domain.h
[ 139/3420  0s] CopyFiles /Users/tuantu/Desktop/dev/AI/mobile/game_df/ios-build/Il2CppOutputProject/IL2CPP/libil2cpp/vm/Enum.cpp
[ 140/3420  0s] CopyFiles /Users/tuantu/Desktop/dev/AI/mobile/game_df/ios-build/Il2CppOutputProject/IL2CPP/libil2cpp/vm/Enum.h
[ 141/3420  0s] CopyFiles /Users/tuantu/Desktop/dev/AI/mobile/game_df/ios-build/Il2CppOutputProject/IL2CPP/libil2cpp/vm/Event.h
[ 143/3420  0s] CopyFiles /Users/tuantu/Desktop/dev/AI/mobile/game_df/ios-build/Il2CppOutputProject/IL2CPP/libil2cpp/vm/Domain.cpp
[ 146/3420  0s] CopyFiles /Users/tuantu/Desktop/dev/AI/mobile/game_df/ios-build/Il2CppOutputProject/IL2CPP/libil2cpp/vm/ComObjectBase.h
[ 147/3420  0s] CopyFiles /Users/tuantu/Desktop/dev/AI/mobile/game_df/ios-build/Il2CppOutputProject/IL2CPP/libil2cpp/vm/ComObjectBase.cpp
[ 199/3420  0s] CopyFiles Temp/EditorBuildOutput/UnityLinkerToEditorData.json
[ 201/3420  0s] CopyFiles /Users/tuantu/Desktop/dev/AI/mobile/game_df/ios-build/Il2CppOutputProject/IL2CPP/libil2cpp/vm/COMEntryPoints.h
[ 202/3420  0s] CopyFiles /Users/tuantu/Desktop/dev/AI/mobile/game_df/ios-build/Il2CppOutputProject/IL2CPP/libil2cpp/vm/COM.cpp
[ 204/3420  0s] CopyFiles /Users/tuantu/Desktop/dev/AI/mobile/game_df/ios-build/Il2CppOutputProject/IL2CPP/libil2cpp/vm/COMEntryPoints.cpp
[ 205/3420  0s] CopyFiles /Users/tuantu/Desktop/dev/AI/mobile/game_df/ios-build/Il2CppOutputProject/Source/il2cppOutput/UnityClassRegistration.cpp
[ 206/3420  0s] CopyFiles /Users/tuantu/Desktop/dev/AI/mobile/game_df/ios-build/Il2CppOutputProject/IL2CPP/libil2cpp/vm/COM.h
[ 207/3420  0s] CopyFiles /Users/tuantu/Desktop/dev/AI/mobile/game_df/ios-build/Il2CppOutputProject/IL2CPP/libil2cpp/vm/ClassLibraryPAL.h
[ 208/3420  0s] CopyFiles /Users/tuantu/Desktop/dev/AI/mobile/game_df/ios-build/Il2CppOutputProject/IL2CPP/libil2cpp/vm/ClassInlines.h
[ 209/3420  0s] CopyFiles /Users/tuantu/Desktop/dev/AI/mobile/game_df/ios-build/Il2CppOutputProject/IL2CPP/libil2cpp/vm/ClassLibraryPAL.cpp
[ 210/3420  0s] CopyFiles /Users/tuantu/Desktop/dev/AI/mobile/game_df/ios-build/UnityFramework/AppleRequiredReasonCSharpAPIs.txt
[ 211/3420  0s] CopyFiles /Users/tuantu/Desktop/dev/AI/mobile/game_df/ios-build/Il2CppOutputProject/IL2CPP/libil2cpp/vm/ClassInlines.cpp
[ 212/3420  0s] CopyFiles /Users/tuantu/Desktop/dev/AI/mobile/game_df/ios-build/Il2CppOutputProject/IL2CPP/libil2cpp/vm/Class.h
[ 213/3420  0s] CopyFiles /Users/tuantu/Desktop/dev/AI/mobile/game_df/ios-build/Il2CppOutputProject/IL2CPP/libil2cpp/vm/CCWBase.h
[ 214/3420  0s] CopyFiles /Users/tuantu/Desktop/dev/AI/mobile/game_df/ios-build/Il2CppOutputProject/Source/il2cppOutput/UnityICallRegistration.cpp
[ 215/3420  0s] CopyFiles /Users/tuantu/Desktop/dev/AI/mobile/game_df/ios-build/Il2CppOutputProject/IL2CPP/libil2cpp/vm/CCWBase.cpp
[ 216/3420  0s] CopyFiles /Users/tuantu/Desktop/dev/AI/mobile/game_df/ios-build/Il2CppOutputProject/IL2CPP/libil2cpp/vm/CachedCCWBase.h
[ 217/3420  0s] CopyFiles /Users/tuantu/Desktop/dev/AI/mobile/game_df/ios-build/Il2CppOutputProject/IL2CPP/libil2cpp/vm/CCW.h
[ 218/3420  0s] CopyFiles /Users/tuantu/Desktop/dev/AI/mobile/game_df/ios-build/Il2CppOutputProject/IL2CPP/libil2cpp/vm/Class.cpp
[ 219/3420  0s] CopyFiles /Users/tuantu/Desktop/dev/AI/mobile/game_df/ios-build/Il2CppOutputProject/IL2CPP/libil2cpp/vm/Assembly.cpp
[ 220/3420  0s] CopyFiles /Users/tuantu/Desktop/dev/AI/mobile/game_df/ios-build/Il2CppOutputProject/IL2CPP/libil2cpp/vm/Assembly.h
[ 221/3420  0s] CopyFiles /Users/tuantu/Desktop/dev/AI/mobile/game_df/ios-build/Il2CppOutputProject/IL2CPP/libil2cpp/vm/CCW.cpp
[ 222/3420  0s] CopyFiles /Users/tuantu/Desktop/dev/AI/mobile/game_df/ios-build/Il2CppOutputProject/IL2CPP/libil2cpp/vm/AssemblyName.h
[ 223/3420  0s] CopyFiles /Users/tuantu/Desktop/dev/AI/mobile/game_df/ios-build/Il2CppOutputProject/IL2CPP/libil2cpp/vm/Array.cpp
[ 224/3420  0s] CopyFiles /Users/tuantu/Desktop/dev/AI/mobile/game_df/ios-build/Il2CppOutputProject/IL2CPP/libil2cpp/vm/AssemblyName.cpp
[ 225/3420  0s] CopyFiles /Users/tuantu/Desktop/dev/AI/mobile/game_df/ios-build/Il2CppOutputProject/IL2CPP/libil2cpp/vm/Array.h
[ 226/3420  0s] CopyFiles /Users/tuantu/Desktop/dev/AI/mobile/game_df/ios-build/Il2CppOutputProject/IL2CPP/libil2cpp/vm/AndroidRuntime.h
[ 227/3420  0s] CopyFiles /Users/tuantu/Desktop/dev/AI/mobile/game_df/ios-build/Il2CppOutputProject/IL2CPP/libil2cpp/vm/AppContext.cpp
[ 228/3420  0s] CopyFiles /Users/tuantu/Desktop/dev/AI/mobile/game_df/ios-build/Il2CppOutputProject/IL2CPP/libil2cpp/vm/ActivationFactoryBase.h
[ 229/3420  0s] CopyFiles /Users/tuantu/Desktop/dev/AI/mobile/game_df/ios-build/Il2CppOutputProject/IL2CPP/libil2cpp/vm/AppContext.h
[ 230/3420  0s] CopyFiles /Users/tuantu/Desktop/dev/AI/mobile/game_df/ios-build/Il2CppOutputProject/IL2CPP/libil2cpp/vm-utils/VmThreadUtils.h
[ 231/3420  0s] CopyFiles /Users/tuantu/Desktop/dev/AI/mobile/game_df/ios-build/Il2CppOutputProject/IL2CPP/libil2cpp/vm/AndroidRuntime.cpp
[ 232/3420  0s] CopyFiles /Users/tuantu/Desktop/dev/AI/mobile/game_df/ios-build/Il2CppOutputProject/IL2CPP/libil2cpp/vm-utils/VmStringUtils.cpp
[ 233/3420  0s] CopyFiles /Users/tuantu/Desktop/dev/AI/mobile/game_df/ios-build/Il2CppOutputProject/IL2CPP/libil2cpp/vm-utils/VmThreadUtils.cpp
[ 234/3420  0s] CopyFiles /Users/tuantu/Desktop/dev/AI/mobile/game_df/ios-build/Il2CppOutputProject/IL2CPP/libil2cpp/vm-utils/VmMethod.h
[ 235/3420  0s] CopyFiles /Users/tuantu/Desktop/dev/AI/mobile/game_df/ios-build/Il2CppOutputProject/IL2CPP/libil2cpp/vm-utils/NativeSymbol.h
[ 236/3420  0s] CopyFiles /Users/tuantu/Desktop/dev/AI/mobile/game_df/ios-build/Il2CppOutputProject/IL2CPP/libil2cpp/vm-utils/ImageStackCrawlMark.h
[ 237/3420  0s] CopyFiles /Users/tuantu/Desktop/dev/AI/mobile/game_df/ios-build/Il2CppOutputProject/IL2CPP/libil2cpp/vm-utils/VmStringUtils.h
[ 238/3420  0s] CopyFiles /Users/tuantu/Desktop/dev/AI/mobile/game_df/ios-build/Il2CppOutputProject/IL2CPP/libil2cpp/vm-utils/MethodDefinitionKey.h
[ 239/3420  0s] CopyFiles /Users/tuantu/Desktop/dev/AI/mobile/game_df/ios-build/Il2CppOutputProject/IL2CPP/libil2cpp/vm-utils/Finally.h
[ 240/3420  0s] CopyFiles /Users/tuantu/Desktop/dev/AI/mobile/game_df/ios-build/Il2CppOutputProject/IL2CPP/libil2cpp/vm-utils/NativeSymbol.cpp
[ 241/3420  0s] CopyFiles /Users/tuantu/Desktop/dev/AI/mobile/game_df/ios-build/Il2CppOutputProject/IL2CPP/libil2cpp/vm-utils/Finally.cpp
[ 242/3420  0s] CopyFiles /Users/tuantu/Desktop/dev/AI/mobile/game_df/ios-build/Il2CppOutputProject/IL2CPP/libil2cpp/vm-utils/DebugSymbolReader.h
[ 243/3420  0s] CopyFiles /Users/tuantu/Desktop/dev/AI/mobile/game_df/ios-build/Il2CppOutputProject/IL2CPP/libil2cpp/vm-utils/BlobReader.h
[ 244/3420  0s] CopyFiles /Users/tuantu/Desktop/dev/AI/mobile/game_df/ios-build/Il2CppOutputProject/IL2CPP/libil2cpp/vm-utils/Debugger.h
[ 245/3420  0s] CopyFiles /Users/tuantu/Desktop/dev/AI/mobile/game_df/ios-build/Il2CppOutputProject/IL2CPP/libil2cpp/vm-utils/DebugSymbolReader.cpp
[ 246/3420  0s] CopyFiles /Users/tuantu/Desktop/dev/AI/mobile/game_df/ios-build/Il2CppOutputProject/IL2CPP/libil2cpp/vm-utils/BlobReader.cpp
[ 247/3420  0s] CopyFiles /Users/tuantu/Desktop/dev/AI/mobile/game_df/ios-build/Il2CppOutputProject/IL2CPP/libil2cpp/utils/ThreadSafeFreeList.h
[ 248/3420  0s] CopyFiles /Users/tuantu/Desktop/dev/AI/mobile/game_df/ios-build/Il2CppOutputProject/IL2CPP/libil2cpp/utils/TemplateUtils.h
[ 249/3420  0s] CopyFiles /Users/tuantu/Desktop/dev/AI/mobile/game_df/ios-build/Il2CppOutputProject/IL2CPP/libil2cpp/utils/StringViewUtils.h
[ 250/3420  0s] CopyFiles /Users/tuantu/Desktop/dev/AI/mobile/game_df/ios-build/Il2CppOutputProject/IL2CPP/libil2cpp/utils/Runtime.h
[ 251/3420  0s] CopyFiles /Users/tuantu/Desktop/dev/AI/mobile/game_df/ios-build/Il2CppOutputProject/IL2CPP/libil2cpp/utils/StringView.h
[ 252/3420  0s] CopyFiles /Users/tuantu/Desktop/dev/AI/mobile/game_df/ios-build/Il2CppOutputProject/IL2CPP/libil2cpp/utils/sha1.cpp
[ 253/3420  0s] CopyFiles /Users/tuantu/Desktop/dev/AI/mobile/game_df/ios-build/Il2CppOutputProject/IL2CPP/libil2cpp/vm-utils/Debugger.cpp
[ 254/3420  0s] CopyFiles /Users/tuantu/Desktop/dev/AI/mobile/game_df/ios-build/Il2CppOutputProject/IL2CPP/libil2cpp/utils/PathUtils.h
[ 255/3420  0s] CopyFiles /Users/tuantu/Desktop/dev/AI/mobile/game_df/ios-build/Il2CppOutputProject/IL2CPP/libil2cpp/utils/sha1.h
[ 256/3420  0s] CopyFiles /Users/tuantu/Desktop/dev/AI/mobile/game_df/ios-build/Il2CppOutputProject/IL2CPP/libil2cpp/utils/Runtime.cpp
[ 257/3420  0s] CopyFiles /Users/tuantu/Desktop/dev/AI/mobile/game_df/ios-build/Il2CppOutputProject/IL2CPP/libil2cpp/utils/StringUtils.h
[ 258/3420  0s] CopyFiles /Users/tuantu/Desktop/dev/AI/mobile/game_df/ios-build/Il2CppOutputProject/IL2CPP/libil2cpp/utils/StringUtils.cpp
[ 259/3420  0s] CopyFiles /Users/tuantu/Desktop/dev/AI/mobile/game_df/ios-build/Il2CppOutputProject/IL2CPP/libil2cpp/utils/Output.h
[ 260/3420  0s] CopyFiles /Users/tuantu/Desktop/dev/AI/mobile/game_df/ios-build/Il2CppOutputProject/IL2CPP/libil2cpp/utils/MemoryRead.h
[ 261/3420  0s] CopyFiles /Users/tuantu/Desktop/dev/AI/mobile/game_df/ios-build/Il2CppOutputProject/IL2CPP/libil2cpp/utils/PathUtils.cpp
[ 262/3420  0s] CopyFiles /Users/tuantu/Desktop/dev/AI/mobile/game_df/ios-build/Il2CppOutputProject/IL2CPP/libil2cpp/utils/Output.cpp
[ 263/3420  0s] CopyFiles /Users/tuantu/Desktop/dev/AI/mobile/game_df/ios-build/Il2CppOutputProject/IL2CPP/libil2cpp/utils/NonCopyable.h
[ 264/3420  0s] CopyFiles /Users/tuantu/Desktop/dev/AI/mobile/game_df/ios-build/Il2CppOutputProject/IL2CPP/libil2cpp/utils/New.h
[ 265/3420  0s] CopyFiles /Users/tuantu/Desktop/dev/AI/mobile/game_df/ios-build/Il2CppOutputProject/IL2CPP/libil2cpp/utils/mono-structs.cpp
[ 267/3420  0s] CopyFiles /Users/tuantu/Desktop/dev/AI/mobile/game_df/ios-build/Il2CppOutputProject/IL2CPP/libil2cpp/utils/MemoryUtils.h
[ 268/3420  0s] CopyFiles /Users/tuantu/Desktop/dev/AI/mobile/game_df/ios-build/Il2CppOutputProject/IL2CPP/libil2cpp/utils/MemoryMappedFile.h
[ 269/3420  0s] CopyFiles /Users/tuantu/Desktop/dev/AI/mobile/game_df/ios-build/Il2CppOutputProject/IL2CPP/libil2cpp/utils/MemoryPoolAddressSanitizer.cpp
[ 270/3420  0s] CopyFiles /Users/tuantu/Desktop/dev/AI/mobile/game_df/ios-build/Il2CppOutputProject/IL2CPP/libil2cpp/utils/MemoryPoolAddressSanitizer.h
[ 271/3420  0s] CopyFiles /Users/tuantu/Desktop/dev/AI/mobile/game_df/ios-build/Il2CppOutputProject/IL2CPP/libil2cpp/utils/MemoryRead.cpp
[ 272/3420  0s] CopyFiles /Users/tuantu/Desktop/dev/AI/mobile/game_df/ios-build/Il2CppOutputProject/IL2CPP/libil2cpp/utils/MemoryMappedFile.cpp
[ 273/3420  0s] CopyFiles /Users/tuantu/Desktop/dev/AI/mobile/game_df/ios-build/Il2CppOutputProject/IL2CPP/libil2cpp/utils/MemoryPool.h
[ 274/3420  0s] CopyFiles /Users/tuantu/Desktop/dev/AI/mobile/game_df/ios-build/Il2CppOutputProject/IL2CPP/libil2cpp/utils/MemoryPool.cpp
[ 275/3420  0s] CopyFiles /Users/tuantu/Desktop/dev/AI/mobile/game_df/ios-build/Il2CppOutputProject/IL2CPP/libil2cpp/utils/Memory.h
[ 276/3420  0s] CopyFiles /Users/tuantu/Desktop/dev/AI/mobile/game_df/ios-build/Il2CppOutputProject/IL2CPP/libil2cpp/utils/Memory.cpp
[ 277/3420  0s] CopyFiles /Users/tuantu/Desktop/dev/AI/mobile/game_df/ios-build/Il2CppOutputProject/IL2CPP/libil2cpp/utils/MarshalingUtils.h
[ 278/3420  0s] CopyFiles /Users/tuantu/Desktop/dev/AI/mobile/game_df/ios-build/Il2CppOutputProject/IL2CPP/libil2cpp/utils/Logging.h
[ 279/3420  0s] CopyFiles /Users/tuantu/Desktop/dev/AI/mobile/game_df/ios-build/Il2CppOutputProject/IL2CPP/libil2cpp/utils/Logging.cpp
[ 280/3420  0s] CopyFiles /Users/tuantu/Desktop/dev/AI/mobile/game_df/ios-build/Il2CppOutputProject/IL2CPP/libil2cpp/utils/MarshalingUtils.cpp
[ 281/3420  0s] CopyFiles /Users/tuantu/Desktop/dev/AI/mobile/game_df/ios-build/Il2CppOutputProject/IL2CPP/libil2cpp/utils/KeyWrapper.h
[ 282/3420  0s] CopyFiles /Users/tuantu/Desktop/dev/AI/mobile/game_df/ios-build/Il2CppOutputProject/IL2CPP/libil2cpp/utils/InitOnce.h
[ 283/3420  0s] CopyFiles /Users/tuantu/Desktop/dev/AI/mobile/game_df/ios-build/Il2CppOutputProject/IL2CPP/libil2cpp/utils/HashUtils.h
[ 284/3420  0s] CopyFiles /Users/tuantu/Desktop/dev/AI/mobile/game_df/ios-build/Il2CppOutputProject/IL2CPP/libil2cpp/utils/Il2CppError.h
[ 285/3420  0s] CopyFiles /Users/tuantu/Desktop/dev/AI/mobile/game_df/ios-build/Il2CppOutputProject/IL2CPP/libil2cpp/utils/Il2CppHashSet.h
[ 286/3420  0s] CopyFiles /Users/tuantu/Desktop/dev/AI/mobile/game_df/ios-build/Il2CppOutputProject/IL2CPP/libil2cpp/utils/Il2CppHashMap.h
[ 287/3420  0s] CopyFiles /Users/tuantu/Desktop/dev/AI/mobile/game_df/ios-build/Il2CppOutputProject/IL2CPP/libil2cpp/utils/Expected.h
[ 288/3420  0s] CopyFiles /Users/tuantu/Desktop/dev/AI/mobile/game_df/ios-build/Il2CppOutputProject/IL2CPP/libil2cpp/utils/Il2CppError.cpp
[ 289/3420  0s] CopyFiles /Users/tuantu/Desktop/dev/AI/mobile/game_df/ios-build/Il2CppOutputProject/IL2CPP/libil2cpp/utils/Functional.h
[ 290/3420  0s] CopyFiles /Users/tuantu/Desktop/dev/AI/mobile/game_df/ios-build/Il2CppOutputProject/IL2CPP/libil2cpp/utils/ExtendedAtomicTypes.h
[ 291/3420  0s] CopyFiles /Users/tuantu/Desktop/dev/AI/mobile/game_df/ios-build/Il2CppOutputProject/IL2CPP/libil2cpp/utils/Environment.h
[ 292/3420  0s] CopyFiles /Users/tuantu/Desktop/dev/AI/mobile/game_df/ios-build/Il2CppOutputProject/IL2CPP/libil2cpp/utils/ExceptionSupportStack.h
[ 293/3420  0s] CopyFiles /Users/tuantu/Desktop/dev/AI/mobile/game_df/ios-build/Il2CppOutputProject/IL2CPP/libil2cpp/utils/Exception.h
[ 294/3420  0s] CopyFiles /Users/tuantu/Desktop/dev/AI/mobile/game_df/ios-build/Il2CppOutputProject/IL2CPP/libil2cpp/utils/Exception.cpp
[ 295/3420  0s] CopyFiles /Users/tuantu/Desktop/dev/AI/mobile/game_df/ios-build/Il2CppOutputProject/IL2CPP/libil2cpp/utils/Environment.cpp
[ 296/3420  0s] CopyFiles /Users/tuantu/Desktop/dev/AI/mobile/game_df/ios-build/Il2CppOutputProject/IL2CPP/libil2cpp/utils/CallOnce.h
[ 297/3420  0s] CopyFiles /Users/tuantu/Desktop/dev/AI/mobile/game_df/ios-build/Il2CppOutputProject/IL2CPP/libil2cpp/utils/DirectoryUtils.h
[ 298/3420  0s] CopyFiles /Users/tuantu/Desktop/dev/AI/mobile/game_df/ios-build/Il2CppOutputProject/IL2CPP/libil2cpp/utils/dynamic_array.h
[ 299/3420  0s] CopyFiles /Users/tuantu/Desktop/dev/AI/mobile/game_df/ios-build/Il2CppOutputProject/IL2CPP/libil2cpp/utils/DirectoryUtils.cpp
[ 300/3420  0s] CopyFiles /Users/tuantu/Desktop/dev/AI/mobile/game_df/ios-build/Il2CppOutputProject/IL2CPP/libil2cpp/utils/Collections.h
[ 301/3420  0s] CopyFiles /Users/tuantu/Desktop/dev/AI/mobile/game_df/ios-build/Il2CppOutputProject/IL2CPP/libil2cpp/UnityAdsStubs.cpp
[ 302/3420  0s] CopyFiles /Users/tuantu/Desktop/dev/AI/mobile/game_df/ios-build/Il2CppOutputProject/IL2CPP/libil2cpp/utils/BaselibHandleUtils.h
[ 303/3420  0s] CopyFiles /Users/tuantu/Desktop/dev/AI/mobile/game_df/ios-build/Il2CppOutputProject/IL2CPP/libil2cpp/pch/pch-c.h
[ 304/3420  0s] CopyFiles /Users/tuantu/Desktop/dev/AI/mobile/game_df/ios-build/Il2CppOutputProject/IL2CPP/libil2cpp/pch/pch-cpp.hpp
[ 305/3420  0s] CopyFiles /Users/tuantu/Desktop/dev/AI/mobile/game_df/ios-build/Il2CppOutputProject/IL2CPP/libil2cpp/pch/pch-cpp.cpp
[ 306/3420  0s] CopyFiles /Users/tuantu/Desktop/dev/AI/mobile/game_df/ios-build/Il2CppOutputProject/IL2CPP/libil2cpp/os/WinRT/WinRTVector.h
[ 307/3420  0s] CopyFiles /Users/tuantu/Desktop/dev/AI/mobile/game_df/ios-build/Il2CppOutputProject/IL2CPP/libil2cpp/pch/pch-c.c
[ 308/3420  0s] CopyFiles /Users/tuantu/Desktop/dev/AI/mobile/game_df/ios-build/Il2CppOutputProject/IL2CPP/libil2cpp/os/WinRT/Win32ApiSharedEmulation.h
[ 309/3420  0s] CopyFiles /Users/tuantu/Desktop/dev/AI/mobile/game_df/ios-build/Il2CppOutputProject/IL2CPP/libil2cpp/os/WinRT/Win32ApiSharedEmulation.cpp
[ 310/3420  0s] CopyFiles /Users/tuantu/Desktop/dev/AI/mobile/game_df/ios-build/Il2CppOutputProject/IL2CPP/libil2cpp/os/WinRT/SynchronousOperation.h
[ 311/3420  0s] CopyFiles /Users/tuantu/Desktop/dev/AI/mobile/game_df/ios-build/Il2CppOutputProject/IL2CPP/libil2cpp/os/WinRT/Process.cpp
[ 312/3420  0s] CopyFiles /Users/tuantu/Desktop/dev/AI/mobile/game_df/ios-build/Il2CppOutputProject/IL2CPP/libil2cpp/os/WinRT/Win32ApiWinRTEmulation.h
[ 313/3420  0s] CopyFiles /Users/tuantu/Desktop/dev/AI/mobile/game_df/ios-build/Il2CppOutputProject/IL2CPP/libil2cpp/os/WinRT/File.cpp
[ 314/3420  0s] CopyFiles /Users/tuantu/Desktop/dev/AI/mobile/game_df/ios-build/Il2CppOutputProject/IL2CPP/libil2cpp/os/WinRT/Win32ApiWinRTEmulation.cpp
[ 315/3420  0s] CopyFiles /Users/tuantu/Desktop/dev/AI/mobile/game_df/ios-build/Il2CppOutputProject/IL2CPP/libil2cpp/os/WinRT/ReferenceCounter.h
[ 316/3420  0s] CopyFiles /Users/tuantu/Desktop/dev/AI/mobile/game_df/ios-build/Il2CppOutputProject/IL2CPP/libil2cpp/os/WindowsGames/Win32ApiWindowsGamesEmulation.h
[ 317/3420  0s] CopyFiles /Users/tuantu/Desktop/dev/AI/mobile/game_df/ios-build/Il2CppOutputProject/IL2CPP/libil2cpp/os/WinRT/Locale.cpp
[ 318/3420  0s] CopyFiles /Users/tuantu/Desktop/dev/AI/mobile/game_df/ios-build/Il2CppOutputProject/IL2CPP/libil2cpp/os/WinRT/Environment.cpp
[ 319/3420  0s] CopyFiles /Users/tuantu/Desktop/dev/AI/mobile/game_df/ios-build/Il2CppOutputProject/IL2CPP/libil2cpp/os/WinRT/Initialize.cpp
[ 320/3420  0s] CopyFiles /Users/tuantu/Desktop/dev/AI/mobile/game_df/ios-build/Il2CppOutputProject/IL2CPP/libil2cpp/os/WindowsGames/Win32ApiWindowsGamesEmulation.cpp
[ 321/3420  0s] CopyFiles /Users/tuantu/Desktop/dev/AI/mobile/game_df/ios-build/Il2CppOutputProject/IL2CPP/libil2cpp/os/Win32/WindowsHelpers.h
[ 322/3420  0s] CopyFiles /Users/tuantu/Desktop/dev/AI/mobile/game_df/ios-build/Il2CppOutputProject/IL2CPP/libil2cpp/os/Win32/WindowsHelpers.cpp
[ 323/3420  0s] CopyFiles /Users/tuantu/Desktop/dev/AI/mobile/game_df/ios-build/Il2CppOutputProject/IL2CPP/libil2cpp/os/WindowsRuntime.h
[ 324/3420  0s] CopyFiles /Users/tuantu/Desktop/dev/AI/mobile/game_df/ios-build/Il2CppOutputProject/IL2CPP/libil2cpp/os/WinRT/BrokeredFileSystem.cpp
[ 325/3420  0s] CopyFiles /Users/tuantu/Desktop/dev/AI/mobile/game_df/ios-build/Il2CppOutputProject/IL2CPP/libil2cpp/os/Win32/TimeZone.cpp
[ 326/3420  0s] CopyFiles /Users/tuantu/Desktop/dev/AI/mobile/game_df/ios-build/Il2CppOutputProject/IL2CPP/libil2cpp/os/Win32/WindowsHeaders.h
[ 327/3420  0s] CopyFiles /Users/tuantu/Desktop/dev/AI/mobile/game_df/ios-build/Il2CppOutputProject/IL2CPP/libil2cpp/os/Win32/Time.cpp
[ 328/3420  0s] CopyFiles /Users/tuantu/Desktop/dev/AI/mobile/game_df/ios-build/Il2CppOutputProject/IL2CPP/libil2cpp/os/Win32/WindowsRuntime.cpp
[ 329/3420  0s] CopyFiles /Users/tuantu/Desktop/dev/AI/mobile/game_df/ios-build/Il2CppOutputProject/IL2CPP/libil2cpp/os/Win32/ThreadImpl.h
[ 330/3420  0s] CopyFiles /Users/tuantu/Desktop/dev/AI/mobile/game_df/ios-build/Il2CppOutputProject/IL2CPP/libil2cpp/os/Win32/ThreadLocalValueImpl.h
[ 331/3420  0s] CopyFiles /Users/tuantu/Desktop/dev/AI/mobile/game_df/ios-build/Il2CppOutputProject/IL2CPP/libil2cpp/os/Win32/SystemCertificates.cpp
[ 332/3420  0s] CopyFiles /Users/tuantu/Desktop/dev/AI/mobile/game_df/ios-build/Il2CppOutputProject/IL2CPP/libil2cpp/os/Win32/Thread.cpp
[ 333/3420  0s] CopyFiles /Users/tuantu/Desktop/dev/AI/mobile/game_df/ios-build/Il2CppOutputProject/IL2CPP/libil2cpp/os/Win32/SynchronizationContext.cpp
[ 334/3420  0s] CopyFiles /Users/tuantu/Desktop/dev/AI/mobile/game_df/ios-build/Il2CppOutputProject/IL2CPP/libil2cpp/os/Win32/ThreadImpl.cpp
[ 335/3420  0s] CopyFiles /Users/tuantu/Desktop/dev/AI/mobile/game_df/ios-build/Il2CppOutputProject/IL2CPP/libil2cpp/os/Win32/ReaderWriterLockImpl.h
[ 336/3420  0s] CopyFiles /Users/tuantu/Desktop/dev/AI/mobile/game_df/ios-build/Il2CppOutputProject/IL2CPP/libil2cpp/os/Win32/StackTrace.cpp
[ 337/3420  0s] CopyFiles /Users/tuantu/Desktop/dev/AI/mobile/game_df/ios-build/Il2CppOutputProject/IL2CPP/libil2cpp/os/Win32/Process.cpp
[ 338/3420  0s] CopyFiles /Users/tuantu/Desktop/dev/AI/mobile/game_df/ios-build/Il2CppOutputProject/IL2CPP/libil2cpp/os/Win32/SocketImpl.h
[ 339/3420  0s] CopyFiles /Users/tuantu/Desktop/dev/AI/mobile/game_df/ios-build/Il2CppOutputProject/IL2CPP/libil2cpp/os/Win32/SocketImpl.cpp
[ 340/3420  0s] CopyFiles /Users/tuantu/Desktop/dev/AI/mobile/game_df/ios-build/Il2CppOutputProject/IL2CPP/libil2cpp/os/Win32/Path.cpp
[ 341/3420  0s] CopyFiles /Users/tuantu/Desktop/dev/AI/mobile/game_df/ios-build/Il2CppOutputProject/IL2CPP/libil2cpp/os/Win32/NativeMethods.cpp
[ 342/3420  0s] CopyFiles /Users/tuantu/Desktop/dev/AI/mobile/game_df/ios-build/Il2CppOutputProject/IL2CPP/libil2cpp/os/Win32/Memory.cpp
[ 343/3420  0s] CopyFiles /Users/tuantu/Desktop/dev/AI/mobile/game_df/ios-build/Il2CppOutputProject/IL2CPP/libil2cpp/os/Win32/MutexImpl.h
[ 344/3420  0s] CopyFiles /Users/tuantu/Desktop/dev/AI/mobile/game_df/ios-build/Il2CppOutputProject/IL2CPP/libil2cpp/os/Win32/MarshalAlloc.cpp
[ 345/3420  0s] CopyFiles /Users/tuantu/Desktop/dev/AI/mobile/game_df/ios-build/Il2CppOutputProject/IL2CPP/libil2cpp/os/Win32/MemoryMappedFile.cpp
[ 346/3420  0s] CopyFiles /Users/tuantu/Desktop/dev/AI/mobile/game_df/ios-build/Il2CppOutputProject/IL2CPP/libil2cpp/os/Win32/MarshalStringAlloc.cpp
[ 347/3420  0s] CopyFiles /Users/tuantu/Desktop/dev/AI/mobile/game_df/ios-build/Il2CppOutputProject/IL2CPP/libil2cpp/os/Win32/Locale.cpp
[ 348/3420  0s] CopyFiles /Users/tuantu/Desktop/dev/AI/mobile/game_df/ios-build/Il2CppOutputProject/IL2CPP/libil2cpp/os/Win32/LibraryLoader.cpp
[ 349/3420  0s] CopyFiles /Users/tuantu/Desktop/dev/AI/mobile/game_df/ios-build/Il2CppOutputProject/IL2CPP/libil2cpp/os/Win32/Initialize.cpp
[ 350/3420  0s] CopyFiles /Users/tuantu/Desktop/dev/AI/mobile/game_df/ios-build/Il2CppOutputProject/IL2CPP/libil2cpp/os/Win32/FileSystemWatcher.cpp
[ 351/3420  0s] CopyFiles /Users/tuantu/Desktop/dev/AI/mobile/game_df/ios-build/Il2CppOutputProject/IL2CPP/libil2cpp/os/Win32/LastError.cpp
[ 352/3420  0s] CopyFiles /Users/tuantu/Desktop/dev/AI/mobile/game_df/ios-build/Il2CppOutputProject/IL2CPP/libil2cpp/os/Win32/Encoding.cpp
[ 353/3420  0s] CopyFiles /Users/tuantu/Desktop/dev/AI/mobile/game_df/ios-build/Il2CppOutputProject/IL2CPP/libil2cpp/os/Win32/File.cpp
[ 354/3420  0s] CopyFiles /Users/tuantu/Desktop/dev/AI/mobile/game_df/ios-build/Il2CppOutputProject/IL2CPP/libil2cpp/os/Win32/FastReaderReaderWriterLockImpl.h
[ 355/3420  0s] CopyFiles /Users/tuantu/Desktop/dev/AI/mobiDisplayProgressbar: Incremental Player Build
le/game_df/ios-build/Il2CppOutputProject/IL2CPP/libil2cpp/os/Win32/Image.cpp
[ 356/3420  0s] CopyFiles /Users/tuantu/Desktop/dev/AI/mobile/game_df/ios-build/Il2CppOutputProject/IL2CPP/libil2cpp/os/Win32/Environment.cpp
[ 357/3420  0s] CopyFiles /Users/tuantu/Desktop/dev/AI/mobile/game_df/ios-build/Il2CppOutputProject/IL2CPP/libil2cpp/os/Win32/DllMain.h
[ 358/3420  0s] CopyFiles /Users/tuantu/Desktop/dev/AI/mobile/game_df/ios-build/Il2CppOutputProject/IL2CPP/libil2cpp/os/Win32/DllMain.cpp
[ 359/3420  0s] CopyFiles /Users/tuantu/Desktop/dev/AI/mobile/game_df/ios-build/Il2CppOutputProject/IL2CPP/libil2cpp/os/Win32/Directory.cpp
[ 360/3420  0s] CopyFiles /Users/tuantu/Desktop/dev/AI/mobile/game_df/ios-build/Il2CppOutputProject/IL2CPP/libil2cpp/os/Win32/Debug.cpp
[ 361/3420  0s] CopyFiles /Users/tuantu/Desktop/dev/AI/mobile/game_df/ios-build/Il2CppOutputProject/IL2CPP/libil2cpp/os/Win32/ConditionVariableImpl.cpp
[ 362/3420  0s] CopyFiles /Users/tuantu/Desktop/dev/AI/mobile/game_df/ios-build/Il2CppOutputProject/IL2CPP/libil2cpp/os/Win32/CpuInfo.cpp
[ 363/3420  0s] CopyFiles /Users/tuantu/Desktop/dev/AI/mobile/game_df/ios-build/Il2CppOutputProject/IL2CPP/libil2cpp/os/Win32/COM.cpp
[ 364/3420  0s] CopyFiles /Users/tuantu/Desktop/dev/AI/mobile/game_df/ios-build/Il2CppOutputProject/IL2CPP/libil2cpp/os/Win32/CrashHelpers.cpp
[ 365/3420  0s] CopyFiles /Users/tuantu/Desktop/dev/AI/mobile/game_df/ios-build/Il2CppOutputProject/IL2CPP/libil2cpp/os/Win32/Assert.cpp
[ 366/3420  0s] CopyFiles /Users/tuantu/Desktop/dev/AI/mobile/game_df/ios-build/Il2CppOutputProject/IL2CPP/libil2cpp/os/Win32/Cryptography.cpp
[ 367/3420  0s] CopyFiles /Users/tuantu/Desktop/dev/AI/mobile/game_df/ios-build/Il2CppOutputProject/IL2CPP/libil2cpp/os/Win32/ConditionVariableImpl.h
[ 368/3420  0s] CopyFiles /Users/tuantu/Desktop/dev/AI/mobile/game_df/ios-build/Il2CppOutputProject/IL2CPP/libil2cpp/os/Win32/Console.cpp
[ 369/3420  0s] CopyFiles /Users/tuantu/Desktop/dev/AI/mobile/game_df/ios-build/Il2CppOutputProject/IL2CPP/libil2cpp/os/WaitStatus.h
[ 370/3420  0s] CopyFiles /Users/tuantu/Desktop/dev/AI/mobile/game_df/ios-build/Il2CppOutputProject/IL2CPP/libil2cpp/os/SynchronizationContext.h
[ 371/3420  0s] CopyFiles /Users/tuantu/Desktop/dev/AI/mobile/game_df/ios-build/Il2CppOutputProject/IL2CPP/libil2cpp/os/Time.h
[ 372/3420  0s] CopyFiles /Users/tuantu/Desktop/dev/AI/mobile/game_df/ios-build/Il2CppOutputProject/IL2CPP/libil2cpp/os/TimeZone.h
[ 373/3420  0s] CopyFiles /Users/tuantu/Desktop/dev/AI/mobile/game_df/ios-build/Il2CppOutputProject/IL2CPP/libil2cpp/os/Thread.h
[ 374/3420  0s] CopyFiles /Users/tuantu/Desktop/dev/AI/mobile/game_df/ios-build/Il2CppOutputProject/IL2CPP/libil2cpp/os/ThreadLocalValue.h
[ 375/3420  0s] CopyFiles /Users/tuantu/Desktop/dev/AI/mobile/game_df/ios-build/Il2CppOutputProject/IL2CPP/libil2cpp/os/Thread.cpp
[ 376/3420  0s] CopyFiles /Users/tuantu/Desktop/dev/AI/mobile/game_df/ios-build/Il2CppOutputProject/IL2CPP/libil2cpp/os/SystemCertificates.h
[ 377/3420  0s] CopyFiles /Users/tuantu/Desktop/dev/AI/mobile/game_df/ios-build/Il2CppOutputProject/IL2CPP/libil2cpp/os/StackTrace.cpp
[ 378/3420  0s] CopyFiles /Users/tuantu/Desktop/dev/AI/mobile/game_df/ios-build/Il2CppOutputProject/IL2CPP/libil2cpp/os/Socket.h
[ 379/3420  0s] CopyFiles /Users/tuantu/Desktop/dev/AI/mobile/game_df/ios-build/Il2CppOutputProject/IL2CPP/libil2cpp/os/StackTrace.h
[ 380/3420  0s] CopyFiles /Users/tuantu/Desktop/dev/AI/mobile/game_df/ios-build/Il2CppOutputProject/IL2CPP/libil2cpp/os/Std/ThreadImpl.h
[ 381/3420  0s] CopyFiles /Users/tuantu/Desktop/dev/AI/mobile/game_df/ios-build/Il2CppOutputProject/IL2CPP/libil2cpp/os/Std/ThreadImpl.cpp
[ 382/3420  0s] CopyFiles /Users/tuantu/Desktop/dev/AI/mobile/game_df/ios-build/Il2CppOutputProject/IL2CPP/libil2cpp/os/Socket.cpp
[ 383/3420  0s] CopyFiles /Users/tuantu/Desktop/dev/AI/mobile/game_df/ios-build/Il2CppOutputProject/IL2CPP/libil2cpp/os/SocketBridge.h
[ 385/3420  0s] CopyFiles /Users/tuantu/Desktop/dev/AI/mobile/game_df/ios-build/Il2CppOutputProject/Source/il2cppOutput/Unity.Collections__2.cpp
[ 386/3420  0s] CopyFiles /Users/tuantu/Desktop/dev/AI/mobile/game_df/ios-build/Libraries/lib_burst_generated.a
[ 387/3420  0s] CopyFiles /Users/tuantu/Desktop/dev/AI/mobile/game_df/ios-build/Libraries/lib_burst_generated.cpp
[ 388/3420  0s] CopyFiles /Users/tuantu/Desktop/dev/AI/mobile/game_df/ios-build/Il2CppOutputProject/Source/il2cppOutput/Unity.RenderPipelines.Universal.2D.Runtime.cpp
[ 389/3420  0s] CopyFiles /Users/tuantu/Desktop/dev/AI/mobile/game_df/ios-build/Il2CppOutputProject/Source/il2cppOutput/Unity.RenderPipelines.Universal.2D.Runtime__3.cpp
[ 390/3420  0s] CopyFiles /Users/tuantu/Desktop/dev/AI/mobile/game_df/ios-build/Il2CppOutputProject/Source/il2cppOutput/System.Configuration.cpp
[ 391/3420  0s] CopyFiles /Users/tuantu/Desktop/dev/AI/mobile/game_df/ios-build/Il2CppOutputProject/Source/il2cppOutput/UnityEngine.UI_CodeGen.c
[ 392/3420  0s] CopyFiles /Users/tuantu/Desktop/dev/AI/mobile/game_df/ios-build/Il2CppOutputProject/Source/il2cppOutput/Unity.InputSystem__6.cpp
[ 393/3420  0s] CopyFiles /Users/tuantu/Desktop/dev/AI/mobile/game_df/ios-build/Il2CppOutputProject/Source/il2cppOutput/Unity.InputSystem__3.cpp
[ 394/3420  0s] CopyFiles /Users/tuantu/Desktop/dev/AI/mobile/game_df/ios-build/Il2CppOutputProject/Source/il2cppOutput/Unity.InputSystem__1.cpp
[ 395/3420  0s] CopyFiles /Users/tuantu/Desktop/dev/AI/mobile/game_df/ios-build/Il2CppOutputProject/Source/il2cppOutput/Unity.RenderPipelines.Universal.Runtime__4.cpp
[ 396/3420  0s] CopyFiles /Users/tuantu/Desktop/dev/AI/mobile/game_df/ios-build/Il2CppOutputProject/Source/il2cppOutput/UnityEngine.UIModule.cpp
[ 397/3420  0s] CopyFiles /Users/tuantu/Desktop/dev/AI/mobile/game_df/ios-build/Il2CppOutputProject/Source/il2cppOutput/LaMuralla.Core_CodeGen.c
[ 398/3420  0s] CopyFiles /Users/tuantu/Desktop/dev/AI/mobile/game_df/ios-build/Il2CppOutputProject/Source/il2cppOutput/Unity.InputSystem__9.cpp
[ 399/3420  0s] CopyFiles /Users/tuantu/Desktop/dev/AI/mobile/game_df/ios-build/Il2CppOutputProject/Source/il2cppOutput/Unity.InputSystem__8.cpp
[ 400/3420  0s] CopyFiles /Users/tuantu/Desktop/dev/AI/mobile/game_df/ios-build/Il2CppOutputProject/Source/il2cppOutput/Unity.InputSystem__4.cpp
[ 401/3420  0s] CopyFiles /Users/tuantu/Desktop/dev/AI/mobile/game_df/ios-build/Il2CppOutputProject/Source/il2cppOutput/Unity.InputSystem__7.cpp
[ 402/3420  0s] CopyFiles /Users/tuantu/Desktop/dev/AI/mobile/game_df/ios-build/Il2CppOutputProject/Source/il2cppOutput/UnityEngine.TerrainModule.cpp
[ 403/3420  0s] CopyFiles /Users/tuantu/Desktop/dev/AI/mobile/game_df/ios-build/Il2CppOutputProject/Source/il2cppOutput/UnityEngine.PhysicsModule.cpp
[ 404/3420  0s] CopyFiles /Users/tuantu/Desktop/dev/AI/mobile/game_df/ios-build/Il2CppOutputProject/Source/il2cppOutput/Unity.Collections__1.cpp
[ 405/3420  0s] CopyFiles /Users/tuantu/Desktop/dev/AI/mobile/game_df/ios-build/Il2CppOutputProject/Source/il2cppOutput/Unity.InputSystem__2.cpp
[ 406/3420  0s] CopyFiles /Users/tuantu/Desktop/dev/AI/mobile/game_df/ios-build/Il2CppOutputProject/Source/il2cppOutput/Unity.InputSystem__5.cpp
[ 407/3420  0s] CopyFiles /Users/tuantu/Desktop/dev/AI/mobile/game_df/ios-build/Il2CppOutputProject/Source/il2cppOutput/UnityEngine.CoreModule__2.cpp
[ 408/3420  0s] CopyFiles /Users/tuantu/Desktop/dev/AI/mobile/game_df/ios-build/Il2CppOutputProject/Source/il2cppOutput/UnityEngine.CoreModule__3.cpp
[ 409/3420  0s] CopyFiles /Users/tuantu/Desktop/dev/AI/mobile/game_df/ios-build/Il2CppOutputProject/Source/il2cppOutput/UnityEngine.PhysicsModule_CodeGen.c
[ 410/3420  0s] CopyFiles /Users/tuantu/Desktop/dev/AI/mobile/game_df/ios-build/Il2CppOutputProject/Source/il2cppOutput/UnityEngine.TerrainModule_CodeGen.c
[ 411/3420  0s] CopyFiles /Users/tuantu/Desktop/dev/AI/mobile/game_df/ios-build/Il2CppOutputProject/Source/il2cppOutput/UnityEngine.CoreModule__1.cpp
[ 412/3420  0s] CopyFiles /Users/tuantu/Desktop/dev/AI/mobile/game_df/ios-build/Il2CppOutputProject/Source/il2cppOutput/UnityEngine.UIElementsModule__4.cpp
[ 413/3420  0s] CopyFiles /Users/tuantu/Desktop/dev/AI/mobile/game_df/ios-build/Il2CppOutputProject/Source/il2cppOutput/UnityEngine.CoreModule__4.cpp
[ 414/3420  0s] CopyFiles /Users/tuantu/Desktop/dev/AI/mobile/game_df/ios-build/Il2CppOutputProject/Source/il2cppOutput/UnityEngine.UIElementsModule__5.cpp
[ 415/3420  0s] CopyFiles /Users/tuantu/Desktop/dev/AI/mobile/game_df/ios-build/Il2CppOutputProject/Source/il2cppOutput/UnityEngine.UIElementsModule__9.cpp
[ 416/3420  0s] CopyFiles /Users/tuantu/Desktop/dev/AI/mobile/game_df/ios-build/Il2CppOutputProject/Source/il2cppOutput/UnityEngine.UIElementsModule__7.cpp
[ 417/3420  0s] CopyFiles /Users/tuantu/Desktop/dev/AI/mobile/game_df/ios-build/Il2CppOutputProject/Source/il2cppOutput/UnityEngine.JSONSerializeModule.cpp
[ 418/3420  0s] CopyFiles /Users/tuantu/Desktop/dev/AI/mobile/game_df/ios-build/Il2CppOutputProject/Source/il2cppOutput/UnityEngine.UIElementsModule__2.cpp
[ 419/3420  0s] CopyFiles /Users/tuantu/Desktop/dev/AI/mobile/game_df/ios-build/Il2CppOutputProject/Source/il2cppOutput/UnityEngine.HierarchyCoreModule.cpp
[ 420/3420  0s] CopyFiles /Users/tuantu/Desktop/dev/AI/mobile/game_df/ios-build/Il2CppOutputProject/Source/il2cppOutput/UnityEngine.UIElementsModule__6.cpp
[ 421/3420  0s] CopyFiles /Users/tuantu/Desktop/dev/AI/mobile/game_df/ios-build/Data/Managed/Metadata/global-metadata.dat
[ 422/3420  0s] CopyFiles /Users/tuantu/Desktop/dev/AI/mobile/game_df/ios-build/Il2CppOutputProject/Source/il2cppOutput/UnityEngine.UIElementsModule__3.cpp
[ 423/3420  0s] CopyFiles /Users/tuantu/Desktop/dev/AI/mobile/game_df/ios-build/Il2CppOutputProject/Source/il2cppOutput/UnityEngine.TextRenderingModule.cpp
[ 424/3420  0s] CopyFiles /Users/tuantu/Desktop/dev/AI/mobile/game_df/ios-build/Il2CppOutputProject/Source/il2cppOutput/UnityEngine.PhysicsCore2DModule.cpp
[ 425/3420  0s] CopyFiles /Users/tuantu/Desktop/dev/AI/mobile/game_df/ios-build/Il2CppOutputProject/Source/il2cppOutput/UnityEngine.UIElementsModule__1.cpp
[ 426/3420  0s] CopyFiles /Users/tuantu/Desktop/dev/AI/mobile/game_df/ios-build/Il2CppOutputProject/Source/il2cppOutput/Unity.Collections.LowLevel.ILSupport.cpp
[ 427/3420  0s] CopyFiles /Users/tuantu/Desktop/dev/AI/mobile/game_df/ios-build/Il2CppOutputProject/Source/il2cppOutput/Unity.RenderPipelines.Core.Runtime.Shared.cpp
[ 428/3420  0s] CopyFiles /Users/tuantu/Desktop/dev/AI/mobile/game_df/ios-build/Il2CppOutputProject/Source/il2cppOutput/Unity.RenderPipelines.Universal.Runtime__3.cpp
[ 429/3420  0s] CopyFiles /Users/tuantu/Desktop/dev/AI/mobile/game_df/ios-build/Il2CppOutputProject/Source/il2cppOutput/UnityEngine.RenderAs2DModule.cpp
[ 430/3420  0s] CopyFiles /Users/tuantu/Desktop/dev/AI/mobile/game_df/ios-build/Il2CppOutputProject/Source/il2cppOutput/Unity.RenderPipelines.GPUDriven.Runtime__3.cpp
[ 431/3420  0s] CopyFiles /Users/tuantu/Desktop/dev/AI/mobile/game_df/ios-build/Il2CppOutputProject/Source/il2cppOutput/UnityEngine.UIElementsModule__8.cpp
[ 432/3420  0s] CopyFiles /Users/tuantu/Desktop/dev/AI/mobile/game_df/ios-build/Il2CppOutputProject/Source/il2cppOutput/Unity.UnifiedRayTracing.Runtime.cpp
[ 433/3420  0s] CopyFiles /Users/tuantu/Desktop/dev/AI/mobile/game_df/ios-build/Il2CppOutputProject/Source/il2cppOutput/UnityEngine.SpriteMaskModule.cpp
[ 434/3420  0s] CopyFiles /Users/tuantu/Desktop/dev/AI/mobile/game_df/ios-build/Il2CppOutputProject/Source/il2cppOutput/UnityEngine.TextCoreFontEngineModule.cpp
[ 435/3420  0s] CopyFiles /Users/tuantu/Desktop/dev/AI/mobile/game_df/ios-build/Il2CppOutputProject/Source/il2cppOutput/UnityEngine.TextCoreTextEngineModule.cpp
[ 436/3420  0s] CopyFiles /Users/tuantu/Desktop/dev/AI/mobile/game_df/ios-build/Il2CppOutputProject/Source/il2cppOutput/UnityEngine.GameCenterModule.cpp
[ 437/3420  0s] CopyFiles /Users/tuantu/Desktop/dev/AI/mobile/game_df/ios-build/Il2CppOutputProject/Source/il2cppOutput/UnityEngine.PropertiesModule.cpp
[ 438/3420  0s] CopyFiles /Users/tuantu/Desktop/dev/AI/mobile/game_df/ios-build/Il2CppOutputProject/Source/il2cppOutput/UnityEngine.SharedInternalsModule_CodeGen.c
[ 439/3420  0s] CopyFiles /Users/tuantu/Desktop/dev/AI/mobile/game_df/ios-build/Il2CppOutputProject/Source/il2cppOutput/Unity.RenderPipeline.Universal.ShaderLibrary_CodeGen.c
[ 440/3420  0s] CopyFiles /Users/tuantu/Desktop/dev/AI/mobile/game_df/ios-build/Il2CppOutputProject/Source/il2cppOutput/UnityEngine.InputForUIModule.cpp
[ 441/3420  0s] CopyFiles /Users/tuantu/Desktop/dev/AI/mobile/game_df/ios-build/Il2CppOutputProject/Source/il2cppOutput/UnityEngine.UIElementsModule.cpp
[ 442/3420  0s] CopyFiles /Users/tuantu/Desktop/dev/AI/mobile/game_df/ios-build/Il2CppOutputProject/Source/il2cppOutput/UnityEngine.CoreModule_CodeGen.c
[ 443/3420  0s] CopyFiles /Users/tuantu/Desktop/dev/AI/mobile/game_df/ios-build/Il2CppOutputProject/Source/il2cppOutput/Il2CppCCalculateFieldValues2.cpp
[ 444/3420  0s] CopyFiles /Users/tuantu/Desktop/dev/AI/mobile/game_df/ios-build/Il2CppOutputProject/Source/il2cppOutput/UnityEngine.InputModule.cpp
[ 445/3420  0s] CopyFiles /Users/tuantu/Desktop/dev/AI/mobile/game_df/ios-build/Il2CppOutputProject/Source/il2cppOutput/Unity.RenderPipelines.Core.Runtime.Shared_CodeGen.c
[ 446/3420  0s] CopyFiles /Users/tuantu/Desktop/dev/AI/mobile/game_df/ios-build/Il2CppOutputProject/Source/il2cppOutput/Unity.RenderPipelines.Universal.2D.Runtime_CodeGen.c
[ 447/3420  0s] CopyFiles /Users/tuantu/Desktop/dev/AI/mobile/game_df/ios-build/Il2CppOutputProject/Source/il2cppOutput/Il2CppGenericMethodDefinitions.c
[ 448/3420  0s] CopyFiles /Users/tuantu/Desktop/dev/AI/mobile/game_df/ios-build/Il2CppOutputProject/Source/il2cppOutput/UnityEngine.AudioModule.cpp
[ 449/3420  0s] CopyFiles /Users/tuantu/Desktop/dev/AI/mobile/game_df/ios-build/Il2CppOutputProject/Source/il2cppOutput/Unity.InputSystem.ForUI.cpp
[ 450/3420  0s] CopyFiles /Users/tuantu/Desktop/dev/AI/mobile/game_df/ios-build/Il2CppOutputProject/Source/il2cppOutput/UnityEngine.ScriptingModule.cpp
[ 451/3420  0s] CopyFiles /Users/tuantu/Desktop/dev/AI/mobile/game_df/ios-build/Il2CppOutputProject/Source/il2cppOutput/Il2CppCCalculateFieldValues1.cpp
[ 452/3420  0s] CopyFiles /Users/tuantu/Desktop/dev/AI/mobile/game_df/ios-build/Il2CppOutputProject/Source/il2cppOutput/UnityEngine.VFXModule_CodeGen.c
[ 453/3420  0s] CopyFiles /Users/tuantu/Desktop/dev/AI/mobile/game_df/ios-build/Il2CppOutputProject/Source/il2cppOutput/UnityEngine.AnimationModule.cpp
[ 454/3420  0s] CopyFiles /Users/tuantu/Desktop/dev/AI/mobile/game_df/ios-build/Il2CppOutputProject/Source/il2cppOutput/UnityEngine.IMGUIModule.cpp
[ 455/3420  0s] CopyFiles /Users/tuantu/Desktop/dev/AI/mobile/game_df/ios-build/Il2CppOutputProject/Source/il2cppOutput/UnityEngine.Physics2DModule.cpp
[ 456/3420  0s] CopyFiles /Users/tuantu/Desktop/dev/AI/mobile/game_df/ios-build/Il2CppOutputProject/Source/il2cppOutput/Unity.InputSystem_CodeGen.c
[ 457/3420  0s] CopyFiles /Users/tuantu/Desktop/dev/AI/mobile/game_df/ios-build/Il2CppOutputProject/Source/il2cppOutput/Il2CppCCalculateFieldValues.cpp
[ 458/3420  0s] CopyFiles /Users/tuantu/Desktop/dev/AI/mobile/game_df/ios-build/Il2CppOutputProject/Source/il2cppOutput/Unity.Collections_CodeGen.c
[ 459/3420  0s] CopyFiles /Users/tuantu/Desktop/dev/AI/mobile/game_df/ios-build/Il2CppOutputProject/Source/il2cppOutput/Unity.RenderPipelines.GPUDriven.Runtime_CodeGen.c
[ 460/3420  0s] CopyFiles /Users/tuantu/Desktop/dev/AI/mobile/game_df/ios-build/Il2CppOutputProject/Source/il2cppOutput/Unity.RenderPipelines.Universal.Runtime__7.cpp
[ 461/3420  0s] CopyFiles /Users/tuantu/Desktop/dev/AI/mobile/game_df/ios-build/Il2CppOutputProject/Source/il2cppOutput/Unity.RenderPipelines.Universal.Runtime_CodeGen.c
[ 462/3420  0s] CopyFiles /Users/tuantu/Desktop/dev/AI/mobile/game_df/ios-build/Il2CppOutputProject/Source/il2cppOutput/Il2CppCCalculateTypeValues1.cpp
[ 463/3420  0s] CopyFiles /Users/tuantu/Desktop/dev/AI/mobile/game_df/ios-build/Il2CppOutputProject/Source/il2cppOutput/Unity.RenderPipelines.GPUDriven.Runtime.cpp
[ 464/3420  0s] CopyFiles /Users/tuantu/Desktop/dev/AI/mobile/game_df/ios-build/Il2CppOutputProject/Source/il2cppOutput/Unity.RenderPipelines.Universal.Runtime__5.cpp
[ 465/3420  0s] CopyFiles /Users/tuantu/Desktop/dev/AI/mobile/game_df/ios-build/Il2CppOutputProject/Source/il2cppOutput/System.Xml.cpp
[ 466/3420  0s] CopyFiles /Users/tuantu/Desktop/dev/AI/mobile/game_df/ios-build/Il2CppOutputProject/Source/il2cppOutput/Mono.Security_CodeGen.c
[ 467/3420  0s] CopyFiles /Users/tuantu/Desktop/dev/AI/mobile/game_df/ios-build/Il2CppOutputProject/Source/il2cppOutput/UnityEngine.TextCoreTextEngineModule__3.cpp
[ 468/3420  0s] CopyFiles /Users/tuantu/Desktop/dev/AI/mobile/game_df/ios-build/Il2CppOutputProject/Source/il2cppOutput/UnityEngine.TextCoreTextEngineModule__2.cpp
[ 469/3420  0s] CopyFiles /Users/tuantu/Desktop/dev/AI/mobile/game_df/ios-build/Il2CppOutputProject/Source/il2cppOutput/UnityEngine.TextCoreTextEngineModule__1.cpp
[ 470/3420  0s] CopyFiles /Users/tuantu/Desktop/dev/AI/mobile/game_df/ios-build/Il2CppOutputProject/Source/il2cppOutput/Unity.Scripting.cpp
[ 471/3420  0s] CopyFiles /Users/tuantu/Desktop/dev/AI/mobile/game_df/ios-build/Il2CppOutputProject/Source/il2cppOutput/Unity.RenderPipelines.Universal.Runtime.cpp
[ 472/3420  0s] CopyFiles /Users/tuantu/Desktop/dev/AI/mobile/game_df/ios-build/Il2CppOutputProject/Source/il2cppOutput/LaMuralla.Unity.cpp
[ 473/3420  0s] CopyFiles /Users/tuantu/Desktop/dev/AI/mobile/game_df/ios-build/Il2CppOutputProject/Source/il2cppOutput/mscorlib.cpp
[ 474/3420  0s] CopyFiles /Users/tuantu/Desktop/dev/AI/mobile/game_df/ios-build/Il2CppOutputProject/Source/il2cppOutput/Generics.cpp
[ 475/3420  0s] CopyFiles /Users/tuantu/Desktop/dev/AI/mobile/game_df/ios-build/Il2CppOutputProject/Source/il2cppOutput/System.cpp
[ 476/3420  0s] CopyFiles /Users/tuantu/Desktop/dev/AI/mobile/game_df/ios-build/Il2CppOutputProject/Source/il2cppOutput/Generics__122.cpp
[ 477/3420  0s] CopyFiles /Users/tuantu/Desktop/dev/AI/mobile/game_df/ios-build/Il2CppOutputProject/Source/il2cppOutput/Generics__106.cpp
[ 478/3420  0s] CopyFiles /Users/tuantu/Desktop/dev/AI/mobile/game_df/ios-build/Il2CppOutputProject/Source/il2cppOutput/Generics__113.cpp
[ 479/3420  0s] CopyFiles /Users/tuantu/Desktop/dev/AI/mobile/game_df/ios-build/Il2CppOutputProject/Source/il2cppOutput/Generics__115.cpp
[ 480/3420  0s] CopyFiles /Users/tuantu/Desktop/dev/AI/mobile/game_df/ios-build/Il2CppOutputProject/Source/il2cppOutput/Il2CppTypeDefinitions.c
[ 481/3420  0s] CopyFiles /Users/tuantu/Desktop/dev/AI/mobile/game_df/ios-build/Il2CppOutputProject/Source/il2cppOutput/Generics__114.cpp
[ 482/3420  0s] CopyFiles /Users/tuantu/Desktop/dev/AI/mobile/game_df/ios-build/Il2CppOutputProject/Source/il2cppOutput/Generics__124.cpp
[ 483/3420  0s] CopyFiles /Users/tuantu/Desktop/dev/AI/mobile/game_df/ios-build/Il2CppOutputProject/Source/il2cppOutput/Generics__112.cpp
[ 484/3420  0s] CopyFiles /Users/tuantu/Desktop/dev/AI/mobile/game_df/ios-build/Il2CppOutputProject/Source/il2cppOutput/Generics__135.cpp
[ 485/3420  0s] CopyFiles /Users/tuantu/Desktop/dev/AI/mobile/game_df/ios-build/Il2CppOutputProject/Source/il2cppOutput/Generics__116.cpp
[ 486/3420  0s] CopyFiles /Users/tuantu/Desktop/dev/AI/mobile/game_df/ios-build/Il2CppOutputProject/Source/il2cppOutput/Generics__105.cpp
[ 487/3420  0s] CopyFiles /Users/tuantu/Desktop/dev/AI/mobile/game_df/ios-build/Il2CppOutputProject/Source/il2cppOutput/Generics__136.cpp
[ 488/3420  0s] CopyFiles /Users/tuantu/Desktop/dev/AI/mobile/game_df/ios-build/Il2CppOutputProject/Source/il2cppOutput/Generics__137.cpp
[ 489/3420  0s] CopyFiles /Users/tuantu/Desktop/dev/AI/mobile/game_df/ios-build/Il2CppOutputProject/Source/il2cppOutput/Generics__125.cpp
[ 490/3420  0s] CopyFiles /Users/tuantu/Desktop/dev/AI/mobile/game_df/ios-build/Il2CppOutputProject/Source/il2cppOutput/Generics__104.cpp
[ 491/3420  0s] CopyFiles /Users/tuantu/Desktop/dev/AI/mobile/game_df/ios-build/Il2CppOutputProject/Source/il2cppOutput/Generics__140.cpp
[ 492/3420  0s] CopyFiles /Users/tuantu/Desktop/dev/AI/mobile/game_df/ios-build/Il2CppOutputProject/Source/il2cppOutput/Generics__118.cpp
[ 493/3420  0s] CopyFiles /Users/tuantu/Desktop/dev/AI/mobile/game_df/ios-build/Il2CppOutputProject/Source/il2cppOutput/Generics__127.cpp
[ 494/3420  0s] CopyFiles /Users/tuantu/Desktop/dev/AI/mobile/game_df/ios-build/Il2CppOutputProject/Source/il2cppOutput/Generics__109.cpp
[ 495/3420  0s] CopyFiles /Users/tuantu/Desktop/dev/AI/mobile/game_df/ios-build/Il2CppOutputProject/Source/il2cppOutput/Generics__119.cpp
[ 496/3420  0s] CopyFiles /Users/tuantu/Desktop/dev/AI/mobile/game_df/ios-build/Il2CppOutputProject/Source/il2cppOutput/Generics__141.cpp
[ 497/3420  0s] CopyFiles /Users/tuantu/Desktop/dev/AI/mobile/game_df/ios-build/Il2CppOutputProject/Source/il2cppOutput/Generics__133.cpp
[ 498/3420  0s] CopyFiles /Users/tuantu/Desktop/dev/AI/mobile/game_df/ios-build/Il2CppOutputProject/Source/il2cppOutput/Generics__103.cpp
[ 499/3420  0s] CopyFiles /Users/tuantu/Desktop/dev/AI/mobile/game_df/ios-build/Il2CppOutputProject/Source/il2cppOutput/Generics__132.cpp
[ 500/3420  0s] CopyFiles /Users/tuantu/Desktop/dev/AI/mobile/game_df/ios-build/Il2CppOutputProject/Source/il2cppOutput/Generics__102.cpp
[ 501/3420  0s] CopyFiles /Users/tuantu/Desktop/dev/AI/mobile/game_df/ios-build/Il2CppOutputProject/Source/il2cppOutput/Generics__110.cpp
[ 502/3420  0s] CopyFiles /Users/tuantu/Desktop/dev/AI/mobile/game_df/ios-build/Il2CppOutputProject/Source/il2cppOutput/Generics__111.cpp
[ 503/3420  0s] CopyFiles /Users/tuantu/Desktop/dev/AI/mobile/game_df/ios-build/Il2CppOutputProject/Source/il2cppOutput/Generics__130.cpp
[ 504/3420  0s] CopyFiles /Users/tuantu/Desktop/dev/AI/mobile/game_df/ios-build/Il2CppOutputProject/Source/il2cppOutput/Generics__123.cpp
[ 505/3420  0s] CopyFiles /Users/tuantu/Desktop/dev/AI/mobile/game_df/ios-build/Il2CppOutputProject/Source/il2cppOutput/Generics__100.cpp
[ 506/3420  0s] CopyFiles /Users/tuantu/Desktop/dev/AI/mobile/game_df/ios-build/Il2CppOutputProject/Source/il2cppOutput/Generics__107.cpp
[ 507/3420  0s] CopyFiles /Users/tuantu/Desktop/dev/AI/mobile/game_df/ios-build/Il2CppOutputProject/Source/il2cppOutput/Generics__128.cpp
[ 508/3420  0s] CopyFiles /Users/tuantu/Desktop/dev/AI/mobile/game_df/ios-build/Il2CppOutputProject/Source/il2cppOutput/Generics__129.cpp
[ 509/3420  0s] CopyFiles /Users/tuantu/Desktop/dev/AI/mobile/game_df/ios-build/Il2CppOutputProject/Source/il2cppOutput/Generics__139.cpp
[ 510/3420  0s] CopyFiles /Users/tuantu/Desktop/dev/AI/mobile/game_df/ios-build/Il2CppOutputProject/Source/il2cppOutput/Generics__101.cpp
[ 511/3420  0s] CopyFiles /Users/tuantu/Desktop/dev/AI/mobile/game_df/ios-build/Il2CppOutputProject/Source/il2cppOutput/Generics__131.cpp
[ 512/3420  0s] CopyFiles /Users/tuantu/Desktop/dev/AI/mobile/game_df/ios-build/Il2CppOutputProject/Source/il2cppOutput/Generics__108.cpp
[ 513/3420  0s] CopyFiles /Users/tuantu/Desktop/dev/AI/mobile/game_df/ios-build/Il2CppOutputProject/Source/il2cppOutput/Generics__138.cpp
[ 514/3420  0s] CopyFiles /Users/tuantu/Desktop/dev/AI/mobile/game_df/ios-build/Il2CppOutputProject/Source/il2cppOutput/Mono.Security.cpp
[ 515/3420  0s] CopyFiles /Users/tuantu/Desktop/dev/AI/mobile/game_df/ios-build/Il2CppOutputProject/Source/il2cppOutput/Generics__120.cpp
[ 516/3420  0s] CopyFiles /Users/tuantu/Desktop/dev/AI/mobile/game_df/ios-build/Il2CppOutputProject/Source/il2cppOutput/Generics__126.cpp
[ 517/3420  0s] CopyFiles /Users/tuantu/Desktop/dev/AI/mobile/game_df/ios-build/Il2CppOutputProject/Source/il2cppOutput/Generics__134.cpp
[ 518/3420  0s] CopyFiles /Users/tuantu/Desktop/dev/AI/mobile/game_df/ios-build/Il2CppOutputProject/Source/il2cppOutput/Generics__117.cpp
[ 519/3420  0s] CopyFiles /Users/tuantu/Desktop/dev/AI/mobile/game_df/ios-build/Il2CppOutputProject/Source/il2cppOutput/System.Core.cpp
[ 520/3420  0s] CopyFiles /Users/tuantu/Desktop/dev/AI/mobile/game_df/ios-build/Il2CppOutputProject/Source/il2cppOutput/Generics__121.cpp
[ 521/3420  0s] CopyFiles /Users/tuantu/Desktop/dev/AI/mobile/game_df/ios-build/Il2CppOutputProject/Source/il2cppOutput/mscorlib__6.cpp
[ 522/3420  0s] CopyFiles /Users/tuantu/Desktop/dev/AI/mobile/game_df/ios-build/Il2CppOutputProject/Source/il2cppOutput/__Generated.cpp
[ 523/3420  0s] CopyFiles /Users/tuantu/Desktop/dev/AI/mobile/game_df/ios-build/Il2CppOutputProject/Source/il2cppOutput/Generics__6.cpp
[ 524/3420  0s] CopyFiles /Users/tuantu/Desktop/dev/AI/mobile/game_df/ios-build/Il2CppOutputProject/Source/il2cppOutput/mscorlib__4.cpp
[ 525/3420  0s] CopyFiles /Users/tuantu/Desktop/dev/AI/mobile/game_df/ios-build/Il2CppOutputProject/Source/il2cppOutput/Generics__8.cpp
[ 526/3420  0s] CopyFiles /Users/tuantu/Desktop/dev/AI/mobile/game_df/ios-build/Il2CppOutputProject/Source/il2cppOutput/mscorlib__8.cpp
[ 527/3420  0s] CopyFiles /Users/tuantu/Desktop/dev/AI/mobile/game_df/ios-build/Il2CppOutputProject/Source/il2cppOutput/Generics__4.cpp
[ 528/3420  0s] CopyFiles /Users/tuantu/Desktop/dev/AI/mobile/game_df/ios-build/Il2CppOutputProject/Source/il2cppOutput/Unity.Burst.cpp
[ 529/3420  0s] CopyFiles /Users/tuantu/Desktop/dev/AI/mobile/game_df/ios-build/Il2CppOutputProject/Source/il2cppOutput/UnityEngine.cpp
[ 530/3420  0s] CopyFiles /Users/tuantu/Desktop/dev/AI/mobile/game_df/ios-build/Il2CppOutputProject/Source/il2cppOutput/mscorlib__5.cpp
[ 531/3420  0s] CopyFiles /Users/tuantu/Desktop/dev/AI/mobile/game_df/ios-build/Il2CppOutputProject/Source/il2cppOutput/mscorlib__1.cpp
[ 532/3420  0s] CopyFiles /Users/tuantu/Desktop/dev/AI/mobile/game_df/ios-build/Il2CppOutputProject/Source/il2cppOutput/Generics__5.cpp
[ 533/3420  0s] CopyFiles /Users/tuantu/Desktop/dev/AI/mobile/game_df/ios-build/Il2CppOutputProject/Source/il2cppOutput/mscorlib__9.cpp
[ 534/3420  0s] CopyFiles /Users/tuantu/Desktop/dev/AI/mobile/game_df/ios-build/Il2CppOutputProject/Source/il2cppOutput/Generics__1.cpp
[ 535/3420  0s] CopyFiles /Users/tuantu/Desktop/dev/AI/mobile/game_df/ios-build/Il2CppOutputProject/Source/il2cppOutput/Generics__9.cpp
[ 536/3420  0s] CopyFiles /Users/tuantu/Desktop/dev/AI/mobile/game_df/ios-build/Il2CppOutputProject/Source/il2cppOutput/LaMuralla.Core__1.cpp
[ 537/3420  0s] CopyFiles /Users/tuantu/Desktop/dev/AI/mobile/game_df/ios-build/Il2CppOutputProject/Source/il2cppOutput/mscorlib__3.cpp
[ 538/3420  0s] CopyFiles /Users/tuantu/Desktop/dev/AI/mobile/game_df/ios-build/Il2CppOutputProject/Source/il2cppOutput/Generics__3.cpp
[ 539/3420  0s] CopyFiles /Users/tuantu/Desktop/dev/AI/mobile/game_df/ios-build/Il2CppOutputProject/Source/il2cppOutput/__Generated_CodeGen.c
[ 540/3420  0s] CopyFiles /Users/tuantu/Desktop/dev/AI/mobile/game_df/ios-build/Il2CppOutputProject/Source/il2cppOutput/mscorlib__2.cpp
[ 541/3420  0s] CopyFiles /Users/tuantu/Desktop/dev/AI/mobile/game_df/ios-build/Il2CppOutputProject/Source/il2cppOutput/mscorlib__7.cpp
[ 542/3420  0s] CopyFiles /Users/tuantu/Desktop/dev/AI/mobile/game_df/ios-build/Il2CppOutputProject/Source/il2cppOutput/Generics__7.cpp
[ 543/3420  0s] CopyFiles /Users/tuantu/Desktop/dev/AI/mobile/game_df/ios-build/Il2CppOutputProject/Source/il2cppOutput/Generics__2.cpp
[ 544/3420  0s] CopyFiles /Users/tuantu/Desktop/dev/AI/mobile/game_df/ios-build/Il2CppOutputProject/Source/il2cppOutput/GenericMethods__1.cpp
[ 545/3420  0s] CopyFiles /Users/tuantu/Desktop/dev/AI/mobile/game_df/ios-build/Il2CppOutputProject/Source/il2cppOutput/GenericMethods__8.cpp
[ 546/3420  0s] CopyFiles /Users/tuantu/Desktop/dev/AI/mobile/game_df/ios-build/Il2CppOutputProject/Source/il2cppOutput/UnityEngine.UI__3.cpp
[ 547/3420  0s] CopyFiles /Users/tuantu/Desktop/dev/AI/mobile/game_df/ios-build/Il2CppOutputProject/Source/il2cppOutput/GenericMethods__4.cpp
[ 548/3420  0s] CopyFiles /Users/tuantu/Desktop/dev/AI/mobile/game_df/ios-build/Il2CppOutputProject/Source/il2cppOutput/System.Core_CodeGen.c
[ 549/3420  0s] CopyFiles /Users/tuantu/Desktop/dev/AI/mobile/game_df/ios-build/Il2CppOutputProject/Source/il2cppOutput/GenericMethods__7.cpp
[ 550/3420  0s] CopyFiles /Users/tuantu/Desktop/dev/AI/mobile/game_df/ios-build/Il2CppOutputProject/Source/il2cppOutput/Unity.InputSystem.cpp
[ 551/3420  0s] CopyFiles /Users/tuantu/Desktop/dev/AI/mobile/game_df/ios-build/Il2CppOutputProject/Source/il2cppOutput/Unity.Burst_CodeGen.c
[ 552/3420  0s] CopyFiles /Users/tuantu/Desktop/dev/AI/mobile/game_df/ios-build/Il2CppOutputProject/Source/il2cppOutput/GenericMethods__2.cpp
[ 553/3420  0s] CopyFiles /Users/tuantu/Desktop/dev/AI/mobile/game_df/ios-build/Il2CppOutputProject/Source/il2cppOutput/GenericMethods__6.cpp
[ 554/3420  0s] CopyFiles /Users/tuantu/Desktop/dev/AI/mobile/game_df/ios-build/Il2CppOutputProject/Source/il2cppOutput/UnityEngine_CodeGen.c
[ 555/3420  0s] CopyFiles /Users/tuantu/Desktop/dev/AI/mobile/game_df/ios-build/Il2CppOutputProject/Source/il2cppOutput/UnityEngine.UI__1.cpp
[ 556/3420  0s] CopyFiles /Users/tuantu/Desktop/dev/AI/mobile/game_df/ios-build/Il2CppOutputProject/Source/il2cppOutput/GenericMethods__9.cpp
[ 557/3420  0s] CopyFiles /Users/tuantu/Desktop/dev/AI/mobile/game_df/ios-build/Il2CppOutputProject/Source/il2cppOutput/Unity.Collections.cpp
[ 558/3420  0s] CopyFiles /Users/tuantu/Desktop/dev/AI/mobile/game_df/ios-build/Il2CppOutputProject/Source/il2cppOutput/GenericMethods__3.cpp
[ 559/3420  0s] CopyFiles /Users/tuantu/Desktop/dev/AI/mobile/game_df/ios-build/Il2CppOutputProject/Source/il2cppOutput/UnityEngine.UI__2.cpp
[ 560/3420  0s] CopyFiles /Users/tuantu/Desktop/dev/AI/mobile/game_df/ios-build/Il2CppOutputProject/Source/il2cppOutput/GenericMethods__5.cpp
[ 561/3420  0s] CopyFiles /Users/tuantu/Desktop/dev/AI/mobile/game_df/ios-build/Il2CppOutputProject/Source/il2cppOutput/Generics__92.cpp
[ 562/3420  0s] CopyFiles /Users/tuantu/Desktop/dev/AI/mobile/game_df/ios-build/Il2CppOutputProject/Source/il2cppOutput/Generics__93.cpp
[ 563/3420  0s] CopyFiles /Users/tuantu/Desktop/dev/AI/mobile/game_df/ios-build/Il2CppOutputProject/Source/il2cppOutput/Il2CppMetadataUsage.c
[ 564/3420  0s] CopyFiles /Users/tuantu/Desktop/dev/AI/mobile/game_df/ios-build/Il2CppOutputProject/Source/il2cppOutput/Generics__96.cpp
[ 565/3420  0s] CopyFiles /Users/tuantu/Desktop/dev/AI/mobile/game_df/ios-build/Il2CppOutputProject/Source/il2cppOutput/Generics__62.cpp
[ 566/3420  0s] CopyFiles /Users/tuantu/Desktop/dev/AI/mobile/game_df/ios-build/Il2CppOutputProject/Source/il2cppOutput/Generics__40.cpp
[ 567/3420  0s] CopyFiles /Users/tuantu/Desktop/dev/AI/mobile/game_df/ios-build/Il2CppOutputProject/Source/il2cppOutput/Generics__38.cpp
[ 568/3420  0s] CopyFiles /Users/tuantu/Desktop/dev/AI/mobile/game_df/ios-build/Il2CppOutputProject/Source/il2cppOutput/Generics__16.cpp
[ 569/3420  0s] CopyFiles /Users/tuantu/Desktop/dev/AI/mobile/game_df/ios-build/Il2CppOutputProject/Source/il2cppOutput/mscorlib__16.cpp
[ 570/3420  0s] CopyFiles /Users/tuantu/Desktop/dev/AI/mobile/game_df/ios-build/Il2CppOutputProject/Source/il2cppOutput/Generics__98.cpp
[ 571/3420  0s] CopyFiles /Users/tuantu/Desktop/dev/AI/mobile/game_df/ios-build/Il2CppOutputProject/Source/il2cppOutput/Generics__35.cpp
[ 572/3420  0s] CopyFiles /Users/tuantu/Desktop/dev/AI/mobile/game_df/ios-build/Il2CppOutputProject/Source/il2cppOutput/Generics__66.cpp
[ 573/3420  0s] CopyFiles /Users/tuantu/Desktop/dev/AI/mobile/game_df/ios-build/Il2CppOutputProject/Source/il2cppOutput/Generics__37.cpp
[ 574/3420  0s] CopyFiles /Users/tuantu/Desktop/dev/AI/mobile/game_df/ios-build/Il2CppOutputProject/Source/il2cppOutput/Generics__15.cpp
[ 575/3420  0s] CopyFiles /Users/tuantu/Desktop/dev/AI/mobile/game_df/ios-build/Il2CppOutputProject/Source/il2cppOutput/mscorlib__15.cpp
[ 576/3420  0s] CopyFiles /Users/tuantu/Desktop/dev/AI/mobile/game_df/ios-build/Il2CppOutputProject/Source/il2cppOutput/Generics__89.cpp
[ 577/3420  0s] CopyFiles /Users/tuantu/Desktop/dev/AI/mobile/game_df/ios-build/Il2CppOutputProject/Source/il2cppOutput/Generics__54.cpp
[ 578/3420  0s] CopyFiles /Users/tuantu/Desktop/dev/AI/mobile/game_df/ios-build/Il2CppOutputProject/Source/il2cppOutput/Generics__43.cpp
[ 579/3420  0s] CopyFiles /Users/tuantu/Desktop/dev/AI/mobile/game_df/ios-build/Il2CppOutputProject/Source/il2cppOutput/mscorlib__12.cpp
[ 580/3420  0s] CopyFiles /Users/tuantu/Desktop/dev/AI/mobile/game_df/ios-build/Il2CppOutputProject/Source/il2cppOutput/Generics__12.cpp
[ 581/3420  0s] CopyFiles /Users/tuantu/Desktop/dev/AI/mobile/game_df/ios-build/Il2CppOutputProject/Source/il2cppOutput/Generics__13.cpp
[ 582/3420  0s] CopyFiles /Users/tuantu/Desktop/dev/AI/mobile/game_df/ios-build/Il2CppOutputProject/Source/il2cppOutput/mscorlib__13.cpp
[ 583/3420  0s] CopyFiles /Users/tuantu/Desktop/dev/AI/mobile/game_df/ios-build/Il2CppOutputProject/Source/il2cppOutput/mscorlib__17.cpp
[ 584/3420  0s] CopyFiles /Users/tuantu/Desktop/dev/AI/mobile/game_df/ios-build/Il2CppOutputProject/Source/il2cppOutput/Generics__41.cpp
[ 585/3420  0s] CopyFiles /Users/tuantu/Desktop/dev/AI/mobile/game_df/ios-build/Il2CppOutputProject/Source/il2cppOutput/Generics__17.cpp
[ 586/3420  0s] CopyFiles /Users/tuantu/Desktop/dev/AI/mobile/game_df/ios-build/Il2CppOutputProject/Source/il2cppOutput/Generics__59.cpp
[ 587/3420  0s] CopyFiles /Users/tuantu/Desktop/dev/AI/mobile/game_df/ios-build/Il2CppOutputProject/Source/il2cppOutput/Generics__29.cpp
[ 588/3420  0s] CopyFiles /Users/tuantu/Desktop/dev/AI/mobile/game_df/ios-build/Il2CppOutputProject/Source/il2cppOutput/System_CodeGen.c
[ 589/3420  0s] CopyFiles /Users/tuantu/Desktop/dev/AI/mobile/game_df/ios-build/Il2CppOutputProject/Source/il2cppOutput/Generics__23.cpp
[ 590/3420  0s] CopyFiles /Users/tuantu/Desktop/dev/AI/mobile/game_df/ios-build/Il2CppOutputProject/Source/il2cppOutput/Generics__46.cpp
[ 591/3420  0s] CopyFiles /Users/tuantu/Desktop/dev/AI/mobile/game_df/ios-build/Il2CppOutputProject/Source/il2cppOutput/Generics__47.cpp
[ 592/3420  0s] CopyFiles /Users/tuantu/Desktop/dev/AI/mobile/game_df/ios-build/Il2CppOutputProject/Source/il2cppOutput/Generics__45.cpp
[ 593/3420  0s] CopyFiles /Users/tuantu/Desktop/dev/AI/mobile/game_df/ios-build/Il2CppOutputProject/Source/il2cppOutput/Generics__53.cpp
[ 594/3420  0s] CopyFiles /Users/tuantu/Desktop/dev/AI/mobile/game_df/ios-build/Il2CppOutputProject/Source/il2cppOutput/Generics__94.cpp
[ 595/3420  0s] CopyFiles /Users/tuantu/Desktop/dev/AI/mobile/game_df/ios-build/Il2CppOutputProject/Source/il2cppOutput/Generics__14.cpp
[ 596/3420  0s] CopyFiles /Users/tuantu/Desktop/dev/AI/mobile/game_df/ios-build/Il2CppOutputProject/Source/il2cppOutput/mscorlib__14.cpp
[ 597/3420  0s] CopyFiles /Users/tuantu/Desktop/dev/AI/mobile/game_df/ios-build/Il2CppOutputProject/Source/il2cppOutput/Generics__86.cpp
[ 598/3420  0s] CopyFiles /Users/tuantu/Desktop/dev/AI/mobile/game_df/ios-build/Il2CppOutputProject/Source/il2cppOutput/Generics__68.cpp
[ 599/3420  0s] CopyFiles /Users/tuantu/Desktop/dev/AI/mobile/game_df/ios-build/Il2CppOutputProject/Source/il2cppOutput/Generics__24.cpp
[ 600/3420  0s] CopyFiles /Users/tuantu/Desktop/dev/AI/mobile/game_df/ios-build/Il2CppOutputProject/Source/il2cppOutput/Generics__63.cpp
[ 601/3420  0s] CopyFiles /Users/tuantu/Desktop/dev/AI/mobile/game_df/ios-build/Il2CppOutputProject/Source/il2cppOutput/Generics__25.cpp
[ 602/3420  0s] CopyFiles /Users/tuantu/Desktop/dev/AI/mobile/game_df/ios-build/Il2CppOutputProject/Source/il2cppOutput/Generics__52.cpp
[ 603/3420  0s] CopyFiles /Users/tuantu/Desktop/dev/AI/mobile/game_df/ios-build/Il2CppOutputProject/Source/il2cppOutput/Generics__80.cpp
[ 604/3420  0s] CopyFiles /Users/tuantu/Desktop/dev/AI/mobile/game_df/ios-build/Il2CppOutputProject/Source/il2cppOutput/Generics__85.cpp
[ 605/3420  0s] CopyFiles /Users/tuantu/Desktop/dev/AI/mobile/game_df/ios-build/Il2CppOutputProject/Source/il2cppOutput/Generics__26.cpp
[ 606/3420  0s] CopyFiles /Users/tuantu/Desktop/dev/AI/mobile/game_df/ios-build/Il2CppOutputProject/Source/il2cppOutput/Generics__84.cpp
[ 607/3420  0s] CopyFiles /Users/tuantu/Desktop/dev/AI/mobile/game_df/ios-build/Il2CppOutputProject/Source/il2cppOutput/Generics__72.cpp
[ 608/3420  0s] CopyFiles /Users/tuantu/Desktop/dev/AI/mobile/game_df/ios-build/Il2CppOutputProject/Source/il2cppOutput/Generics__75.cpp
[ 609/3420  0s] CopyFiles /Users/tuantu/Desktop/dev/AI/mobile/game_df/ios-build/Il2CppOutputProject/Source/il2cppOutput/Generics__48.cpp
[ 610/3420  0s] CopyFiles /Users/tuantu/Desktop/dev/AI/mobile/game_df/ios-build/Il2CppOutputProject/Source/il2cppOutput/Generics__36.cpp
[ 611/3420  0s] CopyFiles /Users/tuantu/Desktop/dev/AI/mobile/game_df/ios-build/Il2CppOutputProject/Source/il2cppOutput/Generics__60.cpp
[ 612/3420  0s] CopyFiles /Users/tuantu/Desktop/dev/AI/mobile/game_df/ios-build/Il2CppOutputProject/Source/il2cppOutput/Generics__77.cpp
[ 613/3420  0s] CopyFiles /Users/tuantu/Desktop/dev/AI/mobile/game_df/ios-build/Il2CppOutputProject/Source/il2cppOutput/Generics__79.cpp
[ 614/3420  0s] CopyFiles /Users/tuantu/Desktop/dev/AI/mobile/game_df/ios-build/Il2CppOutputProject/Source/il2cppOutput/Generics__82.cpp
[ 615/3420  0s] CopyFiles /Users/tuantu/Desktop/dev/AI/mobile/game_df/ios-build/Il2CppOutputProject/Source/il2cppOutput/Generics__90.cpp
[ 616/3420  0s] CopyFiles /Users/tuantu/Desktop/dev/AI/mobile/game_df/ios-build/Il2CppOutputProject/Source/il2cppOutput/Generics__28.cpp
[ 617/3420  0s] CopyFiles /Users/tuantu/Desktop/dev/AI/mobile/game_df/ios-build/Il2CppOutputProject/Source/il2cppOutput/Generics__21.cpp
[ 618/3420  0s] CopyFiles /Users/tuantu/Desktop/dev/AI/mobile/game_df/ios-build/Il2CppOutputProject/Source/il2cppOutput/Generics__67.cpp
[ 619/3420  0s] CopyFiles /Users/tuantu/Desktop/dev/AI/mobile/game_df/ios-build/Il2CppOutputProject/Source/il2cppOutput/mscorlib__18.cpp
[ 620/3420  0s] CopyFiles /Users/tuantu/Desktop/dev/AI/mobile/game_df/ios-build/Il2CppOutputProject/Source/il2cppOutput/Generics__64.cpp
[ 621/3420  0s] CopyFiles /Users/tuantu/Desktop/dev/AI/mobile/game_df/ios-build/Il2CppOutputProject/Source/il2cppOutput/Generics__56.cpp
[ 622/3420  0s] CopyFiles /Users/tuantu/Desktop/dev/AI/mobile/game_df/ios-build/Il2CppOutputProject/Source/il2cppOutput/Generics__18.cpp
[ 623/3420  0s] CopyFiles /Users/tuantu/Desktop/dev/AI/mobile/game_df/ios-build/Il2CppOutputProject/Source/il2cppOutput/Generics__81.cpp
[ 624/3420  0s] CopyFiles /Users/tuantu/Desktop/dev/AI/mobile/game_df/ios-build/Il2CppOutputProject/Source/il2cppOutput/Generics__55.cpp
[ 625/3420  0s] CopyFiles /Users/tuantu/Desktop/dev/AI/mobile/game_df/ios-build/Il2CppOutputProject/Source/il2cppOutput/Generics__44.cpp
[ 626/3420  0s] CopyFiles /Users/tuantu/Desktop/dev/AI/mobile/game_df/ios-build/Il2CppOutputProject/Source/il2cppOutput/Generics__61.cpp
[ 627/3420  0s] CopyFiles /Users/tuantu/Desktop/dev/AI/mobile/game_df/ios-build/Il2CppOutputProject/Source/il2cppOutput/Generics__74.cpp
[ 628/3420  0s] CopyFiles /Users/tuantu/Desktop/dev/AI/mobile/game_df/ios-build/Il2CppOutputProject/Source/il2cppOutput/mscorlib__11.cpp
[ 629/3420  0s] CopyFiles /Users/tuantu/Desktop/dev/AI/mobile/game_df/ios-build/Il2CppOutputProject/Source/il2cppOutput/Generics__11.cpp
[ 630/3420  0s] CopyFiles /Users/tuantu/Desktop/dev/AI/mobile/game_df/ios-build/Il2CppOutputProject/Source/il2cppOutput/Generics__27.cpp
[ 631/3420  0s] CopyFiles /Users/tuantu/Desktop/dev/AI/mobile/game_df/ios-build/Il2CppOutputProject/Source/il2cppOutput/Generics__31.cpp
[ 632/3420  0s] CopyFiles /Users/tuantu/Desktop/dev/AI/mobile/game_df/ios-build/Il2CppOutputProject/Source/il2cppOutput/Generics__83.cpp
[ 633/3420  0s] CopyFiles /Users/tuantu/Desktop/dev/AI/mobile/game_df/ios-build/Il2CppOutputProject/Source/il2cppOutput/Generics__42.cpp
[ 634/3420  0s] CopyFiles /Users/tuantu/Desktop/dev/AI/mobile/game_df/ios-build/Il2CppOutputProject/Source/il2cppOutput/Generics__33.cpp
[ 635/3420  0s] CopyFiles /Users/tuantu/Desktop/dev/AI/mobile/game_df/ios-build/Il2CppOutputProject/Source/il2cppOutput/Generics__57.cpp
[ 636/3420  0s] CopyFiles /Users/tuantu/Desktop/dev/AI/mobile/game_df/ios-build/Il2CppOutputProject/Source/il2cppOutput/mscorlib__10.cpp
[ 637/3420  0s] CopyFiles /Users/tuantu/Desktop/dev/AI/mobile/game_df/ios-build/Il2CppOutputProject/Source/il2cppOutput/Generics__34.cpp
[ 638/3420  0s] CopyFiles /Users/tuantu/Desktop/dev/AI/mobile/game_df/ios-build/Il2CppOutputProject/Source/il2cppOutput/Generics__87.cpp
[ 639/3420  0s] CopyFiles /Users/tuantu/Desktop/dev/AI/mobile/game_df/ios-build/Il2CppOutputProject/Source/il2cppOutput/Generics__70.cpp
[ 640/3420  0s] CopyFiles /Users/tuantu/Desktop/dev/AI/mobile/game_df/ios-build/Il2CppOutputProject/Source/il2cppOutput/Generics__30.cpp
[ 641/3420  0s] CopyFiles /Users/tuantu/Desktop/dev/AI/mobile/game_df/ios-build/Il2CppOutputProject/Source/il2cppOutput/Generics__10.cpp
[ 642/3420  0s] CopyFiles /Users/tuantu/Desktop/dev/AI/mobile/game_df/ios-build/Il2CppOutputProject/Source/il2cppOutput/Generics__97.cpp
[ 643/3420  0s] CopyFiles /Users/tuantu/Desktop/dev/AI/mobile/game_df/ios-build/Il2CppOutputProject/Source/il2cppOutput/Generics__39.cpp
[ 644/3420  0s] CopyFiles /Users/tuantu/Desktop/dev/AI/mobile/game_df/ios-build/Il2CppOutputProject/Source/il2cppOutput/Generics__76.cpp
[ 645/3420  0s] CopyFiles /Users/tuantu/Desktop/dev/AI/mobile/game_df/ios-build/Il2CppOutputProject/Source/il2cppOutput/Generics__22.cpp
[ 646/3420  0s] CopyFiles /Users/tuantu/Desktop/dev/AI/mobile/game_df/ios-build/Il2CppOutputProject/Source/il2cppOutput/Generics__88.cpp
[ 647/3420  0s] CopyFiles /Users/tuantu/Desktop/dev/AI/mobile/game_df/ios-build/Il2CppOutputProject/Source/il2cppOutput/Generics__19.cpp
[ 648/3420  0s] CopyFiles /Users/tuantu/Desktop/dev/AI/mobile/game_df/ios-build/Il2CppOutputProject/Source/il2cppOutput/Generics__95.cpp
[ 649/3420  0s] CopyFiles /Users/tuantu/Desktop/dev/AI/mobile/game_df/ios-build/Il2CppOutputProject/Source/il2cppOutput/Generics__32.cpp
[ 650/3420  0s] CopyFiles /Users/tuantu/Desktop/dev/AI/mobile/game_df/ios-build/Il2CppOutputProject/Source/il2cppOutput/Generics__73.cpp
[ 651/3420  0s] CopyFiles /Users/tuantu/Desktop/dev/AI/mobile/game_df/ios-build/Il2CppOutputProject/Source/il2cppOutput/Generics__50.cpp
[ 652/3420  0s] CopyFiles /Users/tuantu/Desktop/dev/AI/mobile/game_df/ios-build/Il2CppOutputProject/Source/il2cppOutput/Generics__65.cpp
[ 653/3420  0s] CopyFiles /Users/tuantu/Desktop/dev/AI/mobile/game_df/ios-build/Il2CppOutputProject/Source/il2cppOutput/Generics__20.cpp
[ 654/3420  0s] CopyFiles /Users/tuantu/Desktop/dev/AI/mobile/game_df/ios-build/Il2CppOutputProject/Source/il2cppOutput/Generics__71.cpp
[ 655/3420  0s] CopyFiles /Users/tuantu/Desktop/dev/AI/mobile/game_df/ios-build/Il2CppOutputProject/Source/il2cppOutput/Generics__51.cpp
[ 656/3420  0s] CopyFiles /Users/tuantu/Desktop/dev/AI/mobile/game_df/ios-build/Il2CppOutputProject/Source/il2cppOutput/Generics__91.cpp
[ 657/3420  0s] CopyFiles /Users/tuantu/Desktop/dev/AI/mobile/game_df/ios-build/Il2CppOutputProject/Source/il2cppOutput/Generics__49.cpp
[ 658/3420  0s] CopyFiles /Users/tuantu/Desktop/dev/AI/mobile/game_df/ios-build/Il2CppOutputProject/Source/il2cppOutput/Generics__69.cpp
[ 659/3420  0s] CopyFiles /Users/tuantu/Desktop/dev/AI/mobile/game_df/ios-build/Il2CppOutputProject/Source/il2cppOutput/Generics__99.cpp
[ 660/3420  0s] CopyFiles /Users/tuantu/Desktop/dev/AI/mobile/game_df/ios-build/Il2CppOutputProject/Source/il2cppOutput/Generics__78.cpp
[ 661/3420  0s] CopyFiles /Users/tuantu/Desktop/dev/AI/mobile/game_df/ios-build/Il2CppOutputProject/Source/il2cppOutput/Generics__58.cpp
[ 662/3420  0s] CopyFiles /Users/tuantu/Desktop/dev/AI/mobile/game_df/ios-build/Il2CppOutputProject/Source/il2cppOutput/GenericMethods__40.cpp
[ 663/3420  0s] CopyFiles /Users/tuantu/Desktop/dev/AI/mobile/game_df/ios-build/Il2CppOutputProject/Source/il2cppOutput/GenericMethods__10.cpp
[ 664/3420  0s] CopyFiles /Users/tuantu/Desktop/dev/AI/mobile/game_df/ios-build/Il2CppOutputProject/Source/il2cppOutput/GenericMethods__12.cpp
[ 665/3420  0s] CopyFiles /Users/tuantu/Desktop/dev/AI/mobile/game_df/ios-build/Il2CppOutputProject/Source/il2cppOutput/GenericMethods__16.cpp
[ 666/3420  0s] CopyFiles /Users/tuantu/Desktop/dev/AI/mobile/game_df/ios-build/Il2CppOutputProject/Source/il2cppOutput/Unity.Burst.Unsafe.cpp
[ 667/3420  0s] CopyFiles /Users/tuantu/Desktop/dev/AI/mobile/game_df/ios-build/Il2CppOutputProject/Source/il2cppOutput/GenericMethods__26.cpp
[ 668/3420  0s] CopyFiles /Users/tuantu/Desktop/dev/AI/mobile/game_df/ios-build/Il2CppOutputProject/Source/il2cppOutput/GenericMethods__39.cpp
[ 669/3420  0s] CopyFiles /Users/tuantu/Desktop/dev/AI/mobile/game_df/ios-build/Il2CppOutputProject/Source/il2cppOutput/GenericMethods__38.cpp
[ 670/3420  0s] CopyFiles /Users/tuantu/Desktop/dev/AI/mobile/game_df/ios-build/Il2CppOutputProject/Source/il2cppOutput/GenericMethods__27.cpp
[ 671/3420  0s] CopyFiles /Users/tuantu/Desktop/dev/AI/mobile/game_df/ios-build/Il2CppOutputProject/Source/il2cppOutput/LaMuralla.Unity__1.cpp
[ 672/3420  0s] CopyFiles /Users/tuantu/Desktop/dev/AI/mobile/game_df/ios-build/Il2CppOutputProject/Source/il2cppOutput/GenericMethods__29.cpp
[ 673/3420  0s] CopyFiles /Users/tuantu/Desktop/dev/AI/mobile/game_df/ios-build/Il2CppOutputProject/Source/il2cppOutput/GenericMethods__21.cpp
[ 674/3420  0s] CopyFiles /Users/tuantu/Desktop/dev/AI/mobile/game_df/ios-build/Il2CppOutputProject/Source/il2cppOutput/GenericMethods__28.cpp
[ 675/3420  0s] CopyFiles /Users/tuantu/Desktop/dev/AI/mobile/game_df/ios-build/Il2CppOutputProject/Source/il2cppOutput/GenericMethods__41.cpp
[ 676/3420  0s] CopyFiles /Users/tuantu/Desktop/dev/AI/mobile/game_df/ios-build/Il2CppOutputProject/Source/il2cppOutput/GenericMethods__13.cpp
[ 677/3420  0s] CopyFiles /Users/tuantu/Desktop/dev/AI/mobile/game_df/ios-build/Il2CppOutputProject/Source/il2cppOutput/GenericMethods__30.cpp
[ 678/3420  0s] CopyFiles /Users/tuantu/Desktop/dev/AI/mobile/game_df/ios-build/Il2CppOutputProject/Source/il2cppOutput/GenericMethods__34.cpp
[ 679/3420  0s] CopyFiles /Users/tuantu/Desktop/dev/AI/mobile/game_df/ios-build/Il2CppOutputProject/Source/il2cppOutput/GenericMethods__22.cpp
[ 680/3420  0s] CopyFiles /Users/tuantu/Desktop/dev/AI/mobile/game_df/ios-build/Il2CppOutputProject/Source/il2cppOutput/GenericMethods__35.cpp
[ 681/3420  0s] CopyFiles /Users/tuantu/Desktop/dev/AI/mobile/game_df/ios-build/Il2CppOutputProject/Source/il2cppOutput/GenericMethods__33.cpp
[ 682/3420  0s] CopyFiles /Users/tuantu/Desktop/dev/AI/mobile/game_df/ios-build/Il2CppOutputProject/Source/il2cppOutput/GenericMethods__32.cpp
[ 683/3420  0s] CopyFiles /Users/tuantu/Desktop/dev/AI/mobile/game_df/ios-build/Il2CppOutputProject/Source/il2cppOutput/GenericMethods__11.cpp
[ 684/3420  0s] CopyFiles /Users/tuantu/Desktop/dev/AI/mobile/game_df/ios-build/Il2CppOutputProject/Source/il2cppOutput/GenericMethods__23.cpp
[ 685/3420  0s] CopyFiles /Users/tuantu/Desktop/dev/AI/mobile/game_df/ios-build/Il2CppOutputProject/Source/il2cppOutput/GenericMethods__37.cpp
[ 686/3420  0s] CopyFiles /Users/tuantu/Desktop/dev/AI/mobile/game_df/ios-build/Il2CppOutputProject/Source/il2cppOutput/GenericMethods__15.cpp
[ 687/3420  0s] CopyFiles /Users/tuantu/Desktop/dev/AI/mobile/game_df/ios-build/Il2CppOutputProject/Source/il2cppOutput/GenericMethods__17.cpp
[ 688/3420  0s] CopyFiles /Users/tuantu/Desktop/dev/AI/mobile/game_df/ios-build/Il2CppOutputProject/Source/il2cppOutput/GenericMethods__25.cpp
[ 689/3420  0s] CopyFiles /Users/tuantu/Desktop/dev/AI/mobile/game_df/ios-build/Il2CppOutputProject/Source/il2cppOutput/GenericMethods__31.cpp
[ 690/3420  0s] CopyFiles /Users/tuantu/Desktop/dev/AI/mobile/game_df/ios-build/Il2CppOutputProject/Source/il2cppOutput/GenericMethods__20.cpp
[ 691/3420  0s] CopyFiles /Users/tuantu/Desktop/dev/AI/mobile/game_df/ios-build/Il2CppOutputProject/Source/il2cppOutput/GenericMethods__24.cpp
[ 692/3420  0s] CopyFiles /Users/tuantu/Desktop/dev/AI/mobile/game_df/ios-build/Il2CppOutputProject/Source/il2cppOutput/GenericMethods__14.cpp
[ 693/3420  0s] CopyFiles /Users/tuantu/Desktop/dev/AI/mobile/game_df/ios-build/Il2CppOutputProject/Source/il2cppOutput/System__3.cpp
[ 694/3420  0s] CopyFiles /Users/tuantu/Desktop/dev/AI/mobile/game_df/ios-build/Il2CppOutputProject/Source/il2cppOutput/GenericMethods__18.cpp
[ 695/3420  0s] CopyFiles /Users/tuantu/Desktop/dev/AI/mobile/game_df/ios-build/Il2CppOutputProject/Source/il2cppOutput/Il2CppInvokerTable.cpp
[ 696/3420  0s] CopyFiles /Users/tuantu/Desktop/dev/AI/mobile/game_df/ios-build/Il2CppOutputProject/Source/il2cppOutput/GenericMethods__36.cpp
[ 697/3420  0s] CopyFiles /Users/tuantu/Desktop/dev/AI/mobile/game_df/ios-build/Il2CppOutputProject/Source/il2cppOutput/GenericMethods__19.cpp
[ 698/3420  0s] CopyFiles /Users/tuantu/Desktop/dev/AI/mobile/game_df/ios-build/Il2CppOutputProject/Source/il2cppOutput/Unity.Burst__2.cpp
[ 699/3420  0s] CopyFiles /Users/tuantu/Desktop/dev/AI/mobile/game_df/ios-build/Il2CppOutputProject/Source/il2cppOutput/System__2.cpp
[ 700/3420  0s] CopyFiles /Users/tuantu/Desktop/dev/AI/mobile/game_df/ios-build/Il2CppOutputProject/Source/il2cppOutput/System__1.cpp
[ 701/3420  0s] CopyFiles /Users/tuantu/Desktop/dev/AI/mobile/game_df/ios-build/Il2CppOutputProject/Source/il2cppOutput/System.Xml_CodeGen.c
[ 702/3420  0s] CopyFiles /Users/tuantu/Desktop/dev/AI/mobile/game_df/ios-build/Il2CppOutputProject/Source/il2cppOutput/Unity.Burst__1.cpp
[ 703/3420  0s] CopyFiles /Users/tuantu/Desktop/dev/AI/mobile/game_df/ios-build/Il2CppOutputProject/Source/il2cppOutput/UnityEngine.UI.cpp
[ 704/3420  0s] CopyFiles /Users/tuantu/Desktop/dev/AI/mobile/game_df/ios-build/Il2CppOutputProject/Source/il2cppOutput/LaMuralla.Core.cpp
[ 705/3420  0s] CopyFiles /Users/tuantu/Desktop/dev/AI/mobile/game_df/ios-build/Il2CppOutputProject/Source/il2cppOutput/GenericMethods.cpp
[ 706/3420  0s] CopyFiles /Users/tuantu/Desktop/dev/AI/mobile/game_df/ios-build/Il2CppOutputProject/Source/il2cppOutput/Unity.RenderPipeline.Universal.ShaderLibrary.cpp
[ 707/3420  0s] CopyFiles /Users/tuantu/Desktop/dev/AI/mobile/game_df/ios-build/Il2CppOutputProject/Source/il2cppOutput/UnityEngine.UIModule_CodeGen.c
[ 708/3420  0s] CopyFiles /Users/tuantu/Desktop/dev/AI/mobile/game_df/ios-build/Il2CppOutputProject/Source/il2cppOutput/System.Configuration_CodeGen.c
[ 709/3420  0s] CopyFiles /Users/tuantu/Desktop/dev/AI/mobile/game_df/ios-build/Il2CppOutputProject/Source/il2cppOutput/Il2CppRgctxTable.c
[ 710/3420  0s] CopyFiles /Users/tuantu/Desktop/dev/AI/mobile/game_df/ios-build/Il2CppOutputProject/Source/il2cppOutput/LaMuralla.Unity_CodeGen.c
[ 711/3420  0s] CopyFiles /Users/tuantu/Desktop/dev/AI/mobile/game_df/ios-build/Il2CppOutputProject/Source/il2cppOutput/mscorlib_CodeGen.c
[ 712/3420  0s] CopyFiles /Users/tuantu/Desktop/dev/AI/mobile/game_df/ios-build/Il2CppOutputProject/Source/il2cppOutput/Unity.RenderPipelines.Universal.Runtime__2.cpp
[ 713/3420  0s] CopyFiles /Users/tuantu/Desktop/dev/AI/mobile/game_df/ios-build/Il2CppOutputProject/Source/il2cppOutput/Unity.RenderPipelines.Universal.2D.Runtime__2.cpp
[ 714/3420  0s] CopyFiles /Users/tuantu/Desktop/dev/AI/mobile/game_df/ios-build/Il2CppOutputProject/Source/il2cppOutput/Unity.RenderPipelines.GPUDriven.Runtime__2.cpp
[ 715/3420  0s] CopyFiles /Users/tuantu/Desktop/dev/AI/mobile/game_df/ios-build/Il2CppOutputProject/Source/il2cppOutput/Unity.RenderPipelines.Core.Runtime_CodeGen.c
[ 716/3420  0s] CopyFiles /Users/tuantu/Desktop/dev/AI/mobile/game_df/ios-build/Il2CppOutputProject/Source/il2cppOutput/Il2CppCCTypeValuesTable.c
[ 717/3420  0s] CopyFiles /Users/tuantu/Desktop/dev/AI/mobile/game_df/ios-build/Il2CppOutputProject/Source/il2cppOutput/UnityEngine.VFXModule.cpp
[ 718/3420  0s] CopyFiles /Users/tuantu/Desktop/dev/AI/mobile/game_df/ios-build/Il2CppOutputProject/Source/il2cppOutput/Unity.Scripting_CodeGen.c
[ 719/3420  0s] CopyFiles /Users/tuantu/Desktop/dev/AI/mobile/game_df/ios-build/Data/Managed/Resources/mscorlib.dll-resources.dat
[ 720/3420  0s] CopyFiles /Users/tuantu/Desktop/dev/AI/mobile/game_df/ios-build/Il2CppOutputProject/Source/il2cppOutput/Il2CppGenericInstDefinitions.c
[ 721/3420  0s] CopyFiles /Users/tuantu/Desktop/dev/AI/mobile/game_df/ios-build/Il2CppOutputProject/Source/il2cppOutput/Unity.Collections.LowLevel.ILSupport_CodeGen.c
[ 722/3420  0s] CopyFiles /Users/tuantu/Desktop/dev/AI/mobile/game_df/ios-build/Il2CppOutputProject/Source/il2cppOutput/Unity.InputSystem__10.cpp
[ 723/3420  0s] CopyFiles /Users/tuantu/Desktop/dev/AI/mobile/game_df/ios-build/Il2CppOutputProject/Source/il2cppOutput/Il2CppCCalculateTypeValues.cpp
[ 724/3420  0s] CopyFiles /Users/tuantu/Desktop/dev/AI/mobile/game_df/ios-build/Il2CppOutputProject/Source/il2cppOutput/UnityEngine.ScriptingModule_CodeGen.c
[ 725/3420  0s] CopyFiles /Users/tuantu/Desktop/dev/AI/mobile/game_df/ios-build/Il2CppOutputProject/Source/il2cppOutput/Unity.InputSystem__11.cpp
[ 726/3420  0s] CopyFiles /Users/tuantu/Desktop/dev/AI/mobile/game_df/ios-build/Il2CppOutputProject/Source/il2cppOutput/UnityEngine.TextRenderingModule_CodeGen.c
[ 727/3420  0s] CopyFiles /Users/tuantu/Desktop/dev/AI/mobile/game_df/ios-build/Il2CppOutputProject/Source/il2cppOutput/UnityEngine.Physics2DModule_CodeGen.c
[ 728/3420  0s] CopyFiles /Users/tuantu/Desktop/dev/AI/mobile/game_df/ios-build/Il2CppOutputProject/Source/il2cppOutput/UnityEngine.AnimationModule_CodeGen.c
[ 729/3420  0s] CopyFiles /Users/tuantu/Desktop/dev/AI/mobile/game_df/ios-build/Il2CppOutputProject/Source/il2cppOutput/UnityEngine.TextCoreFontEngineModule_CodeGen.c
[ 730/3420  0s] CopyFiles /Users/tuantu/Desktop/dev/AI/mobile/game_df/ios-build/Il2CppOutputProject/Source/il2cppOutput/UnityEngine.JSONSerializeModule_CodeGen.c
[ 731/3420  0s] CopyFiles /Users/tuantu/Desktop/dev/AI/mobile/game_df/ios-build/Il2CppOutputProject/Source/il2cppOutput/UnityEngine.SharedInternalsModule.cpp
[ 732/3420  0s] CopyFiles /Users/tuantu/Desktop/dev/AI/mobile/game_df/ios-build/Il2CppOutputProject/Source/il2cppOutput/UnityEngine.TextCoreTextEngineModule_CodeGen.c
[ 733/3420  0s] CopyFiles /Users/tuantu/Desktop/dev/AI/mobile/game_df/ios-build/Il2CppOutputProject/Source/il2cppOutput/UnityEngine.HierarchyCoreModule_CodeGen.c
[ 734/3420  0s] CopyFiles /Users/tuantu/Desktop/dev/AI/mobile/game_df/ios-build/Il2CppOutputProject/Source/il2cppOutput/UnityEngine.PhysicsCore2DModule_CodeGen.c
[ 735/3420  0s] CopyFiles /Users/tuantu/Desktop/dev/AI/mobile/game_df/ios-build/Il2CppOutputProject/Source/il2cppOutput/Il2CppGenericClassTable.c
[ 736/3420  0s] CopyFiles /Users/tuantu/Desktop/dev/AI/mobile/game_df/ios-build/Il2CppOutputProject/Source/il2cppOutput/Unity.UnifiedRayTracing.Runtime_CodeGen.c
[ 737/3420  0s] CopyFiles /Users/tuantu/Desktop/dev/AI/mobile/game_df/ios-build/Il2CppOutputProject/Source/il2cppOutput/Il2CppUnresolvedIndirectCallStubs.cpp
[ 738/3420  0s] CopyFiles /Users/tuantu/Desktop/dev/AI/mobile/game_df/ios-build/Il2CppOutputProject/Source/il2cppOutput/Unity.RenderPipelines.Core.Runtime__4.cpp
[ 739/3420  0s] CopyFiles /Users/tuantu/Desktop/dev/AI/mobile/game_df/ios-build/Il2CppOutputProject/Source/il2cppOutput/Unity.RenderPipelines.Core.Runtime__7.cpp
[ 740/3420  0s] CopyFiles /Users/tuantu/Desktop/dev/AI/mobile/game_df/ios-build/Il2CppOutputProject/Source/il2cppOutput/Unity.RenderPipelines.Core.Runtime__9.cpp
[ 741/3420  0s] CopyFiles /Users/tuantu/Desktop/dev/AI/mobile/game_df/ios-build/Il2CppOutputProject/Source/il2cppOutput/Unity.RenderPipelines.Core.Runtime__5.cpp
[ 742/3420  0s] CopyFiles /Users/tuantu/Desktop/dev/AI/mobile/game_df/ios-build/Il2CppOutputProject/Source/il2cppOutput/Unity.RenderPipelines.Core.Runtime__3.cpp
[ 743/3420  0s] CopyFiles /Users/tuantu/Desktop/dev/AI/mobile/game_df/ios-build/Il2CppOutputProject/Source/il2cppOutput/Unity.RenderPipelines.Core.Runtime__1.cpp
[ 744/3420  0s] CopyFiles /Users/tuantu/Desktop/dev/AI/mobile/game_df/ios-build/Il2CppOutputProject/Source/il2cppOutput/System.Runtime.CompilerServices.Unsafe.cpp
[ 745/3420  0s] CopyFiles /Users/tuantu/Desktop/dev/AI/mobile/game_df/ios-build/Il2CppOutputProject/Source/il2cppOutput/Il2CppCodeRegistration.cpp
[ 746/3420  0s] CopyFiles /Users/tuantu/Desktop/dev/AI/mobile/game_df/ios-build/Il2CppOutputProject/Source/il2cppOutput/Unity.RenderPipelines.Core.Runtime__2.cpp
[ 747/3420  0s] CopyFiles /Users/tuantu/Desktop/dev/AI/mobile/game_df/ios-build/Il2CppOutputProject/Source/il2cppOutput/Unity.RenderPipelines.Core.Runtime__8.cpp
[ 748/3420  0s] CopyFiles /Users/tuantu/Desktop/dev/AI/mobile/game_df/ios-build/Il2CppOutputProject/Source/il2cppOutput/Unity.RenderPipelines.Core.Runtime__6.cpp
[ 749/3420  0s] CopyFiles /Users/tuantu/Desktop/dev/AI/mobile/game_df/ios-build/Il2CppOutputProject/Source/il2cppOutput/Il2CppInteropDataTable.cpp
[ 750/3420  0s] CopyFiles /Users/tuantu/Desktop/dev/AI/mobile/game_df/ios-build/Il2CppOutputProject/Source/il2cppOutput/Unity.RenderPipelines.Universal.2D.Runtime__1.cpp
[ 751/3420  0s] CopyFiles /Users/tuantu/Desktop/dev/AI/mobile/game_df/ios-build/Il2CppOutputProject/Source/il2cppOutput/Il2CppCCFieldValuesTable.c
[ 752/3420  0s] CopyFiles /Users/tuantu/Desktop/dev/AI/mobile/game_df/ios-build/Il2CppOutputProject/Source/il2cppOutput/Unity.RenderPipelines.Universal.Runtime__6.cpp
[ 753/3420  0s] CopyFiles /Users/tuantu/Desktop/dev/AI/mobile/game_df/ios-build/Il2CppOutputProject/Source/il2cppOutput/UnityEngine.SpriteMaskModule_CodeGen.c
[ 754/3420  0s] CopyFiles /Users/tuantu/Desktop/dev/AI/mobile/game_df/ios-build/Il2CppOutputProject/Source/il2cppOutput/UnityEngine.GameCenterModule_CodeGen.c
[ 755/3420  0s] CopyFiles /Users/tuantu/Desktop/dev/AI/mobile/game_df/ios-build/Il2CppOutputProject/Source/il2cppOutput/UnityEngine.RenderAs2DModule_CodeGen.c
[ 756/3420  0s] CopyFiles /Users/tuantu/Desktop/dev/AI/mobile/game_df/ios-build/Il2CppOutputProject/Source/il2cppOutput/Unity.UnifiedRayTracing.Runtime__1.cpp
[ 757/3420  0s] CopyFiles /Users/tuantu/Desktop/dev/AI/mobile/game_df/ios-build/Il2CppOutputProject/Source/il2cppOutput/Il2CppMetadataRegistration.c
[ 758/3420  0s] CopyFiles /Users/tuantu/Desktop/dev/AI/mobile/game_df/ios-build/Il2CppOutputProject/Source/il2cppOutput/Unity.Burst.Unsafe_CodeGen.c
[ 759/3420  0s] CopyFiles /Users/tuantu/Desktop/dev/AI/mobile/game_df/ios-build/Il2CppOutputProject/Source/il2cppOutput/System.Runtime.CompilerServices.Unsafe_CodeGen.c
[ 760/3420  0s] CopyFiles /Users/tuantu/Desktop/dev/AI/mobile/game_df/ios-build/Il2CppOutputProject/Source/il2cppOutput/UnityEngine.CoreModule.cpp
[ 761/3420  0s] CopyFiles /Users/tuantu/Desktop/dev/AI/mobile/game_df/ios-build/Il2CppOutputProject/Source/il2cppOutput/UnityEngine.InputForUIModule_CodeGen.c
[ 762/3420  0s] CopyFiles /Users/tuantu/Desktop/dev/AI/mobile/game_df/ios-build/Il2CppOutputProject/Source/il2cppOutput/Il2CppGenericMethodTable.c
[ 763/3420  0s] CopyFiles /Users/tuantu/Desktop/dev/AI/mobile/game_df/ios-build/Il2CppOutputProject/Source/il2cppOutput/Unity.InputSystem.ForUI_CodeGen.c
[ 764/3420  0s] CopyFiles /Users/tuantu/Desktop/dev/AI/mobile/game_df/ios-build/Il2CppOutputProject/Source/il2cppOutput/UnityEngine.PropertiesModule_CodeGen.c
[ 765/3420  0s] CopyFiles /Users/tuantu/Desktop/dev/AI/mobile/game_df/ios-build/Il2CppOutputProject/Source/il2cppOutput/UnityEngine.InputModule_CodeGen.c
[ 766/3420  0s] CopyFiles /Users/tuantu/Desktop/dev/AI/mobile/game_df/ios-build/Il2CppOutputProject/Source/il2cppOutput/UnityEngine.AudioModule_CodeGen.c
[ 767/3420  0s] CopyFiles /Users/tuantu/Desktop/dev/AI/mobile/game_df/ios-build/Il2CppOutputProject/Source/il2cppOutput/UnityEngine.ContentLoadModule.cpp
[ 768/3420  0s] CopyFiles /Users/tuantu/Desktop/dev/AI/mobile/game_df/ios-build/Il2CppOutputProject/Source/il2cppOutput/UnityEngine.UIElementsModule_CodeGen.c
[ 769/3420  0s] CopyFiles /Users/tuantu/Desktop/dev/AI/mobile/game_df/ios-build/Il2CppOutputProject/Source/il2cppOutput/UnityEngine.IMGUIModule_CodeGen.c
[ 770/3420  0s] CopyFiles /Users/tuantu/Desktop/dev/AI/mobile/game_df/ios-build/Il2CppOutputProject/Source/il2cppOutput/UnityEngine.SpriteShapeModule.cpp
[ 771/3420  0s] CopyFiles /Users/tuantu/Desktop/dev/AI/mobile/game_df/ios-build/Il2CppOutputProject/Source/il2cppOutput/UnityEngine.SpriteShapeModule_CodeGen.c
[ 772/3420  0s] CopyFiles /Users/tuantu/Desktop/dev/AI/mobile/game_df/ios-build/Il2CppOutputProject/Source/il2cppOutput/Unity.RenderPipelines.Core.Runtime.cpp
[ 773/3420  0s] CopyFiles /Users/tuantu/Desktop/dev/AI/mobile/game_df/ios-build/Il2CppOutputProject/Source/il2cppOutput/UnityEngine.ContentLoadModule_CodeGen.c
[ 774/3420  0s] CopyFiles /Users/tuantu/Desktop/dev/AI/mobile/game_df/ios-build/Il2CppOutputProject/Source/il2cppOutput/UnityEngine.InputLegacyModule.cpp
[ 775/3420  0s] CopyFiles /Users/tuantu/Desktop/dev/AI/mobile/game_df/ios-build/Il2CppOutputProject/Source/il2cppOutput/Unity.RenderPipelines.Universal.Runtime__1.cpp
[ 776/3420  0s] CopyFiles /Users/tuantu/Desktop/dev/AI/mobile/game_df/ios-build/Il2CppOutputProject/Source/il2cppOutput/UnityEngine.InputLegacyModule_CodeGen.c
[ 777/3420  0s] CopyFiles /Users/tuantu/Desktop/dev/AI/mobile/game_df/ios-build/Il2CppOutputProject/Source/il2cppOutput/Unity.RenderPipelines.GPUDriven.Runtime__1.cpp
[ 778/3420  0s] CopyFiles /Users/tuantu/Desktop/dev/AI/mobile/game_df/ios-build/Il2CppOutputProject/Source/il2cppOutput/Il2CppReversePInvokeWrapperTable.cpp
[ 779/3420  0s] CopyFiles /Users/tuantu/Desktop/dev/AI/mobile/game_df/ios-build/Il2CppOutputProject/Source/il2cppOutput/UnityEngine.MathematicsModule_CodeGen.c
[ 780/3420  0s] CopyFiles /Users/tuantu/Desktop/dev/AI/mobile/game_df/ios-build/Il2CppOutputProject/Source/il2cppOutput/Il2CppGenericAdjustorThunkTable.c
[ 781/3420  0s] CopyFiles /Users/tuantu/Desktop/dev/AI/mobile/game_df/ios-build/Il2CppOutputProject/IL2CPP/libil2cpp/os/Semaphore.h
[ 782/3420  0s] CopyFiles /Users/tuantu/Desktop/dev/AI/mobile/game_df/ios-build/Il2CppOutputProject/IL2CPP/libil2cpp/os/Semaphore.cpp
[ 783/3420  0s] CopyFiles /Users/tuantu/Desktop/dev/AI/mobile/game_df/ios-build/Il2CppOutputProject/Source/il2cppOutput/UnityEngine.MathematicsModule.cpp
[ 784/3420  0s] CopyFiles /Users/tuantu/Desktop/dev/AI/mobile/game_df/ios-build/Il2CppOutputProject/IL2CPP/libil2cpp/os/ReaderWriterLock.h
[ 785/3420  0s] CopyFiles /Users/tuantu/Desktop/dev/AI/mobile/game_df/ios-build/Il2CppOutputProject/IL2CPP/libil2cpp/os/ReaderWriterLockImpl.h
[ 786/3420  0s] CopyFiles /Users/tuantu/Desktop/dev/AI/mobile/game_df/ios-build/Il2CppOutputProject/IL2CPP/libil2cpp/os/ReaderWriterLock.cpp
[ 787/3420  0s] CopyFiles /Users/tuantu/Desktop/dev/AI/mobile/game_df/ios-build/Il2CppOutputProject/IL2CPP/libil2cpp/os/Process.h
[ 788/3420  0s] CopyFiles /Users/tuantu/Desktop/dev/AI/mobile/game_df/ios-build/Il2CppOutputProject/IL2CPP/libil2cpp/os/Posix/TimeZone.cpp
[ 789/3420  0s] CopyFiles /Users/tuantu/Desktop/dev/AI/mobile/game_df/ios-build/Il2CppOutputProject/IL2CPP/libil2cpp/os/Posix/Time.cpp
[ 790/3420  0s] CopyFiles /Users/tuantu/Desktop/dev/AI/mobile/game_df/ios-build/Il2CppOutputProject/Source/il2cppOutput/UnityEngine.UIElementsModule__15.cpp
[ 791/3420  0s] CopyFiles /Users/tuantu/Desktop/dev/AI/mobile/game_df/ios-build/Il2CppOutputProject/Source/il2cppOutput/Il2CppGenericMethodPointerTable.c
[ 792/3420  0s] CopyFiles /Users/tuantu/Desktop/dev/AI/mobile/game_df/ios-build/Il2CppOutputProject/Source/il2cppOutput/UnityEngine.UIElementsModule__11.cpp
[ 793/3420  0s] CopyFiles /Users/tuantu/Desktop/dev/AI/mobile/game_df/ios-build/Il2CppOutputProject/IL2CPP/libil2cpp/os/Posix/ThreadImpl.h
[ 794/3420  0s] CopyFiles /Users/tuantu/Desktop/dev/AI/mobile/game_df/ios-build/Il2CppOutputProject/IL2CPP/libil2cpp/os/Posix/ThreadLocalValueImpl.h
[ 795/3420  0s] CopyFiles /Users/tuantu/Desktop/dev/AI/mobile/game_df/ios-build/Il2CppOutputProject/IL2CPP/libil2cpp/os/Posix/ThreadImpl.cpp
[ 796/3420  0s] CopyFiles /Users/tuantu/Desktop/dev/AI/mobile/game_df/ios-build/Il2CppOutputProject/Source/il2cppOutput/UnityEngine.UIElementsModule__14.cpp
[ 797/3420  0s] CopyFiles /Users/tuantu/Desktop/dev/AI/mobile/game_df/ios-build/Il2CppOutputProject/IL2CPP/libil2cpp/os/Posix/Thread.cpp
[ 798/3420  0s] CopyFiles /Users/tuantu/Desktop/dev/AI/mobile/game_df/ios-build/Il2CppOutputProject/Source/il2cppOutput/UnityEngine.UIElementsModule__12.cpp
[ 799/3420  0s] CopyFiles /Users/tuantu/Desktop/dev/AI/mobile/game_df/ios-build/Il2CppOutputProject/IL2CPP/libil2cpp/os/Posix/SystemCertificates.cpp
[ 800/3420  0s] CopyFiles /Users/tuantu/Desktop/dev/AI/mobile/game_df/ios-build/Il2CppOutputProject/IL2CPP/libil2cpp/os/Posix/SocketImpl.h
[ 801/3420  0s] CopyFiles /Users/tuantu/Desktop/dev/AI/mobile/game_df/ios-build/Il2CppOutputProject/IL2CPP/libil2cpp/os/Posix/StackTrace.cpp
[ 802/3420  0s] CopyFiles /Users/tuantu/Desktop/dev/AI/mobile/game_df/ios-build/Il2CppOutputProject/IL2CPP/libil2cpp/os/Posix/ReaderWriterLockImpl.h
[ 803/3420  0s] CopyFiles /Users/tuantu/Desktop/dev/AI/mobile/game_df/ios-build/Il2CppOutputProject/IL2CPP/libil2cpp/os/Posix/PosixHelpers.h
[ 804/3420  0s] CopyFiles /Users/tuantu/Desktop/dev/AI/mobile/game_df/ios-build/Il2CppOutputProject/IL2CPP/libil2cpp/os/Posix/Process.cpp
[ 805/3420  0s] CopyFiles /Users/tuantu/Desktop/dev/AI/mobile/game_df/ios-build/Il2CppOutputProject/IL2CPP/libil2cpp/os/Posix/NetworkAccessHandlerStub.h
[ 806/3420  0s] CopyFiles /Users/tuantu/Desktop/dev/AI/mobile/game_df/ios-build/Il2CppOutputProject/IL2CPP/libil2cpp/os/Posix/PosixHelpers.cpp
[ 807/3420  0s] CopyFiles /Users/tuantu/Desktop/dev/AI/mobile/game_df/ios-build/Il2CppOutputProject/IL2CPP/libil2cpp/os/Posix/Path.cpp
[ 808/3420  0s] CopyFiles /Users/tuantu/Desktop/dev/AI/mobile/game_df/ios-build/Il2CppOutputProject/IL2CPP/libil2cpp/os/Posix/MutexImpl.h
[ 809/3420  0s] CopyFiles /Users/tuantu/Desktop/dev/AI/mobile/game_df/ios-build/Il2CppOutputProject/IL2CPP/libil2cpp/os/Posix/Memory.cpp
[ 810/3420  0s] CopyFiles /Users/tuantu/Desktop/dev/AI/mobile/game_df/ios-build/Il2CppOutputProject/IL2CPP/libil2cpp/os/Posix/MarshalAlloc.cpp
[ 811/3420  0s] CopyFiles /Users/tuantu/Desktop/dev/AI/mobile/game_df/ios-build/Il2CppOutputProject/IL2CPP/libil2cpp/os/Posix/NativeMethods.cpp
[ 812/3420  0s] CopyFiles /Users/tuantu/Desktop/dev/AI/mobile/game_df/ios-build/Il2CppOutputProject/IL2CPP/libil2cpp/os/Posix/Locale.cpp
[ 813/3420  0s] CopyFiles /Users/tuantu/Desktop/dev/AI/mobile/game_df/ios-build/Il2CppOutputProject/IL2CPP/libil2cpp/os/Posix/LastError.cpp
[ 814/3420  0s] CopyFiles /Users/tuantu/Desktop/dev/AI/mobile/game_df/ios-build/Il2CppOutputProject/Source/il2cppOutput/UnityEngine.UIElementsModule__13.cpp
[ 815/3420  0s] CopyFiles /Users/tuantu/Desktop/dev/AI/mobile/game_df/ios-build/Il2CppOutputProject/IL2CPP/libil2cpp/os/Posix/LibraryLoader.cpp
[ 816/3420  0s] CopyFiles /Users/tuantu/Desktop/dev/AI/mobile/game_df/ios-build/Il2CppOutputProject/IL2CPP/libil2cpp/os/Posix/MemoryMappedFile.cpp
[ 817/3420  0s] CopyFiles /Users/tuantu/Desktop/dev/AI/mobile/game_df/ios-build/Il2CppOutputProject/IL2CPP/libil2cpp/os/Posix/FastReaderReaderWriterLockImpl.h
[ 818/3420  0s] CopyFiles /Users/tuantu/Desktop/dev/AI/mobile/game_df/ios-build/Il2CppOutputProject/IL2CPP/libil2cpp/os/Posix/FileHandle.h
[ 819/3420  0s] CopyFiles /Users/tuantu/Desktop/dev/AI/mobile/game_df/ios-build/Il2CppOutputProject/IL2CPP/libil2cpp/os/Posix/Image.cpp
[ 820/3420  0s] CopyFiles /Users/tuantu/Desktop/dev/AI/mobile/game_df/ios-build/Il2CppOutputProject/IL2CPP/libil2cpp/os/Posix/FileSystemWatcher.cpp
[ 821/3420  0s] CopyFiles /Users/tuantu/Desktop/dev/AI/mobile/game_df/ios-build/Il2CppOutputProject/Source/il2cppOutput/UnityEngine.UIElementsModule__10.cpp
[ 822/3420  0s] CopyFiles /Users/tuantu/Desktop/dev/AI/mobile/game_df/ios-build/Il2CppOutputProject/IL2CPP/libil2cpp/os/Posix/Error.cpp
[ 823/3420  0s] CopyFiles /Users/tuantu/Desktop/dev/AI/mobile/game_df/ios-build/Il2CppOutputProject/IL2CPP/libil2cpp/os/Posix/Error.h
[ 824/3420  0s] CopyFiles /Users/tuantu/Desktop/dev/AI/mobile/game_df/ios-build/Il2CppOutputProject/IL2CPP/libil2cpp/os/Posix/SocketImpl.cpp
[ 825/3420  0s] CopyFiles /Users/tuantu/Desktop/dev/AI/mobile/game_df/ios-build/Il2CppOutputProject/IL2CPP/libil2cpp/os/Posix/Encoding.cpp
[ 826/3420  0s] CopyFiles /Users/tuantu/Desktop/dev/AI/mobile/game_df/ios-build/Il2CppOutputProject/IL2CPP/libil2cpp/os/Posix/File.cpp
[ 827/3420  0s] CopyFiles /Users/tuantu/Desktop/dev/AI/mobile/game_df/ios-build/Il2CppOutputProject/IL2CPP/libil2cpp/os/Posix/Cryptography.cpp
[ 828/3420  0s] CopyFiles /Users/tuantu/Desktop/dev/AI/mobile/game_df/ios-build/Il2CppOutputProject/IL2CPP/libil2cpp/os/Posix/CpuInfo.cpp
[ 829/3420  0s] CopyFiles /Users/tuantu/Desktop/dev/AI/mobile/game_df/ios-build/Il2CppOutputProject/IL2CPP/libil2cpp/os/Posix/Directory.cpp
[ 830/3420  0s] CopyFiles /Users/tuantu/Desktop/dev/AI/mobile/game_df/ios-build/Il2CppOutputProject/IL2CPP/libil2cpp/os/Posix/CrashHelpers.cpp
[ 831/3420  0s] CopyFiles /Users/tuantu/Desktop/dev/AI/mobile/game_df/ios-build/Il2CppOutputProject/IL2CPP/libil2cpp/os/Posix/Environment.cpp
[ 832/3420  0s] CopyFiles /Users/tuantu/Desktop/dev/AI/mobile/game_df/ios-build/Il2CppOutputProject/IL2CPP/libil2cpp/os/Posix/ConditionVariableImpl.h
[ 833/3420  0s] CopyFiles /Users/tuantu/Desktop/dev/AI/mobile/game_df/ios-build/Il2CppOutputProject/IL2CPP/libil2cpp/os/Posix/ConditionVariableImpl.cpp
[ 834/3420  0s] CopyFiles /Users/tuantu/Desktop/dev/AI/mobile/game_df/ios-build/Il2CppOutputProject/IL2CPP/libil2cpp/os/Posix/Console.cpp
[ 835/3420  0s] CopyFiles /Users/tuantu/Desktop/dev/AI/mobile/game_df/ios-build/Il2CppOutputProject/IL2CPP/libil2cpp/os/Path.h
[ 836/3420  0s] CopyFiles /Users/tuantu/Desktop/dev/AI/mobile/game_df/ios-build/Il2CppOutputProject/IL2CPP/libil2cpp/os/Path.cpp
[ 837/3420  0s] CopyFiles /Users/tuantu/Desktop/dev/AI/mobile/game_df/ios-build/Il2CppOutputProject/IL2CPP/libil2cpp/os/OSX/Thread.cpp
[ 838/3420  0s] CopyFiles /Users/tuantu/Desktop/dev/AI/mobile/game_df/ios-build/Il2CppOutputProject/IL2CPP/libil2cpp/os/OSX/Process.cpp
[ 839/3420  0s] CopyFiles /Users/tuantu/Desktop/dev/AI/mobile/game_df/ios-build/Il2CppOutputProject/IL2CPP/libil2cpp/os/OSX/pal_darwin.h
[ 840/3420  0s] CopyFiles /Users/tuantu/Desktop/dev/AI/mobile/game_df/ios-build/Il2CppOutputProject/IL2CPP/libil2cpp/os/OSX/Image.cpp
[ 841/3420  0s] CopyFiles /Users/tuantu/Desktop/dev/AI/mobile/game_df/ios-build/Il2CppOutputProject/IL2CPP/libil2cpp/os/Messages.h
[ 842/3420  0s] CopyFiles /Users/tuantu/Desktop/dev/AI/mobile/game_df/ios-build/Il2CppOutputProject/IL2CPP/libil2cpp/os/NativeMethods.h
[ 843/3420  0s] CopyFiles /Users/tuantu/Desktop/dev/AI/mobile/game_df/ios-build/Il2CppOutputProject/IL2CPP/libil2cpp/os/OSX/SystemCertificates.cpp
[ 844/3420  0s] CopyFiles /Users/tuantu/Desktop/dev/AI/mobile/game_df/ios-build/Il2CppOutputProject/IL2CPP/libil2cpp/os/Mutex.cpp
[ 845/3420  0s] CopyFiles /Users/tuantu/Desktop/dev/AI/mobile/game_df/ios-build/Il2CppOutputProject/IL2CPP/libil2cpp/os/Mutex.h
[ 846/3420  0s] CopyFiles /Users/tuantu/Desktop/dev/AI/mobile/game_df/ios-build/Il2CppOutputProject/IL2CPP/libil2cpp/os/Memory.h
[ 847/3420  0s] CopyFiles /Users/tuantu/Desktop/dev/AI/mobile/game_df/ios-build/Il2CppOutputProject/IL2CPP/libil2cpp/os/MemoryMappedFile.h
[ 848/3420  0s] CopyFiles /Users/tuantu/Desktop/dev/AI/mobile/game_df/ios-build/Il2CppOutputProject/IL2CPP/libil2cpp/os/MarshalStringAlloc.h
[ 849/3420  0s] CopyFiles /Users/tuantu/Desktop/dev/AI/mobile/game_df/ios-build/Il2CppOutputProject/IL2CPP/libil2cpp/os/Locale.h
[ 850/3420  0s] CopyFiles /Users/tuantu/Desktop/dev/AI/mobile/game_df/ios-build/Il2CppOutputProject/IL2CPP/libil2cpp/os/Linux/pal_linux.h
[ 851/3420  0s] CopyFiles /Users/tuantu/Desktop/dev/AI/mobile/game_df/ios-build/Il2CppOutputProject/IL2CPP/libil2cpp/os/LastError.h
[ 852/3420  0s] CopyFiles /Users/tuantu/Desktop/dev/AI/mobile/game_df/ios-build/Il2CppOutputProject/IL2CPP/libil2cpp/os/IOS/Console.mm
[ 853/3420  0s] CopyFiles /Users/tuantu/Desktop/dev/AI/mobile/game_df/ios-build/Il2CppOutputProject/IL2CPP/libil2cpp/os/MarshalAlloc.h
[ 854/3420  0s] CopyFiles /Users/tuantu/Desktop/dev/AI/mobile/game_df/ios-build/Il2CppOutputProject/IL2CPP/libil2cpp/os/LibraryLoader.h
[ 855/3420  0s] CopyFiles /Users/tuantu/Desktop/dev/AI/mobile/game_df/ios-build/Il2CppOutputProject/IL2CPP/libil2cpp/os/Initialize.h
[ 856/3420  0s] CopyFiles /Users/tuantu/Desktop/dev/AI/mobile/game_df/ios-build/Il2CppOutputProject/IL2CPP/libil2cpp/os/Messages.cpp
[ 857/3420  0s] CopyFiles /Users/tuantu/Desktop/dev/AI/mobile/game_df/ios-build/Il2CppOutputProject/IL2CPP/libil2cpp/os/Image.cpp
[ 858/3420  0s] CopyFiles /Users/tuantu/Desktop/dev/AI/mobile/game_df/ios-build/Il2CppOutputProject/IL2CPP/libil2cpp/os/LibraryLoader.cpp
[ 859/3420  0s] CopyFiles /Users/tuantu/Desktop/dev/AI/mobile/game_df/ios-build/Il2CppOutputProject/IL2CPP/libil2cpp/os/Image.h
[ 860/3420  0s] CopyFiles /Users/tuantu/Desktop/dev/AI/mobile/game_df/ios-build/Il2CppOutputProject/IL2CPP/libil2cpp/os/Handle.h
[ 861/3420  0s] CopyFiles /Users/tuantu/Desktop/dev/AI/mobile/game_df/ios-build/Il2CppOutputProject/IL2CPP/libil2cpp/os/Generic/WaitObject.h
[ 862/3420  0s] CopyFiles /Users/tuantu/Desktop/dev/AI/mobile/game_df/ios-build/Il2CppOutputProject/IL2CPP/libil2cpp/os/Generic/SystemCertificates.cpp
[ 863/3420  0s] CopyFiles /Users/tuantu/Desktop/dev/AI/mobile/game_df/ios-build/Il2CppOutputProject/IL2CPP/libil2cpp/os/Generic/WaitObject.cpp
[ 864/3420  0s] CopyFiles /Users/tuantu/Desktop/dev/AI/mobile/game_df/ios-build/Il2CppOutputProject/IL2CPP/libil2cpp/os/Generic/WindowsRuntime.cpp
[ 865/3420  0s] CopyFiles /Users/tuantu/Desktop/dev/AI/mobile/game_df/ios-build/Il2CppOutputProject/IL2CPP/libil2cpp/os/Generic/Thread.cpp
[ 866/3420  0s] CopyFiles /Users/tuantu/Desktop/dev/AI/mobile/game_df/ios-build/Il2CppOutputProject/IL2CPP/libil2cpp/os/Generic/SocketImpl.cpp
[ 867/3420  0s] CopyFiles /Users/tuantu/Desktop/dev/AI/mobile/game_df/ios-build/Il2CppOutputProject/IL2CPP/libil2cpp/os/Generic/SocketImpl.h
[ 868/3420  0s] CopyFiles /Users/tuantu/Desktop/dev/AI/mobile/game_df/ios-build/Il2CppOutputProject/IL2CPP/libil2cpp/os/Generic/SocketBridge.cpp
[ 869/3420  0s] CopyFiles /Users/tuantu/Desktop/dev/AI/mobile/game_df/ios-build/Il2CppOutputProject/IL2CPP/libil2cpp/os/Generic/MarshalStringAlloc.cpp
[ 870/3420  0s] CopyFiles /Users/tuantu/Desktop/dev/AI/mobile/game_df/ios-build/Il2CppOutputProject/IL2CPP/libil2cpp/os/Generic/SemaphoreImpl.h
[ 871/3420  0s] CopyFiles /Users/tuantu/Desktop/dev/AI/mobile/game_df/ios-build/Il2CppOutputProject/IL2CPP/libil2cpp/os/Generic/MutexImpl.h
[ 872/3420  0s] CopyFiles /Users/tuantu/Desktop/dev/AI/mobile/game_df/ios-build/Il2CppOutputProject/IL2CPP/libil2cpp/os/Generic/Handle.cpp
[ 873/3420  0s] CopyFiles /Users/tuantu/Desktop/dev/AI/mobile/game_df/ios-build/Il2CppOutputProject/IL2CPP/libil2cpp/os/Generic/EventImpl.h
[ 874/3420  0s] CopyFiles /Users/tuantu/Desktop/dev/AI/mobile/game_df/ios-build/Il2CppOutputProject/IL2CPP/libil2cpp/os/Generic/LibraryLoader.cpp
[ 875/3420  0s] CopyFiles /Users/tuantu/Desktop/dev/AI/mobile/game_df/ios-build/Il2CppOutputProject/IL2CPP/libil2cpp/os/Generic/Initialize.cpp
[ 876/3420  0s] CopyFiles /Users/tuantu/Desktop/dev/AI/mobile/game_df/ios-build/Il2CppOutputProject/IL2CPP/libil2cpp/os/Generic/File.cpp
[ 877/3420  0s] CopyFiles /Users/tuantu/Desktop/dev/AI/mobile/game_df/ios-build/Il2CppOutputProject/IL2CPP/libil2cpp/os/Generic/MemoryMappedFile.cpp
[ 878/3420  0s] CopyFiles /Users/tuantu/Desktop/dev/AI/mobile/game_df/ios-build/Il2CppOutputProject/IL2CPP/libil2cpp/os/Generic/Environment.cpp
[ 879/3420  0s] CopyFiles /Users/tuantu/Desktop/dev/AI/mobile/game_df/ios-build/Il2CppOutputProject/IL2CPP/libil2cpp/os/Generic/Debug.cpp
[ 880/3420  0s] CopyFiles /Users/tuantu/Desktop/dev/AI/mobile/game_df/ios-build/Il2CppOutputProject/IL2CPP/libil2cpp/os/Generic/CrashHelpers.cpp
[ 881/3420  0s] CopyFiles /Users/tuantu/Desktop/dev/AI/mobile/game_df/ios-build/Il2CppOutputProject/IL2CPP/libil2cpp/os/Generic/COM.cpp
[ 882/3420  0s] CopyFiles /Users/tuantu/Desktop/dev/AI/mobile/game_df/ios-build/Il2CppOutputProject/IL2CPP/libil2cpp/os/Generic/BrokeredFileSystem.cpp
[ 883/3420  0s] CopyFiles /Users/tuantu/Desktop/dev/AI/mobile/game_df/ios-build/Il2CppOutputProject/IL2CPP/libil2cpp/os/Generic/CpuInfo.cpp
[ 884/3420  0s] CopyFiles /Users/tuantu/Desktop/dev/AI/mobile/game_df/ios-build/Il2CppOutputProject/IL2CPP/libil2cpp/os/Generic/Console.cpp
[ 885/3420  0s] CopyFiles /Users/tuantu/Desktop/dev/AI/mobile/game_df/ios-build/Il2CppOutputProject/IL2CPP/libil2cpp/os/Generic/Assert.cpp
[ 886/3420  0s] CopyFiles /Users/tuantu/Desktop/dev/AI/mobile/game_df/ios-build/Il2CppOutputProject/IL2CPP/libil2cpp/os/FastReaderReaderWriterLockImpl.h
[ 887/3420  0s] CopyFiles /Users/tuantu/Desktop/dev/AI/mobile/game_df/ios-build/Il2CppOutputProject/IL2CPP/libil2cpp/os/FileSystemWatcher.h
[ 888/3420  0s] CopyFiles /Users/tuantu/Desktop/dev/AI/mobile/game_df/ios-build/Il2CppOutputProject/IL2CPP/libil2cpp/os/File.h
[ 889/3420  0s] CopyFiles /Users/tuantu/Desktop/dev/AI/mobile/game_df/ios-build/Il2CppOutputProject/IL2CPP/libil2cpp/os/Event.h
[ 890/3420  0s] CopyFiles /Users/tuantu/Desktop/dev/AI/mobile/game_df/ios-build/Il2CppOutputProject/IL2CPP/libil2cpp/os/FastReaderReaderWriterLock.cpp
[ 891/3420  0s] CopyFiles /Users/tuantu/Desktop/dev/AI/mobile/game_df/ios-build/Il2CppOutputProject/IL2CPP/libil2cpp/os/Event.cpp
[ 892/3420  0s] CopyFiles /Users/tuantu/Desktop/dev/AI/mobile/game_df/ios-build/Il2CppOutputProject/IL2CPP/libil2cpp/os/ErrorCodes.h
[ 893/3420  0s] CopyFiles /Users/tuantu/Desktop/dev/AI/mobile/game_df/ios-build/Il2CppOutputProject/IL2CPP/libil2cpp/os/FastReaderReaderWriterLock.h
[ 894/3420  0s] CopyFiles /Users/tuantu/Desktop/dev/AI/mobile/game_df/ios-build/Il2CppOutputProject/IL2CPP/libil2cpp/os/Encoding.h
[ 895/3420  0s] CopyFiles /Users/tuantu/Desktop/dev/AI/mobile/game_df/ios-build/Il2CppOutputProject/IL2CPP/libil2cpp/os/Error.cpp
[ 896/3420  0s] CopyFiles /Users/tuantu/Desktop/dev/AI/mobile/game_df/ios-build/Il2CppOutputProject/IL2CPP/libil2cpp/os/Environment.h
[ 897/3420  0s] CopyFiles /Users/tuantu/Desktop/dev/AI/mobile/game_df/ios-build/Il2CppOutputProject/IL2CPP/libil2cpp/os/Error.h
[ 898/3420  0s] CopyFiles /Users/tuantu/Desktop/dev/AI/mobile/game_df/ios-build/Il2CppOutputProject/IL2CPP/libil2cpp/os/Debug.h
[ 899/3420  0s] CopyFiles /Users/tuantu/Desktop/dev/AI/mobile/game_df/ios-build/Il2CppOutputProject/IL2CPP/libil2cpp/os/Directory.h
[ 900/3420  0s] CopyFiles /Users/tuantu/Desktop/dev/AI/mobile/game_df/ios-build/Il2CppOutputProject/IL2CPP/libil2cpp/os/Cryptography.h
[ 901/3420  0s] CopyFiles /Users/tuantu/Desktop/dev/AI/mobile/game_df/ios-build/Il2CppOutputProject/IL2CPP/libil2cpp/os/CrashHelpers.cpp
[ 902/3420  0s] CopyFiles /Users/tuantu/Desktop/dev/AI/mobile/game_df/ios-build/Il2CppOutputProject/IL2CPP/libil2cpp/os/CpuInfo.h
[ 903/3420  0s] CopyFiles /Users/tuantu/Desktop/dev/AI/mobile/game_df/ios-build/Il2CppOutputProject/IL2CPP/libil2cpp/os/Emscripten/pal_emscripten.h
[ 904/3420  0s] CopyFiles /Users/tuantu/Desktop/dev/AI/mobile/game_df/ios-build/Il2CppOutputProject/IL2CPP/libil2cpp/os/ConditionVariable.h
[ 905/3420  0s] CopyFiles /Users/tuantu/Desktop/dev/AI/mobile/game_df/ios-build/Il2CppOutputProject/IL2CPP/libil2cpp/os/Emscripten/SocketBridge.cpp
[ 906/3420  0s] CopyFiles /Users/tuantu/Desktop/dev/AI/mobile/game_df/ios-build/Il2CppOutputProject/IL2CPP/libil2cpp/os/CrashHelpers.h
[ 907/3420  0s] CopyFiles /Users/tuantu/Desktop/dev/AI/mobile/game_df/ios-build/Il2CppOutputProject/IL2CPP/libil2cpp/os/Console.h
[ 908/3420  0s] CopyFiles /Users/tuantu/Desktop/dev/AI/mobile/game_df/ios-build/Il2CppOutputProject/IL2CPP/libil2cpp/os/ConsoleExtension.h
[ 909/3420  0s] CopyFiles /Users/tuantu/Desktop/dev/AI/mobile/game_df/ios-build/Il2CppOutputProject/IL2CPP/libil2cpp/os/ConditionVariable.cpp
[ 910/3420  0s] CopyFiles /Users/tuantu/Desktop/dev/AI/mobile/game_df/ios-build/Il2CppOutputProject/IL2CPP/libil2cpp/os/ClassLibraryPAL/pal_sizecheck.h
[ 911/3420  0s] CopyFiles /Users/tuantu/Desktop/dev/AI/mobile/game_df/ios-build/Il2CppOutputProject/IL2CPP/libil2cpp/os/ClassLibraryPAL/pal_platform.h
[ 912/3420  0s] CopyFiles /Users/tuantu/Desktop/dev/AI/mobile/game_df/ios-build/Il2CppOutputProject/IL2CPP/libil2cpp/os/ClassLibraryPAL/pal_sizecheck.cpp
[ 913/3420  0s] CopyFiles /Users/tuantu/Desktop/dev/AI/mobile/game_df/ios-build/Il2CppOutputProject/IL2CPP/libil2cpp/os/ClassLibraryPAL/pal_unused.cpp
[ 914/3420  0s] CopyFiles /Users/tuantu/Desktop/dev/AI/mobile/game_df/ios-build/Il2CppOutputProject/IL2CPP/libil2cpp/os/ClassLibraryPAL/pal_networking.cpp
[ 915/3420  0s] CopyFiles /Users/tuantu/Desktop/dev/AI/mobile/game_df/ios-build/Il2CppOutputProject/IL2CPP/libil2cpp/os/ClassLibraryPAL/pal_uid.cpp
[ 916/3420  0s] CopyFiles /Users/tuantu/Desktop/dev/AI/mobile/game_df/ios-build/Il2CppOutputProject/IL2CPP/libil2cpp/os/ClassLibraryPAL/pal_random.cpp
[ 917/3420  0s] CopyFiles /Users/tuantu/Desktop/dev/AI/mobile/game_df/ios-build/Il2CppOutputProject/IL2CPP/libil2cpp/os/COM.h
[ 918/3420  0s] CopyFiles /Users/tuantu/Desktop/dev/AI/mobile/game_df/ios-build/Il2CppOutputProject/IL2CPP/libil2cpp/os/ClassLibraryPAL/pal_time.cpp
[ 919/3420  0s] CopyFiles /Users/tuantu/Desktop/dev/AI/mobile/game_df/ios-build/Il2CppOutputProject/IL2CPP/libil2cpp/os/ClassLibraryPAL/pal_mirror_structs.h
[ 920/3420  0s] CopyFiles /Users/tuantu/Desktop/dev/AI/mobile/game_df/ios-build/Il2CppOutputProject/IL2CPP/libil2cpp/os/ClassLibraryPAL/pal_io.cpp
[ 921/3420  0s] CopyFiles /Users/tuantu/Desktop/dev/AI/mobile/game_df/ios-build/Il2CppOutputProject/IL2CPP/libil2cpp/os/ClassLibraryPAL/brotli/enc/write_bits.h
[ 922/3420  0s] CopyFiles /Users/tuantu/Desktop/dev/AI/mobile/game_df/ios-build/Il2CppOutputProject/IL2CPP/libil2cpp/os/ClassLibraryPAL/brotli/enc/utf8_util.h
[ 923/3420  0s] CopyFiles /Users/tuantu/Desktop/dev/AI/mobile/game_df/ios-build/Il2CppOutputProject/IL2CPP/libil2cpp/os/ClassLibraryPAL/brotli/include/brotli/port.h
[ 924/3420  0s] CopyFiles /Users/tuantu/Desktop/dev/AI/mobile/game_df/ios-build/Il2CppOutputProject/IL2CPP/libil2cpp/os/ClassLibraryPAL/brotli/include/brotli/types.h
[ 925/3420  0s] CopyFiles /Users/tuantu/Desktop/dev/AI/mobile/game_df/ios-build/Il2CppOutputProject/IL2CPP/libil2cpp/os/ClassLibraryPAL/brotli/include/brotli/decode.h
[ 926/3420  0s] CopyFiles /Users/tuantu/Desktop/dev/AI/mobile/game_df/ios-build/Il2CppOutputProject/IL2CPP/libil2cpp/os/ClassLibraryPAL/pal_errno.cpp
[ 927/3420  0s] CopyFiles /Users/tuantu/Desktop/dev/AI/mobile/game_df/ios-build/Il2CppOutputProject/IL2CPP/libil2cpp/os/ClassLibraryPAL/brotli/enc/static_dict.h
[ 928/3420  0s] CopyFiles /Users/tuantu/Desktop/dev/AI/mobile/game_df/ios-build/Il2CppOutputProject/IL2CPP/libil2cpp/os/ClassLibraryPAL/brotli/enc/ringbuffer.h
[ 929/3420  0s] CopyFiles /Users/tuantu/Desktop/dev/AI/mobile/game_df/ios-build/Il2CppOutputProject/IL2CPP/libil2cpp/os/ClassLibraryPAL/brotli/enc/utf8_util.c
[ 930/3420  0s] CopyFiles /Users/tuantu/Desktop/dev/AI/mobile/game_df/ios-build/Il2CppOutputProject/IL2CPP/libil2cpp/os/ClassLibraryPAL/brotli/include/brotli/encode.h
[ 931/3420  0s] CopyFiles /Users/tuantu/Desktop/dev/AI/mobile/game_df/ios-build/Il2CppOutputProject/IL2CPP/libil2cpp/os/ClassLibraryPAL/brotli/enc/quality.h
[ 932/3420  0s] CopyFiles /Users/tuantu/Desktop/dev/AI/mobile/game_df/ios-build/Il2CppOutputProject/IL2CPP/libil2cpp/os/ClassLibraryPAL/brotli/enc/prefix.h
[ 933/3420  0s] CopyFiles /Users/tuantu/Desktop/dev/AI/mobile/game_df/ios-build/Il2CppOutputProject/IL2CPP/libil2cpp/os/ClassLibraryPAL/brotli/enc/metablock_inc.h
[ 934/3420  0s] CopyFiles /Users/tuantu/Desktop/dev/AI/mobile/game_df/ios-build/Il2CppOutputProject/IL2CPP/libil2cpp/os/ClassLibraryPAL/brotli/enc/params.h
[ 935/3420  0s] CopyFiles /Users/tuantu/Desktop/dev/AI/mobile/game_df/ios-build/Il2CppOutputProject/IL2CPP/libil2cpp/os/ClassLibraryPAL/brotli/enc/metablock.h
[ 936/3420  0s] CopyFiles /Users/tuantu/Desktop/dev/AI/mobile/game_df/ios-build/Il2CppOutputProject/IL2CPP/libil2cpp/os/ClassLibraryPAL/brotli/enc/static_dict.c
[ 937/3420  0s] CopyFiles /Users/tuantu/Desktop/dev/AI/mobile/game_df/ios-build/Il2CppOutputProject/IL2CPP/libil2cpp/os/ClassLibraryPAL/brotli/enc/metablock.c
[ 938/3420  0s] CopyFiles /Users/tuantu/Desktop/dev/AI/mobile/game_df/ios-build/Il2CppOutputProject/IL2CPP/libil2cpp/os/ClassLibraryPAL/brotli/enc/memory.c
[ 939/3420  0s] CopyFiles /Users/tuantu/Desktop/dev/AI/mobile/game_df/ios-build/Il2CppOutputProject/IL2CPP/libil2cpp/os/ClassLibraryPAL/brotli/enc/memory.h
[ 940/3420  0s] CopyFiles /Users/tuantu/Desktop/dev/AI/mobile/game_df/ios-build/Il2CppOutputProject/IL2CPP/libil2cpp/os/ClassLibraryPAL/brotli/enc/literal_cost.h
[ 941/3420  0s] CopyFiles /Users/tuantu/Desktop/dev/AI/mobile/game_df/ios-build/Il2CppOutputProject/IL2CPP/libil2cpp/os/ClassLibraryPAL/brotli/enc/histogram_inc.h
[ 942/3420  0s] CopyFiles /Users/tuantu/Desktop/dev/AI/mobile/game_df/ios-build/Il2CppOutputProject/IL2CPP/libil2cpp/os/ClassLibraryPAL/brotli/enc/literal_cost.c
[ 943/3420  0s] CopyFiles /Users/tuantu/Desktop/dev/AI/mobile/game_df/ios-build/Il2CppOutputProject/IL2CPP/libil2cpp/os/ClassLibraryPAL/brotli/enc/histogram.h
[ 944/3420  0s] CopyFiles /Users/tuantu/Desktop/dev/AI/mobile/game_df/ios-build/Il2CppOutputProject/IL2CPP/libil2cpp/os/ClassLibraryPAL/brotli/enc/hash_rolling_inc.h
[ 945/3420  0s] CopyFiles /Users/tuantu/Desktop/dev/AI/mobile/game_df/ios-build/Il2CppOutputProject/IL2CPP/libil2cpp/os/ClassLibraryPAL/brotli/enc/histogram.c
[ 946/3420  0s] CopyFiles /Users/tuantu/Desktop/dev/AI/mobile/game_df/ios-build/Il2CppOutputProject/IL2CPP/libil2cpp/os/ClassLibraryPAL/brotli/enc/hash_longest_match_quickly_inc.h
[ 947/3420  0s] CopyFiles /Users/tuantu/Desktop/dev/AI/mobile/game_df/ios-build/Il2CppOutputProject/IL2CPP/libil2cpp/os/ClassLibraryPAL/brotli/enc/hash_to_binary_tree_inc.h
[ 948/3420  0s] CopyFiles /Users/tuantu/Desktop/dev/AI/mobile/game_df/ios-build/Il2CppOutputProject/IL2CPP/libil2cpp/os/ClassLibraryPAL/brotli/enc/hash_longest_match64_inc.h
[ 949/3420  0s] CopyFiles /Users/tuantu/Desktop/dev/AI/mobile/game_df/ios-build/Il2CppOutputProject/IL2CPP/libil2cpp/os/ClassLibraryPAL/brotli/enc/hash_composite_inc.h
[ 950/3420  0s] CopyFiles /Users/tuantu/Desktop/dev/AI/mobile/game_df/ios-build/Il2CppOutputProject/IL2CPP/libil2cpp/os/ClassLibraryPAL/brotli/enc/static_dict_lut.h
[ 951/3420  0s] CopyFiles /Users/tuantu/Desktop/dev/AI/mobile/game_df/ios-build/Il2CppOutputProject/IL2CPP/libil2cpp/os/ClassLibraryPAL/brotli/enc/fast_log.h
[ 952/3420  0s] CopyFiles /Users/tuantu/Desktop/dev/AI/mobile/game_df/ios-build/Il2CppOutputProject/IL2CPP/libil2cpp/os/ClassLibraryPAL/brotli/enc/find_match_length.h
[ 953/3420  0s] CopyFiles /Users/tuantu/Desktop/dev/AI/mobile/game_df/ios-build/Il2CppOutputProject/IL2CPP/libil2cpp/os/ClassLibraryPAL/brotli/enc/fast_log.c
[ 954/3420  0s] CopyFiles /Users/tuantu/Desktop/dev/AI/mobile/game_df/ios-build/Il2CppOutputProject/IL2CPP/libil2cpp/os/ClassLibraryPAL/brotli/enc/hash_forgetful_chain_inc.h
[ 955/3420  0s] CopyFiles /Users/tuantu/Desktop/dev/AI/mobile/game_df/ios-build/Il2CppOutputProject/IL2CPP/libil2cpp/os/ClassLibraryPAL/brotli/enc/hash_longest_match_inc.h
[ 956/3420  0s] CopyFiles /Users/tuantu/Desktop/dev/AI/mobile/game_df/ios-build/Il2CppOutputProject/IL2CPP/libil2cpp/os/ClassLibraryPAL/brotli/enc/hash.h
[ 957/3420  0s] CopyFiles /Users/tuantu/Desktop/dev/AI/mobile/game_df/ios-build/Il2CppOutputProject/IL2CPP/libil2cpp/os/ClassLibraryPAL/brotli/enc/entropy_encode.h
[ 958/3420  0s] CopyFiles /Users/tuantu/Desktop/dev/AI/mobile/game_df/ios-build/Il2CppOutputProject/IL2CPP/libil2cpp/os/ClassLibraryPAL/brotli/enc/encoder_dict.h
[ 959/3420  0s] CopyFiles /Users/tuantu/Desktop/dev/AI/mobile/game_df/ios-build/Il2CppOutputProject/IL2CPP/libil2cpp/os/ClassLibraryPAL/brotli/enc/entropy_encode.c
[ 960/3420  0s] CopyFiles /Users/tuantu/Desktop/dev/AI/mobile/game_df/ios-build/Il2CppOutputProject/IL2CPP/libil2cpp/os/ClassLibraryPAL/brotli/enc/dictionary_hash.h
[ 961/3420  0s] CopyFiles /Users/tuantu/Desktop/dev/AI/mobile/game_df/ios-build/Il2CppOutputProject/IL2CPP/libil2cpp/os/ClassLibraryPAL/brotli/enc/encoder_dict.c
[ 962/3420  0s] CopyFiles /Users/tuantu/Desktop/dev/AI/mobile/game_df/ios-build/Il2CppOutputProject/IL2CPP/libil2cpp/os/ClassLibraryPAL/brotli/enc/encode.c
[ 963/3420  0s] CopyFiles /Users/tuantu/Desktop/dev/AI/mobile/game_df/ios-build/Il2CppOutputProject/IL2CPP/libil2cpp/os/ClassLibraryPAL/brotli/enc/entropy_encode_static.h
[ 964/3420  0s] CopyFiles /Users/tuantu/Desktop/dev/AI/mobile/game_df/ios-build/Il2CppOutputProject/IL2CPP/libil2cpp/os/ClassLibraryPAL/brotli/enc/compress_fragment_two_pass.h
[ 965/3420  0s] CopyFiles /Users/tuantu/Desktop/dev/AI/mobile/game_df/ios-build/Il2CppOutputProject/IL2CPP/libil2cpp/os/ClassLibraryPAL/brotli/enc/compress_fragment_two_pass.c
[ 966/3420  0s] CopyFiles /Users/tuantu/Desktop/dev/AI/mobile/game_df/ios-build/Il2CppOutputProject/IL2CPP/libil2cpp/os/ClassLibraryPAL/brotli/enc/compress_fragment.h
[ 967/3420  0s] CopyFiles /Users/tuantu/Desktop/dev/AI/mobile/game_df/ios-build/Il2CppOutputProject/IL2CPP/libil2cpp/os/ClassLibraryPAL/brotli/enc/compress_fragment.c
[ 968/3420  0s] CopyFiles /Users/tuantu/Desktop/dev/AI/mobile/game_df/ios-build/Il2CppOutputProject/IL2CPP/libil2cpp/os/ClassLibraryPAL/brotli/enc/command.h
[ 969/3420  0s] CopyFiles /Users/tuantu/Desktop/dev/AI/mobile/game_df/ios-build/Il2CppOutputProject/IL2CPP/libil2cpp/os/ClassLibraryPAL/brotli/enc/dictionary_hash.c
[ 970/3420  0s] CopyFiles /Users/tuantu/Desktop/dev/AI/mobile/game_df/ios-build/Il2CppOutputProject/IL2CPP/libil2cpp/os/ClassLibraryPAL/brotli/enc/brotli_bit_stream.h
[ 971/3420  0s] CopyFiles /Users/tuantu/Desktop/dev/AI/mobile/game_df/ios-build/Il2CppOutputProject/IL2CPP/libil2cpp/os/ClassLibraryPAL/brotli/enc/block_splitter.c
[ 972/3420  0s] CopyFiles /Users/tuantu/Desktop/dev/AI/mobile/game_df/ios-build/Il2CppOutputProject/IL2CPP/libil2cpp/os/ClassLibraryPAL/brotli/enc/block_splitter.h
[ 973/3420  0s] CopyFiles /Users/tuantu/Desktop/dev/AI/mobile/game_df/ios-build/Il2CppOutputProject/IL2CPP/libil2cpp/os/ClassLibraryPAL/brotli/enc/cluster.c
[ 974/3420  0s] CopyFiles /Users/tuantu/Desktop/dev/AI/mobile/game_df/ios-build/Il2CppOutputProject/IL2CPP/libil2cpp/os/ClassLibraryPAL/brotli/enc/command.c
[ 975/3420  0s] CopyFiles /Users/tuantu/Desktop/dev/AI/mobile/game_df/ios-build/Il2CppOutputProject/IL2CPP/libil2cpp/os/ClassLibraryPAL/brotli/enc/cluster.h
[ 976/3420  0s] CopyFiles /Users/tuantu/Desktop/dev/AI/mobile/game_df/ios-build/Il2CppOutputProject/IL2CPP/libil2cpp/os/ClassLibraryPAL/brotli/enc/cluster_inc.h
[ 977/3420  0s] CopyFiles /Users/tuantu/Desktop/dev/AI/mobile/game_df/ios-build/Il2CppOutputProject/IL2CPP/libil2cpp/os/ClassLibraryPAL/brotli/enc/bit_cost_inc.h
[ 978/3420  0s] CopyFiles /Users/tuantu/Desktop/dev/AI/mobile/game_df/ios-build/Il2CppOutputProject/IL2CPP/libil2cpp/os/ClassLibraryPAL/brotli/enc/bit_cost.h
[ 979/3420  0s] CopyFiles /Users/tuantu/Desktop/dev/AI/mobile/game_df/ios-build/Il2CppOutputProject/IL2CPP/libil2cpp/os/ClassLibraryPAL/brotli/enc/block_splitter_inc.h
[ 980/3420  0s] CopyFiles /Users/tuantu/Desktop/dev/AI/mobile/game_df/ios-build/Il2CppOutputProject/IL2CPP/libil2cpp/os/ClassLibraryPAL/brotli/enc/block_encoder_inc.h
[ 981/3420  0s] CopyFiles /Users/tuantu/Desktop/dev/AI/mobile/game_df/ios-build/Il2CppOutputProject/IL2CPP/libil2cpp/os/ClassLibraryPAL/brotli/enc/bit_cost.c
[ 982/3420  0s] CopyFiles /Users/tuantu/Desktop/dev/AI/mobile/game_df/ios-build/Il2CppOutputProject/IL2CPP/libil2cpp/os/ClassLibraryPAL/brotli/enc/backward_references.c
[ 983/3420  0s] CopyFiles /Users/tuantu/Desktop/dev/AI/mobile/game_df/ios-build/Il2CppOutputProject/IL2CPP/libil2cpp/os/ClassLibraryPAL/brotli/enc/backward_references_hq.h
[ 984/3420  0s] CopyFiles /Users/tuantu/Desktop/dev/AI/mobile/game_df/ios-build/Il2CppOutputProject/IL2CPP/libil2cpp/os/ClassLibraryPAL/brotli/enc/brotli_bit_stream.c
[ 985/3420  0s] CopyFiles /Users/tuantu/Desktop/dev/AI/mobile/game_df/ios-build/Il2CppOutputProject/IL2CPP/libil2cpp/os/ClassLibraryPAL/brotli/enc/backward_references_inc.h
[ 986/3420  0s] CopyFiles /Users/tuantu/Desktop/dev/AI/mobile/game_df/ios-build/Il2CppOutputProject/IL2CPP/libil2cpp/os/ClassLibraryPAL/brotli/enc/backward_references_hq.c
[ 987/3420  0s] CopyFiles /Users/tuantu/Desktop/dev/AI/mobile/game_df/ios-build/Il2CppOutputProject/IL2CPP/libil2cpp/os/ClassLibraryPAL/brotli/enc/backward_references.h
[ 988/3420  0s] CopyFiles /Users/tuantu/Desktop/dev/AI/mobile/game_df/ios-build/Il2CppOutputProject/IL2CPP/libil2cpp/os/ClassLibraryPAL/brotli/dec/state.h
[ 989/3420  0s] CopyFiles /Users/tuantu/Desktop/dev/AI/mobile/game_df/ios-build/Il2CppOutputProject/IL2CPP/libil2cpp/os/ClassLibraryPAL/brotli/dec/state.c
[ 990/3420  0s] CopyFiles /Users/tuantu/Desktop/dev/AI/mobile/game_df/ios-build/Il2CppOutputProject/IL2CPP/libil2cpp/os/ClassLibraryPAL/brotli/dec/bit_reader.c
[ 991/3420  0s] CopyFiles /Users/tuantu/Desktop/dev/AI/mobile/game_df/ios-build/Il2CppOutputProject/IL2CPP/libil2cpp/os/ClassLibraryPAL/brotli/dec/huffman.h
[ 992/3420  0s] CopyFiles /Users/tuantu/Desktop/dev/AI/mobile/game_df/ios-build/Il2CppOutputProject/IL2CPP/libil2cpp/os/ClassLibraryPAL/brotli/dec/huffman.c
[ 993/3420  0s] CopyFiles /Users/tuantu/Desktop/dev/AI/mobile/game_df/ios-build/Il2CppOutputProject/IL2CPP/libil2cpp/os/ClassLibraryPAL/brotli/common/version.h
[ 994/3420  0s] CopyFiles /Users/tuantu/Desktop/dev/AI/mobile/game_df/ios-build/Il2CppOutputProject/IL2CPP/libil2cpp/os/ClassLibraryPAL/brotli/common/transform.h
[ 995/3420  0s] CopyFiles /Users/tuantu/Desktop/dev/AI/mobile/game_df/ios-build/Il2CppOutputProject/IL2CPP/libil2cpp/os/ClassLibraryPAL/brotli/dec/prefix.h
[ 996/3420  0s] CopyFiles /Users/tuantu/Desktop/dev/AI/mobile/game_df/ios-build/Il2CppOutputProject/IL2CPP/libil2cpp/os/ClassLibraryPAL/brotli/dec/bit_reader.h
[ 997/3420  0s] CopyFiles /Users/tuantu/Desktop/dev/AI/mobile/game_df/ios-build/Il2CppOutputProject/IL2CPP/libil2cpp/os/ClassLibraryPAL/brotli/common/dictionary.h
[ 998/3420  0s] CopyFiles /Users/tuantu/Desktop/dev/AI/mobile/game_df/ios-build/Il2CppOutputProject/IL2CPP/libil2cpp/os/ClassLibraryPAL/brotli/common/platform.c
[ 999/3420  0s] CopyFiles /Users/tuantu/Desktop/dev/AI/mobile/game_df/ios-build/Il2CppOutputProject/IL2CPP/libil2cpp/os/ClassLibraryPAL/brotli/common/constants.c
[1000/3420  0s] CopyFiles /Users/tuantu/Desktop/dev/AI/mobile/game_df/ios-build/Il2CppOutputProject/IL2CPP/libil2cpp/os/ClassLibraryPAL/brotli/common/transform.c
[1001/3420  0s] CopyFiles /Users/tuantu/Desktop/dev/AI/mobile/game_df/ios-build/Il2CppOutputProject/IL2CPP/libil2cpp/os/ClassLibraryPAL/brotli/common/context.h
[1002/3420  0s] CopyFiles /Users/tuantu/Desktop/dev/AI/mobile/game_df/ios-build/Il2CppOutputProject/IL2CPP/libil2cpp/os/ClassLibraryPAL/brotli/common/constants.h
[1003/3420  0s] CopyFiles /Users/tuantu/Desktop/dev/AI/mobile/game_df/ios-build/Il2CppOutputProject/IL2CPP/libil2cpp/os/ClassLibraryPAL/brotli/dec/decode.c
[1004/3420  0s] CopyFiles /Users/tuantu/Desktop/dev/AI/mobile/game_df/ios-build/Il2CppOutputProject/IL2CPP/libil2cpp/os/ClassLibraryPAL/brotli/common/platform.h
[1005/3420  0s] CopyFiles /Users/tuantu/Desktop/dev/AI/mobile/game_df/ios-build/Il2CppOutputProject/IL2CPP/libil2cpp/os/ClassLibraryPAL/brotli/common/context.c
[1006/3420  0s] CopyFiles /Users/tuantu/Desktop/dev/AI/mobile/game_df/ios-build/Il2CppOutputProject/IL2CPP/libil2cpp/os/c-api/Time.cpp
[1007/3420  0s] CopyFiles /Users/tuantu/Desktop/dev/AI/mobile/game_df/ios-build/Il2CppOutputProject/IL2CPP/libil2cpp/os/c-api/WaitStatus-c-api.h
[1008/3420  0s] CopyFiles /Users/tuantu/Desktop/dev/AI/mobile/game_df/ios-build/Il2CppOutputProject/IL2CPP/libil2cpp/os/c-api/Thread.cpp
[1009/3420  0s] CopyFiles /Users/tuantu/Desktop/dev/AI/mobile/game_df/ios-build/Il2CppOutputProject/IL2CPP/libil2cpp/os/c-api/Thread-c-api.h
[1010/3420  0s] CopyFiles /Users/tuantu/Desktop/dev/AI/mobile/game_df/ios-build/Il2CppOutputProject/IL2CPP/libil2cpp/os/c-api/Socket.cpp
[1011/3420  0s] CopyFiles /Users/tuantu/Desktop/dev/AI/mobile/game_df/ios-build/Il2CppOutputProject/IL2CPP/libil2cpp/os/c-api/Time-c-api.h
[1012/3420  0s] CopyFiles /Users/tuantu/Desktop/dev/AI/mobile/game_df/ios-build/Il2CppOutputProject/IL2CPP/libil2cpp/os/c-api/Path.cpp
[1013/3420  0s] CopyFiles /Users/tuantu/Desktop/dev/AI/mobile/game_df/ios-build/Il2CppOutputProject/IL2CPP/libil2cpp/os/c-api/Path-c-api.h
[1014/3420  0s] CopyFiles /Users/tuantu/Desktop/dev/AI/mobile/game_df/ios-build/Il2CppOutputProject/IL2CPP/libil2cpp/os/c-api/OSGlobalEnums.h
[1015/3420  0s] CopyFiles /Users/tuantu/Desktop/dev/AI/mobile/game_df/ios-build/Il2CppOutputProject/IL2CPP/libil2cpp/os/c-api/Socket-c-api.h
[1016/3420  0s] CopyFiles /Users/tuantu/Desktop/dev/AI/mobile/game_df/ios-build/Il2CppOutputProject/IL2CPP/libil2cpp/os/c-api/Locale-c-api.h
[1017/3420  0s] CopyFiles /Users/tuantu/Desktop/dev/AI/mobile/game_df/ios-build/Il2CppOutputProject/IL2CPP/libil2cpp/os/c-api/File.cpp
[1018/3420  0s] CopyFiles /Users/tuantu/Desktop/dev/AI/mobile/game_df/ios-build/Il2CppOutputProject/IL2CPP/libil2cpp/os/c-api/il2cpp-config-api-platforms.h
[1019/3420  0s] CopyFiles /Users/tuantu/Desktop/dev/AI/mobile/game_df/ios-build/Il2CppOutputProject/IL2CPP/libil2cpp/os/c-api/Error.cpp
[1020/3420  0s] CopyFiles /Users/tuantu/Desktop/dev/AI/mobile/game_df/ios-build/Il2CppOutputProject/IL2CPP/libil2cpp/os/c-api/Locale.cpp
[1021/3420  0s] CopyFiles /Users/tuantu/Desktop/dev/AI/mobile/game_df/ios-build/Il2CppOutputProject/IL2CPP/libil2cpp/os/c-api/Environment.cpp
[1022/3420  0s] CopyFiles /Users/tuantu/Desktop/dev/AI/mobile/game_df/ios-build/Il2CppOutputProject/IL2CPP/libil2cpp/os/c-api/File-c-api.h
[1023/3420  0s] CopyFiles /Users/tuantu/Desktop/dev/AI/mobile/game_df/ios-build/Il2CppOutputProject/IL2CPP/libil2cpp/os/c-api/il2cpp-config-platforms.h
[1024/3420  0s] CopyFiles /Users/tuantu/Desktop/dev/AI/mobile/game_df/ios-build/Il2CppOutputProject/IL2CPP/libil2cpp/os/c-api/Environment-c-api.h
[1025/3420  0s] CopyFiles /Users/tuantu/Desktop/dev/AI/mobile/game_df/ios-build/Il2CppOutputProject/IL2CPP/libil2cpp/os/c-api/Directory-c-api.h
[1026/3420  0s] CopyFiles /Users/tuantu/Desktop/dev/AI/mobile/game_df/ios-build/Il2CppOutputProject/IL2CPP/libil2cpp/os/c-api/Error-c-api.h
[1027/3420  0s] CopyFiles /Users/tuantu/Desktop/dev/AI/mobile/game_df/ios-build/Il2CppOutputProject/IL2CPP/libil2cpp/os/c-api/Directory.cpp
[1028/3420  0s] CopyFiles /Users/tuantu/Desktop/dev/AI/mobile/game_df/ios-build/Il2CppOutputProject/IL2CPP/libil2cpp/os/c-api/Allocator.h
[1029/3420  0s] CopyFiles /Users/tuantu/Desktop/dev/AI/mobile/game_df/ios-build/Il2CppOutputProject/IL2CPP/libil2cpp/os/BrokeredFileSystem.h
[1030/3420  0s] CopyFiles /Users/tuantu/Desktop/dev/AI/mobile/game_df/ios-build/Il2CppOutputProject/IL2CPP/libil2cpp/os/c-api/Allocator.cpp
[1031/3420  0s] CopyFiles /Users/tuantu/Desktop/dev/AI/mobile/game_df/ios-build/Il2CppOutputProject/IL2CPP/libil2cpp/os/Assert.h
[1032/3420  0s] CopyFiles /Users/tuantu/Desktop/dev/AI/mobile/game_df/ios-build/Il2CppOutputProject/IL2CPP/libil2cpp/os/baselib/FastReaderReaderWriterLockImpl.h
[1033/3420  0s] CopyFiles /Users/tuantu/Desktop/dev/AI/mobile/game_df/ios-build/Il2CppOutputProject/IL2CPP/libil2cpp/os/Atomic.h
[1034/3420  0s] CopyFiles /Users/tuantu/Desktop/dev/AI/mobile/game_df/ios-build/Il2CppOutputProject/IL2CPP/libil2cpp/os/Android/pal_android.h
[1035/3420  0s] CopyFiles /Users/tuantu/Desktop/dev/AI/mobile/game_df/ios-build/Il2CppOutputProject/IL2CPP/libil2cpp/os/Android/StackTrace.cpp
[1036/3420  0s] CopyFiles /Users/tuantu/Desktop/dev/AI/mobile/game_df/ios-build/Il2CppOutputProject/IL2CPP/libil2cpp/os/Android/Locale.cpp
[1037/3420  0s] CopyFiles /Users/tuantu/Desktop/dev/AI/mobile/game_df/ios-build/Il2CppOutputProject/IL2CPP/libil2cpp/os/Android/Initialize.cpp
[1038/3420  0s] CopyFiles /Users/tuantu/Desktop/dev/AI/mobile/game_df/ios-build/Il2CppOutputProject/IL2CPP/libil2cpp/os/Android/ConsoleExtension.cpp
[1039/3420  0s] CopyFiles /Users/tuantu/Desktop/dev/AI/mobile/game_df/ios-build/Il2CppOutputProject/IL2CPP/libil2cpp/mono/ThreadPool/ThreadPoolWorkerThread.h
[1040/3420  0s] CopyFiles /Users/tuantu/Desktop/dev/AI/mobile/game_df/ios-build/Il2CppOutputProject/IL2CPP/libil2cpp/mono/ThreadPool/ThreadPoolMonitorThread.cpp
[1041/3420  0s] CopyFiles /Users/tuantu/Desktop/dev/AI/mobile/game_df/ios-build/Il2CppOutputProject/IL2CPP/libil2cpp/mono/ThreadPool/ThreadPoolMonitorThread.h
[1042/3420  0s] CopyFiles /Users/tuantu/Desktop/dev/AI/mobile/game_df/ios-build/Il2CppOutputProject/IL2CPP/libil2cpp/mono/ThreadPool/ThreadPoolWorkerThread.cpp
[1043/3420  0s] CopyFiles /Users/tuantu/Desktop/dev/AI/mobile/game_df/ios-build/Il2CppOutputProject/IL2CPP/libil2cpp/os/ClassLibraryPAL/brotli/common/dictionary.c
[1044/3420  0s] CopyFiles /Users/tuantu/Desktop/dev/AI/mobile/game_df/ios-build/Il2CppOutputProject/IL2CPP/libil2cpp/mono/ThreadPool/threadpool-ms.h
[1045/3420  0s] CopyFiles /Users/tuantu/Desktop/dev/AI/mobile/game_df/ios-build/Il2CppOutputProject/IL2CPP/libil2cpp/mono/ThreadPool/ThreadPoolDataStructures.h
[1046/3420  0s] CopyFiles /Users/tuantu/Desktop/dev/AI/mobile/game_df/ios-build/Il2CppOutputProject/IL2CPP/libil2cpp/mono/ThreadPool/ThreadPoolMacros.h
[1047/3420  0s] CopyFiles /Users/tuantu/Desktop/dev/AI/mobile/game_df/ios-build/Il2CppOutputProject/IL2CPP/libil2cpp/mono/ThreadPool/threadpool-ms-io.h
[1048/3420  0s] CopyFiles /Users/tuantu/Desktop/dev/AI/mobile/game_df/ios-build/Il2CppOutputProject/IL2CPP/libil2cpp/mono/ThreadPool/threadpool-ms-io-poll.h
[1049/3420  0s] CopyFiles /Users/tuantu/Desktop/dev/AI/mobile/game_df/ios-build/Il2CppOutputProject/IL2CPP/libil2cpp/mono/MonoPosixHelper.h
[1050/3420  0s] CopyFiles /Users/tuantu/Desktop/dev/AI/mobile/game_df/ios-build/Il2CppOutputProject/IL2CPP/libil2cpp/mono/ThreadPool/threadpool-ms-io-poll.cpp
[1051/3420  0s] CopyFiles /Users/tuantu/Desktop/dev/AI/mobile/game_df/ios-build/Il2CppOutputProject/IL2CPP/libil2cpp/metadata/Il2CppTypeHash.cpp
[1052/3420  0s] CopyFiles /Users/tuantu/Desktop/dev/AI/mobile/game_df/ios-build/Il2CppOutputProject/IL2CPP/libil2cpp/mono/ThreadPool/threadpool-ms-io.cpp
[1053/3420  0s] CopyFiles /Users/tuantu/Desktop/dev/AI/mobile/game_df/ios-build/Il2CppOutputProject/IL2CPP/libil2cpp/mono/MonoPosixHelper.cpp
[1054/3420  0s] CopyFiles /Users/tuantu/Desktop/dev/AI/mobile/game_df/ios-build/Il2CppOutputProject/IL2CPP/libil2cpp/metadata/Il2CppTypeHash.h
[1055/3420  0s] CopyFiles /Users/tuantu/Desktop/dev/AI/mobile/game_df/ios-build/Il2CppOutputProject/IL2CPP/libil2cpp/metadata/Il2CppTypeCompare.h
[1056/3420  0s] CopyFiles /Users/tuantu/Desktop/dev/AI/mobile/game_df/ios-build/Il2CppOutputProject/IL2CPP/libil2cpp/metadata/Il2CppSignature.cpp
[1057/3420  0s] CopyFiles /Users/tuantu/Desktop/dev/AI/mobile/game_df/ios-build/Il2CppOutputProject/IL2CPP/libil2cpp/metadata/Il2CppMethodSpecOrGenericMethodHash.h
[1058/3420  0s] CopyFiles /Users/tuantu/Desktop/dev/AI/mobile/game_df/ios-build/Il2CppOutputProject/IL2CPP/libil2cpp/mono/ThreadPool/threadpool-ms.cpp
[1059/3420  0s] CopyFiles /Users/tuantu/Desktop/dev/AI/mobile/game_df/ios-build/Il2CppOutputProject/IL2CPP/libil2cpp/metadata/Il2CppSignature.h
[1060/3420  0s] CopyFiles /Users/tuantu/Desktop/dev/AI/mobile/game_df/ios-build/Il2CppOutputProject/IL2CPP/libil2cpp/metadata/Il2CppMethodSpecOrGenericMethodHash.cpp
[1061/3420  0s] CopyFiles /Users/tuantu/Desktop/dev/AI/mobile/game_df/ios-build/Il2CppOutputProject/IL2CPP/libil2cpp/metadata/Il2CppTypeCompare.cpp
[1062/3420  0s] CopyFiles /Users/tuantu/Desktop/dev/AI/mobile/game_df/ios-build/Il2CppOutputProject/IL2CPP/libil2cpp/mono-structs.h
[1063/3420  0s] CopyFiles /Users/tuantu/Desktop/dev/AI/mobile/game_df/ios-build/Il2CppOutputProject/IL2CPP/libil2cpp/metadata/Il2CppMethodSpecOrGenericMethod.cpp
[1064/3420  0s] CopyFiles /Users/tuantu/Desktop/dev/AI/mobile/game_df/ios-build/Il2CppOutputProject/IL2CPP/libil2cpp/metadata/Il2CppMethodSpecOrGenericMethodCompare.cpp
[1065/3420  0s] CopyFiles /Users/tuantu/Desktop/dev/AI/mobile/game_df/ios-build/Il2CppOutputProject/IL2CPP/libil2cpp/metadata/Il2CppGenericMethodCompare.h
[1066/3420  0s] CopyFiles /Users/tuantu/Desktop/dev/AI/mobile/game_df/ios-build/Il2CppOutputProject/IL2CPP/libil2cpp/metadata/Il2CppGenericMethodHash.cpp
[1067/3420  0s] CopyFiles /Users/tuantu/Desktop/dev/AI/mobile/game_df/ios-build/Il2CppOutputProject/IL2CPP/libil2cpp/metadata/Il2CppMethodSpecOrGenericMethodCompare.h
[1068/3420  0s] CopyFiles /Users/tuantu/Desktop/dev/AI/mobile/game_df/ios-build/Il2CppOutputProject/IL2CPP/libil2cpp/metadata/Il2CppMethodSpecOrGenericMethod.h
[1069/3420  0s] CopyFiles /Users/tuantu/Desktop/dev/AI/mobile/game_df/ios-build/Il2CppOutputProject/IL2CPP/libil2cpp/metadata/Il2CppGenericMethodHash.h
[1070/3420  0s] CopyFiles /Users/tuantu/Desktop/dev/AI/mobile/game_df/ios-build/Il2CppOutputProject/IL2CPP/libil2cpp/metadata/Il2CppGenericInstCompare.cpp
[1071/3420  0s] CopyFiles /Users/tuantu/Desktop/dev/AI/mobile/game_df/ios-build/Il2CppOutputProject/IL2CPP/libil2cpp/metadata/Il2CppGenericMethodCompare.cpp
[1072/3420  0s] CopyFiles /Users/tuantu/Desktop/dev/AI/mobile/game_df/ios-build/Il2CppOutputProject/IL2CPP/libil2cpp/metadata/Il2CppGenericContextCompare.h
[1073/3420  0s] CopyFiles /Users/tuantu/Desktop/dev/AI/mobile/game_df/ios-build/Il2CppOutputProject/IL2CPP/libil2cpp/metadata/Il2CppGenericContextHash.cpp
[1074/3420  0s] CopyFiles /Users/tuantu/Desktop/dev/AI/mobile/game_df/ios-build/Il2CppOutputProject/IL2CPP/libil2cpp/metadata/Il2CppGenericInstHash.h
[1075/3420  0s] CopyFiles /Users/tuantu/Desktop/dev/AI/mobile/game_df/ios-build/Il2CppOutputProject/IL2CPP/libil2cpp/metadata/Il2CppGenericContextHash.h
[1076/3420  0s] CopyFiles /Users/tuantu/Desktop/dev/AI/mobile/game_df/ios-build/Il2CppOutputProject/IL2CPP/libil2cpp/metadata/Il2CppGenericInstHash.cpp
[1077/3420  0s] CopyFiles /Users/tuantu/Desktop/dev/AI/mobile/game_df/ios-build/Il2CppOutputProject/IL2CPP/libil2cpp/metadata/Il2CppGenericClassHash.cpp
[1078/3420  0s] CopyFiles /Users/tuantu/Desktop/dev/AI/mobile/game_df/ios-build/Il2CppOutputProject/IL2CPP/libil2cpp/metadata/Il2CppGenericInstCompare.h
[1079/3420  0s] CopyFiles /Users/tuantu/Desktop/dev/AI/mobile/game_df/ios-build/Il2CppOutputProject/IL2CPP/libil2cpp/metadata/Il2CppGenericContextCompare.cpp
[1080/3420  0s] CopyFiles /Users/tuantu/Desktop/dev/AI/mobile/game_df/ios-build/Il2CppOutputProject/IL2CPP/libil2cpp/metadata/GenericSharing.h
[1081/3420  0s] CopyFiles /Users/tuantu/Desktop/dev/AI/mobile/game_df/ios-build/Il2CppOutputProject/IL2CPP/libil2cpp/metadata/Il2CppGenericClassCompare.h
[1082/3420  0s] CopyFiles /Users/tuantu/Desktop/dev/AI/mobile/game_df/ios-build/Il2CppOutputProject/IL2CPP/libil2cpp/metadata/Il2CppGenericClassHash.h
[1083/3420  0s] CopyFiles /Users/tuantu/Desktop/dev/AI/mobile/game_df/ios-build/Il2CppOutputProject/IL2CPP/libil2cpp/metadata/Il2CppGenericClassCompare.cpp
[1084/3420  0s] CopyFiles /Users/tuantu/Desktop/dev/AI/mobile/game_df/ios-build/Il2CppOutputProject/IL2CPP/libil2cpp/metadata/GenericSharing.cpp
[1085/3420  0s] CopyFiles /Users/tuantu/Desktop/dev/AI/mobile/game_df/ios-build/Il2CppOutputProject/IL2CPP/libil2cpp/metadata/GenericMetadata.h
[1086/3420  0s] CopyFiles /Users/tuantu/Desktop/dev/AI/mobile/game_df/ios-build/Il2CppOutputProject/IL2CPP/libil2cpp/metadata/CustomAttributeDataReader.h
[1087/3420  0s] CopyFiles /Users/tuantu/Desktop/dev/AI/mobile/game_df/ios-build/Il2CppOutputProject/IL2CPP/libil2cpp/metadata/FieldLayout.cpp
[1088/3420  0s] CopyFiles /Users/tuantu/Desktop/dev/AI/mobile/game_df/ios-build/Il2CppOutputProject/IL2CPP/libil2cpp/metadata/FieldLayout.h
[1089/3420  0s] CopyFiles /Users/tuantu/Desktop/dev/AI/mobile/game_df/ios-build/Il2CppOutputProject/IL2CPP/libil2cpp/metadata/CustomAttributeCreator.h
[1090/3420  0s] CopyFiles /Users/tuantu/Desktop/dev/AI/mobile/game_df/ios-build/Il2CppOutputProject/IL2CPP/libil2cpp/metadata/CustomAttributeDataReader.cpp
[1091/3420  0s] CopyFiles /Users/tuantu/Desktop/dev/AI/mobile/game_df/ios-build/Il2CppOutputProject/IL2CPP/libil2cpp/libil2cpp.mono-net8.icalls
[1092/3420  0s] CopyFiles /Users/tuantu/Desktop/dev/AI/mobile/game_df/ios-build/Il2CppOutputProject/IL2CPP/libil2cpp/libil2cpp.icalls
[1093/3420  0s] CopyFiles /Users/tuantu/Desktop/dev/AI/mobile/game_df/ios-build/Il2CppOutputProject/IL2CPP/libil2cpp/metadata/GenericMethod.h
[1094/3420  0s] CopyFiles /Users/tuantu/Desktop/dev/AI/mobile/game_df/ios-build/Il2CppOutputProject/IL2CPP/libil2cpp/metadata/CustomAttributeCreator.cpp
[1095/3420  0s] CopyFiles /Users/tuantu/Desktop/dev/AI/mobile/game_df/ios-build/Il2CppOutputProject/IL2CPP/libil2cpp/metadata/ArrayMetadata.h
[1096/3420  0s] CopyFiles /Users/tuantu/Desktop/dev/AI/mobile/game_df/ios-build/Il2CppOutputProject/IL2CPP/libil2cpp/metadata/GenericMethod.cpp
[1097/3420  0s] CopyFiles /Users/tuantu/Desktop/dev/AI/mobile/game_df/ios-build/Il2CppOutputProject/IL2CPP/libil2cpp/intrinsics/UnityEngine.CoreModule/UnityEngine/Mathf.h
[1098/3420  0s] CopyFiles /Users/tuantu/Desktop/dev/AI/mobile/game_df/ios-build/Il2CppOutputProject/IL2CPP/libil2cpp/intrinsics/UnityEngine.CoreModule/Unity/Collections/LowLevel/Unsafe/UnsafeUtility.h
[1099/3420  0s] CopyFiles /Users/tuantu/Desktop/dev/AI/mobile/game_df/ios-build/Il2CppOutputProject/IL2CPP/libil2cpp/intrinsics/UnityEngine.CoreModule/Unity/Collections/NativeArray_1.h
[1100/3420  0s] CopyFiles /Users/tuantu/Desktop/dev/AI/mobile/game_df/ios-build/Il2CppOutputProject/IL2CPP/libil2cpp/intrinsics/System.Private.CoreLib/System/Type.cpp
[1101/3420  0s] CopyFiles /Users/tuantu/Desktop/dev/AI/mobile/game_df/ios-build/Il2CppOutputProject/IL2CPP/libil2cpp/metadata/GenericMetadata.cpp
[1102/3420  0s] CopyFiles /Users/tuantu/Desktop/dev/AI/mobile/game_df/ios-build/Il2CppOutputProject/IL2CPP/libil2cpp/metadata/ArrayMetadata.cpp
[1103/3420  0s] CopyFiles /Users/tuantu/Desktop/dev/AI/mobile/game_df/ios-build/Il2CppOutputProject/IL2CPP/libil2cpp/intrinsics/System.Private.CoreLib/System/Threading/ObjectHeader.h
[1104/3420  0s] CopyFiles /Users/tuantu/Desktop/dev/AI/mobile/game_df/ios-build/Il2CppOutputProject/IL2CPP/libil2cpp/intrinsics/System.Private.CoreLib/System/Threading/Thread.h
[1105/3420  0s] CopyFiles /Users/tuantu/Desktop/dev/AI/mobile/game_df/ios-build/Il2CppOutputProject/IL2CPP/libil2cpp/intrinsics/System.Private.CoreLib/System/Threading/Thread.cpp
[1106/3420  0s] CopyFiles /Users/tuantu/Desktop/dev/AI/mobile/game_df/ios-build/Il2CppOutputProject/IL2CPP/libil2cpp/intrinsics/System.Private.CoreLib/System/Threading/ObjectHeader.cpp
[1107/3420  0s] CopyFiles /Users/tuantu/Desktop/dev/AI/mobile/game_df/ios-build/Il2CppOutputProject/IL2CPP/libil2cpp/intrinsics/System.Private.CoreLib/System/Threading/Interlocked.h
[1108/3420  0s] CopyFiles /Users/tuantu/Desktop/dev/AI/mobile/game_df/ios-build/Il2CppOutputProject/IL2CPP/libil2cpp/intrinsics/System.Private.CoreLib/System/Type.h
[1109/3420  0s] CopyFiles /Users/tuantu/Desktop/dev/AI/mobile/game_df/ios-build/Il2CppOutputProject/IL2CPP/libil2cpp/intrinsics/System.Private.CoreLib/System/Threading/Volatile.h
[1110/3420  0s] CopyFiles /Users/tuantu/Desktop/dev/AI/mobile/game_df/ios-build/Il2CppOutputProject/IL2CPP/libil2cpp/intrinsics/System.Private.CoreLib/System/Threading/Interlocked.cpp
[1111/3420  0s] CopyFiles /Users/tuantu/Desktop/dev/AI/mobile/game_df/ios-build/Il2CppOutputProject/IL2CPP/libil2cpp/intrinsics/System.Private.CoreLib/System/Span_1.h
[1112/3420  0s] CopyFiles /Users/tuantu/Desktop/dev/AI/mobile/game_df/ios-build/Il2CppOutputProject/IL2CPP/libil2cpp/intrinsics/System.Private.CoreLib/System/Runtime/RuntimeImports.h
[1113/3420  0s] CopyFiles /Users/tuantu/Desktop/dev/AI/mobile/game_df/ios-build/Il2CppOutputProject/IL2CPP/libil2cpp/intrinsics/System.Private.CoreLib/System/Runtime/Intrinsics/X86/Sse42.h
[1114/3420  0s] CopyFiles /Users/tuantu/Desktop/dev/AI/mobile/game_df/ios-build/Il2CppOutputProject/IL2CPP/libil2cpp/intrinsics/System.Private.CoreLib/System/Runtime/Intrinsics/X86/X86Serialize.h
[1115/3420  0s] CopyFiles /Users/tuantu/Desktop/dev/AI/mobile/game_df/ios-build/Il2CppOutputProject/IL2CPP/libil2cpp/intrinsics/System.Private.CoreLib/System/Runtime/Intrinsics/X86/X86Serialize/X64.h
[1116/3420  0s] CopyFiles /Users/tuantu/Desktop/dev/AI/mobile/game_df/ios-build/Il2CppOutputProject/IL2CPP/libil2cpp/intrinsics/System.Private.CoreLib/System/Runtime/Intrinsics/X86/X86Base/X64.h
[1117/3420  0s] CopyFiles /Users/tuantu/Desktop/dev/AI/mobile/game_df/ios-build/Il2CppOutputProject/IL2CPP/libil2cpp/intrinsics/System.Private.CoreLib/System/Runtime/Intrinsics/X86/Ssse3/X64.h
[1118/3420  0s] CopyFiles /Users/tuantu/Desktop/dev/AI/mobile/game_df/ios-build/Il2CppOutputProject/IL2CPP/libil2cpp/intrinsics/System.Private.CoreLib/System/Runtime/Intrinsics/X86/Sse42/X64.h
[1119/3420  0s] CopyFiles /Users/tuantu/Desktop/dev/AI/mobile/game_df/ios-build/Il2CppOutputProject/IL2CPP/libil2cpp/intrinsics/System.Private.CoreLib/System/Runtime/Intrinsics/X86/Sse3/X64.h
[1120/3420  0s] CopyFiles /Users/tuantu/Desktop/dev/AI/mobile/game_df/ios-build/Il2CppOutputProject/IL2CPP/libil2cpp/intrinsics/System.Private.CoreLib/System/Runtime/Intrinsics/X86/Sse41/X64.h
[1121/3420  0s] CopyFiles /Users/tuantu/Desktop/dev/AI/mobile/game_df/ios-build/Il2CppOutputProject/IL2CPP/libil2cpp/intrinsics/System.Private.CoreLib/System/Runtime/Intrinsics/X86/X86Base.h
[1122/3420  0s] CopyFiles /Users/tuantu/Desktop/dev/AI/mobile/game_df/ios-build/Il2CppOutputProject/IL2CPP/libil2cpp/intrinsics/System.Private.CoreLib/System/Runtime/Intrinsics/X86/Sse3.h
[1123/3420  0s] CopyFiles /Users/tuantu/Desktop/dev/AI/mobile/game_df/ios-build/Il2CppOutputProject/IL2CPP/libil2cpp/intrinsics/System.Private.CoreLib/System/Runtime/Intrinsics/X86/Sse/X64.h
[1124/3420  0s] CopyFiles /Users/tuantu/Desktop/dev/AI/mobile/game_df/ios-build/Il2CppOutputProject/IL2CPP/libil2cpp/intrinsics/System.Private.CoreLib/System/Runtime/Intrinsics/X86/Popcnt.h
[1125/3420  0s] CopyFiles /Users/tuantu/Desktop/dev/AI/mobile/game_df/ios-build/Il2CppOutputProject/IL2CPP/libil2cpp/intrinsics/System.Private.CoreLib/System/Runtime/Intrinsics/X86/Popcnt/X64.h
[1126/3420  0s] CopyFiles /Users/tuantu/Desktop/dev/AI/mobile/game_df/ios-build/Il2CppOutputProject/IL2CPP/libil2cpp/intrinsics/System.Private.CoreLib/System/Runtime/Intrinsics/X86/Sse2/X64.h
[1127/3420  0s] CopyFiles /Users/tuantu/Desktop/dev/AI/mobile/game_df/ios-build/Il2CppOutputProject/IL2CPP/libil2cpp/intrinsics/System.Private.CoreLib/System/Runtime/Intrinsics/X86/Lzcnt/X64.h
[1128/3420  0s] CopyFiles /Users/tuantu/Desktop/dev/AI/mobile/game_df/ios-build/Il2CppOutputProject/IL2CPP/libil2cpp/intrinsics/System.Private.CoreLib/System/Runtime/Intrinsics/X86/Pclmulqdq/X64.h
[1129/3420  0s] CopyFiles /Users/tuantu/Desktop/dev/AI/mobile/game_df/ios-build/Il2CppOutputProject/IL2CPP/libil2cpp/intrinsics/System.Private.CoreLib/System/Runtime/Intrinsics/X86/Lzcnt.h
[1130/3420  0s] CopyFiles /Users/tuantu/Desktop/dev/AI/mobile/game_df/ios-build/Il2CppOutputProject/IL2CPP/libil2cpp/intrinsics/System.Private.CoreLib/System/Runtime/Intrinsics/X86/Fma/X64.h
[1131/3420  0s] CopyFiles /Users/tuantu/Desktop/dev/AI/mobile/game_df/ios-build/Il2CppOutputProject/IL2CPP/libil2cpp/intrinsics/System.Private.CoreLib/System/Runtime/Intrinsics/X86/Bmi2/X64.h
[1132/3420  0s] CopyFiles /Users/tuantu/Desktop/dev/AI/mobile/game_df/ios-build/Il2CppOutputProject/IL2CPP/libil2cpp/intrinsics/System.Private.CoreLib/System/Runtime/Intrinsics/X86/Bmi2.h
[1133/3420  0s] CopyFiles /Users/tuantu/Desktop/dev/AI/mobile/game_df/ios-build/Il2CppOutputProject/IL2CPP/libil2cpp/intrinsics/System.Private.CoreLib/System/Runtime/Intrinsics/X86/Bmi1/X64.h
[1134/3420  0s] CopyFiles /Users/tuantu/Desktop/dev/AI/mobile/game_df/ios-build/Il2CppOutputProject/IL2CPP/libil2cpp/intrinsics/System.Private.CoreLib/System/Runtime/Intrinsics/X86/AvxVnni/X64.h
[1135/3420  0s] CopyFiles /Users/tuantu/Desktop/dev/AI/mobile/game_df/ios-build/Il2CppOutputProject/IL2CPP/libil2cpp/intrinsics/System.Private.CoreLib/System/Runtime/Intrinsics/X86/AvxVnni.h
[1136/3420  0s] CopyFiles /Users/tuantu/Desktop/dev/AI/mobile/game_df/ios-build/Il2CppOutputProject/IL2CPP/libil2cpp/intrinsics/System.Private.CoreLib/System/Runtime/Intrinsics/X86/Fma.h
[1137/3420  0s] CopyFiles /Users/tuantu/Desktop/dev/AI/mobile/game_df/ios-build/Il2CppOutputProject/IL2CPP/libil2cpp/intrinsics/System.Private.CoreLib/System/Runtime/Intrinsics/X86/Avx512Vbmi/X64.h
[1138/3420  0s] CopyFiles /Users/tuantu/Desktop/dev/AI/mobile/game_df/ios-build/Il2CppOutputProject/IL2CPP/libil2cpp/intrinsics/System.Private.CoreLib/System/Runtime/Intrinsics/X86/Avx512Vbmi/VL.h
[1139/3420  0s] CopyFiles /Users/tuantu/Desktop/dev/AI/mobile/game_df/ios-build/Il2CppOutputProject/IL2CPP/libil2cpp/intrinsics/System.Private.CoreLib/System/Runtime/Intrinsics/X86/Bmi1.h
[1140/3420  0s] CopyFiles /Users/tuantu/Desktop/dev/AI/mobile/game_df/ios-build/Il2CppOutputProject/IL2CPP/libil2cpp/intrinsics/System.Private.CoreLib/System/Runtime/Intrinsics/X86/Avx512Vbmi.h
[1141/3420  0s] CopyFiles /Users/tuantu/Desktop/dev/AI/mobile/game_df/ios-build/Il2CppOutputProject/IL2CPP/libil2cpp/intrinsics/System.Private.CoreLib/System/Runtime/Intrinsics/X86/Avx512F/VL.h
[1142/3420  0s] CopyFiles /Users/tuantu/Desktop/dev/AI/mobile/game_df/ios-build/Il2CppOutputProject/IL2CPP/libil2cpp/intrinsics/System.Private.CoreLib/System/Runtime/Intrinsics/X86/Avx512F.h
[1143/3420  0s] CopyFiles /Users/tuantu/Desktop/dev/AI/mobile/game_df/ios-build/Il2CppOutputProject/IL2CPP/libil2cpp/intrinsics/System.Private.CoreLib/System/Runtime/Intrinsics/X86/Avx512F/X64.h
[1144/3420  0s] CopyFiles /Users/tuantu/Desktop/dev/AI/mobile/game_df/ios-build/Il2CppOutputProject/IL2CPP/libil2cpp/intrinsics/System.Private.CoreLib/System/Runtime/Intrinsics/X86/Sse.h
[1145/3420  0s] CopyFiles /Users/tuantu/Desktop/dev/AI/mobile/game_df/ios-build/Il2CppOutputProject/IL2CPP/libil2cpp/intrinsics/System.Private.CoreLib/System/Runtime/Intrinsics/X86/Avx512DQ/VL.h
[1146/3420  0s] CopyFiles /Users/tuantu/Desktop/dev/AI/mobile/game_df/ios-build/Il2CppOutputProject/IL2CPP/libil2cpp/intrinsics/System.Private.CoreLib/System/Runtime/Intrinsics/X86/Avx512DQ/X64.h
[1147/3420  0s] CopyFiles /Users/tuantu/Desktop/dev/AI/mobile/game_df/ios-build/Il2CppOutputProject/IL2CPP/libil2cpp/intrinsics/System.Private.CoreLib/System/Runtime/Intrinsics/X86/Avx512CD/X64.h
[1148/3420  0s] CopyFiles /Users/tuantu/Desktop/dev/AI/mobile/game_df/ios-build/Il2CppOutputProject/IL2CPP/libil2cpp/intrinsics/System.Private.CoreLib/System/Runtime/Intrinsics/X86/Avx512DQ.h
[1149/3420  0s] CopyFiles /Users/tuantu/Desktop/dev/AI/mobile/game_df/ios-build/Il2CppOutputProject/IL2CPP/libil2cpp/intrinsics/System.Private.CoreLib/System/Runtime/Intrinsics/X86/Pclmulqdq.h
[1150/3420  0s] CopyFiles /Users/tuantu/Desktop/dev/AI/mobile/game_df/ios-build/Il2CppOutputProject/IL2CPP/libil2cpp/intrinsics/System.Private.CoreLib/System/Runtime/Intrinsics/X86/Sse41.h
[1151/3420  0s] CopyFiles /Users/tuantu/Desktop/dev/AI/mobile/game_df/ios-build/Il2CppOutputProject/IL2CPP/libil2cpp/intrinsics/System.Private.CoreLib/System/Runtime/Intrinsics/X86/Avx512CD/VL.h
[1152/3420  0s] CopyFiles /Users/tuantu/Desktop/dev/AI/mobile/game_df/ios-build/Il2CppOutputProject/IL2CPP/libil2cpp/intrinsics/System.Private.CoreLib/System/Runtime/Intrinsics/X86/Avx512CD.h
[1153/3420  0s] CopyFiles /Users/tuantu/Desktop/dev/AI/mobile/game_df/ios-build/Il2CppOutputProject/IL2CPP/libil2cpp/intrinsics/System.Private.CoreLib/System/Runtime/Intrinsics/X86/Ssse3.h
[1154/3420  0s] CopyFiles /Users/tuantu/Desktop/dev/AI/mobile/game_df/ios-build/Il2CppOutputProject/IL2CPP/libil2cpp/intrinsics/System.Private.CoreLib/System/Runtime/Intrinsics/X86/Avx512BW/X64.h
[1155/3420  0s] CopyFiles /Users/tuantu/Desktop/dev/AI/mobile/game_df/ios-build/Il2CppOutputProject/IL2CPP/libil2cpp/intrinsics/System.Private.CoreLib/System/Runtime/Intrinsics/X86/Avx512BW.h
[1156/3420  0s] CopyFiles /Users/tuantu/Desktop/dev/AI/mobile/game_df/ios-build/Il2CppOutputProject/IL2CPP/libil2cpp/intrinsics/System.Private.CoreLib/System/Runtime/Intrinsics/X86/Avx512BW/VL.h
[1157/3420  0s] CopyFiles /Users/tuantu/Desktop/dev/AI/mobile/game_df/ios-build/Il2CppOutputProject/IL2CPP/libil2cpp/intrinsics/System.Private.CoreLib/System/Runtime/Intrinsics/X86/Avx/X64.h
[1158/3420  0s] CopyFiles /Users/tuantu/Desktop/dev/AI/mobile/game_df/ios-build/Il2CppOutputProject/IL2CPP/libil2cpp/intrinsics/System.Private.CoreLib/System/Runtime/Intrinsics/X86/Avx2/X64.h
[1159/3420  0s] CopyFiles /Users/tuantu/Desktop/dev/AI/mobile/game_df/ios-build/Il2CppOutputProject/IL2CPP/libil2cpp/intrinsics/System.Private.CoreLib/System/Runtime/Intrinsics/Wasm/PackedSimd.h
[1160/3420  0s] CopyFiles /Users/tuantu/Desktop/dev/AI/mobile/game_df/ios-build/Il2CppOutputProject/IL2CPP/libil2cpp/intrinsics/System.Private.CoreLib/System/Runtime/Intrinsics/Wasm/WasmBase.h
[1161/3420  0s] CopyFiles /Users/tuantu/Desktop/dev/AI/mobile/game_df/ios-build/Il2CppOutputProject/IL2CPP/libil2cpp/intrinsics/System.Private.CoreLib/System/Runtime/Intrinsics/X86/Aes/X64.h
[1162/3420  0s] CopyFiles /Users/tuantu/Desktop/dev/AI/mobile/game_df/ios-build/Il2CppOutputProject/IL2CPP/libil2cpp/intrinsics/System.Private.CoreLib/System/Runtime/Intrinsics/Vector64.h
[1163/3420  0s] CopyFiles /Users/tuantu/Desktop/dev/AI/mobile/game_df/ios-build/Il2CppOutputProject/IL2CPP/libil2cpp/intrinsics/System.Private.CoreLib/System/Runtime/Intrinsics/Vector512_1.h
[1164/3420  0s] CopyFiles /Users/tuantu/Desktop/dev/AI/mobile/game_df/ios-build/Il2CppOutputProject/IL2CPP/libil2cpp/intrinsics/System.Private.CoreLib/System/Runtime/Intrinsics/Vector64_1.h
[1165/3420  0s] CopyFiles /Users/tuantu/Desktop/dev/AI/mobile/game_df/ios-build/Il2CppOutputProject/IL2CPP/libil2cpp/intrinsics/System.Private.CoreLib/System/Runtime/Intrinsics/Vector512.h
[1166/3420  0s] CopyFiles /Users/tuantu/Desktop/dev/AI/mobile/game_df/ios-build/Il2CppOutputProject/IL2CPP/libil2cpp/intrinsics/System.Private.CoreLib/System/Runtime/Intrinsics/X86/Aes.h
[1167/3420  0s] CopyFiles /Users/tuantu/Desktop/dev/AI/mobile/game_df/ios-build/Il2CppOutputProject/IL2CPP/libil2cpp/intrinsics/System.Private.CoreLib/System/Runtime/Intrinsics/X86/Sse2.h
[1168/3420  0s] CopyFiles /Users/tuantu/Desktop/dev/AI/mobile/game_df/ios-build/Il2CppOutputProject/IL2CPP/libil2cpp/intrinsics/System.Private.CoreLib/System/Runtime/Intrinsics/Vector256.h
[1169/3420  0s] CopyFiles /Users/tuantu/Desktop/dev/AI/mobile/game_df/ios-build/Il2CppOutputProject/IL2CPP/libil2cpp/intrinsics/System.Private.CoreLib/System/Runtime/Intrinsics/Vector256_1.h
[1170/3420  0s] CopyFiles /Users/tuantu/Desktop/dev/AI/mobile/game_df/ios-build/Il2CppOutputProject/IL2CPP/libil2cpp/intrinsics/System.Private.CoreLib/System/Runtime/Intrinsics/Arm/Sha256.h
[1171/3420  0s] CopyFiles /Users/tuantu/Desktop/dev/AI/mobile/game_df/ios-build/Il2CppOutputProject/IL2CPP/libil2cpp/intrinsics/System.Private.CoreLib/System/Runtime/Intrinsics/Vector128.h
[1172/3420  0s] CopyFiles /Users/tuantu/Desktop/dev/AI/mobile/game_df/ios-build/Il2CppOutputProject/IL2CPP/libil2cpp/intrinsics/System.Private.CoreLib/System/Runtime/Intrinsics/Vector128_1.h
[1173/3420  0s] CopyFiles /Users/tuantu/Desktop/dev/AI/mobile/game_df/ios-build/Il2CppOutputProject/IL2CPP/libil2cpp/intrinsics/System.Private.CoreLib/System/Runtime/Intrinsics/Arm/Sha256/Arm64.h
[1174/3420  0s] CopyFiles /Users/tuantu/Desktop/dev/AI/mobile/game_df/ios-build/Il2CppOutputProject/IL2CPP/libil2cpp/intrinsics/System.Private.CoreLib/System/Runtime/Intrinsics/Arm/Rdm/Arm64.h
[1175/3420  0s] CopyFiles /Users/tuantu/Desktop/dev/AI/mobile/game_df/ios-build/Il2CppOutputProject/IL2CPP/libil2cpp/intrinsics/System.Private.CoreLib/System/Runtime/Intrinsics/Arm/Dp.h
[1176/3420  0s] CopyFiles /Users/tuantu/Desktop/dev/AI/mobile/game_df/ios-build/Il2CppOutputProject/IL2CPP/libil2cpp/intrinsics/System.Private.CoreLib/System/Runtime/Intrinsics/Arm/Crc32/Arm64.h
[1177/3420  0s] CopyFiles /Users/tuantu/Desktop/dev/AI/mobile/game_df/ios-build/Il2CppOutputProject/IL2CPP/libil2cpp/intrinsics/System.Private.CoreLib/System/Runtime/Intrinsics/Arm/Rdm.h
[1178/3420  0s] CopyFiles /Users/tuantu/Desktop/dev/AI/mobile/game_df/ios-build/Il2CppOutputProject/IL2CPP/libil2cpp/intrinsics/System.Private.CoreLib/System/Runtime/Intrinsics/Arm/ArmBase.h
[1179/3420  0s] CopyFiles /Users/tuantu/Desktop/dev/AI/mobile/game_df/ios-build/Il2CppOutputProject/IL2CPP/libil2cpp/intrinsics/System.Private.CoreLib/System/Runtime/Intrinsics/Arm/Sha1.h
[1180/3420  0s] CopyFiles /Users/tuantu/Desktop/dev/AI/mobile/game_df/ios-build/Il2CppOutputProject/IL2CPP/libil2cpp/intrinsics/System.Private.CoreLib/System/Runtime/Intrinsics/Arm/Sha1/Arm64.h
[1181/3420  0s] CopyFiles /Users/tuantu/Desktop/dev/AI/mobile/game_df/ios-build/Il2CppOutputProject/IL2CPP/libil2cpp/intrinsics/System.Private.CoreLib/System/Runtime/Intrinsics/Arm/Dp/Arm64.h
[1182/3420  0s] CopyFiles /Users/tuantu/Desktop/dev/AI/mobile/game_df/ios-build/Il2CppOutputProject/IL2CPP/libil2cpp/intrinsics/System.Private.CoreLib/System/Runtime/Intrinsics/Arm/Crc32.h
[1183/3420  0s] CopyFiles /Users/tuantu/Desktop/dev/AI/mobile/game_df/ios-build/Il2CppOutputProject/IL2CPP/libil2cpp/intrinsics/System.Private.CoreLib/System/Runtime/Intrinsics/Arm/ArmBase/Arm64.h
[1184/3420  0s] CopyFiles /Users/tuantu/Desktop/dev/AI/mobile/game_df/ios-build/Il2CppOutputProject/IL2CPP/libil2cpp/intrinsics/System.Private.CoreLib/System/Runtime/Intrinsics/Arm/Aes/Arm64.h
[1185/3420  0s] CopyFiles /Users/tuantu/Desktop/dev/AI/mobile/game_df/ios-build/Il2CppOutputProject/IL2CPP/libil2cpp/intrinsics/System.Private.CoreLib/System/Runtime/InteropServices/Marshal.cpp
[1186/3420  0s] CopyFiles /Users/tuantu/Desktop/dev/AI/mobile/game_df/ios-build/Il2CppOutputProject/IL2CPP/libil2cpp/intrinsics/System.Private.CoreLib/System/Runtime/InteropServices/Marshal.h
[1187/3420  0s] CopyFiles /Users/tuantu/Desktop/dev/AI/mobile/game_df/ios-build/Il2CppOutputProject/IL2CPP/libil2cpp/intrinsics/System.Private.CoreLib/System/Runtime/CompilerServices/RuntimeHelpers_icalls.h
[1188/3420  0s] CopyFiles /Users/tuantu/Desktop/dev/AI/mobile/game_df/ios-build/Il2CppOutputProject/IL2CPP/libil2cpp/intrinsics/System.Private.CoreLib/System/Runtime/CompilerServices/RuntimeHelpers_icalls.cpp
[1189/3420  0s] CopyFiles /Users/tuantu/Desktop/dev/AI/mobile/game_df/ios-build/Il2CppOutputProject/IL2CPP/libil2cpp/intrinsics/System.Private.CoreLib/System/Runtime/Intrinsics/Arm/Aes.h
[1190/3420  0s] CopyFiles /Users/tuantu/Desktop/dev/AI/mobile/game_df/ios-build/Il2CppOutputProject/IL2CPP/libil2cpp/intrinsics/System.Private.CoreLib/System/Runtime/CompilerServices/RuntimeHelpers.h
[1191/3420  0s] CopyFiles /Users/tuantu/Desktop/dev/AI/mobile/game_df/ios-build/Il2CppOutputProject/IL2CPP/libil2cpp/intrinsics/System.Private.CoreLib/System/Runtime/CompilerServices/Unsafe.h
[1192/3420  0s] CopyFiles /Users/tuantu/Desktop/dev/AI/mobile/game_df/ios-build/Il2CppOutputProject/IL2CPP/libil2cpp/intrinsics/System.Private.CoreLib/System/Runtime/CompilerServices/RuntimeFeature.h
[1193/3420  0s] CopyFiles /Users/tuantu/Desktop/dev/AI/mobile/game_df/ios-build/Il2CppOutputProject/IL2CPP/libil2cpp/intrinsics/System.Private.CoreLib/System/Runtime/CompilerServices/JitHelpersVariations.h
[1194/3420  0s] CopyFiles /Users/tuantu/Desktop/dev/AI/mobile/game_df/ios-build/Il2CppOutputProject/IL2CPP/libil2cpp/intrinsics/System.Private.CoreLib/System/Runtime/CompilerServices/JitHelpers.h
[1195/3420  0s] CopyFiles /Users/tuantu/Desktop/dev/AI/mobile/game_df/ios-build/Il2CppOutputProject/IL2CPP/libil2cpp/intrinsics/System.Private.CoreLib/System/Reflection/MethodBase.h
[1196/3420  0s] CopyFiles /Users/tuantu/Desktop/dev/AI/mobile/game_df/ios-build/Il2CppOutputProject/IL2CPP/libil2cpp/intrinsics/System.Private.CoreLib/System/Reflection/Assembly.cpp
[1197/3420  0s] CopyFiles /Users/tuantu/Desktop/dev/AI/mobile/game_df/ios-build/Il2CppOutputProject/IL2CPP/libil2cpp/intrinsics/System.Private.CoreLib/System/Reflection/Assembly.h
[1198/3420  0s] CopyFiles /Users/tuantu/Desktop/dev/AI/mobile/game_df/ios-build/Il2CppOutputProject/IL2CPP/libil2cpp/intrinsics/System.Private.CoreLib/System/ReadOnlySpan_1.h
[1199/3420  0s] CopyFiles /Users/tuantu/Desktop/dev/AI/mobile/game_df/ios-build/Il2CppOutputProject/IL2CPP/libil2cpp/intrinsics/System.Private.CoreLib/System/Object.h
[1200/3420  0s] CopyFiles /Users/tuantu/Desktop/dev/AI/mobile/game_df/ios-build/Il2CppOutputProject/IL2CPP/libil2cpp/intrinsics/System.Private.CoreLib/System/Math.h
[1201/3420  0s] CopyFiles /Users/tuantu/Desktop/dev/AI/mobile/game_df/ios-build/Il2CppOutputProject/IL2CPP/libil2cpp/intrinsics/System.Private.CoreLib/System/Runtime/Intrinsics/X86/Avx.h
[1202/3420  0s] CopyFiles /Users/tuantu/Desktop/dev/AI/mobile/game_df/ios-build/Il2CppOutputProject/IL2CPP/libil2cpp/intrinsics/System.Private.CoreLib/System/Diagnostics/Tracing/EventSource.h
[1203/3420  0s] CopyFiles /Users/tuantu/Desktop/dev/AI/mobile/game_df/ios-build/Il2CppOutputProject/IL2CPP/libil2cpp/intrinsics/System.Private.CoreLib/System/Numerics/Vector.h
[1204/3420  0s] CopyFiles /Users/tuantu/Desktop/dev/AI/mobile/game_df/ios-build/Il2CppOutputProject/IL2CPP/libil2cpp/intrinsics/System.Private.CoreLib/System/Diagnostics/Debugger.h
[1205/3420  0s] CopyFiles /Users/tuantu/Desktop/dev/AI/mobile/game_df/ios-build/Il2CppOutputProject/IL2CPP/libil2cpp/intrinsics/System.Private.CoreLib/System/Array.h
[1206/3420  0s] CopyFiles /Users/tuantu/Desktop/dev/AI/mobile/game_df/ios-build/Il2CppOutputProject/IL2CPP/libil2cpp/intrinsics/System.Private.CoreLib/System/ArrayVariations.h
[1207/3420  0s] CopyFiles /Users/tuantu/Desktop/dev/AI/mobile/game_df/ios-build/Il2CppOutputProject/IL2CPP/libil2cpp/intrinsics/System.Private.CoreLib/System/Object.cpp
[1208/3420  0s] CopyFiles /Users/tuantu/Desktop/dev/AI/mobile/game_df/ios-build/Il2CppOutputProject/IL2CPP/libil2cpp/intrinsics/System.Private.CoreLib/System/MathF.h
[1209/3420  0s] CopyFiles /Users/tuantu/Desktop/dev/AI/mobile/game_df/ios-build/Il2CppOutputProject/IL2CPP/libil2cpp/intrinsics/System.Private.CoreLib/Interop/Sys.h
[1210/3420  0s] CopyFiles /Users/tuantu/Desktop/dev/AI/mobile/game_df/ios-build/Il2CppOutputProject/IL2CPP/libil2cpp/intrinsics/System.Private.CoreLib/Interop/Sys.cpp
[1211/3420  0s] CopyFiles /Users/tuantu/Desktop/dev/AI/mobile/game_df/ios-build/Il2CppOutputProject/IL2CPP/libil2cpp/intrinsics/System.Private.CoreLib/Interop/Kernel32.cpp
[1212/3420  0s] CopyFiles /Users/tuantu/Desktop/dev/AI/mobile/game_df/ios-build/Il2CppOutputProject/IL2CPP/libil2cpp/intrinsics/System.Private.CoreLib/Interop/Kernel32.h
[1213/3420  0s] CopyFiles /Users/tuantu/Desktop/dev/AI/mobile/game_df/ios-build/Il2CppOutputProject/IL2CPP/libil2cpp/il2cpp-windowsruntime-types.h
[1214/3420  0s] CopyFiles /Users/tuantu/Desktop/dev/AI/mobile/game_df/ios-build/Il2CppOutputProject/IL2CPP/libil2cpp/intrinsics/IntrinsicsUtility.h
[1215/3420  0s] CopyFiles /Users/tuantu/Desktop/dev/AI/mobile/game_df/ios-build/Il2CppOutputProject/IL2CPP/libil2cpp/il2cpp-string-types.h
[1216/3420  0s] CopyFiles /Users/tuantu/Desktop/dev/AI/mobile/game_df/ios-build/Il2CppOutputProject/IL2CPP/libil2cpp/il2cpp-tabledefs.h
[1217/3420  0s] CopyFiles /Users/tuantu/Desktop/dev/AI/mobile/game_df/ios-build/Il2CppOutputProject/IL2CPP/libil2cpp/il2cpp-sanitizers.h
[1218/3420  0s] CopyFiles /Users/tuantu/Desktop/dev/AI/mobile/game_df/ios-build/Il2CppOutputProject/IL2CPP/libil2cpp/il2cpp-tokentype.h
[1219/3420  0s] CopyFiles /Users/tuantu/Desktop/dev/AI/mobile/game_df/ios-build/Il2CppOutputProject/IL2CPP/libil2cpp/intrinsics/System.Private.CoreLib/System/Runtime/Intrinsics/Arm/AdvSimd/Arm64.h
[1220/3420  0s] CopyFiles /Users/tuantu/Desktop/dev/AI/mobile/game_df/ios-build/Il2CppOutputProject/IL2CPP/libil2cpp/il2cpp-runtime-metadata.h
[1221/3420  0s] CopyFiles /Users/tuantu/Desktop/dev/AI/mobile/game_df/ios-build/Il2CppOutputProject/IL2CPP/libil2cpp/il2cpp-runtime-stats.h
[1222/3420  0s] CopyFiles /Users/tuantu/Desktop/dev/AI/mobile/game_df/ios-build/Il2CppOutputProject/IL2CPP/libil2cpp/il2cpp-runtime-stats.cpp
[1223/3420  0s] CopyFiles /Users/tuantu/Desktop/dev/AI/mobile/game_df/ios-build/Il2CppOutputProject/IL2CPP/libil2cpp/intrinsics/System.Private.CoreLib/System/Runtime/Intrinsics/X86/Avx2.h
[1224/3420  0s] CopyFiles /Users/tuantu/Desktop/dev/AI/mobile/game_df/ios-build/Il2CppOutputProject/IL2CPP/libil2cpp/il2cpp-pinvoke-support.h
[1225/3420  0s] CopyFiles /Users/tuantu/Desktop/dev/AI/mobile/game_df/ios-build/Il2CppOutputProject/IL2CPP/libil2cpp/il2cpp-intrinsics-config.h
[1226/3420  0s] CopyFiles /Users/tuantu/Desktop/dev/AI/mobile/game_df/ios-build/Il2CppOutputProject/IL2CPP/libil2cpp/il2cpp-mono-api.h
[1227/3420  0s] CopyFiles /Users/tuantu/Desktop/dev/AI/mobile/game_df/ios-build/Il2CppOutputProject/IL2CPP/libil2cpp/il2cpp-metadata.h
[1228/3420  0s] CopyFiles /Users/tuantu/Desktop/dev/AI/mobile/game_df/ios-build/Il2CppOutputProject/IL2CPP/libil2cpp/il2cpp-config-api.h
[1229/3420  0s] CopyFiles /Users/tuantu/Desktop/dev/AI/mobile/game_df/ios-build/Il2CppOutputProject/IL2CPP/libil2cpp/intrinsics/System.Private.CoreLib/System/Runtime/Intrinsics/Arm/AdvSimd.h
[1230/3420  0s] CopyFiles /Users/tuantu/Desktop/dev/AI/mobile/game_df/ios-build/Il2CppOutputProject/IL2CPP/libil2cpp/il2cpp-blob.h
[1231/3420  0s] CopyFiles /Users/tuantu/Desktop/dev/AI/mobile/game_df/ios-build/Il2CppOutputProject/IL2CPP/libil2cpp/il2cpp-mono-api-functions.h
[1232/3420  0s] CopyFiles /Users/tuantu/Desktop/dev/AI/mobile/game_df/ios-build/Il2CppOutputProject/IL2CPP/libil2cpp/il2cpp-benchmark-support.h
[1233/3420  0s] CopyFiles /Users/tuantu/Desktop/dev/AI/mobile/game_df/ios-build/Il2CppOutputProject/IL2CPP/libil2cpp/il2cpp-config.h
[1234/3420  0s] CopyFiles /Users/tuantu/Desktop/dev/AI/mobile/game_df/ios-build/Il2CppOutputProject/IL2CPP/libil2cpp/il2cpp-object-internals.h
[1235/3420  0s] CopyFiles /Users/tuantu/Desktop/dev/AI/mobile/game_df/ios-build/Il2CppOutputProject/IL2CPP/libil2cpp/il2cpp-benchmark-support.cpp
[1236/3420  0s] CopyFiles /Users/tuantu/Desktop/dev/AI/mobile/game_df/ios-build/Il2CppOutputProject/IL2CPP/libil2cpp/il2cpp-api.h
[1237/3420  0s] CopyFiles /Users/tuantu/Desktop/dev/AI/mobile/game_df/ios-build/Il2CppOutputProject/IL2CPP/libil2cpp/il2cpp-class-internals.h
[1238/3420  0s] CopyFiles /Users/tuantu/Desktop/dev/AI/mobile/game_df/ios-build/Il2CppOutputProject/IL2CPP/libil2cpp/il2cpp-number-formatter.h
[1239/3420  0s] CopyFiles /Users/tuantu/Desktop/dev/AI/mobile/game_df/ios-build/Il2CppOutputProject/IL2CPP/libil2cpp/il2cpp-mono-api.cpp
[1240/3420  0s] CopyFiles /Users/tuantu/Desktop/dev/AI/mobile/game_df/ios-build/Il2CppOutputProject/IL2CPP/libil2cpp/il2cpp-api-functions.h
[1241/3420  0s] CopyFiles /Users/tuantu/Desktop/dev/AI/mobile/game_df/ios-build/Il2CppOutputProject/IL2CPP/libil2cpp/il2cpp-api-types.h
[1242/3420  0s] CopyFiles /Users/tuantu/Desktop/dev/AI/mobile/game_df/ios-build/Il2CppOutputProject/IL2CPP/libil2cpp/icalls_monoaot/System.Private.CoreLib/System/ValueType.h
[1243/3420  0s] CopyFiles /Users/tuantu/Desktop/dev/AI/mobile/game_df/ios-build/Il2CppOutputProject/IL2CPP/libil2cpp/icalls_monoaot/System.Private.CoreLib/System/ValueType.cpp
[1244/3420  0s] CopyFiles /Users/tuantu/Desktop/dev/AI/mobile/game_df/ios-build/Il2CppOutputProject/IL2CPP/libil2cpp/icalls_monoaot/System.Private.CoreLib/System/Type.h
[1245/3420  0s] CopyFiles /Users/tuantu/Desktop/dev/AI/mobile/game_df/ios-build/Il2CppOutputProject/IL2CPP/libil2cpp/icalls_monoaot/System.Private.CoreLib/System/TypedReference.h
[1246/3420  0s] CopyFiles /Users/tuantu/Desktop/dev/AI/mobile/game_df/ios-build/Il2CppOutputProject/IL2CPP/libil2cpp/icalls_monoaot/System.Private.CoreLib/System/TypedReference.cpp
[1247/3420  0s] CopyFiles /Users/tuantu/Desktop/dev/AI/mobile/game_df/ios-build/Il2CppOutputProject/IL2CPP/libil2cpp/icalls_monoaot/System.Private.CoreLib/System/String.h
[1248/3420  0s] CopyFiles /Users/tuantu/Desktop/dev/AI/mobile/game_df/ios-build/Il2CppOutputProject/IL2CPP/libil2cpp/icalls_monoaot/System.Private.CoreLib/System/String.cpp
[1249/3420  0s] CopyFiles /Users/tuantu/Desktop/dev/AI/mobile/game_df/ios-build/Il2CppOutputProject/IL2CPP/libil2cpp/icalls_monoaot/System.Private.CoreLib/System/RuntimeTypeHandle.h
[1250/3420  0s] CopyFiles /Users/tuantu/Desktop/dev/AI/mobile/game_df/ios-build/Il2CppOutputProject/IL2CPP/libil2cpp/icalls_monoaot/System.Private.CoreLib/System/Type.cpp
[1251/3420  0s] CopyFiles /Users/tuantu/Desktop/dev/AI/mobile/game_df/ios-build/Il2CppOutputProject/IL2CPP/libil2cpp/icalls_monoaot/System.Private.CoreLib/System/RuntimeMethodHandle.h
[1252/3420  0s] CopyFiles /Users/tuantu/Desktop/dev/AI/mobile/game_df/ios-build/Il2CppOutputProject/IL2CPP/libil2cpp/il2cpp-normalization-tables.h
[1253/3420  0s] CopyFiles /Users/tuantu/Desktop/dev/AI/mobile/game_df/ios-build/Il2CppOutputProject/IL2CPP/libil2cpp/icalls_monoaot/System.Private.CoreLib/System/RuntimeMethodHandle.cpp
[1254/3420  0s] CopyFiles /Users/tuantu/Desktop/dev/AI/mobile/game_df/ios-build/Il2CppOutputProject/IL2CPP/libil2cpp/icalls_monoaot/System.Private.CoreLib/System/RuntimeType.h
[1255/3420  0s] CopyFiles /Users/tuantu/Desktop/dev/AI/mobile/game_df/ios-build/Il2CppOutputProject/IL2CPP/libil2cpp/icalls_monoaot/System.Private.CoreLib/System/RuntimeFieldHandle.cpp
[1256/3420  0s] CopyFiles /Users/tuantu/Desktop/dev/AI/mobile/game_df/ios-build/Il2CppOutputProject/IL2CPP/libil2cpp/icalls_monoaot/System.Private.CoreLib/System/RuntimeFieldHandle.h
[1257/3420  0s] CopyFiles /Users/tuantu/Desktop/dev/AI/mobile/game_df/ios-build/Il2CppOutputProject/IL2CPP/libil2cpp/icalls_monoaot/System.Private.CoreLib/System/RuntimeTypeHandle.cpp
[1258/3420  0s] CopyFiles /Users/tuantu/Desktop/dev/AI/mobile/game_df/ios-build/Il2CppOutputProject/IL2CPP/libil2cpp/icalls_monoaot/System.Private.CoreLib/System/Object.h
[1259/3420  0s] CopyFiles /Users/tuantu/Desktop/dev/AI/mobile/game_df/ios-build/Il2CppOutputProject/IL2CPP/libil2cpp/il2cpp-api.cpp
[1260/3420  0s] CopyFiles /Users/tuantu/Desktop/dev/AI/mobile/game_df/ios-build/Il2CppOutputProject/IL2CPP/libil2cpp/icalls_monoaot/System.Private.CoreLib/System/Object.cpp
[1261/3420  0s] CopyFiles /Users/tuantu/Desktop/dev/AI/mobile/game_df/ios-build/Il2CppOutputProject/IL2CPP/libil2cpp/icalls_monoaot/System.Private.CoreLib/System/MathF.h
[1262/3420  0s] CopyFiles /Users/tuantu/Desktop/dev/AI/mobile/game_df/ios-build/Il2CppOutputProject/IL2CPP/libil2cpp/icalls_monoaot/System.Private.CoreLib/System/Math.h
[1263/3420  0s] CopyFiles /Users/tuantu/Desktop/dev/AI/mobile/game_df/ios-build/Il2CppOutputProject/IL2CPP/libil2cpp/icalls_monoaot/System.Private.CoreLib/System/Environment.h
[1264/3420  0s] CopyFiles /Users/tuantu/Desktop/dev/AI/mobile/game_df/ios-build/Il2CppOutputProject/IL2CPP/libil2cpp/icalls_monoaot/System.Private.CoreLib/System/GC.h
[1265/3420  0s] CopyFiles /Users/tuantu/Desktop/dev/AI/mobile/game_df/ios-build/Il2CppOutputProject/IL2CPP/libil2cpp/icalls_monoaot/System.Private.CoreLib/System/GC.cpp
[1266/3420  0s] CopyFiles /Users/tuantu/Desktop/dev/AI/mobile/game_df/ios-build/Il2CppOutputProject/IL2CPP/libil2cpp/icalls_monoaot/System.Private.CoreLib/System/MathF.cpp
[1267/3420  0s] CopyFiles /Users/tuantu/Desktop/dev/AI/mobile/game_df/ios-build/Il2CppOutputProject/IL2CPP/libil2cpp/icalls_monoaot/System.Private.CoreLib/System/RuntimeType.cpp
[1268/3420  0s] CopyFiles /Users/tuantu/Desktop/dev/AI/mobile/game_df/ios-build/Il2CppOutputProject/IL2CPP/libil2cpp/icalls_monoaot/System.Private.CoreLib/System/Math.cpp
[1269/3420  0s] CopyFiles /Users/tuantu/Desktop/dev/AI/mobile/game_df/ios-build/Il2CppOutputProject/IL2CPP/libil2cpp/icalls_monoaot/System.Private.CoreLib/System/Enum.h
[1270/3420  0s] CopyFiles /Users/tuantu/Desktop/dev/AI/mobile/game_df/ios-build/Il2CppOutputProject/IL2CPP/libil2cpp/icalls_monoaot/System.Private.CoreLib/System/Delegate.h
[1271/3420  0s] CopyFiles /Users/tuantu/Desktop/dev/AI/mobile/game_df/ios-build/Il2CppOutputProject/IL2CPP/libil2cpp/icalls_monoaot/System.Private.CoreLib/System/Environment.cpp
[1272/3420  0s] CopyFiles /Users/tuantu/Desktop/dev/AI/mobile/game_df/ios-build/Il2CppOutputProject/IL2CPP/libil2cpp/icalls_monoaot/System.Private.CoreLib/System/Buffer.h
[1273/3420  0s] CopyFiles /Users/tuantu/Desktop/dev/AI/mobile/game_df/ios-build/Il2CppOutputProject/IL2CPP/libil2cpp/icalls_monoaot/System.Private.CoreLib/System/Enum.cpp
[1274/3420  0s] CopyFiles /Users/tuantu/Desktop/dev/AI/mobile/game_df/ios-build/Il2CppOutputProject/IL2CPP/libil2cpp/icalls_monoaot/System.Private.CoreLib/System/Delegate.cpp
[1275/3420  0s] CopyFiles /Users/tuantu/Desktop/dev/AI/mobile/game_df/ios-build/Il2CppOutputProject/IL2CPP/libil2cpp/icalls_monoaot/System.Private.CoreLib/System/Array.h
[1276/3420  0s] CopyFiles /Users/tuantu/Desktop/dev/AI/mobile/game_df/ios-build/Il2CppOutputProject/IL2CPP/libil2cpp/icalls_monoaot/System.Private.CoreLib/System/Buffer.cpp
[1277/3420  0s] CopyFiles /Users/tuantu/Desktop/dev/AI/mobile/game_df/ios-build/Il2CppOutputProject/IL2CPP/libil2cpp/icalls_monoaot/System.Private.CoreLib/System/ArgIterator.h
[1278/3420  0s] CopyFiles /Users/tuantu/Desktop/dev/AI/mobile/game_df/ios-build/Il2CppOutputProject/IL2CPP/libil2cpp/icalls_monoaot/System.Private.CoreLib/System/ArgIterator.cpp
[1279/3420  0s] CopyFiles /Users/tuantu/Desktop/dev/AI/mobile/game_df/ios-build/Il2CppOutputProject/IL2CPP/libil2cpp/icalls_monoaot/System.Private.CoreLib/System/Array.cpp
[1280/3420  0s] CopyFiles /Users/tuantu/Desktop/dev/AI/mobile/game_df/ios-build/Il2CppOutputProject/IL2CPP/libil2cpp/icalls_monoaot/System.Private.CoreLib/System.Threading/LowLevelLifoSemaphore.h
[1281/3420  0s] CopyFiles /Users/tuantu/Desktop/dev/AI/mobile/game_df/ios-build/Il2CppOutputProject/IL2CPP/libil2cpp/icalls_monoaot/System.Private.CoreLib/System.Threading/Thread.h
[1282/3420  0s] CopyFiles /Users/tuantu/Desktop/dev/AI/mobile/game_df/ios-build/Il2CppOutputProject/IL2CPP/libil2cpp/icalls_monoaot/System.Private.CoreLib/System.Threading/Monitor.cpp
[1283/3420  0s] CopyFiles /Users/tuantu/Desktop/dev/AI/mobile/game_df/ios-build/Il2CppOutputProject/IL2CPP/libil2cpp/icalls_monoaot/System.Private.CoreLib/System.Threading/Monitor.h
[1284/3420  0s] CopyFiles /Users/tuantu/Desktop/dev/AI/mobile/game_df/ios-build/Il2CppOutputProject/IL2CPP/libil2cpp/icalls_monoaot/System.Private.CoreLib/System.Threading/Thread.cpp
[1285/3420  0s] CopyFiles /Users/tuantu/Desktop/dev/AI/mobile/game_df/ios-build/Il2CppOutputProject/IL2CPP/libil2cpp/icalls_monoaot/System.Private.CoreLib/System.Threading/Interlocked.cpp
[1286/3420  0s] CopyFiles /Users/tuantu/Desktop/dev/AI/mobile/game_df/ios-build/Il2CppOutputProject/IL2CPP/libil2cpp/icalls_monoaot/System.Private.CoreLib/System.Threading/Interlocked.h
[1287/3420  0s] CopyFiles /Users/tuantu/Desktop/dev/AI/mobile/game_df/ios-build/Il2CppOutputProject/IL2CPP/libil2cpp/icalls_monoaot/System.Private.CoreLib/System.Threading/LowLevelLifoSemaphore.cpp
[1288/3420  0s] CopyFiles /Users/tuantu/Desktop/dev/AI/mobile/game_df/ios-build/Il2CppOutputProject/IL2CPP/libil2cpp/icalls_monoaot/System.Private.CoreLib/System.Runtime.InteropServices/Marshal.cpp
[1289/3420  0s] CopyFiles /Users/tuantu/Desktop/dev/AI/mobile/game_df/ios-build/Il2CppOutputProject/IL2CPP/libil2cpp/icalls_monoaot/System.Private.CoreLib/System.Runtime.Loader/AssemblyLoadContext.h
[1290/3420  0s] CopyFiles /Users/tuantu/Desktop/dev/AI/mobile/game_df/ios-build/Il2CppOutputProject/IL2CPP/libil2cpp/icalls_monoaot/System.Private.CoreLib/System.Runtime.Intrinsics.X86/X86Base.h
[1291/3420  0s] CopyFiles /Users/tuantu/Desktop/dev/AI/mobile/game_df/ios-build/Il2CppOutputProject/IL2CPP/libil2cpp/icalls_monoaot/System.Private.CoreLib/System.Runtime.Intrinsics.X86/X86Base.cpp
[1292/3420  0s] CopyFiles /Users/tuantu/Desktop/dev/AI/mobile/game_df/ios-build/Il2CppOutputProject/IL2CPP/libil2cpp/icalls_monoaot/System.Private.CoreLib/System.Runtime.Loader/AssemblyLoadContext.cpp
[1293/3420  0s] CopyFiles /Users/tuantu/Desktop/dev/AI/mobile/game_df/ios-build/Il2CppOutputProject/IL2CPP/libil2cpp/icalls_monoaot/System.Private.CoreLib/System.Runtime.InteropServices/GCHandle.h
[1294/3420  0s] CopyFiles /Users/tuantu/Desktop/dev/AI/mobile/game_df/ios-build/Il2CppOutputProject/IL2CPP/libil2cpp/icalls_monoaot/System.Private.CoreLib/System.Runtime.InteropServices/Marshal.h
[1295/3420  0s] CopyFiles /Users/tuantu/Desktop/dev/AI/mobile/game_df/ios-build/Il2CppOutputProject/IL2CPP/libil2cpp/icalls_monoaot/System.Private.CoreLib/System.Runtime.InteropServices/NativeLibrary.h
[1296/3420  0s] CopyFiles /Users/tuantu/Desktop/dev/AI/mobile/game_df/ios-build/Il2CppOutputProject/IL2CPP/libil2cpp/icalls_monoaot/System.Private.CoreLib/System.Runtime.InteropServices/NativeLibrary.cpp
[1297/3420  0s] CopyFiles /Users/tuantu/Desktop/dev/AI/mobile/game_df/ios-build/Il2CppOutputProject/IL2CPP/libil2cpp/icalls_monoaot/System.Private.CoreLib/System.Runtime.InteropServices/GCHandle.cpp
[1298/3420  0s] CopyFiles /Users/tuantu/Desktop/dev/AI/mobile/game_df/ios-build/Il2CppOutputProject/IL2CPP/libil2cpp/icalls_monoaot/System.Private.CoreLib/System.Reflection/RuntimeParameterInfo.h
[1299/3420  0s] CopyFiles /Users/tuantu/Desktop/dev/AI/mobile/game_df/ios-build/Il2CppOutputProject/IL2CPP/libil2cpp/icalls_monoaot/System.Private.CoreLib/System.Reflection/RuntimeModule.cpp
[1300/3420  0s] CopyFiles /Users/tuantu/Desktop/dev/AI/mobile/game_df/ios-build/Il2CppOutputProject/IL2CPP/libil2cpp/icalls_monoaot/System.Private.CoreLib/System.Reflection/RuntimePropertyInfo.cpp
[1301/3420  0s] CopyFiles /Users/tuantu/Desktop/dev/AI/mobile/game_df/ios-build/Il2CppOutputProject/IL2CPP/libil2cpp/icalls_monoaot/System.Private.CoreLib/System.Reflection/RuntimeParameterInfo.cpp
[1302/3420  0s] CopyFiles /Users/tuantu/Desktop/dev/AI/mobile/game_df/ios-build/Il2CppOutputProject/IL2CPP/libil2cpp/icalls_monoaot/System.Private.CoreLib/System.Reflection/RuntimeFieldInfo.h
[1303/3420  0s] CopyFiles /Users/tuantu/Desktop/dev/AI/mobile/game_df/ios-build/Il2CppOutputProject/IL2CPP/libil2cpp/icalls_monoaot/System.Private.CoreLib/System.Reflection/RuntimePropertyInfo.h
[1304/3420  0s] CopyFiles /Users/tuantu/Desktop/dev/AI/mobile/game_df/ios-build/Il2CppOutputProject/IL2CPP/libil2cpp/icalls_monoaot/System.Private.CoreLib/System.Reflection/RuntimeMethodInfo.h
[1305/3420  0s] CopyFiles /Users/tuantu/Desktop/dev/AI/mobile/game_df/ios-build/Il2CppOutputProject/IL2CPP/libil2cpp/icalls_monoaot/System.Private.CoreLib/System.Reflection/RuntimeModule.h
[1306/3420  0s] CopyFiles /Users/tuantu/Desktop/dev/AI/mobile/game_df/ios-build/Il2CppOutputProject/IL2CPP/libil2cpp/icalls_monoaot/System.Private.CoreLib/System.Runtime.CompilerServices/RuntimeHelpers.cpp
[1307/3420  0s] CopyFiles /Users/tuantu/Desktop/dev/AI/mobile/game_df/ios-build/Il2CppOutputProject/IL2CPP/libil2cpp/icalls_monoaot/System.Private.CoreLib/System.Runtime.CompilerServices/RuntimeHelpers.h
[1308/3420  0s] CopyFiles /Users/tuantu/Desktop/dev/AI/mobile/game_df/ios-build/Il2CppOutputProject/IL2CPP/libil2cpp/icalls_monoaot/System.Private.CoreLib/System.Reflection/RuntimeEventInfo.cpp
[1309/3420  0s] CopyFiles /Users/tuantu/Desktop/dev/AI/mobile/game_df/ios-build/Il2CppOutputProject/IL2CPP/libil2cpp/icalls_monoaot/System.Private.CoreLib/System.Reflection/RuntimeAssembly.h
[1310/3420  0s] CopyFiles /Users/tuantu/Desktop/dev/AI/mobile/game_df/ios-build/Il2CppOutputProject/IL2CPP/libil2cpp/icalls_monoaot/System.Private.CoreLib/System.Reflection/RuntimeConstructorInfo.h
[1311/3420  0s] CopyFiles /Users/tuantu/Desktop/dev/AI/mobile/game_df/ios-build/Il2CppOutputProject/IL2CPP/libil2cpp/icalls_monoaot/System.Private.CoreLib/System.Reflection/RuntimeConstructorInfo.cpp
[1312/3420  0s] CopyFiles /Users/tuantu/Desktop/dev/AI/mobile/game_df/ios-build/Il2CppOutputProject/IL2CPP/libil2cpp/icalls_monoaot/System.Private.CoreLib/System.Reflection/RuntimeEventInfo.h
[1313/3420  0s] CopyFiles /Users/tuantu/Desktop/dev/AI/mobile/game_df/ios-build/Il2CppOutputProject/IL2CPP/libil2cpp/icalls_monoaot/System.Private.CoreLib/System.Reflection/RuntimeCustomAttributeData.h
[1314/3420  0s] CopyFiles /Users/tuantu/Desktop/dev/AI/mobile/game_df/ios-build/Il2CppOutputProject/IL2CPP/libil2cpp/icalls_monoaot/System.Private.CoreLib/System.Reflection/RuntimeFieldInfo.cpp
[1315/3420  0s] CopyFiles /Users/tuantu/Desktop/dev/AI/mobile/game_df/ios-build/Il2CppOutputProject/IL2CPP/libil2cpp/icalls_monoaot/System.Private.CoreLib/System.Reflection/RuntimeCustomAttributeData.cpp
[1316/3420  0s] CopyFiles /Users/tuantu/Desktop/dev/AI/mobile/game_df/ios-build/Il2CppOutputProject/IL2CPP/libil2cpp/icalls_monoaot/System.Private.CoreLib/System.Reflection/RuntimeMethodInfo.cpp
[1317/3420  0s] CopyFiles /Users/tuantu/Desktop/dev/AI/mobile/game_df/ios-build/Il2CppOutputProject/IL2CPP/libil2cpp/icalls_monoaot/System.Private.CoreLib/System.Reflection/MonoMethodInfo.h
[1318/3420  0s] CopyFiles /Users/tuantu/Desktop/dev/AI/mobile/game_df/ios-build/Il2CppOutputProject/IL2CPP/libil2cpp/icalls_monoaot/System.Private.CoreLib/System.Reflection/RuntimeAssembly.cpp
[1319/3420  0s] CopyFiles /Users/tuantu/Desktop/dev/AI/mobile/game_df/ios-build/Il2CppOutputProject/IL2CPP/libil2cpp/icalls_monoaot/System.Private.CoreLib/System.Reflection/MethodBase.h
[1320/3420  0s] CopyFiles /Users/tuantu/Desktop/dev/AI/mobile/game_df/ios-build/Il2CppOutputProject/IL2CPP/libil2cpp/icalls_monoaot/System.Private.CoreLib/System.Reflection/LoaderAllocatorScout.h
[1321/3420  0s] CopyFiles /Users/tuantu/Desktop/dev/AI/mobile/game_df/ios-build/Il2CppOutputProject/IL2CPP/libil2cpp/icalls_monoaot/System.Private.CoreLib/System.Reflection/MethodBase.cpp
[1322/3420  0s] CopyFiles /Users/tuantu/Desktop/dev/AI/mobile/game_df/ios-build/Il2CppOutputProject/IL2CPP/libil2cpp/icalls_monoaot/System.Private.CoreLib/System.Reflection/LoaderAllocatorScout.cpp
[1323/3420  0s] CopyFiles /Users/tuantu/Desktop/dev/AI/mobile/game_df/ios-build/Il2CppOutputProject/IL2CPP/libil2cpp/icalls_monoaot/System.Private.CoreLib/System.Reflection/FieldInfo.h
[1324/3420  0s] CopyFiles /Users/tuantu/Desktop/dev/AI/mobile/game_df/ios-build/Il2CppOutputProject/IL2CPP/libil2cpp/icalls_monoaot/System.Private.CoreLib/System.Reflection/MonoMethodInfo.cpp
[1325/3420  0s] CopyFiles /Users/tuantu/Desktop/dev/AI/mobile/game_df/ios-build/Il2CppOutputProject/IL2CPP/libil2cpp/icalls_monoaot/System.Private.CoreLib/System.Reflection/FieldInfo.cpp
[1326/3420  0s] CopyFiles /Users/tuantu/Desktop/dev/AI/mobile/game_df/ios-build/Il2CppOutputProject/IL2CPP/libil2cpp/icalls_monoaot/System.Private.CoreLib/System.Reflection/CustomAttribute.h
[1327/3420  0s] CopyFiles /Users/tuantu/Desktop/dev/AI/mobile/game_df/ios-build/Il2CppOutputProject/IL2CPP/libil2cpp/icalls_monoaot/System.Private.CoreLib/System.Reflection/Assembly.h
[1328/3420  0s] CopyFiles /Users/tuantu/Desktop/dev/AI/mobile/game_df/ios-build/Il2CppOutputProject/IL2CPP/libil2cpp/icalls_monoaot/System.Private.CoreLib/System.Reflection/CustomAttribute.cpp
[1329/3420  0s] CopyFiles /Users/tuantu/Desktop/dev/AI/mobile/game_df/ios-build/Il2CppOutputProject/IL2CPP/libil2cpp/icalls_monoaot/System.Private.CoreLib/System.Reflection/AssemblyName.cpp
[1330/3420  0s] CopyFiles /Users/tuantu/Desktop/dev/AI/mobile/game_df/ios-build/Il2CppOutputProject/IL2CPP/libil2cpp/icalls_monoaot/System.Private.CoreLib/System.Reflection.Metadata/MetadataUpdater.cpp
[1331/3420  0s] CopyFiles /Users/tuantu/Desktop/dev/AI/mobile/game_df/ios-build/Il2CppOutputProject/IL2CPP/libil2cpp/icalls_monoaot/System.Private.CoreLib/System.Reflection/AssemblyName.h
[1332/3420  0s] CopyFiles /Users/tuantu/Desktop/dev/AI/mobile/game_df/ios-build/Il2CppOutputProject/IL2CPP/libil2cpp/icalls_monoaot/System.Private.CoreLib/System.Reflection.Metadata/MetadataUpdater.h
[1333/3420  0s] CopyFiles /Users/tuantu/Desktop/dev/AI/mobile/game_df/ios-build/Il2CppOutputProject/IL2CPP/libil2cpp/icalls_monoaot/System.Private.CoreLib/System.Reflection/Assembly.cpp
[1334/3420  0s] CopyFiles /Users/tuantu/Desktop/dev/AI/mobile/game_df/ios-build/Il2CppOutputProject/IL2CPP/libil2cpp/icalls_monoaot/System.Private.CoreLib/System.Reflection.Emit/RuntimeModuleBuilder.h
[1335/3420  0s] CopyFiles /Users/tuantu/Desktop/dev/AI/mobile/game_df/ios-build/Il2CppOutputProject/IL2CPP/libil2cpp/icalls_monoaot/System.Private.CoreLib/System.Reflection.Emit/RuntimeModuleBuilder.cpp
[1336/3420  0s] CopyFiles /Users/tuantu/Desktop/dev/AI/mobile/game_df/ios-build/Il2CppOutputProject/IL2CPP/libil2cpp/icalls_monoaot/System.Private.CoreLib/System.Reflection.Emit/RuntimeTypeBuilder.cpp
[1337/3420  0s] CopyFiles /Users/tuantu/Desktop/dev/AI/mobile/game_df/ios-build/Il2CppOutputProject/IL2CPP/libil2cpp/icalls_monoaot/System.Private.CoreLib/System.Reflection.Emit/RuntimeEnumBuilder.cpp
[1338/3420  0s] CopyFiles /Users/tuantu/Desktop/dev/AI/mobile/game_df/ios-build/Il2CppOutputProject/IL2CPP/libil2cpp/icalls_monoaot/System.Private.CoreLib/System.Reflection.Emit/RuntimeEnumBuilder.h
[1339/3420  0s] CopyFiles /Users/tuantu/Desktop/dev/AI/mobile/game_df/ios-build/Il2CppOutputProject/IL2CPP/libil2cpp/icalls_monoaot/System.Private.CoreLib/System.Reflection.Emit/SignatureHelper.cpp
[1340/3420  0s] CopyFiles /Users/tuantu/Desktop/dev/AI/mobile/game_df/ios-build/Il2CppOutputProject/IL2CPP/libil2cpp/icalls_monoaot/System.Private.CoreLib/System.Reflection.Emit/DynamicMethod.h
[1341/3420  0s] CopyFiles /Users/tuantu/Desktop/dev/AI/mobile/game_df/ios-build/Il2CppOutputProject/IL2CPP/libil2cpp/icalls_monoaot/System.Private.CoreLib/System.Reflection.Emit/SignatureHelper.h
[1342/3420  0s] CopyFiles /Users/tuantu/Desktop/dev/AI/mobile/game_df/ios-build/Il2CppOutputProject/IL2CPP/libil2cpp/icalls_monoaot/System.Private.CoreLib/System.Reflection.Emit/RuntimeAssemblyBuilder.cpp
[1343/3420  0s] CopyFiles /Users/tuantu/Desktop/dev/AI/mobile/game_df/ios-build/Il2CppOutputProject/IL2CPP/libil2cpp/icalls_monoaot/System.Private.CoreLib/System.Reflection.Emit/DynamicMethod.cpp
[1344/3420  0s] CopyFiles /Users/tuantu/Desktop/dev/AI/mobile/game_df/ios-build/Il2CppOutputProject/IL2CPP/libil2cpp/icalls_monoaot/System.Private.CoreLib/System.Reflection.Emit/RuntimeTypeBuilder.h
[1345/3420  0s] CopyFiles /Users/tuantu/Desktop/dev/AI/mobile/game_df/ios-build/Il2CppOutputProject/IL2CPP/libil2cpp/icalls_monoaot/System.Private.CoreLib/System.Reflection.Emit/RuntimeAssemblyBuilder.h
[1346/3420  0s] CopyFiles /Users/tuantu/Desktop/dev/AI/mobile/game_df/ios-build/Il2CppOutputProject/IL2CPP/libil2cpp/icalls_monoaot/System.Private.CoreLib/System.Diagnostics/StackFrame.cpp
[1347/3420  0s] CopyFiles /Users/tuantu/Desktop/dev/AI/mobile/game_df/ios-build/Il2CppOutputProject/IL2CPP/libil2cpp/icalls_monoaot/System.Private.CoreLib/System.Diagnostics/Debugger.h
[1348/3420  0s] CopyFiles /Users/tuantu/Desktop/dev/AI/mobile/game_df/ios-build/Il2CppOutputProject/IL2CPP/libil2cpp/icalls_monoaot/System.Private.CoreLib/System.Diagnostics/StackTrace.cpp
[1349/3420  0s] CopyFiles /Users/tuantu/Desktop/dev/AI/mobile/game_df/ios-build/Il2CppOutputProject/IL2CPP/libil2cpp/icalls_monoaot/System.Private.CoreLib/System.Reflection.Emit/CustomAttributeBuilder.h
[1350/3420  0s] CopyFiles /Users/tuantu/Desktop/dev/AI/mobile/game_df/ios-build/Il2CppOutputProject/IL2CPP/libil2cpp/icalls_monoaot/System.Private.CoreLib/System.Diagnostics/StackFrame.h
[1351/3420  0s] CopyFiles /Users/tuantu/Desktop/dev/AI/mobile/game_df/ios-build/Il2CppOutputProject/IL2CPP/libil2cpp/icalls_monoaot/System.Private.CoreLib/System.Diagnostics/StackTrace.h
[1352/3420  0s] CopyFiles /Users/tuantu/Desktop/dev/AI/mobile/game_df/ios-build/Il2CppOutputProject/IL2CPP/libil2cpp/icalls_monoaot/System.Private.CoreLib/System.Reflection.Emit/CustomAttributeBuilder.cpp
[1353/3420  0s] CopyFiles /Users/tuantu/Desktop/dev/AI/mobile/game_df/ios-build/Il2CppOutputProject/IL2CPP/libil2cpp/icalls_monoaot/System.Private.CoreLib/System.IO/Stream.cpp
[1354/3420  0s] CopyFiles /Users/tuantu/Desktop/dev/AI/mobile/game_df/ios-build/Il2CppOutputProject/IL2CPP/libil2cpp/icalls_monoaot/System.Private.CoreLib/System.IO/Stream.h
[1355/3420  0s] CopyFiles /Users/tuantu/Desktop/dev/AI/mobile/game_df/ios-build/Il2CppOutputProject/IL2CPP/libil2cpp/icalls_monoaot/System.Private.CoreLib/System.Diagnostics/Debugger.cpp
[1356/3420  0s] CopyFiles /Users/tuantu/Desktop/dev/AI/mobile/game_df/ios-build/Il2CppOutputProject/IL2CPP/libil2cpp/icalls_monoaot/System.Private.CoreLib/System.Diagnostics.Tracing/NativeRuntimeEventSource.h
[1357/3420  0s] CopyFiles /Users/tuantu/Desktop/dev/AI/mobile/game_df/ios-build/Il2CppOutputProject/IL2CPP/libil2cpp/icalls_monoaot/System.Private.CoreLib/System.Diagnostics.Tracing/EventPipeInternal.cpp
[1358/3420  0s] CopyFiles /Users/tuantu/Desktop/dev/AI/mobile/game_df/ios-build/Il2CppOutputProject/IL2CPP/libil2cpp/icalls_monoaot/System.Private.CoreLib/System.Diagnostics.Tracing/EventPipeInternal.h
[1359/3420  0s] CopyFiles /Users/tuantu/Desktop/dev/AI/mobile/game_df/ios-build/Il2CppOutputProject/IL2CPP/libil2cpp/icalls_monoaot/System.Private.CoreLib/Mono/SafeStringMarshal.h
[1360/3420  0s] CopyFiles /Users/tuantu/Desktop/dev/AI/mobile/game_df/ios-build/Il2CppOutputProject/IL2CPP/libil2cpp/icalls_monoaot/System.Private.CoreLib/Mono/RuntimeGPtrArrayHandle.h
[1361/3420  0s] CopyFiles /Users/tuantu/Desktop/dev/AI/mobile/game_df/ios-build/Il2CppOutputProject/IL2CPP/libil2cpp/icalls_monoaot/System.Private.CoreLib/Mono/RuntimeGPtrArrayHandle.cpp
[1362/3420  0s] CopyFiles /Users/tuantu/Desktop/dev/AI/mobile/game_df/ios-build/Il2CppOutputProject/IL2CPP/libil2cpp/icalls_monoaot/System.Private.CoreLib/Mono/SafeStringMarshal.cpp
[1363/3420  0s] CopyFiles /Users/tuantu/Desktop/dev/AI/mobile/game_df/ios-build/Il2CppOutputProject/IL2CPP/libil2cpp/icalls_monoaot/System.Private.CoreLib/Mono/RuntimeClassHandle.cpp
[1364/3420  0s] CopyFiles /Users/tuantu/Desktop/dev/AI/mobile/game_df/ios-build/Il2CppOutputProject/IL2CPP/libil2cpp/icalls_monoaot/System.Private.CoreLib/Mono/RuntimeClassHandle.h
[1365/3420  0s] CopyFiles /Users/tuantu/Desktop/dev/AI/mobile/game_df/ios-build/Il2CppOutputProject/IL2CPP/libil2cpp/icalls/System/System.Threading/Semaphore.h
[1366/3420  0s] CopyFiles /Users/tuantu/Desktop/dev/AI/mobile/game_df/ios-build/Il2CppOutputProject/IL2CPP/libil2cpp/icalls_monoaot/System.Private.CoreLib/System.Diagnostics.Tracing/NativeRuntimeEventSource.cpp
[1367/3420  0s] CopyFiles /Users/tuantu/Desktop/dev/AI/mobile/game_df/ios-build/Il2CppOutputProject/IL2CPP/libil2cpp/icalls/System/System.Threading/Semaphore.cpp
[1368/3420  0s] CopyFiles /Users/tuantu/Desktop/dev/AI/mobile/game_df/ios-build/Il2CppOutputProject/IL2CPP/libil2cpp/icalls/System/System.Net.Sockets/SocketException.h
[1369/3420  0s] CopyFiles /Users/tuantu/Desktop/dev/AI/mobile/game_df/ios-build/Il2CppOutputProject/IL2CPP/libil2cpp/icalls/System/System.Net/Dns.h
[1370/3420  0s] CopyFiles /Users/tuantu/Desktop/dev/AI/mobile/game_df/ios-build/Il2CppOutputProject/IL2CPP/libil2cpp/icalls/System/System.Net.NetworkInformation/MacOsIPInterfaceProperties.h
[1371/3420  0s] CopyFiles /Users/tuantu/Desktop/dev/AI/mobile/game_df/ios-build/Il2CppOutputProject/IL2CPP/libil2cpp/icalls/System/System.Net/Dns.cpp
[1372/3420  0s] CopyFiles /Users/tuantu/Desktop/dev/AI/mobile/game_df/ios-build/Il2CppOutputProject/IL2CPP/libil2cpp/icalls/System/System.Net.Sockets/SocketException.cpp
[1373/3420  0s] CopyFiles /Users/tuantu/Desktop/dev/AI/mobile/game_df/ios-build/Il2CppOutputProject/IL2CPP/libil2cpp/icalls/System/System.Net.Sockets/Socket.h
[1374/3420  0s] CopyFiles /Users/tuantu/Desktop/dev/AI/mobile/game_df/ios-build/Il2CppOutputProject/IL2CPP/libil2cpp/icalls/System/System.Net.NetworkInformation/MacOsIPInterfaceProperties.cpp
[1375/3420  0s] CopyFiles /Users/tuantu/Desktop/dev/AI/mobile/game_df/ios-build/Il2CppOutputProject/IL2CPP/libil2cpp/icalls/System/System.Diagnostics/Stopwatch.h
[1376/3420  0s] CopyFiles /Users/tuantu/Desktop/dev/AI/mobile/game_df/ios-build/Il2CppOutputProject/IL2CPP/libil2cpp/icalls/System/System.Net.NetworkInformation/LinuxNetworkInterface.cpp
[1377/3420  0s] CopyFiles /Users/tuantu/Desktop/dev/AI/mobile/game_df/ios-build/Il2CppOutputProject/IL2CPP/libil2cpp/icalls/System/System.Diagnostics/Stopwatch.cpp
[1378/3420  0s] CopyFiles /Users/tuantu/Desktop/dev/AI/mobile/game_df/ios-build/Il2CppOutputProject/IL2CPP/libil2cpp/icalls/System/System.Net.NetworkInformation/LinuxNetworkInterface.h
[1379/3420  0s] CopyFiles /Users/tuantu/Desktop/dev/AI/mobile/game_df/ios-build/Il2CppOutputProject/IL2CPP/libil2cpp/icalls/System/System.IO/FileSystemWatcher.h
[1380/3420  0s] CopyFiles /Users/tuantu/Desktop/dev/AI/mobile/game_df/ios-build/Il2CppOutputProject/IL2CPP/libil2cpp/icalls/System/System.Diagnostics/Process.h
[1381/3420  0s] CopyFiles /Users/tuantu/Desktop/dev/AI/mobile/game_df/ios-build/Il2CppOutputProject/IL2CPP/libil2cpp/icalls/System/System.IO/FileSystemWatcher.cpp
[1382/3420  0s] CopyFiles /Users/tuantu/Desktop/dev/AI/mobile/game_df/ios-build/Il2CppOutputProject/IL2CPP/libil2cpp/icalls/System/System.Net.Sockets/Socket.cpp
[1383/3420  0s] CopyFiles /Users/tuantu/Desktop/dev/AI/mobile/game_df/ios-build/Il2CppOutputProject/IL2CPP/libil2cpp/icalls/System/System.Diagnostics/DefaultTraceListener.cpp
[1384/3420  0s] CopyFiles /Users/tuantu/Desktop/dev/AI/mobile/game_df/ios-build/Il2CppOutputProject/IL2CPP/libil2cpp/icalls/System/System.Diagnostics/FileVersionInfo.cpp
[1385/3420  0s] CopyFiles /Users/tuantu/Desktop/dev/AI/mobile/game_df/ios-build/Il2CppOutputProject/IL2CPP/libil2cpp/icalls/System/System.Diagnostics/FileVersionInfo.h
[1386/3420  0s] CopyFiles /Users/tuantu/Desktop/dev/AI/mobile/game_df/ios-build/Il2CppOutputProject/IL2CPP/libil2cpp/icalls/System/System.Diagnostics/DefaultTraceListener.h
[1387/3420  0s] CopyFiles /Users/tuantu/Desktop/dev/AI/mobile/game_df/ios-build/Il2CppOutputProject/IL2CPP/libil2cpp/icalls/System/System.Diagnostics/Process.cpp
[1388/3420  0s] CopyFiles /Users/tuantu/Desktop/dev/AI/mobile/game_df/ios-build/Il2CppOutputProject/IL2CPP/libil2cpp/icalls/System/Mono.Net.Security/MonoTlsProviderFactory.cpp
[1389/3420  0s] CopyFiles /Users/tuantu/Desktop/dev/AI/mobile/game_df/ios-build/Il2CppOutputProject/IL2CPP/libil2cpp/icalls/System/Microsoft.Win32/NativeMethods.cpp
[1390/3420  0s] CopyFiles /Users/tuantu/Desktop/dev/AI/mobile/game_df/ios-build/Il2CppOutputProject/IL2CPP/libil2cpp/icalls/System/Mono.Net.Security/MonoTlsProviderFactory.h
[1391/3420  0s] CopyFiles /Users/tuantu/Desktop/dev/AI/mobile/game_df/ios-build/Il2CppOutputProject/IL2CPP/libil2cpp/icalls/System/Microsoft.Win32/NativeMethods.h
[1392/3420  0s] CopyFiles /Users/tuantu/Desktop/dev/AI/mobile/game_df/ios-build/Il2CppOutputProject/IL2CPP/libil2cpp/icalls/System.Core/System.IO.MemoryMappedFiles/MemoryMapImpl.cpp
[1393/3420  0s] CopyFiles /Users/tuantu/Desktop/dev/AI/mobile/game_df/ios-build/Il2CppOutputProject/IL2CPP/libil2cpp/icalls/mscorlib/System/ValueType.h
[1394/3420  0s] CopyFiles /Users/tuantu/Desktop/dev/AI/mobile/game_df/ios-build/Il2CppOutputProject/IL2CPP/libil2cpp/icalls/mscorlib/System/TypedReference.h
[1395/3420  0s] CopyFiles /Users/tuantu/Desktop/dev/AI/mobile/game_df/ios-build/Il2CppOutputProject/IL2CPP/libil2cpp/icalls/mscorlib/System/ValueType.cpp
[1396/3420  0s] CopyFiles /Users/tuantu/Desktop/dev/AI/mobile/game_df/ios-build/Il2CppOutputProject/IL2CPP/libil2cpp/icalls/mscorlib/System/Type.h
[1397/3420  0s] CopyFiles /Users/tuantu/Desktop/dev/AI/mobile/game_df/ios-build/Il2CppOutputProject/IL2CPP/libil2cpp/icalls/System.Core/System.IO.MemoryMappedFiles/MemoryMapImpl.h
[1398/3420  0s] CopyFiles /Users/tuantu/Desktop/dev/AI/mobile/game_df/ios-build/Il2CppOutputProject/IL2CPP/libil2cpp/icalls/mscorlib/System/TypedReference.cpp
[1399/3420  0s] CopyFiles /Users/tuantu/Desktop/dev/AI/mobile/game_df/ios-build/Il2CppOutputProject/IL2CPP/libil2cpp/icalls/mscorlib/System/Type.cpp
[1400/3420  0s] CopyFiles /Users/tuantu/Desktop/dev/AI/mobile/game_df/ios-build/Il2CppOutputProject/IL2CPP/libil2cpp/icalls/mscorlib/System/String.h
[1401/3420  0s] CopyFiles /Users/tuantu/Desktop/dev/AI/mobile/game_df/ios-build/Il2CppOutputProject/IL2CPP/libil2cpp/icalls/mscorlib/System/String.cpp
[1402/3420  0s] CopyFiles /Users/tuantu/Desktop/dev/AI/mobile/game_df/ios-build/Il2CppOutputProject/IL2CPP/libil2cpp/icalls/mscorlib/System/RuntimeTypeHandle.h
[1403/3420  0s] CopyFiles /Users/tuantu/Desktop/dev/AI/mobile/game_df/ios-build/Il2CppOutputProject/IL2CPP/libil2cpp/icalls/mscorlib/System/RuntimeFieldHandle.h
[1404/3420  0s] CopyFiles /Users/tuantu/Desktop/dev/AI/mobile/game_df/ios-build/Il2CppOutputProject/IL2CPP/libil2cpp/icalls/mscorlib/System/RuntimeMethodHandle.h
[1405/3420  0s] CopyFiles /Users/tuantu/Desktop/dev/AI/mobile/game_df/ios-build/Il2CppOutputProject/IL2CPP/libil2cpp/icalls/mscorlib/System/RuntimeTypeHandle.cpp
[1406/3420  0s] CopyFiles /Users/tuantu/Desktop/dev/AI/mobile/game_df/ios-build/Il2CppOutputProject/IL2CPP/libil2cpp/icalls/mscorlib/System/RuntimeMethodHandle.cpp
[1407/3420  0s] CopyFiles /Users/tuantu/Desktop/dev/AI/mobile/game_df/ios-build/Il2CppOutputProject/IL2CPP/libil2cpp/icalls/mscorlib/System/RuntimeType.h
[1408/3420  0s] CopyFiles /Users/tuantu/Desktop/dev/AI/mobile/game_df/ios-build/Il2CppOutputProject/IL2CPP/libil2cpp/icalls/mscorlib/System/RuntimeType.cpp
[1409/3420  0s] CopyFiles /Users/tuantu/Desktop/dev/AI/mobile/game_df/ios-build/Il2CppOutputProject/IL2CPP/libil2cpp/icalls/mscorlib/System/Object.h
[1410/3420  0s] CopyFiles /Users/tuantu/Desktop/dev/AI/mobile/game_df/ios-build/Il2CppOutputProject/IL2CPP/libil2cpp/icalls/mscorlib/System/MonoCustomAttrs.cpp
[1411/3420  0s] CopyFiles /Users/tuantu/Desktop/dev/AI/mobile/game_df/ios-build/Il2CppOutputProject/IL2CPP/libil2cpp/icalls/mscorlib/System/RuntimeFieldHandle.cpp
[1412/3420  0s] CopyFiles /Users/tuantu/Desktop/dev/AI/mobile/game_df/ios-build/Il2CppOutputProject/IL2CPP/libil2cpp/icalls/mscorlib/System/NumberFormatter.h
[1413/3420  0s] CopyFiles /Users/tuantu/Desktop/dev/AI/mobile/game_df/ios-build/Il2CppOutputProject/IL2CPP/libil2cpp/icalls/mscorlib/System/NumberFormatter.cpp
[1414/3420  0s] CopyFiles /Users/tuantu/Desktop/dev/AI/mobile/game_df/ios-build/Il2CppOutputProject/IL2CPP/libil2cpp/icalls/mscorlib/System/Number.cpp
[1415/3420  0s] CopyFiles /Users/tuantu/Desktop/dev/AI/mobile/game_df/ios-build/Il2CppOutputProject/IL2CPP/libil2cpp/icalls/mscorlib/System/Object.cpp
[1416/3420  0s] CopyFiles /Users/tuantu/Desktop/dev/AI/mobile/game_df/ios-build/Il2CppOutputProject/IL2CPP/libil2cpp/icalls/mscorlib/System/MonoCustomAttrs.h
[1417/3420  0s] CopyFiles /Users/tuantu/Desktop/dev/AI/mobile/game_df/ios-build/Il2CppOutputProject/IL2CPP/libil2cpp/icalls/mscorlib/System/MathF.h
[1418/3420  0s] CopyFiles /Users/tuantu/Desktop/dev/AI/mobile/game_df/ios-build/Il2CppOutputProject/IL2CPP/libil2cpp/icalls/mscorlib/System/MathF.cpp
[1419/3420  0s] CopyFiles /Users/tuantu/Desktop/dev/AI/mobile/game_df/ios-build/Il2CppOutputProject/IL2CPP/libil2cpp/icalls/mscorlib/System/GC.h
[1420/3420  0s] CopyFiles /Users/tuantu/Desktop/dev/AI/mobile/game_df/ios-build/Il2CppOutputProject/IL2CPP/libil2cpp/icalls/mscorlib/System/Math.h
[1421/3420  0s] CopyFiles /Users/tuantu/Desktop/dev/AI/mobile/game_df/ios-build/Il2CppOutputProject/IL2CPP/libil2cpp/icalls/mscorlib/System/Exception.cpp
[1422/3420  0s] CopyFiles /Users/tuantu/Desktop/dev/AI/mobile/game_df/ios-build/Il2CppOutputProject/IL2CPP/libil2cpp/icalls/mscorlib/System/Math.cpp
[1423/3420  0s] CopyFiles /Users/tuantu/Desktop/dev/AI/mobile/game_df/ios-build/Il2CppOutputProject/IL2CPP/libil2cpp/icalls/mscorlib/System/GC.cpp
[1424/3420  0s] CopyFiles /Users/tuantu/Desktop/dev/AI/mobile/game_df/ios-build/Il2CppOutputProject/IL2CPP/libil2cpp/icalls/mscorlib/System/Exception.h
[1425/3420  0s] CopyFiles /Users/tuantu/Desktop/dev/AI/mobile/game_df/ios-build/Il2CppOutputProject/IL2CPP/libil2cpp/icalls/mscorlib/System/Environment.h
[1426/3420  0s] CopyFiles /Users/tuantu/Desktop/dev/AI/mobile/game_df/ios-build/Il2CppOutputProject/IL2CPP/libil2cpp/icalls/mscorlib/System/Environment.cpp
[1427/3420  0s] CopyFiles /Users/tuantu/Desktop/dev/AI/mobile/game_df/ios-build/Il2CppOutputProject/IL2CPP/libil2cpp/icalls/mscorlib/System/DateTime.h
[1428/3420  0s] CopyFiles /Users/tuantu/Desktop/dev/AI/mobile/game_df/ios-build/Il2CppOutputProject/IL2CPP/libil2cpp/icalls/mscorlib/System/Delegate.cpp
[1429/3420  0s] CopyFiles /Users/tuantu/Desktop/dev/AI/mobile/game_df/ios-build/Il2CppOutputProject/IL2CPP/libil2cpp/icalls/mscorlib/System/Enum.h
[1430/3420  0s] CopyFiles /Users/tuantu/Desktop/dev/AI/mobile/game_df/ios-build/Il2CppOutputProject/IL2CPP/libil2cpp/icalls/mscorlib/System/DateTime.cpp
[1431/3420  0s] CopyFiles /Users/tuantu/Desktop/dev/AI/mobile/game_df/ios-build/Il2CppOutputProject/IL2CPP/libil2cpp/icalls/mscorlib/System/Delegate.h
[1432/3420  0s] CopyFiles /Users/tuantu/Desktop/dev/AI/mobile/game_df/ios-build/Il2CppOutputProject/IL2CPP/libil2cpp/icalls/mscorlib/System/Enum.cpp
[1433/3420  0s] CopyFiles /Users/tuantu/Desktop/dev/AI/mobile/game_df/ios-build/Il2CppOutputProject/IL2CPP/libil2cpp/icalls/mscorlib/System/CurrentSystemTimeZone.h
[1434/3420  0s] CopyFiles /Users/tuantu/Desktop/dev/AI/mobile/game_df/ios-build/Il2CppOutputProject/IL2CPP/libil2cpp/icalls/mscorlib/System/CurrentSystemTimeZone.cpp
[1435/3420  0s] CopyFiles /Users/tuantu/Desktop/dev/AI/mobile/game_df/ios-build/Il2CppOutputProject/IL2CPP/libil2cpp/icalls/mscorlib/System/ConsoleDriver.h
[1436/3420  0s] CopyFiles /Users/tuantu/Desktop/dev/AI/mobile/game_df/ios-build/Il2CppOutputProject/IL2CPP/libil2cpp/icalls/mscorlib/System/Array.h
[1437/3420  0s] CopyFiles /Users/tuantu/Desktop/dev/AI/mobile/game_df/ios-build/Il2CppOutputProject/IL2CPP/libil2cpp/icalls/mscorlib/System/Buffer.h
[1438/3420  0s] CopyFiles /Users/tuantu/Desktop/dev/AI/mobile/game_df/ios-build/Il2CppOutputProject/IL2CPP/libil2cpp/icalls/mscorlib/System/CLRConfig.cpp
[1439/3420  0s] CopyFiles /Users/tuantu/Desktop/dev/AI/mobile/game_df/ios-build/Il2CppOutputProject/IL2CPP/libil2cpp/icalls/mscorlib/System/ConsoleDriver.cpp
[1440/3420  0s] CopyFiles /Users/tuantu/Desktop/dev/AI/mobile/game_df/ios-build/Il2CppOutputProject/IL2CPP/libil2cpp/icalls/mscorlib/System/Buffer.cpp
[1441/3420  0s] CopyFiles /Users/tuantu/Desktop/dev/AI/mobile/game_df/ios-build/Il2CppOutputProject/IL2CPP/libil2cpp/icalls/mscorlib/System/CLRConfig.h
[1442/3420  0s] CopyFiles /Users/tuantu/Desktop/dev/AI/mobile/game_df/ios-build/Il2CppOutputProject/IL2CPP/libil2cpp/icalls/mscorlib/System.Threading/Timer.cpp
[1443/3420  0s] CopyFiles /Users/tuantu/Desktop/dev/AI/mobile/game_df/ios-build/Il2CppOutputProject/IL2CPP/libil2cpp/icalls/mscorlib/System/AppDomain.cpp
[1444/3420  0s] CopyFiles /Users/tuantu/Desktop/dev/AI/mobile/game_df/ios-build/Il2CppOutputProject/IL2CPP/libil2cpp/icalls/mscorlib/System/ArgIterator.h
[1445/3420  0s] CopyFiles /Users/tuantu/Desktop/dev/AI/mobile/game_df/ios-build/Il2CppOutputProject/IL2CPP/libil2cpp/icalls/mscorlib/System/Array.cpp
[1446/3420  0s] CopyFiles /Users/tuantu/Desktop/dev/AI/mobile/game_df/ios-build/Il2CppOutputProject/IL2CPP/libil2cpp/icalls/mscorlib/System.Threading/WaitHandle.h
[1447/3420  0s] CopyFiles /Users/tuantu/Desktop/dev/AI/mobile/game_df/ios-build/Il2CppOutputProject/IL2CPP/libil2cpp/icalls/mscorlib/System/ArgIterator.cpp
[1448/3420  0s] CopyFiles /Users/tuantu/Desktop/dev/AI/mobile/game_df/ios-build/Il2CppOutputProject/IL2CPP/libil2cpp/icalls/mscorlib/System/AppDomain.h
[1449/3420  0s] CopyFiles /Users/tuantu/Desktop/dev/AI/mobile/game_df/ios-build/Il2CppOutputProject/IL2CPP/libil2cpp/icalls/mscorlib/System.Threading/WaitHandle.cpp
[1450/3420  0s] CopyFiles /Users/tuantu/Desktop/dev/AI/mobile/game_df/ios-build/Il2CppOutputProject/IL2CPP/libil2cpp/icalls/mscorlib/System.Threading/Timer.h
[1451/3420  0s] CopyFiles /Users/tuantu/Desktop/dev/AI/mobile/game_df/ios-build/Il2CppOutputProject/IL2CPP/libil2cpp/icalls/mscorlib/System.Threading/NativeEventCalls.cpp
[1452/3420  0s] CopyFiles /Users/tuantu/Desktop/dev/AI/mobile/game_df/ios-build/Il2CppOutputProject/IL2CPP/libil2cpp/icalls/mscorlib/System.Threading/Thread.h
[1453/3420  0s] CopyFiles /Users/tuantu/Desktop/dev/AI/mobile/game_df/ios-build/Il2CppOutputProject/IL2CPP/libil2cpp/icalls/mscorlib/System.Threading/Mutex.cpp
[1454/3420  0s] CopyFiles /Users/tuantu/Desktop/dev/AI/mobile/game_df/ios-build/Il2CppOutputProject/IL2CPP/libil2cpp/icalls/mscorlib/System.Threading/OSSpecificSynchronizationContext.h
[1455/3420  0s] CopyFiles /Users/tuantu/Desktop/dev/AI/mobile/game_df/ios-build/Il2CppOutputProject/IL2CPP/libil2cpp/icalls/mscorlib/System.Threading/OSSpecificSynchronizationContext.cpp
[1456/3420  0s] CopyFiles /Users/tuantu/Desktop/dev/AI/mobile/game_df/ios-build/Il2CppOutputProject/IL2CPP/libil2cpp/icalls/mscorlib/System.Threading/Thread.cpp
[1457/3420  0s] CopyFiles /Users/tuantu/Desktop/dev/AI/mobile/game_df/ios-build/Il2CppOutputProject/IL2CPP/libil2cpp/icalls/mscorlib/System.Threading/NativeEventCalls.h
[1458/3420  0s] CopyFiles /Users/tuantu/Desktop/dev/AI/mobile/game_df/ios-build/Il2CppOutputProject/IL2CPP/libil2cpp/icalls/mscorlib/System.Threading/Mutex.h
[1459/3420  0s] CopyFiles /Users/tuantu/Desktop/dev/AI/mobile/game_df/ios-build/Il2CppOutputProject/IL2CPP/libil2cpp/icalls/mscorlib/System.Threading/InternalThread.h
[1460/3420  0s] CopyFiles /Users/tuantu/Desktop/dev/AI/mobile/game_df/ios-build/Il2CppOutputProject/IL2CPP/libil2cpp/icalls/mscorlib/System.Threading/Interlocked.h
[1461/3420  0s] CopyFiles /Users/tuantu/Desktop/dev/AI/mobile/game_df/ios-build/Il2CppOutputProject/IL2CPP/libil2cpp/icalls/mscorlib/System.Threading/Monitor.h
[1462/3420  0s] CopyFiles /Users/tuantu/Desktop/dev/AI/mobile/game_df/ios-build/Il2CppOutputProject/IL2CPP/libil2cpp/icalls/mscorlib/System.Threading/InternalThread.cpp
[1463/3420  0s] CopyFiles /Users/tuantu/Desktop/dev/AI/mobile/game_df/ios-build/Il2CppOutputProject/IL2CPP/libil2cpp/icalls/mscorlib/System.Text/Normalization.cpp
[1464/3420  0s] CopyFiles /Users/tuantu/Desktop/dev/AI/mobile/game_df/ios-build/Il2CppOutputProject/IL2CPP/libil2cpp/icalls/mscorlib/System.Threading/Monitor.cpp
[1465/3420  0s] CopyFiles /Users/tuantu/Desktop/dev/AI/mobile/game_df/ios-build/Il2CppOutputProject/IL2CPP/libil2cpp/icalls/mscorlib/System.Text/Normalization.h
[1466/3420  0s] CopyFiles /Users/tuantu/Desktop/dev/AI/mobile/game_df/ios-build/Il2CppOutputProject/IL2CPP/libil2cpp/icalls/mscorlib/System.Threading/Interlocked.cpp
[1467/3420  0s] CopyFiles /Users/tuantu/Desktop/dev/AI/mobile/game_df/ios-build/Il2CppOutputProject/IL2CPP/libil2cpp/icalls/mscorlib/System.Text/EncodingHelper.h
[1468/3420  0s] CopyFiles /Users/tuantu/Desktop/dev/AI/mobile/game_df/ios-build/Il2CppOutputProject/IL2CPP/libil2cpp/icalls/mscorlib/System.Security.Principal/WindowsImpersonationContext.cpp
[1469/3420  0s] CopyFiles /Users/tuantu/Desktop/dev/AI/mobile/game_df/ios-build/Il2CppOutputProject/IL2CPP/libil2cpp/icalls/mscorlib/System.Text/EncodingHelper.cpp
[1470/3420  0s] CopyFiles /Users/tuantu/Desktop/dev/AI/mobile/game_df/ios-build/Il2CppOutputProject/IL2CPP/libil2cpp/icalls/mscorlib/System.Security.Principal/WindowsPrincipal.h
[1471/3420  0s] CopyFiles /Users/tuantu/Desktop/dev/AI/mobile/game_df/ios-build/Il2CppOutputProject/IL2CPP/libil2cpp/icalls/mscorlib/System.Security.Principal/WindowsIdentity.h
[1472/3420  0s] CopyFiles /Users/tuantu/Desktop/dev/AI/mobile/game_df/ios-build/Il2CppOutputProject/IL2CPP/libil2cpp/icalls/mscorlib/System.Security.Policy/Evidence.cpp
[1473/3420  0s] CopyFiles /Users/tuantu/Desktop/dev/AI/mobile/game_df/ios-build/Il2CppOutputProject/IL2CPP/libil2cpp/icalls/mscorlib/System.Security.Principal/WindowsPrincipal.cpp
[1474/3420  0s] CopyFiles /Users/tuantu/Desktop/dev/AI/mobile/game_df/ios-build/Il2CppOutputProject/IL2CPP/libil2cpp/icalls/mscorlib/System.Security.Principal/WindowsIdentity.cpp
[1475/3420  0s] CopyFiles /Users/tuantu/Desktop/dev/AI/mobile/game_df/ios-build/Il2CppOutputProject/IL2CPP/libil2cpp/icalls/mscorlib/System.Security.Cryptography/RNGCryptoServiceProvider.h
[1476/3420  0s] CopyFiles /Users/tuantu/Desktop/dev/AI/mobile/game_df/ios-build/Il2CppOutputProject/IL2CPP/libil2cpp/icalls/mscorlib/System.Security.Policy/Evidence.h
[1477/3420  0s] CopyFiles /Users/tuantu/Desktop/dev/AI/mobile/game_df/ios-build/Il2CppOutputProject/IL2CPP/libil2cpp/icalls/mscorlib/System.Security.Principal/WindowsImpersonationContext.h
[1478/3420  0s] CopyFiles /Users/tuantu/Desktop/dev/AI/mobile/game_df/ios-build/Il2CppOutputProject/IL2CPP/libil2cpp/icalls/mscorlib/System.Runtime/RuntimeImports.h
[1479/3420  0s] CopyFiles /Users/tuantu/Desktop/dev/AI/mobile/game_df/ios-build/Il2CppOutputProject/IL2CPP/libil2cpp/icalls/mscorlib/System.Security.Cryptography/RNGCryptoServiceProvider.cpp
[1480/3420  0s] CopyFiles /Users/tuantu/Desktop/dev/AI/mobile/game_df/ios-build/Il2CppOutputProject/IL2CPP/libil2cpp/icalls/mscorlib/System.Runtime/RuntimeImports.cpp
[1481/3420  0s] CopyFiles /Users/tuantu/Desktop/dev/AI/mobile/game_df/ios-build/Il2CppOutputProject/IL2CPP/libil2cpp/icalls/mscorlib/System.Runtime.Versioning/VersioningHelper.cpp
[1482/3420  0s] CopyFiles /Users/tuantu/Desktop/dev/AI/mobile/game_df/ios-build/Il2CppOutputProject/IL2CPP/libil2cpp/icalls/mscorlib/System.Runtime.Remoting/RemotingServices.h
[1483/3420  0s] CopyFiles /Users/tuantu/Desktop/dev/AI/mobile/game_df/ios-build/Il2CppOutputProject/IL2CPP/libil2cpp/icalls/mscorlib/System.Runtime.Remoting.Messaging/MonoMethodMessage.cpp
[1484/3420  0s] CopyFiles /Users/tuantu/Desktop/dev/AI/mobile/game_df/ios-build/Il2CppOutputProject/IL2CPP/libil2cpp/icalls/mscorlib/System.Runtime.Versioning/VersioningHelper.h
[1485/3420  0s] CopyFiles /Users/tuantu/Desktop/dev/AI/mobile/game_df/ios-build/Il2CppOutputProject/IL2CPP/libil2cpp/icalls/mscorlib/System.Runtime.Remoting.Messaging/MonoMethodMessage.h
[1486/3420  0s] CopyFiles /Users/tuantu/Desktop/dev/AI/mobile/game_df/ios-build/Il2CppOutputProject/IL2CPP/libil2cpp/icalls/mscorlib/System.Runtime.Remoting/RemotingServices.cpp
[1487/3420  0s] CopyFiles /Users/tuantu/Desktop/dev/AI/mobile/game_df/ios-build/Il2CppOutputProject/IL2CPP/libil2cpp/icalls/mscorlib/System.Runtime.Remoting.Proxies/RealProxy.h
[1488/3420  0s] CopyFiles /Users/tuantu/Desktop/dev/AI/mobile/game_df/ios-build/Il2CppOutputProject/IL2CPP/libil2cpp/icalls/mscorlib/System.Runtime.Remoting.Proxies/RealProxy.cpp
[1489/3420  0s] CopyFiles /Users/tuantu/Desktop/dev/AI/mobile/game_df/ios-build/Il2CppOutputProject/IL2CPP/libil2cpp/icalls/mscorlib/System.Runtime.Remoting.Messaging/AsyncResult.cpp
[1490/3420  0s] CopyFiles /Users/tuantu/Desktop/dev/AI/mobile/game_df/ios-build/Il2CppOutputProject/IL2CPP/libil2cpp/icalls/mscorlib/System.Runtime.Remoting.Contexts/Context.h
[1491/3420  0s] CopyFiles /Users/tuantu/Desktop/dev/AI/mobile/game_df/ios-build/Il2CppOutputProject/IL2CPP/libil2cpp/icalls/mscorlib/System.Runtime.Remoting.Messaging/AsyncResult.h
[1492/3420  0s] CopyFiles /Users/tuantu/Desktop/dev/AI/mobile/game_df/ios-build/Il2CppOutputProject/IL2CPP/libil2cpp/icalls/mscorlib/System.Runtime.Remoting.Activation/ActivationServices.cpp
[1493/3420  0s] CopyFiles /Users/tuantu/Desktop/dev/AI/mobile/game_df/ios-build/Il2CppOutputProject/IL2CPP/libil2cpp/icalls/mscorlib/System.Runtime.Remoting.Contexts/Context.cpp
[1494/3420  0s] CopyFiles /Users/tuantu/Desktop/dev/AI/mobile/game_df/ios-build/Il2CppOutputProject/IL2CPP/libil2cpp/icalls/mscorlib/System.Runtime.InteropServices/RuntimeInformation.h
[1495/3420  0s] CopyFiles /Users/tuantu/Desktop/dev/AI/mobile/game_df/ios-build/Il2CppOutputProject/IL2CPP/libil2cpp/icalls/mscorlib/System.Runtime.InteropServices/RuntimeInformation.cpp
[1496/3420  0s] CopyFiles /Users/tuantu/Desktop/dev/AI/mobile/game_df/ios-build/Il2CppOutputProject/IL2CPP/libil2cpp/icalls/mscorlib/System.Runtime.Remoting.Activation/ActivationServices.h
[1497/3420  0s] CopyFiles /Users/tuantu/Desktop/dev/AI/mobile/game_df/ios-build/Il2CppOutputProject/IL2CPP/libil2cpp/icalls/mscorlib/System.Runtime.InteropServices/Marshal.h
[1498/3420  0s] CopyFiles /Users/tuantu/Desktop/dev/AI/mobile/game_df/ios-build/Il2CppOutputProject/IL2CPP/libil2cpp/icalls/mscorlib/System.Runtime.InteropServices/Marshal.cpp
[1499/3420  0s] CopyFiles /Users/tuantu/Desktop/dev/AI/mobile/game_df/ios-build/Il2CppOutputProject/IL2CPP/libil2cpp/icalls/mscorlib/System.Runtime.CompilerServices/RuntimeHelpers.h
[1500/3420  0s] CopyFiles /Users/tuantu/Desktop/dev/AI/mobile/game_df/ios-build/Il2CppOutputProject/IL2CPP/libil2cpp/icalls/mscorlib/System.Runtime.InteropServices/GCHandle.h
[1501/3420  0s] CopyFiles /Users/tuantu/Desktop/dev/AI/mobile/game_df/ios-build/Il2CppOutputProject/IL2CPP/libil2cpp/icalls/mscorlib/System.Runtime.InteropServices/GCHandle.cpp
[1502/3420  0s] CopyFiles /Users/tuantu/Desktop/dev/AI/mobile/game_df/ios-build/Il2CppOutputProject/IL2CPP/libil2cpp/icalls/mscorlib/System.Runtime.CompilerServices/RuntimeHelpers.cpp
[1503/3420  0s] CopyFiles /Users/tuantu/Desktop/dev/AI/mobile/game_df/ios-build/Il2CppOutputProject/IL2CPP/libil2cpp/icalls/mscorlib/System.Reflection/RuntimePropertyInfo.h
[1504/3420  0s] CopyFiles /Users/tuantu/Desktop/dev/AI/mobile/game_df/ios-build/Il2CppOutputProject/IL2CPP/libil2cpp/icalls/mscorlib/System.Reflection/RuntimeMethodInfo.cpp
[1505/3420  0s] CopyFiles /Users/tuantu/Desktop/dev/AI/mobile/game_df/ios-build/Il2CppOutputProject/IL2CPP/libil2cpp/icalls/mscorlib/System.Reflection/RuntimeParameterInfo.cpp
[1506/3420  0s] CopyFiles /Users/tuantu/Desktop/dev/AI/mobile/game_df/ios-build/Il2CppOutputProject/IL2CPP/libil2cpp/icalls/mscorlib/System.Reflection/RuntimeParameterInfo.h
[1507/3420  0s] CopyFiles /Users/tuantu/Desktop/dev/AI/mobile/game_df/ios-build/Il2CppOutputProject/IL2CPP/libil2cpp/icalls/mscorlib/System.Reflection/RuntimePropertyInfo.cpp
[1508/3420  0s] CopyFiles /Users/tuantu/Desktop/dev/AI/mobile/game_df/ios-build/Il2CppOutputProject/IL2CPP/libil2cpp/icalls/mscorlib/System.Reflection/RuntimeModule.h
[1509/3420  0s] CopyFiles /Users/tuantu/Desktop/dev/AI/mobile/game_df/ios-build/Il2CppOutputProject/IL2CPP/libil2cpp/icalls/mscorlib/System.Reflection/RuntimeConstructorInfo.h
[1510/3420  0s] CopyFiles /Users/tuantu/Desktop/dev/AI/mobile/game_df/ios-build/Il2CppOutputProject/IL2CPP/libil2cpp/icalls/mscorlib/System.Reflection/RuntimeEventInfo.h
[1511/3420  0s] CopyFiles /Users/tuantu/Desktop/dev/AI/mobile/game_df/ios-build/Il2CppOutputProject/IL2CPP/libil2cpp/icalls/mscorlib/System.Reflection/RuntimeConstructorInfo.cpp
[1512/3420  0s] CopyFiles /Users/tuantu/Desktop/dev/AI/mobile/game_df/ios-build/Il2CppOutputProject/IL2CPP/libil2cpp/icalls/mscorlib/System.Reflection/RuntimeEventInfo.cpp
[1513/3420  0s] CopyFiles /Users/tuantu/Desktop/dev/AI/mobile/game_df/ios-build/Il2CppOutputProject/IL2CPP/libil2cpp/icalls/mscorlib/System.Reflection/RuntimeMethodInfo.h
[1514/3420  0s] CopyFiles /Users/tuantu/Desktop/dev/AI/mobile/game_df/ios-build/Il2CppOutputProject/IL2CPP/libil2cpp/icalls/mscorlib/System.Reflection/RuntimeModule.cpp
[1515/3420  0s] CopyFiles /Users/tuantu/Desktop/dev/AI/mobile/game_df/ios-build/Il2CppOutputProject/IL2CPP/libil2cpp/icalls/mscorlib/System.Reflection/RuntimeFieldInfo.h
[1516/3420  0s] CopyFiles /Users/tuantu/Desktop/dev/AI/mobile/game_df/ios-build/Il2CppOutputProject/IL2CPP/libil2cpp/icalls/mscorlib/System.Reflection/RuntimeFieldInfo.cpp
[1517/3420  0s] CopyFiles /Users/tuantu/Desktop/dev/AI/mobile/game_df/ios-build/Il2CppOutputProject/IL2CPP/libil2cpp/icalls/mscorlib/System.Reflection/ParameterInfo.cpp
[1518/3420  0s] CopyFiles /Users/tuantu/Desktop/dev/AI/mobile/game_df/ios-build/Il2CppOutputProject/IL2CPP/libil2cpp/icalls/mscorlib/System.Reflection/RuntimeAssembly.h
[1519/3420  0s] CopyFiles /Users/tuantu/Desktop/dev/AI/mobile/game_df/ios-build/Il2CppOutputProject/IL2CPP/libil2cpp/icalls/mscorlib/System.Reflection/RuntimeAssembly.cpp
[1520/3420  0s] CopyFiles /Users/tuantu/Desktop/dev/AI/mobile/game_df/ios-build/Il2CppOutputProject/IL2CPP/libil2cpp/icalls/mscorlib/System.Reflection/MonoMethod.cpp
[1521/3420  0s] CopyFiles /Users/tuantu/Desktop/dev/AI/mobile/game_df/ios-build/Il2CppOutputProject/IL2CPP/libil2cpp/icalls/mscorlib/System.Reflection/Module.cpp
[1522/3420  0s] CopyFiles /Users/tuantu/Desktop/dev/AI/mobile/game_df/ios-build/Il2CppOutputProject/IL2CPP/libil2cpp/icalls/mscorlib/System.Reflection/MonoMethodInfo.h
[1523/3420  0s] CopyFiles /Users/tuantu/Desktop/dev/AI/mobile/game_df/ios-build/Il2CppOutputProject/IL2CPP/libil2cpp/icalls/mscorlib/System.Reflection/MonoMethodInfo.cpp
[1524/3420  0s] CopyFiles /Users/tuantu/Desktop/dev/AI/mobile/game_df/ios-build/Il2CppOutputProject/IL2CPP/libil2cpp/icalls/mscorlib/System.Reflection/Module.h
[1525/3420  0s] CopyFiles /Users/tuantu/Desktop/dev/AI/mobile/game_df/ios-build/Il2CppOutputProject/IL2CPP/libil2cpp/icalls/mscorlib/System.Reflection/MethodBase.h
[1526/3420  0s] CopyFiles /Users/tuantu/Desktop/dev/AI/mobile/game_df/ios-build/Il2CppOutputProject/IL2CPP/libil2cpp/icalls/mscorlib/System.Reflection/MethodBase.cpp
[1527/3420  0s] CopyFiles /Users/tuantu/Desktop/dev/AI/mobile/game_df/ios-build/Il2CppOutputProject/IL2CPP/libil2cpp/icalls/mscorlib/System.Reflection/FieldInfo.h
[1528/3420  0s] CopyFiles /Users/tuantu/Desktop/dev/AI/mobile/game_df/ios-build/Il2CppOutputProject/IL2CPP/libil2cpp/icalls/mscorlib/System.Reflection/FieldInfo.cpp
[1529/3420  0s] CopyFiles /Users/tuantu/Desktop/dev/AI/mobile/game_df/ios-build/Il2CppOutputProject/IL2CPP/libil2cpp/icalls/mscorlib/System.Reflection/AssemblyName.h
[1530/3420  0s] CopyFiles /Users/tuantu/Desktop/dev/AI/mobile/game_df/ios-build/Il2CppOutputProject/IL2CPP/libil2cpp/icalls/mscorlib/System.Reflection/CustomAttributeData.cpp
[1531/3420  0s] CopyFiles /Users/tuantu/Desktop/dev/AI/mobile/game_df/ios-build/Il2CppOutputProject/IL2CPP/libil2cpp/icalls/mscorlib/System.Reflection/EventInfo.cpp
[1532/3420  0s] CopyFiles /Users/tuantu/Desktop/dev/AI/mobile/game_df/ios-build/Il2CppOutputProject/IL2CPP/libil2cpp/icalls/mscorlib/System.Reflection/EventInfo.h
[1533/3420  0s] CopyFiles /Users/tuantu/Desktop/dev/AI/mobile/game_df/ios-build/Il2CppOutputProject/IL2CPP/libil2cpp/icalls/mscorlib/System.Reflection/CustomAttributeData.h
[1534/3420  0s] CopyFiles /Users/tuantu/Desktop/dev/AI/mobile/game_df/ios-build/Il2CppOutputProject/IL2CPP/libil2cpp/icalls/mscorlib/System.Reflection/Assembly.cpp
[1535/3420  0s] CopyFiles /Users/tuantu/Desktop/dev/AI/mobile/game_df/ios-build/Il2CppOutputProject/IL2CPP/libil2cpp/icalls/mscorlib/System.Reflection/Assembly.h
[1536/3420  0s] CopyFiles /Users/tuantu/Desktop/dev/AI/mobile/game_df/ios-build/Il2CppOutputProject/IL2CPP/libil2cpp/icalls/mscorlib/System.IO/Path.cpp
[1537/3420  0s] CopyFiles /Users/tuantu/Desktop/dev/AI/mobile/game_df/ios-build/Il2CppOutputProject/IL2CPP/libil2cpp/icalls/mscorlib/System.IO/DriveInfo.h
[1538/3420  0s] CopyFiles /Users/tuantu/Desktop/dev/AI/mobile/game_df/ios-build/Il2CppOutputProject/IL2CPP/libil2cpp/icalls/mscorlib/System.Reflection/AssemblyName.cpp
[1539/3420  0s] CopyFiles /Users/tuantu/Desktop/dev/AI/mobile/game_df/ios-build/Il2CppOutputProject/IL2CPP/libil2cpp/icalls/mscorlib/System.IO/MonoIO.h
[1540/3420  0s] CopyFiles /Users/tuantu/Desktop/dev/AI/mobile/game_df/ios-build/Il2CppOutputProject/IL2CPP/libil2cpp/icalls/mscorlib/System.IO/Path.h
[1541/3420  0s] CopyFiles /Users/tuantu/Desktop/dev/AI/mobile/game_df/ios-build/Il2CppOutputProject/IL2CPP/libil2cpp/icalls/mscorlib/System.IO/MonoIO.cpp
[1542/3420  0s] CopyFiles /Users/tuantu/Desktop/dev/AI/mobile/game_df/ios-build/Il2CppOutputProject/IL2CPP/libil2cpp/icalls/mscorlib/System.IO/DriveInfo.cpp
[1543/3420  0s] CopyFiles /Users/tuantu/Desktop/dev/AI/mobile/game_df/ios-build/Il2CppOutputProject/IL2CPP/libil2cpp/icalls/mscorlib/System.IO/BrokeredFileSystem.h
[1544/3420  0s] CopyFiles /Users/tuantu/Desktop/dev/AI/mobile/game_df/ios-build/Il2CppOutputProject/IL2CPP/libil2cpp/icalls/mscorlib/System.IO/BrokeredFileSystem.cpp
[1545/3420  0s] CopyFiles /Users/tuantu/Desktop/dev/AI/mobile/game_df/ios-build/Il2CppOutputProject/IL2CPP/libil2cpp/icalls/mscorlib/System.Globalization/CultureInfoTables.h
[1546/3420  0s] CopyFiles /Users/tuantu/Desktop/dev/AI/mobile/game_df/ios-build/Il2CppOutputProject/IL2CPP/libil2cpp/icalls/mscorlib/System.Globalization/RegionInfo.cpp
[1547/3420  0s] CopyFiles /Users/tuantu/Desktop/dev/AI/mobile/game_df/ios-build/Il2CppOutputProject/IL2CPP/libil2cpp/icalls/mscorlib/System.Globalization/Generated/CultureInfoInternalsNet_4_0.h
[1548/3420  0s] CopyFiles /Users/tuantu/Desktop/dev/AI/mobile/game_df/ios-build/Il2CppOutputProject/IL2CPP/libil2cpp/icalls/mscorlib/System.Globalization/RegionInfo.h
[1549/3420  0s] CopyFiles /Users/tuantu/Desktop/dev/AI/mobile/game_df/ios-build/Il2CppOutputProject/IL2CPP/libil2cpp/icalls/mscorlib/System.Globalization/CultureInfo.h
[1550/3420  0s] CopyFiles /Users/tuantu/Desktop/dev/AI/mobile/game_df/ios-build/Il2CppOutputProject/IL2CPP/libil2cpp/icalls/mscorlib/System.Globalization/CultureInfoInternals.h
[1551/3420  0s] CopyFiles /Users/tuantu/Desktop/dev/AI/mobile/game_df/ios-build/Il2CppOutputProject/IL2CPP/libil2cpp/icalls/mscorlib/System.Globalization/CultureData.h
[1552/3420  0s] CopyFiles /Users/tuantu/Desktop/dev/AI/mobile/game_df/ios-build/Il2CppOutputProject/IL2CPP/libil2cpp/icalls/mscorlib/System.Globalization/Generated/CultureInfoTablesNet_4_0.h
[1553/3420  0s] CopyFiles /Users/tuantu/Desktop/dev/AI/mobile/game_df/ios-build/Il2CppOutputProject/IL2CPP/libil2cpp/icalls/mscorlib/System.Globalization/CompareInfo.cpp
[1554/3420  0s] CopyFiles /Users/tuantu/Desktop/dev/AI/mobile/game_df/ios-build/Il2CppOutputProject/IL2CPP/libil2cpp/icalls/mscorlib/System.Globalization/CompareInfo.h
[1555/3420  0s] CopyFiles /Users/tuantu/Desktop/dev/AI/mobile/game_df/ios-build/Il2CppOutputProject/IL2CPP/libil2cpp/icalls/mscorlib/System.Globalization/CompareOptions.h
[1556/3420  0s] CopyFiles /Users/tuantu/Desktop/dev/AI/mobile/game_df/ios-build/Il2CppOutputProject/IL2CPP/libil2cpp/icalls/mscorlib/System.Globalization/CultureData.cpp
[1557/3420  0s] CopyFiles /Users/tuantu/Desktop/dev/AI/mobile/game_df/ios-build/Il2CppOutputProject/IL2CPP/libil2cpp/icalls/mscorlib/System.Globalization/CultureInfo.cpp
[1558/3420  0s] CopyFiles /Users/tuantu/Desktop/dev/AI/mobile/game_df/ios-build/Il2CppOutputProject/IL2CPP/libil2cpp/icalls/mscorlib/System.Globalization/CalendarData.h
[1559/3420  0s] CopyFiles /Users/tuantu/Desktop/dev/AI/mobile/game_df/ios-build/Il2CppOutputProject/IL2CPP/libil2cpp/icalls/mscorlib/System.Globalization/CalendarData.cpp
[1560/3420  0s] CopyFiles /Users/tuantu/Desktop/dev/AI/mobile/game_df/ios-build/Il2CppOutputProject/IL2CPP/libil2cpp/icalls/mscorlib/System.Diagnostics/StackFrame.h
[1561/3420  0s] CopyFiles /Users/tuantu/Desktop/dev/AI/mobile/game_df/ios-build/Il2CppOutputProject/IL2CPP/libil2cpp/icalls/mscorlib/System.Diagnostics/StackFrame.cpp
[1562/3420  0s] CopyFiles /Users/tuantu/Desktop/dev/AI/mobile/game_df/ios-build/Il2CppOutputProject/IL2CPP/libil2cpp/icalls/mscorlib/System.Diagnostics/StackTrace.cpp
[1563/3420  0s] CopyFiles /Users/tuantu/Desktop/dev/AI/mobile/game_df/ios-build/Il2CppOutputProject/IL2CPP/libil2cpp/icalls/mscorlib/System.Diagnostics/StackTrace.h
[1564/3420  0s] CopyFiles /Users/tuantu/Desktop/dev/AI/mobile/game_df/ios-build/Il2CppOutputProject/IL2CPP/libil2cpp/icalls/mscorlib/Mono/RuntimeGPtrArrayHandle.h
[1565/3420  0s] CopyFiles /Users/tuantu/Desktop/dev/AI/mobile/game_df/ios-build/Il2CppOutputProject/IL2CPP/libil2cpp/icalls/mscorlib/Mono/RuntimeMarshal.h
[1566/3420  0s] CopyFiles /Users/tuantu/Desktop/dev/AI/mobile/game_df/ios-build/Il2CppOutputProject/IL2CPP/libil2cpp/icalls/mscorlib/Mono/SafeStringMarshal.cpp
[1567/3420  0s] CopyFiles /Users/tuantu/Desktop/dev/AI/mobile/game_df/ios-build/Il2CppOutputProject/IL2CPP/libil2cpp/icalls/mscorlib/System.Diagnostics/Debugger.cpp
[1568/3420  0s] CopyFiles /Users/tuantu/Desktop/dev/AI/mobile/game_df/ios-build/Il2CppOutputProject/IL2CPP/libil2cpp/icalls/mscorlib/System.Diagnostics/Debugger.h
[1569/3420  0s] CopyFiles /Users/tuantu/Desktop/dev/AI/mobile/game_df/ios-build/Il2CppOutputProject/IL2CPP/libil2cpp/icalls/mscorlib/Mono/SafeStringMarshal.h
[1570/3420  0s] CopyFiles /Users/tuantu/Desktop/dev/AI/mobile/game_df/ios-build/Il2CppOutputProject/IL2CPP/libil2cpp/icalls/mscorlib/Mono/RuntimeMarshal.cpp
[1571/3420  0s] CopyFiles /Users/tuantu/Desktop/dev/AI/mobile/game_df/ios-build/Il2CppOutputProject/IL2CPP/libil2cpp/icalls/mscorlib/Mono/RuntimeClassHandle.h
[1572/3420  0s] CopyFiles /Users/tuantu/Desktop/dev/AI/mobile/game_df/ios-build/Il2CppOutputProject/IL2CPP/libil2cpp/icalls/mscorlib/Mono.Unity/UnityTls.h
[1573/3420  0s] CopyFiles /Users/tuantu/Desktop/dev/AI/mobile/game_df/ios-build/Il2CppOutputProject/IL2CPP/libil2cpp/icalls/mscorlib/Mono.Security.Cryptography/KeyPairPersistence.h
[1574/3420  0s] CopyFiles /Users/tuantu/Desktop/dev/AI/mobile/game_df/ios-build/Il2CppOutputProject/IL2CPP/libil2cpp/icalls/mscorlib/Mono/RuntimeGPtrArrayHandle.cpp
[1575/3420  0s] CopyFiles /Users/tuantu/Desktop/dev/AI/mobile/game_df/ios-build/Il2CppOutputProject/IL2CPP/libil2cpp/icalls/mscorlib/Mono.Unity/UnityTls.cpp
[1576/3420  0s] CopyFiles /Users/tuantu/Desktop/dev/AI/mobile/game_df/ios-build/Il2CppOutputProject/IL2CPP/libil2cpp/icalls/mscorlib/Mono/RuntimeClassHandle.cpp
[1577/3420  0s] CopyFiles /Users/tuantu/Desktop/dev/AI/mobile/game_df/ios-build/Il2CppOutputProject/IL2CPP/libil2cpp/icalls/mscorlib/Mono/Runtime.h
[1578/3420  0s] CopyFiles /Users/tuantu/Desktop/dev/AI/mobile/game_df/ios-build/Il2CppOutputProject/IL2CPP/libil2cpp/icalls/mscorlib/Mono/Runtime.cpp
[1579/3420  0s] CopyFiles /Users/tuantu/Desktop/dev/AI/mobile/game_df/ios-build/Il2CppOutputProject/IL2CPP/libil2cpp/icalls/mscorlib/Mono.Security.Cryptography/KeyPairPersistence.cpp
[1580/3420  0s] CopyFiles /Users/tuantu/Desktop/dev/AI/mobile/game_df/ios-build/Il2CppOutputProject/IL2CPP/libil2cpp/icalls/mscorlib/Interop.cpp
[1581/3420  0s] CopyFiles /Users/tuantu/Desktop/dev/AI/mobile/game_df/ios-build/Il2CppOutputProject/IL2CPP/libil2cpp/icalls/mscorlib/Interop.h
[1582/3420  0s] CopyFiles /Users/tuantu/Desktop/dev/AI/mobile/game_df/ios-build/Il2CppOutputProject/IL2CPP/libil2cpp/icalls/mscorlib/Microsoft.Win32/NativeMethods.h
[1583/3420  0s] AddBootConfigGUID Library/Bee/artifacts/iOS/boot.config
[1584/3420  0s] CopyFiles /Users/tuantu/Desktop/dev/AI/mobile/game_df/ios-build/Il2CppOutputProject/IL2CPP/libil2cpp/gc/WriteBarrier.h
[1585/3420  0s] CopyFiles /Users/tuantu/Desktop/dev/AI/mobile/game_df/ios-build/Il2CppOutputProject/IL2CPP/libil2cpp/gc/WriteBarrier.cpp
[1586/3420  0s] CopyFiles /Users/tuantu/Desktop/dev/AI/mobile/game_df/ios-build/Il2CppOutputProject/IL2CPP/libil2cpp/gc/WriteBarrierValidation.cpp
[1587/3420  0s] CopyFiles /Users/tuantu/Desktop/dev/AI/mobile/game_df/ios-build/Il2CppOutputProject/IL2CPP/libil2cpp/gc/NullGC.cpp
[1588/3420  0s] CopyFiles /Users/tuantu/Desktop/dev/AI/mobile/game_df/ios-build/Il2CppOutputProject/IL2CPP/libil2cpp/gc/gc_wrapper.h
[1589/3420  0s] CopyFiles /Users/tuantu/Desktop/dev/AI/mobile/game_df/ios-build/Il2CppOutputProject/IL2CPP/libil2cpp/gc/GCHandle.h
[1590/3420  0s] CopyFiles /Users/tuantu/Desktop/dev/AI/mobile/game_df/ios-build/Il2CppOutputProject/IL2CPP/libil2cpp/gc/AppendOnlyGCHashMap.h
[1591/3420  0s] CopyFiles /Users/tuantu/Desktop/dev/AI/mobile/game_df/ios-build/Il2CppOutputProject/IL2CPP/libil2cpp/gc/WriteBarrierValidation.h
[1592/3420  0s] CopyFiles /Users/tuantu/Desktop/dev/AI/mobile/game_df/ios-build/Il2CppOutputProject/IL2CPP/libil2cpp/gc/Allocator.h
[1593/3420  0s] CopyFiles /Users/tuantu/Desktop/dev/AI/mobile/game_df/ios-build/Il2CppOutputProject/IL2CPP/libil2cpp/gc/GarbageCollector.h
[1594/3420  0s] CopyFiles /Users/tuantu/Desktop/dev/AI/mobile/game_df/ios-build/Il2CppOutputProject/IL2CPP/libil2cpp/icalls/mscorlib/Microsoft.Win32/NativeMethods.cpp
[1595/3420  0s] CopyFiles /Users/tuantu/Desktop/dev/AI/mobile/game_df/ios-build/Il2CppOutputProject/IL2CPP/libil2cpp/gc/GarbageCollector.cpp
[1596/3420  0s] CopyFiles /Users/tuantu/Desktop/dev/AI/mobile/game_df/ios-build/Il2CppOutputProject/IL2CPP/libil2cpp/gc/GCHandle.cpp
[1597/3420  0s] CopyFiles /Users/tuantu/Desktop/dev/AI/mobile/game_df/ios-build/Il2CppOutputProject/IL2CPP/libil2cpp/gc/BoehmGC.cpp
[1598/3420  0s] CopyFiles /Users/tuantu/Desktop/dev/AI/mobile/game_df/ios-build/Il2CppOutputProject/IL2CPP/libil2cpp/debugger/il2cpp-api-debugger.h
[1599/3420  0s] CopyFiles /Users/tuantu/Desktop/dev/AI/mobile/game_df/ios-build/Il2CppOutputProject/IL2CPP/libil2cpp/debugger/il2cpp-api-debugger.cpp
[1600/3420  0s] CopyFiles /Users/tuantu/Desktop/dev/AI/mobile/game_df/ios-build/Il2CppOutputProject/IL2CPP/libil2cpp/codegen/il2cpp-codegen.cpp
[1601/3420  0s] CopyFiles /Users/tuantu/Desktop/dev/AI/mobile/game_df/ios-build/Il2CppOutputProject/IL2CPP/libil2cpp/codegen/il2cpp-codegen.h
[1602/3420  0s] CopyFiles /Users/tuantu/Desktop/dev/AI/mobile/game_df/ios-build/Il2CppOutputProject/IL2CPP/libil2cpp/char-conversions.h
[1603/3420  0s] CopyFiles /Users/tuantu/Desktop/dev/AI/mobile/game_df/ios-build/Il2CppOutputProject/IL2CPP/libil2cpp/codegen/il2cpp-codegen-oldintrinsics.h
[1604/3420  0s] CopyFiles /Users/tuantu/Desktop/dev/AI/mobile/game_df/ios-build/Il2CppOutputProject/IL2CPP/libil2cpp/codegen/il2cpp-codegen-metadata.h
[1605/3420  0s] CopyFiles /Users/tuantu/Desktop/dev/AI/mobile/game_df/ios-build/Il2CppOutputProject/IL2CPP/libil2cpp/codegen/il2cpp-codegen-oldintrinsics.cpp
[1606/3420  0s] CopyFiles /Users/tuantu/Desktop/dev/AI/mobile/game_df/ios-build/Il2CppOutputProject/IL2CPP/external/zlib-unity/zutil.h
[1607/3420  0s] CopyFiles /Users/tuantu/Desktop/dev/AI/mobile/game_df/ios-build/Il2CppOutputProject/IL2CPP/external/zlib-unity/zutil.c
[1608/3420  0s] CopyFiles /Users/tuantu/Desktop/dev/AI/mobile/game_df/ios-build/Il2CppOutputProject/IL2CPP/libil2cpp/char-conversions.cpp
[1609/3420  0s] CopyFiles /Users/tuantu/Desktop/dev/AI/mobile/game_df/ios-build/Il2CppOutputProject/IL2CPP/external/zlib-unity/trees.h
[1610/3420  0s] CopyFiles /Users/tuantu/Desktop/dev/AI/mobile/game_df/ios-build/Il2CppOutputProject/IL2CPP/external/zlib-unity/uncompr.c
[1611/3420  0s] CopyFiles /Users/tuantu/Desktop/dev/AI/mobile/game_df/ios-build/Il2CppOutputProject/IL2CPP/external/zlib-unity/trees.c
[1612/3420  0s] CopyFiles /Users/tuantu/Desktop/dev/AI/mobile/game_df/ios-build/Il2CppOutputProject/IL2CPP/external/zlib-unity/README
[1613/3420  0s] CopyFiles /Users/tuantu/Desktop/dev/AI/mobile/game_df/ios-build/Il2CppOutputProject/IL2CPP/external/zlib-unity/zconf.h
[1614/3420  0s] CopyFiles /Users/tuantu/Desktop/dev/AI/mobile/game_df/ios-build/Il2CppOutputProject/IL2CPP/external/zlib-unity/inftrees.c
[1615/3420  0s] CopyFiles /Users/tuantu/Desktop/dev/AI/mobile/game_df/ios-build/Il2CppOutputProject/IL2CPP/external/zlib-unity/inftrees.h
[1616/3420  0s] CopyFiles /Users/tuantu/Desktop/dev/AI/mobile/game_df/ios-build/Il2CppOutputProject/IL2CPP/external/zlib-unity/zlib.h
[1617/3420  0s] CopyFiles /Users/tuantu/Desktop/dev/AI/mobile/game_df/ios-build/Il2CppOutputProject/IL2CPP/external/zlib-unity/inflate.h
[1618/3420  0s] CopyFiles /Users/tuantu/Desktop/dev/AI/mobile/game_df/ios-build/Il2CppOutputProject/IL2CPP/external/zlib-unity/inffixed.h
[1619/3420  0s] CopyFiles /Users/tuantu/Desktop/dev/AI/mobile/game_df/ios-build/Il2CppOutputProject/IL2CPP/external/zlib-unity/gzwrite.c
[1620/3420  0s] CopyFiles /Users/tuantu/Desktop/dev/AI/mobile/game_df/ios-build/Il2CppOutputProject/IL2CPP/external/zlib-unity/inffast.c
[1621/3420  0s] CopyFiles /Users/tuantu/Desktop/dev/AI/mobile/game_df/ios-build/Il2CppOutputProject/IL2CPP/external/zlib-unity/inffast.h
[1622/3420  0s] CopyFiles /Users/tuantu/Desktop/dev/AI/mobile/game_df/ios-build/Il2CppOutputProject/IL2CPP/external/zlib-unity/inflate.c
[1623/3420  0s] CopyFiles /Users/tuantu/Desktop/dev/AI/mobile/game_df/ios-build/Il2CppOutputProject/IL2CPP/external/zlib-unity/infback.c
[1624/3420  0s] CopyFiles /Users/tuantu/Desktop/dev/AI/mobile/game_df/ios-build/Il2CppOutputProject/IL2CPP/external/zlib-unity/gzguts.h
[1625/3420  0s] CopyFiles /Users/tuantu/Desktop/dev/AI/mobile/game_df/ios-build/Il2CppOutputProject/IL2CPP/external/zlib-unity/gzlib.c
[1626/3420  0s] CopyFiles /Users/tuantu/Desktop/dev/AI/mobile/game_df/ios-build/Il2CppOutputProject/IL2CPP/external/zlib-unity/gzread.c
[1627/3420  0s] CopyFiles /Users/tuantu/Desktop/dev/AI/mobile/game_df/ios-build/Il2CppOutputProject/IL2CPP/external/zlib-unity/gzclose.c
[1628/3420  0s] CopyFiles /Users/tuantu/Desktop/dev/AI/mobile/game_df/ios-build/Il2CppOutputProject/IL2CPP/external/zlib-unity/deflate.c
[1629/3420  0s] CopyFiles /Users/tuantu/Desktop/dev/AI/mobile/game_df/ios-build/Il2CppOutputProject/IL2CPP/external/zlib-unity/deflate.h
[1630/3420  0s] CopyFiles /Users/tuantu/Desktop/dev/AI/mobile/game_df/ios-build/Il2CppOutputProject/IL2CPP/external/zlib-unity/crc32.c
[1631/3420  0s] CopyFiles /Users/tuantu/Desktop/dev/AI/mobile/game_df/ios-build/Il2CppOutputProject/IL2CPP/external/zlib-unity/adler32.c
[1632/3420  0s] CopyFiles /Users/tuantu/Desktop/dev/AI/mobile/game_df/ios-build/Il2CppOutputProject/IL2CPP/external/zlib-unity/crc32.h
[1633/3420  0s] CopyFiles /Users/tuantu/Desktop/dev/AI/mobile/game_df/ios-build/Il2CppOutputProject/IL2CPP/external/xxHash/README.md
[1634/3420  0s] CopyFiles /Users/tuantu/Desktop/dev/AI/mobile/game_df/ios-build/Il2CppOutputProject/IL2CPP/external/xamarin-android/xamarin_getifaddrs.h
[1635/3420  0s] CopyFiles /Users/tuantu/Desktop/dev/AI/mobile/game_df/ios-build/Il2CppOutputProject/IL2CPP/external/xxHash/xxh3.h
[1636/3420  0s] CopyFiles /Users/tuantu/Desktop/dev/AI/mobile/game_df/ios-build/Il2CppOutputProject/IL2CPP/external/xxHash/xxhash.h
[1637/3420  0s] CopyFiles /Users/tuantu/Desktop/dev/AI/mobile/game_df/ios-build/Il2CppOutputProject/IL2CPP/external/xamarin-android/README
[1638/3420  0s] CopyFiles /Users/tuantu/Desktop/dev/AI/mobile/game_df/ios-build/Il2CppOutputProject/IL2CPP/external/xxHash/cmake_unofficial/README.md
[1639/3420  0s] CopyFiles /Users/tuantu/Desktop/dev/AI/mobile/game_df/ios-build/Il2CppOutputProject/IL2CPP/external/xxHash/xxhash.c
[1640/3420  0s] CopyFiles /Users/tuantu/Desktop/dev/AI/mobile/game_df/ios-build/Il2CppOutputProject/IL2CPP/external/xamarin-android/xamarin_getifaddrs.c
[1641/3420  0s] CopyFiles /Users/tuantu/Desktop/dev/AI/mobile/game_df/ios-build/Il2CppOutputProject/IL2CPP/external/xamarin-android/monodroid.h
[1642/3420  0s] CopyFiles /Users/tuantu/Desktop/dev/AI/mobile/game_df/ios-build/Il2CppOutputProject/IL2CPP/external/xamarin-android/logger.h
[1643/3420  0s] CopyFiles /Users/tuantu/Desktop/dev/AI/mobile/game_df/ios-build/Il2CppOutputProject/IL2CPP/external/mono/support/libm/math_private.h
[1644/3420  0s] CopyFiles /Users/tuantu/Desktop/dev/AI/mobile/game_df/ios-build/Il2CppOutputProject/IL2CPP/external/mono/support/libm/complex.c
[1645/3420  0s] CopyFiles /Users/tuantu/Desktop/dev/AI/mobile/game_df/ios-build/Il2CppOutputProject/IL2CPP/external/mono/support/libm/complex.h
[1646/3420  0s] CopyFiles /Users/tuantu/Desktop/dev/AI/mobile/game_df/ios-build/Il2CppOutputProject/IL2CPP/external/mono/mono/utils/ward.h
[1647/3420  0s] CopyFiles /Users/tuantu/Desktop/dev/AI/mobile/game_df/ios-build/Il2CppOutputProject/IL2CPP/external/mono/mono/utils/w32api.h
[1648/3420  0s] CopyFiles /Users/tuantu/Desktop/dev/AI/mobile/game_df/ios-build/Il2CppOutputProject/IL2CPP/external/mono/mono/utils/strenc.h
[1649/3420  0s] CopyFiles /Users/tuantu/Desktop/dev/AI/mobile/game_df/ios-build/Il2CppOutputProject/IL2CPP/external/mono/mono/utils/unlocked.h
[1650/3420  0s] CopyFiles /Users/tuantu/Desktop/dev/AI/mobile/game_df/ios-build/Il2CppOutputProject/IL2CPP/external/mono/mono/utils/unity-time.c
[1651/3420  0s] CopyFiles /Users/tuantu/Desktop/dev/AI/mobile/game_df/ios-build/Il2CppOutputProject/IL2CPP/external/mono/mono/utils/refcount.h
[1652/3420  0s] CopyFiles /Users/tuantu/Desktop/dev/AI/mobile/game_df/ios-build/Il2CppOutputProject/IL2CPP/external/mono/mono/utils/parse.h
[1653/3420  0s] CopyFiles /Users/tuantu/Desktop/dev/AI/mobile/game_df/ios-build/Data/boot.config
[1654/3420  0s] CopyFiles /Users/tuantu/Desktop/dev/AI/mobile/game_df/ios-build/Il2CppOutputProject/IL2CPP/external/mono/mono/utils/os-event.h
[1655/3420  0s] CopyFiles /Users/tuantu/Desktop/dev/AI/mobile/game_df/ios-build/Il2CppOutputProject/IL2CPP/external/mono/mono/utils/strenc-internals.h
[1656/3420  0s] CopyFiles /Users/tuantu/Desktop/dev/AI/mobile/game_df/ios-build/Il2CppOutputProject/IL2CPP/external/mono/mono/utils/os-event-win32.c
[1657/3420  0s] CopyFiles /Users/tuantu/Desktop/dev/AI/mobile/game_df/ios-build/Il2CppOutputProject/IL2CPP/external/mono/mono/utils/parse.c
[1658/3420  0s] CopyFiles /Users/tuantu/Desktop/dev/AI/mobile/game_df/ios-build/Il2CppOutputProject/IL2CPP/external/mono/mono/utils/w32subset.h
[1659/3420  0s] CopyFiles /Users/tuantu/Desktop/dev/AI/mobile/game_df/ios-build/Il2CppOutputProject/IL2CPP/external/mono/mono/utils/strenc.c
[1660/3420  0s] CopyFiles /Users/tuantu/Desktop/dev/AI/mobile/game_df/ios-build/Il2CppOutputProject/IL2CPP/external/mono/mono/utils/networking.h
[1661/3420  0s] CopyFiles /Users/tuantu/Desktop/dev/AI/mobile/game_df/ios-build/Il2CppOutputProject/IL2CPP/external/mono/mono/utils/networking-unity.c
[1662/3420  0s] CopyFiles /Users/tuantu/Desktop/dev/AI/mobile/game_df/ios-build/Il2CppOutputProject/IL2CPP/external/mono/mono/utils/networking-posix.c
[1663/3420  0s] CopyFiles /Users/tuantu/Desktop/dev/AI/mobile/game_df/ios-build/Il2CppOutputProject/IL2CPP/external/mono/mono/utils/os-event-unix.c
[1664/3420  0s] CopyFiles /Users/tuantu/Desktop/dev/AI/mobile/game_df/ios-build/Il2CppOutputProject/IL2CPP/external/mono/mono/utils/os-event-unity.c
[1665/3420  0s] CopyFiles /Users/tuantu/Desktop/dev/AI/mobile/game_df/ios-build/Il2CppOutputProject/IL2CPP/external/mono/mono/utils/valgrind.h
[1666/3420  0s] CopyFiles /Users/tuantu/Desktop/dev/AI/mobile/game_df/ios-build/Il2CppOutputProject/IL2CPP/external/mono/mono/utils/networking.c
[1667/3420  0s] CopyFiles /Users/tuantu/Desktop/dev/AI/mobile/game_df/ios-build/Il2CppOutputProject/IL2CPP/external/mono/mono/utils/networking-missing.c
[1668/3420  0s] CopyFiles /Users/tuantu/Desktop/dev/AI/mobile/game_df/ios-build/Il2CppOutputProject/IL2CPP/external/mono/mono/utils/networking-windows.c
[1669/3420  0s] CopyFiles /Users/tuantu/Desktop/dev/AI/mobile/game_df/ios-build/Il2CppOutputProject/IL2CPP/external/mono/mono/utils/monobitset.h
[1670/3420  0s] CopyFiles /Users/tuantu/Desktop/dev/AI/mobile/game_df/ios-build/Il2CppOutputProject/IL2CPP/external/mono/mono/utils/mono-value-hash.h
[1671/3420  0s] CopyFiles /Users/tuantu/Desktop/dev/AI/mobile/game_df/ios-build/Il2CppOutputProject/IL2CPP/external/mono/mono/utils/mono-tls.h
[1672/3420  0s] CopyFiles /Users/tuantu/Desktop/dev/AI/mobile/game_df/ios-build/Il2CppOutputProject/IL2CPP/external/mono/mono/utils/mono-value-hash.c
[1673/3420  0s] CopyFiles /Users/tuantu/Desktop/dev/AI/mobile/game_df/ios-build/Il2CppOutputProject/IL2CPP/external/mono/mono/utils/mono-uri.h
[1674/3420  0s] CopyFiles /Users/tuantu/Desktop/dev/AI/mobile/game_df/ios-build/Il2CppOutputProject/IL2CPP/external/mono/mono/utils/monobitset.c
[1675/3420  0s] CopyFiles /Users/tuantu/Desktop/dev/AI/mobile/game_df/ios-build/Il2CppOutputProject/IL2CPP/external/mono/mono/utils/mono-uri.c
[1676/3420  0s] CopyFiles /Users/tuantu/Desktop/dev/AI/mobile/game_df/ios-build/Il2CppOutputProject/IL2CPP/external/mono/mono/utils/mono-tls-inline.h
[1677/3420  0s] CopyFiles /Users/tuantu/Desktop/dev/AI/mobile/game_df/ios-build/Il2CppOutputProject/IL2CPP/external/mono/mono/utils/mono-threads.h
[1678/3420  0s] CopyFiles /Users/tuantu/Desktop/dev/AI/mobile/game_df/ios-build/Il2CppOutputProject/IL2CPP/external/mono/mono/utils/mono-tls.c
[1679/3420  0s] CopyFiles /Users/tuantu/Desktop/dev/AI/mobile/game_df/ios-build/Il2CppOutputProject/IL2CPP/external/mono/mono/utils/mono-time.h
[1680/3420  0s] CopyFiles /Users/tuantu/Desktop/dev/AI/mobile/game_df/ios-build/Il2CppOutputProject/IL2CPP/external/mono/mono/utils/mono-threads-windows.c
[1681/3420  0s] CopyFiles /Users/tuantu/Desktop/dev/AI/mobile/game_df/ios-build/Il2CppOutputProject/IL2CPP/external/mono/mono/utils/mono-threads-mach.c
[1682/3420  0s] CopyFiles /Users/tuantu/Desktop/dev/AI/mobile/game_df/ios-build/Il2CppOutputProject/IL2CPP/external/mono/mono/utils/mono-threads-posix.c
[1683/3420  0s] CopyFiles /Users/tuantu/Desktop/dev/AI/mobile/game_df/ios-build/Il2CppOutputProject/IL2CPP/external/mono/mono/utils/mono-threads-unity.c
[1684/3420  0s] CopyFiles /Users/tuantu/Desktop/dev/AI/mobile/game_df/ios-build/Il2CppOutputProject/IL2CPP/external/mono/mono/utils/mono-threads-mach-helper.c
[1685/3420  0s] CopyFiles /Users/tuantu/Desktop/dev/AI/mobile/game_df/ios-build/Il2CppOutputProject/IL2CPP/external/mono/mono/utils/mono-threads-state-machine.c
[1686/3420  0s] CopyFiles /Users/tuantu/Desktop/dev/AI/mobile/game_df/ios-build/Il2CppOutputProject/IL2CPP/external/mono/mono/utils/mono-threads-posix-signals.c
[1687/3420  0s] CopyFiles /Users/tuantu/Desktop/dev/AI/mobile/game_df/ios-build/Il2CppOutputProject/IL2CPP/external/mono/mono/utils/mono-threads-api.h
[1688/3420  0s] CopyFiles /Users/tuantu/Desktop/dev/AI/mobile/game_df/ios-build/Il2CppOutputProject/IL2CPP/external/mono/mono/utils/mono-threads-coop.h
[1689/3420  0s] CopyFiles /Users/tuantu/Desktop/dev/AI/mobile/game_df/ios-build/Il2CppOutputProject/IL2CPP/external/mono/mono/utils/mono-threads.c
[1690/3420  0s] CopyFiles /Users/tuantu/Desktop/dev/AI/mobile/game_df/ios-build/Il2CppOutputProject/IL2CPP/external/mono/mono/utils/mono-threads-coop.c
[1691/3420  0s] CopyFiles /Users/tuantu/Desktop/dev/AI/mobile/game_df/ios-build/Il2CppOutputProject/IL2CPP/external/mono/mono/utils/mono-threads-android.c
[1692/3420  0s] CopyFiles /Users/tuantu/Desktop/dev/AI/mobile/game_df/ios-build/Il2CppOutputProject/IL2CPP/external/mono/mono/utils/mono-threads-debug.h
[1693/3420  0s] CopyFiles /Users/tuantu/Desktop/dev/AI/mobile/game_df/ios-build/Il2CppOutputProject/IL2CPP/external/mono/mono/utils/mono-string.h
[1694/3420  0s] CopyFiles /Users/tuantu/Desktop/dev/AI/mobile/game_df/ios-build/Il2CppOutputProject/IL2CPP/external/mono/mono/utils/mono-publib.h
[1695/3420  0s] CopyFiles /Users/tuantu/Desktop/dev/AI/mobile/game_df/ios-build/Il2CppOutputProject/IL2CPP/external/mono/mono/utils/mono-stdlib.c
[1696/3420  0s] CopyFiles /Users/tuantu/Desktop/dev/AI/mobile/game_df/ios-build/Il2CppOutputProject/IL2CPP/external/mono/mono/utils/mono-signal-handler.h
[1697/3420  0s] CopyFiles /Users/tuantu/Desktop/dev/AI/mobile/game_df/ios-build/Il2CppOutputProject/IL2CPP/external/mono/mono/utils/mono-stdlib.h
[1698/3420  0s] CopyFiles /Users/tuantu/Desktop/dev/AI/mobile/game_df/ios-build/Il2CppOutputProject/IL2CPP/external/mono/mono/utils/mono-stack-unwinding.h
[1699/3420  0s] CopyFiles /Users/tuantu/Desktop/dev/AI/mobile/game_df/ios-build/Il2CppOutputProject/IL2CPP/external/mono/mono/utils/mono-sigcontext.h
[1700/3420  0s] CopyFiles /Users/tuantu/Desktop/dev/AI/mobile/game_df/ios-build/Il2CppOutputProject/IL2CPP/external/mono/mono/utils/mono-rand.h
[1701/3420  0s] CopyFiles /Users/tuantu/Desktop/dev/AI/mobile/game_df/ios-build/Il2CppOutputProject/IL2CPP/external/mono/mono/utils/mono-sha1.c
[1702/3420  0s] CopyFiles /Users/tuantu/Desktop/dev/AI/mobile/game_df/ios-build/Il2CppOutputProject/IL2CPP/external/mono/mono/utils/mono-poll.h
[1703/3420  0s] CopyFiles /Users/tuantu/Desktop/dev/AI/mobile/game_df/ios-build/Il2CppOutputProject/IL2CPP/external/mono/mono/utils/mono-property-hash.h
[1704/3420  0s] CopyFiles /Users/tuantu/Desktop/dev/AI/mobile/game_df/ios-build/Il2CppOutputProject/IL2CPP/external/mono/mono/utils/mono-proclib.c
[1705/3420  0s] CopyFiles /Users/tuantu/Desktop/dev/AI/mobile/game_df/ios-build/Il2CppOutputProject/IL2CPP/external/mono/mono/utils/mono-proclib.h
[1706/3420  0s] CopyFiles /Users/tuantu/Desktop/dev/AI/mobile/game_df/ios-build/Il2CppOutputProject/IL2CPP/external/mono/mono/utils/mono-property-hash.c
[1707/3420  0s] CopyFiles /Users/tuantu/Desktop/dev/AI/mobile/game_df/ios-build/Il2CppOutputProject/IL2CPP/external/mono/mono/utils/mono-publib.c
[1708/3420  0s] CopyFiles /Users/tuantu/Desktop/dev/AI/mobile/game_df/ios-build/Il2CppOutputProject/IL2CPP/external/mono/mono/utils/mono-proclib-windows.c
[1709/3420  0s] CopyFiles /Users/tuantu/Desktop/dev/AI/mobile/game_df/ios-build/Il2CppOutputProject/IL2CPP/external/mono/mono/utils/mono-poll.c
[1710/3420  0s] CopyFiles /Users/tuantu/Desktop/dev/AI/mobile/game_df/ios-build/Il2CppOutputProject/IL2CPP/external/mono/mono/utils/mono-path.c
[1711/3420  0s] CopyFiles /Users/tuantu/Desktop/dev/AI/mobile/game_df/ios-build/Il2CppOutputProject/IL2CPP/external/mono/mono/utils/mono-os-wait.h
[1712/3420  0s] CopyFiles /Users/tuantu/Desktop/dev/AI/mobile/game_df/ios-build/Il2CppOutputProject/IL2CPP/external/mono/mono/utils/mono-path.h
[1713/3420  0s] CopyFiles /Users/tuantu/Desktop/dev/AI/mobile/game_df/ios-build/Il2CppOutputProject/IL2CPP/external/mono/mono/utils/mono-os-semaphore-win32.c
[1714/3420  0s] CopyFiles /Users/tuantu/Desktop/dev/AI/mobile/game_df/ios-build/Il2CppOutputProject/IL2CPP/external/mono/mono/utils/mono-os-wait-win32.c
[1715/3420  0s] CopyFiles /Users/tuantu/Desktop/dev/AI/mobile/game_df/ios-build/Il2CppOutputProject/IL2CPP/external/mono/mono/utils/mono-os-semaphore.h
[1716/3420  0s] CopyFiles /Users/tuantu/Desktop/dev/AI/mobile/game_df/ios-build/Il2CppOutputProject/IL2CPP/external/mono/mono/utils/mono-os-wait-win32-uwp.c
[1717/3420  0s] CopyFiles /Users/tuantu/Desktop/dev/AI/mobile/game_df/ios-build/Il2CppOutputProject/IL2CPP/external/mono/mono/utils/mono-os-mutex.h
[1718/3420  0s] CopyFiles /Users/tuantu/Desktop/dev/AI/mobile/game_df/ios-build/Il2CppOutputProject/IL2CPP/external/mono/mono/utils/mono-os-mutex.c
[1719/3420  0s] CopyFiles /Users/tuantu/Desktop/dev/AI/mobile/game_df/ios-build/Il2CppOutputProject/IL2CPP/external/mono/mono/utils/mono-once.h
[1720/3420  0s] CopyFiles /Users/tuantu/Desktop/dev/AI/mobile/game_df/ios-build/Il2CppOutputProject/IL2CPP/external/mono/mono/utils/mono-mmap-internals.h
[1721/3420  0s] CopyFiles /Users/tuantu/Desktop/dev/AI/mobile/game_df/ios-build/Il2CppOutputProject/IL2CPP/external/mono/mono/utils/mono-networkinterfaces.c
[1722/3420  0s] CopyFiles /Users/tuantu/Desktop/dev/AI/mobile/game_df/ios-build/Il2CppOutputProject/IL2CPP/external/mono/mono/utils/mono-networkinterfaces.h
[1723/3420  0s] CopyFiles /Users/tuantu/Desktop/dev/AI/mobile/game_df/ios-build/Il2CppOutputProject/IL2CPP/external/mono/mono/utils/mono-memory-model.h
[1724/3420  0s] CopyFiles /Users/tuantu/Desktop/dev/AI/mobile/game_df/ios-build/Il2CppOutputProject/IL2CPP/external/mono/mono/utils/mono-mmap-windows-internals.h
[1725/3420  0s] CopyFiles /Users/tuantu/Desktop/dev/AI/mobile/game_df/ios-build/Il2CppOutputProject/IL2CPP/external/mono/mono/utils/mono-mmap.h
[1726/3420  0s] CopyFiles /Users/tuantu/Desktop/dev/AI/mobile/game_df/ios-build/Il2CppOutputProject/IL2CPP/external/mono/mono/utils/mono-mmap-windows.c
[1727/3420  0s] CopyFiles /Users/tuantu/Desktop/dev/AI/mobile/game_df/ios-build/Il2CppOutputProject/IL2CPP/external/mono/mono/utils/mono-logger.h
[1728/3420  0s] CopyFiles /Users/tuantu/Desktop/dev/AI/mobile/game_df/ios-build/Il2CppOutputProject/IL2CPP/external/mono/mono/utils/mono-mmap.c
[1729/3420  0s] CopyFiles /Users/tuantu/Desktop/dev/AI/mobile/game_df/ios-build/Il2CppOutputProject/IL2CPP/external/mono/mono/utils/mono-logger.c
[1730/3420  0s] CopyFiles /Users/tuantu/Desktop/dev/AI/mobile/game_df/ios-build/Il2CppOutputProject/IL2CPP/external/mono/mono/utils/mono-membar.h
[1731/3420  0s] CopyFiles /Users/tuantu/Desktop/dev/AI/mobile/game_df/ios-build/Il2CppOutputProject/IL2CPP/external/mono/mono/utils/mono-md5.c
[1732/3420  0s] CopyFiles /Users/tuantu/Desktop/dev/AI/mobile/game_df/ios-build/Il2CppOutputProject/IL2CPP/external/mono/mono/utils/mono-math.h
[1733/3420  0s] CopyFiles /Users/tuantu/Desktop/dev/AI/mobile/game_df/ios-build/Il2CppOutputProject/IL2CPP/external/mono/mono/utils/mono-machine.h
[1734/3420  0s] CopyFiles /Users/tuantu/Desktop/dev/AI/mobile/game_df/ios-build/Il2CppOutputProject/IL2CPP/external/mono/mono/utils/mono-math.c
[1735/3420  0s] CopyFiles /Users/tuantu/Desktop/dev/AI/mobile/game_df/ios-build/Il2CppOutputProject/IL2CPP/external/mono/mono/utils/mono-logger-internals.h
[1736/3420  0s] CopyFiles /Users/tuantu/Desktop/dev/AI/mobile/game_df/ios-build/Il2CppOutputProject/IL2CPP/external/mono/mono/utils/mono-log-windows.c
[1737/3420  0s] CopyFiles /Users/tuantu/Desktop/dev/AI/mobile/game_df/ios-build/Il2CppOutputProject/IL2CPP/external/mono/mono/utils/mono-log-unity.c
[1738/3420  0s] CopyFiles /Users/tuantu/Desktop/dev/AI/mobile/game_df/ios-build/Il2CppOutputProject/IL2CPP/external/mono/mono/utils/mono-linked-list-set.c
[1739/3420  0s] CopyFiles /Users/tuantu/Desktop/dev/AI/mobile/game_df/ios-build/Il2CppOutputProject/IL2CPP/external/mono/mono/utils/mono-log-posix.c
[1740/3420  0s] CopyFiles /Users/tuantu/Desktop/dev/AI/mobile/game_df/ios-build/Il2CppOutputProject/IL2CPP/external/mono/mono/utils/mono-linked-list-set.h
[1741/3420  0s] CopyFiles /Users/tuantu/Desktop/dev/AI/mobile/game_df/ios-build/Il2CppOutputProject/IL2CPP/external/mono/mono/utils/mono-log-darwin.c
[1742/3420  0s] CopyFiles /Users/tuantu/Desktop/dev/AI/mobile/game_df/ios-build/Il2CppOutputProject/IL2CPP/external/mono/mono/utils/mono-log-common.c
[1743/3420  0s] CopyFiles /Users/tuantu/Desktop/dev/AI/mobile/game_df/ios-build/Il2CppOutputProject/IL2CPP/external/mono/mono/utils/mono-log-android.c
[1744/3420  0s] CopyFiles /Users/tuantu/Desktop/dev/AI/mobile/game_df/ios-build/Il2CppOutputProject/IL2CPP/external/mono/mono/utils/mono-lazy-init.h
[1745/3420  0s] CopyFiles /Users/tuantu/Desktop/dev/AI/mobile/game_df/ios-build/Il2CppOutputProject/IL2CPP/external/mono/mono/utils/mono-hwcap.h
[1746/3420  0s] CopyFiles /Users/tuantu/Desktop/dev/AI/mobile/game_df/ios-build/Il2CppOutputProject/IL2CPP/external/mono/mono/utils/mono-internal-hash.c
[1747/3420  0s] CopyFiles /Users/tuantu/Desktop/dev/AI/mobile/game_df/ios-build/Il2CppOutputProject/IL2CPP/external/mono/mono/utils/mono-hwcap-x86.c
[1748/3420  0s] CopyFiles /Users/tuantu/Desktop/dev/AI/mobile/game_df/ios-build/Il2CppOutputProject/IL2CPP/external/mono/mono/utils/mono-io-portability.h
[1749/3420  0s] CopyFiles /Users/tuantu/Desktop/dev/AI/mobile/game_df/ios-build/Il2CppOutputProject/IL2CPP/external/mono/mono/utils/mono-io-portability.c
[1750/3420  0s] CopyFiles /Users/tuantu/Desktop/dev/AI/mobile/game_df/ios-build/Il2CppOutputProject/IL2CPP/external/mono/mono/utils/mono-internal-hash.h
[1751/3420  0s] CopyFiles /Users/tuantu/Desktop/dev/AI/mobile/game_df/ios-build/Il2CppOutputProject/IL2CPP/external/mono/mono/utils/mono-hwcap.c
[1752/3420  0s] CopyFiles /Users/tuantu/Desktop/dev/AI/mobile/game_df/ios-build/Il2CppOutputProject/IL2CPP/external/mono/mono/utils/mono-hwcap-vars.h
[1753/3420  0s] CopyFiles /Users/tuantu/Desktop/dev/AI/mobile/game_df/ios-build/Il2CppOutputProject/IL2CPP/external/mono/mono/utils/mono-hwcap-web.c
[1754/3420  0s] CopyFiles /Users/tuantu/Desktop/dev/AI/mobile/game_df/ios-build/Il2CppOutputProject/IL2CPP/external/mono/mono/utils/mono-forward.h
[1755/3420  0s] CopyFiles /Users/tuantu/Desktop/dev/AI/mobile/game_df/ios-build/Il2CppOutputProject/IL2CPP/external/mono/mono/utils/mono-error.h
[1756/3420  0s] CopyFiles /Users/tuantu/Desktop/dev/AI/mobile/game_df/ios-build/Il2CppOutputProject/IL2CPP/external/mono/mono/utils/mono-hwcap-arm64.c
[1757/3420  0s] CopyFiles /Users/tuantu/Desktop/dev/AI/mobile/game_df/ios-build/Il2CppOutputProject/IL2CPP/external/mono/mono/utils/mono-hwcap-arm.c
[1758/3420  0s] CopyFiles /Users/tuantu/Desktop/dev/AI/mobile/game_df/ios-build/Il2CppOutputProject/IL2CPP/external/mono/mono/utils/mono-forward-internal.h
[1759/3420  0s] CopyFiles /Users/tuantu/Desktop/dev/AI/mobile/game_df/ios-build/Il2CppOutputProject/IL2CPP/external/mono/mono/utils/mono-filemap.c
[1760/3420  0s] CopyFiles /Users/tuantu/Desktop/dev/AI/mobile/game_df/ios-build/Il2CppOutputProject/IL2CPP/external/mono/mono/utils/mono-error-internals.h
[1761/3420  0s] CopyFiles /Users/tuantu/Desktop/dev/AI/mobile/game_df/ios-build/Il2CppOutputProject/IL2CPP/external/mono/mono/utils/mono-error.c
[1762/3420  0s] CopyFiles /Users/tuantu/Desktop/dev/AI/mobile/game_df/ios-build/Il2CppOutputProject/IL2CPP/external/mono/mono/utils/mono-dl-windows-internals.h
[1763/3420  0s] CopyFiles /Users/tuantu/Desktop/dev/AI/mobile/game_df/ios-build/Il2CppOutputProject/IL2CPP/external/mono/mono/utils/mono-dl-unity.c
[1764/3420  0s] CopyFiles /Users/tuantu/Desktop/dev/AI/mobile/game_df/ios-build/Il2CppOutputProject/IL2CPP/external/mono/mono/utils/mono-dl-windows.c
[1765/3420  0s] CopyFiles /Users/tuantu/Desktop/dev/AI/mobile/game_df/ios-build/Il2CppOutputProject/IL2CPP/external/mono/mono/utils/mono-errno.h
[1766/3420  0s] CopyFiles /Users/tuantu/Desktop/dev/AI/mobile/game_df/ios-build/Il2CppOutputProject/IL2CPP/external/mono/mono/utils/mono-embed.h
[1767/3420  0s] CopyFiles /Users/tuantu/Desktop/dev/AI/mobile/game_df/ios-build/Il2CppOutputProject/IL2CPP/external/mono/mono/utils/mono-dl.c
[1768/3420  0s] CopyFiles /Users/tuantu/Desktop/dev/AI/mobile/game_df/ios-build/Il2CppOutputProject/IL2CPP/external/mono/mono/utils/mono-dl.h
[1769/3420  0s] CopyFiles /Users/tuantu/Desktop/dev/AI/mobile/game_df/ios-build/Il2CppOutputProject/IL2CPP/external/mono/mono/utils/mono-dl-windows-uwp.c
[1770/3420  0s] CopyFiles /Users/tuantu/Desktop/dev/AI/mobile/game_df/ios-build/Il2CppOutputProject/IL2CPP/external/mono/mono/utils/mono-dl-posix.c
[1771/3420  0s] CopyFiles /Users/tuantu/Desktop/dev/AI/mobile/game_df/ios-build/Il2CppOutputProject/IL2CPP/external/mono/mono/utils/mono-dl-fallback.h
[1772/3420  0s] CopyFiles /Users/tuantu/Desktop/dev/AI/mobile/game_df/ios-build/Il2CppOutputProject/IL2CPP/external/mono/mono/utils/mono-dl-darwin.c
[1773/3420  0s] CopyFiles /Users/tuantu/Desktop/dev/AI/mobile/game_df/ios-build/Il2CppOutputProject/IL2CPP/external/mono/mono/utils/mono-coop-mutex.h
[1774/3420  0s] CopyFiles /Users/tuantu/Desktop/dev/AI/mobile/game_df/ios-build/Il2CppOutputProject/IL2CPP/external/mono/mono/utils/mono-digest.h
[1775/3420  0s] CopyFiles /Users/tuantu/Desktop/dev/AI/mobile/game_df/ios-build/Il2CppOutputProject/IL2CPP/external/mono/mono/utils/mono-coop-semaphore.h
[1776/3420  0s] CopyFiles /Users/tuantu/Desktop/dev/AI/mobile/game_df/ios-build/Il2CppOutputProject/IL2CPP/external/mono/mono/utils/mono-counters.h
[1777/3420  0s] CopyFiles /Users/tuantu/Desktop/dev/AI/mobile/game_df/ios-build/Il2CppOutputProject/IL2CPP/external/mono/mono/utils/mono-counters.c
[1778/3420  0s] CopyFiles /Users/tuantu/Desktop/dev/AI/mobile/game_df/ios-build/Il2CppOutputProject/IL2CPP/external/mono/mono/utils/mono-context.c
[1779/3420  0s] CopyFiles /Users/tuantu/Desktop/dev/AI/mobile/game_df/ios-build/Il2CppOutputProject/IL2CPP/external/mono/mono/utils/mono-conc-hashtable.c
[1780/3420  0s] CopyFiles /Users/tuantu/Desktop/dev/AI/mobile/game_df/ios-build/Il2CppOutputProject/IL2CPP/external/mono/mono/utils/mono-context.h
[1781/3420  0s] CopyFiles /Users/tuantu/Desktop/dev/AI/mobile/game_df/ios-build/Il2CppOutputProject/IL2CPP/external/mono/mono/utils/mono-conc-hashtable.h
[1782/3420  0s] CopyFiles /Users/tuantu/Desktop/dev/AI/mobile/game_df/ios-build/Il2CppOutputProject/IL2CPP/external/mono/mono/utils/mono-codeman.c
[1783/3420  0s] CopyFiles /Users/tuantu/Desktop/dev/AI/mobile/game_df/ios-build/Il2CppOutputProject/IL2CPP/external/mono/mono/utils/mono-complex.h
[1784/3420  0s] CopyFiles /Users/tuantu/Desktop/dev/AI/mobile/game_df/ios-build/Il2CppOutputProject/IL2CPP/external/mono/mono/utils/memfuncs.c
[1785/3420  0s] CopyFiles /Users/tuantu/Desktop/dev/AI/mobile/game_df/ios-build/Il2CppOutputProject/IL2CPP/external/mono/mono/utils/mono-codeman.h
[1786/3420  0s] CopyFiles /Users/tuantu/Desktop/dev/AI/mobile/game_df/ios-build/Il2CppOutputProject/IL2CPP/external/mono/mono/utils/mono-compiler.h
[1787/3420  0s] CopyFiles /Users/tuantu/Desktop/dev/AI/mobile/game_df/ios-build/Il2CppOutputProject/IL2CPP/external/mono/mono/utils/memfuncs.h
[1788/3420  0s] CopyFiles /Users/tuantu/Desktop/dev/AI/mobile/game_df/ios-build/Il2CppOutputProject/IL2CPP/external/mono/mono/utils/mach-support.c
[1789/3420  0s] CopyFiles /Users/tuantu/Desktop/dev/AI/mobile/game_df/ios-build/Il2CppOutputProject/IL2CPP/external/mono/mono/utils/memcheck.h
[1790/3420  0s] CopyFiles /Users/tuantu/Desktop/dev/AI/mobile/game_df/ios-build/Il2CppOutputProject/IL2CPP/external/mono/mono/utils/mach-support.h
[1791/3420  0s] CopyFiles /Users/tuantu/Desktop/dev/AI/mobile/game_df/ios-build/Il2CppOutputProject/IL2CPP/external/mono/mono/utils/mach-support-x86.c
[1792/3420  0s] CopyFiles /Users/tuantu/Desktop/dev/AI/mobile/game_df/ios-build/Il2CppOutputProject/IL2CPP/external/mono/mono/utils/mach-support-arm64.c
[1793/3420  0s] CopyFiles /Users/tuantu/Desktop/dev/AI/mobile/game_df/ios-build/Il2CppOutputProject/IL2CPP/external/mono/mono/utils/lock-free-array-queue.h
[1794/3420  0s] CopyFiles /Users/tuantu/Desktop/dev/AI/mobile/game_df/ios-build/Il2CppOutputProject/IL2CPP/external/mono/mono/utils/mach-support-amd64.c
[1795/3420  0s] CopyFiles /Users/tuantu/Desktop/dev/AI/mobile/game_df/ios-build/Il2CppOutputProject/IL2CPP/external/mono/mono/utils/lock-free-queue.h
[1796/3420  0s] CopyFiles /Users/tuantu/Desktop/dev/AI/mobile/game_df/ios-build/Il2CppOutputProject/IL2CPP/external/mono/mono/utils/lock-free-queue.c
[1797/3420  0s] CopyFiles /Users/tuantu/Desktop/dev/AI/mobile/game_df/ios-build/Il2CppOutputProject/IL2CPP/external/mono/mono/utils/json.c
[1798/3420  0s] CopyFiles /Users/tuantu/Desktop/dev/AI/mobile/game_df/ios-build/Il2CppOutputProject/IL2CPP/external/mono/mono/utils/lock-free-alloc.h
[1799/3420  0s] CopyFiles /Users/tuantu/Desktop/dev/AI/mobile/game_df/ios-build/Il2CppOutputProject/IL2CPP/external/mono/mono/utils/lock-free-alloc.c
[1800/3420  0s] CopyFiles /Users/tuantu/Desktop/dev/AI/mobile/game_df/ios-build/Il2CppOutputProject/IL2CPP/external/mono/mono/utils/linux_magic.h
[1801/3420  0s] CopyFiles /Users/tuantu/Desktop/dev/AI/mobile/game_df/ios-build/Il2CppOutputProject/IL2CPP/external/mono/mono/utils/lock-free-array-queue.c
[1802/3420  0s] CopyFiles /Users/tuantu/Desktop/dev/AI/mobile/game_df/ios-build/Il2CppOutputProject/IL2CPP/external/mono/mono/utils/hazard-pointer.h
[1803/3420  0s] CopyFiles /Users/tuantu/Desktop/dev/AI/mobile/game_df/ios-build/Il2CppOutputProject/IL2CPP/external/mono/mono/utils/json.h
[1804/3420  0s] CopyFiles /Users/tuantu/Desktop/dev/AI/mobile/game_df/ios-build/Il2CppOutputProject/IL2CPP/external/mono/mono/utils/hazard-pointer.c
[1805/3420  0s] CopyFiles /Users/tuantu/Desktop/dev/AI/mobile/game_df/ios-build/Il2CppOutputProject/IL2CPP/external/mono/mono/utils/freebsd-dwarf.h
[1806/3420  0s] CopyFiles /Users/tuantu/Desktop/dev/AI/mobile/game_df/ios-build/Il2CppOutputProject/IL2CPP/external/mono/mono/utils/freebsd-elf_common.h
[1807/3420  0s] CopyFiles /Users/tuantu/Desktop/dev/AI/mobile/game_df/ios-build/Il2CppOutputProject/IL2CPP/external/mono/mono/utils/gc_wrapper.h
[1808/3420  0s] CopyFiles /Users/tuantu/Desktop/dev/AI/mobile/game_df/ios-build/Il2CppOutputProject/IL2CPP/external/mono/mono/utils/freebsd-elf32.h
[1809/3420  0s] CopyFiles /Users/tuantu/Desktop/dev/AI/mobile/game_df/ios-build/Il2CppOutputProject/IL2CPP/external/mono/mono/utils/freebsd-elf64.h
[1810/3420  0s] CopyFiles /Users/tuantu/Desktop/dev/AI/mobile/game_df/ios-build/Il2CppOutputProject/IL2CPP/external/mono/mono/utils/dtrace.h
[1811/3420  0s] CopyFiles /Users/tuantu/Desktop/dev/AI/mobile/game_df/ios-build/Il2CppOutputProject/IL2CPP/external/mono/mono/utils/dlmalloc.h
[1812/3420  0s] CopyFiles /Users/tuantu/Desktop/dev/AI/mobile/game_df/ios-build/Il2CppOutputProject/IL2CPP/external/mono/mono/utils/checked-build.h
[1813/3420  0s] CopyFiles /Users/tuantu/Desktop/dev/AI/mobile/game_df/ios-build/Il2CppOutputProject/IL2CPP/external/mono/mono/utils/atomic.h
[1814/3420  0s] CopyFiles /Users/tuantu/Desktop/dev/AI/mobile/game_df/ios-build/Il2CppOutputProject/IL2CPP/external/mono/mono/utils/bsearch.c
[1815/3420  0s] CopyFiles /Users/tuantu/Desktop/dev/AI/mobile/game_df/ios-build/Il2CppOutputProject/IL2CPP/external/mono/mono/utils/atomic.c
[1816/3420  0s] CopyFiles /Users/tuantu/Desktop/dev/AI/mobile/game_df/ios-build/Il2CppOutputProject/IL2CPP/external/mono/mono/utils/bsearch.h
[1817/3420  0s] CopyFiles /Users/tuantu/Desktop/dev/AI/mobile/game_df/ios-build/Il2CppOutputProject/IL2CPP/external/mono/mono/utils/dlmalloc.c
[1818/3420  0s] CopyFiles /Users/tuantu/Desktop/dev/AI/mobile/game_df/ios-build/Il2CppOutputProject/IL2CPP/external/mono/mono/sgen/sgen-split-nursery.c
[1819/3420  0s] CopyFiles /Users/tuantu/Desktop/dev/AI/mobile/game_df/ios-build/Il2CppOutputProject/IL2CPP/external/mono/mono/sgen/sgen-thread-pool.c
[1820/3420  0s] CopyFiles /Users/tuantu/Desktop/dev/AI/mobile/game_df/ios-build/Il2CppOutputProject/IL2CPP/external/mono/mono/sgen/sgen-thread-pool.h
[1821/3420  0s] CopyFiles /Users/tuantu/Desktop/dev/AI/mobile/game_df/ios-build/Il2CppOutputProject/IL2CPP/external/mono/mono/sgen/sgen-qsort.h
[1822/3420  0s] CopyFiles /Users/tuantu/Desktop/dev/AI/mobile/game_df/ios-build/Il2CppOutputProject/IL2CPP/external/mono/mono/sgen/sgen-workers.h
[1823/3420  0s] CopyFiles /Users/tuantu/Desktop/dev/AI/mobile/game_df/ios-build/Il2CppOutputProject/IL2CPP/external/mono/mono/sgen/sgen-scan-object.h
[1824/3420  0s] CopyFiles /Users/tuantu/Desktop/dev/AI/mobile/game_df/ios-build/Il2CppOutputProject/IL2CPP/external/mono/mono/sgen/sgen-workers.c
[1825/3420  0s] CopyFiles /Users/tuantu/Desktop/dev/AI/mobile/game_df/ios-build/Il2CppOutputProject/IL2CPP/external/mono/mono/sgen/sgen-tagged-pointer.h
[1826/3420  0s] CopyFiles /Users/tuantu/Desktop/dev/AI/mobile/game_df/ios-build/Il2CppOutputProject/IL2CPP/external/mono/mono/sgen/sgen-simple-nursery.c
[1827/3420  0s] CopyFiles /Users/tuantu/Desktop/dev/AI/mobile/game_df/ios-build/Il2CppOutputProject/IL2CPP/external/mono/mono/sgen/sgen-qsort.c
[1828/3420  0s] CopyFiles /Users/tuantu/Desktop/dev/AI/mobile/game_df/ios-build/Il2CppOutputProject/IL2CPP/external/mono/mono/sgen/sgen-pointer-queue.h
[1829/3420  0s] CopyFiles /Users/tuantu/Desktop/dev/AI/mobile/game_df/ios-build/Il2CppOutputProject/IL2CPP/external/mono/mono/sgen/sgen-protocol.h
[1830/3420  0s] CopyFiles /Users/tuantu/Desktop/dev/AI/mobile/game_df/ios-build/Il2CppOutputProject/IL2CPP/external/mono/mono/sgen/sgen-protocol.c
[1831/3420  0s] CopyFiles /Users/tuantu/Desktop/dev/AI/mobile/game_df/ios-build/Il2CppOutputProject/IL2CPP/external/mono/mono/sgen/sgen-pinning.h
[1832/3420  0s] CopyFiles /Users/tuantu/Desktop/dev/AI/mobile/game_df/ios-build/Il2CppOutputProject/IL2CPP/external/mono/mono/sgen/sgen-protocol-def.h
[1833/3420  0s] CopyFiles /Users/tuantu/Desktop/dev/AI/mobile/game_df/ios-build/Il2CppOutputProject/IL2CPP/external/mono/mono/sgen/sgen-pointer-queue.c
[1834/3420  0s] CopyFiles /Users/tuantu/Desktop/dev/AI/mobile/game_df/ios-build/Il2CppOutputProject/IL2CPP/external/mono/mono/sgen/sgen-nursery-allocator.c
[1835/3420  0s] CopyFiles /Users/tuantu/Desktop/dev/AI/mobile/game_df/ios-build/Il2CppOutputProject/IL2CPP/external/mono/mono/sgen/sgen-pinning-stats.c
[1836/3420  0s] CopyFiles /Users/tuantu/Desktop/dev/AI/mobile/game_df/ios-build/Il2CppOutputProject/IL2CPP/external/mono/mono/sgen/sgen-pinning.c
[1837/3420  0s] CopyFiles /Users/tuantu/Desktop/dev/AI/mobile/game_df/ios-build/Il2CppOutputProject/IL2CPP/external/mono/mono/sgen/sgen-memory-governor.h
[1838/3420  0s] CopyFiles /Users/tuantu/Desktop/dev/AI/mobile/game_df/ios-build/Il2CppOutputProject/IL2CPP/external/mono/mono/sgen/sgen-minor-copy-object.h
[1839/3420  0s] CopyFiles /Users/tuantu/Desktop/dev/AI/mobile/game_df/ios-build/Il2CppOutputProject/IL2CPP/external/mono/mono/sgen/sgen-minor-scan-object.h
[1840/3420  0s] CopyFiles /Users/tuantu/Desktop/dev/AI/mobile/game_df/ios-build/Il2CppOutputProject/IL2CPP/external/mono/mono/sgen/sgen-internal.c
[1841/3420  0s] CopyFiles /Users/tuantu/Desktop/dev/AI/mobile/game_df/ios-build/Il2CppOutputProject/IL2CPP/external/mono/mono/sgen/sgen-marksweep-drain-gray-stack.h
[1842/3420  0s] CopyFiles /Users/tuantu/Desktop/dev/AI/mobile/game_df/ios-build/Il2CppOutputProject/IL2CPP/external/mono/mono/sgen/sgen-memory-governor.c
[1843/3420  0s] CopyFiles /Users/tuantu/Desktop/dev/AI/mobile/game_df/ios-build/Il2CppOutputProject/IL2CPP/external/mono/mono/sgen/sgen-los.c
[1844/3420  0s] CopyFiles /Users/tuantu/Desktop/dev/AI/mobile/game_df/ios-build/Il2CppOutputProject/IL2CPP/external/mono/mono/sgen/sgen-major-copy-object.h
[1845/3420  0s] CopyFiles /Users/tuantu/Desktop/dev/AI/mobile/game_df/ios-build/Il2CppOutputProject/IL2CPP/external/mono/mono/sgen/sgen-layout-stats.h
[1846/3420  0s] CopyFiles /Users/tuantu/Desktop/dev/AI/mobile/game_df/ios-build/Il2CppOutputProject/IL2CPP/external/mono/mono/sgen/sgen-layout-stats.c
[1847/3420  0s] CopyFiles /Users/tuantu/Desktop/dev/AI/mobile/game_df/ios-build/Il2CppOutputProject/IL2CPP/external/mono/mono/sgen/sgen-gchandles.c
[1848/3420  0s] CopyFiles /Users/tuantu/Desktop/dev/AI/mobile/game_df/ios-build/Il2CppOutputProject/IL2CPP/external/mono/mono/sgen/sgen-fin-weak-hash.c
[1849/3420  0s] CopyFiles /Users/tuantu/Desktop/dev/AI/mobile/game_df/ios-build/Il2CppOutputProject/IL2CPP/external/mono/mono/sgen/sgen-gc.h
[1850/3420  0s] CopyFiles /Users/tuantu/Desktop/dev/AI/mobile/game_df/ios-build/Il2CppOutputProject/IL2CPP/external/mono/mono/sgen/sgen-hash-table.c
[1851/3420  0s] CopyFiles /Users/tuantu/Desktop/dev/AI/mobile/game_df/ios-build/Il2CppOutputProject/IL2CPP/external/mono/mono/sgen/sgen-hash-table.h
[1852/3420  0s] CopyFiles /Users/tuantu/Desktop/dev/AI/mobile/game_df/ios-build/Il2CppOutputProject/IL2CPP/external/mono/mono/sgen/sgen-gray.h
[1853/3420  0s] CopyFiles /Users/tuantu/Desktop/dev/AI/mobile/game_df/ios-build/Il2CppOutputProject/IL2CPP/external/mono/mono/sgen/sgen-gray.c
[1854/3420  0s] CopyFiles /Users/tuantu/Desktop/dev/AI/mobile/game_df/ios-build/Il2CppOutputProject/IL2CPP/external/mono/mono/sgen/sgen-gc.c
[1855/3420  0s] CopyFiles /Users/tuantu/Desktop/dev/AI/mobile/game_df/ios-build/Il2CppOutputProject/IL2CPP/external/mono/mono/sgen/sgen-descriptor.h
[1856/3420  0s] CopyFiles /Users/tuantu/Desktop/dev/AI/mobile/game_df/ios-build/Il2CppOutputProject/IL2CPP/external/mono/mono/sgen/sgen-marksweep.c
[1857/3420  0s] CopyFiles /Users/tuantu/Desktop/dev/AI/mobile/game_df/ios-build/Il2CppOutputProject/IL2CPP/external/mono/mono/sgen/sgen-conf.h
[1858/3420  0s] CopyFiles /Users/tuantu/Desktop/dev/AI/mobile/game_df/ios-build/Il2CppOutputProject/IL2CPP/external/mono/mono/sgen/sgen-debug.c
[1859/3420  0s] CopyFiles /Users/tuantu/Desktop/dev/AI/mobile/game_df/ios-build/Il2CppOutputProject/IL2CPP/external/mono/mono/sgen/sgen-cardtable.h
[1860/3420  0s] CopyFiles /Users/tuantu/Desktop/dev/AI/mobile/game_df/ios-build/Il2CppOutputProject/IL2CPP/external/mono/mono/sgen/sgen-cardtable.c
[1861/3420  0s] CopyFiles /Users/tuantu/Desktop/dev/AI/mobile/game_df/ios-build/Il2CppOutputProject/IL2CPP/external/mono/mono/sgen/sgen-archdep.h
[1862/3420  0s] CopyFiles /Users/tuantu/Desktop/dev/AI/mobile/game_df/ios-build/Il2CppOutputProject/IL2CPP/external/mono/mono/sgen/sgen-copy-object.h
[1863/3420  0s] CopyFiles /Users/tuantu/Desktop/dev/AI/mobile/game_df/ios-build/Il2CppOutputProject/IL2CPP/external/mono/mono/sgen/sgen-client.h
[1864/3420  0s] CopyFiles /Users/tuantu/Desktop/dev/AI/mobile/game_df/ios-build/Il2CppOutputProject/IL2CPP/external/mono/mono/sgen/sgen-descriptor.c
[1865/3420  0s] CopyFiles /Users/tuantu/Desktop/dev/AI/mobile/game_df/ios-build/Il2CppOutputProject/IL2CPP/external/mono/mono/sgen/gc-internal-agnostic.h
[1866/3420  0s] CopyFiles /Users/tuantu/Desktop/dev/AI/mobile/game_df/ios-build/Il2CppOutputProject/IL2CPP/external/mono/mono/sgen/sgen-array-list.h
[1867/3420  0s] CopyFiles /Users/tuantu/Desktop/dev/AI/mobile/game_df/ios-build/Il2CppOutputProject/IL2CPP/external/mono/mono/sgen/sgen-array-list.c
[1868/3420  0s] CopyFiles /Users/tuantu/Desktop/dev/AI/mobile/game_df/ios-build/Il2CppOutputProject/IL2CPP/external/mono/mono/sgen/sgen-alloc.c
[1869/3420  0s] CopyFiles /Users/tuantu/Desktop/dev/AI/mobile/game_df/ios-build/Il2CppOutputProject/IL2CPP/external/mono/mono/mini/mini-arm64.h
[1870/3420  0s] CopyFiles /Users/tuantu/Desktop/dev/AI/mobile/game_df/ios-build/Il2CppOutputProject/IL2CPP/external/mono/mono/mini/debugger-state-machine.h
[1871/3420  0s] CopyFiles /Users/tuantu/Desktop/dev/AI/mobile/game_df/ios-build/Il2CppOutputProject/IL2CPP/external/mono/mono/mini/mini-arm.h
[1872/3420  0s] CopyFiles /Users/tuantu/Desktop/dev/AI/mobile/game_df/ios-build/Il2CppOutputProject/IL2CPP/external/mono/mono/mini/debugger-engine.c
[1873/3420  0s] CopyFiles /Users/tuantu/Desktop/dev/AI/mobile/game_df/ios-build/Il2CppOutputProject/IL2CPP/external/mono/mono/mini/debugger-agent.h
[1874/3420  0s] CopyFiles /Users/tuantu/Desktop/dev/AI/mobile/game_df/ios-build/Il2CppOutputProject/IL2CPP/external/mono/mono/mini/debugger-state-machine.c
[1875/3420  0s] CopyFiles /Users/tuantu/Desktop/dev/AI/mobile/game_df/ios-build/Il2CppOutputProject/IL2CPP/external/mono/mono/mini/debugger-engine.h
[1876/3420  0s] CopyFiles /Users/tuantu/Desktop/dev/AI/mobile/game_df/ios-build/Il2CppOutputProject/IL2CPP/external/mono/mono/metadata/w32socket.h
[1877/3420  0s] CopyFiles /Users/tuantu/Desktop/dev/AI/mobile/game_df/ios-build/Il2CppOutputProject/IL2CPP/external/mono/mono/metadata/wrapper-types.h
[1878/3420  0s] CopyFiles /Users/tuantu/Desktop/dev/AI/mobile/game_df/ios-build/Il2CppOutputProject/IL2CPP/external/mono/mono/metadata/w32socket-win32.c
[1879/3420  0s] CopyFiles /Users/tuantu/Desktop/dev/AI/mobile/game_df/ios-build/Il2CppOutputProject/IL2CPP/external/mono/mono/metadata/w32semaphore.h
[1880/3420  0s] CopyFiles /Users/tuantu/Desktop/dev/AI/mobile/game_df/ios-build/Il2CppOutputProject/IL2CPP/external/mono/mono/metadata/w32socket-unix.c
[1881/3420  0s] CopyFiles /Users/tuantu/Desktop/dev/AI/mobile/game_df/ios-build/Il2CppOutputProject/IL2CPP/external/mono/mono/metadata/w32semaphore-win32.c
[1882/3420  0s] CopyFiles /Users/tuantu/Desktop/dev/AI/mobile/game_df/ios-build/Il2CppOutputProject/IL2CPP/external/mono/mono/metadata/w32socket-internals.h
[1883/3420  0s] CopyFiles /Users/tuantu/Desktop/dev/AI/mobile/game_df/ios-build/Il2CppOutputProject/IL2CPP/external/mono/mono/metadata/w32socket.c
[1884/3420  0s] CopyFiles /Users/tuantu/Desktop/dev/AI/mobile/game_df/ios-build/Il2CppOutputProject/IL2CPP/external/mono/mono/metadata/w32semaphore-unix.c
[1885/3420  0s] CopyFiles /Users/tuantu/Desktop/dev/AI/mobile/game_df/ios-build/Il2CppOutputProject/IL2CPP/external/mono/mono/metadata/w32process.h
[1886/3420  0s] CopyFiles /Users/tuantu/Desktop/dev/AI/mobile/game_df/ios-build/Il2CppOutputProject/IL2CPP/external/mono/mono/metadata/w32process-win32-internals.h
[1887/3420  0s] CopyFiles /Users/tuantu/Desktop/dev/AI/mobile/game_df/ios-build/Il2CppOutputProject/IL2CPP/external/mono/mono/mini/debugger-agent.c
[1888/3420  0s] CopyFiles /Users/tuantu/Desktop/dev/AI/mobile/game_df/ios-build/Il2CppOutputProject/IL2CPP/external/mono/mono/metadata/w32process-win32.c
[1889/3420  0s] CopyFiles /Users/tuantu/Desktop/dev/AI/mobile/game_df/ios-build/Il2CppOutputProject/IL2CPP/external/mono/mono/metadata/w32process-unix-internals.h
[1890/3420  0s] CopyFiles /Users/tuantu/Desktop/dev/AI/mobile/game_df/ios-build/Il2CppOutputProject/IL2CPP/external/mono/mono/metadata/w32process-unix.c
[1891/3420  0s] CopyFiles /Users/tuantu/Desktop/dev/AI/mobile/game_df/ios-build/Il2CppOutputProject/IL2CPP/external/mono/mono/metadata/w32process-unix-default.c
[1892/3420  0s] CopyFiles /Users/tuantu/Desktop/dev/AI/mobile/game_df/ios-build/Il2CppOutputProject/IL2CPP/external/mono/mono/metadata/w32mutex-unix.c
[1893/3420  0s] CopyFiles /Users/tuantu/Desktop/dev/AI/mobile/game_df/ios-build/Il2CppOutputProject/IL2CPP/external/mono/mono/metadata/w32process-internals.h
[1894/3420  0s] CopyFiles /Users/tuantu/Desktop/dev/AI/mobile/game_df/ios-build/Il2CppOutputProject/IL2CPP/external/mono/mono/metadata/w32mutex.h
[1895/3420  0s] CopyFiles /Users/tuantu/Desktop/dev/AI/mobile/game_df/ios-build/Il2CppOutputProject/IL2CPP/external/mono/mono/metadata/w32mutex-win32.c
[1896/3420  0s] CopyFiles /Users/tuantu/Desktop/dev/AI/mobile/game_df/ios-build/Il2CppOutputProject/IL2CPP/external/mono/mono/metadata/w32handle.h
[1897/3420  0s] CopyFiles /Users/tuantu/Desktop/dev/AI/mobile/game_df/ios-build/Il2CppOutputProject/IL2CPP/external/mono/mono/metadata/w32process.c
[1898/3420  0s] CopyFiles /Users/tuantu/Desktop/dev/AI/mobile/game_df/ios-build/Il2CppOutputProject/IL2CPP/external/mono/mono/metadata/w32process-unix-osx.c
[1899/3420  0s] CopyFiles /Users/tuantu/Desktop/dev/AI/mobile/game_df/ios-build/Il2CppOutputProject/IL2CPP/external/mono/mono/metadata/w32file.c
[1900/3420  0s] CopyFiles /Users/tuantu/Desktop/dev/AI/mobile/game_df/ios-build/Il2CppOutputProject/IL2CPP/external/mono/mono/metadata/w32file-unix-glob.c
[1901/3420  0s] CopyFiles /Users/tuantu/Desktop/dev/AI/mobile/game_df/ios-build/Il2CppOutputProject/IL2CPP/external/mono/mono/metadata/w32handle.c
[1902/3420  0s] CopyFiles /Users/tuantu/Desktop/dev/AI/mobile/game_df/ios-build/Il2CppOutputProject/IL2CPP/external/mono/mono/metadata/w32handle-namespace.c
[1903/3420  0s] CopyFiles /Users/tuantu/Desktop/dev/AI/mobile/game_df/ios-build/Il2CppOutputProject/IL2CPP/external/mono/mono/metadata/w32file.h
[1904/3420  0s] CopyFiles /Users/tuantu/Desktop/dev/AI/mobile/game_df/ios-build/Il2CppOutputProject/IL2CPP/external/mono/mono/metadata/w32file-win32.c
[1905/3420  0s] CopyFiles /Users/tuantu/Desktop/dev/AI/mobile/game_df/ios-build/Il2CppOutputProject/IL2CPP/external/mono/mono/metadata/w32handle-namespace.h
[1906/3420  0s] CopyFiles /Users/tuantu/Desktop/dev/AI/mobile/game_df/ios-build/Il2CppOutputProject/IL2CPP/external/mono/mono/metadata/w32file-win32-internals.h
[1907/3420  0s] CopyFiles /Users/tuantu/Desktop/dev/AI/mobile/game_df/ios-build/Il2CppOutputProject/IL2CPP/external/mono/mono/metadata/w32file-unix-glob.h
[1908/3420  0s] CopyFiles /Users/tuantu/Desktop/dev/AI/mobile/game_df/ios-build/Il2CppOutputProject/IL2CPP/external/mono/mono/metadata/w32file-unix.c
[1909/3420  0s] CopyFiles /Users/tuantu/Desktop/dev/AI/mobile/game_df/ios-build/Il2CppOutputProject/IL2CPP/external/mono/mono/metadata/w32file-internals.h
[1910/3420  0s] CopyFiles /Users/tuantu/Desktop/dev/AI/mobile/game_df/ios-build/Il2CppOutputProject/IL2CPP/external/mono/mono/metadata/w32error-unix.c
[1911/3420  0s] CopyFiles /Users/tuantu/Desktop/dev/AI/mobile/game_df/ios-build/Il2CppOutputProject/IL2CPP/external/mono/mono/metadata/w32event-win32.c
[1912/3420  0s] CopyFiles /Users/tuantu/Desktop/dev/AI/mobile/game_df/ios-build/Il2CppOutputProject/IL2CPP/external/mono/mono/metadata/verify.h
[1913/3420  0s] CopyFiles /Users/tuantu/Desktop/dev/AI/mobile/game_df/ios-build/Il2CppOutputProject/IL2CPP/external/mono/mono/metadata/w32error.h
[1914/3420  0s] CopyFiles /Users/tuantu/Desktop/dev/AI/mobile/game_df/ios-build/Il2CppOutputProject/IL2CPP/external/mono/mono/metadata/w32error-win32.c
[1915/3420  0s] CopyFiles /Users/tuantu/Desktop/dev/AI/mobile/game_df/ios-build/Il2CppOutputProject/IL2CPP/external/mono/mono/metadata/w32event.h
[1916/3420  0s] CopyFiles /Users/tuantu/Desktop/dev/AI/mobile/game_df/ios-build/Il2CppOutputProject/IL2CPP/external/mono/mono/metadata/w32event-unix.c
[1917/3420  0s] CopyFiles /Users/tuantu/Desktop/dev/AI/mobile/game_df/ios-build/Il2CppOutputProject/IL2CPP/external/mono/mono/metadata/verify.c
[1918/3420  0s] CopyFiles /Users/tuantu/Desktop/dev/AI/mobile/game_df/ios-build/Il2CppOutputProject/IL2CPP/external/mono/mono/metadata/unity-icall.c
[1919/3420  0s] CopyFiles /Users/tuantu/Desktop/dev/AI/mobile/game_df/ios-build/Il2CppOutputProject/IL2CPP/external/mono/mono/metadata/unity-utils.h
[1920/3420  0s] CopyFiles /Users/tuantu/Desktop/dev/AI/mobile/game_df/ios-build/Il2CppOutputProject/IL2CPP/external/mono/mono/metadata/threads.h
[1921/3420  0s] CopyFiles /Users/tuantu/Desktop/dev/AI/mobile/game_df/ios-build/Il2CppOutputProject/IL2CPP/external/mono/mono/metadata/verify-internals.h
[1922/3420  0s] CopyFiles /Users/tuantu/Desktop/dev/AI/mobile/game_df/ios-build/Il2CppOutputProject/IL2CPP/external/mono/mono/metadata/unity-liveness.c
[1923/3420  0s] CopyFiles /Users/tuantu/Desktop/dev/AI/mobile/game_df/ios-build/Il2CppOutputProject/IL2CPP/external/mono/mono/metadata/tokentype.h
[1924/3420  0s] CopyFiles /Users/tuantu/Desktop/dev/AI/mobile/game_df/ios-build/Il2CppOutputProject/IL2CPP/external/mono/mono/metadata/unity-utils.c
[1925/3420  0s] CopyFiles /Users/tuantu/Desktop/dev/AI/mobile/game_df/ios-build/Il2CppOutputProject/IL2CPP/external/mono/mono/metadata/threads.c
[1926/3420  0s] CopyFiles /Users/tuantu/Desktop/dev/AI/mobile/game_df/ios-build/Il2CppOutputProject/IL2CPP/external/mono/mono/metadata/threadpool.h
[1927/3420  0s] CopyFiles /Users/tuantu/Desktop/dev/AI/mobile/game_df/ios-build/Il2CppOutputProject/IL2CPP/external/mono/mono/metadata/threadpool-worker.h
[1928/3420  0s] CopyFiles /Users/tuantu/Desktop/dev/AI/mobile/game_df/ios-build/Il2CppOutputProject/IL2CPP/external/mono/mono/metadata/tabledefs.h
[1929/3420  0s] CopyFiles /Users/tuantu/Desktop/dev/AI/mobile/game_df/ios-build/Il2CppOutputProject/IL2CPP/external/mono/mono/metadata/threadpool-io.h
[1930/3420  0s] CopyFiles /Users/tuantu/Desktop/dev/AI/mobile/game_df/ios-build/Il2CppOutputProject/IL2CPP/external/mono/mono/metadata/threads-types.h
[1931/3420  0s] CopyFiles /Users/tuantu/Desktop/dev/AI/mobile/game_df/ios-build/Il2CppOutputProject/IL2CPP/external/mono/mono/metadata/threadpool-worker-default.c
[1932/3420  0s] CopyFiles /Users/tuantu/Desktop/dev/AI/mobile/game_df/ios-build/Il2CppOutputProject/IL2CPP/external/mono/mono/metadata/threadpool-io.c
[1933/3420  0s] CopyFiles /Users/tuantu/Desktop/dev/AI/mobile/game_df/ios-build/Il2CppOutputProject/IL2CPP/external/mono/mono/metadata/threadpool.c
[1934/3420  0s] CopyFiles /Users/tuantu/Desktop/dev/AI/mobile/game_df/ios-build/Il2CppOutputProject/IL2CPP/external/mono/mono/metadata/sysmath.h
[1935/3420  0s] CopyFiles /Users/tuantu/Desktop/dev/AI/mobile/game_df/ios-build/Il2CppOutputProject/IL2CPP/external/mono/mono/metadata/string-icalls.c
[1936/3420  0s] CopyFiles /Users/tuantu/Desktop/dev/AI/mobile/game_df/ios-build/Il2CppOutputProject/IL2CPP/external/mono/mono/metadata/string-icalls.h
[1937/3420  0s] CopyFiles /Users/tuantu/Desktop/dev/AI/mobile/game_df/ios-build/Il2CppOutputProject/IL2CPP/external/mono/mono/metadata/sre-internals.h
[1938/3420  0s] CopyFiles /Users/tuantu/Desktop/dev/AI/mobile/game_df/ios-build/Il2CppOutputProject/IL2CPP/external/mono/mono/metadata/sysmath.c
[1939/3420  0s] CopyFiles /Users/tuantu/Desktop/dev/AI/mobile/game_df/ios-build/Il2CppOutputProject/IL2CPP/external/mono/mono/metadata/sgen-toggleref.h
[1940/3420  0s] CopyFiles /Users/tuantu/Desktop/dev/AI/mobile/game_df/ios-build/Il2CppOutputProject/IL2CPP/external/mono/mono/metadata/sgen-toggleref.c
[1941/3420  0s] CopyFiles /Users/tuantu/Desktop/dev/AI/mobile/game_df/ios-build/Il2CppOutputProject/IL2CPP/external/mono/mono/metadata/sre-encode.c
[1942/3420  0s] CopyFiles /Users/tuantu/Desktop/dev/AI/mobile/game_df/ios-build/Il2CppOutputProject/IL2CPP/external/mono/mono/metadata/sgen-tarjan-bridge.c
[1943/3420  0s] CopyFiles /Users/tuantu/Desktop/dev/AI/mobile/game_df/ios-build/Il2CppOutputProject/IL2CPP/external/mono/mono/metadata/sre-save.c
[1944/3420  0s] CopyFiles /Users/tuantu/Desktop/dev/AI/mobile/game_df/ios-build/Il2CppOutputProject/IL2CPP/external/mono/mono/metadata/sre.c
[1945/3420  0s] CopyFiles /Users/tuantu/Desktop/dev/AI/mobile/game_df/ios-build/Il2CppOutputProject/IL2CPP/external/mono/mono/metadata/sgen-stw.c
[1946/3420  0s] CopyFiles /Users/tuantu/Desktop/dev/AI/mobile/game_df/ios-build/Il2CppOutputProject/IL2CPP/external/mono/mono/metadata/sgen-old-bridge.c
[1947/3420  0s] CopyFiles /Users/tuantu/Desktop/dev/AI/mobile/game_df/ios-build/Il2CppOutputProject/IL2CPP/external/mono/mono/metadata/sgen-mono.c
[1948/3420  0s] CopyFiles /Users/tuantu/Desktop/dev/AI/mobile/game_df/ios-build/Il2CppOutputProject/IL2CPP/external/mono/mono/metadata/sgen-new-bridge.c
[1949/3420  0s] CopyFiles /Users/tuantu/Desktop/dev/AI/mobile/game_df/ios-build/Il2CppOutputProject/IL2CPP/external/mono/mono/metadata/sgen-bridge.h
[1950/3420  0s] CopyFiles /Users/tuantu/Desktop/dev/AI/mobile/game_df/ios-build/Il2CppOutputProject/IL2CPP/external/mono/mono/metadata/sgen-dynarray.h
[1951/3420  0s] CopyFiles /Users/tuantu/Desktop/dev/AI/mobile/game_df/ios-build/Il2CppOutputProject/IL2CPP/external/mono/mono/metadata/sgen-bridge-internals.h
[1952/3420  0s] CopyFiles /Users/tuantu/Desktop/dev/AI/mobile/game_df/ios-build/Il2CppOutputProject/IL2CPP/external/mono/mono/metadata/sgen-bridge.c
[1953/3420  0s] CopyFiles /Users/tuantu/Desktop/dev/AI/mobile/game_df/ios-build/Il2CppOutputProject/IL2CPP/external/mono/mono/metadata/sgen-client-mono.h
[1954/3420  0s] CopyFiles /Users/tuantu/Desktop/dev/AI/mobile/game_df/ios-build/Il2CppOutputProject/IL2CPP/external/mono/mono/metadata/seq-points-data.h
[1955/3420  0s] CopyFiles /Users/tuantu/Desktop/dev/AI/mobile/game_df/ios-build/Il2CppOutputProject/IL2CPP/external/mono/mono/metadata/security-manager.h
[1956/3420  0s] CopyFiles /Users/tuantu/Desktop/dev/AI/mobile/game_df/ios-build/Il2CppOutputProject/IL2CPP/external/mono/mono/metadata/security-core-clr.h
[1957/3420  0s] CopyFiles /Users/tuantu/Desktop/dev/AI/mobile/game_df/ios-build/Il2CppOutputProject/IL2CPP/external/mono/mono/metadata/seq-points-data.c
[1958/3420  0s] CopyFiles /Users/tuantu/Desktop/dev/AI/mobile/game_df/ios-build/Il2CppOutputProject/IL2CPP/external/mono/mono/metadata/security.h
[1959/3420  0s] CopyFiles /Users/tuantu/Desktop/dev/AI/mobile/game_df/ios-build/Il2CppOutputProject/IL2CPP/external/mono/mono/metadata/security-manager.c
[1960/3420  0s] CopyFiles /Users/tuantu/Desktop/dev/AI/mobile/game_df/ios-build/Il2CppOutputProject/IL2CPP/external/mono/mono/metadata/security-core-clr.c
[1961/3420  0s] CopyFiles /Users/tuantu/Desktop/dev/AI/mobile/game_df/ios-build/Il2CppOutputProject/IL2CPP/external/mono/mono/metadata/runtime.h
[1962/3420  0s] CopyFiles /Users/tuantu/Desktop/dev/AI/mobile/game_df/ios-build/Il2CppOutputProject/IL2CPP/external/mono/mono/metadata/row-indexes.h
[1963/3420  0s] CopyFiles /Users/tuantu/Desktop/dev/AI/mobile/game_df/ios-build/Il2CppOutputProject/IL2CPP/external/mono/mono/metadata/remoting.h
[1964/3420  0s] CopyFiles /Users/tuantu/Desktop/dev/AI/mobile/game_df/ios-build/Il2CppOutputProject/IL2CPP/external/mono/mono/metadata/runtime.c
[1965/3420  0s] CopyFiles /Users/tuantu/Desktop/dev/AI/mobile/game_df/ios-build/Il2CppOutputProject/IL2CPP/external/mono/mono/metadata/reflection-cache.h
[1966/3420  0s] CopyFiles /Users/tuantu/Desktop/dev/AI/mobile/game_df/ios-build/Il2CppOutputProject/IL2CPP/external/mono/mono/metadata/reflection.h
[1967/3420  0s] CopyFiles /Users/tuantu/Desktop/dev/AI/mobile/game_df/ios-build/Il2CppOutputProject/IL2CPP/external/mono/mono/metadata/remoting.c
[1968/3420  0s] CopyFiles /Users/tuantu/Desktop/dev/AI/mobile/game_df/ios-build/Il2CppOutputProject/IL2CPP/external/mono/mono/metadata/reflection-internals.h
[1969/3420  0s] CopyFiles /Users/tuantu/Desktop/dev/AI/mobile/game_df/ios-build/Il2CppOutputProject/IL2CPP/external/mono/mono/metadata/profiler-legacy.h
[1970/3420  0s] CopyFiles /Users/tuantu/Desktop/dev/AI/mobile/game_df/ios-build/Il2CppOutputProject/IL2CPP/external/mono/mono/metadata/rand.h
[1971/3420  0s] CopyFiles /Users/tuantu/Desktop/dev/AI/mobile/game_df/ios-build/Il2CppOutputProject/IL2CPP/external/mono/mono/metadata/property-bag.c
[1972/3420  0s] CopyFiles /Users/tuantu/Desktop/dev/AI/mobile/game_df/ios-build/Il2CppOutputProject/IL2CPP/external/mono/mono/metadata/rand.c
[1973/3420  0s] CopyFiles /Users/tuantu/Desktop/dev/AI/mobile/game_df/ios-build/Il2CppOutputProject/IL2CPP/external/mono/mono/metadata/profiler-events.h
[1974/3420  0s] CopyFiles /Users/tuantu/Desktop/dev/AI/mobile/game_df/ios-build/Il2CppOutputProject/IL2CPP/external/mono/mono/metadata/property-bag.h
[1975/3420  0s] CopyFiles /Users/tuantu/Desktop/dev/AI/mobile/game_df/ios-build/Il2CppOutputProject/IL2CPP/external/mono/mono/metadata/profiler.h
[1976/3420  0s] CopyFiles /Users/tuantu/Desktop/dev/AI/mobile/game_df/ios-build/Il2CppOutputProject/IL2CPP/external/mono/mono/metadata/profiler-private.h
[1977/3420  0s] CopyFiles /Users/tuantu/Desktop/dev/AI/mobile/game_df/ios-build/Il2CppOutputProject/IL2CPP/external/mono/mono/metadata/profiler.c
[1978/3420  0s] CopyFiles /Users/tuantu/Desktop/dev/AI/mobile/game_df/ios-build/Il2CppOutputProject/IL2CPP/external/mono/mono/metadata/reflection.c
[1979/3420  0s] CopyFiles /Users/tuantu/Desktop/dev/AI/mobile/game_df/ios-build/Il2CppOutputProject/IL2CPP/external/mono/mono/metadata/private/threadpool-io-kqueue.c
[1980/3420  0s] CopyFiles /Users/tuantu/Desktop/dev/AI/mobile/game_df/ios-build/Il2CppOutputProject/IL2CPP/external/mono/mono/metadata/private/threadpool-io-epoll.c
[1981/3420  0s] CopyFiles /Users/tuantu/Desktop/dev/AI/mobile/game_df/ios-build/Il2CppOutputProject/IL2CPP/external/mono/mono/metadata/object-offsets.h
[1982/3420  0s] CopyFiles /Users/tuantu/Desktop/dev/AI/mobile/game_df/ios-build/Il2CppOutputProject/IL2CPP/external/mono/mono/metadata/object.h
[1983/3420  0s] CopyFiles /Users/tuantu/Desktop/dev/AI/mobile/game_df/ios-build/Il2CppOutputProject/IL2CPP/external/mono/mono/metadata/opcodes.c
[1984/3420  0s] CopyFiles /Users/tuantu/Desktop/dev/AI/mobile/game_df/ios-build/Il2CppOutputProject/IL2CPP/external/mono/mono/metadata/object-forward.h
[1985/3420  0s] CopyFiles /Users/tuantu/Desktop/dev/AI/mobile/game_df/ios-build/Il2CppOutputProject/IL2CPP/external/mono/mono/metadata/opcodes.h
[1986/3420  0s] CopyFiles /Users/tuantu/Desktop/dev/AI/mobile/game_df/ios-build/Il2CppOutputProject/IL2CPP/external/mono/mono/metadata/private/threadpool-io-poll.c
[1987/3420  0s] CopyFiles /Users/tuantu/Desktop/dev/AI/mobile/game_df/ios-build/Il2CppOutputProject/IL2CPP/external/mono/mono/metadata/null-gc.c
[1988/3420  0s] CopyFiles /Users/tuantu/Desktop/dev/AI/mobile/game_df/ios-build/Il2CppOutputProject/IL2CPP/external/mono/mono/metadata/mono-security.c
[1989/3420  0s] CopyFiles /Users/tuantu/Desktop/dev/AI/mobile/game_df/ios-build/Il2CppOutputProject/IL2CPP/external/mono/mono/metadata/number-ms.c
[1990/3420  0s] CopyFiles /Users/tuantu/Desktop/dev/AI/mobile/game_df/ios-build/Il2CppOutputProject/IL2CPP/external/mono/mono/metadata/number-ms.h
[1991/3420  0s] CopyFiles /Users/tuantu/Desktop/dev/AI/mobile/game_df/ios-build/Il2CppOutputProject/IL2CPP/external/mono/mono/metadata/mono-security-windows.c
[1992/3420  0s] CopyFiles /Users/tuantu/Desktop/dev/AI/mobile/game_df/ios-build/Il2CppOutputProject/IL2CPP/external/mono/mono/metadata/object-internals.h
[1993/3420  0s] CopyFiles /Users/tuantu/Desktop/dev/AI/mobile/game_df/ios-build/Il2CppOutputProject/IL2CPP/external/mono/mono/metadata/null-gc-handles.h
[1994/3420  0s] CopyFiles /Users/tuantu/Desktop/dev/AI/mobile/game_df/ios-build/Il2CppOutputProject/IL2CPP/external/mono/mono/metadata/number-formatter.h
[1995/3420  0s] CopyFiles /Users/tuantu/Desktop/dev/AI/mobile/game_df/ios-build/Il2CppOutputProject/IL2CPP/external/mono/mono/metadata/mono-security-windows-internals.h
[1996/3420  0s] CopyFiles /Users/tuantu/Desktop/dev/AI/mobile/game_df/ios-build/Il2CppOutputProject/IL2CPP/external/mono/mono/metadata/mono-route.h
[1997/3420  0s] CopyFiles /Users/tuantu/Desktop/dev/AI/mobile/game_df/ios-build/Il2CppOutputProject/IL2CPP/external/mono/mono/metadata/object.c
[1998/3420  0s] CopyFiles /Users/tuantu/Desktop/dev/AI/mobile/game_df/ios-build/Il2CppOutputProject/IL2CPP/external/mono/mono/metadata/mono-ptr-array.h
[1999/3420  0s] CopyFiles /Users/tuantu/Desktop/dev/AI/mobile/game_df/ios-build/Il2CppOutputProject/IL2CPP/external/mono/mono/metadata/normalization-tables.h
[2000/3420  0s] CopyFiles /Users/tuantu/Desktop/dev/AI/mobile/game_df/ios-build/Il2CppOutputProject/IL2CPP/external/mono/mono/metadata/mono-route.c
[2001/3420  0s] CopyFiles /Users/tuantu/Desktop/dev/AI/mobile/game_df/ios-build/Il2CppOutputProject/IL2CPP/external/mono/mono/metadata/mono-perfcounters.c
[2002/3420  0s] CopyFiles /Users/tuantu/Desktop/dev/AI/mobile/game_df/ios-build/Il2CppOutputProject/IL2CPP/external/mono/mono/metadata/mono-perfcounters-def.h
[2003/3420  0s] CopyFiles /Users/tuantu/Desktop/dev/AI/mobile/game_df/ios-build/Il2CppOutputProject/IL2CPP/external/mono/mono/metadata/mono-mlist.c
[2004/3420  0s] CopyFiles /Users/tuantu/Desktop/dev/AI/mobile/game_df/ios-build/Il2CppOutputProject/IL2CPP/external/mono/mono/metadata/mono-mlist.h
[2005/3420  0s] CopyFiles /Users/tuantu/Desktop/dev/AI/mobile/game_df/ios-build/Il2CppOutputProject/IL2CPP/external/mono/mono/metadata/mono-perfcounters.h
[2006/3420  0s] CopyFiles /Users/tuantu/Desktop/dev/AI/mobile/game_df/ios-build/Il2CppOutputProject/IL2CPP/external/mono/mono/metadata/mono-hash-internals.h
[2007/3420  0s] CopyFiles /Users/tuantu/Desktop/dev/AI/mobile/game_df/ios-build/Il2CppOutputProject/IL2CPP/external/mono/mono/metadata/mono-endian.h
[2008/3420  0s] CopyFiles /Users/tuantu/Desktop/dev/AI/mobile/game_df/ios-build/Il2CppOutputProject/IL2CPP/external/mono/mono/metadata/mono-debug.h
[2009/3420  0s] CopyFiles /Users/tuantu/Desktop/dev/AI/mobile/game_df/ios-build/Il2CppOutputProject/IL2CPP/external/mono/mono/metadata/mono-hash.h
[2010/3420  0s] CopyFiles /Users/tuantu/Desktop/dev/AI/mobile/game_df/ios-build/Il2CppOutputProject/IL2CPP/external/mono/mono/metadata/mono-gc.h
[2011/3420  0s] CopyFiles /Users/tuantu/Desktop/dev/AI/mobile/game_df/ios-build/Il2CppOutputProject/IL2CPP/external/mono/mono/metadata/mono-hash.c
[2012/3420  0s] CopyFiles /Users/tuantu/Desktop/dev/AI/mobile/game_df/ios-build/Il2CppOutputProject/IL2CPP/external/mono/mono/metadata/mono-endian.c
[2013/3420  0s] CopyFiles /Users/tuantu/Desktop/dev/AI/mobile/game_df/ios-build/Il2CppOutputProject/IL2CPP/external/mono/mono/metadata/mono-config.h
[2014/3420  0s] CopyFiles /Users/tuantu/Desktop/dev/AI/mobile/game_df/ios-build/Il2CppOutputProject/IL2CPP/external/mono/mono/metadata/mono-config-dirs.c
[2015/3420  0s] CopyFiles /Users/tuantu/Desktop/dev/AI/mobile/game_df/ios-build/Il2CppOutputProject/IL2CPP/external/mono/mono/metadata/mono-conc-hash.h
[2016/3420  0s] CopyFiles /Users/tuantu/Desktop/dev/AI/mobile/game_df/ios-build/Il2CppOutputProject/IL2CPP/external/mono/mono/metadata/mono-config-dirs.h
[2017/3420  0s] CopyFiles /Users/tuantu/Desktop/dev/AI/mobile/game_df/ios-build/Il2CppOutputProject/IL2CPP/external/mono/mono/metadata/mono-config.c
[2018/3420  0s] CopyFiles /Users/tuantu/Desktop/dev/AI/mobile/game_df/ios-build/Il2CppOutputProject/IL2CPP/external/mono/mono/metadata/mono-basic-block.h
[2019/3420  0s] CopyFiles /Users/tuantu/Desktop/dev/AI/mobile/game_df/ios-build/Il2CppOutputProject/IL2CPP/external/mono/mono/metadata/mono-debug.c
[2020/3420  0s] CopyFiles /Users/tuantu/Desktop/dev/AI/mobile/game_df/ios-build/Il2CppOutputProject/IL2CPP/external/mono/mono/metadata/mono-conc-hash.c
[2021/3420  0s] CopyFiles /Users/tuantu/Desktop/dev/AI/mobile/game_df/ios-build/Il2CppOutputProject/IL2CPP/external/mono/mono/metadata/monitor.h
[2022/3420  0s] CopyFiles /Users/tuantu/Desktop/dev/AI/mobile/game_df/ios-build/Il2CppOutputProject/IL2CPP/external/mono/mono/metadata/mono-basic-block.c
[2023/3420  0s] CopyFiles /Users/tuantu/Desktop/dev/AI/mobile/game_df/ios-build/Il2CppOutputProject/IL2CPP/external/mono/mono/metadata/monitor.c
[2024/3420  0s] CopyFiles /Users/tuantu/Desktop/dev/AI/mobile/game_df/ios-build/Il2CppOutputProject/IL2CPP/external/mono/mono/metadata/mempool.h
[2025/3420  0s] CopyFiles /Users/tuantu/Desktop/dev/AI/mobile/game_df/ios-build/Il2CppOutputProject/IL2CPP/external/mono/mono/metadata/method-builder.h
[2026/3420  0s] CopyFiles /Users/tuantu/Desktop/dev/AI/mobile/game_df/ios-build/Il2CppOutputProject/IL2CPP/external/mono/mono/metadata/mempool-internals.h
[2027/3420  0s] CopyFiles /Users/tuantu/Desktop/dev/AI/mobile/game_df/ios-build/Il2CppOutputProject/IL2CPP/external/mono/mono/metadata/method-builder.c
[2028/3420  0s] CopyFiles /Users/tuantu/Desktop/dev/AI/mobile/game_df/ios-build/Il2CppOutputProject/IL2CPP/external/mono/mono/metadata/metadata-cross-helpers.c
[2029/3420  0s] CopyFiles /Users/tuantu/Desktop/dev/AI/mobile/game_df/ios-build/Il2CppOutputProject/IL2CPP/external/mono/mono/metadata/metadata.h
[2030/3420  0s] CopyFiles /Users/tuantu/Desktop/dev/AI/mobile/game_df/ios-build/Il2CppOutputProject/IL2CPP/external/mono/mono/metadata/mempool.c
[2031/3420  0s] CopyFiles /Users/tuantu/Desktop/dev/AI/mobile/game_df/ios-build/Il2CppOutputProject/IL2CPP/external/mono/mono/metadata/metadata-internals.h
[2032/3420  0s] CopyFiles /Users/tuantu/Desktop/dev/AI/mobile/game_df/ios-build/Il2CppOutputProject/IL2CPP/external/mono/mono/metadata/marshal.h
[2033/3420  0s] CopyFiles /Users/tuantu/Desktop/dev/AI/mobile/game_df/ios-build/Il2CppOutputProject/IL2CPP/external/mono/mono/metadata/marshal-windows.c
[2034/3420  0s] CopyFiles /Users/tuantu/Desktop/dev/AI/mobile/game_df/ios-build/Il2CppOutputProject/IL2CPP/external/mono/mono/metadata/marshal-windows-internals.h
[2035/3420  0s] CopyFiles /Users/tuantu/Desktop/dev/AI/mobile/game_df/ios-build/Il2CppOutputProject/IL2CPP/external/mono/mono/metadata/marshal-internals.h
[2036/3420  0s] CopyFiles /Users/tuantu/Desktop/dev/AI/mobile/game_df/ios-build/Il2CppOutputProject/IL2CPP/external/mono/mono/metadata/metadata-verify.c
[2037/3420  0s] CopyFiles /Users/tuantu/Desktop/dev/AI/mobile/game_df/ios-build/Il2CppOutputProject/IL2CPP/external/mono/mono/metadata/locales.h
[2038/3420  0s] CopyFiles /Users/tuantu/Desktop/dev/AI/mobile/game_df/ios-build/Il2CppOutputProject/IL2CPP/external/mono/mono/metadata/lock-tracer.h
[2039/3420  0s] CopyFiles /Users/tuantu/Desktop/dev/AI/mobile/game_df/ios-build/Il2CppOutputProject/IL2CPP/external/mono/mono/metadata/lock-tracer.c
[2040/3420  0s] CopyFiles /Users/tuantu/Desktop/dev/AI/mobile/game_df/ios-build/Il2CppOutputProject/IL2CPP/external/mono/mono/metadata/loader.h
[2041/3420  0s] CopyFiles /Users/tuantu/Desktop/dev/AI/mobile/game_df/ios-build/Il2CppOutputProject/IL2CPP/external/mono/mono/metadata/loader-internals.h
[2042/3420  0s] CopyFiles /Users/tuantu/Desktop/dev/AI/mobile/game_df/ios-build/Il2CppOutputProject/IL2CPP/external/mono/mono/metadata/jit-info.c
[2043/3420  0s] CopyFiles /Users/tuantu/Desktop/dev/AI/mobile/game_df/ios-build/Il2CppOutputProject/IL2CPP/external/mono/mono/metadata/jit-icall-reg.h
[2044/3420  0s] CopyFiles /Users/tuantu/Desktop/dev/AI/mobile/game_df/ios-build/Il2CppOutputProject/IL2CPP/external/mono/mono/metadata/image.h
[2045/3420  0s] CopyFiles /Users/tuantu/Desktop/dev/AI/mobile/game_df/ios-build/Il2CppOutputProject/IL2CPP/external/mono/mono/metadata/loader.c
[2046/3420  0s] CopyFiles /Users/tuantu/Desktop/dev/AI/mobile/game_df/ios-build/Il2CppOutputProject/IL2CPP/external/mono/mono/metadata/locales.c
[2047/3420  0s] CopyFiles /Users/tuantu/Desktop/dev/AI/mobile/game_df/ios-build/Il2CppOutputProject/IL2CPP/external/mono/mono/metadata/metadata.c
[2048/3420  0s] CopyFiles /Users/tuantu/Desktop/dev/AI/mobile/game_df/ios-build/Il2CppOutputProject/IL2CPP/external/mono/mono/metadata/image-internals.h
[2049/3420  0s] CopyFiles /Users/tuantu/Desktop/dev/AI/mobile/game_df/ios-build/Il2CppOutputProject/IL2CPP/external/mono/mono/metadata/icalls.h
[2050/3420  0s] CopyFiles /Users/tuantu/Desktop/dev/AI/mobile/game_df/ios-build/Il2CppOutputProject/IL2CPP/external/mono/mono/metadata/marshal.c
[2051/3420  0s] CopyFiles /Users/tuantu/Desktop/dev/AI/mobile/game_df/ios-build/Il2CppOutputProject/IL2CPP/external/mono/mono/metadata/icall-internals.h
[2052/3420  0s] CopyFiles /Users/tuantu/Desktop/dev/AI/mobile/game_df/ios-build/Il2CppOutputProject/IL2CPP/external/mono/mono/metadata/image.c
[2053/3420  0s] CopyFiles /Users/tuantu/Desktop/dev/AI/mobile/game_df/ios-build/Il2CppOutputProject/IL2CPP/external/mono/mono/metadata/icall-windows-internals.h
[2054/3420  0s] CopyFiles /Users/tuantu/Desktop/dev/AI/mobile/game_df/ios-build/Il2CppOutputProject/IL2CPP/external/mono/mono/metadata/icall-windows.c
[2055/3420  0s] CopyFiles /Users/tuantu/Desktop/dev/AI/mobile/game_df/ios-build/Il2CppOutputProject/IL2CPP/external/mono/mono/metadata/handle-decl.h
[2056/3420  0s] CopyFiles /Users/tuantu/Desktop/dev/AI/mobile/game_df/ios-build/Il2CppOutputProject/IL2CPP/external/mono/mono/metadata/gc-stats.c
[2057/3420  0s] CopyFiles /Users/tuantu/Desktop/dev/AI/mobile/game_df/ios-build/Il2CppOutputProject/IL2CPP/external/mono/mono/metadata/handle.c
[2058/3420  0s] CopyFiles /Users/tuantu/Desktop/dev/AI/mobile/game_df/ios-build/Il2CppOutputProject/IL2CPP/external/mono/mono/metadata/gc.c
[2059/3420  0s] CopyFiles /Users/tuantu/Desktop/dev/AI/mobile/game_df/ios-build/Il2CppOutputProject/IL2CPP/external/mono/mono/metadata/gc-internals.h
[2060/3420  0s] CopyFiles /Users/tuantu/Desktop/dev/AI/mobile/game_df/ios-build/Il2CppOutputProject/IL2CPP/external/mono/mono/metadata/icall-def.h
[2061/3420  0s] CopyFiles /Users/tuantu/Desktop/dev/AI/mobile/game_df/ios-build/Il2CppOutputProject/IL2CPP/external/mono/mono/metadata/icall.c
[2062/3420  0s] CopyFiles /Users/tuantu/Desktop/dev/AI/mobile/game_df/ios-build/Il2CppOutputProject/IL2CPP/external/mono/mono/metadata/handle.h
[2063/3420  0s] CopyFiles /Users/tuantu/Desktop/dev/AI/mobile/game_df/ios-build/Il2CppOutputProject/IL2CPP/external/mono/mono/metadata/file-mmap.h
[2064/3420  0s] CopyFiles /Users/tuantu/Desktop/dev/AI/mobile/game_df/ios-build/Il2CppOutputProject/IL2CPP/external/mono/mono/metadata/filewatcher.c
[2065/3420  0s] CopyFiles /Users/tuantu/Desktop/dev/AI/mobile/game_df/ios-build/Il2CppOutputProject/IL2CPP/external/mono/mono/metadata/file-mmap-windows.c
[2066/3420  0s] CopyFiles /Users/tuantu/Desktop/dev/AI/mobile/game_df/ios-build/Il2CppOutputProject/IL2CPP/external/mono/mono/metadata/filewatcher.h
[2067/3420  0s] CopyFiles /Users/tuantu/Desktop/dev/AI/mobile/game_df/ios-build/Il2CppOutputProject/IL2CPP/external/mono/mono/metadata/file-mmap-posix.c
[2068/3420  0s] CopyFiles /Users/tuantu/Desktop/dev/AI/mobile/game_df/ios-build/Il2CppOutputProject/IL2CPP/external/mono/mono/metadata/fdhandle.h
[2069/3420  0s] CopyFiles /Users/tuantu/Desktop/dev/AI/mobile/game_df/ios-build/Il2CppOutputProject/IL2CPP/external/mono/mono/metadata/fdhandle.c
[2070/3420  0s] CopyFiles /Users/tuantu/Desktop/dev/AI/mobile/game_df/ios-build/Il2CppOutputProject/IL2CPP/external/mono/mono/metadata/exception.c
[2071/3420  0s] CopyFiles /Users/tuantu/Desktop/dev/AI/mobile/game_df/ios-build/Il2CppOutputProject/IL2CPP/external/mono/mono/metadata/exception.h
[2072/3420  0s] CopyFiles /Users/tuantu/Desktop/dev/AI/mobile/game_df/ios-build/Il2CppOutputProject/IL2CPP/external/mono/mono/metadata/exception-internals.h
[2073/3420  0s] CopyFiles /Users/tuantu/Desktop/dev/AI/mobile/game_df/ios-build/Il2CppOutputProject/IL2CPP/external/mono/mono/metadata/environment.h
[2074/3420  0s] CopyFiles /Users/tuantu/Desktop/dev/AI/mobile/game_df/ios-build/Il2CppOutputProject/IL2CPP/external/mono/mono/metadata/environment.c
[2075/3420  0s] CopyFiles /Users/tuantu/Desktop/dev/AI/mobile/game_df/ios-build/Il2CppOutputProject/IL2CPP/external/mono/mono/metadata/dynamic-stream-internals.h
[2076/3420  0s] CopyFiles /Users/tuantu/Desktop/dev/AI/mobile/game_df/ios-build/Il2CppOutputProject/IL2CPP/external/mono/mono/metadata/dynamic-image.c
[2077/3420  0s] CopyFiles /Users/tuantu/Desktop/dev/AI/mobile/game_df/ios-build/Il2CppOutputProject/IL2CPP/external/mono/mono/metadata/dynamic-stream.c
[2078/3420  0s] CopyFiles /Users/tuantu/Desktop/dev/AI/mobile/game_df/ios-build/Il2CppOutputProject/IL2CPP/external/mono/mono/metadata/dynamic-image-internals.h
[2079/3420  0s] CopyFiles /Users/tuantu/Desktop/dev/AI/mobile/game_df/ios-build/Il2CppOutputProject/IL2CPP/external/mono/mono/metadata/domain.c
[2080/3420  0s] CopyFiles /Users/tuantu/Desktop/dev/AI/mobile/game_df/ios-build/Il2CppOutputProject/IL2CPP/external/mono/mono/metadata/decimal-ms.h
[2081/3420  0s] CopyFiles /Users/tuantu/Desktop/dev/AI/mobile/game_df/ios-build/Il2CppOutputProject/IL2CPP/external/mono/mono/metadata/domain-internals.h
[2082/3420  0s] CopyFiles /Users/tuantu/Desktop/dev/AI/mobile/game_df/ios-build/Il2CppOutputProject/IL2CPP/external/mono/mono/metadata/debug-mono-symfile.h
[2083/3420  0s] CopyFiles /Users/tuantu/Desktop/dev/AI/mobile/game_df/ios-build/Il2CppOutputProject/IL2CPP/external/mono/mono/metadata/decimal-ms.c
[2084/3420  0s] CopyFiles /Users/tuantu/Desktop/dev/AI/mobile/game_df/ios-build/Il2CppOutputProject/IL2CPP/external/mono/mono/metadata/debug-internals.h
[2085/3420  0s] CopyFiles /Users/tuantu/Desktop/dev/AI/mobile/game_df/ios-build/Il2CppOutputProject/IL2CPP/external/mono/mono/metadata/debug-mono-symfile.c
[2086/3420  0s] CopyFiles /Users/tuantu/Desktop/dev/AI/mobile/game_df/ios-build/Il2CppOutputProject/IL2CPP/external/mono/mono/metadata/debug-mono-ppdb.h
[2087/3420  0s] CopyFiles /Users/tuantu/Desktop/dev/AI/mobile/game_df/ios-build/Il2CppOutputProject/IL2CPP/external/mono/mono/metadata/debug-mono-ppdb.c
[2088/3420  0s] CopyFiles /Users/tuantu/Desktop/dev/AI/mobile/game_df/ios-build/Il2CppOutputProject/IL2CPP/external/mono/mono/metadata/debug-helpers.h
[2089/3420  0s] CopyFiles /Users/tuantu/Desktop/dev/AI/mobile/game_df/ios-build/Il2CppOutputProject/IL2CPP/external/mono/mono/metadata/custom-attrs-internals.h
[2090/3420  0s] CopyFiles /Users/tuantu/Desktop/dev/AI/mobile/game_df/ios-build/Il2CppOutputProject/IL2CPP/external/mono/mono/metadata/coree-internals.h
[2091/3420  0s] CopyFiles /Users/tuantu/Desktop/dev/AI/mobile/game_df/ios-build/Il2CppOutputProject/IL2CPP/external/mono/mono/metadata/coree.h
[2092/3420  0s] CopyFiles /Users/tuantu/Desktop/dev/AI/mobile/game_df/ios-build/Il2CppOutputProject/IL2CPP/external/mono/mono/metadata/console-win32.c
[2093/3420  0s] CopyFiles /Users/tuantu/Desktop/dev/AI/mobile/game_df/ios-build/Il2CppOutputProject/IL2CPP/external/mono/mono/metadata/culture-info.h
[2094/3420  0s] CopyFiles /Users/tuantu/Desktop/dev/AI/mobile/game_df/ios-build/Il2CppOutputProject/IL2CPP/external/mono/mono/metadata/debug-helpers.c
[2095/3420  0s] CopyFiles /Users/tuantu/Desktop/dev/AI/mobile/game_df/ios-build/Il2CppOutputProject/IL2CPP/external/mono/mono/metadata/coree.c
[2096/3420  0s] CopyFiles /Users/tuantu/Desktop/dev/AI/mobile/game_df/ios-build/Il2CppOutputProject/IL2CPP/external/mono/mono/metadata/culture-info-tables.h
[2097/3420  0s] CopyFiles /Users/tuantu/Desktop/dev/AI/mobile/game_df/ios-build/Il2CppOutputProject/IL2CPP/external/mono/mono/metadata/custom-attrs.c
[2098/3420  0s] CopyFiles /Users/tuantu/Desktop/dev/AI/mobile/game_df/ios-build/Il2CppOutputProject/IL2CPP/external/mono/mono/metadata/console-io.h
[2099/3420  0s] CopyFiles /Users/tuantu/Desktop/dev/AI/mobile/game_df/ios-build/Il2CppOutputProject/IL2CPP/external/mono/mono/metadata/cominterop.h
[2100/3420  0s] CopyFiles /Users/tuantu/Desktop/dev/AI/mobile/game_df/ios-build/Il2CppOutputProject/IL2CPP/external/mono/mono/metadata/console-unix.c
[2101/3420  0s] CopyFiles /Users/tuantu/Desktop/dev/AI/mobile/game_df/ios-build/Il2CppOutputProject/IL2CPP/external/mono/mono/metadata/class.h
[2102/3420  0s] CopyFiles /Users/tuantu/Desktop/dev/AI/mobile/game_df/ios-build/Il2CppOutputProject/IL2CPP/external/mono/mono/metadata/cominterop-win32-internals.h
[2103/3420  0s] CopyFiles /Users/tuantu/Desktop/dev/AI/mobile/game_df/ios-build/Il2CppOutputProject/IL2CPP/external/mono/mono/metadata/class-getters.h
[2104/3420  0s] CopyFiles /Users/tuantu/Desktop/dev/AI/mobile/game_df/ios-build/Il2CppOutputProject/IL2CPP/external/mono/mono/metadata/class-private-definition.h
[2105/3420  0s] CopyFiles /Users/tuantu/Desktop/dev/AI/mobile/game_df/ios-build/Il2CppOutputProject/IL2CPP/external/mono/mono/metadata/class-inlines.h
[2106/3420  0s] CopyFiles /Users/tuantu/Desktop/dev/AI/mobile/game_df/ios-build/Il2CppOutputProject/IL2CPP/external/mono/mono/metadata/class.c
[2107/3420  0s] CopyFiles /Users/tuantu/Desktop/dev/AI/mobile/game_df/ios-build/Il2CppOutputProject/IL2CPP/external/mono/mono/metadata/cominterop.c
[2108/3420  0s] CopyFiles /Users/tuantu/Desktop/dev/AI/mobile/game_df/ios-build/Il2CppOutputProject/IL2CPP/external/mono/mono/metadata/class-accessors.c
[2109/3420  0s] CopyFiles /Users/tuantu/Desktop/dev/AI/mobile/game_df/ios-build/Il2CppOutputProject/IL2CPP/external/mono/mono/metadata/attach.h
[2110/3420  0s] CopyFiles /Users/tuantu/Desktop/dev/AI/mobile/game_df/ios-build/Il2CppOutputProject/IL2CPP/external/mono/mono/metadata/cil-coff.h
[2111/3420  0s] CopyFiles /Users/tuantu/Desktop/dev/AI/mobile/game_df/ios-build/Il2CppOutputProject/IL2CPP/external/mono/mono/metadata/class-internals.h
[2112/3420  0s] CopyFiles /Users/tuantu/Desktop/dev/AI/mobile/game_df/ios-build/Il2CppOutputProject/IL2CPP/external/mono/mono/metadata/boehm-gc.c
[2113/3420  0s] CopyFiles /Users/tuantu/Desktop/dev/AI/mobile/game_df/ios-build/Il2CppOutputProject/IL2CPP/external/mono/mono/metadata/callspec.h
[2114/3420  0s] CopyFiles /Users/tuantu/Desktop/dev/AI/mobile/game_df/ios-build/Il2CppOutputProject/IL2CPP/external/mono/mono/metadata/attach.c
[2115/3420  0s] CopyFiles /Users/tuantu/Desktop/dev/AI/mobile/game_df/ios-build/Il2CppOutputProject/IL2CPP/external/mono/mono/metadata/blob.h
[2116/3420  0s] CopyFiles /Users/tuantu/Desktop/dev/AI/mobile/game_df/ios-build/Il2CppOutputProject/IL2CPP/external/mono/mono/metadata/attrdefs.h
[2117/3420  0s] CopyFiles /Users/tuantu/Desktop/dev/AI/mobile/game_df/ios-build/Il2CppOutputProject/IL2CPP/external/mono/mono/metadata/assembly.h
[2118/3420  0s] CopyFiles /Users/tuantu/Desktop/dev/AI/mobile/game_df/ios-build/Il2CppOutputProject/IL2CPP/external/mono/mono/metadata/assembly-internals.h
[2119/3420  0s] CopyFiles /Users/tuantu/Desktop/dev/AI/mobile/game_df/ios-build/Il2CppOutputProject/IL2CPP/external/mono/mono/metadata/assembly.c
[2120/3420  0s] CopyFiles /Users/tuantu/Desktop/dev/AI/mobile/game_df/ios-build/Il2CppOutputProject/IL2CPP/external/mono/mono/metadata/appdomain.h
[2121/3420  0s] CopyFiles /Users/tuantu/Desktop/dev/AI/mobile/game_df/ios-build/Il2CppOutputProject/IL2CPP/external/mono/mono/metadata/appdomain.c
[2122/3420  0s] CopyFiles /Users/tuantu/Desktop/dev/AI/mobile/game_df/ios-build/Il2CppOutputProject/IL2CPP/external/mono/mono/metadata/appdomain-icalls.h
[2123/3420  0s] CopyFiles /Users/tuantu/Desktop/dev/AI/mobile/game_df/ios-build/Il2CppOutputProject/IL2CPP/external/mono/mono/eglib/gutf8.c
[2124/3420  0s] CopyFiles /Users/tuantu/Desktop/dev/AI/mobile/game_df/ios-build/Il2CppOutputProject/IL2CPP/external/mono/mono/metadata/abi-details.h
[2125/3420  0s] CopyFiles /Users/tuantu/Desktop/dev/AI/mobile/game_df/ios-build/Il2CppOutputProject/IL2CPP/external/mono/mono/eglib/gunicode-win32.c
[2126/3420  0s] CopyFiles /Users/tuantu/Desktop/dev/AI/mobile/game_df/ios-build/Il2CppOutputProject/IL2CPP/external/mono/mono/eglib/unicode-data.h
[2127/3420  0s] CopyFiles /Users/tuantu/Desktop/dev/AI/mobile/game_df/ios-build/Il2CppOutputProject/IL2CPP/external/mono/mono/eglib/sort.frag.h
[2128/3420  0s] CopyFiles /Users/tuantu/Desktop/dev/AI/mobile/game_df/ios-build/Il2CppOutputProject/IL2CPP/external/mono/mono/eglib/gunicode.c
[2129/3420  0s] CopyFiles /Users/tuantu/Desktop/dev/AI/mobile/game_df/ios-build/Il2CppOutputProject/IL2CPP/external/mono/mono/eglib/gunicode-win32-uwp.c
[2130/3420  0s] CopyFiles /Users/tuantu/Desktop/dev/AI/mobile/game_df/ios-build/Il2CppOutputProject/IL2CPP/external/mono/mono/eglib/gstring.c
[2131/3420  0s] CopyFiles /Users/tuantu/Desktop/dev/AI/mobile/game_df/ios-build/Il2CppOutputProject/IL2CPP/external/mono/mono/eglib/gstr.c
[2132/3420  0s] CopyFiles /Users/tuantu/Desktop/dev/AI/mobile/game_df/ios-build/Il2CppOutputProject/IL2CPP/external/mono/mono/eglib/gspawn.c
[2133/3420  0s] CopyFiles /Users/tuantu/Desktop/dev/AI/mobile/game_df/ios-build/Il2CppOutputProject/IL2CPP/external/mono/mono/eglib/gslist.c
[2134/3420  0s] CopyFiles /Users/tuantu/Desktop/dev/AI/mobile/game_df/ios-build/Il2CppOutputProject/IL2CPP/external/mono/mono/eglib/gshell.c
[2135/3420  0s] CopyFiles /Users/tuantu/Desktop/dev/AI/mobile/game_df/ios-build/Il2CppOutputProject/IL2CPP/external/mono/mono/eglib/gqueue.c
[2136/3420  0s] CopyFiles /Users/tuantu/Desktop/dev/AI/mobile/game_df/ios-build/Il2CppOutputProject/IL2CPP/external/mono/mono/eglib/gqsort.c
[2137/3420  0s] CopyFiles /Users/tuantu/Desktop/dev/AI/mobile/game_df/ios-build/Il2CppOutputProject/IL2CPP/external/mono/mono/eglib/gpath.c
[2138/3420  0s] CopyFiles /Users/tuantu/Desktop/dev/AI/mobile/game_df/ios-build/Il2CppOutputProject/IL2CPP/external/mono/mono/eglib/gpattern.c
[2139/3420  0s] CopyFiles /Users/tuantu/Desktop/dev/AI/mobile/game_df/ios-build/Il2CppOutputProject/IL2CPP/external/mono/mono/eglib/gmisc-unity.c
[2140/3420  0s] CopyFiles /Users/tuantu/Desktop/dev/AI/mobile/game_df/ios-build/Il2CppOutputProject/IL2CPP/external/mono/mono/eglib/gptrarray.c
[2141/3420  0s] CopyFiles /Users/tuantu/Desktop/dev/AI/mobile/game_df/ios-build/Il2CppOutputProject/IL2CPP/external/mono/mono/eglib/gmodule.h
[2142/3420  0s] CopyFiles /Users/tuantu/Desktop/dev/AI/mobile/game_df/ios-build/Il2CppOutputProject/IL2CPP/external/mono/mono/eglib/goutput.c
[2143/3420  0s] CopyFiles /Users/tuantu/Desktop/dev/AI/mobile/game_df/ios-build/Il2CppOutputProject/IL2CPP/external/mono/mono/eglib/gmem.c
[2144/3420  0s] CopyFiles /Users/tuantu/Desktop/dev/AI/mobile/game_df/ios-build/Il2CppOutputProject/IL2CPP/external/mono/mono/eglib/gmarkup.c
[2145/3420  0s] CopyFiles /Users/tuantu/Desktop/dev/AI/mobile/game_df/ios-build/Il2CppOutputProject/IL2CPP/external/mono/mono/eglib/giconv.c
[2146/3420  0s] CopyFiles /Users/tuantu/Desktop/dev/AI/mobile/game_df/ios-build/Il2CppOutputProject/IL2CPP/external/mono/mono/eglib/glist.c
[2147/3420  0s] CopyFiles /Users/tuantu/Desktop/dev/AI/mobile/game_df/ios-build/Il2CppOutputProject/IL2CPP/external/mono/mono/eglib/gfile.c
[2148/3420  0s] CopyFiles /Users/tuantu/Desktop/dev/AI/mobile/game_df/ios-build/Il2CppOutputProject/IL2CPP/external/mono/mono/eglib/glib.h
[2149/3420  0s] CopyFiles /Users/tuantu/Desktop/dev/AI/mobile/game_df/ios-build/Il2CppOutputProject/IL2CPP/external/mono/mono/eglib/gdir-unity.c
[2150/3420  0s] CopyFiles /Users/tuantu/Desktop/dev/AI/mobile/game_df/ios-build/Il2CppOutputProject/IL2CPP/external/mono/mono/eglib/gfile-unity.c
[2151/3420  0s] CopyFiles /Users/tuantu/Desktop/dev/AI/mobile/game_df/ios-build/Il2CppOutputProject/IL2CPP/external/mono/mono/eglib/ghashtable.c
[2152/3420  0s] CopyFiles /Users/tuantu/Desktop/dev/AI/mobile/game_df/ios-build/Il2CppOutputProject/IL2CPP/external/mono/mono/eglib/gerror.c
[2153/3420  0s] CopyFiles /Users/tuantu/Desktop/dev/AI/mobile/game_df/ios-build/Il2CppOutputProject/IL2CPP/external/mono/mono/eglib/gbytearray.c
[2154/3420  0s] CopyFiles /Users/tuantu/Desktop/dev/AI/mobile/game_df/ios-build/Il2CppOutputProject/IL2CPP/external/mono/mono/eglib/gdate-unity.c
[2155/3420  0s] CopyFiles /Users/tuantu/Desktop/dev/AI/mobile/game_df/ios-build/Il2CppOutputProject/IL2CPP/external/mono/mono/cil/opcode.def
[2156/3420  0s] CopyFiles /Users/tuantu/Desktop/dev/AI/mobile/game_df/ios-build/Il2CppOutputProject/IL2CPP/external/mono/mono/cil/tables.def
[2157/3420  0s] CopyFiles /Users/tuantu/Desktop/dev/AI/mobile/game_df/ios-build/Il2CppOutputProject/IL2CPP/external/mono/mono/eglib/garray.c
[2158/3420  0s] CopyFiles /Users/tuantu/Desktop/dev/AI/mobile/game_df/ios-build/Il2CppOutputProject/IL2CPP/external/mono/mono/eglib/eglib-remap.h
[2159/3420  0s] CopyFiles /Users/tuantu/Desktop/dev/AI/mobile/game_df/ios-build/Il2CppOutputProject/IL2CPP/external/mono/mono/arch/x86/x86-codegen.h
[2160/3420  0s] CopyFiles /Users/tuantu/Desktop/dev/AI/mobile/game_df/ios-build/Il2CppOutputProject/IL2CPP/external/mono/mono/arch/arm/arm_vfpmacros.h
[2161/3420  0s] CopyFiles /Users/tuantu/Desktop/dev/AI/mobile/game_df/ios-build/Il2CppOutputProject/IL2CPP/external/mono/mono/arch/arm64/arm64-codegen.h
[2162/3420  0s] CopyFiles /Users/tuantu/Desktop/dev/AI/mobile/game_df/ios-build/Il2CppOutputProject/IL2CPP/external/mono/mono/arch/arm/arm_dpimacros.h
[2163/3420  0s] CopyFiles /Users/tuantu/Desktop/dev/AI/mobile/game_df/ios-build/Il2CppOutputProject/IL2CPP/external/mono/mono/arch/arm/arm-codegen.h
[2164/3420  0s] CopyFiles /Users/tuantu/Desktop/dev/AI/mobile/game_df/ios-build/Il2CppOutputProject/IL2CPP/external/mono/mono/arch/arm/arm-vfp-codegen.h
[2165/3420  0s] CopyFiles /Users/tuantu/Desktop/dev/AI/mobile/game_df/ios-build/Il2CppOutputProject/IL2CPP/external/google/sparsehash/type_traits.h
[2166/3420  0s] CopyFiles /Users/tuantu/Desktop/dev/AI/mobile/game_df/ios-build/Il2CppOutputProject/IL2CPP/external/google/sparsehash/template_util.h
[2167/3420  0s] CopyFiles /Users/tuantu/Desktop/dev/AI/mobile/game_df/ios-build/Il2CppOutputProject/IL2CPP/external/google/sparsehash/sparse_hash_set.h
[2168/3420  0s] CopyFiles /Users/tuantu/Desktop/dev/AI/mobile/game_df/ios-build/Il2CppOutputProject/IL2CPP/external/mono/mono/arch/amd64/amd64-codegen.h
[2169/3420  0s] CopyFiles /Users/tuantu/Desktop/dev/AI/mobile/game_df/ios-build/Il2CppOutputProject/IL2CPP/external/google/sparsehash/sparse_hash_map.h
[2170/3420  0s] CopyFiles /Users/tuantu/Desktop/dev/AI/mobile/game_df/ios-build/Il2CppOutputProject/IL2CPP/external/google/sparsehash/dense_hash_map.h
[2171/3420  0s] CopyFiles /Users/tuantu/Desktop/dev/AI/mobile/game_df/ios-build/Il2CppOutputProject/IL2CPP/external/google/sparsehash/internal/sparseconfig.h
[2172/3420  0s] CopyFiles /Users/tuantu/Desktop/dev/AI/mobile/game_df/ios-build/Il2CppOutputProject/IL2CPP/external/google/sparsehash/internal/libc_allocator_with_realloc.h
[2173/3420  0s] CopyFiles /Users/tuantu/Desktop/dev/AI/mobile/game_df/ios-build/Il2CppOutputProject/IL2CPP/external/google/sparsehash/internal/hashtable-common.h
[2174/3420  0s] CopyFiles /Users/tuantu/Desktop/dev/AI/mobile/game_df/ios-build/Il2CppOutputProject/IL2CPP/external/google/sparsehash/dense_hash_set.h
[2175/3420  0s] CopyFiles /Users/tuantu/Desktop/dev/AI/mobile/game_df/ios-build/Il2CppOutputProject/IL2CPP/external/bdwgc/windows-untested/stdafx.h
[2176/3420  0s] CopyFiles /Users/tuantu/Desktop/dev/AI/mobile/game_df/ios-build/Il2CppOutputProject/IL2CPP/external/bdwgc/windows-untested/stdafx.c
[2177/3420  0s] CopyFiles /Users/tuantu/Desktop/dev/AI/mobile/game_df/ios-build/Il2CppOutputProject/IL2CPP/external/google/sparsehash/sparsetable.h
[2178/3420  0s] CopyFiles /Users/tuantu/Desktop/dev/AI/mobile/game_df/ios-build/Il2CppOutputProject/IL2CPP/external/bdwgc/vector_mlc.c
[2179/3420  0s] CopyFiles /Users/tuantu/Desktop/dev/AI/mobile/game_df/ios-build/Il2CppOutputProject/IL2CPP/external/google/sparsehash/internal/sparsehashtable.h
[2180/3420  0s] CopyFiles /Users/tuantu/Desktop/dev/AI/mobile/game_df/ios-build/Il2CppOutputProject/IL2CPP/external/bdwgc/tools/setjmp_t.c
[2181/3420  0s] CopyFiles /Users/tuantu/Desktop/dev/AI/mobile/game_df/ios-build/Il2CppOutputProject/IL2CPP/external/google/sparsehash/internal/densehashtable.h
[2182/3420  0s] CopyFiles /Users/tuantu/Desktop/dev/AI/mobile/game_df/ios-build/Il2CppOutputProject/IL2CPP/external/bdwgc/tools/threadlibs.c
[2183/3420  0s] CopyFiles /Users/tuantu/Desktop/dev/AI/mobile/game_df/ios-build/Il2CppOutputProject/IL2CPP/external/bdwgc/tools/if_mach.c
[2184/3420  0s] CopyFiles /Users/tuantu/Desktop/dev/AI/mobile/game_df/ios-build/Il2CppOutputProject/IL2CPP/external/bdwgc/tools/if_not_there.c
[2185/3420  0s] CopyFiles /Users/tuantu/Desktop/dev/AI/mobile/game_df/ios-build/Il2CppOutputProject/IL2CPP/external/bdwgc/typd_mlc.c
[2186/3420  0s] CopyFiles /Users/tuantu/Desktop/dev/AI/mobile/game_df/ios-build/Il2CppOutputProject/IL2CPP/external/bdwgc/thread_local_alloc.c
[2187/3420  0s] CopyFiles /Users/tuantu/Desktop/dev/AI/mobile/game_df/ios-build/Il2CppOutputProject/IL2CPP/external/bdwgc/win32_threads.c
[2188/3420  0s] CopyFiles /Users/tuantu/Desktop/dev/AI/mobile/game_df/ios-build/Il2CppOutputProject/IL2CPP/external/bdwgc/tests/thread_leak_test.c
[2189/3420  0s] CopyFiles /Users/tuantu/Desktop/dev/AI/mobile/game_df/ios-build/Il2CppOutputProject/IL2CPP/external/bdwgc/tests/trace_test.c
[2190/3420  0s] CopyFiles /Users/tuantu/Desktop/dev/AI/mobile/game_df/ios-build/Il2CppOutputProject/IL2CPP/external/bdwgc/tests/test_atomic_ops.c
[2191/3420  0s] CopyFiles /Users/tuantu/Desktop/dev/AI/mobile/game_df/ios-build/Il2CppOutputProject/IL2CPP/external/bdwgc/tests/subthread_create.c
[2192/3420  0s] CopyFiles /Users/tuantu/Desktop/dev/AI/mobile/game_df/ios-build/Il2CppOutputProject/IL2CPP/external/bdwgc/tests/threadkey_test.c
[2193/3420  0s] CopyFiles /Users/tuantu/Desktop/dev/AI/mobile/game_df/ios-build/Il2CppOutputProject/IL2CPP/external/bdwgc/tests/staticrootslib.c
[2194/3420  0s] CopyFiles /Users/tuantu/Desktop/dev/AI/mobile/game_df/ios-build/Il2CppOutputProject/IL2CPP/external/bdwgc/tests/test.c
[2195/3420  0s] CopyFiles /Users/tuantu/Desktop/dev/AI/mobile/game_df/ios-build/Il2CppOutputProject/IL2CPP/external/bdwgc/tests/staticrootstest.c
[2196/3420  0s] CopyFiles /Users/tuantu/Desktop/dev/AI/mobile/game_df/ios-build/Il2CppOutputProject/IL2CPP/external/bdwgc/tests/realloc_test.c
[2197/3420  0s] CopyFiles /Users/tuantu/Desktop/dev/AI/mobile/game_df/ios-build/Il2CppOutputProject/IL2CPP/external/bdwgc/tests/huge_test.c
[2198/3420  0s] CopyFiles /Users/tuantu/Desktop/dev/AI/mobile/game_df/ios-build/Il2CppOutputProject/IL2CPP/external/bdwgc/tests/smash_test.c
[2199/3420  0s] CopyFiles /Users/tuantu/Desktop/dev/AI/mobile/game_df/ios-build/Il2CppOutputProject/IL2CPP/external/bdwgc/tests/leak_test.c
[2200/3420  0s] CopyFiles /Users/tuantu/Desktop/dev/AI/mobile/game_df/ios-build/Il2CppOutputProject/IL2CPP/external/bdwgc/tests/initsecondarythread.c
[2201/3420  0s] CopyFiles /Users/tuantu/Desktop/dev/AI/mobile/game_df/ios-build/Il2CppOutputProject/IL2CPP/external/bdwgc/tests/middle.c
[2202/3420  0s] CopyFiles /Users/tuantu/Desktop/dev/AI/mobile/game_df/ios-build/Il2CppOutputProject/IL2CPP/external/bdwgc/README.md
[2203/3420  0s] CopyFiles /Users/tuantu/Desktop/dev/AI/mobile/game_df/ios-build/Il2CppOutputProject/IL2CPP/external/bdwgc/tests/disclaim_test.c
[2204/3420  0s] CopyFiles /Users/tuantu/Desktop/dev/AI/mobile/game_df/ios-build/Il2CppOutputProject/IL2CPP/external/bdwgc/ptr_chck.c
[2205/3420  0s] CopyFiles /Users/tuantu/Desktop/dev/AI/mobile/game_df/ios-build/Il2CppOutputProject/IL2CPP/external/bdwgc/tests/disclaim_bench.c
[2206/3420  0s] CopyFiles /Users/tuantu/Desktop/dev/AI/mobile/game_df/ios-build/Il2CppOutputProject/IL2CPP/external/bdwgc/pthread_start.c
[2207/3420  0s] CopyFiles /Users/tuantu/Desktop/dev/AI/mobile/game_df/ios-build/Il2CppOutputProject/IL2CPP/external/bdwgc/specific.c
[2208/3420  0s] CopyFiles /Users/tuantu/Desktop/dev/AI/mobile/game_df/ios-build/Il2CppOutputProject/IL2CPP/external/bdwgc/reclaim.c
[2209/3420  0s] CopyFiles /Users/tuantu/Desktop/dev/AI/mobile/game_df/ios-build/Il2CppOutputProject/IL2CPP/external/bdwgc/obj_map.c
[2210/3420  0s] CopyFiles /Users/tuantu/Desktop/dev/AI/mobile/game_df/ios-build/Il2CppOutputProject/IL2CPP/external/bdwgc/new_hblk.c
[2211/3420  0s] CopyFiles /Users/tuantu/Desktop/dev/AI/mobile/game_df/ios-build/Il2CppOutputProject/IL2CPP/external/bdwgc/pthread_support.c
[2212/3420  0s] CopyFiles /Users/tuantu/Desktop/dev/AI/mobile/game_df/ios-build/Il2CppOutputProject/IL2CPP/external/bdwgc/pthread_stop_world.c
[2213/3420  0s] CopyFiles /Users/tuantu/Desktop/dev/AI/mobile/game_df/ios-build/Il2CppOutputProject/IL2CPP/external/bdwgc/os_dep.c
[2214/3420  0s] CopyFiles /Users/tuantu/Desktop/dev/AI/mobile/game_df/ios-build/Il2CppOutputProject/IL2CPP/external/bdwgc/mach_dep.c
[2215/3420  0s] CopyFiles /Users/tuantu/Desktop/dev/AI/mobile/game_df/ios-build/Il2CppOutputProject/IL2CPP/external/bdwgc/malloc.c
[2216/3420  0s] CopyFiles /Users/tuantu/Desktop/dev/AI/mobile/game_df/ios-build/Il2CppOutputProject/IL2CPP/external/bdwgc/mark_rts.c
[2217/3420  0s] CopyFiles /Users/tuantu/Desktop/dev/AI/mobile/game_df/ios-build/Il2CppOutputProject/IL2CPP/external/bdwgc/mark.c
[2218/3420  0s] CopyFiles /Users/tuantu/Desktop/dev/AI/mobile/game_df/ios-build/Il2CppOutputProject/IL2CPP/external/bdwgc/misc.c
[2219/3420  0s] CopyFiles /Users/tuantu/Desktop/dev/AI/mobile/game_df/ios-build/Il2CppOutputProject/IL2CPP/external/bdwgc/mallocx.c
[2220/3420  0s] CopyFiles /Users/tuantu/Desktop/dev/AI/mobile/game_df/ios-build/Il2CppOutputProject/IL2CPP/external/bdwgc/libatomic_ops/src/atomic_ops/sysdeps/test_and_set_t_is_char.h
[2221/3420  0s] CopyFiles /Users/tuantu/Desktop/dev/AI/mobile/game_df/ios-build/Il2CppOutputProject/IL2CPP/external/bdwgc/libatomic_ops/src/atomic_ops/sysdeps/test_and_set_t_is_ao_t.h
[2222/3420  0s] CopyFiles /Users/tuantu/Desktop/dev/AI/mobile/game_df/ios-build/Il2CppOutputProject/IL2CPP/external/bdwgc/libatomic_ops/src/atomic_ops/sysdeps/sunc/x86.h
[2223/3420  0s] CopyFiles /Users/tuantu/Desktop/dev/AI/mobile/game_df/ios-build/Il2CppOutputProject/IL2CPP/external/bdwgc/libatomic_ops/src/atomic_ops/sysdeps/standard_ao_double_t.h
[2224/3420  0s] CopyFiles /Users/tuantu/Desktop/dev/AI/mobile/game_df/ios-build/Il2CppOutputProject/IL2CPP/external/bdwgc/libatomic_ops/src/atomic_ops/sysdeps/sunc/sparc.h
[2225/3420  0s] CopyFiles /Users/tuantu/Desktop/dev/AI/mobile/game_df/ios-build/Il2CppOutputProject/IL2CPP/external/bdwgc/libatomic_ops/src/atomic_ops/sysdeps/msftc/x86.h
[2226/3420  0s] CopyFiles /Users/tuantu/Desktop/dev/AI/mobile/game_df/ios-build/Il2CppOutputProject/IL2CPP/external/bdwgc/libatomic_ops/src/atomic_ops/sysdeps/read_ordered.h
[2227/3420  0s] CopyFiles /Users/tuantu/Desktop/dev/AI/mobile/game_df/ios-build/Il2CppOutputProject/IL2CPP/external/bdwgc/libatomic_ops/src/atomic_ops/sysdeps/ordered_except_wr.h
[2228/3420  0s] CopyFiles /Users/tuantu/Desktop/dev/AI/mobile/game_df/ios-build/Il2CppOutputProject/IL2CPP/external/bdwgc/libatomic_ops/src/atomic_ops/sysdeps/ordered.h
[2229/3420  0s] CopyFiles /Users/tuantu/Desktop/dev/AI/mobile/game_df/ios-build/Il2CppOutputProject/IL2CPP/external/bdwgc/libatomic_ops/src/atomic_ops/sysdeps/loadstore/short_atomic_store.h
[2230/3420  0s] CopyFiles /Users/tuantu/Desktop/dev/AI/mobile/game_df/ios-build/Il2CppOutputProject/IL2CPP/external/bdwgc/libatomic_ops/src/atomic_ops/sysdeps/msftc/x86_64.h
[2231/3420  0s] CopyFiles /Users/tuantu/Desktop/dev/AI/mobile/game_df/ios-build/Il2CppOutputProject/IL2CPP/external/bdwgc/libatomic_ops/src/atomic_ops/sysdeps/msftc/common32_defs.h
[2232/3420  0s] CopyFiles /Users/tuantu/Desktop/dev/AI/mobile/game_df/ios-build/Il2CppOutputProject/IL2CPP/external/bdwgc/libatomic_ops/src/atomic_ops/sysdeps/loadstore/short_atomic_load.h
[2233/3420  0s] CopyFiles /Users/tuantu/Desktop/dev/AI/mobile/game_df/ios-build/Il2CppOutputProject/IL2CPP/external/bdwgc/libatomic_ops/src/atomic_ops/sysdeps/loadstore/short_acquire_release_volatile.h
[2234/3420  0s] CopyFiles /Users/tuantu/Desktop/dev/AI/mobile/game_df/ios-build/Il2CppOutputProject/IL2CPP/external/bdwgc/libatomic_ops/src/atomic_ops/sysdeps/msftc/arm.h
[2235/3420  0s] CopyFiles /Users/tuantu/Desktop/dev/AI/mobile/game_df/ios-build/Il2CppOutputProject/IL2CPP/external/bdwgc/libatomic_ops/src/atomic_ops/sysdeps/loadstore/int_atomic_store.h
[2236/3420  0s] CopyFiles /Users/tuantu/Desktop/dev/AI/mobile/game_df/ios-build/Il2CppOutputProject/IL2CPP/external/bdwgc/libatomic_ops/src/atomic_ops/sysdeps/loadstore/ordered_stores_only.h
[2237/3420  0s] CopyFiles /Users/tuantu/Desktop/dev/AI/mobile/game_df/ios-build/Il2CppOutputProject/IL2CPP/external/bdwgc/libatomic_ops/src/atomic_ops/sysdeps/loadstore/ordered_loads_only.h
[2238/3420  0s] CopyFiles /Users/tuantu/Desktop/dev/AI/mobile/game_df/ios-build/Il2CppOutputProject/IL2CPP/external/bdwgc/libatomic_ops/src/atomic_ops/sysdeps/loadstore/int_atomic_load.h
[2239/3420  0s] CopyFiles /Users/tuantu/Desktop/dev/AI/mobile/game_df/ios-build/Il2CppOutputProject/IL2CPP/external/bdwgc/libatomic_ops/src/atomic_ops/sysdeps/loadstore/char_atomic_load.h
[2240/3420  0s] CopyFiles /Users/tuantu/Desktop/dev/AI/mobile/game_df/ios-build/Il2CppOutputProject/IL2CPP/external/bdwgc/libatomic_ops/src/atomic_ops/sysdeps/loadstore/int_acquire_release_volatile.h
[2241/3420  0s] CopyFiles /Users/tuantu/Desktop/dev/AI/mobile/game_df/ios-build/Il2CppOutputProject/IL2CPP/external/bdwgc/libatomic_ops/src/atomic_ops/sysdeps/loadstore/double_atomic_load_store.h
[2242/3420  0s] CopyFiles /Users/tuantu/Desktop/dev/AI/mobile/game_df/ios-build/Il2CppOutputProject/IL2CPP/external/bdwgc/libatomic_ops/src/atomic_ops/sysdeps/loadstore/char_atomic_store.h
[2243/3420  0s] CopyFiles /Users/tuantu/Desktop/dev/AI/mobile/game_df/ios-build/Il2CppOutputProject/IL2CPP/external/bdwgc/libatomic_ops/src/atomic_ops/sysdeps/loadstore/char_acquire_release_volatile.h
[2244/3420  0s] CopyFiles /Users/tuantu/Desktop/dev/AI/mobile/game_df/ios-build/Il2CppOutputProject/IL2CPP/external/bdwgc/libatomic_ops/src/atomic_ops/sysdeps/loadstore/atomic_store.h
[2245/3420  0s] CopyFiles /Users/tuantu/Desktop/dev/AI/mobile/game_df/ios-build/Il2CppOutputProject/IL2CPP/external/bdwgc/libatomic_ops/src/atomic_ops/sysdeps/icc/ia64.h
[2246/3420  0s] CopyFiles /Users/tuantu/Desktop/dev/AI/mobile/game_df/ios-build/Il2CppOutputProject/IL2CPP/external/bdwgc/libatomic_ops/src/atomic_ops/sysdeps/loadstore/atomic_load.h
[2247/3420  0s] CopyFiles /Users/tuantu/Desktop/dev/AI/mobile/game_df/ios-build/Il2CppOutputProject/IL2CPP/external/bdwgc/libatomic_ops/src/atomic_ops/sysdeps/loadstore/acquire_release_volatile.h
[2248/3420  0s] CopyFiles /Users/tuantu/Desktop/dev/AI/mobile/game_df/ios-build/Il2CppOutputProject/IL2CPP/external/bdwgc/libatomic_ops/src/atomic_ops/sysdeps/hpc/hppa.h
[2249/3420  0s] CopyFiles /Users/tuantu/Desktop/dev/AI/mobile/game_df/ios-build/Il2CppOutputProject/IL2CPP/external/bdwgc/libatomic_ops/src/atomic_ops/sysdeps/ibmc/powerpc.h
[2250/3420  0s] CopyFiles /Users/tuantu/Desktop/dev/AI/mobile/game_df/ios-build/Il2CppOutputProject/IL2CPP/external/bdwgc/libatomic_ops/src/atomic_ops/sysdeps/hpc/ia64.h
[2251/3420  0s] CopyFiles /Users/tuantu/Desktop/dev/AI/mobile/game_df/ios-build/Il2CppOutputProject/IL2CPP/external/bdwgc/libatomic_ops/src/atomic_ops/sysdeps/gcc/x86.h
[2252/3420  0s] CopyFiles /Users/tuantu/Desktop/dev/AI/mobile/game_df/ios-build/Il2CppOutputProject/IL2CPP/external/bdwgc/libatomic_ops/src/atomic_ops/sysdeps/generic_pthread.h
[2253/3420  0s] CopyFiles /Users/tuantu/Desktop/dev/AI/mobile/game_df/ios-build/Il2CppOutputProject/IL2CPP/external/bdwgc/libatomic_ops/src/atomic_ops/sysdeps/gcc/mips.h
[2254/3420  0s] CopyFiles /Users/tuantu/Desktop/dev/AI/mobile/game_df/ios-build/Il2CppOutputProject/IL2CPP/external/bdwgc/libatomic_ops/src/atomic_ops/sysdeps/gcc/powerpc.h
[2255/3420  0s] CopyFiles /Users/tuantu/Desktop/dev/AI/mobile/game_df/ios-build/Il2CppOutputProject/IL2CPP/external/bdwgc/libatomic_ops/src/atomic_ops/sysdeps/gcc/s390.h
[2256/3420  0s] CopyFiles /Users/tuantu/Desktop/dev/AI/mobile/game_df/ios-build/Il2CppOutputProject/IL2CPP/external/bdwgc/libatomic_ops/src/atomic_ops/sysdeps/gcc/sparc.h
[2257/3420  0s] CopyFiles /Users/tuantu/Desktop/dev/AI/mobile/game_df/ios-build/Il2CppOutputProject/IL2CPP/external/bdwgc/libatomic_ops/src/atomic_ops/sysdeps/gcc/sh.h
[2258/3420  0s] CopyFiles /Users/tuantu/Desktop/dev/AI/mobile/game_df/ios-build/Il2CppOutputProject/IL2CPP/external/bdwgc/libatomic_ops/src/atomic_ops/sysdeps/gcc/generic.h
[2259/3420  0s] CopyFiles /Users/tuantu/Desktop/dev/AI/mobile/game_df/ios-build/Il2CppOutputProject/IL2CPP/external/bdwgc/libatomic_ops/src/atomic_ops/sysdeps/gcc/hppa.h
[2260/3420  0s] CopyFiles /Users/tuantu/Desktop/dev/AI/mobile/game_df/ios-build/Il2CppOutputProject/IL2CPP/external/bdwgc/libatomic_ops/src/atomic_ops/sysdeps/gcc/hexagon.h
[2261/3420  0s] CopyFiles /Users/tuantu/Desktop/dev/AI/mobile/game_df/ios-build/Il2CppOutputProject/IL2CPP/external/bdwgc/libatomic_ops/src/atomic_ops/sysdeps/gcc/m68k.h
[2262/3420  0s] CopyFiles /Users/tuantu/Desktop/dev/AI/mobile/game_df/ios-build/Il2CppOutputProject/IL2CPP/external/bdwgc/libatomic_ops/src/atomic_ops/sysdeps/gcc/ia64.h
[2263/3420  0s] CopyFiles /Users/tuantu/Desktop/dev/AI/mobile/game_df/ios-build/Il2CppOutputProject/IL2CPP/external/bdwgc/libatomic_ops/src/atomic_ops/sysdeps/gcc/generic-small.h
[2264/3420  0s] CopyFiles /Users/tuantu/Desktop/dev/AI/mobile/game_df/ios-build/Il2CppOutputProject/IL2CPP/external/bdwgc/libatomic_ops/src/atomic_ops/sysdeps/gcc/generic-arithm.h
[2265/3420  0s] CopyFiles /Users/tuantu/Desktop/dev/AI/mobile/game_df/ios-build/Il2CppOutputProject/IL2CPP/external/bdwgc/libatomic_ops/src/atomic_ops/sysdeps/gcc/avr32.h
[2266/3420  0s] CopyFiles /Users/tuantu/Desktop/dev/AI/mobile/game_df/ios-build/Il2CppOutputProject/IL2CPP/external/bdwgc/libatomic_ops/src/atomic_ops/sysdeps/gcc/aarch64.h
[2267/3420  0s] CopyFiles /Users/tuantu/Desktop/dev/AI/mobile/game_df/ios-build/Il2CppOutputProject/IL2CPP/external/bdwgc/libatomic_ops/src/atomic_ops/sysdeps/gcc/alpha.h
[2268/3420  0s] CopyFiles /Users/tuantu/Desktop/dev/AI/mobile/game_df/ios-build/Il2CppOutputProject/IL2CPP/external/bdwgc/libatomic_ops/src/atomic_ops/sysdeps/gcc/cris.h
[2269/3420  0s] CopyFiles /Users/tuantu/Desktop/dev/AI/mobile/game_df/ios-build/Il2CppOutputProject/IL2CPP/external/bdwgc/libatomic_ops/src/atomic_ops/sysdeps/gcc/arm.h
[2270/3420  0s] CopyFiles /Users/tuantu/Desktop/dev/AI/mobile/game_df/ios-build/Il2CppOutputProject/IL2CPP/external/bdwgc/libatomic_ops/src/atomic_ops/sysdeps/ao_t_is_int.h
[2271/3420  0s] CopyFiles /Users/tuantu/Desktop/dev/AI/mobile/game_df/ios-build/Il2CppOutputProject/IL2CPP/external/bdwgc/libatomic_ops/src/atomic_ops/sysdeps/all_atomic_only_load.h
[2272/3420  0s] CopyFiles /Users/tuantu/Desktop/dev/AI/mobile/game_df/ios-build/Il2CppOutputProject/IL2CPP/external/bdwgc/libatomic_ops/src/atomic_ops/sysdeps/emul_cas.h
[2273/3420  0s] CopyFiles /Users/tuantu/Desktop/dev/AI/mobile/game_df/ios-build/Il2CppOutputProject/IL2CPP/external/bdwgc/libatomic_ops/src/atomic_ops/sysdeps/all_atomic_load_store.h
[2274/3420  0s] CopyFiles /Users/tuantu/Desktop/dev/AI/mobile/game_df/ios-build/Il2CppOutputProject/IL2CPP/external/bdwgc/libatomic_ops/src/atomic_ops/sysdeps/all_aligned_atomic_load_store.h
[2275/3420  0s] CopyFiles /Users/tuantu/Desktop/dev/AI/mobile/game_df/ios-build/Il2CppOutputProject/IL2CPP/external/bdwgc/libatomic_ops/src/atomic_ops/sysdeps/armcc/arm_v6.h
[2276/3420  0s] CopyFiles /Users/tuantu/Desktop/dev/AI/mobile/game_df/ios-build/Il2CppOutputProject/IL2CPP/external/bdwgc/libatomic_ops/src/atomic_ops/sysdeps/all_acquire_release_volatile.h
[2277/3420  0s] CopyFiles /Users/tuantu/Desktop/dev/AI/mobile/game_df/ios-build/Il2CppOutputProject/IL2CPP/external/bdwgc/libatomic_ops/src/atomic_ops/ao_version.h
[2278/3420  0s] CopyFiles /Users/tuantu/Desktop/dev/AI/mobile/game_df/ios-build/Il2CppOutputProject/IL2CPP/external/bdwgc/libatomic_ops/src/atomic_ops.h
[2279/3420  0s] CopyFiles /Users/tuantu/Desktop/dev/AI/mobile/game_df/ios-build/Il2CppOutputProject/IL2CPP/external/bdwgc/libatomic_ops/src/atomic_ops/generalize.h
[2280/3420  0s] CopyFiles /Users/tuantu/Desktop/dev/AI/mobile/game_df/ios-build/Il2CppOutputProject/IL2CPP/external/bdwgc/libatomic_ops/src/atomic_ops/generalize-arithm.h
[2281/3420  0s] CopyFiles /Users/tuantu/Desktop/dev/AI/mobile/game_df/ios-build/Il2CppOutputProject/IL2CPP/external/bdwgc/libatomic_ops/src/atomic_ops/generalize-small.h
[2282/3420  0s] CopyFiles /Users/tuantu/Desktop/dev/AI/mobile/game_df/ios-build/Il2CppOutputProject/IL2CPP/external/bdwgc/libatomic_ops/README.md
[2283/3420  0s] CopyFiles /Users/tuantu/Desktop/dev/AI/mobile/game_df/ios-build/Il2CppOutputProject/IL2CPP/external/bdwgc/libatomic_ops/doc/LICENSING.txt
[2284/3420  0s] CopyFiles /Users/tuantu/Desktop/dev/AI/mobile/game_df/ios-build/Il2CppOutputProject/IL2CPP/external/bdwgc/libatomic_ops/doc/README.txt
[2285/3420  0s] CopyFiles /Users/tuantu/Desktop/dev/AI/mobile/game_df/ios-build/Il2CppOutputProject/IL2CPP/external/bdwgc/libatomic_ops/COPYING
[2286/3420  0s] CopyFiles /Users/tuantu/Desktop/dev/AI/mobile/game_df/ios-build/Il2CppOutputProject/IL2CPP/external/bdwgc/libatomic_ops/src/atomic_ops.c
[2287/3420  0s] CopyFiles /Users/tuantu/Desktop/dev/AI/mobile/game_df/ios-build/Il2CppOutputProject/IL2CPP/external/bdwgc/include/private/msvc_dbg.h
[2288/3420  0s] CopyFiles /Users/tuantu/Desktop/dev/AI/mobile/game_df/ios-build/Il2CppOutputProject/IL2CPP/external/bdwgc/include/weakpointer.h
[2289/3420  0s] CopyFiles /Users/tuantu/Desktop/dev/AI/mobile/game_df/ios-build/Il2CppOutputProject/IL2CPP/external/bdwgc/include/private/pthread_stop_world.h
[2290/3420  0s] CopyFiles /Users/tuantu/Desktop/dev/AI/mobile/game_df/ios-build/Il2CppOutputProject/IL2CPP/external/bdwgc/include/private/pthread_support.h
[2291/3420  0s] CopyFiles /Users/tuantu/Desktop/dev/AI/mobile/game_df/ios-build/Il2CppOutputProject/IL2CPP/external/bdwgc/include/private/thread_local_alloc.h
[2292/3420  0s] CopyFiles /Users/tuantu/Desktop/dev/AI/mobile/game_df/ios-build/Il2CppOutputProject/IL2CPP/external/bdwgc/include/private/specific.h
[2293/3420  0s] CopyFiles /Users/tuantu/Desktop/dev/AI/mobile/game_df/ios-build/Il2CppOutputProject/IL2CPP/external/bdwgc/include/private/gc_locks.h
[2294/3420  0s] CopyFiles /Users/tuantu/Desktop/dev/AI/mobile/game_df/ios-build/Il2CppOutputProject/IL2CPP/external/bdwgc/include/private/gc_hdrs.h
[2295/3420  0s] CopyFiles /Users/tuantu/Desktop/dev/AI/mobile/game_df/ios-build/Il2CppOutputProject/IL2CPP/external/bdwgc/include/private/gc_atomic_ops.h
[2296/3420  0s] CopyFiles /Users/tuantu/Desktop/dev/AI/mobile/game_df/ios-build/Il2CppOutputProject/IL2CPP/external/bdwgc/include/private/gc_pmark.h
[2297/3420  0s] CopyFiles /Users/tuantu/Desktop/dev/AI/mobile/game_df/ios-build/Il2CppOutputProject/IL2CPP/external/bdwgc/include/private/darwin_stop_world.h
[2298/3420  0s] CopyFiles /Users/tuantu/Desktop/dev/AI/mobile/game_df/ios-build/Il2CppOutputProject/IL2CPP/external/bdwgc/include/private/dbg_mlc.h
[2299/3420  0s] CopyFiles /Users/tuantu/Desktop/dev/AI/mobile/game_df/ios-build/Il2CppOutputProject/IL2CPP/external/bdwgc/include/leak_detector.h
[2300/3420  0s] CopyFiles /Users/tuantu/Desktop/dev/AI/mobile/game_df/ios-build/Il2CppOutputProject/IL2CPP/external/bdwgc/include/private/darwin_semaphore.h
[2301/3420  0s] CopyFiles /Users/tuantu/Desktop/dev/AI/mobile/game_df/ios-build/Il2CppOutputProject/IL2CPP/external/bdwgc/include/private/gc_priv.h
[2302/3420  0s] CopyFiles /Users/tuantu/Desktop/dev/AI/mobile/game_df/ios-build/Il2CppOutputProject/IL2CPP/external/bdwgc/include/new_gc_alloc.h
[2303/3420  0s] CopyFiles /Users/tuantu/Desktop/dev/AI/mobile/game_df/ios-build/Il2CppOutputProject/IL2CPP/external/bdwgc/include/gc_version.h
[2304/3420  0s] CopyFiles /Users/tuantu/Desktop/dev/AI/mobile/game_df/ios-build/Il2CppOutputProject/IL2CPP/external/bdwgc/include/javaxfc.h
[2305/3420  0s] CopyFiles /Users/tuantu/Desktop/dev/AI/mobile/game_df/ios-build/Il2CppOutputProject/IL2CPP/external/bdwgc/include/gc_vector.h
[2306/3420  0s] CopyFiles /Users/tuantu/Desktop/dev/AI/mobile/game_df/ios-build/Il2CppOutputProject/IL2CPP/external/bdwgc/include/private/gcconfig.h
[2307/3420  0s] CopyFiles /Users/tuantu/Desktop/dev/AI/mobile/game_df/ios-build/Il2CppOutputProject/IL2CPP/external/bdwgc/include/gc_tiny_fl.h
[2308/3420  0s] CopyFiles /Users/tuantu/Desktop/dev/AI/mobile/game_df/ios-build/Il2CppOutputProject/IL2CPP/external/bdwgc/include/gc_pthread_redirects.h
[2309/3420  0s] CopyFiles /Users/tuantu/Desktop/dev/AI/mobile/game_df/ios-build/Il2CppOutputProject/IL2CPP/external/bdwgc/include/gc_mark.h
[2310/3420  0s] CopyFiles /Users/tuantu/Desktop/dev/AI/mobile/game_df/ios-build/Il2CppOutputProject/IL2CPP/external/bdwgc/include/gc_inline.h
[2311/3420  0s] CopyFiles /Users/tuantu/Desktop/dev/AI/mobile/game_df/ios-build/Il2CppOutputProject/IL2CPP/external/bdwgc/include/gc_typed.h
[2312/3420  0s] CopyFiles /Users/tuantu/Desktop/dev/AI/mobile/game_df/ios-build/Il2CppOutputProject/IL2CPP/external/bdwgc/include/gc_gcj.h
[2313/3420  0s] CopyFiles /Users/tuantu/Desktop/dev/AI/mobile/game_df/ios-build/Il2CppOutputProject/IL2CPP/external/bdwgc/include/gc_disclaim.h
[2314/3420  0s] CopyFiles /Users/tuantu/Desktop/dev/AI/mobile/game_df/ios-build/Il2CppOutputProject/IL2CPP/external/bdwgc/include/gc_cpp.h
[2315/3420  0s] CopyFiles /Users/tuantu/Desktop/dev/AI/mobile/game_df/ios-build/Il2CppOutputProject/IL2CPP/external/bdwgc/include/gc_backptr.h
[2316/3420  0s] CopyFiles /Users/tuantu/Desktop/dev/AI/mobile/game_df/ios-build/Il2CppOutputProject/IL2CPP/external/bdwgc/include/cord_pos.h
[2317/3420  0s] CopyFiles /Users/tuantu/Desktop/dev/AI/mobile/game_df/ios-build/Il2CppOutputProject/IL2CPP/external/bdwgc/include/gc_config_macros.h
[2318/3420  0s] CopyFiles /Users/tuantu/Desktop/dev/AI/mobile/game_df/ios-build/Il2CppOutputProject/IL2CPP/external/bdwgc/include/gc_allocator.h
[2319/3420  0s] CopyFiles /Users/tuantu/Desktop/dev/AI/mobile/game_df/ios-build/Il2CppOutputProject/IL2CPP/external/bdwgc/include/gc.h
[2320/3420  0s] CopyFiles /Users/tuantu/Desktop/dev/AI/mobile/game_df/ios-build/Il2CppOutputProject/IL2CPP/external/bdwgc/include/extra/gc.h
[2321/3420  0s] CopyFiles /Users/tuantu/Desktop/dev/AI/mobile/game_df/ios-build/Il2CppOutputProject/IL2CPP/external/bdwgc/include/gc_alloc_ptrs.h
[2322/3420  0s] CopyFiles /Users/tuantu/Desktop/dev/AI/mobile/game_df/ios-build/Il2CppOutputProject/IL2CPP/external/bdwgc/include/ec.h
[2323/3420  0s] CopyFiles /Users/tuantu/Desktop/dev/AI/mobile/game_df/ios-build/Il2CppOutputProject/IL2CPP/external/bdwgc/include/extra/gc_cpp.h
[2324/3420  0s] CopyFiles /Users/tuantu/Desktop/dev/AI/mobile/game_df/ios-build/Il2CppOutputProject/IL2CPP/external/bdwgc/heapsections.c
[2325/3420  0s] CopyFiles /Users/tuantu/Desktop/dev/AI/mobile/game_df/ios-build/Il2CppOutputProject/IL2CPP/external/bdwgc/gc_dlopen.c
[2326/3420  0s] CopyFiles /Users/tuantu/Desktop/dev/AI/mobile/game_df/ios-build/Il2CppOutputProject/IL2CPP/external/bdwgc/include/cord.h
[2327/3420  0s] CopyFiles /Users/tuantu/Desktop/dev/AI/mobile/game_df/ios-build/Il2CppOutputProject/IL2CPP/external/bdwgc/gcj_mlc.c
[2328/3420  0s] CopyFiles /Users/tuantu/Desktop/dev/AI/mobile/game_df/ios-build/Il2CppOutputProject/IL2CPP/external/bdwgc/headers.c
[2329/3420  0s] CopyFiles /Users/tuantu/Desktop/dev/AI/mobile/game_df/ios-build/Il2CppOutputProject/IL2CPP/external/bdwgc/fnlz_mlc.c
[2330/3420  0s] CopyFiles /Users/tuantu/Desktop/dev/AI/mobile/game_df/ios-build/Il2CppOutputProject/IL2CPP/external/bdwgc/finalize.c
[2331/3420  0s] CopyFiles /Users/tuantu/Desktop/dev/AI/mobile/game_df/ios-build/Il2CppOutputProject/IL2CPP/external/bdwgc/extra/real_malloc.c
[2332/3420  0s] CopyFiles /Users/tuantu/Desktop/dev/AI/mobile/game_df/ios-build/Il2CppOutputProject/IL2CPP/external/bdwgc/extra/pcr_interface.c
[2333/3420  0s] CopyFiles /Users/tuantu/Desktop/dev/AI/mobile/game_df/ios-build/Il2CppOutputProject/IL2CPP/external/bdwgc/extra/msvc_dbg.c
[2334/3420  0s] CopyFiles /Users/tuantu/Desktop/dev/AI/mobile/game_df/ios-build/Il2CppOutputProject/IL2CPP/external/bdwgc/extra/Mac_files/MacOS_config.h
[2335/3420  0s] CopyFiles /Users/tuantu/Desktop/dev/AI/mobile/game_df/ios-build/Il2CppOutputProject/IL2CPP/external/bdwgc/extra/krait_signal_handler.c
[2336/3420  0s] CopyFiles /Users/tuantu/Desktop/dev/AI/mobile/game_df/ios-build/Il2CppOutputProject/IL2CPP/external/bdwgc/extra/Mac_files/dataend.c
[2337/3420  0s] CopyFiles /Users/tuantu/Desktop/dev/AI/mobile/game_df/ios-build/Il2CppOutputProject/IL2CPP/external/bdwgc/extra/gc.c
[2338/3420  0s] CopyFiles /Users/tuantu/Desktop/dev/AI/mobile/game_df/ios-build/Il2CppOutputProject/IL2CPP/external/bdwgc/extra/Mac_files/datastart.c
[2339/3420  0s] CopyFiles /Users/tuantu/Desktop/dev/AI/mobile/game_df/ios-build/Il2CppOutputProject/IL2CPP/external/bdwgc/extra/MacOS.c
[2340/3420  0s] CopyFiles /Users/tuantu/Desktop/dev/AI/mobile/game_df/ios-build/Il2CppOutputProject/IL2CPP/external/bdwgc/extra/AmigaOS.c
[2341/3420  0s] CopyFiles /Users/tuantu/Desktop/dev/AI/mobile/game_df/ios-build/Il2CppOutputProject/IL2CPP/external/bdwgc/cord/tests/de_win.h
[2342/3420  0s] CopyFiles /Users/tuantu/Desktop/dev/AI/mobile/game_df/ios-build/Il2CppOutputProject/IL2CPP/external/bdwgc/cord/tests/de_win.c
[2343/3420  0s] CopyFiles /Users/tuantu/Desktop/dev/AI/mobile/game_df/ios-build/Il2CppOutputProject/IL2CPP/external/bdwgc/darwin_stop_world.c
[2344/3420  0s] CopyFiles /Users/tuantu/Desktop/dev/AI/mobile/game_df/ios-build/Il2CppOutputProject/IL2CPP/external/bdwgc/dyn_load.c
[2345/3420  0s] CopyFiles /Users/tuantu/Desktop/dev/AI/mobile/game_df/ios-build/Il2CppOutputProject/IL2CPP/external/bdwgc/cord/cordxtra.c
[2346/3420  0s] CopyFiles /Users/tuantu/Desktop/dev/AI/mobile/game_df/ios-build/Il2CppOutputProject/IL2CPP/external/bdwgc/dbg_mlc.c
[2347/3420  0s] CopyFiles /Users/tuantu/Desktop/dev/AI/mobile/game_df/ios-build/Il2CppOutputProject/IL2CPP/external/bdwgc/cord/tests/de_cmds.h
[2348/3420  0s] CopyFiles /Users/tuantu/Desktop/dev/AI/mobile/game_df/ios-build/Il2CppOutputProject/IL2CPP/external/bdwgc/cord/cordprnt.c
[2349/3420  0s] CopyFiles /Users/tuantu/Desktop/dev/AI/mobile/game_df/ios-build/Il2CppOutputProject/IL2CPP/external/bdwgc/checksums.c
[2350/3420  0s] CopyFiles /Users/tuantu/Desktop/dev/AI/mobile/game_df/ios-build/Il2CppOutputProject/IL2CPP/external/bdwgc/cord/tests/de.c
[2351/3420  0s] CopyFiles /Users/tuantu/Desktop/dev/AI/mobile/game_df/ios-build/Il2CppOutputProject/IL2CPP/external/bdwgc/cord/tests/cordtest.c
[2352/3420  0s] CopyFiles /Users/tuantu/Desktop/dev/AI/mobile/game_df/ios-build/Il2CppOutputProject/IL2CPP/external/bdwgc/cord/cordbscs.c
[2353/3420  0s] CopyFiles /Users/tuantu/Desktop/dev/AI/mobile/game_df/ios-build/Il2CppOutputProject/IL2CPP/external/bdwgc/backgraph.c
[2354/3420  0s] CopyFiles /Users/tuantu/Desktop/dev/AI/mobile/game_df/ios-build/Il2CppOutputProject/IL2CPP/external/bdwgc/blacklst.c
[2355/3420  0s] CopyFiles /Users/tuantu/Desktop/dev/AI/mobile/game_df/ios-build/Il2CppOutputProject/IL2CPP/external/bdwgc/allchblk.c
[2356/3420  0s] CopyFiles /Users/tuantu/Desktop/dev/AI/mobile/game_df/ios-build/Il2CppOutputProject/IL2CPP/external/bdwgc/alloc.c
[2357/3420  0s] CopyFiles /Users/tuantu/Desktop/dev/AI/mobile/game_df/ios-build/Il2CppOutputProject/IL2CPP/external/baselib/Platforms/WindowsGames/Include/C/Baselib_DynamicLibrary.inl.h
[2358/3420  0s] CopyFiles /Users/tuantu/Desktop/dev/AI/mobile/game_df/ios-build/Il2CppOutputProject/IL2CPP/external/baselib/Platforms/WindowsGames/Include/C/Baselib_ThreadLocalStorage.inl.h
[2359/3420  0s] CopyFiles /Users/tuantu/Desktop/dev/AI/mobile/game_df/ios-build/Il2CppOutputProject/IL2CPP/external/baselib/Platforms/WindowsGames/Include/C/Baselib_ErrorState.inl.h
[2360/3420  0s] CopyFiles /Users/tuantu/Desktop/dev/AI/mobile/game_df/ios-build/Il2CppOutputProject/IL2CPP/external/baselib/Platforms/WindowsGames/Include/BaselibPlatformSpecificEnvironment.h
[2361/3420  0s] CopyFiles /Users/tuantu/Desktop/dev/AI/mobile/game_df/ios-build/Il2CppOutputProject/IL2CPP/external/baselib/Platforms/WindowsGames/Include/C/Baselib_FileIO.inl.h
[2362/3420  0s] CopyFiles /Users/tuantu/Desktop/dev/AI/mobile/game_df/ios-build/Il2CppOutputProject/IL2CPP/external/baselib/Platforms/Windows/Include/C/Baselib_ThreadLocalStorage.inl.h
[2363/3420  0s] CopyFiles /Users/tuantu/Desktop/dev/AI/mobile/game_df/ios-build/Il2CppOutputProject/IL2CPP/external/baselib/Platforms/Windows/Include/C/Baselib_FileIO.inl.h
[2364/3420  0s] CopyFiles /Users/tuantu/Desktop/dev/AI/mobile/game_df/ios-build/Il2CppOutputProject/IL2CPP/external/baselib/Platforms/Windows/Include/C/Baselib_DynamicLibrary.inl.h
[2365/3420  0s] CopyFiles /Users/tuantu/Desktop/dev/AI/mobile/game_df/ios-build/Il2CppOutputProject/IL2CPP/external/baselib/Platforms/WebGL/Include/C/Baselib_ErrorState.inl.h
[2366/3420  0s] CopyFiles /Users/tuantu/Desktop/dev/AI/mobile/game_df/ios-build/Il2CppOutputProject/IL2CPP/external/baselib/Platforms/Windows/Include/BaselibPlatformSpecificEnvironment.h
[2367/3420  0s] CopyFiles /Users/tuantu/Desktop/dev/AI/mobile/game_df/ios-build/Il2CppOutputProject/IL2CPP/external/baselib/Platforms/WebGL/Include/C/Baselib_ThreadLocalStorage.inl.h
[2368/3420  0s] CopyFiles /Users/tuantu/Desktop/dev/AI/mobile/game_df/ios-build/Il2CppOutputProject/IL2CPP/external/baselib/Platforms/Windows/Include/C/Baselib_ErrorState.inl.h
[2369/3420  0s] CopyFiles /Users/tuantu/Desktop/dev/AI/mobile/game_df/ios-build/Il2CppOutputProject/IL2CPP/external/baselib/Platforms/WebGL/Include/C/Baselib_FileIO.inl.h
[2370/3420  0s] CopyFiles /Users/tuantu/Desktop/dev/AI/mobile/game_df/ios-build/Il2CppOutputProject/IL2CPP/external/baselib/Platforms/WebGL/Include/BaselibPlatformSpecificEnvironment.h
[2371/3420  0s] CopyFiles /Users/tuantu/Desktop/dev/AI/mobile/game_df/ios-build/Il2CppOutputProject/IL2CPP/external/baselib/Platforms/VisionOS/Include/C/Baselib_ThreadLocalStorage.inl.h
[2372/3420  0s] CopyFiles /Users/tuantu/Desktop/dev/AI/mobile/game_df/ios-build/Il2CppOutputProject/IL2CPP/external/baselib/Platforms/WebGL/Include/C/Baselib_DynamicLibrary.inl.h
[2373/3420  0s] CopyFiles /Users/tuantu/Desktop/dev/AI/mobile/game_df/ios-build/Il2CppOutputProject/IL2CPP/external/baselib/Platforms/VisionOS/Include/C/Baselib_DynamicLibrary.inl.h
[2374/3420  0s] CopyFiles /Users/tuantu/Desktop/dev/AI/mobile/game_df/ios-build/Il2CppOutputProject/IL2CPP/external/baselib/Platforms/VisionOS/Include/C/Baselib_FileIO.inl.h
[2375/3420  0s] CopyFiles /Users/tuantu/Desktop/dev/AI/mobile/game_df/ios-build/Il2CppOutputProject/IL2CPP/external/baselib/Platforms/VisionOS/Include/C/Baselib_ErrorState.inl.h
[2376/3420  0s] CopyFiles /Users/tuantu/Desktop/dev/AI/mobile/game_df/ios-build/Il2CppOutputProject/IL2CPP/external/baselib/Platforms/UniversalWindows/Include/C/Baselib_ErrorState.inl.h
[2377/3420  0s] CopyFiles /Users/tuantu/Desktop/dev/AI/mobile/game_df/ios-build/Il2CppOutputProject/IL2CPP/external/baselib/Platforms/UniversalWindows/Include/C/Baselib_DynamicLibrary.inl.h
[2378/3420  0s] CopyFiles /Users/tuantu/Desktop/dev/AI/mobile/game_df/ios-build/Il2CppOutputProject/IL2CPP/external/baselib/Platforms/UniversalWindows/Include/C/Baselib_FileIO.inl.h
[2379/3420  0s] CopyFiles /Users/tuantu/Desktop/dev/AI/mobile/game_df/ios-build/Il2CppOutputProject/IL2CPP/external/baselib/Platforms/VisionOS/Include/BaselibPlatformSpecificEnvironment.h
[2380/3420  0s] CopyFiles /Users/tuantu/Desktop/dev/AI/mobile/game_df/ios-build/Il2CppOutputProject/IL2CPP/external/baselib/Platforms/Tvos/Include/C/Baselib_ThreadLocalStorage.inl.h
[2381/3420  0s] CopyFiles /Users/tuantu/Desktop/dev/AI/mobile/game_df/ios-build/Il2CppOutputProject/IL2CPP/external/baselib/Platforms/UniversalWindows/Include/BaselibPlatformSpecificEnvironment.h
[2382/3420  0s] CopyFiles /Users/tuantu/Desktop/dev/AI/mobile/game_df/ios-build/Il2CppOutputProject/IL2CPP/external/baselib/Platforms/UniversalWindows/Include/C/Baselib_ThreadLocalStorage.inl.h
[2383/3420  0s] CopyFiles /Users/tuantu/Desktop/dev/AI/mobile/game_df/ios-build/Il2CppOutputProject/IL2CPP/external/baselib/Platforms/Tvos/Include/C/Baselib_DynamicLibrary.inl.h
[2384/3420  0s] CopyFiles /Users/tuantu/Desktop/dev/AI/mobile/game_df/ios-build/Il2CppOutputProject/IL2CPP/external/baselib/Platforms/Tvos/Include/C/Baselib_FileIO.inl.h
[2385/3420  0s] CopyFiles /Users/tuantu/Desktop/dev/AI/mobile/game_df/ios-build/Il2CppOutputProject/IL2CPP/external/baselib/Platforms/OSX/Include/BaselibPlatformSpecificEnvironment.h
[2386/3420  0s] CopyFiles /Users/tuantu/Desktop/dev/AI/mobile/game_df/ios-build/Il2CppOutputProject/IL2CPP/external/baselib/Platforms/Tvos/Include/BaselibPlatformSpecificEnvironment.h
[2387/3420  0s] CopyFiles /Users/tuantu/Desktop/dev/AI/mobile/game_df/ios-build/Il2CppOutputProject/IL2CPP/external/baselib/Platforms/Tvos/Include/C/Baselib_ErrorState.inl.h
[2388/3420  0s] CopyFiles /Users/tuantu/Desktop/dev/AI/mobile/game_df/ios-build/Il2CppOutputProject/IL2CPP/external/baselib/Platforms/OSX/Include/C/Baselib_FileIO.inl.h
[2389/3420  0s] CopyFiles /Users/tuantu/Desktop/dev/AI/mobile/game_df/ios-build/Il2CppOutputProject/IL2CPP/external/baselib/Platforms/OSX/Include/C/Baselib_ErrorState.inl.h
[2390/3420  0s] CopyFiles /Users/tuantu/Desktop/dev/AI/mobile/game_df/ios-build/Il2CppOutputProject/IL2CPP/external/baselib/Platforms/OSX/Include/C/Baselib_ThreadLocalStorage.inl.h
[2391/3420  0s] CopyFiles /Users/tuantu/Desktop/dev/AI/mobile/game_df/ios-build/Il2CppOutputProject/IL2CPP/external/baselib/Platforms/OSX/Include/C/Baselib_DynamicLibrary.inl.h
[2392/3420  0s] CopyFiles /Users/tuantu/Desktop/dev/AI/mobile/game_df/ios-build/Il2CppOutputProject/IL2CPP/external/baselib/Platforms/Linux/Include/C/Baselib_ThreadLocalStorage.inl.h
[2393/3420  0s] CopyFiles /Users/tuantu/Desktop/dev/AI/mobile/game_df/ios-build/Il2CppOutputProject/IL2CPP/external/baselib/Platforms/Linux/Include/BaselibPlatformSpecificEnvironment.h
[2394/3420  0s] CopyFiles /Users/tuantu/Desktop/dev/AI/mobile/game_df/ios-build/Il2CppOutputProject/IL2CPP/external/baselib/Platforms/Linux/Include/C/Baselib_ErrorState.inl.h
[2395/3420  0s] CopyFiles /Users/tuantu/Desktop/dev/AI/mobile/game_df/ios-build/Il2CppOutputProject/IL2CPP/external/baselib/Platforms/Linux/Include/C/Baselib_DynamicLibrary.inl.h
[2396/3420  0s] CopyFiles /Users/tuantu/Desktop/dev/AI/mobile/game_df/ios-build/Il2CppOutputProject/IL2CPP/external/baselib/Platforms/Linux/Include/C/Baselib_FileIO.inl.h
[2397/3420  0s] CopyFiles /Users/tuantu/Desktop/dev/AI/mobile/game_df/ios-build/Il2CppOutputProject/IL2CPP/external/baselib/Platforms/IOS/Include/BaselibPlatformSpecificEnvironment.h
[2398/3420  0s] CopyFiles /Users/tuantu/Desktop/dev/AI/mobile/game_df/ios-build/Il2CppOutputProject/IL2CPP/external/baselib/Platforms/IOS/Include/C/Baselib_ErrorState.inl.h
[2399/3420  0s] CopyFiles /Users/tuantu/Desktop/dev/AI/mobile/game_df/ios-build/Il2CppOutputProject/IL2CPP/external/baselib/Platforms/IOS/Include/C/Baselib_FileIO.inl.h
[2400/3420  0s] CopyFiles /Users/tuantu/Desktop/dev/AI/mobile/game_df/ios-build/Il2CppOutputProject/IL2CPP/external/baselib/Platforms/IOS/Include/C/Baselib_ThreadLocalStorage.inl.h
[2401/3420  0s] CopyFiles /Users/tuantu/Desktop/dev/AI/mobile/game_df/ios-build/Il2CppOutputProject/IL2CPP/external/baselib/Platforms/IOS/Include/C/Baselib_DynamicLibrary.inl.h
[2402/3420  0s] CopyFiles /Users/tuantu/Desktop/dev/AI/mobile/game_df/ios-build/Il2CppOutputProject/IL2CPP/external/baselib/Platforms/EmbeddedLinux/Include/C/Baselib_DynamicLibrary.inl.h
[2403/3420  0s] CopyFiles /Users/tuantu/Desktop/dev/AI/mobile/game_df/ios-build/Il2CppOutputProject/IL2CPP/external/baselib/Platforms/EmbeddedLinux/Include/C/Baselib_FileIO.inl.h
[2404/3420  0s] CopyFiles /Users/tuantu/Desktop/dev/AI/mobile/game_df/ios-build/Il2CppOutputProject/IL2CPP/external/baselib/Platforms/EmbeddedLinux/Include/C/Baselib_ErrorState.inl.h
[2405/3420  0s] CopyFiles /Users/tuantu/Desktop/dev/AI/mobile/game_df/ios-build/Il2CppOutputProject/IL2CPP/external/baselib/Platforms/EmbeddedLinux/Include/C/Baselib_ThreadLocalStorage.inl.h
[2406/3420  0s] CopyFiles /Users/tuantu/Desktop/dev/AI/mobile/game_df/ios-build/Il2CppOutputProject/IL2CPP/external/baselib/Platforms/EmbeddedLinux/Include/BaselibPlatformSpecificEnvironment.h
[2407/3420  0s] CopyFiles /Users/tuantu/Desktop/dev/AI/mobile/game_df/ios-build/Il2CppOutputProject/IL2CPP/external/baselib/Platforms/Android/Include/C/Baselib_DynamicLibrary.inl.h
[2408/3420  0s] CopyFiles /Users/tuantu/Desktop/dev/AI/mobile/game_df/ios-build/Il2CppOutputProject/IL2CPP/external/baselib/Platforms/Android/Include/C/Baselib_ErrorState.inl.h
[2409/3420  0s] CopyFiles /Users/tuantu/Desktop/dev/AI/mobile/game_df/ios-build/Il2CppOutputProject/IL2CPP/external/baselib/Platforms/Android/Include/C/Baselib_ThreadLocalStorage.inl.h
[2410/3420  0s] CopyFiles /Users/tuantu/Desktop/dev/AI/mobile/game_df/ios-build/Il2CppOutputProject/IL2CPP/external/baselib/Platforms/Android/Include/C/Baselib_FileIO.inl.h
[2411/3420  0s] CopyFiles /Users/tuantu/Desktop/dev/AI/mobile/game_df/ios-build/Il2CppOutputProject/IL2CPP/external/baselib/Platforms/Android/Include/BaselibPlatformSpecificEnvironment.h
[2412/3420  0s] CopyFiles /Users/tuantu/Desktop/dev/AI/mobile/game_df/ios-build/Il2CppOutputProject/IL2CPP/external/baselib/Include/PreExternalInclude.h
[2413/3420  0s] CopyFiles /Users/tuantu/Desktop/dev/AI/mobile/game_df/ios-build/Il2CppOutputProject/IL2CPP/external/baselib/Include/Internal/UndefineCoreMacros.h
[2414/3420  0s] CopyFiles /Users/tuantu/Desktop/dev/AI/mobile/game_df/ios-build/Il2CppOutputProject/IL2CPP/external/baselib/Include/Internal/VerifyPlatformEnvironment.h
[2415/3420  0s] CopyFiles /Users/tuantu/Desktop/dev/AI/mobile/game_df/ios-build/Il2CppOutputProject/IL2CPP/external/baselib/Include/PostExternalInclude.h
[2416/3420  0s] CopyFiles /Users/tuantu/Desktop/dev/AI/mobile/game_df/ios-build/Il2CppOutputProject/IL2CPP/external/baselib/Include/Internal/UndefineCompilerMacros.h
[2417/3420  0s] CopyFiles /Users/tuantu/Desktop/dev/AI/mobile/game_df/ios-build/Il2CppOutputProject/IL2CPP/external/baselib/Include/Internal/RedefineCompilerMacros.h
[2418/3420  0s] CopyFiles /Users/tuantu/Desktop/dev/AI/mobile/game_df/ios-build/Il2CppOutputProject/IL2CPP/external/baselib/Include/Internal/Compiler/CompilerEnvironmentMsvc.h
[2419/3420  0s] CopyFiles /Users/tuantu/Desktop/dev/AI/mobile/game_df/ios-build/Il2CppOutputProject/IL2CPP/external/baselib/Include/Internal/PlatformDetection.h
[2420/3420  0s] CopyFiles /Users/tuantu/Desktop/dev/AI/mobile/game_df/ios-build/Il2CppOutputProject/IL2CPP/external/baselib/Include/Internal/PlatformEnvironment.h
[2421/3420  0s] CopyFiles /Users/tuantu/Desktop/dev/AI/mobile/game_df/ios-build/Il2CppOutputProject/IL2CPP/external/baselib/Include/Internal/Compiler/CompilerEnvironmentGcc.h
[2422/3420  0s] CopyFiles /Users/tuantu/Desktop/dev/AI/mobile/game_df/ios-build/Il2CppOutputProject/IL2CPP/external/baselib/Include/Internal/CoreMacros.h
[2423/3420  0s] CopyFiles /Users/tuantu/Desktop/dev/AI/mobile/game_df/ios-build/Il2CppOutputProject/IL2CPP/external/baselib/Include/Internal/BasicTypes.h
[2424/3420  0s] CopyFiles /Users/tuantu/Desktop/dev/AI/mobile/game_df/ios-build/Il2CppOutputProject/IL2CPP/external/baselib/Include/Internal/ArchitectureDetection.h
[2425/3420  0s] CopyFiles /Users/tuantu/Desktop/dev/AI/mobile/game_df/ios-build/Il2CppOutputProject/IL2CPP/external/baselib/Include/Internal/Assert.h
[2426/3420  0s] CopyFiles /Users/tuantu/Desktop/dev/AI/mobile/game_df/ios-build/Il2CppOutputProject/IL2CPP/external/baselib/Include/Internal/Compiler/CompilerEnvironmentClang.h
[2427/3420  0s] CopyFiles /Users/tuantu/Desktop/dev/AI/mobile/game_df/ios-build/Il2CppOutputProject/IL2CPP/external/baselib/Include/External/utfcpp/source/utf8/cpp11.h
[2428/3420  0s] CopyFiles /Users/tuantu/Desktop/dev/AI/mobile/game_df/ios-build/Il2CppOutputProject/IL2CPP/external/baselib/Include/External/utfcpp/source/utf8/cpp17.h
[2429/3420  0s] CopyFiles /Users/tuantu/Desktop/dev/AI/mobile/game_df/ios-build/Il2CppOutputProject/IL2CPP/external/baselib/Include/External/utfcpp/source/utf8/core.h
[2430/3420  0s] CopyFiles /Users/tuantu/Desktop/dev/AI/mobile/game_df/ios-build/Il2CppOutputProject/IL2CPP/external/baselib/Include/External/utfcpp/source/utf8/unchecked.h
[2431/3420  0s] CopyFiles /Users/tuantu/Desktop/dev/AI/mobile/game_df/ios-build/Il2CppOutputProject/IL2CPP/external/baselib/Include/Cpp/Time.h
[2432/3420  0s] CopyFiles /Users/tuantu/Desktop/dev/AI/mobile/game_df/ios-build/Il2CppOutputProject/IL2CPP/external/baselib/Include/External/utfcpp/source/utf8.h
[2433/3420  0s] CopyFiles /Users/tuantu/Desktop/dev/AI/mobile/game_df/ios-build/Il2CppOutputProject/IL2CPP/external/baselib/Include/Cpp/tlsf_allocator.h
[2434/3420  0s] CopyFiles /Users/tuantu/Desktop/dev/AI/mobile/game_df/ios-build/Il2CppOutputProject/IL2CPP/external/baselib/Include/Cpp/ThreadLocalStorage.h
[2435/3420  0s] CopyFiles /Users/tuantu/Desktop/dev/AI/mobile/game_df/ios-build/Il2CppOutputProject/IL2CPP/external/baselib/Include/Cpp/ReentrantLock.h
[2436/3420  0s] CopyFiles /Users/tuantu/Desktop/dev/AI/mobile/game_df/ios-build/Il2CppOutputProject/IL2CPP/external/baselib/Include/External/utfcpp/source/utf8/checked.h
[2437/3420  0s] CopyFiles /Users/tuantu/Desktop/dev/AI/mobile/game_df/ios-build/Il2CppOutputProject/IL2CPP/external/baselib/Include/Cpp/Thread.h
[2438/3420  0s] CopyFiles /Users/tuantu/Desktop/dev/AI/mobile/game_df/ios-build/Il2CppOutputProject/IL2CPP/external/baselib/Include/Cpp/Stopwatch.h
[2439/3420  0s] CopyFiles /Users/tuantu/Desktop/dev/AI/mobile/game_df/ios-build/Il2CppOutputProject/IL2CPP/external/baselib/Include/Cpp/Semaphore.h
[2440/3420  0s] CopyFiles /Users/tuantu/Desktop/dev/AI/mobile/game_df/ios-build/Il2CppOutputProject/IL2CPP/external/baselib/Include/Cpp/source_location.h
[2441/3420  0s] CopyFiles /Users/tuantu/Desktop/dev/AI/mobile/game_df/ios-build/Il2CppOutputProject/IL2CPP/external/baselib/Include/Cpp/ScopedAcquire.h
[2442/3420  0s] CopyFiles /Users/tuantu/Desktop/dev/AI/mobile/game_df/ios-build/Il2CppOutputProject/IL2CPP/external/baselib/Include/Cpp/page_allocator.h
[2443/3420  0s] CopyFiles /Users/tuantu/Desktop/dev/AI/mobile/game_df/ios-build/Il2CppOutputProject/IL2CPP/external/baselib/Include/Cpp/mpsc_node_queue.h
[2444/3420  0s] CopyFiles /Users/tuantu/Desktop/dev/AI/mobile/game_df/ios-build/Il2CppOutputProject/IL2CPP/external/baselib/Include/Cpp/mpsc_node_stack.h
[2445/3420  0s] CopyFiles /Users/tuantu/Desktop/dev/AI/mobile/game_df/ios-build/Il2CppOutputProject/IL2CPP/external/baselib/Include/Cpp/mpmc_node_queue.h
[2446/3420  0s] CopyFiles /Users/tuantu/Desktop/dev/AI/mobile/game_df/ios-build/Il2CppOutputProject/IL2CPP/external/baselib/Include/Cpp/Lock.h
[2447/3420  0s] CopyFiles /Users/tuantu/Desktop/dev/AI/mobile/game_df/ios-build/Il2CppOutputProject/IL2CPP/external/baselib/Include/Cpp/mpmc_node_stack.h
[2448/3420  0s] CopyFiles /Users/tuantu/Desktop/dev/AI/mobile/game_df/ios-build/Il2CppOutputProject/IL2CPP/external/baselib/Include/Cpp/mpsc_node.h
[2449/3420  0s] CopyFiles /Users/tuantu/Desktop/dev/AI/mobile/game_df/ios-build/Il2CppOutputProject/IL2CPP/external/baselib/Include/Cpp/mpmc_fixed_queue.h
[2450/3420  0s] CopyFiles /Users/tuantu/Desktop/dev/AI/mobile/game_df/ios-build/Il2CppOutputProject/IL2CPP/external/baselib/Include/Cpp/Internal/ScopedAcquireMixin.h
[2451/3420  0s] CopyFiles /Users/tuantu/Desktop/dev/AI/mobile/game_df/ios-build/Il2CppOutputProject/IL2CPP/external/baselib/Include/Cpp/Internal/heap_allocator.inl.h
[2452/3420  0s] CopyFiles /Users/tuantu/Desktop/dev/AI/mobile/game_df/ios-build/Il2CppOutputProject/IL2CPP/external/baselib/Include/Cpp/Internal/page_allocator.inl.h
[2453/3420  0s] CopyFiles /Users/tuantu/Desktop/dev/AI/mobile/game_df/ios-build/Il2CppOutputProject/IL2CPP/external/baselib/Include/Cpp/mpmc_node.h
[2454/3420  0s] CopyFiles /Users/tuantu/Desktop/dev/AI/mobile/game_df/ios-build/Il2CppOutputProject/IL2CPP/external/baselib/Include/Cpp/Internal/TypeTraits.h
[2455/3420  0s] CopyFiles /Users/tuantu/Desktop/dev/AI/mobile/game_df/ios-build/Il2CppOutputProject/IL2CPP/external/baselib/Include/Cpp/Internal/ConditionVariable_FutexBased.inl.h
[2456/3420  0s] CopyFiles /Users/tuantu/Desktop/dev/AI/mobile/game_df/ios-build/Il2CppOutputProject/IL2CPP/external/baselib/Include/Cpp/Internal/ConditionVariable_SemaphoreBased.inl.h
[2457/3420  0s] CopyFiles /Users/tuantu/Desktop/dev/AI/mobile/game_df/ios-build/Il2CppOutputProject/IL2CPP/external/baselib/Include/Cpp/Internal/tlsf_allocator.inl.h
[2458/3420  0s] CopyFiles /Users/tuantu/Desktop/dev/AI/mobile/game_df/ios-build/Il2CppOutputProject/IL2CPP/external/baselib/Include/Cpp/Internal/ConditionVariableData_FutexBased.inl.h
[2459/3420  0s] CopyFiles /Users/tuantu/Desktop/dev/AI/mobile/game_df/ios-build/Il2CppOutputProject/IL2CPP/external/baselib/Include/Cpp/HighCapacitySemaphore.h
[2460/3420  0s] CopyFiles /Users/tuantu/Desktop/dev/AI/mobile/game_df/ios-build/Il2CppOutputProject/IL2CPP/external/baselib/Include/Cpp/Internal/ConditionVariableData_SemaphoreBased.inl.h
[2461/3420  0s] CopyFiles /Users/tuantu/Desktop/dev/AI/mobile/game_df/ios-build/Il2CppOutputProject/IL2CPP/external/baselib/Include/Cpp/Internal/Compiler/Msvc/AlgorithmMsvc.inl.h
[2462/3420  0s] CopyFiles /Users/tuantu/Desktop/dev/AI/mobile/game_df/ios-build/Il2CppOutputProject/IL2CPP/external/baselib/Include/Cpp/Internal/Algorithm.inl.h
[2463/3420  0s] CopyFiles /Users/tuantu/Desktop/dev/AI/mobile/game_df/ios-build/Il2CppOutputProject/IL2CPP/external/baselib/Include/Cpp/Internal/Compiler/ClangOrGcc/AlgorithmClangOrGcc.inl.h
[2464/3420  0s] CopyFiles /Users/tuantu/Desktop/dev/AI/mobile/game_df/ios-build/Il2CppOutputProject/IL2CPP/external/baselib/Include/Cpp/fallback_allocator.h
[2465/3420  0s] CopyFiles /Users/tuantu/Desktop/dev/AI/mobile/game_df/ios-build/Il2CppOutputProject/IL2CPP/external/baselib/Include/Cpp/EventSemaphore.h
[2466/3420  0s] CopyFiles /Users/tuantu/Desktop/dev/AI/mobile/game_df/ios-build/Il2CppOutputProject/IL2CPP/external/baselib/Include/Cpp/CappedSemaphore.h
[2467/3420  0s] CopyFiles /Users/tuantu/Desktop/dev/AI/mobile/game_df/ios-build/Il2CppOutputProject/IL2CPP/external/baselib/Include/Cpp/ConditionVariable.h
[2468/3420  0s] CopyFiles /Users/tuantu/Desktop/dev/AI/mobile/game_df/ios-build/Il2CppOutputProject/IL2CPP/external/baselib/Include/Cpp/Baselib_DynamicLibrary.h
[2469/3420  0s] CopyFiles /Users/tuantu/Desktop/dev/AI/mobile/game_df/ios-build/Il2CppOutputProject/IL2CPP/external/baselib/Include/Cpp/heap_allocator.h
[2470/3420  0s] CopyFiles /Users/tuantu/Desktop/dev/AI/mobile/game_df/ios-build/Il2CppOutputProject/IL2CPP/external/baselib/Include/Cpp/CountdownTimer.h
[2471/3420  0s] CopyFiles /Users/tuantu/Desktop/dev/AI/mobile/game_df/ios-build/Il2CppOutputProject/IL2CPP/external/baselib/Include/Cpp/BinarySemaphore.h
[2472/3420  0s] CopyFiles /Users/tuantu/Desktop/dev/AI/mobile/game_df/ios-build/Il2CppOutputProject/IL2CPP/external/baselib/Include/Cpp/Internal/chunked_allocator.inl.h
[2473/3420  0s] CopyFiles /Users/tuantu/Desktop/dev/AI/mobile/game_df/ios-build/Il2CppOutputProject/IL2CPP/external/baselib/Include/Cpp/AtomicReferenceCounter.h
[2474/3420  0s] CopyFiles /Users/tuantu/Desktop/dev/AI/mobile/game_df/ios-build/Il2CppOutputProject/IL2CPP/external/baselib/Include/Cpp/chunked_allocator.h
[2475/3420  0s] CopyFiles /Users/tuantu/Desktop/dev/AI/mobile/game_df/ios-build/Il2CppOutputProject/IL2CPP/external/baselib/Include/Cpp/Barrier.h
[2476/3420  0s] CopyFiles /Users/tuantu/Desktop/dev/AI/mobile/game_df/ios-build/Il2CppOutputProject/IL2CPP/external/baselib/Include/Cpp/Atomic.h
[2477/3420  0s] CopyFiles /Users/tuantu/Desktop/dev/AI/mobile/game_df/ios-build/Il2CppOutputProject/IL2CPP/external/baselib/Include/Cpp/Algorithm.h
[2478/3420  0s] CopyFiles /Users/tuantu/Desktop/dev/AI/mobile/game_df/ios-build/Il2CppOutputProject/IL2CPP/external/baselib/Include/Cpp/affix_allocator.h
[2479/3420  0s] CopyFiles /Users/tuantu/Desktop/dev/AI/mobile/game_df/ios-build/Il2CppOutputProject/IL2CPP/external/baselib/Include/C/Internal/Compiler/Baselib_Atomic_LLSC_Gcc.inl.h
[2480/3420  0s] CopyFiles /Users/tuantu/Desktop/dev/AI/mobile/game_df/ios-build/Il2CppOutputProject/IL2CPP/external/baselib/Include/C/Internal/Compiler/Baselib_Cpu_Msvc.inl.h
[2481/3420  0s] CopyFiles /Users/tuantu/Desktop/dev/AI/mobile/game_df/ios-build/Il2CppOutputProject/IL2CPP/external/baselib/Include/C/Internal/Compiler/Baselib_Atomic_MsvcIntrinsics.h
[2482/3420  0s] CopyFiles /Users/tuantu/Desktop/dev/AI/mobile/game_df/ios-build/Il2CppOutputProject/IL2CPP/external/baselib/Include/C/Internal/Compiler/Baselib_Cpu_Gcc.inl.h
[2483/3420  0s] CopyFiles /Users/tuantu/Desktop/dev/AI/mobile/game_df/ios-build/Il2CppOutputProject/IL2CPP/external/baselib/Include/C/Internal/Compiler/Baselib_Atomic_Gcc_Patch_PostInclude.h
[2484/3420  0s] CopyFiles /Users/tuantu/Desktop/dev/AI/mobile/game_df/ios-build/Il2CppOutputProject/IL2CPP/external/baselib/Include/C/Internal/Compiler/Baselib_Atomic_Gcc_Patch.h
[2485/3420  0s] CopyFiles /Users/tuantu/Desktop/dev/AI/mobile/game_df/ios-build/Il2CppOutputProject/IL2CPP/external/baselib/Include/C/Internal/Compiler/Baselib_Atomic_Msvc.h
[2486/3420  0s] CopyFiles /Users/tuantu/Desktop/dev/AI/mobile/game_df/ios-build/Il2CppOutputProject/IL2CPP/external/baselib/Include/C/Internal/Baselib_ReentrantLock.inl.h
[2487/3420  0s] CopyFiles /Users/tuantu/Desktop/dev/AI/mobile/game_df/ios-build/Il2CppOutputProject/IL2CPP/external/baselib/Include/C/Internal/Baselib_Semaphore_SemaphoreBased.inl.h
[2488/3420  0s] CopyFiles /Users/tuantu/Desktop/dev/AI/mobile/game_df/ios-build/Il2CppOutputProject/IL2CPP/external/baselib/Include/C/Internal/Baselib_Lock_FutexBased.inl.h
[2489/3420  0s] CopyFiles /Users/tuantu/Desktop/dev/AI/mobile/game_df/ios-build/Il2CppOutputProject/IL2CPP/external/baselib/Include/C/Internal/Baselib_SpinLoop.h
[2490/3420  0s] CopyFiles /Users/tuantu/Desktop/dev/AI/mobile/game_df/ios-build/Il2CppOutputProject/IL2CPP/external/baselib/Include/C/Internal/Baselib_Semaphore_FutexBased.inl.h
[2491/3420  0s] CopyFiles /Users/tuantu/Desktop/dev/AI/mobile/game_df/ios-build/Il2CppOutputProject/IL2CPP/external/baselib/Include/C/Internal/Compiler/Baselib_Atomic_Gcc.h
[2492/3420  0s] CopyFiles /Users/tuantu/Desktop/dev/AI/mobile/game_df/ios-build/Il2CppOutputProject/IL2CPP/external/baselib/Include/C/Internal/Baselib_HighCapacitySemaphore_SemaphoreBased.inl.h
[2493/3420  0s] CopyFiles /Users/tuantu/Desktop/dev/AI/mobile/game_df/ios-build/Il2CppOutputProject/IL2CPP/external/baselib/Include/C/Internal/Baselib_HighCapacitySemaphore_FutexBased.inl.h
[2494/3420  0s] CopyFiles /Users/tuantu/Desktop/dev/AI/mobile/game_df/ios-build/Il2CppOutputProject/IL2CPP/external/baselib/Include/C/Internal/Baselib_Lock_SemaphoreBased.inl.h
[2495/3420  0s] CopyFiles /Users/tuantu/Desktop/dev/AI/mobile/game_df/ios-build/Il2CppOutputProject/IL2CPP/external/baselib/Include/C/Internal/Baselib_EventSemaphore_SemaphoreBased.inl.h
[2496/3420  0s] CopyFiles /Users/tuantu/Desktop/dev/AI/mobile/game_df/ios-build/Il2CppOutputProject/IL2CPP/external/baselib/Include/C/Internal/Baselib_BinarySemaphore_FutexBased.inl.h
[2497/3420  0s] CopyFiles /Users/tuantu/Desktop/dev/AI/mobile/game_df/ios-build/Il2CppOutputProject/IL2CPP/external/baselib/Include/C/Internal/Baselib_CappedSemaphore_SemaphoreBased.inl.h
[2498/3420  0s] CopyFiles /Users/tuantu/Desktop/dev/AI/mobile/game_df/ios-build/Il2CppOutputProject/IL2CPP/external/baselib/Include/C/Internal/Baselib_EventSemaphore_FutexBased.inl.h
[2499/3420  0s] CopyFiles /Users/tuantu/Desktop/dev/AI/mobile/game_df/ios-build/Il2CppOutputProject/IL2CPP/external/baselib/Include/C/Internal/Baselib_CappedSemaphore_FutexBased.inl.h
[2500/3420  0s] CopyFiles /Users/tuantu/Desktop/dev/AI/mobile/game_df/ios-build/Il2CppOutputProject/IL2CPP/external/baselib/Include/C/Internal/Baselib_BinarySemaphore_SemaphoreBased.inl.h
[2501/3420  0s] CopyFiles /Users/tuantu/Desktop/dev/AI/mobile/game_df/ios-build/Il2CppOutputProject/IL2CPP/external/baselib/Include/C/Baselib_Timer.h
[2502/3420  0s] CopyFiles /Users/tuantu/Desktop/dev/AI/mobile/game_df/ios-build/Il2CppOutputProject/IL2CPP/external/baselib/Include/C/Internal/Baselib_EnumSizeCheck.h
[2503/3420  0s] CopyFiles /Users/tuantu/Desktop/dev/AI/mobile/game_df/ios-build/Il2CppOutputProject/IL2CPP/external/baselib/Include/C/Internal/Baselib_Atomic_Extensions.h
[2504/3420  0s] CopyFiles /Users/tuantu/Desktop/dev/AI/mobile/game_df/ios-build/Il2CppOutputProject/IL2CPP/external/baselib/Include/C/Baselib_WakeupFallbackStrategy.h
[2505/3420  0s] CopyFiles /Users/tuantu/Desktop/dev/AI/mobile/game_df/ios-build/Il2CppOutputProject/IL2CPP/external/baselib/Include/C/Baselib_StaticAssert.h
[2506/3420  0s] CopyFiles /Users/tuantu/Desktop/dev/AI/mobile/game_df/ios-build/Il2CppOutputProject/IL2CPP/external/baselib/Include/C/Baselib_ThreadLocalStorage.h
[2507/3420  0s] CopyFiles /Users/tuantu/Desktop/dev/AI/mobile/game_df/ios-build/Il2CppOutputProject/IL2CPP/external/baselib/Include/C/Baselib_SystemFutex.h
[2508/3420  0s] CopyFiles /Users/tuantu/Desktop/dev/AI/mobile/game_df/ios-build/Il2CppOutputProject/IL2CPP/external/baselib/Include/C/Baselib_Semaphore.h
[2509/3420  0s] CopyFiles /Users/tuantu/Desktop/dev/AI/mobile/game_df/ios-build/Il2CppOutputProject/IL2CPP/external/baselib/Include/C/Baselib_SourceLocation.h
[2510/3420  0s] CopyFiles /Users/tuantu/Desktop/dev/AI/mobile/game_df/ios-build/Il2CppOutputProject/IL2CPP/external/baselib/Include/C/Baselib_Thread.h
[2511/3420  0s] CopyFiles /Users/tuantu/Desktop/dev/AI/mobile/game_df/ios-build/Il2CppOutputProject/IL2CPP/external/baselib/Include/C/Baselib_Socket.h
[2512/3420  0s] CopyFiles /Users/tuantu/Desktop/dev/AI/mobile/game_df/ios-build/Il2CppOutputProject/IL2CPP/external/baselib/Include/C/Baselib_SystemSemaphore.h
[2513/3420  0s] CopyFiles /Users/tuantu/Desktop/dev/AI/mobile/game_df/ios-build/Il2CppOutputProject/IL2CPP/external/baselib/Include/C/Baselib_Process.h
[2514/3420  0s] CopyFiles /Users/tuantu/Desktop/dev/AI/mobile/game_df/ios-build/Il2CppOutputProject/IL2CPP/external/baselib/Include/C/Baselib_Lock.h
[2515/3420  0s] CopyFiles /Users/tuantu/Desktop/dev/AI/mobile/game_df/ios-build/Il2CppOutputProject/IL2CPP/external/baselib/Include/C/Baselib_HostnameLookup.h
[2516/3420  0s] CopyFiles /Users/tuantu/Desktop/dev/AI/mobile/game_df/ios-build/Il2CppOutputProject/IL2CPP/external/baselib/Include/C/Baselib_NetworkAddress.h
[2517/3420  0s] CopyFiles /Users/tuantu/Desktop/dev/AI/mobile/game_df/ios-build/Il2CppOutputProject/IL2CPP/external/baselib/Include/C/Baselib_EventSemaphore.h
[2518/3420  0s] CopyFiles /Users/tuantu/Desktop/dev/AI/mobile/game_df/ios-build/Il2CppOutputProject/IL2CPP/external/baselib/Include/C/Baselib_Memory.h
[2519/3420  0s] CopyFiles /Users/tuantu/Desktop/dev/AI/mobile/game_df/ios-build/Il2CppOutputProject/IL2CPP/external/baselib/Include/C/Baselib_HighCapacitySemaphore.h
[2520/3420  0s] CopyFiles /Users/tuantu/Desktop/dev/AI/mobile/game_df/ios-build/Il2CppOutputProject/IL2CPP/external/baselib/Include/C/Baselib_ReentrantLock.h
[2521/3420  0s] CopyFiles /Users/tuantu/Desktop/dev/AI/mobile/game_df/ios-build/Il2CppOutputProject/IL2CPP/external/baselib/Include/C/Baselib_RegisteredNetwork.h
[2522/3420  0s] CopyFiles /Users/tuantu/Desktop/dev/AI/mobile/game_df/ios-build/Il2CppOutputProject/IL2CPP/external/baselib/Include/C/Baselib_FileIO.h
[2523/3420  0s] CopyFiles /Users/tuantu/Desktop/dev/AI/mobile/game_df/ios-build/Il2CppOutputProject/IL2CPP/external/baselib/Include/C/Baselib_CappedSemaphore.h
[2524/3420  0s] CopyFiles /Users/tuantu/Desktop/dev/AI/mobile/game_df/ios-build/Il2CppOutputProject/IL2CPP/external/baselib/Include/C/Baselib_Cpu.h
[2525/3420  0s] CopyFiles /Users/tuantu/Desktop/dev/AI/mobile/game_df/ios-build/Il2CppOutputProject/IL2CPP/external/baselib/Include/C/Baselib_CountdownTimer.h
[2526/3420  0s] CopyFiles /Users/tuantu/Desktop/dev/AI/mobile/game_df/ios-build/Il2CppOutputProject/IL2CPP/external/baselib/Include/C/Baselib_DynamicLibrary.h
[2527/3420  0s] CopyFiles /Users/tuantu/Desktop/dev/AI/mobile/game_df/ios-build/Il2CppOutputProject/IL2CPP/external/baselib/Include/C/Baselib_ErrorState.h
[2528/3420  0s] CopyFiles /Users/tuantu/Desktop/dev/AI/mobile/game_df/ios-build/Il2CppOutputProject/IL2CPP/external/baselib/Include/C/Baselib_Cpu_Features.h
[2529/3420  0s] CopyFiles /Users/tuantu/Desktop/dev/AI/mobile/game_df/ios-build/Il2CppOutputProject/IL2CPP/external/baselib/Include/C/Baselib_Debug.h
[2530/3420  0s] CopyFiles /Users/tuantu/Desktop/dev/AI/mobile/game_df/ios-build/Il2CppOutputProject/IL2CPP/external/baselib/Include/C/Baselib_BinarySemaphore.h
[2531/3420  0s] CopyFiles /Users/tuantu/Desktop/dev/AI/mobile/game_df/ios-build/Il2CppOutputProject/IL2CPP/external/baselib/Include/C/Baselib_ErrorCode.h
[2532/3420  0s] CopyFiles /Users/tuantu/Desktop/dev/AI/mobile/game_df/ios-build/Il2CppOutputProject/IL2CPP/external/baselib/Include/C/Baselib_Atomic_TypeSafe.h
[2533/3420  0s] CopyFiles /Users/tuantu/Desktop/dev/AI/mobile/game_df/ios-build/Il2CppOutputProject/IL2CPP/external/baselib/Include/C/Baselib_Atomic_Macros.h
[2534/3420  0s] CopyFiles /Users/tuantu/Desktop/dev/AI/mobile/game_df/ios-build/Il2CppOutputProject/IL2CPP/external/baselib/Include/C/Baselib_Alignment.h
[2535/3420  0s] CopyFiles /Users/tuantu/Desktop/dev/AI/mobile/game_df/ios-build/Il2CppOutputProject/IL2CPP/external/baselib/Include/C/Baselib_Atomic_LLSC.h
[2536/3420  0s] CopyFiles /Users/tuantu/Desktop/dev/AI/mobile/game_df/ios-build/Il2CppOutputProject/IL2CPP/external/baselib/Include/Baselib.h
[2537/3420  0s] CopyFiles /Users/tuantu/Desktop/dev/AI/mobile/game_df/ios-build/Il2CppOutputProject/IL2CPP/external/baselib/Include/C/Baselib_Atomic.h
[2538/3420  0s] CopyFiles /Users/tuantu/Desktop/dev/AI/mobile/game_df/ios-build/Il2CppOutputProject/IL2CPP/build/deploy_x86_64/UnityLinkerOld.runtimeconfig.json
[2539/3420  0s] CopyFiles /Users/tuantu/Desktop/dev/AI/mobile/game_df/ios-build/Il2CppOutputProject/IL2CPP/build/deploy_x86_64/WindowsBase.dll
[2540/3420  0s] CopyFiles /Users/tuantu/Desktop/dev/AI/mobile/game_df/ios-build/Il2CppOutputProject/IL2CPP/build/deploy_x86_64/UnityLinkerOld
[2541/3420  0s] CopyFiles /Users/tuantu/Desktop/dev/AI/mobile/game_df/ios-build/Il2CppOutputProject/IL2CPP/build/deploy_x86_64/UnityLinker.runtimeconfig.json
[2542/3420  0s] CopyFiles /Users/tuantu/Desktop/dev/AI/mobile/game_df/ios-build/Il2CppOutputProject/IL2CPP/build/deploy_x86_64/UnityLinkerOld.deps.json
[2543/3420  0s] CopyFiles /Users/tuantu/Desktop/dev/AI/mobile/game_df/ios-build/Il2CppOutputProject/IL2CPP/build/deploy_x86_64/UnityLinker
[2544/3420  0s] CopyFiles /Users/tuantu/Desktop/dev/AI/mobile/game_df/ios-build/Il2CppOutputProject/IL2CPP/build/deploy_x86_64/UnityLinker.deps.json
[2545/3420  0s] CopyFiles /Users/tuantu/Desktop/dev/AI/mobile/game_df/ios-build/Il2CppOutputProject/IL2CPP/build/deploy_x86_64/UnityLinkerOld.pdb
[2546/3420  0s] CopyFiles /Users/tuantu/Desktop/dev/AI/mobile/game_df/ios-build/Il2CppOutputProject/IL2CPP/build/deploy_x86_64/Unity.TinyProfiler.pdb
[2547/3420  0s] CopyFiles /Users/tuantu/Desktop/dev/AI/mobile/game_df/ios-build/Il2CppOutputProject/IL2CPP/build/deploy_x86_64/Unity.TinyProfiler.dll
[2548/3420  0s] CopyFiles /Users/tuantu/Desktop/dev/AI/mobile/game_df/ios-build/Il2CppOutputProject/IL2CPP/build/deploy_x86_64/UnityLinkerOld.dll
[2549/3420  0s] CopyFiles /Users/tuantu/Desktop/dev/AI/mobile/game_df/ios-build/Il2CppOutputProject/IL2CPP/build/deploy_x86_64/Unity.Linker.Api.Output.pdb
[2550/3420  0s] CopyFiles /Users/tuantu/Desktop/dev/AI/mobile/game_df/ios-build/Il2CppOutputProject/IL2CPP/build/deploy_x86_64/Unity.Linker.Api.Output.xml
[2551/3420  0s] CopyFiles /Users/tuantu/Desktop/dev/AI/mobile/game_df/ios-build/Il2CppOutputProject/IL2CPP/build/deploy_x86_64/Unity.Linker.Api.pdb
[2552/3420  0s] CopyFiles /Users/tuantu/Desktop/dev/AI/mobile/game_df/ios-build/Il2CppOutputProject/IL2CPP/build/deploy_x86_64/Unity.Options.pdb
[2553/3420  0s] CopyFiles /Users/tuantu/Desktop/dev/AI/mobile/game_df/ios-build/Il2CppOutputProject/IL2CPP/build/deploy_x86_64/UnityLinker.pdb
[2554/3420  0s] CopyFiles /Users/tuantu/Desktop/dev/AI/mobile/game_df/ios-build/Il2CppOutputProject/IL2CPP/build/deploy_x86_64/Unity.Linker.Api.dll
[2555/3420  0s] CopyFiles /Users/tuantu/Desktop/dev/AI/mobile/game_df/ios-build/Il2CppOutputProject/IL2CPP/build/deploy_x86_64/Unity.IL2CPP.Shell.dll
[2556/3420  0s] CopyFiles /Users/tuantu/Desktop/dev/AI/mobile/game_df/ios-build/Il2CppOutputProject/IL2CPP/build/deploy_x86_64/Unity.Options.dll
[2557/3420  0s] CopyFiles /Users/tuantu/Desktop/dev/AI/mobile/game_df/ios-build/Il2CppOutputProject/IL2CPP/build/deploy_x86_64/Unity.IL2CPP.Shell.pdb
[2558/3420  0s] CopyFiles /Users/tuantu/Desktop/dev/AI/mobile/game_df/ios-build/Il2CppOutputProject/IL2CPP/build/deploy_x86_64/Unity.IL2CPP.InternalizedMapping.pdb
[2559/3420  0s] CopyFiles /Users/tuantu/Desktop/dev/AI/mobile/game_df/ios-build/Il2CppOutputProject/IL2CPP/build/deploy_x86_64/UnityLinker.dll
[2560/3420  0s] CopyFiles /Users/tuantu/Desktop/dev/AI/mobile/game_df/ios-build/Il2CppOutputProject/IL2CPP/build/deploy_x86_64/Unity.Linker.Api.Output.dll
[2561/3420  0s] CopyFiles /Users/tuantu/Desktop/dev/AI/mobile/game_df/ios-build/Il2CppOutputProject/IL2CPP/build/deploy_x86_64/Unity.IL2CPP.InternalizedMapping.dll
[2562/3420  0s] CopyFiles /Users/tuantu/Desktop/dev/AI/mobile/game_df/ios-build/Il2CppOutputProject/IL2CPP/build/deploy_x86_64/Unity.IL2CPP.CompilerServices.pdb
[2563/3420  0s] CopyFiles /Users/tuantu/Desktop/dev/AI/mobile/game_df/ios-build/Il2CppOutputProject/IL2CPP/build/deploy_x86_64/Unity.IL2CPP.Compile.pdb
[2564/3420  0s] CopyFiles /Users/tuantu/Desktop/dev/AI/mobile/game_df/ios-build/Il2CppOutputProject/IL2CPP/build/deploy_x86_64/Unity.IL2CPP.Compile.dll
[2565/3420  0s] CopyFiles /Users/tuantu/Desktop/dev/AI/mobile/game_df/ios-build/Il2CppOutputProject/IL2CPP/build/deploy_x86_64/Unity.IL2CPP.CompilerServices.dll
[2566/3420  0s] CopyFiles /Users/tuantu/Desktop/dev/AI/mobile/game_df/ios-build/Il2CppOutputProject/IL2CPP/build/deploy_x86_64/Unity.IL2CPP.Common.pdb
[2567/3420  0s] CopyFiles /Users/tuantu/Desktop/dev/AI/mobile/game_df/ios-build/Il2CppOutputProject/IL2CPP/build/deploy_x86_64/Unity.IL2CPP.Bee.IL2CPPExeCompileCppBuildProgram.pdb
[2568/3420  0s] CopyFiles /Users/tuantu/Desktop/dev/AI/mobile/game_df/ios-build/Il2CppOutputProject/IL2CPP/build/deploy_x86_64/Unity.IL2CPP.DataModel.pdb
[2569/3420  0s] CopyFiles /Users/tuantu/Desktop/dev/AI/mobile/game_df/ios-build/Il2CppOutputProject/IL2CPP/build/deploy_x86_64/Unity.IL2CPP.Bee.IL2CPPExeCompileCppBuildProgram.dll
[2570/3420  0s] CopyFiles /Users/tuantu/Desktop/dev/AI/mobile/game_df/ios-build/Il2CppOutputProject/IL2CPP/build/deploy_x86_64/Unity.IL2CPP.pdb
[2571/3420  0s] CopyFiles /Users/tuantu/Desktop/dev/AI/mobile/game_df/ios-build/Il2CppOutputProject/IL2CPP/build/deploy_x86_64/Unity.IL2CPP.Common35.pdb
[2572/3420  0s] CopyFiles /Users/tuantu/Desktop/dev/AI/mobile/game_df/ios-build/Il2CppOutputProject/IL2CPP/build/deploy_x86_64/Unity.IL2CPP.Bee.IL2CPPExeCompileCppBuildProgram.Data.dll
[2573/3420  0s] CopyFiles /Users/tuantu/Desktop/dev/AI/mobile/game_df/ios-build/Il2CppOutputProject/IL2CPP/build/deploy_x86_64/Unity.IL2CPP.Bee.IL2CPPExeCompileCppBuildProgram.Data.pdb
[2574/3420  0s] CopyFiles /Users/tuantu/Desktop/dev/AI/mobile/game_df/ios-build/Il2CppOutputProject/IL2CPP/build/deploy_x86_64/Unity.IL2CPP.Common.dll
[2575/3420  0s] CopyFiles /Users/tuantu/Desktop/dev/AI/mobile/game_df/ios-build/Il2CppOutputProject/IL2CPP/build/deploy_x86_64/Unity.IL2CPP.Bee.BuildLogic.WebGL.pdb
[2576/3420  0s] CopyFiles /Users/tuantu/Desktop/dev/AI/mobile/game_df/ios-build/Il2CppOutputProject/IL2CPP/build/deploy_x86_64/Unity.IL2CPP.Bee.BuildLogic.WindowsDesktop.pdb
[2577/3420  0s] CopyFiles /Users/tuantu/Desktop/dev/AI/mobile/game_df/ios-build/Il2CppOutputProject/IL2CPP/build/deploy_x86_64/Unity.IL2CPP.Bee.BuildLogic.VisionOS.dll
[2578/3420  0s] CopyFiles /Users/tuantu/Desktop/dev/AI/mobile/game_df/ios-build/Il2CppOutputProject/IL2CPP/build/deploy_x86_64/Unity.IL2CPP.Bee.BuildLogic.VisionOS.pdb
[2579/3420  0s] CopyFiles /Users/tuantu/Desktop/dev/AI/mobile/game_df/ios-build/Il2CppOutputProject/IL2CPP/build/deploy_x86_64/Unity.IL2CPP.Bee.BuildLogic.UniversalWindows.pdb
[2580/3420  0s] CopyFiles /Users/tuantu/Desktop/dev/AI/mobile/game_df/ios-build/Il2CppOutputProject/IL2CPP/build/deploy_x86_64/Unity.IL2CPP.Bee.BuildLogic.WebGL.dll
[2581/3420  0s] CopyFiles /Users/tuantu/Desktop/dev/AI/mobile/game_df/ios-build/Il2CppOutputProject/IL2CPP/build/deploy_x86_64/Unity.IL2CPP.Bee.BuildLogic.WindowsDesktop.dll
[2582/3420  0s] CopyFiles /Users/tuantu/Desktop/dev/AI/mobile/game_df/ios-build/Il2CppOutputProject/IL2CPP/build/deploy_x86_64/Unity.IL2CPP.Common35.dll
[2583/3420  0s] CopyFiles /Users/tuantu/Desktop/dev/AI/mobile/game_df/ios-build/Il2CppOutputProject/IL2CPP/build/deploy_x86_64/Unity.IL2CPP.Bee.BuildLogic.UniversalWindows.dll
[2584/3420  0s] CopyFiles /Users/tuantu/Desktop/dev/AI/mobile/game_df/ios-build/Il2CppOutputProject/IL2CPP/build/deploy_x86_64/Unity.IL2CPP.DataModel.dll
[2585/3420  0s] CopyFiles /Users/tuantu/Desktop/dev/AI/mobile/game_df/ios-build/Il2CppOutputProject/IL2CPP/build/deploy_x86_64/Unity.IL2CPP.Bee.BuildLogic.pdb
[2586/3420  0s] CopyFiles /Users/tuantu/Desktop/dev/AI/mobile/game_df/ios-build/Il2CppOutputProject/IL2CPP/build/deploy_x86_64/Unity.IL2CPP.dll
[2587/3420  0s] CopyFiles /Users/tuantu/Desktop/dev/AI/mobile/game_df/ios-build/Il2CppOutputProject/IL2CPP/build/deploy_x86_64/Unity.IL2CPP.Bee.BuildLogic.MacOSX.pdb
[2588/3420  0s] CopyFiles /Users/tuantu/Desktop/dev/AI/mobile/game_df/ios-build/Il2CppOutputProject/IL2CPP/build/deploy_x86_64/Unity.IL2CPP.Bee.BuildLogic.iOS.pdb
[2589/3420  0s] CopyFiles /Users/tuantu/Desktop/dev/AI/mobile/game_df/ios-build/Il2CppOutputProject/IL2CPP/build/deploy_x86_64/Unity.IL2CPP.Bee.BuildLogic.Linux.pdb
[2590/3420  0s] CopyFiles /Users/tuantu/Desktop/dev/AI/mobile/game_df/ios-build/Il2CppOutputProject/IL2CPP/build/deploy_x86_64/Unity.IL2CPP.Bee.BuildLogic.EmbeddedLinux.pdb
[2591/3420  0s] CopyFiles /Users/tuantu/Desktop/dev/AI/mobile/game_df/ios-build/Il2CppOutputProject/IL2CPP/build/deploy_x86_64/Unity.IL2CPP.Bee.BuildLogic.EmbeddedLinux.dll
[2592/3420  0s] CopyFiles /Users/tuantu/Desktop/dev/AI/mobile/game_df/ios-build/Il2CppOutputProject/IL2CPP/build/deploy_x86_64/Unity.IL2CPP.Bee.BuildLogic.MacOSX.dll
[2593/3420  0s] CopyFiles /Users/tuantu/Desktop/dev/AI/mobile/game_df/ios-build/Il2CppOutputProject/IL2CPP/build/deploy_x86_64/Unity.IL2CPP.Bee.BuildLogic.iOS.dll
[2594/3420  0s] CopyFiles /Users/tuantu/Desktop/dev/AI/mobile/game_df/ios-build/Il2CppOutputProject/IL2CPP/build/deploy_x86_64/Unity.IL2CPP.Bee.BuildLogic.AppleTV.dll
[2595/3420  0s] CopyFiles /Users/tuantu/Desktop/dev/AI/mobile/game_df/ios-build/Il2CppOutputProject/IL2CPP/build/deploy_x86_64/Unity.IL2CPP.Bee.BuildLogic.Linux.dll
[2596/3420  0s] CopyFiles /Users/tuantu/Desktop/dev/AI/mobile/game_df/ios-build/Il2CppOutputProject/IL2CPP/build/deploy_x86_64/Unity.IL2CPP.Bee.BuildLogic.AppleTV.pdb
[2597/3420  0s] CopyFiles /Users/tuantu/Desktop/dev/AI/mobile/game_df/ios-build/Il2CppOutputProject/IL2CPP/build/deploy_x86_64/Unity.IL2CPP.Bee.BuildLogic.Android.pdb
[2598/3420  0s] CopyFiles /Users/tuantu/Desktop/dev/AI/mobile/game_df/ios-build/Il2CppOutputProject/IL2CPP/build/deploy_x86_64/Unity.IL2CPP.Bee.BuildLogic.Android.dll
[2599/3420  0s] CopyFiles /Users/tuantu/Desktop/dev/AI/mobile/game_df/ios-build/Il2CppOutputProject/IL2CPP/build/deploy_x86_64/Unity.IL2CPP.Api.Output.xml
[2600/3420  0s] CopyFiles /Users/tuantu/Desktop/dev/AI/mobile/game_df/ios-build/Il2CppOutputProject/IL2CPP/build/deploy_x86_64/Unity.IL2CPP.Api.Output.pdb
[2601/3420  0s] CopyFiles /Users/tuantu/Desktop/dev/AI/mobile/game_df/ios-build/Il2CppOutputProject/IL2CPP/build/deploy_x86_64/Unity.IL2CPP.Api.pdb
[2602/3420  0s] CopyFiles /Users/tuantu/Desktop/dev/AI/mobile/game_df/ios-build/Il2CppOutputProject/IL2CPP/build/deploy_x86_64/Unity.IL2CPP.Api.Output.dll
[2603/3420  0s] CopyFiles /Users/tuantu/Desktop/dev/AI/mobile/game_df/ios-build/Il2CppOutputProject/IL2CPP/build/deploy_x86_64/Unity.IL2CPP.Api.dll
[2604/3420  0s] CopyFiles /Users/tuantu/Desktop/dev/AI/mobile/game_df/ios-build/Il2CppOutputProject/IL2CPP/build/deploy_x86_64/Unity.Cecil.Visitor.dll
[2605/3420  0s] CopyFiles /Users/tuantu/Desktop/dev/AI/mobile/game_df/ios-build/Il2CppOutputProject/IL2CPP/build/deploy_x86_64/Unity.Cecil.Visitor.pdb
[2606/3420  0s] CopyFiles /Users/tuantu/Desktop/dev/AI/mobile/game_df/ios-build/Il2CppOutputProject/IL2CPP/build/deploy_x86_64/Unity.IL2CPP.Bee.BuildLogic.dll
[2607/3420  0s] CopyFiles /Users/tuantu/Desktop/dev/AI/mobile/game_df/ios-build/Il2CppOutputProject/IL2CPP/build/deploy_x86_64/Unity.Api.Attributes.pdb
[2608/3420  0s] CopyFiles /Users/tuantu/Desktop/dev/AI/mobile/game_df/ios-build/Il2CppOutputProject/IL2CPP/build/deploy_x86_64/Unity.Cecil.Awesome.dll
[2609/3420  0s] CopyFiles /Users/tuantu/Desktop/dev/AI/mobile/game_df/ios-build/Il2CppOutputProject/IL2CPP/build/deploy_x86_64/Unity.Api.Attributes.dll
[2610/3420  0s] CopyFiles /Users/tuantu/Desktop/dev/AI/mobile/game_df/ios-build/Il2CppOutputProject/IL2CPP/build/deploy_x86_64/System.Xml.XmlDocument.dll
[2611/3420  0s] CopyFiles /Users/tuantu/Desktop/dev/AI/mobile/game_df/ios-build/Il2CppOutputProject/IL2CPP/build/deploy_x86_64/System.Xml.XPath.XDocument.dll
[2612/3420  0s] CopyFiles /Users/tuantu/Desktop/dev/AI/mobile/game_df/ios-build/Il2CppOutputProject/IL2CPP/build/deploy_x86_64/System.Xml.XPath.dll
[2613/3420  0s] CopyFiles /Users/tuantu/Desktop/dev/AI/mobile/game_df/ios-build/Il2CppOutputProject/IL2CPP/build/deploy_x86_64/System.Xml.XDocument.dll
[2614/3420  0s] CopyFiles /Users/tuantu/Desktop/dev/AI/mobile/game_df/ios-build/Il2CppOutputProject/IL2CPP/build/deploy_x86_64/System.Xml.XmlSerializer.dll
[2615/3420  0s] CopyFiles /Users/tuantu/Desktop/dev/AI/mobile/game_df/ios-build/Il2CppOutputProject/IL2CPP/build/deploy_x86_64/System.Xml.Serialization.dll
[2616/3420  0s] CopyFiles /Users/tuantu/Desktop/dev/AI/mobile/game_df/ios-build/Il2CppOutputProject/IL2CPP/build/deploy_x86_64/Unity.Cecil.Awesome.pdb
[2617/3420  0s] CopyFiles /Users/tuantu/Desktop/dev/AI/mobile/game_df/ios-build/Il2CppOutputProject/IL2CPP/build/deploy_x86_64/System.Xml.Linq.dll
[2618/3420  0s] CopyFiles /Users/tuantu/Desktop/dev/AI/mobile/game_df/ios-build/Il2CppOutputProject/IL2CPP/build/deploy_x86_64/System.Xml.dll
[2619/3420  0s] CopyFiles /Users/tuantu/Desktop/dev/AI/mobile/game_df/ios-build/Il2CppOutputProject/IL2CPP/build/deploy_x86_64/System.Xml.ReaderWriter.dll
[2620/3420  0s] CopyFiles /Users/tuantu/Desktop/dev/AI/mobile/game_df/ios-build/Il2CppOutputProject/IL2CPP/build/deploy_x86_64/System.Web.dll
[2621/3420  0s] CopyFiles /Users/tuantu/Desktop/dev/AI/mobile/game_df/ios-build/Il2CppOutputProject/IL2CPP/build/deploy_x86_64/System.Windows.dll
[2622/3420  0s] CopyFiles /Users/tuantu/Desktop/dev/AI/mobile/game_df/ios-build/Il2CppOutputProject/IL2CPP/build/deploy_x86_64/System.ValueTuple.dll
[2623/3420  0s] CopyFiles /Users/tuantu/Desktop/dev/AI/mobile/game_df/ios-build/Il2CppOutputProject/IL2CPP/build/deploy_x86_64/System.Web.HttpUtility.dll
[2624/3420  0s] CopyFiles /Users/tuantu/Desktop/dev/AI/mobile/game_df/ios-build/Il2CppOutputProject/IL2CPP/build/deploy_x86_64/System.Threading.Timer.dll
[2625/3420  0s] CopyFiles /Users/tuantu/Desktop/dev/AI/mobile/game_df/ios-build/Il2CppOutputProject/IL2CPP/build/deploy_x86_64/System.Threading.Thread.dll
[2626/3420  0s] CopyFiles /Users/tuantu/Desktop/dev/AI/mobile/game_df/ios-build/Il2CppOutputProject/IL2CPP/build/deploy_x86_64/System.Transactions.dll
[2627/3420  0s] CopyFiles /Users/tuantu/Desktop/dev/AI/mobile/game_df/ios-build/Il2CppOutputProject/IL2CPP/build/deploy_x86_64/System.Threading.ThreadPool.dll
[2628/3420  0s] CopyFiles /Users/tuantu/Desktop/dev/AI/mobile/game_df/ios-build/Il2CppOutputProject/IL2CPP/build/deploy_x86_64/System.Threading.Tasks.Extensions.dll
[2629/3420  0s] CopyFiles /Users/tuantu/Desktop/dev/AI/mobile/game_df/ios-build/Il2CppOutputProject/IL2CPP/build/deploy_x86_64/System.Threading.Overlapped.dll
[2630/3420  0s] CopyFiles /Users/tuantu/Desktop/dev/AI/mobile/game_df/ios-build/Il2CppOutputProject/IL2CPP/build/deploy_x86_64/System.Threading.Tasks.dll
[2631/3420  0s] CopyFiles /Users/tuantu/Desktop/dev/AI/mobile/game_df/ios-build/Il2CppOutputProject/IL2CPP/build/deploy_x86_64/System.Transactions.Local.dll
[2632/3420  0s] CopyFiles /Users/tuantu/Desktop/dev/AI/mobile/game_df/ios-build/Il2CppOutputProject/IL2CPP/build/deploy_x86_64/System.Text.Encoding.dll
[2633/3420  0s] CopyFiles /Users/tuantu/Desktop/dev/AI/mobile/game_df/ios-build/Il2CppOutputProject/IL2CPP/build/deploy_x86_64/System.Text.Encoding.Extensions.dll
[2634/3420  0s] CopyFiles /Users/tuantu/Desktop/dev/AI/mobile/game_df/ios-build/Il2CppOutputProject/IL2CPP/build/deploy_x86_64/System.ServiceProcess.dll
[2635/3420  0s] CopyFiles /Users/tuantu/Desktop/dev/AI/mobile/game_df/ios-build/Il2CppOutputProject/IL2CPP/build/deploy_x86_64/System.Threading.Tasks.Parallel.dll
[2636/3420  0s] CopyFiles /Users/tuantu/Desktop/dev/AI/mobile/game_df/ios-build/Il2CppOutputProject/IL2CPP/build/deploy_x86_64/System.Threading.Channels.dll
[2637/3420  0s] CopyFiles /Users/tuantu/Desktop/dev/AI/mobile/game_df/ios-build/Il2CppOutputProject/IL2CPP/build/deploy_x86_64/System.Text.Encodings.Web.dll
[2638/3420  0s] CopyFiles /Users/tuantu/Desktop/dev/AI/mobile/game_df/ios-build/Il2CppOutputProject/IL2CPP/build/deploy_x86_64/System.Security.SecureString.dll
[2639/3420  0s] CopyFiles /Users/tuantu/Desktop/dev/AI/mobile/game_df/ios-build/Il2CppOutputProject/IL2CPP/build/deploy_x86_64/System.Security.Principal.Windows.dll
[2640/3420  0s] CopyFiles /Users/tuantu/Desktop/dev/AI/mobile/game_df/ios-build/Il2CppOutputProject/IL2CPP/build/deploy_x86_64/System.Threading.dll
[2641/3420  0s] CopyFiles /Users/tuantu/Desktop/dev/AI/mobile/game_df/ios-build/Il2CppOutputProject/IL2CPP/build/deploy_x86_64/System.Threading.Tasks.Dataflow.dll
[2642/3420  0s] CopyFiles /Users/tuantu/Desktop/dev/AI/mobile/game_df/ios-build/Il2CppOutputProject/IL2CPP/build/deploy_x86_64/System.ServiceModel.Web.dll
[2643/3420  0s] CopyFiles /Users/tuantu/Desktop/dev/AI/mobile/game_df/ios-build/Il2CppOutputProject/IL2CPP/build/deploy_x86_64/System.Security.Principal.dll
[2644/3420  0s] CopyFiles /Users/tuantu/Desktop/dev/AI/mobile/game_df/ios-build/Il2CppOutputProject/IL2CPP/build/deploy_x86_64/System.Security.dll
[2645/3420  0s] CopyFiles /Users/tuantu/Desktop/dev/AI/mobile/game_df/ios-build/Il2CppOutputProject/IL2CPP/build/deploy_x86_64/System.Security.Cryptography.Primitives.dll
[2646/3420  0s] CopyFiles /Users/tuantu/Desktop/dev/AI/mobile/game_df/ios-build/Il2CppOutputProject/IL2CPP/build/deploy_x86_64/System.Security.Cryptography.X509Certificates.dll
[2647/3420  0s] CopyFiles /Users/tuantu/Desktop/dev/AI/mobile/game_df/ios-build/Il2CppOutputProject/IL2CPP/build/deploy_x86_64/System.Text.RegularExpressions.dll
[2648/3420  0s] CopyFiles /Users/tuantu/Desktop/dev/AI/mobile/game_df/ios-build/Il2CppOutputProject/IL2CPP/build/deploy_x86_64/System.Security.Cryptography.OpenSsl.dll
[2649/3420  0s] CopyFiles /Users/tuantu/Desktop/dev/AI/mobile/game_df/ios-build/Il2CppOutputProject/IL2CPP/build/deploy_x86_64/System.Security.Cryptography.Encoding.dll
[2650/3420  0s] CopyFiles /Users/tuantu/Desktop/dev/AI/mobile/game_df/ios-build/Il2CppOutputProject/IL2CPP/build/deploy_x86_64/System.Text.Json.dll
[2651/3420  0s] CopyFiles /Users/tuantu/Desktop/dev/AI/mobile/game_df/ios-build/Il2CppOutputProject/IL2CPP/build/deploy_x86_64/System.Text.Encoding.CodePages.dll
[2652/3420  0s] CopyFiles /Users/tuantu/Desktop/dev/AI/mobile/game_df/ios-build/Il2CppOutputProject/IL2CPP/build/deploy_x86_64/System.Security.Cryptography.Csp.dll
[2653/3420  0s] CopyFiles /Users/tuantu/Desktop/dev/AI/mobile/game_df/ios-build/Il2CppOutputProject/IL2CPP/build/deploy_x86_64/System.Runtime.Serialization.Json.dll
[2654/3420  0s] CopyFiles /Users/tuantu/Desktop/dev/AI/mobile/game_df/ios-build/Il2CppOutputProject/IL2CPP/build/deploy_x86_64/System.Runtime.Serialization.Primitives.dll
[2655/3420  0s] CopyFiles /Users/tuantu/Desktop/dev/AI/mobile/game_df/ios-build/Il2CppOutputProject/IL2CPP/build/deploy_x86_64/System.Runtime.Serialization.Formatters.dll
[2656/3420  0s] CopyFiles /Users/tuantu/Desktop/dev/AI/mobile/game_df/ios-build/Il2CppOutputProject/IL2CPP/build/deploy_x86_64/System.Security.Cryptography.dll
[2657/3420  0s] CopyFiles /Users/tuantu/Desktop/dev/AI/mobile/game_df/ios-build/Il2CppOutputProject/IL2CPP/build/deploy_x86_64/System.Security.Cryptography.Algorithms.dll
[2658/3420  0s] CopyFiles /Users/tuantu/Desktop/dev/AI/mobile/game_df/ios-build/Il2CppOutputProject/IL2CPP/build/deploy_x86_64/System.Runtime.Serialization.Xml.dll
[2659/3420  0s] CopyFiles /Users/tuantu/Desktop/dev/AI/mobile/game_df/ios-build/Il2CppOutputProject/IL2CPP/build/deploy_x86_64/System.Runtime.Serialization.dll
[2660/3420  0s] CopyFiles /Users/tuantu/Desktop/dev/AI/mobile/game_df/ios-build/Il2CppOutputProject/IL2CPP/build/deploy_x86_64/System.Security.Claims.dll
[2661/3420  0s] CopyFiles /Users/tuantu/Desktop/dev/AI/mobile/game_df/ios-build/Il2CppOutputProject/IL2CPP/build/deploy_x86_64/System.Security.Cryptography.Cng.dll
[2662/3420  0s] CopyFiles /Users/tuantu/Desktop/dev/AI/mobile/game_df/ios-build/Il2CppOutputProject/IL2CPP/build/deploy_x86_64/System.Runtime.Loader.dll
[2663/3420  0s] CopyFiles /Users/tuantu/Desktop/dev/AI/mobile/game_df/ios-build/Il2CppOutputProject/IL2CPP/build/deploy_x86_64/System.Security.AccessControl.dll
[2664/3420  0s] CopyFiles /Users/tuantu/Desktop/dev/AI/mobile/game_df/ios-build/Il2CppOutputProject/IL2CPP/build/deploy_x86_64/System.Runtime.Intrinsics.dll
[2665/3420  0s] CopyFiles /Users/tuantu/Desktop/dev/AI/mobile/game_df/ios-build/Il2CppOutputProject/IL2CPP/build/deploy_x86_64/System.Runtime.InteropServices.RuntimeInformation.dll
[2666/3420  0s] CopyFiles /Users/tuantu/Desktop/dev/AI/mobile/game_df/ios-build/Il2CppOutputProject/IL2CPP/build/deploy_x86_64/System.Runtime.Handles.dll
[2667/3420  0s] CopyFiles /Users/tuantu/Desktop/dev/AI/mobile/game_df/ios-build/Il2CppOutputProject/IL2CPP/build/deploy_x86_64/System.Runtime.Numerics.dll
[2668/3420  0s] CopyFiles /Users/tuantu/Desktop/dev/AI/mobile/game_df/ios-build/Il2CppOutputProject/IL2CPP/build/deploy_x86_64/System.Runtime.InteropServices.JavaScript.dll
[2669/3420  0s] CopyFiles /Users/tuantu/Desktop/dev/AI/mobile/game_df/ios-build/Il2CppOutputProject/IL2CPP/build/deploy_x86_64/System.Runtime.InteropServices.dll
[2670/3420  0s] CopyFiles /Users/tuantu/Desktop/dev/AI/mobile/game_df/ios-build/Il2CppOutputProject/IL2CPP/build/deploy_x86_64/System.Runtime.CompilerServices.VisualC.dll
[2671/3420  0s] CopyFiles /Users/tuantu/Desktop/dev/AI/mobile/game_df/ios-build/Il2CppOutputProject/IL2CPP/build/deploy_x86_64/System.Reflection.Primitives.dll
[2672/3420  0s] CopyFiles /Users/tuantu/Desktop/dev/AI/mobile/game_df/ios-build/Il2CppOutputProject/IL2CPP/build/deploy_x86_64/System.Runtime.CompilerServices.Unsafe.dll
[2673/3420  0s] CopyFiles /Users/tuantu/Desktop/dev/AI/mobile/game_df/ios-build/Il2CppOutputProject/IL2CPP/build/deploy_x86_64/System.Runtime.Extensions.dll
[2674/3420  0s] CopyFiles /Users/tuantu/Desktop/dev/AI/mobile/game_df/ios-build/Il2CppOutputProject/IL2CPP/build/deploy_x86_64/System.Reflection.Extensions.dll
[2675/3420  0s] CopyFiles /Users/tuantu/Desktop/dev/AI/mobile/game_df/ios-build/Il2CppOutputProject/IL2CPP/build/deploy_x86_64/System.Resources.Reader.dll
[2676/3420  0s] CopyFiles /Users/tuantu/Desktop/dev/AI/mobile/game_df/ios-build/Il2CppOutputProject/IL2CPP/build/deploy_x86_64/System.Resources.ResourceManager.dll
[2677/3420  0s] CopyFiles /Users/tuantu/Desktop/dev/AI/mobile/game_df/ios-build/Il2CppOutputProject/IL2CPP/build/deploy_x86_64/System.Runtime.dll
[2678/3420  0s] CopyFiles /Users/tuantu/Desktop/dev/AI/mobile/game_df/ios-build/Il2CppOutputProject/IL2CPP/build/deploy_x86_64/System.Reflection.TypeExtensions.dll
[2679/3420  0s] CopyFiles /Users/tuantu/Desktop/dev/AI/mobile/game_df/ios-build/Il2CppOutputProject/IL2CPP/build/deploy_x86_64/System.Resources.Writer.dll
[2680/3420  0s] CopyFiles /Users/tuantu/Desktop/dev/AI/mobile/game_df/ios-build/Il2CppOutputProject/IL2CPP/build/deploy_x86_64/System.Reflection.Emit.ILGeneration.dll
[2681/3420  0s] CopyFiles /Users/tuantu/Desktop/dev/AI/mobile/game_df/ios-build/Il2CppOutputProject/IL2CPP/build/deploy_x86_64/System.Reflection.Emit.Lightweight.dll
[2682/3420  0s] CopyFiles /Users/tuantu/Desktop/dev/AI/mobile/game_df/ios-build/Il2CppOutputProject/IL2CPP/build/deploy_x86_64/System.Reflection.dll
[2683/3420  0s] CopyFiles /Users/tuantu/Desktop/dev/AI/mobile/game_df/ios-build/Il2CppOutputProject/IL2CPP/build/deploy_x86_64/System.Private.Xml.Linq.dll
[2684/3420  0s] CopyFiles /Users/tuantu/Desktop/dev/AI/mobile/game_df/ios-build/Il2CppOutputProject/IL2CPP/build/deploy_x86_64/System.Reflection.DispatchProxy.dll
[2685/3420  0s] CopyFiles /Users/tuantu/Desktop/dev/AI/mobile/game_df/ios-build/Il2CppOutputProject/IL2CPP/build/deploy_x86_64/System.Reflection.Metadata.dll
[2686/3420  0s] CopyFiles /Users/tuantu/Desktop/dev/AI/mobile/game_df/ios-build/Il2CppOutputProject/IL2CPP/build/deploy_x86_64/System.ObjectModel.dll
[2687/3420  0s] CopyFiles /Users/tuantu/Desktop/dev/AI/mobile/game_df/ios-build/Il2CppOutputProject/IL2CPP/build/deploy_x86_64/System.Numerics.dll
[2688/3420  0s] CopyFiles /Users/tuantu/Desktop/dev/AI/mobile/game_df/ios-build/Il2CppOutputProject/IL2CPP/build/deploy_x86_64/System.Numerics.Vectors.dll
[2689/3420  0s] CopyFiles /Users/tuantu/Desktop/dev/AI/mobile/game_df/ios-build/Il2CppOutputProject/IL2CPP/build/deploy_x86_64/System.Reflection.Emit.dll
[2690/3420  0s] CopyFiles /Users/tuantu/Desktop/dev/AI/mobile/game_df/ios-build/Il2CppOutputProject/IL2CPP/build/deploy_x86_64/System.Net.WebProxy.dll
[2691/3420  0s] CopyFiles /Users/tuantu/Desktop/dev/AI/mobile/game_df/ios-build/Il2CppOutputProject/IL2CPP/build/deploy_x86_64/System.Net.WebHeaderCollection.dll
[2692/3420  0s] CopyFiles /Users/tuantu/Desktop/dev/AI/mobile/game_df/ios-build/Il2CppOutputProject/IL2CPP/build/deploy_x86_64/System.Private.Uri.dll
[2693/3420  0s] CopyFiles /Users/tuantu/Desktop/dev/AI/mobile/game_df/ios-build/Il2CppOutputProject/IL2CPP/build/deploy_x86_64/System.Net.ServicePoint.dll
[2694/3420  0s] CopyFiles /Users/tuantu/Desktop/dev/AI/mobile/game_df/ios-build/Il2CppOutputProject/IL2CPP/build/deploy_x86_64/System.Net.WebSockets.Client.dll
[2695/3420  0s] CopyFiles /Users/tuantu/Desktop/dev/AI/mobile/game_df/ios-build/Il2CppOutputProject/IL2CPP/build/deploy_x86_64/System.Net.WebSockets.dll
[2696/3420  0s] CopyFiles /Users/tuantu/Desktop/dev/AI/mobile/game_df/ios-build/Il2CppOutputProject/IL2CPP/build/deploy_x86_64/System.Net.Primitives.dll
[2697/3420  0s] CopyFiles /Users/tuantu/Desktop/dev/AI/mobile/game_df/ios-build/Il2CppOutputProject/IL2CPP/build/deploy_x86_64/System.Net.WebClient.dll
[2698/3420  0s] CopyFiles /Users/tuantu/Desktop/dev/AI/mobile/game_df/ios-build/Il2CppOutputProject/IL2CPP/build/deploy_x86_64/System.Net.Requests.dll
[2699/3420  0s] CopyFiles /Users/tuantu/Desktop/dev/AI/mobile/game_df/ios-build/Il2CppOutputProject/IL2CPP/build/deploy_x86_64/System.Private.DataContractSerialization.dll
[2700/3420  0s] CopyFiles /Users/tuantu/Desktop/dev/AI/mobile/game_df/ios-build/Il2CppOutputProject/IL2CPP/build/deploy_x86_64/System.Net.NameResolution.dll
[2701/3420  0s] CopyFiles /Users/tuantu/Desktop/dev/AI/mobile/game_df/ios-build/Il2CppOutputProject/IL2CPP/build/deploy_x86_64/System.Net.Ping.dll
[2702/3420  0s] CopyFiles /Users/tuantu/Desktop/dev/AI/mobile/game_df/ios-build/Il2CppOutputProject/IL2CPP/build/deploy_x86_64/System.Net.Sockets.dll
[2703/3420  0s] CopyFiles /Users/tuantu/Desktop/dev/AI/mobile/game_df/ios-build/Il2CppOutputProject/IL2CPP/build/deploy_x86_64/System.Net.NetworkInformation.dll
[2704/3420  0s] CopyFiles /Users/tuantu/Desktop/dev/AI/mobile/game_df/ios-build/Il2CppOutputProject/IL2CPP/build/deploy_x86_64/System.Net.Quic.dll
[2705/3420  0s] CopyFiles /Users/tuantu/Desktop/dev/AI/mobile/game_df/ios-build/Il2CppOutputProject/IL2CPP/build/deploy_x86_64/System.Net.Security.dll
[2706/3420  0s] CopyFiles /Users/tuantu/Desktop/dev/AI/mobile/game_df/ios-build/Il2CppOutputProject/IL2CPP/build/deploy_x86_64/System.Memory.dll
[2707/3420  0s] CopyFiles /Users/tuantu/Desktop/dev/AI/mobile/game_df/ios-build/Il2CppOutputProject/IL2CPP/build/deploy_x86_64/System.Net.dll
[2708/3420  0s] CopyFiles /Users/tuantu/Desktop/dev/AI/mobile/game_df/ios-build/Il2CppOutputProject/IL2CPP/build/deploy_x86_64/System.Private.Xml.dll
[2709/3420  0s] CopyFiles /Users/tuantu/Desktop/dev/AI/mobile/game_df/ios-build/Il2CppOutputProject/IL2CPP/build/deploy_x86_64/System.Net.Http.Json.dll
[2710/3420  0s] CopyFiles /Users/tuantu/Desktop/dev/AI/mobile/game_df/ios-build/Il2CppOutputProject/IL2CPP/build/deploy_x86_64/System.IO.UnmanagedMemoryStream.dll
[2711/3420  0s] CopyFiles /Users/tuantu/Desktop/dev/AI/mobile/game_df/ios-build/Il2CppOutputProject/IL2CPP/build/deploy_x86_64/System.Net.HttpListener.dll
[2712/3420  0s] CopyFiles /Users/tuantu/Desktop/dev/AI/mobile/game_df/ios-build/Il2CppOutputProject/IL2CPP/build/deploy_x86_64/System.Net.Mail.dll
[2713/3420  0s] CopyFiles /Users/tuantu/Desktop/dev/AI/mobile/game_df/ios-build/Il2CppOutputProject/IL2CPP/build/deploy_x86_64/System.IO.Pipes.AccessControl.dll
[2714/3420  0s] CopyFiles /Users/tuantu/Desktop/dev/AI/mobile/game_df/ios-build/Il2CppOutputProject/IL2CPP/build/deploy_x86_64/System.Linq.Queryable.dll
[2715/3420  0s] CopyFiles /Users/tuantu/Desktop/dev/AI/mobile/game_df/ios-build/Il2CppOutputProject/IL2CPP/build/deploy_x86_64/System.IO.Pipes.dll
[2716/3420  0s] CopyFiles /Users/tuantu/Desktop/dev/AI/mobile/game_df/ios-build/Il2CppOutputProject/IL2CPP/build/deploy_x86_64/System.IO.FileSystem.Watcher.dll
[2717/3420  0s] CopyFiles /Users/tuantu/Desktop/dev/AI/mobile/game_df/ios-build/Il2CppOutputProject/IL2CPP/build/deploy_x86_64/System.IO.Pipelines.dll
[2718/3420  0s] CopyFiles /Users/tuantu/Desktop/dev/AI/mobile/game_df/ios-build/Il2CppOutputProject/IL2CPP/build/deploy_x86_64/System.Linq.dll
[2719/3420  0s] CopyFiles /Users/tuantu/Desktop/dev/AI/mobile/game_df/ios-build/Il2CppOutputProject/IL2CPP/build/deploy_x86_64/System.IO.MemoryMappedFiles.dll
[2720/3420  0s] CopyFiles /Users/tuantu/Desktop/dev/AI/mobile/game_df/ios-build/Il2CppOutputProject/IL2CPP/build/deploy_x86_64/System.Linq.Parallel.dll
[2721/3420  0s] CopyFiles /Users/tuantu/Desktop/dev/AI/mobile/game_df/ios-build/Il2CppOutputProject/IL2CPP/build/deploy_x86_64/System.IO.FileSystem.Primitives.dll
[2722/3420  0s] CopyFiles /Users/tuantu/Desktop/dev/AI/mobile/game_df/ios-build/Il2CppOutputProject/IL2CPP/build/deploy_x86_64/System.IO.IsolatedStorage.dll
[2723/3420  0s] CopyFiles /Users/tuantu/Desktop/dev/AI/mobile/game_df/ios-build/Il2CppOutputProject/IL2CPP/build/deploy_x86_64/System.Net.Http.dll
[2724/3420  0s] CopyFiles /Users/tuantu/Desktop/dev/AI/mobile/game_df/ios-build/Il2CppOutputProject/IL2CPP/build/deploy_x86_64/System.IO.FileSystem.DriveInfo.dll
[2725/3420  0s] CopyFiles /Users/tuantu/Desktop/dev/AI/mobile/game_df/ios-build/Il2CppOutputProject/IL2CPP/build/deploy_x86_64/System.IO.dll
[2726/3420  0s] CopyFiles /Users/tuantu/Desktop/dev/AI/mobile/game_df/ios-build/Il2CppOutputProject/IL2CPP/build/deploy_x86_64/System.IO.Compression.FileSystem.dll
[2727/3420  0s] CopyFiles /Users/tuantu/Desktop/dev/AI/mobile/game_df/ios-build/Il2CppOutputProject/IL2CPP/build/deploy_x86_64/System.IO.FileSystem.dll
[2728/3420  0s] CopyFiles /Users/tuantu/Desktop/dev/AI/mobile/game_df/ios-build/Il2CppOutputProject/IL2CPP/build/deploy_x86_64/System.Globalization.Extensions.dll
[2729/3420  0s] CopyFiles /Users/tuantu/Desktop/dev/AI/mobile/game_df/ios-build/Il2CppOutputProject/IL2CPP/build/deploy_x86_64/System.IO.FileSystem.AccessControl.dll
[2730/3420  0s] CopyFiles /Users/tuantu/Desktop/dev/AI/mobile/game_df/ios-build/Il2CppOutputProject/IL2CPP/build/deploy_x86_64/System.IO.Compression.Brotli.dll
[2731/3420  0s] CopyFiles /Users/tuantu/Desktop/dev/AI/mobile/game_df/ios-build/Il2CppOutputProject/IL2CPP/build/deploy_x86_64/System.IO.Compression.dll
[2732/3420  0s] CopyFiles /Users/tuantu/Desktop/dev/AI/mobile/game_df/ios-build/Il2CppOutputProject/IL2CPP/build/deploy_x86_64/System.Linq.Expressions.dll
[2733/3420  0s] CopyFiles /Users/tuantu/Desktop/dev/AI/mobile/game_df/ios-build/Il2CppOutputProject/IL2CPP/build/deploy_x86_64/System.Globalization.Calendars.dll
[2734/3420  0s] CopyFiles /Users/tuantu/Desktop/dev/AI/mobile/game_df/ios-build/Il2CppOutputProject/IL2CPP/build/deploy_x86_64/System.Globalization.dll
[2735/3420  0s] CopyFiles /Users/tuantu/Desktop/dev/AI/mobile/game_df/ios-build/Il2CppOutputProject/IL2CPP/build/deploy_x86_64/System.IO.Compression.ZipFile.dll
[2736/3420  0s] CopyFiles /Users/tuantu/Desktop/dev/AI/mobile/game_df/ios-build/Il2CppOutputProject/IL2CPP/build/deploy_x86_64/System.Dynamic.Runtime.dll
[2737/3420  0s] CopyFiles /Users/tuantu/Desktop/dev/AI/mobile/game_df/ios-build/Il2CppOutputProject/IL2CPP/build/deploy_x86_64/System.Private.CoreLib.dll
[2738/3420  0s] CopyFiles /Users/tuantu/Desktop/dev/AI/mobile/game_df/ios-build/Il2CppOutputProject/IL2CPP/build/deploy_x86_64/System.Drawing.Primitives.dll
[2739/3420  0s] CopyFiles /Users/tuantu/Desktop/dev/AI/mobile/game_df/ios-build/Il2CppOutputProject/IL2CPP/build/deploy_x86_64/System.Diagnostics.Tracing.dll
[2740/3420  0s] CopyFiles /Users/tuantu/Desktop/dev/AI/mobile/game_df/ios-build/Il2CppOutputProject/IL2CPP/build/deploy_x86_64/System.Diagnostics.Tools.dll
[2741/3420  0s] CopyFiles /Users/tuantu/Desktop/dev/AI/mobile/game_df/ios-build/Il2CppOutputProject/IL2CPP/build/deploy_x86_64/System.Diagnostics.StackTrace.dll
[2742/3420  0s] CopyFiles /Users/tuantu/Desktop/dev/AI/mobile/game_df/ios-build/Il2CppOutputProject/IL2CPP/build/deploy_x86_64/System.Diagnostics.TextWriterTraceListener.dll
[2743/3420  0s] CopyFiles /Users/tuantu/Desktop/dev/AI/mobile/game_df/ios-build/Il2CppOutputProject/IL2CPP/build/deploy_x86_64/System.Formats.Tar.dll
[2744/3420  0s] CopyFiles /Users/tuantu/Desktop/dev/AI/mobile/game_df/ios-build/Il2CppOutputProject/IL2CPP/build/deploy_x86_64/System.Drawing.dll
[2745/3420  0s] CopyFiles /Users/tuantu/Desktop/dev/AI/mobile/game_df/ios-build/Il2CppOutputProject/IL2CPP/build/deploy_x86_64/System.dll
[2746/3420  0s] CopyFiles /Users/tuantu/Desktop/dev/AI/mobile/game_df/ios-build/Il2CppOutputProject/IL2CPP/build/deploy_x86_64/System.Diagnostics.TraceSource.dll
[2747/3420  0s] CopyFiles /Users/tuantu/Desktop/dev/AI/mobile/game_df/ios-build/Il2CppOutputProject/IL2CPP/build/deploy_x86_64/System.Formats.Asn1.dll
[2748/3420  0s] CopyFiles /Users/tuantu/Desktop/dev/AI/mobile/game_df/ios-build/Il2CppOutputProject/IL2CPP/build/deploy_x86_64/System.Diagnostics.Process.dll
[2749/3420  0s] CopyFiles /Users/tuantu/Desktop/dev/AI/mobile/game_df/ios-build/Il2CppOutputProject/IL2CPP/build/deploy_x86_64/System.Diagnostics.FileVersionInfo.dll
[2750/3420  0s] CopyFiles /Users/tuantu/Desktop/dev/AI/mobile/game_df/ios-build/Il2CppOutputProject/IL2CPP/build/deploy_x86_64/System.Diagnostics.DiagnosticSource.dll
[2751/3420  0s] CopyFiles /Users/tuantu/Desktop/dev/AI/mobile/game_df/ios-build/Il2CppOutputProject/IL2CPP/build/deploy_x86_64/System.Core.dll
[2752/3420  0s] CopyFiles /Users/tuantu/Desktop/dev/AI/mobile/game_df/ios-build/Il2CppOutputProject/IL2CPP/build/deploy_x86_64/System.Data.dll
[2753/3420  0s] CopyFiles /Users/tuantu/Desktop/dev/AI/mobile/game_df/ios-build/Il2CppOutputProject/IL2CPP/build/deploy_x86_64/System.Data.DataSetExtensions.dll
[2754/3420  0s] CopyFiles /Users/tuantu/Desktop/dev/AI/mobile/game_df/ios-build/Il2CppOutputProject/IL2CPP/build/deploy_x86_64/System.Diagnostics.Debug.dll
[2755/3420  0s] CopyFiles /Users/tuantu/Desktop/dev/AI/mobile/game_df/ios-build/Il2CppOutputProject/IL2CPP/build/deploy_x86_64/System.Diagnostics.Contracts.dll
[2756/3420  0s] CopyFiles /Users/tuantu/Desktop/dev/AI/mobile/game_df/ios-build/Il2CppOutputProject/IL2CPP/build/deploy_x86_64/System.Console.dll
[2757/3420  0s] CopyFiles /Users/tuantu/Desktop/dev/AI/mobile/game_df/ios-build/Il2CppOutputProject/IL2CPP/build/deploy_x86_64/System.ComponentModel.DataAnnotations.dll
[2758/3420  0s] CopyFiles /Users/tuantu/Desktop/dev/AI/mobile/game_df/ios-build/Il2CppOutputProject/IL2CPP/build/deploy_x86_64/System.Configuration.dll
[2759/3420  0s] CopyFiles /Users/tuantu/Desktop/dev/AI/mobile/game_df/ios-build/Il2CppOutputProject/IL2CPP/build/deploy_x86_64/System.ComponentModel.dll
[2760/3420  0s] CopyFiles /Users/tuantu/Desktop/dev/AI/mobile/game_df/ios-build/Il2CppOutputProject/IL2CPP/build/deploy_x86_64/System.ComponentModel.EventBasedAsync.dll
[2761/3420  0s] CopyFiles /Users/tuantu/Desktop/dev/AI/mobile/game_df/ios-build/Il2CppOutputProject/IL2CPP/build/deploy_x86_64/System.Collections.Specialized.dll
[2762/3420  0s] CopyFiles /Users/tuantu/Desktop/dev/AI/mobile/game_df/ios-build/Il2CppOutputProject/IL2CPP/build/deploy_x86_64/System.Collections.NonGeneric.dll
[2763/3420  0s] CopyFiles /Users/tuantu/Desktop/dev/AI/mobile/game_df/ios-build/Il2CppOutputProject/IL2CPP/build/deploy_x86_64/System.ComponentModel.Primitives.dll
[2764/3420  0s] CopyFiles /Users/tuantu/Desktop/dev/AI/mobile/game_df/ios-build/Il2CppOutputProject/IL2CPP/build/deploy_x86_64/System.ComponentModel.Annotations.dll
[2765/3420  0s] CopyFiles /Users/tuantu/Desktop/dev/AI/mobile/game_df/ios-build/Il2CppOutputProject/IL2CPP/build/deploy_x86_64/System.Collections.Concurrent.dll
[2766/3420  0s] CopyFiles /Users/tuantu/Desktop/dev/AI/mobile/game_df/ios-build/Il2CppOutputProject/IL2CPP/build/deploy_x86_64/System.Collections.dll
[2767/3420  0s] CopyFiles /Users/tuantu/Desktop/dev/AI/mobile/game_df/ios-build/Il2CppOutputProject/IL2CPP/build/deploy_x86_64/System.Buffers.dll
[2768/3420  0s] CopyFiles /Users/tuantu/Desktop/dev/AI/mobile/game_df/ios-build/Il2CppOutputProject/IL2CPP/build/deploy_x86_64/System.ComponentModel.TypeConverter.dll
[2769/3420  0s] CopyFiles /Users/tuantu/Desktop/dev/AI/mobile/game_df/ios-build/Il2CppOutputProject/IL2CPP/build/deploy_x86_64/System.AppContext.dll
[2770/3420  0s] CopyFiles /Users/tuantu/Desktop/dev/AI/mobile/game_df/ios-build/Il2CppOutputProject/IL2CPP/build/deploy_x86_64/System.Data.Common.dll
[2771/3420  0s] CopyFiles /Users/tuantu/Desktop/dev/AI/mobile/game_df/ios-build/Il2CppOutputProject/IL2CPP/build/deploy_x86_64/NiceIO.dll
[2772/3420  0s] CopyFiles /Users/tuantu/Desktop/dev/AI/mobile/game_df/ios-build/Il2CppOutputProject/IL2CPP/build/deploy_x86_64/NiceIO.pdb
[2773/3420  0s] CopyFiles /Users/tuantu/Desktop/dev/AI/mobile/game_df/ios-build/Il2CppOutputProject/IL2CPP/build/deploy_x86_64/System.Collections.Immutable.dll
[2774/3420  0s] CopyFiles /Users/tuantu/Desktop/dev/AI/mobile/game_df/ios-build/Il2CppOutputProject/IL2CPP/build/deploy_x86_64/mscorlib.dll
[2775/3420  0s] CopyFiles /Users/tuantu/Desktop/dev/AI/mobile/game_df/ios-build/Il2CppOutputProject/IL2CPP/build/deploy_x86_64/netstandard.dll
[2776/3420  0s] CopyFiles /Users/tuantu/Desktop/dev/AI/mobile/game_df/ios-build/Il2CppOutputProject/IL2CPP/build/deploy_x86_64/SharpYaml.dll
[2777/3420  0s] CopyFiles /Users/tuantu/Desktop/dev/AI/mobile/game_df/ios-build/Il2CppOutputProject/IL2CPP/build/deploy_x86_64/Mono.Cecil.Rocks.pdb
[2778/3420  0s] CopyFiles /Users/tuantu/Desktop/dev/AI/mobile/game_df/ios-build/Il2CppOutputProject/IL2CPP/build/deploy_x86_64/Mono.Cecil.Rocks.dll
[2779/3420  0s] CopyFiles /Users/tuantu/Desktop/dev/AI/mobile/game_df/ios-build/Il2CppOutputProject/IL2CPP/build/deploy_x86_64/Mono.Cecil.Pdb.pdb
[2780/3420  0s] CopyFiles /Users/tuantu/Desktop/dev/AI/mobile/game_df/ios-build/Il2CppOutputProject/IL2CPP/build/deploy_x86_64/monolinkerold.pdb
[2781/3420  0s] CopyFiles /Users/tuantu/Desktop/dev/AI/mobile/game_df/ios-build/Il2CppOutputProject/IL2CPP/build/deploy_x86_64/Mono.Cecil.Mdb.dll
[2782/3420  0s] CopyFiles /Users/tuantu/Desktop/dev/AI/mobile/game_df/ios-build/Il2CppOutputProject/IL2CPP/build/deploy_x86_64/Mono.Cecil.Mdb.pdb
[2783/3420  0s] CopyFiles /Users/tuantu/Desktop/dev/AI/mobile/game_df/ios-build/Il2CppOutputProject/IL2CPP/build/deploy_x86_64/Newtonsoft.Json.dll
[2784/3420  0s] CopyFiles /Users/tuantu/Desktop/dev/AI/mobile/game_df/ios-build/Il2CppOutputProject/IL2CPP/build/deploy_x86_64/Microsoft.Win32.Primitives.dll
[2785/3420  0s] CopyFiles /Users/tuantu/Desktop/dev/AI/mobile/game_df/ios-build/Il2CppOutputProject/IL2CPP/build/deploy_x86_64/Mono.Cecil.Pdb.dll
[2786/3420  0s] CopyFiles /Users/tuantu/Desktop/dev/AI/mobile/game_df/ios-build/Il2CppOutputProject/IL2CPP/build/deploy_x86_64/Microsoft.VisualBasic.dll
[2787/3420  0s] CopyFiles /Users/tuantu/Desktop/dev/AI/mobile/game_df/ios-build/Il2CppOutputProject/IL2CPP/build/deploy_x86_64/Microsoft.Win32.Registry.dll
[2788/3420  0s] CopyFiles /Users/tuantu/Desktop/dev/AI/mobile/game_df/ios-build/Il2CppOutputProject/IL2CPP/build/deploy_x86_64/monolinkerold.dll
[2789/3420  0s] CopyFiles /Users/tuantu/Desktop/dev/AI/mobile/game_df/ios-build/Il2CppOutputProject/IL2CPP/build/deploy_x86_64/Mono.Cecil.pdb
[2790/3420  0s] CopyFiles /Users/tuantu/Desktop/dev/AI/mobile/game_df/ios-build/Il2CppOutputProject/IL2CPP/build/deploy_x86_64/libSystem.Security.Cryptography.Native.Apple.dylib
[2791/3420  0s] CopyFiles /Users/tuantu/Desktop/dev/AI/mobile/game_df/ios-build/Il2CppOutputProject/IL2CPP/build/deploy_x86_64/libSystem.Security.Cryptography.Native.OpenSsl.dylib
[2792/3420  0s] CopyFiles /Users/tuantu/Desktop/dev/AI/mobile/game_df/ios-build/Il2CppOutputProject/IL2CPP/build/deploy_x86_64/Microsoft.Bcl.HashCode.dll
[2793/3420  0s] CopyFiles /Users/tuantu/Desktop/dev/AI/mobile/game_df/ios-build/Il2CppOutputProject/IL2CPP/build/deploy_x86_64/libSystem.IO.Compression.Native.dylib
[2794/3420  0s] CopyFiles /Users/tuantu/Desktop/dev/AI/mobile/game_df/ios-build/Il2CppOutputProject/IL2CPP/build/deploy_x86_64/libSystem.Net.Security.Native.dylib
[2795/3420  0s] CopyFiles /Users/tuantu/Desktop/dev/AI/mobile/game_df/ios-build/Il2CppOutputProject/IL2CPP/build/deploy_x86_64/Mono.Cecil.dll
[2796/3420  0s] CopyFiles /Users/tuantu/Desktop/dev/AI/mobile/game_df/ios-build/Il2CppOutputProject/IL2CPP/build/deploy_x86_64/libSystem.Native.dylib
[2797/3420  0s] CopyFiles /Users/tuantu/Desktop/dev/AI/mobile/game_df/ios-build/Il2CppOutputProject/IL2CPP/build/deploy_x86_64/MemoryPack.Core.dll
[2798/3420  0s] CopyFiles /Users/tuantu/Desktop/dev/AI/mobile/game_df/ios-build/Il2CppOutputProject/IL2CPP/build/deploy_x86_64/libSystem.Globalization.Native.dylib
[2799/3420  0s] CopyFiles /Users/tuantu/Desktop/dev/AI/mobile/game_df/ios-build/Il2CppOutputProject/IL2CPP/build/deploy_x86_64/libmscordbi.dylib
[2800/3420  0s] CopyFiles /Users/tuantu/Desktop/dev/AI/mobile/game_df/ios-build/Il2CppOutputProject/IL2CPP/build/deploy_x86_64/libhostpolicy.dylib
[2801/3420  0s] CopyFiles /Users/tuantu/Desktop/dev/AI/mobile/game_df/ios-build/Il2CppOutputProject/IL2CPP/build/deploy_x86_64/libcoreclr.dylib
[2802/3420  0s] CopyFiles /Users/tuantu/Desktop/dev/AI/mobile/game_df/ios-build/Il2CppOutputProject/IL2CPP/build/deploy_x86_64/libmscordaccore.dylib
[2803/3420  0s] CopyFiles /Users/tuantu/Desktop/dev/AI/mobile/game_df/ios-build/Il2CppOutputProject/IL2CPP/build/deploy_x86_64/Microsoft.CSharp.dll
[2804/3420  0s] CopyFiles /Users/tuantu/Desktop/dev/AI/mobile/game_df/ios-build/Il2CppOutputProject/IL2CPP/build/deploy_x86_64/libhostfxr.dylib
[2805/3420  0s] CopyFiles /Users/tuantu/Desktop/dev/AI/mobile/game_df/ios-build/Il2CppOutputProject/IL2CPP/build/deploy_x86_64/Microsoft.VisualBasic.Core.dll
[2806/3420  0s] CopyFiles /Users/tuantu/Desktop/dev/AI/mobile/game_df/ios-build/Il2CppOutputProject/IL2CPP/build/deploy_x86_64/JetBrains.Profiler.Api.dll
[2807/3420  0s] CopyFiles /Users/tuantu/Desktop/dev/AI/mobile/game_df/ios-build/Il2CppOutputProject/IL2CPP/build/deploy_x86_64/libclrgcexp.dylib
[2808/3420  0s] CopyFiles /Users/tuantu/Desktop/dev/AI/mobile/game_df/ios-build/Il2CppOutputProject/IL2CPP/build/deploy_x86_64/libclrjit.dylib
[2809/3420  0s] CopyFiles /Users/tuantu/Desktop/dev/AI/mobile/game_df/ios-build/Il2CppOutputProject/IL2CPP/build/deploy_x86_64/libclrgc.dylib
[2810/3420  0s] CopyFiles /Users/tuantu/Desktop/dev/AI/mobile/game_df/ios-build/Il2CppOutputProject/IL2CPP/build/deploy_x86_64/il2cpp.pdb
[2811/3420  0s] CopyFiles /Users/tuantu/Desktop/dev/AI/mobile/game_df/ios-build/Il2CppOutputProject/IL2CPP/build/deploy_x86_64/il2cpp.runtimeconfig.json
[2812/3420  0s] CopyFiles /Users/tuantu/Desktop/dev/AI/mobile/game_df/ios-build/Il2CppOutputProject/IL2CPP/build/deploy_x86_64/il2cpp.dll.config
[2813/3420  0s] CopyFiles /Users/tuantu/Desktop/dev/AI/mobile/game_df/ios-build/Il2CppOutputProject/IL2CPP/build/deploy_x86_64/il2cpp-compile.dll
[2814/3420  0s] CopyFiles /Users/tuantu/Desktop/dev/AI/mobile/game_df/ios-build/Il2CppOutputProject/IL2CPP/build/deploy_x86_64/il2cpp-compile.pdb
[2815/3420  0s] CopyFiles /Users/tuantu/Desktop/dev/AI/mobile/game_df/ios-build/Il2CppOutputProject/IL2CPP/build/deploy_x86_64/il2cpp.dll
[2816/3420  0s] CopyFiles /Users/tuantu/Desktop/dev/AI/mobile/game_df/ios-build/Il2CppOutputProject/IL2CPP/build/deploy_x86_64/il2cpp-compile
[2817/3420  0s] CopyFiles /Users/tuantu/Desktop/dev/AI/mobile/game_df/ios-build/Il2CppOutputProject/IL2CPP/build/deploy_x86_64/il2cpp-compile.runtimeconfig.json
[2818/3420  0s] CopyFiles /Users/tuantu/Desktop/dev/AI/mobile/game_df/ios-build/Il2CppOutputProject/IL2CPP/build/deploy_x86_64/il2cpp
[2819/3420  0s] CopyFiles /Users/tuantu/Desktop/dev/AI/mobile/game_df/ios-build/Il2CppOutputProject/IL2CPP/build/deploy_x86_64/il2cpp.deps.json
[2820/3420  0s] CopyFiles /Users/tuantu/Desktop/dev/AI/mobile/game_df/ios-build/Il2CppOutputProject/IL2CPP/build/deploy_x86_64/illink.pdb
[2821/3420  0s] CopyFiles /Users/tuantu/Desktop/dev/AI/mobile/game_df/ios-build/Il2CppOutputProject/IL2CPP/build/deploy_x86_64/illink.dll
[2822/3420  0s] CopyFiles /Users/tuantu/Desktop/dev/AI/mobile/game_df/ios-build/Il2CppOutputProject/IL2CPP/build/deploy_x86_64/il2cpp-compile.deps.json
[2823/3420  0s] CopyFiles /Users/tuantu/Desktop/dev/AI/mobile/game_df/ios-build/Il2CppOutputProject/IL2CPP/build/deploy_x86_64/createdump
[2824/3420  0s] CopyFiles /Users/tuantu/Desktop/dev/AI/mobile/game_df/ios-build/Il2CppOutputProject/IL2CPP/build/deploy_x86_64/Bee.TundraBackend.pdb
[2825/3420  0s] CopyFiles /Users/tuantu/Desktop/dev/AI/mobile/game_df/ios-build/Il2CppOutputProject/IL2CPP/build/deploy_x86_64/bee_backend/mac-x64/bee_backend
[2826/3420  0s] CopyFiles /Users/tuantu/Desktop/dev/AI/mobile/game_df/ios-build/Il2CppOutputProject/IL2CPP/build/deploy_x86_64/Bee.TundraBackend.dll
[2827/3420  0s] CopyFiles /Users/tuantu/Desktop/dev/AI/mobile/game_df/ios-build/Il2CppOutputProject/IL2CPP/build/deploy_x86_64/Bee.VisualStudioSolution.dll
[2828/3420  0s] CopyFiles /Users/tuantu/Desktop/dev/AI/mobile/game_df/ios-build/Il2CppOutputProject/IL2CPP/build/deploy_x86_64/Bee.Tools.pdb
[2829/3420  0s] CopyFiles /Users/tuantu/Desktop/dev/AI/mobile/game_df/ios-build/Il2CppOutputProject/IL2CPP/build/deploy_x86_64/Bee.VisualStudioSolution.pdb
[2830/3420  0s] CopyFiles /Users/tuantu/Desktop/dev/AI/mobile/game_df/ios-build/Il2CppOutputProject/IL2CPP/build/deploy_x86_64/Bee.Toolchain.Windows.dll
[2831/3420  0s] CopyFiles /Users/tuantu/Desktop/dev/AI/mobile/game_df/ios-build/Il2CppOutputProject/IL2CPP/build/deploy_x86_64/Bee.Toolchain.VisionOS.pdb
[2832/3420  0s] CopyFiles /Users/tuantu/Desktop/dev/AI/mobile/game_df/ios-build/Il2CppOutputProject/IL2CPP/build/deploy_x86_64/Bee.Toolchain.Xcode.pdb
[2833/3420  0s] CopyFiles /Users/tuantu/Desktop/dev/AI/mobile/game_df/ios-build/Il2CppOutputProject/IL2CPP/build/deploy_x86_64/Bee.Toolchain.VisualStudio.pdb
[2834/3420  0s] CopyFiles /Users/tuantu/Desktop/dev/AI/mobile/game_df/ios-build/Il2CppOutputProject/IL2CPP/build/deploy_x86_64/Bee.Toolchain.VisionOS.dll
[2835/3420  0s] CopyFiles /Users/tuantu/Desktop/dev/AI/mobile/game_df/ios-build/Il2CppOutputProject/IL2CPP/build/deploy_x86_64/Bee.Toolchain.Windows.pdb
[2836/3420  0s] CopyFiles /Users/tuantu/Desktop/dev/AI/mobile/game_df/ios-build/Il2CppOutputProject/IL2CPP/build/deploy_x86_64/Bee.Toolchain.TvOS.pdb
[2837/3420  0s] CopyFiles /Users/tuantu/Desktop/dev/AI/mobile/game_df/ios-build/Il2CppOutputProject/IL2CPP/build/deploy_x86_64/Bee.Tools.dll
[2838/3420  0s] CopyFiles /Users/tuantu/Desktop/dev/AI/mobile/game_df/ios-build/Il2CppOutputProject/IL2CPP/build/deploy_x86_64/Bee.Toolchain.UWP.pdb
[2839/3420  0s] CopyFiles /Users/tuantu/Desktop/dev/AI/mobile/game_df/ios-build/Il2CppOutputProject/IL2CPP/build/deploy_x86_64/Bee.Toolchain.Xcode.dll
[2840/3420  0s] CopyFiles /Users/tuantu/Desktop/dev/AI/mobile/game_df/ios-build/Il2CppOutputProject/IL2CPP/build/deploy_x86_64/Bee.Toolchain.UWP.dll
[2841/3420  0s] CopyFiles /Users/tuantu/Desktop/dev/AI/mobile/game_df/ios-build/Il2CppOutputProject/IL2CPP/build/deploy_x86_64/Bee.Toolchain.VisualStudio.dll
[2842/3420  0s] CopyFiles /Users/tuantu/Desktop/dev/AI/mobile/game_df/ios-build/Il2CppOutputProject/IL2CPP/build/deploy_x86_64/Bee.Toolchain.TvOS.dll
[2843/3420  0s] CopyFiles /Users/tuantu/Desktop/dev/AI/mobile/game_df/ios-build/Il2CppOutputProject/IL2CPP/build/deploy_x86_64/Bee.Toolchain.MacOS.pdb
[2844/3420  0s] CopyFiles /Users/tuantu/Desktop/dev/AI/mobile/game_df/ios-build/Il2CppOutputProject/IL2CPP/build/deploy_x86_64/Bee.Toolchain.LLVM.pdb
[2845/3420  0s] CopyFiles /Users/tuantu/Desktop/dev/AI/mobile/game_df/ios-build/Il2CppOutputProject/IL2CPP/build/deploy_x86_64/Bee.Toolchain.MacOS.dll
[2846/3420  0s] CopyFiles /Users/tuantu/Desktop/dev/AI/mobile/game_df/ios-build/Il2CppOutputProject/IL2CPP/build/deploy_x86_64/Bee.Toolchain.Linux.pdb
[2847/3420  0s] CopyFiles /Users/tuantu/Desktop/dev/AI/mobile/game_df/ios-build/Il2CppOutputProject/IL2CPP/build/deploy_x86_64/Bee.Toolchain.IOS.pdb
[2848/3420  0s] CopyFiles /Users/tuantu/Desktop/dev/AI/mobile/game_df/ios-build/Il2CppOutputProject/IL2CPP/build/deploy_x86_64/Bee.Toolchain.LLVM.dll
[2849/3420  0s] CopyFiles /Users/tuantu/Desktop/dev/AI/mobile/game_df/ios-build/Il2CppOutputProject/IL2CPP/build/deploy_x86_64/Bee.Toolchain.Linux.dll
[2850/3420  0s] CopyFiles /Users/tuantu/Desktop/dev/AI/mobile/game_df/ios-build/Il2CppOutputProject/IL2CPP/build/deploy_x86_64/Bee.Toolchain.IOS.dll
[2851/3420  0s] CopyFiles /Users/tuantu/Desktop/dev/AI/mobile/game_df/ios-build/Il2CppOutputProject/IL2CPP/build/deploy_x86_64/Bee.Toolchain.GNU.pdb
[2852/3420  0s] CopyFiles /Users/tuantu/Desktop/dev/AI/mobile/game_df/ios-build/Il2CppOutputProject/IL2CPP/build/deploy_x86_64/Bee.Toolchain.Emscripten.pdb
[2853/3420  0s] CopyFiles /Users/tuantu/Desktop/dev/AI/mobile/game_df/ios-build/Il2CppOutputProject/IL2CPP/build/deploy_x86_64/Bee.TinyProfiler2.dll
[2854/3420  0s] CopyFiles /Users/tuantu/Desktop/dev/AI/mobile/game_df/ios-build/Il2CppOutputProject/IL2CPP/build/deploy_x86_64/Bee.TinyProfiler2.pdb
[2855/3420  0s] CopyFiles /Users/tuantu/Desktop/dev/AI/mobile/game_df/ios-build/Il2CppOutputProject/IL2CPP/build/deploy_x86_64/Bee.Telemetry.pdb
[2856/3420  0s] CopyFiles /Users/tuantu/Desktop/dev/AI/mobile/game_df/ios-build/Il2CppOutputProject/IL2CPP/build/deploy_x86_64/Bee.Telemetry.dll
[2857/3420  0s] CopyFiles /Users/tuantu/Desktop/dev/AI/mobile/game_df/ios-build/Il2CppOutputProject/IL2CPP/build/deploy_x86_64/Bee.Toolchain.EmbeddedLinux.pdb
[2858/3420  0s] CopyFiles /Users/tuantu/Desktop/dev/AI/mobile/game_df/ios-build/Il2CppOutputProject/IL2CPP/build/deploy_x86_64/Bee.Toolchain.GNU.dll
[2859/3420  0s] CopyFiles /Users/tuantu/Desktop/dev/AI/mobile/game_df/ios-build/Il2CppOutputProject/IL2CPP/build/deploy_x86_64/Bee.Toolchain.Android.pdb
[2860/3420  0s] CopyFiles /Users/tuantu/Desktop/dev/AI/mobile/game_df/ios-build/Il2CppOutputProject/IL2CPP/build/deploy_x86_64/Bee.Toolchain.EmbeddedLinux.dll
[2861/3420  0s] CopyFiles /Users/tuantu/Desktop/dev/AI/mobile/game_df/ios-build/Il2CppOutputProject/IL2CPP/build/deploy_x86_64/Bee.Toolchain.Emscripten.dll
[2862/3420  0s] CopyFiles /Users/tuantu/Desktop/dev/AI/mobile/game_df/ios-build/Il2CppOutputProject/IL2CPP/build/deploy_x86_64/Bee.Stevedore.Program.pdb
[2863/3420  0s] CopyFiles /Users/tuantu/Desktop/dev/AI/mobile/game_df/ios-build/Il2CppOutputProject/IL2CPP/build/deploy_x86_64/Bee.Toolchain.Android.dll
[2864/3420  0s] CopyFiles /Users/tuantu/Desktop/dev/AI/mobile/game_df/ios-build/Il2CppOutputProject/IL2CPP/build/deploy_x86_64/Bee.Stevedore.Program.dll
[2865/3420  0s] CopyFiles /Users/tuantu/Desktop/dev/AI/mobile/game_df/ios-build/Il2CppOutputProject/IL2CPP/build/deploy_x86_64/Bee.NativeProgramSupport.pdb
[2866/3420  0s] CopyFiles /Users/tuantu/Desktop/dev/AI/mobile/game_df/ios-build/Il2CppOutputProject/IL2CPP/build/deploy_x86_64/Bee.BinLog.pdb
[2867/3420  0s] CopyFiles /Users/tuantu/Desktop/dev/AI/mobile/game_df/ios-build/Il2CppOutputProject/IL2CPP/build/deploy_x86_64/Bee.BinLog.xml
[2868/3420  0s] CopyFiles /Users/tuantu/Desktop/dev/AI/mobile/game_df/ios-build/Il2CppOutputProject/IL2CPP/build/deploy_x86_64/Bee.BuildGraph.dll
[2869/3420  0s] CopyFiles /Users/tuantu/Desktop/dev/AI/mobile/game_df/ios-build/Il2CppOutputProject/IL2CPP/build/deploy_x86_64/Bee.BinLog.dll
[2870/3420  0s] CopyFiles /Users/tuantu/Desktop/dev/AI/mobile/game_df/ios-build/Il2CppOutputProject/IL2CPP/build/deploy_x86_64/Bee.BuildGraph.pdb
[2871/3420  0s] CopyFiles /Users/tuantu/Desktop/dev/AI/mobile/game_df/ios-build/Il2CppOutputProject/IL2CPP/build/deploy_x86_64/Bee.BeeDriver2.pdb
[2872/3420  0s] CopyFiles /Users/tuantu/Desktop/dev/AI/mobile/game_df/ios-build/Il2CppOutputProject/IL2CPP/build/deploy_x86_64/Bee.Core.pdb
[2873/3420  0s] CopyFiles /Users/tuantu/Desktop/dev/AI/mobile/game_df/ios-build/Il2CppOutputProject/IL2CPP/build/deploy_x86_64/Bee.NativeProgramSupport.dll
[2874/3420  0s] CopyFiles /Users/tuantu/Desktop/dev/AI/mobile/game_df/ios-build/Il2CppOutputProject/IL2CPP/build/deploy_x86_64/Bee.Core.dll
[2875/3420  0s] CopyFiles /Users/tuantu/Desktop/dev/AI/mobile/game_df/ios-build/Il2CppOutputProject/IL2CPP/build/deploy_x86_64/Analytics.pdb
[2876/3420  0s] CopyFiles /Users/tuantu/Desktop/dev/AI/mobile/game_df/ios-build/Il2CppOutputProject/IL2CPP/build/deploy_x86_64/Analytics.runtimeconfig.json
[2877/3420  0s] CopyFiles /Users/tuantu/Desktop/dev/AI/mobile/game_df/ios-build/Il2CppOutputProject/IL2CPP/build/deploy_x86_64/Bee.BeeDriver2.dll
[2878/3420  0s] CopyFiles /Users/tuantu/Desktop/dev/AI/mobile/game_df/ios-build/Il2CppOutputProject/IL2CPP/build/deploy_x86_64/Analytics.dll
[2879/3420  0s] CopyFiles /Users/tuantu/Desktop/dev/AI/mobile/game_df/ios-build/Il2CppOutputProject/IL2CPP/build/deploy_x86_64/Analytics.Api.Output.dll
[2880/3420  0s] CopyFiles /Users/tuantu/Desktop/dev/AI/mobile/game_df/ios-build/Il2CppOutputProject/IL2CPP/build/deploy_x86_64/Analytics.Api.Output.pdb
[2881/3420  0s] CopyFiles /Users/tuantu/Desktop/dev/AI/mobile/game_df/ios-build/Il2CppOutputProject/IL2CPP/build/deploy_x86_64/Analytics.Api.Output.xml
[2882/3420  0s] CopyFiles /Users/tuantu/Desktop/dev/AI/mobile/game_df/ios-build/Il2CppOutputProject/IL2CPP/build/deploy_arm64/UnityLinkerOld.runtimeconfig.json
[2883/3420  0s] CopyFiles /Users/tuantu/Desktop/dev/AI/mobile/game_df/ios-build/Il2CppOutputProject/IL2CPP/build/deploy_x86_64/Analytics.deps.json
[2884/3420  0s] CopyFiles /Users/tuantu/Desktop/dev/AI/mobile/game_df/ios-build/Il2CppOutputProject/IL2CPP/build/deploy_x86_64/Analytics
[2885/3420  0s] CopyFiles /Users/tuantu/Desktop/dev/AI/mobile/game_df/ios-build/Il2CppOutputProject/IL2CPP/build/deploy_arm64/WindowsBase.dll
[2886/3420  0s] CopyFiles /Users/tuantu/Desktop/dev/AI/mobile/game_df/ios-build/Il2CppOutputProject/IL2CPP/build/deploy_arm64/UnityLinkerOld.deps.json
[2887/3420  0s] CopyFiles /Users/tuantu/Desktop/dev/AI/mobile/game_df/ios-build/Il2CppOutputProject/IL2CPP/build/deploy_arm64/UnityLinkerOld
[2888/3420  0s] CopyFiles /Users/tuantu/Desktop/dev/AI/mobile/game_df/ios-build/Il2CppOutputProject/IL2CPP/build/deploy_arm64/UnityLinker
[2889/3420  0s] CopyFiles /Users/tuantu/Desktop/dev/AI/mobile/game_df/ios-build/Il2CppOutputProject/IL2CPP/build/deploy_arm64/UnityLinkerOld.pdb
[2890/3420  0s] CopyFiles /Users/tuantu/Desktop/dev/AI/mobile/game_df/ios-build/Il2CppOutputProject/IL2CPP/build/deploy_arm64/Unity.TinyProfiler.pdb
[2891/3420  0s] CopyFiles /Users/tuantu/Desktop/dev/AI/mobile/game_df/ios-build/Il2CppOutputProject/IL2CPP/build/deploy_arm64/UnityLinker.runtimeconfig.json
[2892/3420  0s] CopyFiles /Users/tuantu/Desktop/dev/AI/mobile/game_df/ios-build/Il2CppOutputProject/IL2CPP/build/deploy_arm64/UnityLinker.deps.json
[2893/3420  0s] CopyFiles /Users/tuantu/Desktop/dev/AI/mobile/game_df/ios-build/Il2CppOutputProject/IL2CPP/build/deploy_arm64/UnityLinkerOld.dll
[2894/3420  0s] CopyFiles /Users/tuantu/Desktop/dev/AI/mobile/game_df/ios-build/Il2CppOutputProject/IL2CPP/build/deploy_arm64/Unity.TinyProfiler.dll
[2895/3420  0s] CopyFiles /Users/tuantu/Desktop/dev/AI/mobile/game_df/ios-build/Il2CppOutputProject/IL2CPP/build/deploy_arm64/Unity.Linker.Api.pdb
[2896/3420  0s] CopyFiles /Users/tuantu/Desktop/dev/AI/mobile/game_df/ios-build/Il2CppOutputProject/IL2CPP/build/deploy_arm64/UnityLinker.pdb
[2897/3420  0s] CopyFiles /Users/tuantu/Desktop/dev/AI/mobile/game_df/ios-build/Il2CppOutputProject/IL2CPP/build/deploy_arm64/Unity.Options.pdb
[2898/3420  0s] CopyFiles /Users/tuantu/Desktop/dev/AI/mobile/game_df/ios-build/Il2CppOutputProject/IL2CPP/build/deploy_arm64/Unity.Linker.Api.Output.pdb
[2899/3420  0s] CopyFiles /Users/tuantu/Desktop/dev/AI/mobile/game_df/ios-build/Il2CppOutputProject/IL2CPP/build/deploy_arm64/Unity.Options.dll
[2900/3420  0s] CopyFiles /Users/tuantu/Desktop/dev/AI/mobile/game_df/ios-build/Il2CppOutputProject/IL2CPP/build/deploy_arm64/UnityLinker.dll
[2901/3420  0s] CopyFiles /Users/tuantu/Desktop/dev/AI/mobile/game_df/ios-build/Il2CppOutputProject/IL2CPP/build/deploy_arm64/Unity.IL2CPP.Shell.pdb
[2902/3420  0s] CopyFiles /Users/tuantu/Desktop/dev/AI/mobile/game_df/ios-build/Il2CppOutputProject/IL2CPP/build/deploy_arm64/Unity.IL2CPP.Shell.dll
[2903/3420  0s] CopyFiles /Users/tuantu/Desktop/dev/AI/mobile/game_df/ios-build/Il2CppOutputProject/IL2CPP/build/deploy_arm64/Unity.Linker.Api.Output.xml
[2904/3420  0s] CopyFiles /Users/tuantu/Desktop/dev/AI/mobile/game_df/ios-build/Il2CppOutputProject/IL2CPP/build/deploy_arm64/Unity.Linker.Api.Output.dll
[2905/3420  0s] CopyFiles /Users/tuantu/Desktop/dev/AI/mobile/game_df/ios-build/Il2CppOutputProject/IL2CPP/build/deploy_arm64/Unity.Linker.Api.dll
[2906/3420  0s] CopyFiles /Users/tuantu/Desktop/dev/AI/mobile/game_df/ios-build/Il2CppOutputProject/IL2CPP/build/deploy_arm64/Unity.IL2CPP.InternalizedMapping.pdb
[2907/3420  0s] CopyFiles /Users/tuantu/Desktop/dev/AI/mobile/game_df/ios-build/Il2CppOutputProject/IL2CPP/build/deploy_arm64/Unity.IL2CPP.CompilerServices.dll
[2908/3420  0s] CopyFiles /Users/tuantu/Desktop/dev/AI/mobile/game_df/ios-build/Il2CppOutputProject/IL2CPP/build/deploy_arm64/Unity.IL2CPP.InternalizedMapping.dll
[2909/3420  0s] CopyFiles /Users/tuantu/Desktop/dev/AI/mobile/game_df/ios-build/Il2CppOutputProject/IL2CPP/build/deploy_arm64/Unity.IL2CPP.CompilerServices.pdb
[2910/3420  0s] CopyFiles /Users/tuantu/Desktop/dev/AI/mobile/game_df/ios-build/Il2CppOutputProject/IL2CPP/build/deploy_arm64/Unity.IL2CPP.Compile.pdb
[2911/3420  0s] CopyFiles /Users/tuantu/Desktop/dev/AI/mobile/game_df/ios-build/Il2CppOutputProject/IL2CPP/build/deploy_arm64/Unity.IL2CPP.Compile.dll
[2912/3420  0s] CopyFiles /Users/tuantu/Desktop/dev/AI/mobile/game_df/ios-build/Il2CppOutputProject/IL2CPP/build/deploy_arm64/Unity.IL2CPP.Bee.IL2CPPExeCompileCppBuildProgram.pdb
[2913/3420  0s] CopyFiles /Users/tuantu/Desktop/dev/AI/mobile/game_df/ios-build/Il2CppOutputProject/IL2CPP/build/deploy_arm64/Unity.IL2CPP.Bee.IL2CPPExeCompileCppBuildProgram.Data.pdb
[2914/3420  0s] CopyFiles /Users/tuantu/Desktop/dev/AI/mobile/game_df/ios-build/Il2CppOutputProject/IL2CPP/build/deploy_arm64/Unity.IL2CPP.Common35.pdb
[2915/3420  0s] CopyFiles /Users/tuantu/Desktop/dev/AI/mobile/game_df/ios-build/Il2CppOutputProject/IL2CPP/build/deploy_arm64/Unity.IL2CPP.Bee.IL2CPPExeCompileCppBuildProgram.dll
[2916/3420  0s] CopyFiles /Users/tuantu/Desktop/dev/AI/mobile/game_df/ios-build/Il2CppOutputProject/IL2CPP/build/deploy_arm64/Unity.IL2CPP.DataModel.pdb
[2917/3420  0s] CopyFiles /Users/tuantu/Desktop/dev/AI/mobile/game_df/ios-build/Il2CppOutputProject/IL2CPP/build/deploy_arm64/Unity.IL2CPP.Common.pdb
[2918/3420  0s] CopyFiles /Users/tuantu/Desktop/dev/AI/mobile/game_df/ios-build/Il2CppOutputProject/IL2CPP/build/deploy_arm64/Unity.IL2CPP.DataModel.dll
[2919/3420  0s] CopyFiles /Users/tuantu/Desktop/dev/AI/mobile/game_df/ios-build/Il2CppOutputProject/IL2CPP/build/deploy_arm64/Unity.IL2CPP.Bee.IL2CPPExeCompileCppBuildProgram.Data.dll
[2920/3420  0s] CopyFiles /Users/tuantu/Desktop/dev/AI/mobile/game_df/ios-build/Il2CppOutputProject/IL2CPP/build/deploy_arm64/Unity.IL2CPP.Common.dll
[2921/3420  0s] CopyFiles /Users/tuantu/Desktop/dev/AI/mobile/game_df/ios-build/Il2CppOutputProject/IL2CPP/build/deploy_arm64/Unity.IL2CPP.pdb
[2922/3420  0s] CopyFiles /Users/tuantu/Desktop/dev/AI/mobile/game_df/ios-build/Il2CppOutputProject/IL2CPP/build/deploy_arm64/Unity.IL2CPP.Common35.dll
[2923/3420  0s] CopyFiles /Users/tuantu/Desktop/dev/AI/mobile/game_df/ios-build/Il2CppOutputProject/IL2CPP/build/deploy_arm64/Unity.IL2CPP.Bee.BuildLogic.WebGL.pdb
[2924/3420  0s] CopyFiles /Users/tuantu/Desktop/dev/AI/mobile/game_df/ios-build/Il2CppOutputProject/IL2CPP/build/deploy_arm64/Unity.IL2CPP.Bee.BuildLogic.WindowsDesktop.pdb
[2925/3420  0s] CopyFiles /Users/tuantu/Desktop/dev/AI/mobile/game_df/ios-build/Il2CppOutputProject/IL2CPP/build/deploy_arm64/Unity.IL2CPP.dll
[2926/3420  0s] CopyFiles /Users/tuantu/Desktop/dev/AI/mobile/game_df/ios-build/Il2CppOutputProject/IL2CPP/build/deploy_arm64/Unity.IL2CPP.Bee.BuildLogic.WebGL.dll
[2927/3420  0s] CopyFiles /Users/tuantu/Desktop/dev/AI/mobile/game_df/ios-build/Il2CppOutputProject/IL2CPP/build/deploy_arm64/Unity.IL2CPP.Bee.BuildLogic.WindowsDesktop.dll
[2928/3420  0s] CopyFiles /Users/tuantu/Desktop/dev/AI/mobile/game_df/ios-build/Il2CppOutputProject/IL2CPP/build/deploy_arm64/Unity.IL2CPP.Bee.BuildLogic.VisionOS.pdb
[2929/3420  0s] CopyFiles /Users/tuantu/Desktop/dev/AI/mobile/game_df/ios-build/Il2CppOutputProject/IL2CPP/build/deploy_arm64/Unity.IL2CPP.Bee.BuildLogic.VisionOS.dll
[2930/3420  0s] CopyFiles /Users/tuantu/Desktop/dev/AI/mobile/game_df/ios-build/Il2CppOutputProject/IL2CPP/build/deploy_arm64/Unity.IL2CPP.Bee.BuildLogic.MacOSX.pdb
[2931/3420  0s] CopyFiles /Users/tuantu/Desktop/dev/AI/mobile/game_df/ios-build/Il2CppOutputProject/IL2CPP/build/deploy_arm64/Unity.IL2CPP.Bee.BuildLogic.UniversalWindows.pdb
[2932/3420  0s] CopyFiles /Users/tuantu/Desktop/dev/AI/mobile/game_df/ios-build/Il2CppOutputProject/IL2CPP/build/deploy_arm64/Unity.IL2CPP.Bee.BuildLogic.pdb
[2933/3420  0s] CopyFiles /Users/tuantu/Desktop/dev/AI/mobile/game_df/ios-build/Il2CppOutputProject/IL2CPP/build/deploy_arm64/Unity.IL2CPP.Bee.BuildLogic.iOS.dll
[2934/3420  0s] CopyFiles /Users/tuantu/Desktop/dev/AI/mobile/game_df/ios-build/Il2CppOutputProject/IL2CPP/build/deploy_arm64/Unity.IL2CPP.Bee.BuildLogic.UniversalWindows.dll
[2935/3420  0s] CopyFiles /Users/tuantu/Desktop/dev/AI/mobile/game_df/ios-build/Il2CppOutputProject/IL2CPP/build/deploy_arm64/Unity.IL2CPP.Bee.BuildLogic.Linux.dll
[2936/3420  0s] CopyFiles /Users/tuantu/Desktop/dev/AI/mobile/game_df/ios-build/Il2CppOutputProject/IL2CPP/build/deploy_arm64/Unity.IL2CPP.Bee.BuildLogic.iOS.pdb
[2937/3420  0s] CopyFiles /Users/tuantu/Desktop/dev/AI/mobile/game_df/ios-build/Il2CppOutputProject/IL2CPP/build/deploy_arm64/Unity.IL2CPP.Bee.BuildLogic.MacOSX.dll
[2938/3420  0s] CopyFiles /Users/tuantu/Desktop/dev/AI/mobile/game_df/ios-build/Il2CppOutputProject/IL2CPP/build/deploy_arm64/Unity.IL2CPP.Bee.BuildLogic.Linux.pdb
[2939/3420  0s] CopyFiles /Users/tuantu/Desktop/dev/AI/mobile/game_df/ios-build/Il2CppOutputProject/IL2CPP/build/deploy_arm64/Unity.IL2CPP.Bee.BuildLogic.EmbeddedLinux.pdb
[2940/3420  0s] CopyFiles /Users/tuantu/Desktop/dev/AI/mobile/game_df/ios-build/Il2CppOutputProject/IL2CPP/build/deploy_arm64/Unity.IL2CPP.Bee.BuildLogic.EmbeddedLinux.dll
[2941/3420  0s] CopyFiles /Users/tuantu/Desktop/dev/AI/mobile/game_df/ios-build/Il2CppOutputProject/IL2CPP/build/deploy_arm64/Unity.IL2CPP.Api.Output.pdb
[2942/3420  0s] CopyFiles /Users/tuantu/Desktop/dev/AI/mobile/game_df/ios-build/Il2CppOutputProject/IL2CPP/build/deploy_arm64/Unity.IL2CPP.Bee.BuildLogic.AppleTV.pdb
[2943/3420  0s] CopyFiles /Users/tuantu/Desktop/dev/AI/mobile/game_df/ios-build/Il2CppOutputProject/IL2CPP/build/deploy_arm64/Unity.IL2CPP.Bee.BuildLogic.Android.pdb
[2944/3420  0s] CopyFiles /Users/tuantu/Desktop/dev/AI/mobile/game_df/ios-build/Il2CppOutputProject/IL2CPP/build/deploy_arm64/Unity.IL2CPP.Bee.BuildLogic.Android.dll
[2945/3420  0s] CopyFiles /Users/tuantu/Desktop/dev/AI/mobile/game_df/ios-build/Il2CppOutputProject/IL2CPP/build/deploy_arm64/Unity.IL2CPP.Bee.BuildLogic.AppleTV.dll
[2946/3420  0s] CopyFiles /Users/tuantu/Desktop/dev/AI/mobile/game_df/ios-build/Il2CppOutputProject/IL2CPP/build/deploy_arm64/Unity.IL2CPP.Api.Output.dll
[2947/3420  0s] CopyFiles /Users/tuantu/Desktop/dev/AI/mobile/game_df/ios-build/Il2CppOutputProject/IL2CPP/build/deploy_arm64/Unity.IL2CPP.Api.pdb
[2948/3420  0s] CopyFiles /Users/tuantu/Desktop/dev/AI/mobile/game_df/ios-build/Il2CppOutputProject/IL2CPP/build/deploy_arm64/Unity.IL2CPP.Bee.BuildLogic.dll
[2949/3420  0s] CopyFiles /Users/tuantu/Desktop/dev/AI/mobile/game_df/ios-build/Il2CppOutputProject/IL2CPP/build/deploy_arm64/Unity.IL2CPP.Api.Output.xml
[2950/3420  0s] CopyFiles /Users/tuantu/Desktop/dev/AI/mobile/game_df/ios-build/Il2CppOutputProject/IL2CPP/build/deploy_arm64/Unity.Cecil.Visitor.dll
[2951/3420  0s] CopyFiles /Users/tuantu/Desktop/dev/AI/mobile/game_df/ios-build/Il2CppOutputProject/IL2CPP/build/deploy_arm64/Unity.Api.Attributes.pdb
[2952/3420  0s] CopyFiles /Users/tuantu/Desktop/dev/AI/mobile/game_df/ios-build/Il2CppOutputProject/IL2CPP/build/deploy_arm64/Unity.IL2CPP.Api.dll
[2953/3420  0s] CopyFiles /Users/tuantu/Desktop/dev/AI/mobile/game_df/ios-build/Il2CppOutputProject/IL2CPP/build/deploy_arm64/Unity.Api.Attributes.dll
[2954/3420  0s] CopyFiles /Users/tuantu/Desktop/dev/AI/mobile/game_df/ios-build/Il2CppOutputProject/IL2CPP/build/deploy_arm64/Unity.Cecil.Visitor.pdb
[2955/3420  0s] CopyFiles /Users/tuantu/Desktop/dev/AI/mobile/game_df/ios-build/Il2CppOutputProject/IL2CPP/build/deploy_arm64/Unity.Cecil.Awesome.pdb
[2956/3420  0s] CopyFiles /Users/tuantu/Desktop/dev/AI/mobile/game_df/ios-build/Il2CppOutputProject/IL2CPP/build/deploy_arm64/Unity.Cecil.Awesome.dll
[2957/3420  0s] CopyFiles /Users/tuantu/Desktop/dev/AI/mobile/game_df/ios-build/Il2CppOutputProject/IL2CPP/build/deploy_arm64/System.Xml.XPath.XDocument.dll
[2958/3420  0s] CopyFiles /Users/tuantu/Desktop/dev/AI/mobile/game_df/ios-build/Il2CppOutputProject/IL2CPP/build/deploy_arm64/System.Xml.XPath.dll
[2959/3420  0s] CopyFiles /Users/tuantu/Desktop/dev/AI/mobile/game_df/ios-build/Il2CppOutputProject/IL2CPP/build/deploy_arm64/System.Xml.XmlSerializer.dll
[2960/3420  0s] CopyFiles /Users/tuantu/Desktop/dev/AI/mobile/game_df/ios-build/Il2CppOutputProject/IL2CPP/build/deploy_arm64/System.Xml.XmlDocument.dll
[2961/3420  0s] CopyFiles /Users/tuantu/Desktop/dev/AI/mobile/game_df/ios-build/Il2CppOutputProject/IL2CPP/build/deploy_arm64/System.Xml.ReaderWriter.dll
[2962/3420  0s] CopyFiles /Users/tuantu/Desktop/dev/AI/mobile/game_df/ios-build/Il2CppOutputProject/IL2CPP/build/deploy_arm64/System.Xml.Linq.dll
[2963/3420  0s] CopyFiles /Users/tuantu/Desktop/dev/AI/mobile/game_df/ios-build/Il2CppOutputProject/IL2CPP/build/deploy_arm64/System.Xml.Serialization.dll
[2964/3420  0s] CopyFiles /Users/tuantu/Desktop/dev/AI/mobile/game_df/ios-build/Il2CppOutputProject/IL2CPP/build/deploy_arm64/System.Xml.dll
[2965/3420  0s] CopyFiles /Users/tuantu/Desktop/dev/AI/mobile/game_df/ios-build/Il2CppOutputProject/IL2CPP/build/deploy_arm64/System.Xml.XDocument.dll
[2966/3420  0s] CopyFiles /Users/tuantu/Desktop/dev/AI/mobile/game_df/ios-build/Il2CppOutputProject/IL2CPP/build/deploy_arm64/System.Windows.dll
[2967/3420  0s] CopyFiles /Users/tuantu/Desktop/dev/AI/mobile/game_df/ios-build/Il2CppOutputProject/IL2CPP/build/deploy_arm64/System.Web.dll
[2968/3420  0s] CopyFiles /Users/tuantu/Desktop/dev/AI/mobile/game_df/ios-build/Il2CppOutputProject/IL2CPP/build/deploy_arm64/System.ValueTuple.dll
[2969/3420  0s] CopyFiles /Users/tuantu/Desktop/dev/AI/mobile/game_df/ios-build/Il2CppOutputProject/IL2CPP/build/deploy_arm64/System.Threading.Timer.dll
[2970/3420  0s] CopyFiles /Users/tuantu/Desktop/dev/AI/mobile/game_df/ios-build/Il2CppOutputProject/IL2CPP/build/deploy_arm64/System.Web.HttpUtility.dll
[2971/3420  0s] CopyFiles /Users/tuantu/Desktop/dev/AI/mobile/game_df/ios-build/Il2CppOutputProject/IL2CPP/build/deploy_arm64/System.Transactions.dll
[2972/3420  0s] CopyFiles /Users/tuantu/Desktop/dev/AI/mobile/game_df/ios-build/Il2CppOutputProject/IL2CPP/build/deploy_arm64/System.Threading.Thread.dll
[2973/3420  0s] CopyFiles /Users/tuantu/Desktop/dev/AI/mobile/game_df/ios-build/Il2CppOutputProject/IL2CPP/build/deploy_arm64/System.Threading.ThreadPool.dll
[2974/3420  0s] CopyFiles /Users/tuantu/Desktop/dev/AI/mobile/game_df/ios-build/Il2CppOutputProject/IL2CPP/build/deploy_arm64/System.Threading.Tasks.Parallel.dll
[2975/3420  0s] CopyFiles /Users/tuantu/Desktop/dev/AI/mobile/game_df/ios-build/Il2CppOutputProject/IL2CPP/build/deploy_arm64/System.Threading.Tasks.dll
[2976/3420  0s] CopyFiles /Users/tuantu/Desktop/dev/AI/mobile/game_df/ios-build/Il2CppOutputProject/IL2CPP/build/deploy_arm64/System.Threading.Tasks.Extensions.dll
[2977/3420  0s] CopyFiles /Users/tuantu/Desktop/dev/AI/mobile/game_df/ios-build/Il2CppOutputProject/IL2CPP/build/deploy_arm64/System.Threading.Overlapped.dll
[2978/3420  0s] CopyFiles /Users/tuantu/Desktop/dev/AI/mobile/game_df/ios-build/Il2CppOutputProject/IL2CPP/build/deploy_arm64/System.Text.Encoding.dll
[2979/3420  0s] CopyFiles /Users/tuantu/Desktop/dev/AI/mobile/game_df/ios-build/Il2CppOutputProject/IL2CPP/build/deploy_arm64/System.Transactions.Local.dll
[2980/3420  0s] CopyFiles /Users/tuantu/Desktop/dev/AI/mobile/game_df/ios-build/Il2CppOutputProject/IL2CPP/build/deploy_arm64/System.Threading.dll
[2981/3420  0s] CopyFiles /Users/tuantu/Desktop/dev/AI/mobile/game_df/ios-build/Il2CppOutputProject/IL2CPP/build/deploy_arm64/System.Text.Encoding.Extensions.dll
[2982/3420  0s] CopyFiles /Users/tuantu/Desktop/dev/AI/mobile/game_df/ios-build/Il2CppOutputProject/IL2CPP/build/deploy_arm64/System.Security.SecureString.dll
[2983/3420  0s] CopyFiles /Users/tuantu/Desktop/dev/AI/mobile/game_df/ios-build/Il2CppOutputProject/IL2CPP/build/deploy_arm64/System.ServiceModel.Web.dll
[2984/3420  0s] CopyFiles /Users/tuantu/Desktop/dev/AI/mobile/game_df/ios-build/Il2CppOutputProject/IL2CPP/build/deploy_arm64/System.Threading.Tasks.Dataflow.dll
[2985/3420  0s] CopyFiles /Users/tuantu/Desktop/dev/AI/mobile/game_df/ios-build/Il2CppOutputProject/IL2CPP/build/deploy_arm64/System.Threading.Channels.dll
[2986/3420  0s] CopyFiles /Users/tuantu/Desktop/dev/AI/mobile/game_df/ios-build/Il2CppOutputProject/IL2CPP/build/deploy_arm64/System.ServiceProcess.dll
[2987/3420  0s] CopyFiles /Users/tuantu/Desktop/dev/AI/mobile/game_df/ios-build/Il2CppOutputProject/IL2CPP/build/deploy_arm64/System.Security.Principal.dll
[2988/3420  0s] CopyFiles /Users/tuantu/Desktop/dev/AI/mobile/game_df/ios-build/Il2CppOutputProject/IL2CPP/build/deploy_arm64/System.Security.Principal.Windows.dll
[2989/3420  0s] CopyFiles /Users/tuantu/Desktop/dev/AI/mobile/game_df/ios-build/Il2CppOutputProject/IL2CPP/build/deploy_arm64/System.Text.Encodings.Web.dll
[2990/3420  0s] CopyFiles /Users/tuantu/Desktop/dev/AI/mobile/game_df/ios-build/Il2CppOutputProject/IL2CPP/build/deploy_arm64/System.Security.Cryptography.OpenSsl.dll
[2991/3420  0s] CopyFiles /Users/tuantu/Desktop/dev/AI/mobile/game_df/ios-build/Il2CppOutputProject/IL2CPP/build/deploy_arm64/System.Security.Cryptography.Encoding.dll
[2992/3420  0s] CopyFiles /Users/tuantu/Desktop/dev/AI/mobile/game_df/ios-build/Il2CppOutputProject/IL2CPP/build/deploy_arm64/System.Security.Cryptography.Primitives.dll
[2993/3420  0s] CopyFiles /Users/tuantu/Desktop/dev/AI/mobile/game_df/ios-build/Il2CppOutputProject/IL2CPP/build/deploy_arm64/System.Security.dll
[2994/3420  0s] CopyFiles /Users/tuantu/Desktop/dev/AI/mobile/game_df/ios-build/Il2CppOutputProject/IL2CPP/build/deploy_arm64/System.Security.Cryptography.Csp.dll
[2995/3420  0s] CopyFiles /Users/tuantu/Desktop/dev/AI/mobile/game_df/ios-build/Il2CppOutputProject/IL2CPP/build/deploy_arm64/System.Security.Cryptography.X509Certificates.dll
[2996/3420  0s] CopyFiles /Users/tuantu/Desktop/dev/AI/mobile/game_df/ios-build/Il2CppOutputProject/IL2CPP/build/deploy_arm64/System.Security.Cryptography.Cng.dll
[2997/3420  0s] CopyFiles /Users/tuantu/Desktop/dev/AI/mobile/game_df/ios-build/Il2CppOutputProject/IL2CPP/build/deploy_arm64/System.Text.Encoding.CodePages.dll
[2998/3420  0s] CopyFiles /Users/tuantu/Desktop/dev/AI/mobile/game_df/ios-build/Il2CppOutputProject/IL2CPP/build/deploy_arm64/System.Text.Json.dll
[2999/3420  0s] CopyFiles /Users/tuantu/Desktop/dev/AI/mobile/game_df/ios-build/Il2CppOutputProject/IL2CPP/build/deploy_arm64/System.Security.Cryptography.Algorithms.dll
[3000/3420  0s] CopyFiles /Users/tuantu/Desktop/dev/AI/mobile/game_df/ios-build/Il2CppOutputProject/IL2CPP/build/deploy_arm64/System.Runtime.Serialization.Xml.dll
[3001/3420  0s] CopyFiles /Users/tuantu/Desktop/dev/AI/mobile/game_df/ios-build/Il2CppOutputProject/IL2CPP/build/deploy_arm64/System.Runtime.Serialization.Json.dll
[3002/3420  0s] CopyFiles /Users/tuantu/Desktop/dev/AI/mobile/game_df/ios-build/Il2CppOutputProject/IL2CPP/build/deploy_arm64/System.Security.AccessControl.dll
[3003/3420  0s] CopyFiles /Users/tuantu/Desktop/dev/AI/mobile/game_df/ios-build/Il2CppOutputProject/IL2CPP/build/deploy_arm64/System.Runtime.Serialization.Primitives.dll
[3004/3420  0s] CopyFiles /Users/tuantu/Desktop/dev/AI/mobile/game_df/ios-build/Il2CppOutputProject/IL2CPP/build/deploy_arm64/System.Runtime.Serialization.dll
[3005/3420  0s] CopyFiles /Users/tuantu/Desktop/dev/AI/mobile/game_df/ios-build/Il2CppOutputProject/IL2CPP/build/deploy_arm64/System.Security.Claims.dll
[3006/3420  0s] CopyFiles /Users/tuantu/Desktop/dev/AI/mobile/game_df/ios-build/Il2CppOutputProject/IL2CPP/build/deploy_arm64/System.Text.RegularExpressions.dll
[3007/3420  0s] CopyFiles /Users/tuantu/Desktop/dev/AI/mobile/game_df/ios-build/Il2CppOutputProject/IL2CPP/build/deploy_arm64/System.Runtime.Serialization.Formatters.dll
[3008/3420  0s] CopyFiles /Users/tuantu/Desktop/dev/AI/mobile/game_df/ios-build/Il2CppOutputProject/IL2CPP/build/deploy_arm64/System.Runtime.InteropServices.RuntimeInformation.dll
[3009/3420  0s] CopyFiles /Users/tuantu/Desktop/dev/AI/mobile/game_df/ios-build/Il2CppOutputProject/IL2CPP/build/deploy_arm64/System.Runtime.Intrinsics.dll
[3010/3420  0s] CopyFiles /Users/tuantu/Desktop/dev/AI/mobile/game_df/ios-build/Il2CppOutputProject/IL2CPP/build/deploy_arm64/System.Runtime.Loader.dll
[3011/3420  0s] CopyFiles /Users/tuantu/Desktop/dev/AI/mobile/game_df/ios-build/Il2CppOutputProject/IL2CPP/build/deploy_arm64/System.Runtime.Handles.dll
[3012/3420  0s] CopyFiles /Users/tuantu/Desktop/dev/AI/mobile/game_df/ios-build/Il2CppOutputProject/IL2CPP/build/deploy_arm64/System.Runtime.Extensions.dll
[3013/3420  0s] CopyFiles /Users/tuantu/Desktop/dev/AI/mobile/game_df/ios-build/Il2CppOutputProject/IL2CPP/build/deploy_arm64/System.Runtime.InteropServices.JavaScript.dll
[3014/3420  0s] CopyFiles /Users/tuantu/Desktop/dev/AI/mobile/game_df/ios-build/Il2CppOutputProject/IL2CPP/build/deploy_arm64/System.Resources.ResourceManager.dll
[3015/3420  0s] CopyFiles /Users/tuantu/Desktop/dev/AI/mobile/game_df/ios-build/Il2CppOutputProject/IL2CPP/build/deploy_arm64/System.Runtime.CompilerServices.Unsafe.dll
[3016/3420  0s] CopyFiles /Users/tuantu/Desktop/dev/AI/mobile/game_df/ios-build/Il2CppOutputProject/IL2CPP/build/deploy_arm64/System.Resources.Reader.dll
[3017/3420  0s] CopyFiles /Users/tuantu/Desktop/dev/AI/mobile/game_df/ios-build/Il2CppOutputProject/IL2CPP/build/deploy_arm64/System.Runtime.CompilerServices.VisualC.dll
[3018/3420  0s] CopyFiles /Users/tuantu/Desktop/dev/AI/mobile/game_df/ios-build/Il2CppOutputProject/IL2CPP/build/deploy_arm64/System.Runtime.Numerics.dll
[3019/3420  0s] CopyFiles /Users/tuantu/Desktop/dev/AI/mobile/game_df/ios-build/Il2CppOutputProject/IL2CPP/build/deploy_arm64/System.Runtime.InteropServices.dll
[3020/3420  0s] CopyFiles /Users/tuantu/Desktop/dev/AI/mobile/game_df/ios-build/Il2CppOutputProject/IL2CPP/build/deploy_arm64/System.Reflection.Extensions.dll
[3021/3420  0s] CopyFiles /Users/tuantu/Desktop/dev/AI/mobile/game_df/ios-build/Il2CppOutputProject/IL2CPP/build/deploy_arm64/System.Runtime.dll
[3022/3420  0s] CopyFiles /Users/tuantu/Desktop/dev/AI/mobile/game_df/ios-build/Il2CppOutputProject/IL2CPP/build/deploy_arm64/System.Resources.Writer.dll
[3023/3420  0s] CopyFiles /Users/tuantu/Desktop/dev/AI/mobile/game_df/ios-build/Il2CppOutputProject/IL2CPP/build/deploy_arm64/System.Reflection.Emit.Lightweight.dll
[3024/3420  0s] CopyFiles /Users/tuantu/Desktop/dev/AI/mobile/game_df/ios-build/Il2CppOutputProject/IL2CPP/build/deploy_arm64/System.Reflection.Primitives.dll
[3025/3420  0s] CopyFiles /Users/tuantu/Desktop/dev/AI/mobile/game_df/ios-build/Il2CppOutputProject/IL2CPP/build/deploy_arm64/System.Reflection.TypeExtensions.dll
[3026/3420  0s] CopyFiles /Users/tuantu/Desktop/dev/AI/mobile/game_df/ios-build/Il2CppOutputProject/IL2CPP/build/deploy_arm64/System.Security.Cryptography.dll
[3027/3420  0s] CopyFiles /Users/tuantu/Desktop/dev/AI/mobile/game_df/ios-build/Il2CppOutputProject/IL2CPP/build/deploy_arm64/System.Reflection.Emit.ILGeneration.dll
[3028/3420  0s] CopyFiles /Users/tuantu/Desktop/dev/AI/mobile/game_df/ios-build/Il2CppOutputProject/IL2CPP/build/deploy_arm64/System.Reflection.dll
[3029/3420  0s] CopyFiles /Users/tuantu/Desktop/dev/AI/mobile/game_df/ios-build/Il2CppOutputProject/IL2CPP/build/deploy_arm64/System.Numerics.Vectors.dll
[3030/3420  0s] CopyFiles /Users/tuantu/Desktop/dev/AI/mobile/game_df/ios-build/Il2CppOutputProject/IL2CPP/build/deploy_arm64/System.Reflection.DispatchProxy.dll
[3031/3420  0s] CopyFiles /Users/tuantu/Desktop/dev/AI/mobile/game_df/ios-build/Il2CppOutputProject/IL2CPP/build/deploy_arm64/System.Numerics.dll
[3032/3420  0s] CopyFiles /Users/tuantu/Desktop/dev/AI/mobile/game_df/ios-build/Il2CppOutputProject/IL2CPP/build/deploy_arm64/System.Private.Uri.dll
[3033/3420  0s] CopyFiles /Users/tuantu/Desktop/dev/AI/mobile/game_df/ios-build/Il2CppOutputProject/IL2CPP/build/deploy_arm64/System.Reflection.Emit.dll
[3034/3420  0s] CopyFiles /Users/tuantu/Desktop/dev/AI/mobile/game_df/ios-build/Il2CppOutputProject/IL2CPP/build/deploy_arm64/System.ObjectModel.dll
[3035/3420  0s] CopyFiles /Users/tuantu/Desktop/dev/AI/mobile/game_df/ios-build/Il2CppOutputProject/IL2CPP/build/deploy_arm64/System.Reflection.Metadata.dll
[3036/3420  0s] CopyFiles /Users/tuantu/Desktop/dev/AI/mobile/game_df/ios-build/Il2CppOutputProject/IL2CPP/build/deploy_arm64/System.Net.WebProxy.dll
[3037/3420  0s] CopyFiles /Users/tuantu/Desktop/dev/AI/mobile/game_df/ios-build/Il2CppOutputProject/IL2CPP/build/deploy_arm64/System.Private.Xml.Linq.dll
[3038/3420  0s] CopyFiles /Users/tuantu/Desktop/dev/AI/mobile/game_df/ios-build/Il2CppOutputProject/IL2CPP/build/deploy_arm64/System.Net.WebSockets.Client.dll
[3039/3420  0s] CopyFiles /Users/tuantu/Desktop/dev/AI/mobile/game_df/ios-build/Il2CppOutputProject/IL2CPP/build/deploy_arm64/System.Net.WebSockets.dll
[3040/3420  0s] CopyFiles /Users/tuantu/Desktop/dev/AI/mobile/game_df/ios-build/Il2CppOutputProject/IL2CPP/build/deploy_arm64/System.Net.ServicePoint.dll
[3041/3420  0s] CopyFiles /Users/tuantu/Desktop/dev/AI/mobile/game_df/ios-build/Il2CppOutputProject/IL2CPP/build/deploy_arm64/System.Private.DataContractSerialization.dll
[3042/3420  0s] CopyFiles /Users/tuantu/Desktop/dev/AI/mobile/game_df/ios-build/Il2CppOutputProject/IL2CPP/build/deploy_arm64/System.Net.WebHeaderCollection.dll
[3043/3420  0s] CopyFiles /Users/tuantu/Desktop/dev/AI/mobile/game_df/ios-build/Il2CppOutputProject/IL2CPP/build/deploy_arm64/System.Net.WebClient.dll
[3044/3420  0s] CopyFiles /Users/tuantu/Desktop/dev/AI/mobile/game_df/ios-build/Il2CppOutputProject/IL2CPP/build/deploy_arm64/System.Net.Sockets.dll
[3045/3420  0s] CopyFiles /Users/tuantu/Desktop/dev/AI/mobile/game_df/ios-build/Il2CppOutputProject/IL2CPP/build/deploy_arm64/System.Net.Ping.dll
[3046/3420  0s] CopyFiles /Users/tuantu/Desktop/dev/AI/mobile/game_df/ios-build/Il2CppOutputProject/IL2CPP/build/deploy_arm64/System.Net.NameResolution.dll
[3047/3420  0s] CopyFiles /Users/tuantu/Desktop/dev/AI/mobile/game_df/ios-build/Il2CppOutputProject/IL2CPP/build/deploy_arm64/System.Net.Quic.dll
[3048/3420  0s] CopyFiles /Users/tuantu/Desktop/dev/AI/mobile/game_df/ios-build/Il2CppOutputProject/IL2CPP/build/deploy_arm64/System.Net.Primitives.dll
[3049/3420  0s] CopyFiles /Users/tuantu/Desktop/dev/AI/mobile/game_df/ios-build/Il2CppOutputProject/IL2CPP/build/deploy_arm64/System.Private.Xml.dll
[3050/3420  0s] CopyFiles /Users/tuantu/Desktop/dev/AI/mobile/game_df/ios-build/Il2CppOutputProject/IL2CPP/build/deploy_arm64/System.Net.NetworkInformation.dll
[3051/3420  0s] CopyFiles /Users/tuantu/Desktop/dev/AI/mobile/game_df/ios-build/Il2CppOutputProject/IL2CPP/build/deploy_arm64/System.Net.Requests.dll
[3052/3420  0s] CopyFiles /Users/tuantu/Desktop/dev/AI/mobile/game_df/ios-build/Il2CppOutputProject/IL2CPP/build/deploy_arm64/System.Net.Security.dll
[3053/3420  0s] CopyFiles /Users/tuantu/Desktop/dev/AI/mobile/game_df/ios-build/Il2CppOutputProject/IL2CPP/build/deploy_arm64/System.Net.dll
[3054/3420  0s] CopyFiles /Users/tuantu/Desktop/dev/AI/mobile/game_df/ios-build/Il2CppOutputProject/IL2CPP/build/deploy_arm64/System.Net.Http.Json.dll
[3055/3420  0s] CopyFiles /Users/tuantu/Desktop/dev/AI/mobile/game_df/ios-build/Il2CppOutputProject/IL2CPP/build/deploy_arm64/System.Memory.dll
[3056/3420  0s] CopyFiles /Users/tuantu/Desktop/dev/AI/mobile/game_df/ios-build/Il2CppOutputProject/IL2CPP/build/deploy_arm64/System.Private.CoreLib.dll
[3057/3420  0s] CopyFiles /Users/tuantu/Desktop/dev/AI/mobile/game_df/ios-build/Il2CppOutputProject/IL2CPP/build/deploy_arm64/System.IO.UnmanagedMemoryStream.dll
[3058/3420  0s] CopyFiles /Users/tuantu/Desktop/dev/AI/mobile/game_df/ios-build/Il2CppOutputProject/IL2CPP/build/deploy_arm64/System.Net.Mail.dll
[3059/3420  0s] CopyFiles /Users/tuantu/Desktop/dev/AI/mobile/game_df/ios-build/Il2CppOutputProject/IL2CPP/build/deploy_arm64/System.Net.HttpListener.dll
[3060/3420  0s] CopyFiles /Users/tuantu/Desktop/dev/AI/mobile/game_df/ios-build/Il2CppOutputProject/IL2CPP/build/deploy_arm64/System.IO.Pipes.AccessControl.dll
[3061/3420  0s] CopyFiles /Users/tuantu/Desktop/dev/AI/mobile/game_df/ios-build/Il2CppOutputProject/IL2CPP/build/deploy_arm64/System.Linq.Queryable.dll
[3062/3420  0s] CopyFiles /Users/tuantu/Desktop/dev/AI/mobile/game_df/ios-build/Il2CppOutputProject/IL2CPP/build/deploy_arm64/System.IO.Pipes.dll
[3063/3420  0s] CopyFiles /Users/tuantu/Desktop/dev/AI/mobile/game_df/ios-build/Il2CppOutputProject/IL2CPP/build/deploy_arm64/System.IO.MemoryMappedFiles.dll
[3064/3420  0s] CopyFiles /Users/tuantu/Desktop/dev/AI/mobile/game_df/ios-build/Il2CppOutputProject/IL2CPP/build/deploy_arm64/System.IO.FileSystem.Primitives.dll
[3065/3420  0s] CopyFiles /Users/tuantu/Desktop/dev/AI/mobile/game_df/ios-build/Il2CppOutputProject/IL2CPP/build/deploy_arm64/System.IO.IsolatedStorage.dll
[3066/3420  0s] CopyFiles /Users/tuantu/Desktop/dev/AI/mobile/game_df/ios-build/Il2CppOutputProject/IL2CPP/build/deploy_arm64/System.Net.Http.dll
[3067/3420  0s] CopyFiles /Users/tuantu/Desktop/dev/AI/mobile/game_df/ios-build/Il2CppOutputProject/IL2CPP/build/deploy_arm64/System.Linq.Parallel.dll
[3068/3420  0s] CopyFiles /Users/tuantu/Desktop/dev/AI/mobile/game_df/ios-build/Il2CppOutputProject/IL2CPP/build/deploy_arm64/System.IO.Pipelines.dll
[3069/3420  0s] CopyFiles /Users/tuantu/Desktop/dev/AI/mobile/game_df/ios-build/Il2CppOutputProject/IL2CPP/build/deploy_arm64/System.IO.FileSystem.Watcher.dll
[3070/3420  0s] CopyFiles /Users/tuantu/Desktop/dev/AI/mobile/game_df/ios-build/Il2CppOutputProject/IL2CPP/build/deploy_arm64/System.IO.FileSystem.dll
[3071/3420  0s] CopyFiles /Users/tuantu/Desktop/dev/AI/mobile/game_df/ios-build/Il2CppOutputProject/IL2CPP/build/deploy_arm64/System.IO.dll
[3072/3420  0s] CopyFiles /Users/tuantu/Desktop/dev/AI/mobile/game_df/ios-build/Il2CppOutputProject/IL2CPP/build/deploy_arm64/System.Linq.dll
[3073/3420  0s] CopyFiles /Users/tuantu/Desktop/dev/AI/mobile/game_df/ios-build/Il2CppOutputProject/IL2CPP/build/deploy_arm64/System.IO.Compression.FileSystem.dll
[3074/3420  0s] CopyFiles /Users/tuantu/Desktop/dev/AI/mobile/game_df/ios-build/Il2CppOutputProject/IL2CPP/build/deploy_arm64/System.Globalization.dll
[3075/3420  0s] CopyFiles /Users/tuantu/Desktop/dev/AI/mobile/game_df/ios-build/Il2CppOutputProject/IL2CPP/build/deploy_arm64/System.Globalization.Extensions.dll
[3076/3420  0s] CopyFiles /Users/tuantu/Desktop/dev/AI/mobile/game_df/ios-build/Il2CppOutputProject/IL2CPP/build/deploy_arm64/System.Globalization.Calendars.dll
[3077/3420  0s] CopyFiles /Users/tuantu/Desktop/dev/AI/mobile/game_df/ios-build/Il2CppOutputProject/IL2CPP/build/deploy_arm64/System.IO.FileSystem.DriveInfo.dll
[3078/3420  0s] CopyFiles /Users/tuantu/Desktop/dev/AI/mobile/game_df/ios-build/Il2CppOutputProject/IL2CPP/build/deploy_arm64/System.IO.FileSystem.AccessControl.dll
[3079/3420  0s] CopyFiles /Users/tuantu/Desktop/dev/AI/mobile/game_df/ios-build/Il2CppOutputProject/IL2CPP/build/deploy_arm64/System.Dynamic.Runtime.dll
[3080/3420  0s] CopyFiles /Users/tuantu/Desktop/dev/AI/mobile/game_df/ios-build/Il2CppOutputProject/IL2CPP/build/deploy_arm64/System.IO.Compression.Brotli.dll
[3081/3420  0s] CopyFiles /Users/tuantu/Desktop/dev/AI/mobile/game_df/ios-build/Il2CppOutputProject/IL2CPP/build/deploy_arm64/System.Linq.Expressions.dll
[3082/3420  0s] CopyFiles /Users/tuantu/Desktop/dev/AI/mobile/game_df/ios-build/Il2CppOutputProject/IL2CPP/build/deploy_arm64/System.IO.Compression.ZipFile.dll
[3083/3420  0s] CopyFiles /Users/tuantu/Desktop/dev/AI/mobile/game_df/ios-build/Il2CppOutputProject/IL2CPP/build/deploy_arm64/System.Drawing.dll
[3084/3420  0s] CopyFiles /Users/tuantu/Desktop/dev/AI/mobile/game_df/ios-build/Il2CppOutputProject/IL2CPP/build/deploy_arm64/System.dll
[3085/3420  0s] CopyFiles /Users/tuantu/Desktop/dev/AI/mobile/game_df/ios-build/Il2CppOutputProject/IL2CPP/build/deploy_arm64/System.Diagnostics.Tracing.dll
[3086/3420  0s] CopyFiles /Users/tuantu/Desktop/dev/AI/mobile/game_df/ios-build/Il2CppOutputProject/IL2CPP/build/deploy_arm64/System.Diagnostics.Tools.dll
[3087/3420  0s] CopyFiles /Users/tuantu/Desktop/dev/AI/mobile/game_df/ios-build/Il2CppOutputProject/IL2CPP/build/deploy_arm64/System.IO.Compression.dll
[3088/3420  0s] CopyFiles /Users/tuantu/Desktop/dev/AI/mobile/game_df/ios-build/Il2CppOutputProject/IL2CPP/build/deploy_arm64/System.Drawing.Primitives.dll
[3089/3420  0s] CopyFiles /Users/tuantu/Desktop/dev/AI/mobile/game_df/ios-build/Il2CppOutputProject/IL2CPP/build/deploy_arm64/System.Formats.Asn1.dll
[3090/3420  0s] CopyFiles /Users/tuantu/Desktop/dev/AI/mobile/game_df/ios-build/Il2CppOutputProject/IL2CPP/build/deploy_arm64/System.Diagnostics.FileVersionInfo.dll
[3091/3420  0s] CopyFiles /Users/tuantu/Desktop/dev/AI/mobile/game_df/ios-build/Il2CppOutputProject/IL2CPP/build/deploy_arm64/System.Diagnostics.Contracts.dll
[3092/3420  0s] CopyFiles /Users/tuantu/Desktop/dev/AI/mobile/game_df/ios-build/Il2CppOutputProject/IL2CPP/build/deploy_arm64/System.Formats.Tar.dll
[3093/3420  0s] CopyFiles /Users/tuantu/Desktop/dev/AI/mobile/game_df/ios-build/Il2CppOutputProject/IL2CPP/build/deploy_arm64/System.Diagnostics.TextWriterTraceListener.dll
[3094/3420  0s] CopyFiles /Users/tuantu/Desktop/dev/AI/mobile/game_df/ios-build/Il2CppOutputProject/IL2CPP/build/deploy_arm64/System.Diagnostics.Debug.dll
[3095/3420  0s] CopyFiles /Users/tuantu/Desktop/dev/AI/mobile/game_df/ios-build/Il2CppOutputProject/IL2CPP/build/deploy_arm64/System.Diagnostics.StackTrace.dll
[3096/3420  0s] CopyFiles /Users/tuantu/Desktop/dev/AI/mobile/game_df/ios-build/Il2CppOutputProject/IL2CPP/build/deploy_arm64/System.Diagnostics.TraceSource.dll
[3097/3420  0s] CopyFiles /Users/tuantu/Desktop/dev/AI/mobile/game_df/ios-build/Il2CppOutputProject/IL2CPP/build/deploy_arm64/System.Data.dll
[3098/3420  0s] CopyFiles /Users/tuantu/Desktop/dev/AI/mobile/game_df/ios-build/Il2CppOutputProject/IL2CPP/build/deploy_arm64/System.Data.DataSetExtensions.dll
[3099/3420  0s] CopyFiles /Users/tuantu/Desktop/dev/AI/mobile/game_df/ios-build/Il2CppOutputProject/IL2CPP/build/deploy_arm64/System.Diagnostics.Process.dll
[3100/3420  0s] CopyFiles /Users/tuantu/Desktop/dev/AI/mobile/game_df/ios-build/Il2CppOutputProject/IL2CPP/build/deploy_arm64/System.ComponentModel.Primitives.dll
[3101/3420  0s] CopyFiles /Users/tuantu/Desktop/dev/AI/mobile/game_df/ios-build/Il2CppOutputProject/IL2CPP/build/deploy_arm64/System.Core.dll
[3102/3420  0s] CopyFiles /Users/tuantu/Desktop/dev/AI/mobile/game_df/ios-build/Il2CppOutputProject/IL2CPP/build/deploy_arm64/System.Diagnostics.DiagnosticSource.dll
[3103/3420  0s] CopyFiles /Users/tuantu/Desktop/dev/AI/mobile/game_df/ios-build/Il2CppOutputProject/IL2CPP/build/deploy_arm64/System.Configuration.dll
[3104/3420  0s] CopyFiles /Users/tuantu/Desktop/dev/AI/mobile/game_df/ios-build/Il2CppOutputProject/IL2CPP/build/deploy_arm64/System.ComponentModel.dll
[3105/3420  0s] CopyFiles /Users/tuantu/Desktop/dev/AI/mobile/game_df/ios-build/Il2CppOutputProject/IL2CPP/build/deploy_arm64/System.ComponentModel.DataAnnotations.dll
[3106/3420  0s] CopyFiles /Users/tuantu/Desktop/dev/AI/mobile/game_df/ios-build/Il2CppOutputProject/IL2CPP/build/deploy_arm64/System.ComponentModel.EventBasedAsync.dll
[3107/3420  0s] CopyFiles /Users/tuantu/Desktop/dev/AI/mobile/game_df/ios-build/Il2CppOutputProject/IL2CPP/build/deploy_arm64/System.Console.dll
[3108/3420  0s] CopyFiles /Users/tuantu/Desktop/dev/AI/mobile/game_df/ios-build/Il2CppOutputProject/IL2CPP/build/deploy_arm64/System.Collections.NonGeneric.dll
[3109/3420  0s] CopyFiles /Users/tuantu/Desktop/dev/AI/mobile/game_df/ios-build/Il2CppOutputProject/IL2CPP/build/deploy_arm64/System.AppContext.dll
[3110/3420  0s] CopyFiles /Users/tuantu/Desktop/dev/AI/mobile/game_df/ios-build/Il2CppOutputProject/IL2CPP/build/deploy_arm64/System.Buffers.dll
[3111/3420  0s] CopyFiles /Users/tuantu/Desktop/dev/AI/mobile/game_df/ios-build/Il2CppOutputProject/IL2CPP/build/deploy_arm64/System.ComponentModel.Annotations.dll
[3112/3420  0s] CopyFiles /Users/tuantu/Desktop/dev/AI/mobile/game_df/ios-build/Il2CppOutputProject/IL2CPP/build/deploy_arm64/System.Collections.Specialized.dll
[3113/3420  0s] CopyFiles /Users/tuantu/Desktop/dev/AI/mobile/game_df/ios-build/Il2CppOutputProject/IL2CPP/build/deploy_arm64/NiceIO.pdb
[3114/3420  0s] CopyFiles /Users/tuantu/Desktop/dev/AI/mobile/game_df/ios-build/Il2CppOutputProject/IL2CPP/build/deploy_arm64/System.ComponentModel.TypeConverter.dll
[3115/3420  0s] CopyFiles /Users/tuantu/Desktop/dev/AI/mobile/game_df/ios-build/Il2CppOutputProject/IL2CPP/build/deploy_arm64/NiceIO.dll
[3116/3420  0s] CopyFiles /Users/tuantu/Desktop/dev/AI/mobile/game_df/ios-build/Il2CppOutputProject/IL2CPP/build/deploy_arm64/System.Collections.Concurrent.dll
[3117/3420  0s] CopyFiles /Users/tuantu/Desktop/dev/AI/mobile/game_df/ios-build/Il2CppOutputProject/IL2CPP/build/deploy_arm64/netstandard.dll
[3118/3420  0s] CopyFiles /Users/tuantu/Desktop/dev/AI/mobile/game_df/ios-build/Il2CppOutputProject/IL2CPP/build/deploy_arm64/System.Collections.Immutable.dll
[3119/3420  0s] CopyFiles /Users/tuantu/Desktop/dev/AI/mobile/game_df/ios-build/Il2CppOutputProject/IL2CPP/build/deploy_arm64/mscorlib.dll
[3120/3420  0s] CopyFiles /Users/tuantu/Desktop/dev/AI/mobile/game_df/ios-build/Il2CppOutputProject/IL2CPP/build/deploy_arm64/Mono.Cecil.Rocks.pdb
[3121/3420  0s] CopyFiles /Users/tuantu/Desktop/dev/AI/mobile/game_df/ios-build/Il2CppOutputProject/IL2CPP/build/deploy_arm64/SharpYaml.dll
[3122/3420  0s] CopyFiles /Users/tuantu/Desktop/dev/AI/mobile/game_df/ios-build/Il2CppOutputProject/IL2CPP/build/deploy_arm64/Mono.Cecil.Pdb.pdb
[3123/3420  0s] CopyFiles /Users/tuantu/Desktop/dev/AI/mobile/game_df/ios-build/Il2CppOutputProject/IL2CPP/build/deploy_arm64/System.Collections.dll
[3124/3420  0s] CopyFiles /Users/tuantu/Desktop/dev/AI/mobile/game_df/ios-build/Il2CppOutputProject/IL2CPP/build/deploy_arm64/monolinkerold.pdb
[3125/3420  0s] CopyFiles /Users/tuantu/Desktop/dev/AI/mobile/game_df/ios-build/Il2CppOutputProject/IL2CPP/build/deploy_arm64/System.Data.Common.dll
[3126/3420  0s] CopyFiles /Users/tuantu/Desktop/dev/AI/mobile/game_df/ios-build/Il2CppOutputProject/IL2CPP/build/deploy_arm64/Mono.Cecil.Rocks.dll
[3127/3420  0s] CopyFiles /Users/tuantu/Desktop/dev/AI/mobile/game_df/ios-build/Il2CppOutputProject/IL2CPP/build/deploy_arm64/Mono.Cecil.Mdb.dll
[3128/3420  0s] CopyFiles /Users/tuantu/Desktop/dev/AI/mobile/game_df/ios-build/Il2CppOutputProject/IL2CPP/build/deploy_arm64/Microsoft.VisualBasic.dll
[3129/3420  0s] CopyFiles /Users/tuantu/Desktop/dev/AI/mobile/game_df/ios-build/Il2CppOutputProject/IL2CPP/build/deploy_arm64/Mono.Cecil.Mdb.pdb
[3130/3420  0s] CopyFiles /Users/tuantu/Desktop/dev/AI/mobile/game_df/ios-build/Il2CppOutputProject/IL2CPP/build/deploy_arm64/Microsoft.Win32.Primitives.dll
[3131/3420  0s] CopyFiles /Users/tuantu/Desktop/dev/AI/mobile/game_df/ios-build/Il2CppOutputProject/IL2CPP/build/deploy_arm64/Microsoft.Win32.Registry.dll
[3132/3420  0s] CopyFiles /Users/tuantu/Desktop/dev/AI/mobile/game_df/ios-build/Il2CppOutputProject/IL2CPP/build/deploy_arm64/Newtonsoft.Json.dll
[3133/3420  0s] CopyFiles /Users/tuantu/Desktop/dev/AI/mobile/game_df/ios-build/Il2CppOutputProject/IL2CPP/build/deploy_arm64/Mono.Cecil.Pdb.dll
[3134/3420  0s] CopyFiles /Users/tuantu/Desktop/dev/AI/mobile/game_df/ios-build/Il2CppOutputProject/IL2CPP/build/deploy_arm64/Mono.Cecil.pdb
[3135/3420  0s] CopyFiles /Users/tuantu/Desktop/dev/AI/mobile/game_df/ios-build/Il2CppOutputProject/IL2CPP/build/deploy_arm64/libSystem.Security.Cryptography.Native.OpenSsl.dylib
[3136/3420  0s] CopyFiles /Users/tuantu/Desktop/dev/AI/mobile/game_df/ios-build/Il2CppOutputProject/IL2CPP/build/deploy_arm64/libSystem.Security.Cryptography.Native.Apple.dylib
[3137/3420  0s] CopyFiles /Users/tuantu/Desktop/dev/AI/mobile/game_df/ios-build/Il2CppOutputProject/IL2CPP/build/deploy_arm64/monolinkerold.dll
[3138/3420  0s] CopyFiles /Users/tuantu/Desktop/dev/AI/mobile/game_df/ios-build/Il2CppOutputProject/IL2CPP/build/deploy_arm64/Microsoft.Bcl.HashCode.dll
[3139/3420  0s] CopyFiles /Users/tuantu/Desktop/dev/AI/mobile/game_df/ios-build/Il2CppOutputProject/IL2CPP/build/deploy_arm64/libSystem.Net.Security.Native.dylib
[3140/3420  0s] CopyFiles /Users/tuantu/Desktop/dev/AI/mobile/game_df/ios-build/Il2CppOutputProject/IL2CPP/build/deploy_arm64/libSystem.Native.dylib
[3141/3420  0s] CopyFiles /Users/tuantu/Desktop/dev/AI/mobile/game_df/ios-build/Il2CppOutputProject/IL2CPP/build/deploy_arm64/Mono.Cecil.dll
[3142/3420  0s] CopyFiles /Users/tuantu/Desktop/dev/AI/mobile/game_df/ios-build/Il2CppOutputProject/IL2CPP/build/deploy_arm64/libmscordbi.dylib
[3143/3420  0s] CopyFiles /Users/tuantu/Desktop/dev/AI/mobile/game_df/ios-build/Il2CppOutputProject/IL2CPP/build/deploy_arm64/libSystem.IO.Compression.Native.dylib
[3144/3420  0s] CopyFiles /Users/tuantu/Desktop/dev/AI/mobile/game_df/ios-build/Il2CppOutputProject/IL2CPP/build/deploy_arm64/libSystem.Globalization.Native.dylib
[3145/3420  0s] CopyFiles /Users/tuantu/Desktop/dev/AI/mobile/game_df/ios-build/Il2CppOutputProject/IL2CPP/build/deploy_arm64/libmscordaccore.dylib
[3146/3420  0s] CopyFiles /Users/tuantu/Desktop/dev/AI/mobile/game_df/ios-build/Il2CppOutputProject/IL2CPP/build/deploy_arm64/MemoryPack.Core.dll
[3147/3420  0s] CopyFiles /Users/tuantu/Desktop/dev/AI/mobile/game_df/ios-build/Il2CppOutputProject/IL2CPP/build/deploy_arm64/libhostpolicy.dylib
[3148/3420  0s] CopyFiles /Users/tuantu/Desktop/dev/AI/mobile/game_df/ios-build/Il2CppOutputProject/IL2CPP/build/deploy_arm64/libcoreclr.dylib
[3149/3420  0s] CopyFiles /Users/tuantu/Desktop/dev/AI/mobile/game_df/ios-build/Il2CppOutputProject/IL2CPP/build/deploy_arm64/libclrgc.dylib
[3150/3420  0s] CopyFiles /Users/tuantu/Desktop/dev/AI/mobile/game_df/ios-build/Il2CppOutputProject/IL2CPP/build/deploy_arm64/libhostfxr.dylib
[3151/3420  0s] CopyFiles /Users/tuantu/Desktop/dev/AI/mobile/game_df/ios-build/Il2CppOutputProject/IL2CPP/build/deploy_arm64/libclrjit.dylib
[3152/3420  0s] CopyFiles /Users/tuantu/Desktop/dev/AI/mobile/game_df/ios-build/Il2CppOutputProject/IL2CPP/build/deploy_arm64/libclrgcexp.dylib
[3153/3420  0s] CopyFiles /Users/tuantu/Desktop/dev/AI/mobile/game_df/ios-build/Il2CppOutputProject/IL2CPP/build/deploy_arm64/Microsoft.CSharp.dll
[3154/3420  0s] CopyFiles /Users/tuantu/Desktop/dev/AI/mobile/game_df/ios-build/Il2CppOutputProject/IL2CPP/build/deploy_arm64/Microsoft.VisualBasic.Core.dll
[3155/3420  0s] CopyFiles /Users/tuantu/Desktop/dev/AI/mobile/game_df/ios-build/Il2CppOutputProject/IL2CPP/build/deploy_arm64/JetBrains.Profiler.Api.dll
[3156/3420  0s] CopyFiles /Users/tuantu/Desktop/dev/AI/mobile/game_df/ios-build/Il2CppOutputProject/IL2CPP/build/deploy_arm64/il2cpp.dll.config
[3157/3420  0s] CopyFiles /Users/tuantu/Desktop/dev/AI/mobile/game_df/ios-build/Il2CppOutputProject/IL2CPP/build/deploy_arm64/il2cpp.pdb
[3158/3420  0s] CopyFiles /Users/tuantu/Desktop/dev/AI/mobile/game_df/ios-build/Il2CppOutputProject/IL2CPP/build/deploy_arm64/il2cpp.runtimeconfig.json
[3159/3420  0s] CopyFiles /Users/tuantu/Desktop/dev/AI/mobile/game_df/ios-build/Il2CppOutputProject/IL2CPP/build/deploy_arm64/illink.pdb
[3160/3420  0s] CopyFiles /Users/tuantu/Desktop/dev/AI/mobile/game_df/ios-build/Il2CppOutputProject/IL2CPP/build/deploy_arm64/il2cpp-compile.runtimeconfig.json
[3161/3420  0s] CopyFiles /Users/tuantu/Desktop/dev/AI/mobile/game_df/ios-build/Il2CppOutputProject/IL2CPP/build/deploy_arm64/il2cpp-compile.pdb
[3162/3420  0s] CopyFiles /Users/tuantu/Desktop/dev/AI/mobile/game_df/ios-build/Il2CppOutputProject/IL2CPP/build/deploy_arm64/il2cpp.deps.json
[3163/3420  0s] CopyFiles /Users/tuantu/Desktop/dev/AI/mobile/game_df/ios-build/Il2CppOutputProject/IL2CPP/build/deploy_arm64/il2cpp.dll
[3164/3420  0s] CopyFiles /Users/tuantu/Desktop/dev/AI/mobile/game_df/ios-build/Il2CppOutputProject/IL2CPP/build/deploy_arm64/il2cpp
[3165/3420  0s] CopyFiles /Users/tuantu/Desktop/dev/AI/mobile/game_df/ios-build/Il2CppOutputProject/IL2CPP/build/deploy_arm64/createdump
[3166/3420  0s] CopyFiles /Users/tuantu/Desktop/dev/AI/mobile/game_df/ios-build/Il2CppOutputProject/IL2CPP/build/deploy_arm64/il2cpp-compile.dll
[3167/3420  0s] CopyFiles /Users/tuantu/Desktop/dev/AI/mobile/game_df/ios-build/Il2CppOutputProject/IL2CPP/build/deploy_arm64/il2cpp-compile
[3168/3420  0s] CopyFiles /Users/tuantu/Desktop/dev/AI/mobile/game_df/ios-build/Il2CppOutputProject/IL2CPP/build/deploy_arm64/il2cpp-compile.deps.json
[3169/3420  0s] CopyFiles /Users/tuantu/Desktop/dev/AI/mobile/game_df/ios-build/Il2CppOutputProject/IL2CPP/build/deploy_arm64/illink.dll
[3170/3420  0s] CopyFiles /Users/tuantu/Desktop/dev/AI/mobile/game_df/ios-build/Il2CppOutputProject/IL2CPP/build/deploy_arm64/bee_backend/mac-arm64/bee_backend
[3171/3420  0s] CopyFiles /Users/tuantu/Desktop/dev/AI/mobile/game_df/ios-build/Il2CppOutputProject/IL2CPP/build/deploy_arm64/Bee.VisualStudioSolution.dll
[3172/3420  0s] CopyFiles /Users/tuantu/Desktop/dev/AI/mobile/game_df/ios-build/Il2CppOutputProject/IL2CPP/build/deploy_arm64/Bee.VisualStudioSolution.pdb
[3173/3420  0s] CopyFiles /Users/tuantu/Desktop/dev/AI/mobile/game_df/ios-build/Il2CppOutputProject/IL2CPP/build/deploy_arm64/Bee.TundraBackend.pdb
[3174/3420  0s] CopyFiles /Users/tuantu/Desktop/dev/AI/mobile/game_df/ios-build/Il2CppOutputProject/IL2CPP/build/deploy_arm64/Bee.Toolchain.Xcode.pdb
[3175/3420  0s] CopyFiles /Users/tuantu/Desktop/dev/AI/mobile/game_df/ios-build/Il2CppOutputProject/IL2CPP/build/deploy_arm64/Bee.Toolchain.Windows.dll
[3176/3420  0s] CopyFiles /Users/tuantu/Desktop/dev/AI/mobile/game_df/ios-build/Il2CppOutputProject/IL2CPP/build/deploy_arm64/Bee.Tools.dll
[3177/3420  0s] CopyFiles /Users/tuantu/Desktop/dev/AI/mobile/game_df/ios-build/Il2CppOutputProject/IL2CPP/build/deploy_arm64/Bee.Toolchain.Windows.pdb
[3178/3420  0s] CopyFiles /Users/tuantu/Desktop/dev/AI/mobile/game_df/ios-build/Il2CppOutputProject/IL2CPP/build/deploy_arm64/Bee.Tools.pdb
[3179/3420  0s] CopyFiles /Users/tuantu/Desktop/dev/AI/mobile/game_df/ios-build/Il2CppOutputProject/IL2CPP/build/deploy_arm64/Bee.Toolchain.Xcode.dll
[3180/3420  0s] CopyFiles /Users/tuantu/Desktop/dev/AI/mobile/game_df/ios-build/Il2CppOutputProject/IL2CPP/build/deploy_arm64/Bee.Toolchain.VisionOS.pdb
[3181/3420  0s] CopyFiles /Users/tuantu/Desktop/dev/AI/mobile/game_df/ios-build/Il2CppOutputProject/IL2CPP/build/deploy_arm64/Bee.TundraBackend.dll
[3182/3420  0s] CopyFiles /Users/tuantu/Desktop/dev/AI/mobile/game_df/ios-build/Il2CppOutputProject/IL2CPP/build/deploy_arm64/Bee.Toolchain.VisionOS.dll
[3183/3420  0s] CopyFiles /Users/tuantu/Desktop/dev/AI/mobile/game_df/ios-build/Il2CppOutputProject/IL2CPP/build/deploy_arm64/Bee.Toolchain.UWP.pdb
[3184/3420  0s] CopyFiles /Users/tuantu/Desktop/dev/AI/mobile/game_df/ios-build/Il2CppOutputProject/IL2CPP/build/deploy_arm64/Bee.Toolchain.VisualStudio.pdb
[3185/3420  0s] CopyFiles /Users/tuantu/Desktop/dev/AI/mobile/game_df/ios-build/Il2CppOutputProject/IL2CPP/build/deploy_arm64/Bee.Toolchain.VisualStudio.dll
[3186/3420  0s] CopyFiles /Users/tuantu/Desktop/dev/AI/mobile/game_df/ios-build/Il2CppOutputProject/IL2CPP/build/deploy_arm64/Bee.Toolchain.LLVM.pdb
[3187/3420  0s] CopyFiles /Users/tuantu/Desktop/dev/AI/mobile/game_df/ios-build/Il2CppOutputProject/IL2CPP/build/deploy_arm64/Bee.Toolchain.LLVM.dll
[3188/3420  0s] CopyFiles /Users/tuantu/Desktop/dev/AI/mobile/game_df/ios-build/Il2CppOutputProject/IL2CPP/build/deploy_arm64/Bee.Toolchain.Linux.pdb
[3189/3420  0s] CopyFiles /Users/tuantu/Desktop/dev/AI/mobile/game_df/ios-build/Il2CppOutputProject/IL2CPP/build/deploy_arm64/Bee.Toolchain.UWP.dll
[3190/3420  0s] CopyFiles /Users/tuantu/Desktop/dev/AI/mobile/game_df/ios-build/Il2CppOutputProject/IL2CPP/build/deploy_arm64/Bee.Toolchain.TvOS.dll
[3191/3420  0s] CopyFiles /Users/tuantu/Desktop/dev/AI/mobile/game_df/ios-build/Il2CppOutputProject/IL2CPP/build/deploy_arm64/Bee.Toolchain.MacOS.dll
[3192/3420  0s] CopyFiles /Users/tuantu/Desktop/dev/AI/mobile/game_df/ios-build/Il2CppOutputProject/IL2CPP/build/deploy_arm64/Bee.Toolchain.TvOS.pdb
[3193/3420  0s] CopyFiles /Users/tuantu/Desktop/dev/AI/mobile/game_df/ios-build/Il2CppOutputProject/IL2CPP/build/deploy_arm64/Bee.Toolchain.MacOS.pdb
[3194/3420  0s] CopyFiles /Users/tuantu/Desktop/dev/AI/mobile/game_df/ios-build/Il2CppOutputProject/IL2CPP/build/deploy_arm64/Bee.Toolchain.Linux.dll
[3195/3420  0s] CopyFiles /Users/tuantu/Desktop/dev/AI/mobile/game_df/ios-build/Il2CppOutputProject/IL2CPP/build/deploy_arm64/Bee.Toolchain.IOS.pdb
[3196/3420  0s] CopyFiles /Users/tuantu/Desktop/dev/AI/mobile/game_df/ios-build/Il2CppOutputProject/IL2CPP/build/deploy_arm64/Bee.Toolchain.IOS.dll
[3197/3420  0s] CopyFiles /Users/tuantu/Desktop/dev/AI/mobile/game_df/ios-build/Il2CppOutputProject/IL2CPP/build/deploy_arm64/Bee.Toolchain.GNU.pdb
[3198/3420  0s] CopyFiles /Users/tuantu/Desktop/dev/AI/mobile/game_df/ios-build/Il2CppOutputProject/IL2CPP/build/deploy_arm64/Bee.TinyProfiler2.pdb
[3199/3420  0s] CopyFiles /Users/tuantu/Desktop/dev/AI/mobile/game_df/ios-build/Il2CppOutputProject/IL2CPP/build/deploy_arm64/Bee.Toolchain.EmbeddedLinux.dll
[3200/3420  0s] CopyFiles /Users/tuantu/Desktop/dev/AI/mobile/game_df/ios-build/Il2CppOutputProject/IL2CPP/build/deploy_arm64/Bee.Telemetry.pdb
[3201/3420  0s] CopyFiles /Users/tuantu/Desktop/dev/AI/mobile/game_df/ios-build/Il2CppOutputProject/IL2CPP/build/deploy_arm64/Bee.Toolchain.Android.pdb
[3202/3420  0s] CopyFiles /Users/tuantu/Desktop/dev/AI/mobile/game_df/ios-build/Il2CppOutputProject/IL2CPP/build/deploy_arm64/Bee.Toolchain.EmbeddedLinux.pdb
[3203/3420  0s] CopyFiles /Users/tuantu/Desktop/dev/AI/mobile/game_df/ios-build/Il2CppOutputProject/IL2CPP/build/deploy_arm64/Bee.Toolchain.Emscripten.pdb
[3204/3420  0s] CopyFiles /Users/tuantu/Desktop/dev/AI/mobile/game_df/ios-build/Il2CppOutputProject/IL2CPP/build/deploy_arm64/Bee.TinyProfiler2.dll
[3205/3420  0s] CopyFiles /Users/tuantu/Desktop/dev/AI/mobile/game_df/ios-build/Il2CppOutputProject/IL2CPP/build/deploy_arm64/Bee.Toolchain.GNU.dll
[3206/3420  0s] CopyFiles /Users/tuantu/Desktop/dev/AI/mobile/game_df/ios-build/Il2CppOutputProject/IL2CPP/build/deploy_arm64/Bee.Telemetry.dll
[3207/3420  0s] CopyFiles /Users/tuantu/Desktop/dev/AI/mobile/game_df/ios-build/Il2CppOutputProject/IL2CPP/build/deploy_arm64/Bee.Toolchain.Emscripten.dll
[3208/3420  0s] CopyFiles /Users/tuantu/Desktop/dev/AI/mobile/game_df/ios-build/Il2CppOutputProject/IL2CPP/build/deploy_arm64/Bee.Toolchain.Android.dll
[3209/3420  0s] CopyFiles /Users/tuantu/Desktop/dev/AI/mobile/game_df/ios-build/Il2CppOutputProject/IL2CPP/build/deploy_arm64/Bee.Stevedore.Program.pdb
[3210/3420  0s] CopyFiles /Users/tuantu/Desktop/dev/AI/mobile/game_df/ios-build/Il2CppOutputProject/IL2CPP/build/deploy_arm64/Bee.Stevedore.Program.dll
[3211/3420  0s] CopyFiles /Users/tuantu/Desktop/dev/AI/mobile/game_df/ios-build/Il2CppOutputProject/IL2CPP/build/deploy_arm64/Bee.NativeProgramSupport.pdb
[3212/3420  0s] CopyFiles /Users/tuantu/Desktop/dev/AI/mobile/game_df/ios-build/Il2CppOutputProject/IL2CPP/build/deploy_arm64/Bee.BuildGraph.pdb
[3213/3420  0s] CopyFiles /Users/tuantu/Desktop/dev/AI/mobile/game_df/ios-build/Il2CppOutputProject/IL2CPP/build/deploy_arm64/Bee.BuildGraph.dll
[3214/3420  0s] CopyFiles /Users/tuantu/Desktop/dev/AI/mobile/game_df/ios-build/Il2CppOutputProject/IL2CPP/build/deploy_arm64/Bee.BinLog.xml
[3215/3420  0s] CopyFiles /Users/tuantu/Desktop/dev/AI/mobile/game_df/ios-build/Il2CppOutputProject/IL2CPP/build/deploy_arm64/Bee.Core.pdb
[3216/3420  0s] CopyFiles /Users/tuantu/Desktop/dev/AI/mobile/game_df/ios-build/Il2CppOutputProject/IL2CPP/build/deploy_arm64/Bee.BinLog.pdb
[3217/3420  0s] CopyFiles /Users/tuantu/Desktop/dev/AI/mobile/game_df/ios-build/Il2CppOutputProject/IL2CPP/build/deploy_arm64/Bee.BinLog.dll
[3218/3420  0s] CopyFiles /Users/tuantu/Desktop/dev/AI/mobile/game_df/ios-build/Il2CppOutputProject/IL2CPP/build/deploy_arm64/Analytics.runtimeconfig.json
[3219/3420  0s] CopyFiles /Users/tuantu/Desktop/dev/AI/mobile/game_df/ios-build/Il2CppOutputProject/IL2CPP/build/deploy_arm64/Bee.BeeDriver2.pdb
[3220/3420  0s] CopyFiles /Users/tuantu/Desktop/dev/AI/mobile/game_df/ios-build/Il2CppOutputProject/IL2CPP/build/deploy_arm64/Analytics.pdb
[3221/3420  0s] CopyFiles /Users/tuantu/Desktop/dev/AI/mobile/game_df/ios-build/Il2CppOutputProject/IL2CPP/build/deploy_arm64/Analytics.Api.Output.xml
[3222/3420  0s] CopyFiles /Users/tuantu/Desktop/dev/AI/mobile/game_df/ios-build/Il2CppOutputProject/IL2CPP/build/deploy_arm64/Bee.NativeProgramSupport.dll
[3223/3420  0s] CopyFiles /Users/tuantu/Desktop/dev/AI/mobile/game_df/ios-build/Il2CppOutputProject/IL2CPP/build/deploy_arm64/Analytics.Api.Output.pdb
[3224/3420  0s] CopyFiles /Users/tuantu/Desktop/dev/AI/mobile/game_df/ios-build/Il2CppOutputProject/IL2CPP/build/deploy_arm64/Analytics.Api.Output.dll
[3225/3420  0s] CopyFiles /Users/tuantu/Desktop/dev/AI/mobile/game_df/ios-build/Il2CppOutputProject/IL2CPP/build/deploy_arm64/Analytics.dll
[3226/3420  0s] CopyFiles /Users/tuantu/Desktop/dev/AI/mobile/game_df/ios-build/Il2CppOutputProject/IL2CPP/build/deploy_arm64/Bee.Core.dll
[3227/3420  0s] CopyFiles /Users/tuantu/Desktop/dev/AI/mobile/game_df/ios-build/Il2CppOutputProject/IL2CPP/build/deploy_arm64/Bee.BeeDriver2.dll
[3228/3420  0s] CopyFiles /Users/tuantu/Desktop/dev/AI/mobile/game_df/ios-build/Il2CppOutputProject/IL2CPP/build/deploy_arm64/Analytics.deps.json
[3229/3420  0s] CopyFiles /Users/tuantu/Desktop/dev/AI/mobile/game_df/ios-build/Il2CppOutputProject/IL2CPP/build/deploy_arm64/Analytics
[3230/3420  0s] CopyFiles /Users/tuantu/Desktop/dev/AI/mobile/game_df/ios-build/Libraries/baselib.a
[3231/3420  0s] CopyFiles /Users/tuantu/Desktop/dev/AI/mobile/game_df/ios-build/Il2CppOutputProject/IL2CPP/libil2cpp/vm/String.cpp
[3232/3420  0s] CopyFiles /Users/tuantu/Desktop/dev/AI/mobile/game_df/ios-build/Il2CppOutputProject/IL2CPP/libil2cpp/vm/Thread-mono-net8.h
[3233/3420  0s] CopyFiles /Users/tuantu/Desktop/dev/AI/mobile/game_df/ios-build/Il2CppOutputProject/IL2CPP/libil2cpp/vm/StackTrace.h
[3234/3420  0s] CopyFiles /Users/tuantu/Desktop/dev/AI/mobile/game_df/ios-build/Il2CppOutputProject/IL2CPP/libil2cpp/vm/Thread-mono-net8.cpp
[3235/3420  0s] CopyFiles /Users/tuantu/Desktop/dev/AI/mobile/game_df/ios-build/Data/Resources/unity default resources
[3236/3420  0s] CopyFiles /Users/tuantu/Desktop/dev/AI/mobile/game_df/ios-build/Data/Managed/mono/4.0/machine.config
[3237/3420  0s] CopyFiles /Users/tuantu/Desktop/dev/AI/mobile/game_df/ios-build/Il2CppOutputProject/IL2CPP/libil2cpp/vm/String.h
[3238/3420  0s] CopyFiles /Users/tuantu/Desktop/dev/AI/mobile/game_df/ios-build/Il2CppOutputProject/IL2CPP/libil2cpp/vm/Thread.cpp
[3239/3420  0s] CopyFiles /Users/tuantu/Desktop/dev/AI/mobile/game_df/ios-build/Il2CppOutputProject/IL2CPP/libil2cpp/vm/Thread.h
[3240/3420  0s] CopyFiles /Users/tuantu/Desktop/dev/AI/mobile/game_df/ios-build/UnityFramework/Info.plist
[3241/3420  0s] CopyFiles /Users/tuantu/Desktop/dev/AI/mobile/game_df/ios-build/Unity-iPhone Tests/Unity-iPhone Tests-Prefix.pch
[3242/3420  0s] CopyFiles /Users/tuantu/Desktop/dev/AI/mobile/game_df/ios-build/Il2CppOutputProject/IL2CPP/libil2cpp/vm/ThreadPoolMs.cpp
[3243/3420  0s] CopyFiles /Users/tuantu/Desktop/dev/AI/mobile/game_df/ios-build/UnityFramework/UnityFramework.h
[3244/3420  0s] CopyFiles /Users/tuantu/Desktop/dev/AI/mobile/game_df/ios-build/Unity-iPhone Tests/Unity_iPhone_Tests.m
[3245/3420  0s] CopyFiles /Users/tuantu/Desktop/dev/AI/mobile/game_df/ios-build/Unity-iPhone Tests/Unity-iPhone Tests-Info.plist
[3246/3420  0s] CopyFiles /Users/tuantu/Desktop/dev/AI/mobile/game_df/ios-build/process_symbols_il2cpp.sh
[3247/3420  0s] CopyFiles /Users/tuantu/Desktop/dev/AI/mobile/game_df/ios-build/MainApp/main.mm
[3248/3420  0s] CopyFiles /Users/tuantu/Desktop/dev/AI/mobile/game_df/ios-build/process_symbols.sh
[3249/3420  0s] CopyFiles /Users/tuantu/Desktop/dev/AI/mobile/game_df/ios-build/Unity-iPhone Tests/en.lproj/InfoPlist.strings
[3250/3420  0s] CopyFiles /Users/tuantu/Desktop/dev/AI/mobile/game_df/ios-build/Classes/UnityAppController.mm
[3251/3420  0s] CopyFiles /Users/tuantu/Desktop/dev/AI/mobile/game_df/ios-build/Classes/Vector3.h
[3252/3420  0s] CopyFiles /Users/tuantu/Desktop/dev/AI/mobile/game_df/ios-build/Classes/UnityTrampolineInterface.h
[3253/3420  0s] CopyFiles /Users/tuantu/Desktop/dev/AI/mobile/game_df/ios-build/Classes/UnityAppController+UnityInterface.mm
[3254/3420  0s] CopyFiles /Users/tuantu/Desktop/dev/AI/mobile/game_df/ios-build/Classes/UnityAppController+Thermal.mm
[3255/3420  0s] CopyFiles /Users/tuantu/Desktop/dev/AI/mobile/game_df/ios-build/Classes/UnityAppController+Rendering.mm
[3256/3420  0s] CopyFiles /Users/tuantu/Desktop/dev/AI/mobile/game_df/ios-build/Classes/UnityAppController+UnityInterface.h
[3257/3420  0s] CopyFiles /Users/tuantu/Desktop/dev/AI/mobile/game_df/ios-build/Classes/UnityTrampolineConfigure.h
[3258/3420  0s] CopyFiles /Users/tuantu/Desktop/dev/AI/mobile/game_df/ios-build/Classes/UnityAppController+Thermal.h
[3259/3420  0s] CopyFiles /Users/tuantu/Desktop/dev/AI/mobile/game_df/ios-build/Classes/UnityAppController.h
[3260/3420  0s] CopyFiles /Users/tuantu/Desktop/dev/AI/mobile/game_df/ios-build/Classes/UnityAppController+Rendering.h
[3261/3420  0s] CopyFiles /Users/tuantu/Desktop/dev/AI/mobile/game_df/ios-build/Classes/UnityAppController+Rendering+visionOS.h
[3262/3420  0s] CopyFiles /Users/tuantu/Desktop/dev/AI/mobile/game_df/ios-build/Classes/UnityAppController+Rendering+visionOS.mm
[3263/3420  0s] CopyFiles /Users/tuantu/Desktop/dev/AI/mobile/game_df/ios-build/Classes/Unity/VideoPlayer.h
[3264/3420  0s] CopyFiles /Users/tuantu/Desktop/dev/AI/mobile/game_df/ios-build/Classes/Unity/VideoPlayer.mm
[3265/3420  0s] CopyFiles /Users/tuantu/Desktop/dev/AI/mobile/game_df/ios-build/Classes/Unity/UnityTrampolineCompatibility.h
[3266/3420  0s] CopyFiles /Users/tuantu/Desktop/dev/AI/mobile/game_df/ios-build/Classes/Unity/UnityRendering.h
[3267/3420  0s] CopyFiles /Users/tuantu/Desktop/dev/AI/mobile/game_df/ios-build/Classes/Unity/UnityInternalGraphicsInterface.mm
[3268/3420  0s] CopyFiles /Users/tuantu/Desktop/dev/AI/mobile/game_df/ios-build/Classes/Unity/UnityInternalInterface.mm
[3269/3420  0s] CopyFiles /Users/tuantu/Desktop/dev/AI/mobile/game_df/ios-build/Classes/Unity/UnityInternalInterface.h
[3270/3420  0s] CopyFiles /Users/tuantu/Desktop/dev/AI/mobile/game_df/ios-build/Classes/Unity/OnDemandResources.mm
[3271/3420  0s] CopyFiles /Users/tuantu/Desktop/dev/AI/mobile/game_df/ios-build/Classes/Unity/MetalHelper.mm
[3272/3420  0s] CopyFiles /Users/tuantu/Desktop/dev/AI/mobile/game_df/ios-build/Classes/Unity/UnityInternalGraphicsInterface.h
[3273/3420  0s] CopyFiles /Users/tuantu/Desktop/dev/AI/mobile/game_df/ios-build/Classes/Unity/Logging.mm
[3274/3420  0s] CopyFiles /Users/tuantu/Desktop/dev/AI/mobile/game_df/ios-build/Classes/Unity/Logging.h
[3275/3420  0s] CopyFiles /Users/tuantu/Desktop/dev/AI/mobile/game_df/ios-build/Classes/Unity/UnityInterface.h
[3276/3420  0s] CopyFiles /Users/tuantu/Desktop/dev/AI/mobile/game_df/ios-build/Classes/Unity/UnityForwardDecls.h
[3277/3420  0s] CopyFiles /Users/tuantu/Desktop/dev/AI/mobile/game_df/ios-build/Classes/Unity/ObjCRuntime.h
[3278/3420  0s] CopyFiles /Users/tuantu/Desktop/dev/AI/mobile/game_df/ios-build/Classes/Unity/NoGraphicsHelper.mm
[3279/3420  0s] CopyFiles /Users/tuantu/Desktop/dev/AI/mobile/game_df/ios-build/Classes/Unity/IUnityProfilerCallbacks.h
[3280/3420  0s] CopyFiles /Users/tuantu/Desktop/dev/AI/mobile/game_df/ios-build/Classes/Unity/IUnityProfiler.h
[3281/3420  0s] CopyFiles /Users/tuantu/Desktop/dev/AI/mobile/game_df/ios-build/Classes/Unity/IUnityPhysicsBackendSystem.h
[3282/3420  0s] CopyFiles /Users/tuantu/Desktop/dev/AI/mobile/game_df/ios-build/Classes/Unity/IUnityGraphics.h
[3283/3420  0s] CopyFiles /Users/tuantu/Desktop/dev/AI/mobile/game_df/ios-build/Classes/Unity/IUnityRenderingExtensions.h
[3284/3420  0s] CopyFiles /Users/tuantu/Desktop/dev/AI/mobile/game_df/ios-build/Classes/Unity/IUnityEventQueue.h
[3285/3420  0s] CopyFiles /Users/tuantu/Desktop/dev/AI/mobile/game_df/ios-build/Classes/Unity/IUnityMemoryManager.h
[3286/3420  0s] CopyFiles /Users/tuantu/Desktop/dev/AI/mobile/game_df/ios-build/Classes/Unity/IUnityGraphicsMetal.h
[3287/3420  0s] CopyFiles /Users/tuantu/Desktop/dev/AI/mobile/game_df/ios-build/Classes/Unity/Filesystem.mm
[3288/3420  0s] CopyFiles /Users/tuantu/Desktop/dev/AI/mobile/game_df/ios-build/Classes/Unity/FullScreenVideoPlayer.mm
[3289/3420  0s] CopyFiles /Users/tuantu/Desktop/dev/AI/mobile/game_df/ios-build/Classes/Unity/IUnityLog.h
[3290/3420  0s] CopyFiles /Users/tuantu/Desktop/dev/AI/mobile/game_df/ios-build/Classes/Unity/IUnityInterface.h
[3291/3420  0s] CopyFiles /Users/tuantu/Desktop/dev/AI/mobile/game_df/ios-build/Classes/Unity/DisplayManager.mm
[3292/3420  0s] CopyFiles /Users/tuantu/Desktop/dev/AI/mobile/game_df/ios-build/Classes/Unity/DeviceSettings.mm
[3293/3420  0s] CopyFiles /Users/tuantu/Desktop/dev/AI/mobile/game_df/ios-build/Classes/Unity/DisplayManager.h
[3294/3420  0s] CopyFiles /Users/tuantu/Desktop/dev/AI/mobile/game_df/ios-build/Classes/Unity/CVTextureCache.h
[3295/3420  0s] CopyFiles /Users/tuantu/Desktop/dev/AI/mobile/game_df/ios-build/Classes/Unity/CVTextureCache.mm
[3296/3420  0s] CopyFiles /Users/tuantu/Desktop/dev/AI/mobile/game_df/ios-build/Classes/Unity/CMVideoSampling.h
[3297/3420  0s] CopyFiles /Users/tuantu/Desktop/dev/AI/mobile/game_df/ios-build/Classes/Unity/DeviceInfo.cpp
[3298/3420  0s] CopyFiles /Users/tuantu/Desktop/dev/AI/mobile/game_df/ios-build/Classes/Unity/CMVideoSampling.mm
[3299/3420  0s] CopyFiles /Users/tuantu/Desktop/dev/AI/mobile/game_df/ios-build/Classes/Unity/CameraCapture.mm
[3300/3420  0s] CopyFiles /Users/tuantu/Desktop/dev/AI/mobile/game_df/ios-build/Classes/Unity/CameraCapture.h
[3301/3420  0s] CopyFiles /Users/tuantu/Desktop/dev/AI/mobile/game_df/ios-build/Classes/Unity/AVCapture.mm
[3302/3420  0s] CopyFiles /Users/tuantu/Desktop/dev/AI/mobile/game_df/ios-build/Classes/UndefinePlatforms.h
[3303/3420  0s] CopyFiles /Users/tuantu/Desktop/dev/AI/mobile/game_df/ios-build/Classes/UI/UnityViewControllerBase.mm
[3304/3420  0s] CopyFiles /Users/tuantu/Desktop/dev/AI/mobile/game_df/ios-build/Classes/UI/UnityViewControllerBase+visionOS.mm
[3305/3420  0s] CopyFiles /Users/tuantu/Desktop/dev/AI/mobile/game_df/ios-build/Classes/UI/UnityViewControllerBase.h
[3306/3420  0s] CopyFiles /Users/tuantu/Desktop/dev/AI/mobile/game_df/ios-build/Classes/Unity/AVCapture.h
[3307/3420  0s] CopyFiles /Users/tuantu/Desktop/dev/AI/mobile/game_df/ios-build/Classes/UI/UnityViewControllerBase+visionOS.h
[3308/3420  0s] CopyFiles /Users/tuantu/Desktop/dev/AI/mobile/game_df/ios-build/Classes/UI/UnityViewControllerBase+tvOS.mm
[3309/3420  0s] CopyFiles /Users/tuantu/Desktop/dev/AI/mobile/game_df/ios-build/Classes/UI/UnityViewControllerBase+tvOS.h
[3310/3420  0s] CopyFiles /Users/tuantu/Desktop/dev/AI/mobile/game_df/ios-build/Classes/UI/UnityViewControllerBase+iOS.mm
[3311/3420  0s] CopyFiles /Users/tuantu/Desktop/dev/AI/mobile/game_df/ios-build/Classes/UI/UnityView.h
[3312/3420  0s] CopyFiles /Users/tuantu/Desktop/dev/AI/mobile/game_df/ios-build/Classes/UI/UnityViewControllerBase+iOS.h
[3313/3420  0s] CopyFiles /Users/tuantu/Desktop/dev/AI/mobile/game_df/ios-build/Classes/UI/UnityView+tvOS.mm
[3314/3420  0s] CopyFiles /Users/tuantu/Desktop/dev/AI/mobile/game_df/ios-build/Classes/UI/UnityView.mm
[3315/3420  0s] CopyFiles /Users/tuantu/Desktop/dev/AI/mobile/game_df/ios-build/Classes/UI/UnityView+Keyboard.mm
[3316/3420  0s] CopyFiles /Users/tuantu/Desktop/dev/AI/mobile/game_df/ios-build/Classes/UI/UnityView+tvOS.h
[3317/3420  0s] CopyFiles /Users/tuantu/Desktop/dev/AI/mobile/game_df/ios-build/Classes/UI/UnityView+iOS.mm
[3318/3420  0s] CopyFiles /Users/tuantu/Desktop/dev/AI/mobile/game_df/ios-build/Classes/UI/UnityView+iOS.h
[3319/3420  0s] CopyFiles /Users/tuantu/Desktop/dev/AI/mobile/game_df/ios-build/Classes/UI/UnityScene.mm
[3320/3420  0s] CopyFiles /Users/tuantu/Desktop/dev/AI/mobile/game_df/ios-build/Classes/UI/StoreReview.m
[3321/3420  0s] CopyFiles /Users/tuantu/Desktop/dev/AI/mobile/game_df/ios-build/Classes/UI/UnityAppController+ViewHandling.mm
[3322/3420  0s] CopyFiles /Users/tuantu/Desktop/dev/AI/mobile/game_df/ios-build/Classes/UI/UnityAppController+ViewHandling.h
[3323/3420  0s] CopyFiles /Users/tuantu/Desktop/dev/AI/mobile/game_df/ios-build/Classes/UI/UnityScene.h
[3324/3420  0s] CopyFiles /Users/tuantu/Desktop/dev/AI/mobile/game_df/ios-build/Classes/UI/OrientationSupport.mm
[3325/3420  0s] CopyFiles /Users/tuantu/Desktop/dev/AI/mobile/game_df/ios-build/Classes/UI/KeyboardViews.h
[3326/3420  0s] CopyFiles /Users/tuantu/Desktop/dev/AI/mobile/game_df/ios-build/Classes/UI/OrientationSupport.h
[3327/3420  0s] CopyFiles /Users/tuantu/Desktop/dev/AI/mobile/game_df/ios-build/Classes/UI/KeyboardViews+tvOS+visionOS.mm
[3328/3420  0s] CopyFiles /Users/tuantu/Desktop/dev/AI/mobile/game_df/ios-build/Classes/UI/KeyboardViews+tvOS+visionOS.h
[3329/3420  0s] CopyFiles /Users/tuantu/Desktop/dev/AI/mobile/game_df/ios-build/Classes/UI/KeyboardViews+iOS.mm
[3330/3420  0s] CopyFiles /Users/tuantu/Desktop/dev/AI/mobile/game_df/ios-build/Classes/UI/KeyboardViews+iOS+Glass.mm
[3331/3420  0s] CopyFiles /Users/tuantu/Desktop/dev/AI/mobile/game_df/ios-build/Classes/UI/KeyboardViews+iOS.h
[3332/3420  0s] CopyFiles /Users/tuantu/Desktop/dev/AI/mobile/game_df/ios-build/Classes/UI/KeyboardViews+iOS+Glass.h
[3333/3420  0s] CopyFiles /Users/tuantu/Desktop/dev/AI/mobile/game_df/ios-build/Classes/UI/Keyboard.mm
[3334/3420  0s] CopyFiles /Users/tuantu/Desktop/dev/AI/mobile/game_df/ios-build/Classes/UI/ActivityIndicator.mm
[3335/3420  0s] CopyFiles /Users/tuantu/Desktop/dev/AI/mobile/game_df/ios-build/Classes/RedefinePlatforms.h
[3336/3420  0s] CopyFiles /Users/tuantu/Desktop/dev/AI/mobile/game_df/ios-build/Classes/UI/Keyboard.h
[3337/3420  0s] CopyFiles /Users/tuantu/Desktop/dev/AI/mobile/game_df/ios-build/Classes/UI/ActivityIndicator.h
[3338/3420  0s] CopyFiles /Users/tuantu/Desktop/dev/AI/mobile/game_df/ios-build/Classes/Prefix.pch
[3339/3420  0s] CopyFiles /Users/tuantu/Desktop/dev/AI/mobile/game_df/ios-build/Classes/Quaternion4.h
[3340/3420  0s] CopyFiles /Users/tuantu/Desktop/dev/AI/mobile/game_df/ios-build/Classes/PluginBase/UnityViewControllerListener.h
[3341/3420  0s] CopyFiles /Users/tuantu/Desktop/dev/AI/mobile/game_df/ios-build/Classes/PluginBase/UnityViewControllerListener.mm
[3342/3420  0s] CopyFiles /Users/tuantu/Desktop/dev/AI/mobile/game_df/ios-build/Classes/PluginBase/RenderPluginDelegate.mm
[3343/3420  0s] CopyFiles /Users/tuantu/Desktop/dev/AI/mobile/game_df/ios-build/Classes/PluginBase/RenderPluginDelegate.h
[3344/3420  0s] CopyFiles /Users/tuantu/Desktop/dev/AI/mobile/game_df/ios-build/Classes/PluginBase/LifeCycleListener.mm
[3345/3420  0s] CopyFiles /Users/tuantu/Desktop/dev/AI/mobile/game_df/ios-build/Classes/PluginBase/LifeCycleListener.h
[3346/3420  0s] CopyFiles /Users/tuantu/Desktop/dev/AI/mobile/game_df/ios-build/Classes/PluginBase/AppDelegateListener.mm
[3347/3420  0s] CopyFiles /Users/tuantu/Desktop/dev/AI/mobile/game_df/ios-build/Classes/PluginBase/AppDelegateListener.h
[3348/3420  0s] CopyFiles /Users/tuantu/Desktop/dev/AI/mobile/game_df/ios-build/Classes/main.mm
[3349/3420  0s] CopyFiles /Users/tuantu/Desktop/dev/AI/mobile/game_df/ios-build/Classes/iPhone_Sensors.mm
[3350/3420  0s] CopyFiles /Users/tuantu/Desktop/dev/AI/mobile/game_df/ios-build/Classes/CrashReporter.mm
[3351/3420  0s] CopyFiles /Users/tuantu/Desktop/dev/AI/mobile/game_df/ios-build/Classes/iPhone_Sensors.h
[3352/3420  0s] CopyFiles /Users/tuantu/Desktop/dev/AI/mobile/game_df/ios-build/Il2CppOutputProject/IL2CPP/libil2cpp/vm/ThreadPoolMs.h
[3353/3420  0s] CopyFiles /Users/tuantu/Desktop/dev/AI/mobile/game_df/ios-build/Il2CppOutputProject/IL2CPP/libil2cpp/vm/Type.h
[3354/3420  0s] CopyFiles /Users/tuantu/Desktop/dev/AI/mobile/game_df/ios-build/Il2CppOutputProject/IL2CPP/libil2cpp/vm/Type.cpp
[3355/3420  0s] CopyFiles /Users/tuantu/Desktop/dev/AI/mobile/game_df/ios-build/Il2CppOutputProject/IL2CPP/libil2cpp/vm/WeakReference.h
[3356/3420  0s] CopyFiles /Users/tuantu/Desktop/dev/AI/mobile/game_df/ios-build/Il2CppOutputProject/IL2CPP/libil2cpp/vm/WeakReference.cpp
[3357/3420  0s] CopyFiles /Users/tuantu/Desktop/dev/AI/mobile/game_df/ios-build/Il2CppOutputProject/IL2CPP/libil2cpp/vm/VisualizerHelpers.cpp
[3358/3420  0s] CopyFiles /Users/tuantu/Desktop/dev/AI/mobile/game_df/ios-build/Il2CppOutputProject/IL2CPP/libil2cpp/vm/WaitHandle.cpp
[3359/3420  0s] CopyFiles /Users/tuantu/Desktop/dev/AI/mobile/game_df/ios-build/Il2CppOutputProject/IL2CPP/libil2cpp/vm/WindowsRuntime.h
[3360/3420  0s] CopyFiles /Users/tuantu/Desktop/dev/AI/mobile/game_df/ios-build/Il2CppOutputProject/IL2CPP/libil2cpp/vm/WaitHandle.h
[3361/3420  0s] CopyFiles /Users/tuantu/Desktop/dev/AI/mobile/game_df/ios-build/Il2CppOutputProject/IL2CPP/libil2cpp/vm/WindowsRuntime.cpp
[3362/3420  0s] CopyFiles /Users/tuantu/Desktop/dev/AI/mobile/game_df/ios-build/Il2CppOutputProject/IL2CPP/libmono/config/eglib-config.hw
[3363/3420  0s] CopyFiles /Users/tuantu/Desktop/dev/AI/mobile/game_df/ios-build/Il2CppOutputProject/IL2CPP/libmono/config/config.h
[3364/3420  0s] CopyFiles /Users/tuantu/Desktop/dev/AI/mobile/game_df/ios-build/Il2CppOutputProject/IL2CPP/libmono/config/eglib-config.h
[3365/3420  0s] CopyFiles /Users/tuantu/Desktop/dev/AI/mobile/game_df/ios-build/Il2CppOutputProject/IL2CPP/libmono/config/il2cpp-config-mono-ios.h
[3366/3420  0s] CopyFiles /Users/tuantu/Desktop/dev/AI/mobile/game_df/ios-build/Il2CppOutputProject/IL2CPP/libmono/config/il2cpp-config-mono-android.h
[3367/3420  0s] WriteText /Users/tuantu/Desktop/dev/AI/mobile/game_df/ios-build/Libraries/RegisterFeatures.cpp
[3368/3420  0s] CopyFiles /Users/tuantu/Desktop/dev/AI/mobile/game_df/ios-build/Il2CppOutputProject/IL2CPP/BeeLocalCacheTool
[3369/3420  0s] WriteText /Users/tuantu/Desktop/dev/AI/mobile/game_df/ios-build/Libraries/Il2CppOptions.cpp
[3370/3420  0s] CopyFiles /Users/tuantu/Desktop/dev/AI/mobile/game_df/ios-build/Il2CppOutputProject/IL2CPP/libmono/config/il2cpp-config-mono-osx.h
[3371/3420  0s] CopyFiles /Users/tuantu/Desktop/dev/AI/mobile/game_df/ios-build/Il2CppOutputProject/IL2CPP/libmono/config/il2cpp-config-mono-linux.h
[3372/3420  0s] WriteText /Users/tuantu/Desktop/dev/AI/mobile/game_df/ios-build/Classes/Preprocessor.h
[3373/3420  0s] WriteText /Users/tuantu/Desktop/dev/AI/mobile/game_df/ios-build/Classes/CrashReporter.h
[3374/3420  0s] CopyFiles /Users/tuantu/Desktop/dev/AI/mobile/game_df/ios-build/LaunchScreen-iPhonePortrait.png
[3375/3420  0s] CopyFiles /Users/tuantu/Desktop/dev/AI/mobile/game_df/ios-build/LaunchScreen-iPhone.storyboard
[3376/3420  0s] CopyFiles /Users/tuantu/Desktop/dev/AI/mobile/game_df/ios-build/LaunchScreen-iPhoneLandscape.png
[3377/3420  0s] CopyFiles /Users/tuantu/Desktop/dev/AI/mobile/game_df/ios-build/LaunchScreen-iPad.storyboard
[3378/3420  0s] CopyFiles /Users/tuantu/Desktop/dev/AI/mobile/game_df/ios-build/Il2CppOutputProject/IL2CPP/libmono/config/il2cpp-config-mono-win.h
[3379/3420  0s] CopyFiles /Users/tuantu/Desktop/dev/AI/mobile/game_df/ios-build/Il2CppOutputProject/IL2CPP/libmono/config/il2cpp-config-mono.h
[3380/3420  0s] CopyFiles /Users/tuantu/Desktop/dev/AI/mobile/game_df/ios-build/LaunchScreen-iPad.png
[3381/3420  0s] CopyFiles /Users/tuantu/Desktop/dev/AI/mobile/game_df/ios-build/Il2CppOutputProject/IL2CPP/libmono/config/il2cpp-config-mono-web.h
[3382/3420  0s] WriteText /Users/tuantu/Desktop/dev/AI/mobile/game_df/ios-build/Info.plist
[3383/3420  0s] CopyFiles /Users/tuantu/Desktop/dev/AI/mobile/game_df/ios-build/Libraries/RegisterFeatures.h
[3384/3420  0s] CopyFiles /Users/tuantu/Desktop/dev/AI/mobile/game_df/ios-build/Il2CppOutputProject/IL2CPP/il2cpp_root
[3385/3420  0s] CopyFiles /Users/tuantu/Desktop/dev/AI/mobile/game_df/ios-build/Unity-iPhone/Images.xcassets/AppIcon.appiconset/Icon-iPhone-Settings-58.png
[3386/3420  0s] CopyFiles /Users/tuantu/Desktop/dev/AI/mobile/game_df/ios-build/Unity-iPhone/Images.xcassets/AppIcon.appiconset/Icon-iPhone-Settings-87.png
[3387/3420  0s] CopyFiles /Users/tuantu/Desktop/dev/AI/mobile/game_df/ios-build/Unity-iPhone/Images.xcassets/AppIcon.appiconset/Icon-iPhone-120.png
[3388/3420  0s] CopyFiles /Users/tuantu/Desktop/dev/AI/mobile/game_df/ios-build/Unity-iPhone/Images.xcassets/AppIcon.appiconset/Icon-iPhone-Settings-29.png
[3389/3420  0s] CopyFiles /Users/tuantu/Desktop/dev/AI/mobile/game_df/ios-build/Unity-iPhone/Images.xcassets/AppIcon.appiconset/Icon-iPhone-Spotlight-120.png
[3390/3420  0s] CopyFiles /Users/tuantu/Desktop/dev/AI/mobile/game_df/ios-build/Unity-iPhone/Images.xcassets/AppIcon.appiconset/Icon-iPhone-180.png
[3391/3420  0s] CopyFiles /Users/tuantu/Desktop/dev/AI/mobile/game_df/ios-build/Unity-iPhone/Images.xcassets/AppIcon.appiconset/Icon-iPhone-Spotlight-80.png
[3392/3420  0s] CopyFiles /Users/tuantu/Desktop/dev/AI/mobile/game_df/ios-build/Unity-iPhone/Images.xcassets/AppIcon.appiconset/Icon-iPhone-Notification-40.png
[3393/3420  0s] CopyFiles /Users/tuantu/Desktop/dev/AI/mobile/game_df/ios-build/Unity-iPhone/Images.xcassets/AppIcon.appiconset/Icon-iPhone-Notification-60.png
[3394/3420  0s] CopyFiles /Users/tuantu/Desktop/dev/AI/mobile/game_df/ios-build/Unity-iPhone/Images.xcassets/AppIcon.appiconset/Icon-iPad-Settings-29.png
[3395/3420  0s] CopyFiles /Users/tuantu/Desktop/dev/AI/mobile/game_df/ios-build/Unity-iPhone/Images.xcassets/AppIcon.appiconset/Icon-iPad-Settings-58.png
[3396/3420  0s] CopyFiles /Users/tuantu/Desktop/dev/AI/mobile/game_df/ios-build/Unity-iPhone/Images.xcassets/AppIcon.appiconset/Icon-iPad-152.png
[3397/3420  0s] CopyFiles /Users/tuantu/Desktop/dev/AI/mobile/game_df/ios-build/Unity-iPhone/Images.xcassets/AppIcon.appiconset/Icon-iPad-76.png
[3398/3420  0s] CopyFiles /Users/tuantu/Desktop/dev/AI/mobile/game_df/ios-build/Unity-iPhone/Images.xcassets/AppIcon.appiconset/Icon-iPad-167.png
[3399/3420  0s] CopyFiles /Users/tuantu/Desktop/dev/AI/mobile/game_df/ios-build/Unity-iPhone/Images.xcassets/AppIcon.appiconset/Icon-iPad-Spotlight-40.png
[3400/3420  0s] CopyFiles /Users/tuantu/Desktop/dev/AI/mobile/game_df/ios-build/Unity-iPhone/Images.xcassets/AppIcon.appiconset/Icon-iPad-Notification-40.png
[3401/3420  0s] CopyFiles /Users/tuantu/Desktop/dev/AI/mobile/game_df/ios-build/Unity-iPhone/Images.xcassets/AppIcon.appiconset/Icon-iPad-Spotlight-80.png
[3402/3420  0s] WriteText /Users/tuantu/Desktop/dev/AI/mobile/game_df/ios-build/Unity-iPhone/Images.xcassets/AppIcon.appiconset/Contents.json
[3403/3420  0s] CopyFiles /Users/tuantu/Desktop/dev/AI/mobile/game_df/ios-build/Unity-iPhone/Images.xcassets/AppIcon.appiconset/Icon-iPad-Notification-20.png
[3404/3420  0s] CopyFiles /Users/tuantu/Desktop/dev/AI/mobile/game_df/ios-build/Unity-iPhone/Images.xcassets/AppIcon.appiconset/Icon-Store-1024.png
[3405/3420  0s] CopyFiles /Users/tuantu/Desktop/dev/AI/mobile/game_df/ios-build/Data/sharedassets0.assets.resS
[3406/3420  0s] CopyFiles /Users/tuantu/Desktop/dev/AI/mobile/game_df/ios-build/Data/sharedassets0.assets
[3407/3420  0s] CopyFiles /Users/tuantu/Desktop/dev/AI/mobile/game_df/ios-build/Data/ScriptingAssemblies.json
[3408/3420  0s] Update Xcode Scheme /Users/tuantu/Desktop/dev/AI/mobile/game_df/ios-build/Unity-iPhone.xcodeproj/xcshareddata/xcschemes/Unity-iPhone.xcscheme
[3409/3420  0s] CopyFiles /Users/tuantu/Desktop/dev/AI/mobile/game_df/ios-build/Data/Resources/unity_builtin_extra
[3410/3420  0s] CopyFiles /Users/tuantu/Desktop/dev/AI/mobile/game_df/ios-build/Data/RuntimeInitializeOnLoads.json
[3411/3420  0s] WriteText /Users/tuantu/Desktop/dev/AI/mobile/game_df/ios-build/Unity-iPhone.xcodeproj/project.pbxproj
[3412/3420  0s] CopyFiles /Users/tuantu/Desktop/dev/AI/mobile/game_df/ios-build/Data/resources.resource
[3413/3420  0s] CopyFiles /Users/tuantu/Desktop/dev/AI/mobile/game_df/ios-build/Data/level0
[3414/3420  0s] CopyFiles /Users/tuantu/Desktop/dev/AI/mobile/game_df/ios-build/Data/resources.assets.resS
[3415/3420  0s] CopyFiles /Users/tuantu/Desktop/dev/AI/mobile/game_df/ios-build/Data/resources.assets
[3416/3420  0s] CopyFiles /Users/tuantu/Desktop/dev/AI/mobile/game_df/ios-build/Libraries/com.unity.inputsystem/InputSystem/Plugins/iOS/iOSStepCounter.mm
[3417/3420  0s] CopyFiles /Users/tuantu/Desktop/dev/AI/mobile/game_df/ios-build/Data/globalgamemanagers
[3418/3420  0s] CopyFiles /Users/tuantu/Desktop/dev/AI/mobile/game_df/ios-build/Data/globalgamemanagers.assets.resS
[3419/3420  0s] CopyFiles /Users/tuantu/Desktop/dev/AI/mobile/game_df/ios-build/Data/globalgamemanagers.assets
*** Tundra build success (0.81 seconds), 3302 items updated, 3420 evaluated
ExitCode: 0 Duration: 0s841ms
Total cache size 267969352
Total cache size after purge 267969352, took 00:00:00.0739421
Asset Pipeline Refresh (id=f4794331fb96746178e190cddd0f944c): Total: 0.122 seconds - Initiated by RefreshV2(NoUpdateAssetOptions)

-------------------------------------------------------------------------------
Build Report
Uncompressed usage by category (Percentages based on user generated assets only):
Textures               11.0 mb	 80.7% 
Meshes                 0.0 kb	 0.0% 
Animations             54.5 kb	 0.4% 
Sounds                 58.6 kb	 0.4% 
Shaders                971.8 kb	 7.0% 
Other Assets           1.4 mb	 10.1% 
Levels                 1.6 kb	 0.0% 
File headers           46.3 kb	 0.3% 
Total User Assets      13.6 mb	 100.0% 
Complete build size    1023.3 mb
Used Assets and files from the Resources folder, sorted by uncompressed size:
 1.2 mb	 0.1% Built-in Texture2D: Splash Screen Unity Logo
 685.0 kb	 0.1% Assets/_Project/Resources/Art/home_campaign_bg.png
 512.5 kb	 0.0% Resources/unity_builtin_extra
 481.7 kb	 0.0% Assets/_Project/Art/Characters/batigol_hero.png
 481.4 kb	 0.0% Assets/_Project/Art/Characters/dibu_hero.png
 481.3 kb	 0.0% Assets/_Project/Art/Characters/tambor_enemy.png
 479.9 kb	 0.0% Assets/_Project/Resources/Art/dibu_glove.png
 479.3 kb	 0.0% Assets/_Project/Art/Characters/la_pulga_hero.png
 479.0 kb	 0.0% Assets/_Project/Art/Characters/o_capitao_enemy.png
 478.7 kb	 0.0% Assets/_Project/Art/Characters/d10s_hero.png
 478.2 kb	 0.0% Assets/_Project/Resources/Art/fire.png
 476.1 kb	 0.0% Assets/_Project/Art/Characters/tifoso_enemy.png
 475.7 kb	 0.0% Assets/_Project/Art/Characters/el_arbitro_hero.png
 475.6 kb	 0.0% Assets/_Project/Resources/Art/dibu_cup.png
 474.6 kb	 0.0% Assets/_Project/Art/Characters/adepto_enemy.png
 437.4 kb	 0.0% Assets/_Project/Resources/Fonts/Inter-SemiBold.ttf
 421.8 kb	 0.0% Assets/_Project/Resources/Fonts/Inter-Regular.ttf
 266.7 kb	 0.0% Packages/com.unity.render-pipelines.universal/Shaders/2D/Light2D.shader
 262.6 kb	 0.0% Packages/com.unity.render-pipelines.universal/Textures/SMAA/AreaTex.tga
 256.1 kb	 0.0% Packages/com.unity.render-pipelines.universal/Textures/FilmGrain/Thin02.png
 256.1 kb	 0.0% Packages/com.unity.render-pipelines.universal/Textures/FilmGrain/Thin01.png
 256.1 kb	 0.0% Packages/com.unity.render-pipelines.universal/Textures/FilmGrain/Medium06.png
 256.1 kb	 0.0% Packages/com.unity.render-pipelines.universal/Textures/FilmGrain/Medium05.png
 256.1 kb	 0.0% Packages/com.unity.render-pipelines.universal/Textures/FilmGrain/Medium04.png
 256.1 kb	 0.0% Packages/com.unity.render-pipelines.universal/Textures/FilmGrain/Medium03.png
 256.1 kb	 0.0% Packages/com.unity.render-pipelines.universal/Textures/FilmGrain/Medium02.png
 256.1 kb	 0.0% Packages/com.unity.render-pipelines.universal/Textures/FilmGrain/Medium01.png
 256.1 kb	 0.0% Packages/com.unity.render-pipelines.universal/Textures/FilmGrain/Large02.png
 256.1 kb	 0.0% Packages/com.unity.render-pipelines.universal/Textures/FilmGrain/Large01.png
 247.9 kb	 0.0% Assets/_Project/Resources/Art/la_pulga_ball.png
 230.5 kb	 0.0% Packages/com.unity.render-pipelines.universal/Shaders/PostProcessing/UberPost.shader
 228.9 kb	 0.0% Assets/_Project/Resources/BakedConfig.asset
 81.3 kb	 0.0% Packages/com.unity.render-pipelines.core/Runtime/Vrs/Shaders/VrsTexture.compute
 67.4 kb	 0.0% Packages/com.unity.render-pipelines.universal/Shaders/Utils/CoreBlit.shader
 30.6 kb	 0.0% Packages/com.unity.render-pipelines.universal/Shaders/PostProcessing/FinalPost.shader
 30.6 kb	 0.0% Packages/com.unity.render-pipelines.universal/Shaders/PostProcessing/BokehDepthOfField.shader
 30.1 kb	 0.0% Assets/_Project/Resources/Art/portrait_dibu.png
 27.7 kb	 0.0% Assets/_Project/Resources/Art/portrait_el_arbitro.png
 27.4 kb	 0.0% Assets/_Project/Resources/Art/portrait_batigol.png
 27.2 kb	 0.0% Assets/_Project/Resources/Art/portrait_la_pulga.png
 27.1 kb	 0.0% Packages/com.unity.render-pipelines.universal/Shaders/Terrain/WavingGrass.shader
 26.6 kb	 0.0% Packages/com.unity.render-pipelines.universal/Shaders/PostProcessing/TemporalAA.shader
 25.6 kb	 0.0% Assets/_Project/Resources/Art/portrait_d10s.png
 25.4 kb	 0.0% Packages/com.unity.render-pipelines.universal/Shaders/PostProcessing/LensFlareDataDriven.shader
 22.7 kb	 0.0% Packages/com.unity.render-pipelines.universal/Shaders/PostProcessing/Bloom.shader
 20.7 kb	 0.0% Packages/com.unity.render-pipelines.universal/Shaders/Terrain/WavingGrassBillboard.shader
 20.6 kb	 0.0% Packages/com.unity.render-pipelines.universal/Shaders/PostProcessing/CameraMotionBlur.shader
 20.3 kb	 0.0% Packages/com.unity.render-pipelines.universal/Shaders/Terrain/TerrainDetailLit.shader
 18.7 kb	 0.0% Packages/com.unity.render-pipelines.universal/Shaders/PostProcessing/LensFlareScreenSpace.shader
 17.4 kb	 0.0% Packages/com.unity.render-pipelines.universal/Shaders/PostProcessing/GaussianDepthOfField.shader
 15.0 kb	 0.0% Packages/com.unity.render-pipelines.universal/Shaders/PostProcessing/SubpixelMorphologicalAntialiasing.shader
 14.9 kb	 0.0% Packages/com.unity.render-pipelines.universal/Textures/DebugFont.tga
 12.4 kb	 0.0% Packages/com.unity.render-pipelines.universal/Shaders/Debug/HDRDebugView.shader
 12.1 kb	 0.0% Packages/com.unity.render-pipelines.universal/Shaders/PostProcessing/LutBuilderHdr.shader
 10.2 kb	 0.0% Packages/com.unity.render-pipelines.universal/Shaders/Utils/CoreBlitColorAndDepth.shader
 9.8 kb	 0.0% Assets/Settings/InputSystem_Actions.inputactions
 8.6 kb	 0.0% Assets/_Project/Resources/Icons/coin.png
 8.4 kb	 0.0% Assets/_Project/Resources/Icons/goal.png
 8.3 kb	 0.0% Assets/_Project/Resources/Icons/save.png
 8.0 kb	 0.0% Packages/com.unity.render-pipelines.universal/Shaders/2D/Shadow2D-Projected.shader
 8.0 kb	 0.0% Packages/com.unity.render-pipelines.core/Shaders/CoreCopy.shader
 7.8 kb	 0.0% Packages/com.unity.render-pipelines.universal/Shaders/PostProcessing/LutBuilderLdr.shader
 7.6 kb	 0.0% Assets/_Project/Resources/Audio/wave_start.ogg
 7.4 kb	 0.0% Packages/com.unity.render-pipelines.universal/Shaders/2D/Shadow2D-Unshadow-Sprite.shader
 7.0 kb	 0.0% Packages/com.unity.render-pipelines.universal/Shaders/PostProcessing/EdgeAdaptiveSpatialUpsampling.shader
 6.8 kb	 0.0% Packages/com.unity.render-pipelines.universal/Shaders/PostProcessing/ScalingSetup.shader
 6.7 kb	 0.0% Packages/com.unity.render-pipelines.universal/Shaders/2D/Shadow2D-Unshadow-Geometry.shader
 6.2 kb	 0.0% Assets/_Project/Resources/Audio/punch_heavy.ogg
 5.7 kb	 0.0% Assets/_Project/Resources/Icons/audio_on.png
 5.4 kb	 0.0% Assets/_Project/Resources/Audio/goal_hit.ogg
 5.3 kb	 0.0% Assets/_Project/Resources/Icons/star.png
 5.3 kb	 0.0% Assets/_Project/Resources/Icons/speed.png
 5.2 kb	 0.0% Assets/_Project/Resources/Icons/audio_off.png
 5.2 kb	 0.0% Assets/_Project/Resources/Icons/plus.png
 5.2 kb	 0.0% Assets/_Project/Resources/Audio/explode.ogg
 4.9 kb	 0.0% Packages/com.unity.render-pipelines.universal/Shaders/Debug/DebugReplacement.shader
 4.9 kb	 0.0% Packages/com.unity.render-pipelines.universal/Shaders/Utils/CopyDepth.shader
 4.8 kb	 0.0% Assets/_Project/Resources/Audio/upgrade.ogg
 4.8 kb	 0.0% Packages/com.unity.render-pipelines.universal/Shaders/PostProcessing/PaniniProjection.shader
 4.4 kb	 0.0% Packages/com.unity.render-pipelines.universal/Shaders/2D/Shadow2D-Shadow-Sprite.shader
 4.4 kb	 0.0% Assets/_Project/Resources/Audio/denied.ogg
 4.3 kb	 0.0% Assets/_Project/Resources/Audio/punch.ogg
 4.3 kb	 0.0% Packages/com.unity.render-pipelines.universal/Shaders/Utils/Sampling.shader
 4.3 kb	 0.0% Assets/_Project/Resources/Fonts/Inter-LICENSE.txt
 4.3 kb	 0.0% Packages/com.unity.render-pipelines.universal/Shaders/PostProcessing/StopNaN.shader
 4.2 kb	 0.0% Packages/com.unity.render-pipelines.universal/Textures/BlueNoise64/L/LDR_LLL1_0.png
 4.1 kb	 0.0% Packages/com.unity.render-pipelines.universal/Shaders/Utils/FallbackError.shader
 4.1 kb	 0.0% Packages/com.unity.render-pipelines.core/Runtime/Vrs/Shaders/VrsVisualization.shader
 4.0 kb	 0.0% Packages/com.unity.render-pipelines.universal/Shaders/2D/Shadow2D-Shadow-Geometry.shader
 3.7 kb	 0.0% Packages/com.unity.render-pipelines.core/Runtime/RenderPipelineResources/FallbackShader.shader
 3.1 kb	 0.0% Assets/_Project/Resources/Audio/shot_ball.ogg
 3.0 kb	 0.0% Assets/_Project/Resources/Audio/buy.ogg
 2.9 kb	 0.0% Assets/_Project/Resources/Audio/throw.ogg
 2.8 kb	 0.0% Assets/Settings/DefaultVolumeProfile.asset
 2.7 kb	 0.0% Assets/_Project/Resources/Audio/wave_clear.ogg
 2.6 kb	 0.0% Packages/com.unity.render-pipelines.universal/Shaders/Debug/ProbeVolumeSamplingDebugPositionNormal.compute
 2.6 kb	 0.0% Assets/_Project/Resources/Audio/enemy_die.ogg
 2.6 kb	 0.0% Assets/Settings/UniversalRenderPipelineGlobalSettings.asset
 2.4 kb	 0.0% Assets/_Project/Resources/Anim/el_arbitro_yellow.anim
 2.4 kb	 0.0% Assets/_Project/Resources/Anim/el_arbitro_red.anim
 2.4 kb	 0.0% Assets/_Project/Resources/Anim/o_capitao_walk.anim
 2.4 kb	 0.0% Assets/_Project/Resources/Anim/la_pulga_volley.anim
 2.4 kb	 0.0% Assets/_Project/Resources/Anim/la_pulga_kick.anim
 2.4 kb	 0.0% Assets/_Project/Resources/Anim/la_pulga_curl.anim
 2.4 kb	 0.0% Assets/_Project/Resources/Anim/batigol_stomp.anim
 2.4 kb	 0.0% Assets/_Project/Resources/Anim/batigol_punch.anim
 2.4 kb	 0.0% Assets/_Project/Resources/Anim/tifoso_walk.anim
 2.4 kb	 0.0% Assets/_Project/Resources/Anim/tambor_walk.anim
 2.4 kb	 0.0% Assets/_Project/Resources/Anim/dibu_glove.anim
 2.4 kb	 0.0% Assets/_Project/Resources/Anim/dibu_ball.anim
 2.4 kb	 0.0% Assets/_Project/Resources/Anim/d10s_mortar.anim
 2.4 kb	 0.0% Assets/_Project/Resources/Anim/d10s_bottle.anim
 2.4 kb	 0.0% Assets/_Project/Resources/Anim/d10s_ball.anim
 2.4 kb	 0.0% Assets/_Project/Resources/Anim/batigol_kick.anim
 2.4 kb	 0.0% Assets/_Project/Resources/Anim/adepto_walk.anim
 2.4 kb	 0.0% Assets/_Project/Resources/Anim/dibu_cup.anim
 2.3 kb	 0.0% Assets/_Project/Resources/Anim/la_pulga_idle.anim
 2.3 kb	 0.0% Assets/_Project/Resources/Anim/el_arbitro_idle.anim
 2.3 kb	 0.0% Assets/_Project/Resources/Anim/dibu_idle.anim
 2.3 kb	 0.0% Assets/_Project/Resources/Anim/d10s_idle.anim
 2.3 kb	 0.0% Assets/_Project/Resources/Anim/batigol_idle.anim
 2.0 kb	 0.0% Assets/_Project/Resources/Audio/card.ogg
 2.0 kb	 0.0% Assets/_Project/Resources/Art/d10s_bottle.png
 2.0 kb	 0.0% Assets/Resources/PerformanceTestRunInfo.json
 1.9 kb	 0.0% Assets/_Project/Resources/Audio/save.ogg
 1.9 kb	 0.0% Assets/_Project/Resources/Audio/sell.ogg
 1.7 kb	 0.0% Assets/_Project/Resources/Anim/d10s.controller
 1.7 kb	 0.0% Assets/_Project/Resources/Anim/batigol.controller
 1.7 kb	 0.0% Assets/_Project/Resources/Anim/la_pulga.controller
 1.6 kb	 0.0% Assets/_Project/Resources/Anim/dibu.controller
 1.3 kb	 0.0% Assets/_Project/Resources/Fonts/CREDITS.txt
 1.2 kb	 0.0% Assets/_Project/Resources/Anim/el_arbitro.controller
 1.2 kb	 0.0% Assets/_Project/Resources/Audio/CREDITS.txt
 1.2 kb	 0.0% Packages/com.unity.render-pipelines.universal/Textures/SMAA/SearchTex.tga
 1.0 kb	 0.0% Assets/_Project/Resources/Icons/CREDITS.txt
 0.8 kb	 0.0% Packages/com.unity.render-pipelines.universal/Runtime/Data/PostProcessData.asset
 0.5 kb	 0.0% Assets/_Project/Resources/Audio/tap.ogg
 0.5 kb	 0.0% Packages/com.unity.render-pipelines.universal/Shaders/XR/XRMirrorView.shader
 0.5 kb	 0.0% Packages/com.unity.render-pipelines.universal/Shaders/Utils/BlitHDROverlay.shader
 0.4 kb	 0.0% Assets/Settings/UniversalRP.asset
 0.4 kb	 0.0% Built-in Sprite: 
 0.4 kb	 0.0% Assets/_Project/Resources/Anim/o_capitao.controller
 0.4 kb	 0.0% Assets/_Project/Resources/Anim/tifoso.controller
 0.4 kb	 0.0% Assets/_Project/Resources/Anim/tambor.controller
 0.4 kb	 0.0% Assets/_Project/Resources/Anim/adepto.controller
 0.4 kb	 0.0% Packages/com.unity.render-pipelines.universal/Textures/BlueNoise16/L/LDR_LLL1_9.png
 0.4 kb	 0.0% Packages/com.unity.render-pipelines.universal/Textures/BlueNoise16/L/LDR_LLL1_8.png
 0.4 kb	 0.0% Packages/com.unity.render-pipelines.universal/Textures/BlueNoise16/L/LDR_LLL1_7.png
 0.4 kb	 0.0% Packages/com.unity.render-pipelines.universal/Textures/BlueNoise16/L/LDR_LLL1_6.png
 0.4 kb	 0.0% Packages/com.unity.render-pipelines.universal/Textures/BlueNoise16/L/LDR_LLL1_5.png
 0.4 kb	 0.0% Packages/com.unity.render-pipelines.universal/Textures/BlueNoise16/L/LDR_LLL1_4.png
 0.4 kb	 0.0% Packages/com.unity.render-pipelines.universal/Textures/BlueNoise16/L/LDR_LLL1_31.png
 0.4 kb	 0.0% Packages/com.unity.render-pipelines.universal/Textures/BlueNoise16/L/LDR_LLL1_30.png
 0.4 kb	 0.0% Packages/com.unity.render-pipelines.universal/Textures/BlueNoise16/L/LDR_LLL1_3.png
 0.4 kb	 0.0% Packages/com.unity.render-pipelines.universal/Textures/BlueNoise16/L/LDR_LLL1_29.png
 0.4 kb	 0.0% Packages/com.unity.render-pipelines.universal/Textures/BlueNoise16/L/LDR_LLL1_28.png
 0.4 kb	 0.0% Packages/com.unity.render-pipelines.universal/Textures/BlueNoise16/L/LDR_LLL1_27.png
 0.4 kb	 0.0% Packages/com.unity.render-pipelines.universal/Textures/BlueNoise16/L/LDR_LLL1_26.png
 0.4 kb	 0.0% Packages/com.unity.render-pipelines.universal/Textures/BlueNoise16/L/LDR_LLL1_25.png
 0.4 kb	 0.0% Packages/com.unity.render-pipelines.universal/Textures/BlueNoise16/L/LDR_LLL1_24.png
 0.4 kb	 0.0% Packages/com.unity.render-pipelines.universal/Textures/BlueNoise16/L/LDR_LLL1_23.png
 0.4 kb	 0.0% Packages/com.unity.render-pipelines.universal/Textures/BlueNoise16/L/LDR_LLL1_22.png
 0.4 kb	 0.0% Packages/com.unity.render-pipelines.universal/Textures/BlueNoise16/L/LDR_LLL1_21.png
 0.4 kb	 0.0% Packages/com.unity.render-pipelines.universal/Textures/BlueNoise16/L/LDR_LLL1_20.png
 0.4 kb	 0.0% Packages/com.unity.render-pipelines.universal/Textures/BlueNoise16/L/LDR_LLL1_2.png
 0.4 kb	 0.0% Packages/com.unity.render-pipelines.universal/Textures/BlueNoise16/L/LDR_LLL1_19.png
 0.4 kb	 0.0% Packages/com.unity.render-pipelines.universal/Textures/BlueNoise16/L/LDR_LLL1_18.png
 0.4 kb	 0.0% Packages/com.unity.render-pipelines.universal/Textures/BlueNoise16/L/LDR_LLL1_17.png
 0.4 kb	 0.0% Packages/com.unity.render-pipelines.universal/Textures/BlueNoise16/L/LDR_LLL1_16.png
 0.4 kb	 0.0% Packages/com.unity.render-pipelines.universal/Textures/BlueNoise16/L/LDR_LLL1_15.png
 0.4 kb	 0.0% Packages/com.unity.render-pipelines.universal/Textures/BlueNoise16/L/LDR_LLL1_14.png
 0.4 kb	 0.0% Packages/com.unity.render-pipelines.universal/Textures/BlueNoise16/L/LDR_LLL1_13.png
 0.4 kb	 0.0% Packages/com.unity.render-pipelines.universal/Textures/BlueNoise16/L/LDR_LLL1_12.png
 0.4 kb	 0.0% Packages/com.unity.render-pipelines.universal/Textures/BlueNoise16/L/LDR_LLL1_11.png
 0.4 kb	 0.0% Packages/com.unity.render-pipelines.universal/Textures/BlueNoise16/L/LDR_LLL1_10.png
 0.4 kb	 0.0% Packages/com.unity.render-pipelines.universal/Textures/BlueNoise16/L/LDR_LLL1_1.png
 0.4 kb	 0.0% Packages/com.unity.render-pipelines.universal/Textures/BlueNoise16/L/LDR_LLL1_0.png
 0.4 kb	 0.0% Packages/com.unity.render-pipelines.universal/Shaders/XR/XROcclusionMesh.shader
 0.4 kb	 0.0% Packages/com.unity.render-pipelines.universal/Shaders/XR/XRMotionVector.shader
 0.3 kb	 0.0% Assets/Settings/Renderer2D.asset
 0.2 kb	 0.0% Packages/com.unity.render-pipelines.core/Runtime-PrivateShared/InternalBridge/RenderPipelineEditorUtilityBridge.cs
 0.2 kb	 0.0% Packages/com.unity.render-pipelines.core/Runtime-PrivateShared/InternalRenderPipelineGlobalSettingsUtils.cs
 0.2 kb	 0.0% Packages/com.unity.render-pipelines.universal/Runtime/Debug/UniversalRenderPipelineVolumeDebugSettings.deprecated.cs
 0.2 kb	 0.0% Packages/com.unity.render-pipelines.universal/Runtime/RenderPipelineResources/UniversalRenderPipelineRuntimeXRResources.cs
 0.2 kb	 0.0% Packages/com.unity.render-pipelines.universal/Runtime/RenderPipelineResources/UniversalRenderPipelineRuntimeTerrainShaders.cs
 0.2 kb	 0.0% Packages/com.unity.render-pipelines.universal/Runtime/Debug/UniversalRenderPipelineVolumeDebugSettings.cs
 0.2 kb	 0.0% Packages/com.unity.render-pipelines.universal/Runtime/Debug/UniversalRenderPipelineDebugDisplaySettings.cs
 0.2 kb	 0.0% Packages/com.unity.render-pipelines.core/Runtime/RenderGraph/RenderGraphResourceAccelerationStructure.cs
 0.2 kb	 0.0% Packages/com.unity.render-pipelines.universal/Runtime/UniversalRenderPipelineGlobalSettings.cs
 0.2 kb	 0.0% Packages/com.unity.render-pipelines.universal/Runtime/RenderPipelineResources/UniversalRenderPipelineRuntimeTextures.cs
 0.2 kb	 0.0% Packages/com.unity.render-pipelines.universal/Runtime/RenderPipelineResources/UniversalRenderPipelineRuntimeShaders.cs
 0.2 kb	 0.0% Packages/com.unity.render-pipelines.universal/Runtime/RenderPipelineResources/UniversalRenderPipelineEditorMaterials.cs
 0.2 kb	 0.0% Packages/com.unity.render-pipelines.universal/Runtime/Debug/UniversalRenderPipelineDebugDisplayStats.cs
 0.2 kb	 0.0% Packages/com.unity.render-pipelines.core/Runtime-PrivateShared/InternalRenderGraphValidation.cs
 0.2 kb	 0.0% Packages/com.unity.render-pipelines.universal/Runtime/2D/Shadows/Providers/ShadowShape2DProvider_SpriteRenderer.cs
 0.2 kb	 0.0% Packages/com.unity.render-pipelines.core/Runtime/Stripping/RenderPipelineGraphicsSettingsStripperFetcher.cs
 0.2 kb	 0.0% Packages/com.unity.render-pipelines.core/Runtime/RenderGraph/IRenderGraphEnabledRenderPipeline.cs
 0.2 kb	 0.0% Packages/com.unity.render-pipelines.universal/Runtime/RenderPipelineResources/UniversalRenderPipelineEditorShaders.cs
 0.2 kb	 0.0% Packages/com.unity.render-pipelines.universal/Runtime/RenderPipelineResources/UniversalRenderPipelineEditorAssets.cs
 0.2 kb	 0.0% Packages/com.unity.render-pipelines.universal/Runtime/RenderPipelineResources/UniversalRenderPipelineDebugShaders.cs
 0.2 kb	 0.0% Packages/com.unity.render-pipelines.universal/Runtime/Passes/PostProcess/TemporalAntiAliasingPostProcessPass.cs
 0.2 kb	 0.0% Packages/com.unity.render-pipelines.universal/Runtime/Passes/PostProcess/LensFlareScreenSpacePostProcessPass.cs
 0.2 kb	 0.0% Packages/com.unity.render-pipelines.universal/Runtime/Passes/PostProcess/LensFlareDataDrivenPostProcessPass.cs
 0.2 kb	 0.0% Packages/com.unity.render-pipelines.universal/Runtime/Passes/PostProcess/DepthOfFieldGaussianPostProcessPass.cs
 0.2 kb	 0.0% Packages/com.unity.render-pipelines.universal/Runtime/Passes/AdditionalLightsShadowCasterPass.cs
 0.2 kb	 0.0% Packages/com.unity.render-pipelines.universal/Runtime/Passes/AdditionalLightsShadowAtlasLayout.cs
 0.2 kb	 0.0% Packages/com.unity.render-pipelines.core/Runtime/Stripping/RenderPipelineGraphicsSettingsStripperReport.cs
 0.2 kb	 0.0% Packages/com.unity.render-pipelines.core/Runtime/RenderGraph/Compiler/NativePassCompiler.Debug.cs
 0.2 kb	 0.0% Packages/com.unity.render-pipelines.core/Runtime/GPUDriven/Culling/OcclusionCullingCommonShaderVariables.cs
 0.2 kb	 0.0% Packages/com.unity.render-pipelines.core/Runtime/GPUDriven/Culling/InstanceOcclusionCullerShaderVariables.cs
 0.2 kb	 0.0% Packages/com.unity.render-pipelines.universal/Runtime/2D/Shadows/Providers/ShadowShape2DProvider_Collider.cs
 0.2 kb	 0.0% Packages/com.unity.render-pipelines.universal/Runtime/2D/CinemachineUniversalPixelPerfect.cs
 0.2 kb	 0.0% Packages/com.unity.render-pipelines.core/Runtime/Stripping/RenderPipelineGraphicsSettingsStripper.cs
 0.2 kb	 0.0% Packages/com.unity.render-pipelines.core/Runtime/RenderPipeline/RenderPipelineGraphicsSettingsContainer.cs
 0.2 kb	 0.0% Packages/com.unity.render-pipelines.core/Runtime/RenderGraph/Compiler/NativePassCompiler.cs
 0.2 kb	 0.0% Packages/com.unity.render-pipelines.core/Runtime/RenderGraph/Compiler/CompilerContextData.cs
 0.2 kb	 0.0% Packages/com.unity.render-pipelines.core/Runtime/Common/IVirtualTexturingEnabledRenderPipeline.cs
 0.2 kb	 0.0% Packages/com.unity.render-pipelines.universal/Textures/BayerMatrix.png
 0.2 kb	 0.0% Packages/com.unity.render-pipelines.universal/Runtime/VolumeRequiresRendererFeatures.cs
 0.2 kb	 0.0% Packages/com.unity.render-pipelines.universal/Runtime/UniversalAdditionalCameraData.cs
 0.2 kb	 0.0% Packages/com.unity.render-pipelines.universal/Runtime/Settings/URPDefaultVolumeProfileSetting.cs
 0.2 kb	 0.0% Packages/com.unity.render-pipelines.universal/Runtime/RendererFeatures/FullScreenPassRendererFeature.cs
 0.2 kb	 0.0% Packages/com.unity.render-pipelines.universal/Runtime/RendererFeatures/DisallowMultipleRendererFeature.cs
 0.2 kb	 0.0% Packages/com.unity.render-pipelines.universal/Runtime/Passes/ScreenSpaceAmbientOcclusionPass.cs
 0.2 kb	 0.0% Packages/com.unity.render-pipelines.universal/Runtime/Passes/PostProcess/PaniniProjectionPostProcessPass.cs
 0.2 kb	 0.0% Packages/com.unity.render-pipelines.universal/Runtime/Passes/MainLightShadowCasterPass.cs
 0.2 kb	 0.0% Packages/com.unity.render-pipelines.universal/Runtime/Passes/InvokeOnRenderObjectCallbackPass.cs
 0.2 kb	 0.0% Packages/com.unity.render-pipelines.universal/Runtime/Decal/Entities/DecalUpdateCullingGroupSystem.cs
 0.2 kb	 0.0% Packages/com.unity.render-pipelines.universal/Runtime/Debug/DebugDisplaySettingsRendering.cs
 0.2 kb	 0.0% Packages/com.unity.render-pipelines.core/Runtime/UnifiedRayTracing/Hardware/HardwareRayTracingAccelStruct.cs
 0.2 kb	 0.0% Packages/com.unity.render-pipelines.core/Runtime/RenderGraph/RenderGraphUtilsResources.cs
 0.2 kb	 0.0% Packages/com.unity.render-pipelines.core/Runtime/Lighting/ProbeVolume/ProbeReferenceVolume.ReflProbeNormalization.cs
 0.2 kb	 0.0% Packages/com.unity.render-pipelines.core/Runtime/GPUDriven/Culling/OcclusionCullingDebugShaderVariables.cs
 0.2 kb	 0.0% Packages/com.unity.render-pipelines.core/Runtime-PrivateShared/OnTileValidationLayer.cs
 0.2 kb	 0.0% Packages/com.unity.render-pipelines.universal/Runtime/UniversalRenderPipelineRenderGraph.cs
 0.2 kb	 0.0% Packages/com.unity.render-pipelines.universal/Runtime/Passes/PostProcess/DepthOfFieldBokehProcessPass.cs
 0.2 kb	 0.0% Packages/com.unity.render-pipelines.universal/Runtime/2D/Sources/Shadow2DSource_ShapeEditor.cs
 0.2 kb	 0.0% Packages/com.unity.render-pipelines.universal/Runtime/2D/Shadows/ShadowCasterGroup2DManager.cs
 0.2 kb	 0.0% Packages/com.unity.render-pipelines.universal/Runtime/2D/Rendergraph/CopyCameraSortingLayerPass.cs
 0.2 kb	 0.0% Packages/com.unity.render-pipelines.universal/Runtime/2D/RendererFeatures/ScriptableRendererFeature2D.cs
 0.2 kb	 0.0% Packages/com.unity.render-pipelines.universal/Runtime/2D/PixelPerfectCameraInternal.cs
 0.2 kb	 0.0% Packages/com.unity.render-pipelines.core/Runtime/Vrs/VrsRenderPipelineRuntimeResources.cs
 0.2 kb	 0.0% Packages/com.unity.render-pipelines.core/Runtime/Settings/RenderingDebuggerRuntimeResources.cs
 0.2 kb	 0.0% Packages/com.unity.render-pipelines.core/Runtime/RenderPipeline/RenderPipelineGlobalSettingsUtils.cs
 0.2 kb	 0.0% Packages/com.unity.render-pipelines.core/Runtime/RenderGraph/RenderGraphValidationLayer.cs
 0.2 kb	 0.0% Packages/com.unity.render-pipelines.core/Runtime/RenderGraph/RenderGraphResourceRegistry.cs
 0.2 kb	 0.0% Packages/com.unity.render-pipelines.core/Runtime/RenderGraph/RenderGraphDefaultResources.cs
 0.2 kb	 0.0% Packages/com.unity.render-pipelines.core/Runtime/RenderGraph/Compiler/ResourcesData.cs
 0.2 kb	 0.0% Packages/com.unity.render-pipelines.core/Runtime/Lighting/ProbeVolume/ProbeVolumeConstantRuntimeResources.cs
 0.2 kb	 0.0% Packages/com.unity.render-pipelines.core/Runtime/Lighting/ProbeVolume/ProbeVolumeBakingSetWeakReference.cs
 0.2 kb	 0.0% Packages/com.unity.render-pipelines.core/Runtime/Lighting/ProbeVolume/IProbeVolumeEnabledRenderPipeline.cs
 0.2 kb	 0.0% Packages/com.unity.render-pipelines.universal/Runtime/UniversalAdditionalLightData.cs
 0.2 kb	 0.0% Packages/com.unity.render-pipelines.universal/Runtime/Tiling/ReflectionProbeMinMaxZJob.cs
 0.2 kb	 0.0% Packages/com.unity.render-pipelines.universal/Runtime/Settings/URPShaderStrippingSetting.cs
 0.2 kb	 0.0% Packages/com.unity.render-pipelines.universal/Runtime/ScriptableRendererFeature.cs
 0.2 kb	 0.0% Packages/com.unity.render-pipelines.universal/Runtime/RendererFeatures/ScreenSpaceAmbientOcclusion.cs
 0.2 kb	 0.0% Packages/com.unity.render-pipelines.universal/Runtime/RendererFeatures/OnTilePostProcessResource.cs
 0.2 kb	 0.0% Packages/com.unity.render-pipelines.universal/Runtime/RenderTargetBufferSystem.cs
 0.2 kb	 0.0% Packages/com.unity.render-pipelines.universal/Runtime/RenderPipelineResources/UniversalRendererResources.cs
 0.2 kb	 0.0% Packages/com.unity.render-pipelines.universal/Runtime/Passes/StencilCrossFadeRenderPass.cs
 0.2 kb	 0.0% Packages/com.unity.render-pipelines.universal/Runtime/Passes/PostProcess/ScalingSetupPostProcessPass.cs
 0.2 kb	 0.0% Packages/com.unity.render-pipelines.universal/Runtime/Passes/PostProcess/MotionBlurPostProcessPass.cs
 0.2 kb	 0.0% Packages/com.unity.render-pipelines.universal/Runtime/Passes/PostProcess/Fsr1UpscalePostProcessPass.cs
 0.2 kb	 0.0% Packages/com.unity.render-pipelines.universal/Runtime/Overrides/ShadowsMidtonesHighlights.cs
 0.2 kb	 0.0% Packages/com.unity.render-pipelines.universal/Runtime/FrameData/UniversalPostProcessingData.cs
 0.2 kb	 0.0% Packages/com.unity.render-pipelines.universal/Runtime/Decal/ScreenSpace/DecalScreenSpaceRenderPass.cs
 0.2 kb	 0.0% Packages/com.unity.render-pipelines.universal/Runtime/Decal/Entities/DecalCreateDrawCallSystem.cs
 0.2 kb	 0.0% Packages/com.unity.render-pipelines.universal/Runtime/Debug/DebugDisplaySettingsMaterial.cs
 0.2 kb	 0.0% Packages/com.unity.render-pipelines.universal/Runtime/Debug/DebugDisplaySettingsLighting.cs
 0.2 kb	 0.0% Packages/com.unity.render-pipelines.universal/Runtime/Debug/DebugDisplaySettingsCommon.cs
 0.2 kb	 0.0% Packages/com.unity.render-pipelines.universal/Runtime/Data/UniversalRenderPipelineAsset.cs
 0.2 kb	 0.0% Packages/com.unity.render-pipelines.core/Runtime/UnifiedRayTracing/UnifiedRayTracingException.cs
 0.2 kb	 0.0% Packages/com.unity.render-pipelines.core/Runtime/UnifiedRayTracing/Hardware/HardwareRayTracingBackend.cs
 0.2 kb	 0.0% Packages/com.unity.render-pipelines.core/Runtime/UnifiedRayTracing/Compute/ComputeRayTracingAccelStruct.cs
 0.2 kb	 0.0% Packages/com.unity.render-pipelines.core/Runtime/RenderGraph/RenderGraphResourceRendererList.cs
 0.2 kb	 0.0% Packages/com.unity.render-pipelines.core/Runtime/RenderGraph/Compiler/PassesData.cs
 0.2 kb	 0.0% Packages/com.unity.render-pipelines.core/Runtime/GPUDriven/Debug/DebugDisplayGPUResidentDrawer.cs
 0.2 kb	 0.0% Packages/com.unity.render-pipelines.core/Runtime/GPUDriven/Culling/OccluderDepthPyramidConstants.cs
 0.2 kb	 0.0% Packages/com.unity.collections/Unity.Collections/GenerateTestsForBurstCompatibilityAttribute.cs
 0.2 kb	 0.0% Packages/com.unity.render-pipelines.universal/Runtime/UniversalRenderPipelineCore.cs
 0.2 kb	 0.0% Packages/com.unity.render-pipelines.universal/Runtime/FrameData/UniversalResourceBase.cs
 0.2 kb	 0.0% Packages/com.unity.render-pipelines.universal/Runtime/2D/URP2D_GraphicsExtensions.cs
 0.2 kb	 0.0% Packages/com.unity.render-pipelines.universal/Runtime/2D/Sources/Shadow2DProviderSources.cs
 0.2 kb	 0.0% Packages/com.unity.render-pipelines.universal/Runtime/2D/Sources/Shadow2DProviderSource.cs
 0.2 kb	 0.0% Packages/com.unity.render-pipelines.universal/Runtime/2D/Sources/Light2DSource_BuiltIn.cs
 0.2 kb	 0.0% Packages/com.unity.render-pipelines.universal/Runtime/2D/Sources/Light2DProviderSources.cs
 0.2 kb	 0.0% Packages/com.unity.render-pipelines.universal/Runtime/2D/Sources/Light2DProviderSource.cs
 0.2 kb	 0.0% Packages/com.unity.render-pipelines.universal/Runtime/2D/Shadows/Providers/ShadowShape2DProvider.cs
 0.2 kb	 0.0% Packages/com.unity.render-pipelines.universal/Runtime/2D/Shadows/CompositeShadowCaster2D.cs
 0.2 kb	 0.0% Packages/com.unity.render-pipelines.universal/Runtime/2D/RendererFeatures/ScriptableRenderPass2D.cs
 0.2 kb	 0.0% Packages/com.unity.render-pipelines.universal/Runtime/2D/FrameData/Universal2DRenderingData.cs
 0.2 kb	 0.0% Packages/com.unity.render-pipelines.core/Runtime/Utilities/CoreRenderPipelinePreferences.cs
 0.2 kb	 0.0% Packages/com.unity.render-pipelines.core/Runtime/Settings/IDefaultVolumeProfileSettings.cs
 0.2 kb	 0.0% Packages/com.unity.render-pipelines.core/Runtime/RenderGraph/RenderGraphResourcePool.cs
 0.2 kb	 0.0% Packages/com.unity.render-pipelines.core/Runtime/RenderGraph/RenderGraphObjectPool.cs
 0.2 kb	 0.0% Packages/com.unity.render-pipelines.core/Runtime/RenderGraph/Debug/RenderGraphDebugSession.cs
 0.2 kb	 0.0% Packages/com.unity.render-pipelines.core/Runtime/RenderGraph/Debug/RenderGraphDebugParams.cs
 0.2 kb	 0.0% Packages/com.unity.render-pipelines.core/Runtime/RenderGraph/Debug/RenderGraph.DebugDataSerialization.cs
 0.2 kb	 0.0% Packages/com.unity.render-pipelines.core/Runtime/RenderGraph/Debug/DebugDisplaySettingsRenderGraph.cs
 0.2 kb	 0.0% Packages/com.unity.render-pipelines.core/Runtime/Lighting/ProbeVolume/ProbeVolumeBakingProcessSettings.cs
 0.2 kb	 0.0% Packages/com.unity.render-pipelines.core/Runtime/Debugging/ISerializedDebugDisplaySettings.cs
 0.2 kb	 0.0% Packages/com.unity.render-pipelines.core/Runtime/Debugging/DebugDisplaySettingsHDROutput.cs
 0.2 kb	 0.0% Packages/com.unity.render-pipelines.core/Runtime/Common/GlobalDynamicResolutionSettings.cs
 0.2 kb	 0.0% Packages/com.unity.inputsystem/InputSystem/Editor/UITKAssetEditor/Views/CompositePartBindingPropertiesView.cs
 0.2 kb	 0.0% Packages/com.unity.inputsystem/InputSystem/Editor/UITKAssetEditor/Views/CollectionViewSelectionChangeFilter.cs
 0.2 kb	 0.0% Packages/com.unity.inputsystem/InputSystem/Editor/UITKAssetEditor/InputActionsEditorSettingsProvider.cs
 0.2 kb	 0.0% Packages/com.unity.inputsystem/InputSystem/Editor/PropertyDrawers/InputActionReferenceSearchProviders.cs
 0.2 kb	 0.0% Packages/com.unity.inputsystem/InputSystem/Editor/PropertyDrawers/InputActionReferencePropertyDrawer.cs
 0.2 kb	 0.0% Packages/com.unity.inputsystem/InputSystem/Editor/Analytics/InputActionsEditorSessionAnalytic.cs
 0.2 kb	 0.0% Packages/com.unity.inputsystem/InputSystem/Devices/Commands/QueryEditorWindowCoordinatesCommand.cs
 0.2 kb	 0.0% Packages/com.unity.inputsystem/InputSystem/Devices/Commands/InitiateUserAccountPairingCommand.cs
 0.2 kb	 0.0% Packages/com.unity.render-pipelines.universal/Runtime/UniversalRendererRenderGraph.cs
 0.2 kb	 0.0% Packages/com.unity.render-pipelines.universal/Runtime/UniversalRendererData.cs
 0.2 kb	 0.0% Packages/com.unity.render-pipelines.universal/Runtime/UniversalRenderPipeline.cs
 0.2 kb	 0.0% Packages/com.unity.render-pipelines.universal/Runtime/UniversalCameraHistory.cs
 0.2 kb	 0.0% Packages/com.unity.render-pipelines.universal/Runtime/Tiling/TileRangeExpansionJob.cs
 0.2 kb	 0.0% Packages/com.unity.render-pipelines.universal/Runtime/SupportedOnRenderer.cs
 0.2 kb	 0.0% Packages/com.unity.render-pipelines.universal/Runtime/Settings/URPTerrainShaderSetting.cs
 0.2 kb	 0.0% Packages/com.unity.render-pipelines.universal/Runtime/Settings/URPReflectionProbeSettings.cs
 0.2 kb	 0.0% Packages/com.unity.render-pipelines.universal/Runtime/ScriptableRendererData.cs
 0.2 kb	 0.0% Packages/com.unity.render-pipelines.universal/Runtime/RendererFeatures/FullScreenPassRendererFeature_OldGUID.cs
 0.2 kb	 0.0% Packages/com.unity.render-pipelines.universal/Runtime/ReflectionProbeManager.cs
 0.2 kb	 0.0% Packages/com.unity.render-pipelines.universal/Runtime/Passes/TransparentSettingsPass.cs
 0.2 kb	 0.0% Packages/com.unity.render-pipelines.universal/Runtime/Passes/PostProcess/UpscalerPostProcessPass.cs
 0.2 kb	 0.0% Packages/com.unity.render-pipelines.universal/Runtime/Passes/PostProcess/StopNanPostProcessPass.cs
 0.2 kb	 0.0% Packages/com.unity.render-pipelines.universal/Runtime/Passes/MotionVectorRenderPass.cs
 0.2 kb	 0.0% Packages/com.unity.render-pipelines.universal/Runtime/Passes/DrawScreenSpaceUIPass.cs
 0.2 kb	 0.0% Packages/com.unity.render-pipelines.universal/Runtime/Passes/DepthNormalOnlyPass.cs
 0.2 kb	 0.0% Packages/com.unity.render-pipelines.universal/Runtime/Passes/ColorGradingLutPass.cs
 0.2 kb	 0.0% Packages/com.unity.render-pipelines.universal/Runtime/NormalReconstruction.cs
 0.2 kb	 0.0% Packages/com.unity.render-pipelines.universal/Runtime/FrameData/UniversalResourceData.cs
 0.2 kb	 0.0% Packages/com.unity.render-pipelines.universal/Runtime/FrameData/UniversalRenderingData.cs
 0.2 kb	 0.0% Packages/com.unity.render-pipelines.universal/Runtime/FrameData/Universal2DResourceData.cs
 0.2 kb	 0.0% Packages/com.unity.render-pipelines.universal/Runtime/Decal/ScreenSpace/DecalGBufferRenderPass.cs
 0.2 kb	 0.0% Packages/com.unity.render-pipelines.universal/Runtime/Decal/Entities/DecalUpdateCulledSystem.cs
 0.2 kb	 0.0% Packages/com.unity.render-pipelines.universal/Runtime/Decal/Entities/DecalUpdateCachedSystem.cs
 0.2 kb	 0.0% Packages/com.unity.render-pipelines.universal/Runtime/Decal/Entities/DecalSkipCulledSystem.cs
 0.2 kb	 0.0% Packages/com.unity.render-pipelines.universal/Runtime/Decal/DBuffer/DecalForwardEmissivePass.cs
 0.2 kb	 0.0% Packages/com.unity.render-pipelines.core/Runtime/XR/XRBuiltinShaderConstants.cs
 0.2 kb	 0.0% Packages/com.unity.render-pipelines.core/Runtime/UnifiedRayTracing/IRayTracingAccelStruct.cs
 0.2 kb	 0.0% Packages/com.unity.render-pipelines.core/Runtime/UnifiedRayTracing/Hardware/HardwareRayTracingShader.cs
 0.2 kb	 0.0% Packages/com.unity.render-pipelines.core/Runtime/UnifiedRayTracing/Compute/ComputeRayTracingShader.cs
 0.2 kb	 0.0% Packages/com.unity.render-pipelines.core/Runtime/UnifiedRayTracing/Compute/ComputeRayTracingBackend.cs
 0.2 kb	 0.0% Packages/com.unity.render-pipelines.core/Runtime/Settings/IDefaultVolumeProfileResource.cs
 0.2 kb	 0.0% Packages/com.unity.render-pipelines.core/Runtime/RenderGraph/RenderGraphResourceTexture.cs
 0.2 kb	 0.0% Packages/com.unity.render-pipelines.core/Runtime/RenderGraph/RenderGraph.ExceptionMessages.cs
 0.2 kb	 0.0% Packages/com.unity.render-pipelines.core/Runtime/RenderGraph/IRenderGraphBuilder.cs
 0.2 kb	 0.0% Packages/com.unity.render-pipelines.core/Runtime/GPUDriven/SceneProcessors/SpeedTreeWindGPUDataUpdater.cs
 0.2 kb	 0.0% Packages/com.unity.render-pipelines.core/Runtime/GPUDriven/SceneProcessors/MeshRendererProcessorBurst.cs
 0.2 kb	 0.0% Packages/com.unity.render-pipelines.core/Runtime/GPUDriven/IGPUResidentRenderPipeline.cs
 0.2 kb	 0.0% Packages/com.unity.render-pipelines.core/Runtime/GPUDriven/GPUResidentDrawerResources.cs
 0.2 kb	 0.0% Packages/com.unity.render-pipelines.core/Runtime/GPUDriven/Components/DisallowGPUDrivenRendering.cs
 0.2 kb	 0.0% Packages/com.unity.render-pipelines.core/Runtime/GPUDriven/Batching/InstanceCullingBatcherBurst.cs
 0.2 kb	 0.0% Packages/com.unity.render-pipelines.core/Runtime/GPUDriven/Batching/InstanceCullingBatcher.Jobs.cs
 0.2 kb	 0.0% Packages/com.unity.render-pipelines.core/Runtime-PrivateShared/AssemblyInfo.cs
 0.2 kb	 0.0% Packages/com.unity.inputsystem/InputSystem/Plugins/UI/StandaloneInputModuleEditor.cs
 0.2 kb	 0.0% Packages/com.unity.inputsystem/InputSystem/Plugins/UI/InputSystemUIInputModuleEditor.cs
 0.1 kb	 0.0% Packages/com.unity.render-pipelines.universal/Runtime/UniversalRendererDebug.cs
 0.1 kb	 0.0% Packages/com.unity.render-pipelines.universal/Runtime/MotionVectors.cs
 0.1 kb	 0.0% Packages/com.unity.render-pipelines.universal/Runtime/Decal/DecalDrawErrorRenderPass.cs
 0.1 kb	 0.0% Packages/com.unity.render-pipelines.universal/Runtime/2D/Sources/IProvider2DSources.cs
 0.1 kb	 0.0% Packages/com.unity.render-pipelines.universal/Runtime/2D/Shadows/ShadowCasterGroup2D.cs
 0.1 kb	 0.0% Packages/com.unity.render-pipelines.universal/Runtime/2D/Shadows/Shadow Provider Utility/ShapeProviderUtility.cs
 0.1 kb	 0.0% Packages/com.unity.render-pipelines.universal/Runtime/2D/Rendergraph/GlobalPropertiesPass.cs
 0.1 kb	 0.0% Packages/com.unity.render-pipelines.universal/Runtime/2D/Rendergraph/DrawRenderer2DPass.cs
 0.1 kb	 0.0% Packages/com.unity.render-pipelines.universal/Runtime/2D/PixelPerfectCamera.cs
 0.1 kb	 0.0% Packages/com.unity.render-pipelines.universal/Runtime/2D/Passes/Utility/Light2DLookupTexture.cs
 0.1 kb	 0.0% Packages/com.unity.render-pipelines.universal/Runtime/2D/Lights/Light2DCullResult.cs
 0.1 kb	 0.0% Packages/com.unity.render-pipelines.universal/Runtime/2D/Lights/Light2DBlendStyle.cs
 0.1 kb	 0.0% Packages/com.unity.render-pipelines.core/Runtime/Utilities/BatchRendererGroupGlobals.cs
 0.1 kb	 0.0% Packages/com.unity.render-pipelines.core/Runtime/Settings/IncludeRenderPipelineAsset.cs
 0.1 kb	 0.0% Packages/com.unity.render-pipelines.core/Runtime/STP/ISTPEnabledRenderPipeline.cs
 0.1 kb	 0.0% Packages/com.unity.render-pipelines.core/Runtime/RenderGraph/RenderGraphUtilsBlit.cs
 0.1 kb	 0.0% Packages/com.unity.render-pipelines.core/Runtime/RenderGraph/RenderGraphResourceBuffer.cs
 0.1 kb	 0.0% Packages/com.unity.render-pipelines.core/Runtime/RenderGraph/RenderGraphGlobalSettings.cs
 0.1 kb	 0.0% Packages/com.unity.render-pipelines.core/Runtime/RenderGraph/RenderGraphBuilders.cs
 0.1 kb	 0.0% Packages/com.unity.render-pipelines.core/Runtime/RenderGraph/IRenderGraphRecorder.cs
 0.1 kb	 0.0% Packages/com.unity.render-pipelines.core/Runtime/RenderGraph/Debug/DebugMessageHandler.cs
 0.1 kb	 0.0% Packages/com.unity.render-pipelines.core/Runtime/Lighting/ProbeVolume/ShaderVariablesProbeVolumes.cs
 0.1 kb	 0.0% Packages/com.unity.render-pipelines.core/Runtime/Lighting/ProbeVolume/ProbeVolumeStreamableAsset.cs
 0.1 kb	 0.0% Packages/com.unity.render-pipelines.core/Runtime/Lighting/ProbeVolume/ProbeVolumeScratchBufferPool.cs
 0.1 kb	 0.0% Packages/com.unity.render-pipelines.core/Runtime/Lighting/ProbeVolume/ProbeVolumeGlobalSettings.cs
 0.1 kb	 0.0% Packages/com.unity.render-pipelines.core/Runtime/GPUDriven/GPUResidentDrawerTypes.cs
 0.1 kb	 0.0% Packages/com.unity.render-pipelines.core/Runtime/GPUDriven/CoreDataSystems/LODGroupDataSystem.Jobs.cs
 0.1 kb	 0.0% Packages/com.unity.render-pipelines.core/Runtime/GPUDriven/CoreDataSystems/InstanceWindDataUpdateDefs.cs
 0.1 kb	 0.0% Packages/com.unity.render-pipelines.core/Runtime/GPUDriven/CoreDataSystems/InstanceTransformUpdateDefs.cs
 0.1 kb	 0.0% Packages/com.unity.render-pipelines.core/Runtime/Debugging/IDebugDisplaySettingsQuery.cs
 0.1 kb	 0.0% Packages/com.unity.render-pipelines.core/Runtime/Debugging/IDebugDisplaySettingsPanel.cs
 0.1 kb	 0.0% Packages/com.unity.render-pipelines.core/Runtime/Debugging/IDebugDisplaySettingsData.cs
 0.1 kb	 0.0% Packages/com.unity.render-pipelines.core/Runtime/Debugging/DebugDisplaySettingsVolumes.cs
 0.1 kb	 0.0% Packages/com.unity.render-pipelines.core/Runtime/Debugging/DebugDisplaySettingsPanel.cs
 0.1 kb	 0.0% Packages/com.unity.inputsystem/InputSystem/Plugins/InputForUI/InputActionAssetVerifier.cs
 0.1 kb	 0.0% Packages/com.unity.inputsystem/InputSystem/Editor/UITKAssetEditor/Views/CompositeBindingPropertiesView.cs
 0.1 kb	 0.0% Packages/com.unity.inputsystem/InputSystem/Editor/UITKAssetEditor/InputActionsEditorWindowUtils.cs
 0.1 kb	 0.0% Packages/com.unity.inputsystem/InputSystem/Editor/PropertyDrawers/InputActionAssetSearchProvider.cs
 0.1 kb	 0.0% Packages/com.unity.inputsystem/InputSystem/Editor/ProjectWideActions/ProjectWideActionsBuildProvider.cs
 0.1 kb	 0.0% Packages/com.unity.inputsystem/InputSystem/Editor/Internal/SerializedPropertyLinqExtensions.cs
 0.1 kb	 0.0% Packages/com.unity.inputsystem/InputSystem/Editor/Internal/InputActionSerializationHelpers.cs
 0.1 kb	 0.0% Packages/com.unity.inputsystem/InputSystem/Editor/EditorInputControlLayoutCache.cs
 0.1 kb	 0.0% Packages/com.unity.inputsystem/InputSystem/Editor/ControlPicker/Layouts/TouchscreenControlPickerLayout.cs
 0.1 kb	 0.0% Packages/com.unity.inputsystem/InputSystem/Editor/ControlPicker/Layouts/DefaultInputControlPickerLayout.cs
 0.1 kb	 0.0% Packages/com.unity.inputsystem/InputSystem/Editor/Analytics/VirtualMouseInputEditorAnalytic.cs
 0.1 kb	 0.0% Packages/com.unity.inputsystem/InputSystem/Editor/Analytics/PlayerInputManagerEditorAnalytic.cs
 0.1 kb	 0.0% Packages/com.unity.inputsystem/InputSystem/Devices/Commands/QuerySamplingFrequencyCommand.cs
 0.1 kb	 0.0% Packages/com.unity.inputsystem/InputSystem/Devices/Commands/QueryPairedUserAccountCommand.cs
 0.1 kb	 0.0% Packages/com.unity.render-pipelines.universal/Runtime/XR/XRSystemUniversal.cs
 0.1 kb	 0.0% Packages/com.unity.render-pipelines.universal/Runtime/ValidationHandler.cs
 0.1 kb	 0.0% Packages/com.unity.render-pipelines.universal/Runtime/UniversalRenderer.cs
 0.1 kb	 0.0% Packages/com.unity.render-pipelines.universal/Runtime/SpaceFillingCurves.cs
 0.1 kb	 0.0% Packages/com.unity.render-pipelines.universal/Runtime/Settings/RenderGraphSettings.cs
 0.1 kb	 0.0% Packages/com.unity.render-pipelines.universal/Runtime/ScriptableRenderer.cs
 0.1 kb	 0.0% Packages/com.unity.render-pipelines.universal/Runtime/SceneViewDrawMode.cs
 0.1 kb	 0.0% Packages/com.unity.render-pipelines.universal/Runtime/RenderingLayerUtils.cs
 0.1 kb	 0.0% Packages/com.unity.render-pipelines.universal/Runtime/RendererFeatures/ScreenSpaceShadows.cs
 0.1 kb	 0.0% Packages/com.unity.render-pipelines.universal/Runtime/RendererFeatures/DecalRendererFeature.cs
 0.1 kb	 0.0% Packages/com.unity.render-pipelines.universal/Runtime/RenderTargetHandle.cs
 0.1 kb	 0.0% Packages/com.unity.render-pipelines.universal/Runtime/RenderPipelineResources/Renderer2DResources.cs
 0.1 kb	 0.0% Packages/com.unity.render-pipelines.universal/Runtime/Passes/ScriptableRenderPass.cs
 0.1 kb	 0.0% Packages/com.unity.render-pipelines.universal/Runtime/Passes/RenderObjectsPass.cs
 0.1 kb	 0.0% Packages/com.unity.render-pipelines.universal/Runtime/Passes/ProbeVolumeDebugPass.cs
 0.1 kb	 0.0% Packages/com.unity.render-pipelines.universal/Runtime/Passes/PostProcess/UberPostProcessPass.cs
 0.1 kb	 0.0% Packages/com.unity.render-pipelines.universal/Runtime/Passes/PostProcess/StpPostProcessPass.cs
 0.1 kb	 0.0% Packages/com.unity.render-pipelines.universal/Runtime/Passes/PostProcess/SmaaPostProcessPass.cs
 0.1 kb	 0.0% Packages/com.unity.render-pipelines.universal/Runtime/Passes/PostProcess/FinalPostProcessPass.cs
 0.1 kb	 0.0% Packages/com.unity.render-pipelines.universal/Runtime/Passes/PostProcess/BloomPostProcessPass.cs
 0.1 kb	 0.0% Packages/com.unity.render-pipelines.universal/Runtime/Passes/FinalBlitPass.cs
 0.1 kb	 0.0% Packages/com.unity.render-pipelines.universal/Runtime/Passes/DrawObjectsPass.cs
 0.1 kb	 0.0% Packages/com.unity.render-pipelines.universal/Runtime/Passes/DepthOnlyPass.cs
 0.1 kb	 0.0% Packages/com.unity.render-pipelines.universal/Runtime/Passes/CopyDepthPass.cs
 0.1 kb	 0.0% Packages/com.unity.render-pipelines.universal/Runtime/Passes/CopyColorPass.cs
 0.1 kb	 0.0% Packages/com.unity.render-pipelines.universal/Runtime/Overrides/ScreenSpaceLensFlare.cs
 0.1 kb	 0.0% Packages/com.unity.render-pipelines.universal/Runtime/Overrides/ChromaticAberration.cs
 0.1 kb	 0.0% Packages/com.unity.render-pipelines.universal/Runtime/LightCookieManager.cs
 0.1 kb	 0.0% Packages/com.unity.render-pipelines.universal/Runtime/History/SingleHistoryBase.cs
 0.1 kb	 0.0% Packages/com.unity.render-pipelines.universal/Runtime/FrameData/UniversalShadowData.cs
 0.1 kb	 0.0% Packages/com.unity.render-pipelines.universal/Runtime/FrameData/UniversalLightData.cs
 0.1 kb	 0.0% Packages/com.unity.render-pipelines.universal/Runtime/FrameData/UniversalCameraData.cs
 0.1 kb	 0.0% Packages/com.unity.render-pipelines.universal/Runtime/ForwardRendererData.cs
 0.1 kb	 0.0% Packages/com.unity.render-pipelines.universal/Runtime/ForwardLights.cs
 0.1 kb	 0.0% Packages/com.unity.render-pipelines.universal/Runtime/DeferredLights.cs
 0.1 kb	 0.0% Packages/com.unity.render-pipelines.universal/Runtime/Decal/Entities/DecalEntityManager.cs
 0.1 kb	 0.0% Packages/com.unity.render-pipelines.universal/Runtime/Decal/DecalShaderPassNames.cs
 0.1 kb	 0.0% Packages/com.unity.render-pipelines.universal/Runtime/Decal/DBuffer/DBufferRenderPass.cs
 0.1 kb	 0.0% Packages/com.unity.render-pipelines.universal/Runtime/Decal/DBuffer/DBufferDepthCopyPass.cs
 0.1 kb	 0.0% Packages/com.unity.render-pipelines.universal/Runtime/2D/Sources/SelectionSource2D.cs
 0.1 kb	 0.0% Packages/com.unity.render-pipelines.universal/Runtime/2D/Rendergraph/Renderer2DRendergraph.cs
 0.1 kb	 0.0% Packages/com.unity.render-pipelines.core/Runtime/UnifiedRayTracing/RayTracingResources.cs
 0.1 kb	 0.0% Packages/com.unity.render-pipelines.core/Runtime/UnifiedRayTracing/RayTracingContext.cs
 0.1 kb	 0.0% Packages/com.unity.render-pipelines.core/Runtime/UnifiedRayTracing/IRayTracingShader.cs
 0.1 kb	 0.0% Packages/com.unity.render-pipelines.core/Runtime/UnifiedRayTracing/IRayTracingBackend.cs
 0.1 kb	 0.0% Packages/com.unity.render-pipelines.core/Runtime/UnifiedRayTracing/Compute/BLASPositionsPool.cs
 0.1 kb	 0.0% Packages/com.unity.render-pipelines.core/Runtime/UnifiedRayTracing/Common/GeometryPool/GeometryPoolDefs.cs
 0.1 kb	 0.0% Packages/com.unity.render-pipelines.core/Runtime/UnifiedRayTracing/Common/AccelStructInstances.cs
 0.1 kb	 0.0% Packages/com.unity.render-pipelines.core/Runtime/UnifiedRayTracing/Common/AccelStructAdapter.cs
 0.1 kb	 0.0% Packages/com.unity.render-pipelines.core/Runtime/RenderGraph/RenderGraphResources.cs
 0.1 kb	 0.0% Packages/com.unity.render-pipelines.core/Runtime/RenderGraph/Debug/RenderGraph.DebugData.cs
 0.1 kb	 0.0% Packages/com.unity.render-pipelines.core/Runtime/Lighting/ProbeVolume/ProbeReferenceVolume.Streaming.cs
 0.1 kb	 0.0% Packages/com.unity.render-pipelines.core/Runtime/Lighting/ProbeVolume/ProbeReferenceVolume.Debug.cs
 0.1 kb	 0.0% Packages/com.unity.render-pipelines.core/Runtime/GPUDriven/Utilities/ParallelSortExtensions.cs
 0.1 kb	 0.0% Packages/com.unity.render-pipelines.core/Runtime/GPUDriven/Utilities/NativeHandleAllocator.cs
 0.1 kb	 0.0% Packages/com.unity.render-pipelines.core/Runtime/GPUDriven/SceneProcessors/MeshRendererUpdateBatch.cs
 0.1 kb	 0.0% Packages/com.unity.render-pipelines.core/Runtime/GPUDriven/SceneProcessors/MeshRendererProcessor.cs
 0.1 kb	 0.0% Packages/com.unity.render-pipelines.core/Runtime/GPUDriven/GPUResidentDrawer.Validator.cs
 0.1 kb	 0.0% Packages/com.unity.render-pipelines.core/Runtime/GPUDriven/Debug/GPUResidentDrawerDebug.cs
 0.1 kb	 0.0% Packages/com.unity.render-pipelines.core/Runtime/GPUDriven/Culling/OcclusionCullingCommon.cs
 0.1 kb	 0.0% Packages/com.unity.render-pipelines.core/Runtime/GPUDriven/CoreDataSystems/LODGroupDataSystemBurst.cs
 0.1 kb	 0.0% Packages/com.unity.render-pipelines.core/Runtime/GPUDriven/CoreDataSystems/InstanceDataSystemBurst.cs
 0.1 kb	 0.0% Packages/com.unity.render-pipelines.core/Runtime/GPUDriven/CoreDataSystems/GPUInstanceDataBuffer.cs
 0.1 kb	 0.0% Packages/com.unity.render-pipelines.core/Runtime/GPUDriven/Components/DisallowSmallMeshCulling.cs
 0.1 kb	 0.0% Packages/com.unity.render-pipelines.core/Runtime/GPUDriven/Batching/InstanceCullingBatcher.cs
 0.1 kb	 0.0% Packages/com.unity.render-pipelines.core/Runtime/GPUDriven/Batching/CPUDrawInstanceDataBurst.cs
 0.1 kb	 0.0% Packages/com.unity.inputsystem/InputSystem/Utilities/DisplayStringFormatAttribute.cs
 0.1 kb	 0.0% Packages/com.unity.inputsystem/InputSystem/Plugins/XR/Haptics/SendBufferedHapticsCommand.cs
 0.1 kb	 0.0% Packages/com.unity.inputsystem/InputSystem/Plugins/XR/Haptics/GetHapticCapabilitiesCommand.cs
 0.1 kb	 0.0% Packages/com.unity.inputsystem/InputSystem/Plugins/XR/Haptics/GetCurrentHapticStateCommand.cs
 0.1 kb	 0.0% Packages/com.unity.inputsystem/InputSystem/Plugins/UI/ExtendedSubmitCancelEventData.cs
 0.1 kb	 0.0% Packages/com.unity.inputsystem/InputSystem/Plugins/Android/AndroidGameController.cs
 0.1 kb	 0.0% Packages/com.unity.inputsystem/InputSystem/Controls/Processors/NormalizeVector3Processor.cs
 0.1 kb	 0.0% Packages/com.unity.inputsystem/InputSystem/Controls/Processors/NormalizeVector2Processor.cs
 0.1 kb	 0.0% Packages/com.unity.inputsystem/InputSystem/Controls/Processors/EditorWindowSpaceProcessor.cs
 0.1 kb	 0.0% Packages/com.unity.inputsystem/InputSystem/Controls/Processors/CompensateRotationProcessor.cs
 0.1 kb	 0.0% Packages/com.unity.inputsystem/InputSystem/Controls/Processors/CompensateDirectionProcessor.cs
 0.1 kb	 0.0% Packages/com.unity.collections/Unity.Collections/UnsafeParallelHashSetExtensions.gen.cs
 0.1 kb	 0.0% Packages/com.unity.collections/Unity.Collections/UnsafeParallelHashMap.cs
 0.1 kb	 0.0% Packages/com.unity.render-pipelines.universal/Runtime/RTHandleUtils.cs
 0.1 kb	 0.0% Packages/com.unity.render-pipelines.universal/Runtime/2D/Sources/Provider2DSource.cs
 0.1 kb	 0.0% Packages/com.unity.render-pipelines.universal/Runtime/2D/Sources/Provider2DRef.cs
 0.1 kb	 0.0% Packages/com.unity.render-pipelines.universal/Runtime/2D/Sources/Provider2DKVPair.cs
 0.1 kb	 0.0% Packages/com.unity.render-pipelines.universal/Runtime/2D/Sources/IProvider2DCache.cs
 0.1 kb	 0.0% Packages/com.unity.render-pipelines.universal/Runtime/2D/Shadows/ShadowRendering.cs
 0.1 kb	 0.0% Packages/com.unity.render-pipelines.universal/Runtime/2D/Shadows/ShadowCaster2D.cs
 0.1 kb	 0.0% Packages/com.unity.render-pipelines.universal/Runtime/2D/Shadows/Shadow Provider Utility/ShadowUtility.cs
 0.1 kb	 0.0% Packages/com.unity.render-pipelines.universal/Runtime/2D/Shadows/Shadow Provider Utility/ShadowShape2D.cs
 0.1 kb	 0.0% Packages/com.unity.render-pipelines.universal/Runtime/2D/Shadows/Shadow Provider Utility/EdgeDictionary.cs
 0.1 kb	 0.0% Packages/com.unity.render-pipelines.universal/Runtime/2D/Rendergraph/DrawShadow2DPass.cs
 0.1 kb	 0.0% Packages/com.unity.render-pipelines.universal/Runtime/2D/Rendergraph/DrawNormal2DPass.cs
 0.1 kb	 0.0% Packages/com.unity.render-pipelines.universal/Runtime/2D/Rendergraph/DrawLight2DPass.cs
 0.1 kb	 0.0% Packages/com.unity.render-pipelines.universal/Runtime/2D/Renderer2DData.cs
 0.1 kb	 0.0% Packages/com.unity.render-pipelines.universal/Runtime/2D/Passes/Utility/RendererLighting.cs
 0.1 kb	 0.0% Packages/com.unity.render-pipelines.universal/Runtime/2D/Lights/Providers/Light2DProvider.cs
 0.1 kb	 0.0% Packages/com.unity.render-pipelines.universal/Runtime/2D/Lights/Light2DManager.cs
 0.1 kb	 0.0% Packages/com.unity.render-pipelines.universal-config/Runtime/ShaderConfig.cs
 0.1 kb	 0.0% Packages/com.unity.render-pipelines.core/Runtime/XR/XRGraphicsAutomatedTests.cs
 0.1 kb	 0.0% Packages/com.unity.render-pipelines.core/Runtime/Textures/PowerOfTwoTextureAtlas.cs
 0.1 kb	 0.0% Packages/com.unity.render-pipelines.core/Runtime/Textures/BufferedRTHandleSystem.cs
 0.1 kb	 0.0% Packages/com.unity.render-pipelines.core/Runtime/Settings/ShaderStrippingSetting.cs
 0.1 kb	 0.0% Packages/com.unity.render-pipelines.core/Runtime/Settings/LightmapSamplingSettings.cs
 0.1 kb	 0.0% Packages/com.unity.render-pipelines.core/Runtime/Sampling/SamplingResources.cs
 0.1 kb	 0.0% Packages/com.unity.render-pipelines.core/Runtime/RenderPipeline/RenderPipelineResources.cs
 0.1 kb	 0.0% Packages/com.unity.render-pipelines.core/Runtime/RenderGraph/RenderGraphPass.cs
 0.1 kb	 0.0% Packages/com.unity.render-pipelines.core/Runtime/RenderGraph/RenderGraph.Compiler.cs
 0.1 kb	 0.0% Packages/com.unity.render-pipelines.core/Runtime/RenderGraph/Deprecated.cs
 0.1 kb	 0.0% Packages/com.unity.render-pipelines.core/Runtime/PostProcessing/LensFlareComponentSRP.cs
 0.1 kb	 0.0% Packages/com.unity.render-pipelines.core/Runtime/PostProcessing/IPostProcessComponent.cs
 0.1 kb	 0.0% Packages/com.unity.render-pipelines.core/Runtime/Lighting/ProbeVolume/ProbeVolumePositioning.cs
 0.1 kb	 0.0% Packages/com.unity.render-pipelines.core/Runtime/Lighting/ProbeVolume/ProbeVolumePerSceneData.cs
 0.1 kb	 0.0% Packages/com.unity.render-pipelines.core/Runtime/Lighting/ProbeVolume/ProbeReferenceVolume.Binding.cs
 0.1 kb	 0.0% Packages/com.unity.render-pipelines.core/Runtime/Lighting/ProbeVolume/ProbeAdjustmentVolume.cs
 0.1 kb	 0.0% Packages/com.unity.render-pipelines.core/Runtime/GPUDriven/Culling/InstanceOcclusionCuller.cs
 0.1 kb	 0.0% Packages/com.unity.render-pipelines.core/Runtime/GPUDriven/CoreDataSystems/InstanceDataSystem.Jobs.cs
 0.1 kb	 0.0% Packages/com.unity.render-pipelines.core/Runtime/Debugging/ShaderDebugPrintManager.cs
 0.1 kb	 0.0% Packages/com.unity.render-pipelines.core/Runtime/Debugging/RuntimePersistentDebugUI.cs
 0.1 kb	 0.0% Packages/com.unity.render-pipelines.core/Runtime/Debugging/IDebugDisplaySettings.cs
 0.1 kb	 0.0% Packages/com.unity.render-pipelines.core/Runtime/Debugging/DebugDisplaySettingsUI.cs
 0.1 kb	 0.0% Packages/com.unity.render-pipelines.core/Runtime/Debugging/DebugDisplaySerializer.cs
 0.1 kb	 0.0% Packages/com.unity.render-pipelines.core/Runtime/Common/RemoveRange.Extensions.cs
 0.1 kb	 0.0% Packages/com.unity.render-pipelines.core/Runtime/Common/DynamicResolutionHandler.cs
 0.1 kb	 0.0% Packages/com.unity.render-pipelines.core/Runtime/CommandBuffers/IComputeCommandBuffer.cs
 0.1 kb	 0.0% Packages/com.unity.render-pipelines.core/Runtime/Camera/CameraHistory.cs
 0.1 kb	 0.0% Packages/com.unity.inputsystem/InputSystem/State/IInputStateCallbackReceiver.cs
 0.1 kb	 0.0% Packages/com.unity.inputsystem/InputSystem/Plugins/InputForUI/InputSystemProvider.cs
 0.1 kb	 0.0% Packages/com.unity.inputsystem/InputSystem/Plugins/DualShock/DualShockGamepadHID.cs
 0.1 kb	 0.0% Packages/com.unity.inputsystem/InputSystem/Editor/UITKAssetEditor/Views/NameAndParametersListView.cs
 0.1 kb	 0.0% Packages/com.unity.inputsystem/InputSystem/Editor/UITKAssetEditor/Views/InputActionMapsTreeViewItem.cs
 0.1 kb	 0.0% Packages/com.unity.inputsystem/InputSystem/Editor/UITKAssetEditor/InputActionsEditorConstants.cs
 0.1 kb	 0.0% Packages/com.unity.inputsystem/InputSystem/Editor/Settings/InputSettingsBuildProvider.cs
 0.1 kb	 0.0% Packages/com.unity.inputsystem/InputSystem/Editor/Settings/EditorPlayerSettingHelpers.cs
 0.1 kb	 0.0% Packages/com.unity.inputsystem/InputSystem/Editor/PropertyDrawers/InputActionPropertyDrawer.cs
 0.1 kb	 0.0% Packages/com.unity.inputsystem/InputSystem/Editor/PropertyDrawers/GamepadButtonPropertyDrawer.cs
 0.1 kb	 0.0% Packages/com.unity.inputsystem/InputSystem/Editor/Internal/SerializedPropertyHelpers.cs
 0.1 kb	 0.0% Packages/com.unity.inputsystem/InputSystem/Editor/Internal/AdvancedDropdown/AdvancedDropdownDataSource.cs
 0.1 kb	 0.0% Packages/com.unity.inputsystem/InputSystem/Editor/InputSystemPackageControl.cs
 0.1 kb	 0.0% Packages/com.unity.inputsystem/InputSystem/Editor/Debugger/SampleFrequencyCalculator.cs
 0.1 kb	 0.0% Packages/com.unity.inputsystem/InputSystem/Editor/Debugger/InputDeviceDebuggerWindow.cs
 0.1 kb	 0.0% Packages/com.unity.inputsystem/InputSystem/Editor/Debugger/InputActionDebuggerWindow.cs
 0.1 kb	 0.0% Packages/com.unity.inputsystem/InputSystem/Editor/ControlPicker/InputControlPickerDropdown.cs
 0.1 kb	 0.0% Packages/com.unity.inputsystem/InputSystem/Editor/ControlPicker/IInputControlPickerLayout.cs
 0.1 kb	 0.0% Packages/com.unity.inputsystem/InputSystem/Editor/AssetImporter/InputActionImporterEditor.cs
 0.1 kb	 0.0% Packages/com.unity.inputsystem/InputSystem/Editor/AssetImporter/InputActionAssetIconLoader.cs
 0.1 kb	 0.0% Packages/com.unity.inputsystem/InputSystem/Editor/AssetEditor/InputBindingPropertiesView.cs
 0.1 kb	 0.0% Packages/com.unity.inputsystem/InputSystem/Editor/AssetEditor/InputActionPropertiesView.cs
 0.1 kb	 0.0% Packages/com.unity.inputsystem/InputSystem/Editor/Analytics/PlayerInputEditorAnalytic.cs
 0.1 kb	 0.0% Packages/com.unity.inputsystem/InputSystem/Editor/Analytics/OnScreenStickEditorAnalytic.cs
 0.1 kb	 0.0% Packages/com.unity.inputsystem/InputSystem/Editor/Analytics/InputExitPlayModeAnalytic.cs
 0.1 kb	 0.0% Packages/com.unity.inputsystem/InputSystem/Editor/Analytics/InputComponentEditorAnalytic.cs
 0.1 kb	 0.0% Packages/com.unity.inputsystem/InputSystem/Devices/IInputUpdateCallbackReceiver.cs
 0.1 kb	 0.0% Packages/com.unity.inputsystem/InputSystem/Devices/Commands/SetSamplingFrequencyCommand.cs
 0.1 kb	 0.0% Packages/com.unity.inputsystem/InputSystem/Devices/Commands/SetIMECursorPositionCommand.cs
 0.1 kb	 0.0% Packages/com.unity.inputsystem/InputSystem/Devices/Commands/QueryKeyboardLayoutCommand.cs
 0.1 kb	 0.0% Packages/com.unity.inputsystem/InputSystem/Devices/Commands/EnableIMECompositionCommand.cs
 0.1 kb	 0.0% Packages/com.unity.inputsystem/InputSystem/Controls/InputControlLayoutAttribute.cs
 0.1 kb	 0.0% Packages/com.unity.inputsystem/InputSystem/Actions/InputActionRebindingExtensions.cs
 0.1 kb	 0.0% Packages/com.unity.collections/Unity.Collections/UnsafeNotBurstCompatible.cs
 0.1 kb	 0.0% Packages/com.unity.ugui/Runtime/UGUI/EventSystem/UIElements/UIToolkitInteroperabilityBridge.cs
 0.1 kb	 0.0% Packages/com.unity.render-pipelines.universal/Runtime/XR/XRPassUniversal.cs
 0.1 kb	 0.0% Packages/com.unity.render-pipelines.universal/Runtime/Tiling/LightMinMaxZJob.cs
 0.1 kb	 0.0% Packages/com.unity.render-pipelines.universal/Runtime/Tiling/InclusiveRange.cs
 0.1 kb	 0.0% Packages/com.unity.render-pipelines.universal/Runtime/ShadowCulling.cs
 0.1 kb	 0.0% Packages/com.unity.render-pipelines.universal/Runtime/ShaderBitArray.cs
 0.1 kb	 0.0% Packages/com.unity.render-pipelines.universal/Runtime/RenderingUtils.cs
 0.1 kb	 0.0% Packages/com.unity.render-pipelines.universal/Runtime/RendererFeatures/RenderObjects.cs
 0.1 kb	 0.0% Packages/com.unity.render-pipelines.universal/Runtime/PostProcessUtils.cs
 0.1 kb	 0.0% Packages/com.unity.render-pipelines.universal/Runtime/Passes/PostProcess/PostProcessPass.cs
 0.1 kb	 0.0% Packages/com.unity.render-pipelines.universal/Runtime/Passes/HDRDebugViewPass.cs
 0.1 kb	 0.0% Packages/com.unity.render-pipelines.universal/Runtime/Passes/GBufferPass.cs
 0.1 kb	 0.0% Packages/com.unity.render-pipelines.universal/Runtime/Passes/DrawSkyboxPass.cs
 0.1 kb	 0.0% Packages/com.unity.render-pipelines.universal/Runtime/Passes/DeferredPass.cs
 0.1 kb	 0.0% Packages/com.unity.render-pipelines.universal/Runtime/Overrides/PaniniProjection.cs
 0.1 kb	 0.0% Packages/com.unity.render-pipelines.universal/Runtime/Overrides/LiftGammaGain.cs
 0.1 kb	 0.0% Packages/com.unity.render-pipelines.universal/Runtime/Overrides/LensDistortion.cs
 0.1 kb	 0.0% Packages/com.unity.render-pipelines.universal/Runtime/Overrides/ColorAdjustments.cs
 0.1 kb	 0.0% Packages/com.unity.render-pipelines.universal/Runtime/Memory/BuddyAllocator.cs
 0.1 kb	 0.0% Packages/com.unity.render-pipelines.universal/Runtime/History/RawDepthHistory.cs
 0.1 kb	 0.0% Packages/com.unity.render-pipelines.universal/Runtime/History/RawColorHistory.cs
 0.1 kb	 0.0% Packages/com.unity.render-pipelines.universal/Runtime/Documentation.cs
 0.1 kb	 0.0% Packages/com.unity.render-pipelines.universal/Runtime/Deprecated.cs
 0.1 kb	 0.0% Packages/com.unity.render-pipelines.universal/Runtime/Decal/Entities/DecalDrawSystem.cs
 0.1 kb	 0.0% Packages/com.unity.render-pipelines.universal/Runtime/Decal/DecalProjector.cs
 0.1 kb	 0.0% Packages/com.unity.render-pipelines.universal/Runtime/Decal/DecalPreviewPass.cs
 0.1 kb	 0.0% Packages/com.unity.render-pipelines.universal/Runtime/Debug/DebugRenderSetup.cs
 0.1 kb	 0.0% Packages/com.unity.render-pipelines.universal/Runtime/Data/RenderStateData.cs
 0.1 kb	 0.0% Packages/com.unity.render-pipelines.universal/Runtime/Data/PostProcessData.cs
 0.1 kb	 0.0% Packages/com.unity.render-pipelines.universal/Runtime/ComponentUtility.cs
 0.1 kb	 0.0% Packages/com.unity.render-pipelines.universal/Runtime/2D/Shadows/Providers/ShadowShapeProvider2D_Utility.cs
 0.1 kb	 0.0% Packages/com.unity.render-pipelines.core/Runtime/XR/XRVisibleMesh.cs
 0.1 kb	 0.0% Packages/com.unity.render-pipelines.core/Runtime/XR/XROcclusionMesh.cs
 0.1 kb	 0.0% Packages/com.unity.render-pipelines.core/Runtime/XR/XRLayoutStack.cs
 0.1 kb	 0.0% Packages/com.unity.render-pipelines.core/Runtime/UnifiedRayTracing/Compute/RadeonRays/HlbvhTopLevelBuilder.cs
 0.1 kb	 0.0% Packages/com.unity.render-pipelines.core/Runtime/UnifiedRayTracing/Common/Utilities/GraphicsHelpers.cs
 0.1 kb	 0.0% Packages/com.unity.render-pipelines.core/Runtime/UnifiedRayTracing/Common/Utilities/BlockAllocator.cs
 0.1 kb	 0.0% Packages/com.unity.render-pipelines.core/Runtime/UnifiedRayTracing/Common/Utilities/BackendHelpers.cs
 0.1 kb	 0.0% Packages/com.unity.render-pipelines.core/Runtime/UnifiedRayTracing/Common/TerrainToMesh.cs
 0.1 kb	 0.0% Packages/com.unity.render-pipelines.core/Runtime/Lighting/ProbeVolume/ProbeIndexOfIndices.cs
 0.1 kb	 0.0% Packages/com.unity.render-pipelines.core/Runtime/GPUDriven/Utilities/LODRenderingUtils.cs
 0.1 kb	 0.0% Packages/com.unity.render-pipelines.core/Runtime/GPUDriven/Utilities/JaggedJobRangeBurst.cs
 0.1 kb	 0.0% Packages/com.unity.render-pipelines.core/Runtime/GPUDriven/SceneProcessors/WorldProcessorBurst.cs
 0.1 kb	 0.0% Packages/com.unity.render-pipelines.core/Runtime/GPUDriven/SceneProcessors/LODGroupUpdateBatch.cs
 0.1 kb	 0.0% Packages/com.unity.render-pipelines.core/Runtime/GPUDriven/SceneProcessors/LODGroupProcessor.cs
 0.1 kb	 0.0% Packages/com.unity.render-pipelines.core/Runtime/GPUDriven/GPUResidentDrawer.cs
 0.1 kb	 0.0% Packages/com.unity.render-pipelines.core/Runtime/GPUDriven/GPUResidentContext.cs
 0.1 kb	 0.0% Packages/com.unity.render-pipelines.core/Runtime/GPUDriven/Culling/InstanceCullerBurst.cs
 0.1 kb	 0.0% Packages/com.unity.render-pipelines.core/Runtime/GPUDriven/CoreDataSystems/LODGroupDataSystem.cs
 0.1 kb	 0.0% Packages/com.unity.render-pipelines.core/Runtime/GPUDriven/CoreDataSystems/InstanceDataSystem.cs
 0.1 kb	 0.0% Packages/com.unity.render-pipelines.core/Runtime/GPUDriven/CoreDataSystems/InstanceAllocators.cs
 0.1 kb	 0.0% Packages/com.unity.render-pipelines.core/Runtime/GPUDriven/CoreDataSystems/GPUArchetypeManager.cs
 0.1 kb	 0.0% Packages/com.unity.render-pipelines.core/Runtime/GPUDriven/CoreDataSystems/DefaultGPUComponents.cs
 0.1 kb	 0.0% Packages/com.unity.render-pipelines.core/Runtime/GPUDriven/Batching/CPUDrawInstanceData.cs
 0.1 kb	 0.0% Packages/com.unity.render-pipelines.core/Runtime/Debugging/DebugUI.Fields.cs
 0.1 kb	 0.0% Packages/com.unity.render-pipelines.core/Runtime/Debugging/DebugManager.SchedulerTracker.cs
 0.1 kb	 0.0% Packages/com.unity.inputsystem/InputSystem/Utilities/Observables/ForDeviceEventObservable.cs
 0.1 kb	 0.0% Packages/com.unity.inputsystem/InputSystem/Plugins/XR/Haptics/SendHapticImpulseCommand.cs
 0.1 kb	 0.0% Packages/com.unity.inputsystem/InputSystem/Plugins/Android/AndroidSensors.cs
 0.1 kb	 0.0% Packages/com.unity.inputsystem/InputSystem/Editor/AssetEditor/NameAndParameterListView.cs
 0.1 kb	 0.0% Packages/com.unity.inputsystem/InputSystem/Controls/Processors/StickDeadzoneProcessor.cs
 0.1 kb	 0.0% Packages/com.unity.inputsystem/InputSystem/Controls/Processors/ScaleVector3Processor.cs
 0.1 kb	 0.0% Packages/com.unity.inputsystem/InputSystem/Controls/Processors/ScaleVector2Processor.cs
 0.1 kb	 0.0% Packages/com.unity.inputsystem/InputSystem/Controls/Processors/InvertVector3Processor.cs
 0.1 kb	 0.0% Packages/com.unity.inputsystem/InputSystem/Controls/Processors/InvertVector2Processor.cs
 0.1 kb	 0.0% Packages/com.unity.inputsystem/InputSystem/Controls/Processors/AxisDeadzoneProcessor.cs
 0.1 kb	 0.0% Packages/com.unity.inputsystem/InputSystem/Actions/Composites/TwoModifiersComposite.cs
 0.1 kb	 0.0% Packages/com.unity.inputsystem/InputSystem/Actions/Composites/ButtonWithTwoModifiers.cs
 0.1 kb	 0.0% Packages/com.unity.inputsystem/InputSystem/Actions/Composites/ButtonWithOneModifier.cs
 0.1 kb	 0.0% Packages/com.unity.collections/Unity.Collections/UnsafeScratchAllocator.cs
 0.1 kb	 0.0% Packages/com.unity.collections/Unity.Collections/NativeParallelHashMapExtensions.cs
 0.1 kb	 0.0% Packages/com.unity.ugui/Runtime/TMP/TMP_SpriteAssetImportFormats.cs
 0.1 kb	 0.0% Packages/com.unity.shadergraph/ShaderGraphLibrary/DummyShaderGraphLibrary.cs
 0.1 kb	 0.0% Packages/com.unity.render-pipelines.universal/ShaderLibrary/ShaderTypes.cs
 0.1 kb	 0.0% Packages/com.unity.render-pipelines.universal/ShaderLibrary/Deprecated.cs
 0.1 kb	 0.0% Packages/com.unity.render-pipelines.universal/Runtime/Tiling/TileSize.cs
 0.1 kb	 0.0% Packages/com.unity.render-pipelines.universal/Runtime/2D/URP2D_CRC32.cs
 0.1 kb	 0.0% Packages/com.unity.render-pipelines.universal/Runtime/2D/Shadows/Shadow Provider Utility/ShadowMesh2D.cs
 0.1 kb	 0.0% Packages/com.unity.render-pipelines.universal/Runtime/2D/Shadows/Shadow Provider Utility/ShadowEdge.cs
 0.1 kb	 0.0% Packages/com.unity.render-pipelines.universal/Runtime/2D/Shadows/Shadow Provider Utility/IEdgeStore.cs
 0.1 kb	 0.0% Packages/com.unity.render-pipelines.universal/Runtime/2D/Rendergraph/UpscalePass.cs
 0.1 kb	 0.0% Packages/com.unity.render-pipelines.universal/Runtime/2D/Provider2D.cs
 0.1 kb	 0.0% Packages/com.unity.render-pipelines.universal/Runtime/2D/Passes/Utility/LightBatch.cs
 0.1 kb	 0.0% Packages/com.unity.render-pipelines.universal/Runtime/2D/Passes/Utility/LayerUtility.cs
 0.1 kb	 0.0% Packages/com.unity.render-pipelines.universal/Runtime/2D/Passes/Utility/LayerDebug.cs
 0.1 kb	 0.0% Packages/com.unity.render-pipelines.universal/Runtime/2D/Lights/LightUtility.cs
 0.1 kb	 0.0% Packages/com.unity.render-pipelines.core/Runtime/Utilities/SweepLineRectUtils.cs
 0.1 kb	 0.0% Packages/com.unity.render-pipelines.core/Runtime/Utilities/SceneRenderPipeline.cs
 0.1 kb	 0.0% Packages/com.unity.render-pipelines.core/Runtime/Utilities/MaterialQuality.cs
 0.1 kb	 0.0% Packages/com.unity.render-pipelines.core/Runtime/Utilities/CullContextData.cs
 0.1 kb	 0.0% Packages/com.unity.render-pipelines.core/Runtime/Utilities/CameraCaptureBridge.cs
 0.1 kb	 0.0% Packages/com.unity.render-pipelines.core/Runtime/ShaderGenerator/ShaderGeneratorAttributes.cs
 0.1 kb	 0.0% Packages/com.unity.render-pipelines.core/Runtime/RenderGraph/RenderGraph.cs
 0.1 kb	 0.0% Packages/com.unity.render-pipelines.core/Runtime/PostProcessing/LensFlareCommonSRP.cs
 0.1 kb	 0.0% Packages/com.unity.render-pipelines.core/Runtime/LookDev/IDataProvider.cs
 0.1 kb	 0.0% Packages/com.unity.render-pipelines.core/Runtime/Lighting/SphericalHarmonics.cs
 0.1 kb	 0.0% Packages/com.unity.render-pipelines.core/Runtime/Lighting/ProbeVolume/ProbeVolumesOptions.cs
 0.1 kb	 0.0% Packages/com.unity.render-pipelines.core/Runtime/Lighting/ProbeVolume/ProbeVolumeSceneData.cs
 0.1 kb	 0.0% Packages/com.unity.render-pipelines.core/Runtime/Lighting/ProbeVolume/ProbeVolumeGIContributor.cs
 0.1 kb	 0.0% Packages/com.unity.render-pipelines.core/Runtime/Lighting/ProbeVolume/ProbeVolumeBakingSet.cs
 0.1 kb	 0.0% Packages/com.unity.render-pipelines.core/Runtime/Lighting/ProbeVolume/ProbeVolumeAsset.cs
 0.1 kb	 0.0% Packages/com.unity.render-pipelines.core/Runtime/Lighting/ProbeVolume/ProbeReferenceVolume.cs
 0.1 kb	 0.0% Packages/com.unity.render-pipelines.core/Runtime/Documentation.cs
 0.1 kb	 0.0% Packages/com.unity.render-pipelines.core/Runtime/Debugging/RuntimeDebugWindow.cs
 0.1 kb	 0.0% Packages/com.unity.render-pipelines.core/Runtime/Debugging/MousePositionDebug.cs
 0.1 kb	 0.0% Packages/com.unity.render-pipelines.core/Runtime/Debugging/IVolumeDebugSettings.cs
 0.1 kb	 0.0% Packages/com.unity.render-pipelines.core/Runtime/Debugging/FrameTiming/FrameTimeBottleneck.cs
 0.1 kb	 0.0% Packages/com.unity.render-pipelines.core/Runtime/Common/Swap.Extensions.cs
 0.1 kb	 0.0% Packages/com.unity.render-pipelines.core/Runtime/Common/ReloadGroupAttribute.cs
 0.1 kb	 0.0% Packages/com.unity.render-pipelines.core/Runtime/Common/CommandBufferPool.cs
 0.1 kb	 0.0% Packages/com.unity.render-pipelines.core/Runtime/CommandBuffers/UnsafeCommandBuffer.cs
 0.1 kb	 0.0% Packages/com.unity.render-pipelines.core/Runtime/CommandBuffers/RasterCommandBuffer.cs
 0.1 kb	 0.0% Packages/com.unity.render-pipelines.core/Runtime/CommandBuffers/IUnsafeCommandBuffer.cs
 0.1 kb	 0.0% Packages/com.unity.render-pipelines.core/Runtime/CommandBuffers/IRasterCommandBuffer.cs
 0.1 kb	 0.0% Packages/com.unity.render-pipelines.core/Runtime/CommandBuffers/IBaseCommandBuffer.cs
 0.1 kb	 0.0% Packages/com.unity.render-pipelines.core/Runtime/CommandBuffers/ComputeCommandBuffer.cs
 0.1 kb	 0.0% Packages/com.unity.render-pipelines.core/Runtime/CommandBuffers/CommandBufferHelpers.cs
 0.1 kb	 0.0% Packages/com.unity.inputsystem/InputSystem/State/IInputStateChangeMonitor.cs
 0.1 kb	 0.0% Packages/com.unity.inputsystem/InputSystem/Plugins/iOS/IOSGameController.cs
 0.1 kb	 0.0% Packages/com.unity.inputsystem/InputSystem/Plugins/Users/InputUserAccountHandle.cs
 0.1 kb	 0.0% Packages/com.unity.inputsystem/InputSystem/Plugins/Switch/SwitchProControllerHID.cs
 0.1 kb	 0.0% Packages/com.unity.inputsystem/InputSystem/Plugins/PlayerInput/PlayerInputManagerEditor.cs
 0.1 kb	 0.0% Packages/com.unity.inputsystem/InputSystem/Plugins/OSX/OSXGameController.cs
 0.1 kb	 0.0% Packages/com.unity.inputsystem/InputSystem/Plugins/EnhancedTouch/EnhancedTouchSupport.cs
 0.1 kb	 0.0% Packages/com.unity.inputsystem/InputSystem/Events/DeviceConfigurationEvent.cs
 0.1 kb	 0.0% Packages/com.unity.inputsystem/InputSystem/Editor/UITKAssetEditor/Views/VisualElementExtensions.cs
 0.1 kb	 0.0% Packages/com.unity.inputsystem/InputSystem/Editor/UITKAssetEditor/Views/InputActionsTreeViewItem.cs
 0.1 kb	 0.0% Packages/com.unity.inputsystem/InputSystem/Editor/UITKAssetEditor/Views/InputActionsEditorView.cs
 0.1 kb	 0.0% Packages/com.unity.inputsystem/InputSystem/Editor/UITKAssetEditor/Views/BindingPropertiesView.cs
 0.1 kb	 0.0% Packages/com.unity.inputsystem/InputSystem/Editor/UITKAssetEditor/SerializedInputBinding.cs
 0.1 kb	 0.0% Packages/com.unity.inputsystem/InputSystem/Editor/UITKAssetEditor/SerializedInputActionMap.cs
 0.1 kb	 0.0% Packages/com.unity.inputsystem/InputSystem/Editor/UITKAssetEditor/SerializedInputAction.cs
 0.1 kb	 0.0% Packages/com.unity.inputsystem/InputSystem/Editor/UITKAssetEditor/InputActionsEditorWindow.cs
 0.1 kb	 0.0% Packages/com.unity.inputsystem/InputSystem/Editor/UITKAssetEditor/InputActionsEditorState.cs
 0.1 kb	 0.0% Packages/com.unity.inputsystem/InputSystem/Editor/UITKAssetEditor/Commands/ControlSchemeCommands.cs
 0.1 kb	 0.0% Packages/com.unity.inputsystem/InputSystem/Editor/Settings/InputSettingsProvider.cs
 0.1 kb	 0.0% Packages/com.unity.inputsystem/InputSystem/Editor/Settings/InputEditorUserSettings.cs
 0.1 kb	 0.0% Packages/com.unity.inputsystem/InputSystem/Editor/PropertyDrawers/InputControlPathDrawer.cs
 0.1 kb	 0.0% Packages/com.unity.inputsystem/InputSystem/Editor/PropertyDrawers/InputActionDrawerBase.cs
 0.1 kb	 0.0% Packages/com.unity.inputsystem/InputSystem/Editor/PropertyDrawers/InputActionAssetDrawer.cs
 0.1 kb	 0.0% Packages/com.unity.inputsystem/InputSystem/Editor/ProjectWideActions/ProjectWideActionsAsset.cs
 0.1 kb	 0.0% Packages/com.unity.inputsystem/InputSystem/Editor/Internal/AdvancedDropdown/AdvancedDropdownWindow.cs
 0.1 kb	 0.0% Packages/com.unity.inputsystem/InputSystem/Editor/Internal/AdvancedDropdown/AdvancedDropdownState.cs
 0.1 kb	 0.0% Packages/com.unity.inputsystem/InputSystem/Editor/InputSystemPluginControl.cs
 0.1 kb	 0.0% Packages/com.unity.inputsystem/InputSystem/Editor/InputLayoutCodeGenerator.cs
 0.1 kb	 0.0% Packages/com.unity.inputsystem/InputSystem/Editor/InputAssetEditorUtils.cs
 0.1 kb	 0.0% Packages/com.unity.inputsystem/InputSystem/Editor/Debugger/InputLatencyCalculator.cs
 0.1 kb	 0.0% Packages/com.unity.inputsystem/InputSystem/Editor/ControlPicker/InputControlPickerState.cs
 0.1 kb	 0.0% Packages/com.unity.inputsystem/InputSystem/Editor/ControlPicker/InputControlPathEditor.cs
 0.1 kb	 0.0% Packages/com.unity.inputsystem/InputSystem/Editor/ControlPicker/InputControlDropdownItem.cs
 0.1 kb	 0.0% Packages/com.unity.inputsystem/InputSystem/Editor/AssetImporter/InputActionCodeGenerator.cs
 0.1 kb	 0.0% Packages/com.unity.inputsystem/InputSystem/Editor/AssetImporter/InputActionAssetEditor.cs
 0.1 kb	 0.0% Packages/com.unity.inputsystem/InputSystem/Editor/AssetImporter/IInputActionAssetEditor.cs
 0.1 kb	 0.0% Packages/com.unity.inputsystem/InputSystem/Editor/AssetEditor/InputActionAssetManager.cs
 0.1 kb	 0.0% Packages/com.unity.inputsystem/InputSystem/Devices/Remote/RemoteInputPlayerConnection.cs
 0.1 kb	 0.0% Packages/com.unity.inputsystem/InputSystem/Devices/InputDeviceDescription.cs
 0.1 kb	 0.0% Packages/com.unity.inputsystem/InputSystem/Devices/Haptics/DualMotorRumbleCommand.cs
 0.1 kb	 0.0% Packages/com.unity.inputsystem/InputSystem/Devices/Commands/WarpMousePositionCommand.cs
 0.1 kb	 0.0% Packages/com.unity.inputsystem/InputSystem/Devices/Commands/QueryEnabledStateCommand.cs
 0.1 kb	 0.0% Packages/com.unity.inputsystem/InputSystem/Devices/Commands/QueryDimensionsCommand.cs
 0.1 kb	 0.0% Packages/com.unity.inputsystem/InputSystem/Devices/Commands/QueryCanRunInBackground.cs
 0.1 kb	 0.0% Packages/com.unity.inputsystem/InputSystem/Devices/Commands/IInputDeviceCommandInfo.cs
 0.1 kb	 0.0% Packages/com.unity.inputsystem/InputSystem/Controls/InputControlAttribute.cs
 0.1 kb	 0.0% Packages/com.unity.inputsystem/InputSystem/Controls/DiscreteButtonControl.cs
 0.1 kb	 0.0% Packages/com.unity.inputsystem/InputSystem/Actions/InputBindingCompositeContext.cs
 0.1 kb	 0.0% Packages/com.unity.inputsystem/InputSystem/Actions/InputActionSetupExtensions.cs
 0.1 kb	 0.0% Packages/com.unity.inputsystem/InputSystem/Actions/InputActionParameters.cs
 0.1 kb	 0.0% Packages/com.unity.collections/Unity.Collections/UnsafeAtomicCounter.cs
 0.1 kb	 0.0% Packages/com.unity.ugui/Runtime/UGUI/UI/Core/Layout/HorizontalOrVerticalLayoutGroup.cs
 0.1 kb	 0.0% Packages/com.unity.render-pipelines.universal/Runtime/Tiling/ZBinningJob.cs
 0.1 kb	 0.0% Packages/com.unity.render-pipelines.universal/Runtime/Tiling/TilingJob.cs
 0.1 kb	 0.0% Packages/com.unity.render-pipelines.universal/Runtime/TemporalAA.cs
 0.1 kb	 0.0% Packages/com.unity.render-pipelines.universal/Runtime/ShadowUtils.cs
 0.1 kb	 0.0% Packages/com.unity.render-pipelines.universal/Runtime/ShaderUtils.cs
 0.1 kb	 0.0% Packages/com.unity.render-pipelines.universal/Runtime/ShaderData.cs
 0.1 kb	 0.0% Packages/com.unity.render-pipelines.universal/Runtime/PostProcess.cs
 0.1 kb	 0.0% Packages/com.unity.render-pipelines.universal/Runtime/Passes/CapturePass.cs
 0.1 kb	 0.0% Packages/com.unity.render-pipelines.universal/Runtime/Overrides/WhiteBalance.cs
 0.1 kb	 0.0% Packages/com.unity.render-pipelines.universal/Runtime/Overrides/Tonemapping.cs
 0.1 kb	 0.0% Packages/com.unity.render-pipelines.universal/Runtime/Overrides/SplitToning.cs
 0.1 kb	 0.0% Packages/com.unity.render-pipelines.universal/Runtime/Overrides/MotionBlur.cs
 0.1 kb	 0.0% Packages/com.unity.render-pipelines.universal/Runtime/Overrides/FilmGrain.cs
 0.1 kb	 0.0% Packages/com.unity.render-pipelines.universal/Runtime/Overrides/DepthOfField.cs
 0.1 kb	 0.0% Packages/com.unity.render-pipelines.universal/Runtime/Overrides/ColorLookup.cs
 0.1 kb	 0.0% Packages/com.unity.render-pipelines.universal/Runtime/Overrides/ColorCurves.cs
 0.1 kb	 0.0% Packages/com.unity.render-pipelines.universal/Runtime/Overrides/ChannelMixer.cs
 0.1 kb	 0.0% Packages/com.unity.render-pipelines.universal/Runtime/History/TaaHistory.cs
 0.1 kb	 0.0% Packages/com.unity.render-pipelines.universal/Runtime/History/StpHistory.cs
 0.1 kb	 0.0% Packages/com.unity.render-pipelines.universal/Runtime/Decal/Entities/DecalChunk.cs
 0.1 kb	 0.0% Packages/com.unity.render-pipelines.universal/Runtime/Debug/DebugHandler.cs
 0.1 kb	 0.0% Packages/com.unity.render-pipelines.core/Runtime/XR/XRMirrorView.cs
 0.1 kb	 0.0% Packages/com.unity.render-pipelines.core/Runtime/Utilities/GPUPrefixSum/GPUPrefixSum.ShaderIDs.cs
 0.1 kb	 0.0% Packages/com.unity.render-pipelines.core/Runtime/UnifiedRayTracing/Compute/RadeonRays/RestructureBvh.cs
 0.1 kb	 0.0% Packages/com.unity.render-pipelines.core/Runtime/UnifiedRayTracing/Compute/RadeonRays/RadeonRaysAPI.cs
 0.1 kb	 0.0% Packages/com.unity.render-pipelines.core/Runtime/UnifiedRayTracing/Common/GeometryPool/GeometryPool.cs
 0.1 kb	 0.0% Packages/com.unity.render-pipelines.core/Runtime/GPUDriven/Utilities/ParallelBitArray.cs
 0.1 kb	 0.0% Packages/com.unity.render-pipelines.core/Runtime/GPUDriven/Utilities/MemoryUtilities.cs
 0.1 kb	 0.0% Packages/com.unity.render-pipelines.core/Runtime/GPUDriven/Utilities/JaggedJobRange.cs
 0.1 kb	 0.0% Packages/com.unity.render-pipelines.core/Runtime/GPUDriven/Utilities/GPUResidentUtils.cs
 0.1 kb	 0.0% Packages/com.unity.render-pipelines.core/Runtime/GPUDriven/SceneProcessors/WorldProcessor.cs
 0.1 kb	 0.0% Packages/com.unity.render-pipelines.core/Runtime/GPUDriven/Culling/InstanceCuller.cs
 0.1 kb	 0.0% Packages/com.unity.render-pipelines.core/Runtime/Deprecated.cs
 0.1 kb	 0.0% Packages/com.unity.render-pipelines.core/Runtime/Common/CoreAttributes.cs
 0.1 kb	 0.0% Packages/com.unity.render-pipelines.core/Runtime/CommandBuffers/BaseCommandBufer.cs
 0.1 kb	 0.0% Packages/com.unity.inputsystem/InputSystem/Utilities/NameAndParameters.cs
 0.1 kb	 0.0% Packages/com.unity.inputsystem/InputSystem/Utilities/CSharpCodeHelpers.cs
 0.1 kb	 0.0% Packages/com.unity.inputsystem/InputSystem/Plugins/UI/TrackedDeviceRaycaster.cs
 0.1 kb	 0.0% Packages/com.unity.inputsystem/InputSystem/Plugins/UI/MultiplayerEventSystem.cs
 0.1 kb	 0.0% Packages/com.unity.inputsystem/InputSystem/Plugins/UI/InputSystemUIInputModule.cs
 0.1 kb	 0.0% Packages/com.unity.inputsystem/InputSystem/Plugins/UI/ExtendedPointerEventData.cs
 0.1 kb	 0.0% Packages/com.unity.inputsystem/InputSystem/Plugins/UI/ExtendedAxisEventData.cs
 0.1 kb	 0.0% Packages/com.unity.inputsystem/InputSystem/Plugins/HID/HIDDescriptorWindow.cs
 0.1 kb	 0.0% Packages/com.unity.inputsystem/InputSystem/Plugins/DualShock/IDualShockHaptics.cs
 0.1 kb	 0.0% Packages/com.unity.inputsystem/InputSystem/Editor/AssetEditor/ParameterListView.cs
 0.1 kb	 0.0% Packages/com.unity.inputsystem/InputSystem/Editor/AssetEditor/InputActionTreeViewItems.cs
 0.1 kb	 0.0% Packages/com.unity.inputsystem/InputSystem/Controls/Processors/NormalizeProcessor.cs
 0.1 kb	 0.0% Packages/com.unity.inputsystem/InputSystem/Actions/Interactions/SlowTapInteraction.cs
 0.1 kb	 0.0% Packages/com.unity.inputsystem/InputSystem/Actions/Interactions/MultiTapInteraction.cs
 0.1 kb	 0.0% Packages/com.unity.inputsystem/InputSystem/Actions/Composites/OneModifierComposite.cs
 0.1 kb	 0.0% Packages/com.unity.collections/Unity.Collections/UnsafeUtilityEx.cs
 0.1 kb	 0.0% Packages/com.unity.collections/Unity.Collections/UnsafeAppendBuffer.cs
 0.1 kb	 0.0% Packages/com.unity.collections/Unity.Collections/NativeParallelHashSetExtensions.gen.cs
 0.1 kb	 0.0% Packages/com.unity.collections/Unity.Collections/Jobs/RegisterGenericJobTypeAttribute.cs
 0.1 kb	 0.0% Packages/com.unity.collections/Unity.Collections/DoubleRewindableAllocators.cs
 0.1 kb	 0.0% Packages/com.unity.collections/Unity.Collections/DataStreamExtensions.cs
 0.1 kb	 0.0% Packages/com.unity.ugui/Runtime/TMP/TMP_DynamicFontAssetUtilities.cs
 0.1 kb	 0.0% Packages/com.unity.render-pipelines.universal/Runtime/NoAllocUtils.cs
 0.1 kb	 0.0% Packages/com.unity.render-pipelines.universal/Runtime/2D/Lights/Light2D.cs
 0.1 kb	 0.0% Packages/com.unity.render-pipelines.universal/Runtime/2D/Clipper.cs
 0.1 kb	 0.0% Packages/com.unity.render-pipelines.core/Runtime/XR/XRSRPSettings.cs
 0.1 kb	 0.0% Packages/com.unity.render-pipelines.core/Runtime/Volume/VolumeProfile.cs
 0.1 kb	 0.0% Packages/com.unity.render-pipelines.core/Runtime/Volume/VolumeParameter.cs
 0.1 kb	 0.0% Packages/com.unity.render-pipelines.core/Runtime/Volume/VolumeManager.cs
 0.1 kb	 0.0% Packages/com.unity.render-pipelines.core/Runtime/Volume/VolumeDebugData.cs
 0.1 kb	 0.0% Packages/com.unity.render-pipelines.core/Runtime/Volume/VolumeComponent.cs
 0.1 kb	 0.0% Packages/com.unity.render-pipelines.core/Runtime/Volume/VolumeCollection.cs
 0.1 kb	 0.0% Packages/com.unity.render-pipelines.core/Runtime/Volume/KeyframeUtility.cs
 0.1 kb	 0.0% Packages/com.unity.render-pipelines.core/Runtime/Utilities/TileLayoutUtils.cs
 0.1 kb	 0.0% Packages/com.unity.render-pipelines.core/Runtime/Utilities/TextureGradient.cs
 0.1 kb	 0.0% Packages/com.unity.render-pipelines.core/Runtime/Utilities/ResourceReloader.cs
 0.1 kb	 0.0% Packages/com.unity.render-pipelines.core/Runtime/Utilities/LightUnitUtils.cs
 0.1 kb	 0.0% Packages/com.unity.render-pipelines.core/Runtime/Utilities/HaltonSequence.cs
 0.1 kb	 0.0% Packages/com.unity.render-pipelines.core/Runtime/Utilities/HDROutputUtils.cs
 0.1 kb	 0.0% Packages/com.unity.render-pipelines.core/Runtime/Utilities/GPUPrefixSum/GPUPrefixSum.Data.cs
 0.1 kb	 0.0% Packages/com.unity.render-pipelines.core/Runtime/Utilities/DelegateUtility.cs
 0.1 kb	 0.0% Packages/com.unity.render-pipelines.core/Runtime/Utilities/CoreMatrixUtils.cs
 0.1 kb	 0.0% Packages/com.unity.render-pipelines.core/Runtime/Utilities/ColorSpaceUtils.cs
 0.1 kb	 0.0% Packages/com.unity.render-pipelines.core/Runtime/Utilities/ArrayExtensions.cs
 0.1 kb	 0.0% Packages/com.unity.render-pipelines.core/Runtime/Textures/Texture2DAtlas.cs
 0.1 kb	 0.0% Packages/com.unity.render-pipelines.core/Runtime/Textures/RTHandleSystem.cs
 0.1 kb	 0.0% Packages/com.unity.render-pipelines.core/Runtime/Sampling/SobolData.cs
 0.1 kb	 0.0% Packages/com.unity.render-pipelines.core/Runtime/RenderPipeline/IVolumetricCloud.cs
 0.1 kb	 0.0% Packages/com.unity.render-pipelines.core/Runtime/RenderPipeline/ICloudBackground.cs
 0.1 kb	 0.0% Packages/com.unity.render-pipelines.core/Runtime/RenderGraph/RenderGraphCompilationCache.cs
 0.1 kb	 0.0% Packages/com.unity.render-pipelines.core/Runtime/PostProcessing/LensFlareDataSRP.cs
 0.1 kb	 0.0% Packages/com.unity.render-pipelines.core/Runtime/Lighting/ProbeVolume/ProbeVolumeUtil.cs
 0.1 kb	 0.0% Packages/com.unity.render-pipelines.core/Runtime/Lighting/ProbeVolume/ProbeBrickPool.cs
 0.1 kb	 0.0% Packages/com.unity.render-pipelines.core/Runtime/Lighting/ProbeVolume/ProbeBrickIndex.cs
 0.1 kb	 0.0% Packages/com.unity.render-pipelines.core/Runtime/Debugging/ProfilingScope.cs
 0.1 kb	 0.0% Packages/com.unity.render-pipelines.core/Runtime/Debugging/FrameTiming/FrameTimeSample.cs
 0.1 kb	 0.0% Packages/com.unity.render-pipelines.core/Runtime/Debugging/DebugManager.UIState.cs
 0.1 kb	 0.0% Packages/com.unity.render-pipelines.core/Runtime/Debugging/DebugManager.Input.cs
 0.1 kb	 0.0% Packages/com.unity.render-pipelines.core/Runtime/Debugging/DebugFrameTiming.cs
 0.1 kb	 0.0% Packages/com.unity.render-pipelines.core/Runtime/Common/SerializableEnum.cs
 0.1 kb	 0.0% Packages/com.unity.render-pipelines.core/Runtime/Common/ReloadAttribute.cs
 0.1 kb	 0.0% Packages/com.unity.render-pipelines.core/Runtime/Common/IAdditionalData.cs
 0.1 kb	 0.0% Packages/com.unity.render-pipelines.core/Runtime/Common/DynamicString.cs
 0.1 kb	 0.0% Packages/com.unity.render-pipelines.core/Runtime/Common/CoreUnsafeUtils.cs
 0.1 kb	 0.0% Packages/com.unity.render-pipelines.core/Runtime/Common/ContextContainer.cs
 0.1 kb	 0.0% Packages/com.unity.render-pipelines.core/Runtime/Common/ConstantBuffer.cs
 0.1 kb	 0.0% Packages/com.unity.render-pipelines.core/Runtime/Camera/CameraSwitcher.cs
 0.1 kb	 0.0% Packages/com.unity.inputsystem/InputSystem/Utilities/Comparers.cs
 0.1 kb	 0.0% Packages/com.unity.inputsystem/InputSystem/State/InputStateHistory.cs
 0.1 kb	 0.0% Packages/com.unity.inputsystem/InputSystem/State/InputStateBuffers.cs
 0.1 kb	 0.0% Packages/com.unity.inputsystem/InputSystem/State/IInputStateTypeInfo.cs
 0.1 kb	 0.0% Packages/com.unity.inputsystem/InputSystem/Plugins/iOS/InputSettingsiOSProvider.cs
 0.1 kb	 0.0% Packages/com.unity.inputsystem/InputSystem/Plugins/Users/InputUserSettings.cs
 0.1 kb	 0.0% Packages/com.unity.inputsystem/InputSystem/Plugins/PlayerInput/PlayerInputEditor.cs
 0.1 kb	 0.0% Packages/com.unity.inputsystem/InputSystem/Plugins/EnhancedTouch/TouchSimulation.cs
 0.1 kb	 0.0% Packages/com.unity.inputsystem/InputSystem/NativeInputRuntime.cs
 0.1 kb	 0.0% Packages/com.unity.inputsystem/InputSystem/Events/InputEventListener.cs
 0.1 kb	 0.0% Packages/com.unity.inputsystem/InputSystem/Events/IMECompositionEvent.cs
 0.1 kb	 0.0% Packages/com.unity.inputsystem/InputSystem/Events/IInputEventTypeInfo.cs
 0.1 kb	 0.0% Packages/com.unity.inputsystem/InputSystem/Events/DeviceRemoveEvent.cs
 0.1 kb	 0.0% Packages/com.unity.inputsystem/InputSystem/Editor/UITKAssetEditor/Views/MatchingControlPaths.cs
 0.1 kb	 0.0% Packages/com.unity.inputsystem/InputSystem/Editor/UITKAssetEditor/Views/IViewStateCollection.cs
 0.1 kb	 0.0% Packages/com.unity.inputsystem/InputSystem/Editor/UITKAssetEditor/Views/ControlSchemesView.cs
 0.1 kb	 0.0% Packages/com.unity.inputsystem/InputSystem/Editor/UITKAssetEditor/Views/ActionPropertiesView.cs
 0.1 kb	 0.0% Packages/com.unity.inputsystem/InputSystem/Editor/UITKAssetEditor/EnumerableExtensions.cs
 0.1 kb	 0.0% Packages/com.unity.inputsystem/InputSystem/Editor/PropertyDrawers/InputActionMapDrawer.cs
 0.1 kb	 0.0% Packages/com.unity.inputsystem/InputSystem/Editor/PropertyDrawers/InputActionDrawer.cs
 0.1 kb	 0.0% Packages/com.unity.inputsystem/InputSystem/Editor/Internal/InputEventTreeView.cs
 0.1 kb	 0.0% Packages/com.unity.inputsystem/InputSystem/Editor/Internal/InputControlTreeView.cs
 0.1 kb	 0.0% Packages/com.unity.inputsystem/InputSystem/Editor/Internal/BuildProviderHelpers.cs
 0.1 kb	 0.0% Packages/com.unity.inputsystem/InputSystem/Editor/Internal/AdvancedDropdown/MultiLevelDataSource.cs
 0.1 kb	 0.0% Packages/com.unity.inputsystem/InputSystem/Editor/Internal/AdvancedDropdown/CallbackDataSource.cs
 0.1 kb	 0.0% Packages/com.unity.inputsystem/InputSystem/Editor/Internal/AdvancedDropdown/AdvancedDropdownItem.cs
 0.1 kb	 0.0% Packages/com.unity.inputsystem/InputSystem/Editor/Internal/AdvancedDropdown/AdvancedDropdownGUI.cs
 0.1 kb	 0.0% Packages/com.unity.inputsystem/InputSystem/Editor/InputParameterEditor.cs
 0.1 kb	 0.0% Packages/com.unity.inputsystem/InputSystem/Editor/DeviceSimulator/InputSystemPlugin.cs
 0.1 kb	 0.0% Packages/com.unity.inputsystem/InputSystem/Editor/Debugger/InputDebuggerWindow.cs
 0.1 kb	 0.0% Packages/com.unity.inputsystem/InputSystem/Editor/ControlPicker/InputControlPicker.cs
 0.1 kb	 0.0% Packages/com.unity.inputsystem/InputSystem/Editor/BuildPipeline/LinkFileGenerator.cs
 0.1 kb	 0.0% Packages/com.unity.inputsystem/InputSystem/Editor/AssetImporter/InputActionImporter.cs
 0.1 kb	 0.0% Packages/com.unity.inputsystem/InputSystem/Editor/AssetEditor/PropertiesViewBase.cs
 0.1 kb	 0.0% Packages/com.unity.inputsystem/InputSystem/Editor/AssetEditor/InputActionTreeView.cs
 0.1 kb	 0.0% Packages/com.unity.inputsystem/InputSystem/Editor/Analytics/InputEditorAnalytics.cs
 0.1 kb	 0.0% Packages/com.unity.inputsystem/InputSystem/Editor/Analytics/InputBuildAnalytic.cs
 0.1 kb	 0.0% Packages/com.unity.inputsystem/InputSystem/Devices/InputDeviceMatcher.cs
 0.1 kb	 0.0% Packages/com.unity.inputsystem/InputSystem/Devices/InputDeviceBuilder.cs
 0.1 kb	 0.0% Packages/com.unity.inputsystem/InputSystem/Devices/ITextInputReceiver.cs
 0.1 kb	 0.0% Packages/com.unity.inputsystem/InputSystem/Devices/IEventPreProcessor.cs
 0.1 kb	 0.0% Packages/com.unity.inputsystem/InputSystem/Devices/ICustomDeviceReset.cs
 0.1 kb	 0.0% Packages/com.unity.inputsystem/InputSystem/Devices/Commands/RequestSyncCommand.cs
 0.1 kb	 0.0% Packages/com.unity.inputsystem/InputSystem/Devices/Commands/RequestResetCommand.cs
 0.1 kb	 0.0% Packages/com.unity.inputsystem/InputSystem/Devices/Commands/QueryUserIdCommand.cs
 0.1 kb	 0.0% Packages/com.unity.inputsystem/InputSystem/Devices/Commands/QueryKeyNameCommand.cs
 0.1 kb	 0.0% Packages/com.unity.inputsystem/InputSystem/Devices/Commands/InputDeviceCommand.cs
 0.1 kb	 0.0% Packages/com.unity.inputsystem/InputSystem/Devices/Commands/EnableDeviceCommand.cs
 0.1 kb	 0.0% Packages/com.unity.inputsystem/InputSystem/Devices/Commands/DisableDeviceCommand.cs
 0.1 kb	 0.0% Packages/com.unity.inputsystem/InputSystem/Controls/TouchPressControl.cs
 0.1 kb	 0.0% Packages/com.unity.inputsystem/InputSystem/Controls/TouchPhaseControl.cs
 0.1 kb	 0.0% Packages/com.unity.inputsystem/InputSystem/Controls/QuaternionControl.cs
 0.1 kb	 0.0% Packages/com.unity.inputsystem/InputSystem/Controls/InputControlLayout.cs
 0.1 kb	 0.0% Packages/com.unity.inputsystem/InputSystem/Controls/InputControlExtensions.cs
 0.1 kb	 0.0% Packages/com.unity.inputsystem/InputSystem/Actions/InputInteractionContext.cs
 0.1 kb	 0.0% Packages/com.unity.inputsystem/InputSystem/Actions/InputBindingComposite.cs
 0.1 kb	 0.0% Packages/com.unity.inputsystem/InputSystem/Actions/IInputActionCollection.cs
 0.1 kb	 0.0% Packages/com.unity.collections/Unity.Collections/NativeNotBurstCompatible.cs
 0.1 kb	 0.0% Packages/com.unity.ugui/Runtime/UGUI/EventSystem/UIElements/WorldDocumentRaycaster.cs
 0.1 kb	 0.0% Packages/com.unity.ugui/Runtime/UGUI/EventSystem/InputModules/StandaloneInputModule.cs
 0.1 kb	 0.0% Packages/com.unity.render-pipelines.universal/Runtime/StpUtils.cs
 0.1 kb	 0.0% Packages/com.unity.render-pipelines.universal/Runtime/RendererFeatures/OnTilePostProcessPass.cs
 0.1 kb	 0.0% Packages/com.unity.render-pipelines.universal/Runtime/RendererFeatures/OnTilePostProcessFeature.cs
 0.1 kb	 0.0% Packages/com.unity.render-pipelines.universal/Runtime/Overrides/Vignette.cs
 0.1 kb	 0.0% Packages/com.unity.render-pipelines.universal/Runtime/Overrides/Bloom.cs
 0.1 kb	 0.0% Packages/com.unity.render-pipelines.core/Runtime/XR/XRView.cs
 0.1 kb	 0.0% Packages/com.unity.render-pipelines.core/Runtime/XR/XRSystem.cs
 0.1 kb	 0.0% Packages/com.unity.render-pipelines.core/Runtime/XR/XRPass.cs
 0.1 kb	 0.0% Packages/com.unity.render-pipelines.core/Runtime/XR/XRLayout.cs
 0.1 kb	 0.0% Packages/com.unity.render-pipelines.core/Runtime/UnifiedRayTracing/StringIDs.cs
 0.1 kb	 0.0% Packages/com.unity.render-pipelines.core/Runtime/UnifiedRayTracing/Compute/RadeonRays/RadixSort.cs
 0.1 kb	 0.0% Packages/com.unity.render-pipelines.core/Runtime/UnifiedRayTracing/Compute/RadeonRays/HlbvhBuilder.cs
 0.1 kb	 0.0% Packages/com.unity.render-pipelines.core/Runtime/UnifiedRayTracing/Common/Utilities/Utils.cs
 0.1 kb	 0.0% Packages/com.unity.render-pipelines.core/Runtime/GPUDriven/CoreDataSystems/RenderWorld.cs
 0.1 kb	 0.0% Packages/com.unity.render-pipelines.core/Runtime/GPUDriven/BatchLayers.cs
 0.1 kb	 0.0% Packages/com.unity.render-pipelines.core/Runtime/Debugging/DebugUI.FieldUtils.cs
 0.1 kb	 0.0% Packages/com.unity.render-pipelines.core/Runtime/Debugging/DebugUI.Containers.cs
 0.1 kb	 0.0% Packages/com.unity.inputsystem/InputSystem/Utilities/StringHelpers.cs
 0.1 kb	 0.0% Packages/com.unity.inputsystem/InputSystem/Utilities/SpriteUtilities.cs
 0.1 kb	 0.0% Packages/com.unity.inputsystem/InputSystem/Utilities/PrimitiveValue.cs
 0.1 kb	 0.0% Packages/com.unity.inputsystem/InputSystem/Utilities/PredictiveParser.cs
 0.1 kb	 0.0% Packages/com.unity.inputsystem/InputSystem/Utilities/NumberHelpers.cs
 0.1 kb	 0.0% Packages/com.unity.inputsystem/InputSystem/Utilities/MemoryHelpers.cs
 0.1 kb	 0.0% Packages/com.unity.inputsystem/InputSystem/Utilities/InternedString.cs
 0.1 kb	 0.0% Packages/com.unity.inputsystem/InputSystem/Utilities/ExceptionHelpers.cs
 0.1 kb	 0.0% Packages/com.unity.inputsystem/InputSystem/Utilities/DelegateHelpers.cs
 0.1 kb	 0.0% Packages/com.unity.inputsystem/InputSystem/Plugins/iOS/iOSStepCounter.cs
 0.1 kb	 0.0% Packages/com.unity.inputsystem/InputSystem/Plugins/XR/TrackedPoseDriver.cs
 0.1 kb	 0.0% Packages/com.unity.inputsystem/InputSystem/Plugins/XR/Haptics/BufferedRumble.cs
 0.1 kb	 0.0% Packages/com.unity.inputsystem/InputSystem/Plugins/UI/VirtualMouseInput.cs
 0.1 kb	 0.0% Packages/com.unity.inputsystem/InputSystem/Plugins/UI/INavigationEventData.cs
 0.1 kb	 0.0% Packages/com.unity.inputsystem/InputSystem/Plugins/UI/BaseInputOverride.cs
 0.1 kb	 0.0% Packages/com.unity.inputsystem/InputSystem/Plugins/DualShock/DualShockSupport.cs
 0.1 kb	 0.0% Packages/com.unity.inputsystem/InputSystem/Plugins/DualShock/DualShockGamepad.cs
 0.1 kb	 0.0% Packages/com.unity.inputsystem/InputSystem/Controls/Processors/ScaleProcessor.cs
 0.1 kb	 0.0% Packages/com.unity.inputsystem/InputSystem/Controls/Processors/InvertProcessor.cs
 0.1 kb	 0.0% Packages/com.unity.inputsystem/InputSystem/Controls/Processors/ClampProcessor.cs
 0.1 kb	 0.0% Packages/com.unity.inputsystem/InputSystem/Actions/Interactions/TapInteraction.cs
 0.1 kb	 0.0% Packages/com.unity.inputsystem/InputSystem/Actions/Interactions/PressInteraction.cs
 0.1 kb	 0.0% Packages/com.unity.inputsystem/InputSystem/Actions/Interactions/HoldInteraction.cs
 0.1 kb	 0.0% Packages/com.unity.inputsystem/InputSystem/Actions/InputActionTrace.cs
 0.1 kb	 0.0% Packages/com.unity.inputsystem/InputSystem/Actions/Composites/Vector3Composite.cs
 0.1 kb	 0.0% Packages/com.unity.inputsystem/InputSystem/Actions/Composites/Vector2Composite.cs
 0.1 kb	 0.0% Packages/com.unity.inputsystem/InputSystem/Actions/Composites/AxisComposite.cs
 0.1 kb	 0.0% Packages/com.unity.collections/Unity.Collections/UnsafeBitArray.cs
 0.1 kb	 0.0% Packages/com.unity.collections/Unity.Collections/UTF8ArrayUnsafeUtility.cs
 0.1 kb	 0.0% Packages/com.unity.collections/Unity.Collections/StreamCompressionModel.cs
 0.1 kb	 0.0% Packages/com.unity.collections/Unity.Collections/NativeArrayExtensions.cs
 0.1 kb	 0.0% Packages/com.unity.collections/Unity.Collections/FixedStringInternalMethods.cs
 0.1 kb	 0.0% Packages/com.unity.collections/Unity.Collections/FixedStringFormatMethods.gen.cs
 0.1 kb	 0.0% Packages/com.unity.burst/Runtime/CompilerServices/SkipLocalsInitAttribute.cs
 0.1 kb	 0.0% Packages/com.unity.burst/Runtime/CompilerServices/IgnoreWarningAttribute.cs
 0.1 kb	 0.0% Packages/com.unity.ugui/Runtime/TMP/TMP_ScrollbarEventHandler.cs
 0.1 kb	 0.0% Packages/com.unity.ugui/Runtime/TMP/TMP_PackageResourceImporter.cs
 0.1 kb	 0.0% Packages/com.unity.ugui/Runtime/InternalBridge/ObjectUtilsBridge.cs
 0.1 kb	 0.0% Packages/com.unity.render-pipelines.core/Runtime/Vrs/VrsShaders.cs
 0.1 kb	 0.0% Packages/com.unity.render-pipelines.core/Runtime/Vrs/VrsResources.cs
 0.1 kb	 0.0% Packages/com.unity.render-pipelines.core/Runtime/Volume/VolumeStack.cs
 0.1 kb	 0.0% Packages/com.unity.render-pipelines.core/Runtime/Utilities/TextureCurve.cs
 0.1 kb	 0.0% Packages/com.unity.render-pipelines.core/Runtime/Utilities/MeshGizmo.cs
 0.1 kb	 0.0% Packages/com.unity.render-pipelines.core/Runtime/Utilities/HashFNV1A32.cs
 0.1 kb	 0.0% Packages/com.unity.render-pipelines.core/Runtime/Utilities/HableCurve.cs
 0.1 kb	 0.0% Packages/com.unity.render-pipelines.core/Runtime/Utilities/GPUPrefixSum/GPUPrefixSum.cs
 0.1 kb	 0.0% Packages/com.unity.render-pipelines.core/Runtime/Utilities/CoreUtils.cs
 0.1 kb	 0.0% Packages/com.unity.render-pipelines.core/Runtime/Utilities/ColorUtils.cs
 0.1 kb	 0.0% Packages/com.unity.render-pipelines.core/Runtime/Textures/TextureXR.cs
 0.1 kb	 0.0% Packages/com.unity.render-pipelines.core/Runtime/Textures/RTHandles.cs
 0.1 kb	 0.0% Packages/com.unity.render-pipelines.core/Runtime/Stripping/IStripper.cs
 0.1 kb	 0.0% Packages/com.unity.render-pipelines.core/Runtime/ShaderLibrary/Sampling/Hammersley.cs
 0.1 kb	 0.0% Packages/com.unity.render-pipelines.core/Runtime/Lighting/ProbeVolume/ProbeVolume.cs
 0.1 kb	 0.0% Packages/com.unity.render-pipelines.core/Runtime/GPUDriven/Utilities/FrustumPlanes.cs
 0.1 kb	 0.0% Packages/com.unity.render-pipelines.core/Runtime/Debugging/DebugUpdater.cs
 0.1 kb	 0.0% Packages/com.unity.render-pipelines.core/Runtime/Debugging/DebugUI.Panel.cs
 0.1 kb	 0.0% Packages/com.unity.render-pipelines.core/Runtime/Debugging/DebugShapes.cs
 0.1 kb	 0.0% Packages/com.unity.render-pipelines.core/Runtime/Debugging/DebugOverlay.cs
 0.1 kb	 0.0% Packages/com.unity.render-pipelines.core/Runtime/Debugging/DebugManager.cs
 0.1 kb	 0.0% Packages/com.unity.render-pipelines.core/Runtime/Camera/FreeCamera.cs
 0.1 kb	 0.0% Packages/com.unity.inputsystem/InputSystem/State/InputStateBlock.cs
 0.1 kb	 0.0% Packages/com.unity.inputsystem/InputSystem/Plugins/iOS/iOSPostProcessBuild.cs
 0.1 kb	 0.0% Packages/com.unity.inputsystem/InputSystem/Plugins/XInput/XboxGamepadMacOS.cs
 0.1 kb	 0.0% Packages/com.unity.inputsystem/InputSystem/Plugins/XInput/XInputSupport.cs
 0.1 kb	 0.0% Packages/com.unity.inputsystem/InputSystem/Plugins/XInput/XInputController.cs
 0.1 kb	 0.0% Packages/com.unity.inputsystem/InputSystem/Plugins/XInput/IXboxOneRumble.cs
 0.1 kb	 0.0% Packages/com.unity.inputsystem/InputSystem/Plugins/WebGL/WebGLJoystick.cs
 0.1 kb	 0.0% Packages/com.unity.inputsystem/InputSystem/Plugins/UnityRemote/UnityRemoteSupport.cs
 0.1 kb	 0.0% Packages/com.unity.inputsystem/InputSystem/Plugins/Switch/SwitchSupportHID.cs
 0.1 kb	 0.0% Packages/com.unity.inputsystem/InputSystem/Plugins/PlayerInput/PlayerInputManager.cs
 0.1 kb	 0.0% Packages/com.unity.inputsystem/InputSystem/Plugins/PlayerInput/DefaultInputActions.cs
 0.1 kb	 0.0% Packages/com.unity.inputsystem/InputSystem/Plugins/OnScreen/OnScreenSupport.cs
 0.1 kb	 0.0% Packages/com.unity.inputsystem/InputSystem/Plugins/OnScreen/OnScreenStick.cs
 0.1 kb	 0.0% Packages/com.unity.inputsystem/InputSystem/Plugins/OnScreen/OnScreenControl.cs
 0.1 kb	 0.0% Packages/com.unity.inputsystem/InputSystem/Plugins/OnScreen/OnScreenButton.cs
 0.1 kb	 0.0% Packages/com.unity.inputsystem/InputSystem/Plugins/Linux/SDLDeviceBuilder.cs
 0.1 kb	 0.0% Packages/com.unity.inputsystem/InputSystem/Plugins/EnhancedTouch/TouchHistory.cs
 0.1 kb	 0.0% Packages/com.unity.inputsystem/InputSystem/Plugins/Android/AndroidSupport.cs
 0.1 kb	 0.0% Packages/com.unity.inputsystem/InputSystem/InputSystemObject.cs
 0.1 kb	 0.0% Packages/com.unity.inputsystem/InputSystem/InputManagerStateMonitors.cs
 0.1 kb	 0.0% Packages/com.unity.inputsystem/InputSystem/InputFeatureNames.cs
 0.1 kb	 0.0% Packages/com.unity.inputsystem/InputSystem/IInputRuntime.cs
 0.1 kb	 0.0% Packages/com.unity.inputsystem/InputSystem/IInputDiagnostics.cs
 0.1 kb	 0.0% Packages/com.unity.inputsystem/InputSystem/Events/InputEventTrace.cs
 0.1 kb	 0.0% Packages/com.unity.inputsystem/InputSystem/Events/InputEventStream.cs
 0.1 kb	 0.0% Packages/com.unity.inputsystem/InputSystem/Events/InputEventPtr.cs
 0.1 kb	 0.0% Packages/com.unity.inputsystem/InputSystem/Events/InputEventBuffer.cs
 0.1 kb	 0.0% Packages/com.unity.inputsystem/InputSystem/Events/DeviceResetEvent.cs
 0.1 kb	 0.0% Packages/com.unity.inputsystem/InputSystem/Events/DeltaStateEvent.cs
 0.1 kb	 0.0% Packages/com.unity.inputsystem/InputSystem/Editor/UITKAssetEditor/Views/PropertiesView.cs
 0.1 kb	 0.0% Packages/com.unity.inputsystem/InputSystem/Editor/UITKAssetEditor/Views/DropManipulator.cs
 0.1 kb	 0.0% Packages/com.unity.inputsystem/InputSystem/Editor/UITKAssetEditor/Views/CopyPasteHelper.cs
 0.1 kb	 0.0% Packages/com.unity.inputsystem/InputSystem/Editor/UITKAssetEditor/Views/ActionsTreeView.cs
 0.1 kb	 0.0% Packages/com.unity.inputsystem/InputSystem/Editor/UITKAssetEditor/Views/ActionMapsView.cs
 0.1 kb	 0.0% Packages/com.unity.inputsystem/InputSystem/Editor/UITKAssetEditor/StateContainer.cs
 0.1 kb	 0.0% Packages/com.unity.inputsystem/InputSystem/Editor/UITKAssetEditor/ExpressionUtils.cs
 0.1 kb	 0.0% Packages/com.unity.inputsystem/InputSystem/Editor/Internal/TreeViewHelpers.cs
 0.1 kb	 0.0% Packages/com.unity.inputsystem/InputSystem/Editor/Internal/InputStateWindow.cs
 0.1 kb	 0.0% Packages/com.unity.inputsystem/InputSystem/Editor/Internal/EditorHelpers.cs
 0.1 kb	 0.0% Packages/com.unity.inputsystem/InputSystem/Editor/Internal/AdvancedDropdown/AdvancedDropdown.cs
 0.1 kb	 0.0% Packages/com.unity.inputsystem/InputSystem/Editor/InputDiagnostics.cs
 0.1 kb	 0.0% Packages/com.unity.inputsystem/InputSystem/Devices/Haptics/IDualMotorRumble.cs
 0.1 kb	 0.0% Packages/com.unity.inputsystem/InputSystem/Devices/Haptics/DualMotorRumble.cs
 0.1 kb	 0.0% Packages/com.unity.inputsystem/InputSystem/Controls/Vector3Control.cs
 0.1 kb	 0.0% Packages/com.unity.inputsystem/InputSystem/Controls/Vector2Control.cs
 0.1 kb	 0.0% Packages/com.unity.inputsystem/InputSystem/Controls/IntegerControl.cs
 0.1 kb	 0.0% Packages/com.unity.inputsystem/InputSystem/Controls/DoubleControl.cs
 0.1 kb	 0.0% Packages/com.unity.inputsystem/InputSystem/Controls/ButtonControl.cs
 0.1 kb	 0.0% Packages/com.unity.inputsystem/InputSystem/Controls/AnyKeyControl.cs
 0.1 kb	 0.0% Packages/com.unity.inputsystem/InputSystem/Actions/InputControlScheme.cs
 0.1 kb	 0.0% Packages/com.unity.inputsystem/InputSystem/Actions/InputBindingResolver.cs
 0.1 kb	 0.0% Packages/com.unity.inputsystem/InputSystem/Actions/InputActionReference.cs
 0.1 kb	 0.0% Packages/com.unity.inputsystem/InputSystem/Actions/InputActionProperty.cs
 0.1 kb	 0.0% Packages/com.unity.inputsystem/InputSystem/Actions/IInputInteraction.cs
 0.1 kb	 0.0% Packages/com.unity.collections/Unity.Collections/UnsafeList.cs
 0.1 kb	 0.0% Packages/com.unity.collections/Unity.Collections/FixedStringParseMethods.cs
 0.1 kb	 0.0% Packages/com.unity.collections/Unity.Collections/FixedStringAppendMethods.cs
 0.1 kb	 0.0% Packages/com.unity.ugui/Runtime/UGUI/UI/Core/Utility/ReflectionMethodsCache.cs
 0.1 kb	 0.0% Packages/com.unity.ugui/Runtime/UGUI/UI/Core/MultipleDisplayUtilities.cs
 0.1 kb	 0.0% Packages/com.unity.ugui/Runtime/UGUI/UI/Core/Layout/HorizontalLayoutGroup.cs
 0.1 kb	 0.0% Packages/com.unity.ugui/Runtime/UGUI/UI/Core/IGraphicEnabledDisabled.cs
 0.1 kb	 0.0% Packages/com.unity.ugui/Runtime/UGUI/UI/Core/GraphicRebuildTracker.cs
 0.1 kb	 0.0% Packages/com.unity.ugui/Runtime/UGUI/UI/Core/Culling/RectangularVertexClipper.cs
 0.1 kb	 0.0% Packages/com.unity.ugui/Runtime/UGUI/EventSystem/UIElements/PanelEventHandler.cs
 0.1 kb	 0.0% Packages/com.unity.ugui/Runtime/UGUI/EventSystem/Raycasters/Physics2DRaycaster.cs
 0.1 kb	 0.0% Packages/com.unity.ugui/Runtime/UGUI/EventSystem/InputModules/PointerInputModule.cs
 0.1 kb	 0.0% Packages/com.unity.render-pipelines.core/ShaderLibrary/DummyShaderLibrary.cs
 0.1 kb	 0.0% Packages/com.unity.render-pipelines.core/Runtime/Utilities/GPUSort/GPUSort.Data.cs
 0.1 kb	 0.0% Packages/com.unity.render-pipelines.core/Runtime/Utilities/BitArray.cs
 0.1 kb	 0.0% Packages/com.unity.render-pipelines.core/Runtime/UnifiedRayTracing/Compute/RadeonRays/StringIDs.cs
 0.1 kb	 0.0% Packages/com.unity.render-pipelines.core/Runtime/UnifiedRayTracing/Compute/RadeonRays/Common.cs
 0.1 kb	 0.0% Packages/com.unity.render-pipelines.core/Runtime/UnifiedRayTracing/Compute/RadeonRays/BvhCheck.cs
 0.1 kb	 0.0% Packages/com.unity.render-pipelines.core/Runtime/Inputs/InputRegistering.cs
 0.1 kb	 0.0% Packages/com.unity.inputsystem/InputSystem/Utilities/TypeTable.cs
 0.1 kb	 0.0% Packages/com.unity.inputsystem/InputSystem/Utilities/TypeHelpers.cs
 0.1 kb	 0.0% Packages/com.unity.inputsystem/InputSystem/Utilities/Substring.cs
 0.1 kb	 0.0% Packages/com.unity.inputsystem/InputSystem/Utilities/SavedState.cs
 0.1 kb	 0.0% Packages/com.unity.inputsystem/InputSystem/Utilities/Observables/Observable.cs
 0.1 kb	 0.0% Packages/com.unity.inputsystem/InputSystem/Utilities/NamedValue.cs
 0.1 kb	 0.0% Packages/com.unity.inputsystem/InputSystem/Utilities/MiscHelpers.cs
 0.1 kb	 0.0% Packages/com.unity.inputsystem/InputSystem/Utilities/JsonParser.cs
 0.1 kb	 0.0% Packages/com.unity.inputsystem/InputSystem/Utilities/ArrayHelpers.cs
 0.1 kb	 0.0% Packages/com.unity.inputsystem/InputSystem/Plugins/iOS/InputSettingsiOS.cs
 0.1 kb	 0.0% Packages/com.unity.inputsystem/InputSystem/Plugins/XR/XRLayoutBuilder.cs
 0.1 kb	 0.0% Packages/com.unity.inputsystem/InputSystem/Plugins/UI/NavigationModel.cs
 0.1 kb	 0.0% Packages/com.unity.inputsystem/InputSystem/InputUpdateType.cs
 0.1 kb	 0.0% Packages/com.unity.collections/Unity.Collections/UnsafeText.cs
 0.1 kb	 0.0% Packages/com.unity.collections/Unity.Collections/UnsafeStream.cs
 0.1 kb	 0.0% Packages/com.unity.collections/Unity.Collections/RewindableAllocator.cs
 0.1 kb	 0.0% Packages/com.unity.collections/Unity.Collections/FixedStringMethods.cs
 0.1 kb	 0.0% Packages/com.unity.collections/Unity.Collections/AutoFreeAllocator.cs
 0.1 kb	 0.0% Packages/com.unity.burst/Runtime/CompilerServices/AssumeRangeAttribute.cs
 0.1 kb	 0.0% Packages/com.unity.ugui/Runtime/UGUI/UI/Animation/CoroutineTween.cs
 0.1 kb	 0.0% Packages/com.unity.ugui/Runtime/UGUI/EventSystem/EventInterfaces.cs
 0.1 kb	 0.0% Packages/com.unity.ugui/Runtime/TMP/TMPro_ExtensionMethods.cs
 0.1 kb	 0.0% Packages/com.unity.ugui/Runtime/TMP/TMP_TextParsingUtilities.cs
 0.1 kb	 0.0% Packages/com.unity.ugui/Runtime/TMP/TMP_TextElement_Legacy.cs
 0.1 kb	 0.0% Packages/com.unity.ugui/Runtime/TMP/TMP_FontAssetUtilities.cs
 0.1 kb	 0.0% Packages/com.unity.ugui/Runtime/TMP/MaterialReferenceManager.cs
 0.1 kb	 0.0% Packages/com.unity.ugui/Runtime/TMP/FontFeatureCommonGSUB.cs
 0.1 kb	 0.0% Packages/com.unity.render-pipelines.universal/Runtime/2D/Sources/Provider2DInfo.cs
 0.1 kb	 0.0% Packages/com.unity.render-pipelines.universal/Runtime/2D/Shadows/Shadow Provider Utility/VertexDictionary.cs
 0.1 kb	 0.0% Packages/com.unity.render-pipelines.core/Runtime/Vrs/VrsLut.cs
 0.1 kb	 0.0% Packages/com.unity.render-pipelines.core/Runtime/Volume/Volume.cs
 0.1 kb	 0.0% Packages/com.unity.render-pipelines.core/Runtime/Utilities/GPUSort/GPUSort.cs
 0.1 kb	 0.0% Packages/com.unity.render-pipelines.core/Runtime/Utilities/FSRUtils.cs
 0.1 kb	 0.0% Packages/com.unity.render-pipelines.core/Runtime/Utilities/Blitter.cs
 0.1 kb	 0.0% Packages/com.unity.render-pipelines.core/Runtime/Textures/RTHandle.cs
 0.1 kb	 0.0% Packages/com.unity.render-pipelines.core/Runtime/Debugging/DebugUI.cs
 0.1 kb	 0.0% Packages/com.unity.inputsystem/InputSystem/Utilities/DynamicBitfield.cs
 0.1 kb	 0.0% Packages/com.unity.inputsystem/InputSystem/State/InputState.cs
 0.1 kb	 0.0% Packages/com.unity.inputsystem/InputSystem/Plugins/WebGL/WebGLSupport.cs
 0.1 kb	 0.0% Packages/com.unity.inputsystem/InputSystem/Plugins/WebGL/WebGLGamepad.cs
 0.1 kb	 0.0% Packages/com.unity.inputsystem/InputSystem/Plugins/Users/InputUser.cs
 0.1 kb	 0.0% Packages/com.unity.inputsystem/InputSystem/Plugins/Linux/LinuxSupport.cs
 0.1 kb	 0.0% Packages/com.unity.inputsystem/InputSystem/Plugins/EnhancedTouch/Touch.cs
 0.1 kb	 0.0% Packages/com.unity.inputsystem/InputSystem/Plugins/EnhancedTouch/Finger.cs
 0.1 kb	 0.0% Packages/com.unity.inputsystem/InputSystem/InputSettings.cs
 0.1 kb	 0.0% Packages/com.unity.inputsystem/InputSystem/InputMetrics.cs
 0.1 kb	 0.0% Packages/com.unity.inputsystem/InputSystem/InputExtensions.cs
 0.1 kb	 0.0% Packages/com.unity.inputsystem/InputSystem/InputAnalytics.cs
 0.1 kb	 0.0% Packages/com.unity.inputsystem/InputSystem/Events/TextEvent.cs
 0.1 kb	 0.0% Packages/com.unity.inputsystem/InputSystem/Events/StateEvent.cs
 0.1 kb	 0.0% Packages/com.unity.inputsystem/InputSystem/Events/InputEvent.cs
 0.1 kb	 0.0% Packages/com.unity.inputsystem/InputSystem/Events/ActionEvent.cs
 0.1 kb	 0.0% Packages/com.unity.inputsystem/InputSystem/Editor/UITKAssetEditor/Views/Selectors.cs
 0.1 kb	 0.0% Packages/com.unity.inputsystem/InputSystem/Editor/UITKAssetEditor/Views/ContextMenu.cs
 0.1 kb	 0.0% Packages/com.unity.inputsystem/InputSystem/Editor/Internal/GUIHelpers.cs
 0.1 kb	 0.0% Packages/com.unity.inputsystem/InputSystem/Devices/TrackedDevice.cs
 0.1 kb	 0.0% Packages/com.unity.inputsystem/InputSystem/Devices/Remote/InputRemoting.cs
 0.1 kb	 0.0% Packages/com.unity.inputsystem/InputSystem/Devices/Precompiled/FastTouchscreen.cs
 0.1 kb	 0.0% Packages/com.unity.inputsystem/InputSystem/Devices/Precompiled/FastMouse.partial.cs
 0.1 kb	 0.0% Packages/com.unity.inputsystem/InputSystem/Devices/IEventMerger.cs
 0.1 kb	 0.0% Packages/com.unity.inputsystem/InputSystem/Controls/TouchControl.cs
 0.1 kb	 0.0% Packages/com.unity.inputsystem/InputSystem/Controls/StickControl.cs
 0.1 kb	 0.0% Packages/com.unity.inputsystem/InputSystem/Controls/KeyControl.cs
 0.1 kb	 0.0% Packages/com.unity.inputsystem/InputSystem/Controls/InputProcessor.cs
 0.1 kb	 0.0% Packages/com.unity.inputsystem/InputSystem/Controls/InputControlPath.cs
 0.1 kb	 0.0% Packages/com.unity.inputsystem/InputSystem/Controls/DpadControl.cs
 0.1 kb	 0.0% Packages/com.unity.inputsystem/InputSystem/Controls/DeltaControl.cs
 0.1 kb	 0.0% Packages/com.unity.inputsystem/InputSystem/Controls/AxisControl.cs
 0.1 kb	 0.0% Packages/com.unity.inputsystem/InputSystem/Actions/InputActionState.cs
 0.1 kb	 0.0% Packages/com.unity.inputsystem/InputSystem/Actions/InputActionMap.cs
 0.1 kb	 0.0% Packages/com.unity.inputsystem/InputSystem/Actions/InputActionAsset.cs
 0.1 kb	 0.0% Packages/com.unity.collections/Unity.Collections/UnsafeQueue.cs
 0.1 kb	 0.0% Packages/com.unity.collections/Unity.Collections/NativeHashMap.cs
 0.1 kb	 0.0% Packages/com.unity.collections/Unity.Collections/FixedStringFormat.gen.cs
 0.1 kb	 0.0% Packages/com.unity.collections/Unity.Collections/FixedString.gen.cs
 0.1 kb	 0.0% Packages/com.unity.ugui/Runtime/UGUI/UI/Core/SetPropertyUtility.cs
 0.1 kb	 0.0% Packages/com.unity.ugui/Runtime/UGUI/UI/Core/MaterialModifiers/IMaterialModifier.cs
 0.1 kb	 0.0% Packages/com.unity.ugui/Runtime/UGUI/UI/Core/Layout/VerticalLayoutGroup.cs
 0.1 kb	 0.0% Packages/com.unity.ugui/Runtime/UGUI/UI/Core/Layout/ContentSizeFitter.cs
 0.1 kb	 0.0% Packages/com.unity.ugui/Runtime/UGUI/UI/Core/Layout/AspectRatioFitter.cs
 0.1 kb	 0.0% Packages/com.unity.ugui/Runtime/UGUI/UI/Core/FontUpdateTracker.cs
 0.1 kb	 0.0% Packages/com.unity.ugui/Runtime/UGUI/UI/Core/CanvasUpdateRegistry.cs
 0.1 kb	 0.0% Packages/com.unity.ugui/Runtime/UGUI/UI/Core/AnimationTriggers.cs
 0.1 kb	 0.0% Packages/com.unity.ugui/Runtime/UGUI/EventSystem/UIElements/PanelRaycaster.cs
 0.1 kb	 0.0% Packages/com.unity.ugui/Runtime/UGUI/EventSystem/Raycasters/PhysicsRaycaster.cs
 0.1 kb	 0.0% Packages/com.unity.ugui/Runtime/UGUI/EventSystem/Raycasters/BaseRaycaster.cs
 0.1 kb	 0.0% Packages/com.unity.ugui/Runtime/UGUI/EventSystem/RaycasterManager.cs
 0.1 kb	 0.0% Packages/com.unity.ugui/Runtime/UGUI/EventSystem/RaycastResult.cs
 0.1 kb	 0.0% Packages/com.unity.ugui/Runtime/UGUI/EventSystem/InputModules/TouchInputModule.cs
 0.1 kb	 0.0% Packages/com.unity.ugui/Runtime/UGUI/EventSystem/InputModules/BaseInputModule.cs
 0.1 kb	 0.0% Packages/com.unity.ugui/Runtime/UGUI/EventSystem/ExecuteEvents.cs
 0.1 kb	 0.0% Packages/com.unity.ugui/Runtime/UGUI/EventSystem/EventData/PointerEventData.cs
 0.1 kb	 0.0% Packages/com.unity.ugui/Runtime/UGUI/EventSystem/EventData/BaseEventData.cs
 0.1 kb	 0.0% Packages/com.unity.ugui/Runtime/UGUI/EventSystem/EventData/AxisEventData.cs
 0.1 kb	 0.0% Packages/com.unity.ugui/Runtime/TMP/TMP_TextProcessingStack.cs
 0.1 kb	 0.0% Packages/com.unity.ugui/Runtime/TMP/TMP_FontFeaturesCommon.cs
 0.1 kb	 0.0% Packages/com.unity.render-pipelines.core/Runtime/UnifiedRayTracing/Compute/RadeonRays/Scan.cs
 0.1 kb	 0.0% Packages/com.unity.render-pipelines.core/Runtime/Lights/LightAnchor.cs
 0.1 kb	 0.0% Packages/com.unity.render-pipelines.core/Runtime/GPUDriven/Utilities/AABB.cs
 0.1 kb	 0.0% Packages/com.unity.inputsystem/InputSystem/Utilities/FourCC.cs
 0.1 kb	 0.0% Packages/com.unity.inputsystem/InputSystem/Plugins/iOS/iOSSupport.cs
 0.1 kb	 0.0% Packages/com.unity.inputsystem/InputSystem/Plugins/XR/XRSupport.cs
 0.1 kb	 0.0% Packages/com.unity.inputsystem/InputSystem/Plugins/XR/GenericXRDevice.cs
 0.1 kb	 0.0% Packages/com.unity.inputsystem/InputSystem/Plugins/XR/Devices/WindowsMR.cs
 0.1 kb	 0.0% Packages/com.unity.inputsystem/InputSystem/Plugins/UI/PointerModel.cs
 0.1 kb	 0.0% Packages/com.unity.inputsystem/InputSystem/Plugins/OSX/OSXSupport.cs
 0.1 kb	 0.0% Packages/com.unity.inputsystem/InputSystem/Plugins/HID/HIDSupport.cs
 0.1 kb	 0.0% Packages/com.unity.inputsystem/InputSystem/Plugins/HID/HIDParser.cs
 0.1 kb	 0.0% Packages/com.unity.collections/Unity.Collections/xxHash3.StreamingState.cs
 0.1 kb	 0.0% Packages/com.unity.collections/Unity.Collections/NativeSort.cs
 0.1 kb	 0.0% Packages/com.unity.collections/Unity.Collections/NativeBitArray.cs
 0.1 kb	 0.0% Packages/com.unity.collections/Unity.Collections/ListExtensions.cs
 0.1 kb	 0.0% Packages/com.unity.collections/Unity.Collections/Jobs/IJobParallelForDefer.cs
 0.1 kb	 0.0% Packages/com.unity.collections/Unity.Collections/Jobs/IJobParallelForBatch.cs
 0.1 kb	 0.0% Packages/com.unity.collections/Unity.Collections/FixedStringUtils.cs
 0.1 kb	 0.0% Packages/com.unity.collections/Unity.Collections/DataStreamWriter.cs
 0.1 kb	 0.0% Packages/com.unity.collections/Unity.Collections/DataStreamReader.cs
 0.1 kb	 0.0% Packages/com.unity.collections/Unity.Collections/ConcurrentMask.cs
 0.1 kb	 0.0% Packages/com.unity.collections/Unity.Collections/CollectionHelper.cs
 0.1 kb	 0.0% Packages/com.unity.collections/Unity.Collections/AllocatorManager.cs
 0.1 kb	 0.0% Packages/com.unity.burst/Runtime/SafeStringArrayHelper.cs
 0.1 kb	 0.0% Packages/com.unity.burst/Runtime/Editor/BurstEditorOptions.cs
 0.1 kb	 0.0% Packages/com.unity.burst/Runtime/Editor/BurstCompileTarget.cs
 0.1 kb	 0.0% Packages/com.unity.burst/Runtime/Editor/BurstAssemblyDisable.cs
 0.1 kb	 0.0% Packages/com.unity.burst/Runtime/BurstCompileAttribute.cs
 0.1 kb	 0.0% Assets/_Project/Core/Config/ConfigValidator.cs
 0.1 kb	 0.0% Packages/com.unity.ugui/Runtime/TMP/TMPro_EventManager.cs
 0.1 kb	 0.0% Packages/com.unity.ugui/Runtime/TMP/TMP_UpdateRegistery.cs
 0.1 kb	 0.0% Packages/com.unity.ugui/Runtime/TMP/TMP_UpdateManager.cs
 0.1 kb	 0.0% Packages/com.unity.ugui/Runtime/TMP/TMP_TextUtilities.cs
 0.1 kb	 0.0% Packages/com.unity.ugui/Runtime/TMP/TMP_TextProcessingCommon.cs
 0.1 kb	 0.0% Packages/com.unity.ugui/Runtime/TMP/TMP_SpriteCharacter.cs
 0.1 kb	 0.0% Packages/com.unity.ugui/Runtime/TMP/TMP_SpriteAnimator.cs
 0.1 kb	 0.0% Packages/com.unity.ugui/Runtime/TMP/TMP_SelectionCaret.cs
 0.1 kb	 0.0% Packages/com.unity.ugui/Runtime/TMP/TMP_ResourcesManager.cs
 0.1 kb	 0.0% Packages/com.unity.ugui/Runtime/TMP/TMP_MaterialManager.cs
 0.1 kb	 0.0% Packages/com.unity.ugui/Runtime/TMP/TMP_InputValidator.cs
 0.1 kb	 0.0% Packages/com.unity.ugui/Runtime/TMP/TMP_FontFeatureTable.cs
 0.1 kb	 0.0% Packages/com.unity.ugui/Runtime/TMP/TMP_DefaultControls.cs
 0.1 kb	 0.0% Packages/com.unity.ugui/Runtime/TMP/TMP_Compatibility.cs
 0.1 kb	 0.0% Packages/com.unity.ugui/Runtime/TMP/TMP_ColorGradient.cs
 0.1 kb	 0.0% Packages/com.unity.ugui/Runtime/TMP/TMP_CharacterInfo.cs
 0.1 kb	 0.0% Packages/com.unity.ugui/Runtime/TMP/ITextPreProcessor.cs
 0.1 kb	 0.0% Packages/com.unity.ugui/Runtime/TMP/FontFeatureCommonGPOS.cs
 0.1 kb	 0.0% Packages/com.unity.ugui/Runtime/InternalBridge/TMPHelpURL.cs
 0.1 kb	 0.0% Packages/com.unity.render-pipelines.core/Runtime/Vrs/Vrs.cs
 0.1 kb	 0.0% Packages/com.unity.render-pipelines.core/Runtime/STP/STP.cs
 0.1 kb	 0.0% Packages/com.unity.inputsystem/InputSystem/Plugins/PlayerInput/PlayerInput.cs
 0.1 kb	 0.0% Packages/com.unity.inputsystem/InputSystem/Plugins/PlayerInput/InputValue.cs
 0.1 kb	 0.0% Packages/com.unity.inputsystem/InputSystem/InputSystem.cs
 0.1 kb	 0.0% Packages/com.unity.inputsystem/InputSystem/InputManager.cs
 0.1 kb	 0.0% Packages/com.unity.inputsystem/InputSystem/Editor/UITKAssetEditor/Commands/Commands.cs
 0.1 kb	 0.0% Packages/com.unity.inputsystem/InputSystem/Editor/Dialog.cs
 0.1 kb	 0.0% Packages/com.unity.inputsystem/InputSystem/Devices/Touchscreen.cs
 0.1 kb	 0.0% Packages/com.unity.inputsystem/InputSystem/Devices/Precompiled/FastMouse.cs
 0.1 kb	 0.0% Packages/com.unity.inputsystem/InputSystem/Devices/Precompiled/FastKeyboard.cs
 0.1 kb	 0.0% Packages/com.unity.inputsystem/InputSystem/Devices/InputDevice.cs
 0.1 kb	 0.0% Packages/com.unity.inputsystem/InputSystem/Devices/Haptics/IHaptics.cs
 0.1 kb	 0.0% Packages/com.unity.inputsystem/InputSystem/Controls/InputControl.cs
 0.1 kb	 0.0% Packages/com.unity.inputsystem/InputSystem/Controls/CommonUsages.cs
 0.1 kb	 0.0% Packages/com.unity.inputsystem/InputSystem/AssemblyInfo.cs
 0.1 kb	 0.0% Packages/com.unity.inputsystem/InputSystem/Actions/InputBinding.cs
 0.1 kb	 0.0% Packages/com.unity.inputsystem/InputSystem/Actions/InputAction.cs
 0.1 kb	 0.0% Packages/com.unity.collections/Unity.Collections/NativeText.gen.cs
 0.1 kb	 0.0% Packages/com.unity.collections/Unity.Collections/FixedList.gen.cs
 0.1 kb	 0.0% Assets/_Project/Core/Match/UpgradeService.cs
 0.1 kb	 0.0% Assets/_Project/Core/Match/TargetingSystem.cs
 0.1 kb	 0.0% Assets/_Project/Core/Match/MatchController.cs
 0.1 kb	 0.0% Assets/_Project/Core/Match/EconomyService.cs
 0.1 kb	 0.0% Assets/_Project/Core/Match/CombatResolver.cs
 0.1 kb	 0.0% Assets/_Project/Core/Match/AbilityEngine.cs
 0.1 kb	 0.0% Assets/_Project/Core/Config/ConfigModel.cs
 0.1 kb	 0.0% Packages/com.unity.ugui/Runtime/UGUI/UI/Core/VertexModifiers/PositionAsUV1.cs
 0.1 kb	 0.0% Packages/com.unity.ugui/Runtime/UGUI/UI/Core/VertexModifiers/IMeshModifier.cs
 0.1 kb	 0.0% Packages/com.unity.ugui/Runtime/UGUI/UI/Core/VertexModifiers/BaseMeshEffect.cs
 0.1 kb	 0.0% Packages/com.unity.ugui/Runtime/UGUI/UI/Core/StencilMaterial.cs
 0.1 kb	 0.0% Packages/com.unity.ugui/Runtime/UGUI/UI/Core/RaycastReceiver.cs
 0.1 kb	 0.0% Packages/com.unity.ugui/Runtime/UGUI/UI/Core/MaskableGraphic.cs
 0.1 kb	 0.0% Packages/com.unity.ugui/Runtime/UGUI/UI/Core/MaskUtilities.cs
 0.1 kb	 0.0% Packages/com.unity.ugui/Runtime/UGUI/UI/Core/Layout/LayoutUtility.cs
 0.1 kb	 0.0% Packages/com.unity.ugui/Runtime/UGUI/UI/Core/Layout/LayoutRebuilder.cs
 0.1 kb	 0.0% Packages/com.unity.ugui/Runtime/UGUI/UI/Core/Layout/LayoutElement.cs
 0.1 kb	 0.0% Packages/com.unity.ugui/Runtime/UGUI/UI/Core/Layout/ILayoutElement.cs
 0.1 kb	 0.0% Packages/com.unity.ugui/Runtime/UGUI/UI/Core/Layout/GridLayoutGroup.cs
 0.1 kb	 0.0% Packages/com.unity.ugui/Runtime/UGUI/UI/Core/GraphicRegistry.cs
 0.1 kb	 0.0% Packages/com.unity.ugui/Runtime/UGUI/UI/Core/GraphicRaycaster.cs
 0.1 kb	 0.0% Packages/com.unity.ugui/Runtime/UGUI/UI/Core/DefaultControls.cs
 0.1 kb	 0.0% Packages/com.unity.ugui/Runtime/UGUI/UI/Core/Culling/ClipperRegistry.cs
 0.1 kb	 0.0% Packages/com.unity.ugui/Runtime/UGUI/EventSystem/UIBehaviour.cs
 0.1 kb	 0.0% Packages/com.unity.ugui/Runtime/UGUI/EventSystem/InputModules/BaseInput.cs
 0.1 kb	 0.0% Packages/com.unity.ugui/Runtime/UGUI/EventSystem/EventTrigger.cs
 0.1 kb	 0.0% Packages/com.unity.ugui/Runtime/UGUI/EventSystem/EventSystem.cs
 0.1 kb	 0.0% Packages/com.unity.ugui/Runtime/TMP/TMPro_MeshUtilities.cs
 0.1 kb	 0.0% Packages/com.unity.ugui/Runtime/TMP/TMP_ShaderUtilities.cs
 0.1 kb	 0.0% Packages/com.unity.ugui/Runtime/TMP/TMP_RichTextTagsCommon.cs
 0.1 kb	 0.0% Packages/com.unity.ugui/Runtime/TMP/TMP_FontAssetCommon.cs
 0.1 kb	 0.0% Packages/com.unity.inputsystem/InputSystem/Plugins/XR/Devices/Oculus.cs
 0.1 kb	 0.0% Packages/com.unity.collections/Unity.Collections/UIntFloat.cs
 0.1 kb	 0.0% Packages/com.unity.collections/Unity.Collections/NativeStream.cs
 0.1 kb	 0.0% Packages/com.unity.collections/Unity.Collections/Jobs/EarlyInitHelpers.cs
 0.1 kb	 0.0% Packages/com.unity.burst/Runtime/Intrinsics/SimdDebugViews.cs
 0.1 kb	 0.0% Packages/com.unity.burst/Runtime/Editor/BurstReflection.cs
 0.1 kb	 0.0% Packages/com.unity.burst/Runtime/BurstCompilerOptions.cs
 0.1 kb	 0.0% Assets/_Project/Core/Config/ConfigMapper.cs
 0.1 kb	 0.0% Packages/com.unity.ugui/Runtime/TMP/TextMeshProUGUI.cs
 0.1 kb	 0.0% Packages/com.unity.ugui/Runtime/TMP/TextContainer.cs
 0.1 kb	 0.0% Packages/com.unity.ugui/Runtime/TMP/TMP_TextElement.cs
 0.1 kb	 0.0% Packages/com.unity.ugui/Runtime/TMP/TMP_SubMeshUI.cs
 0.1 kb	 0.0% Packages/com.unity.ugui/Runtime/TMP/TMP_StyleSheet.cs
 0.1 kb	 0.0% Packages/com.unity.ugui/Runtime/TMP/TMP_SpriteGlyph.cs
 0.1 kb	 0.0% Packages/com.unity.ugui/Runtime/TMP/TMP_SpriteAsset.cs
 0.1 kb	 0.0% Packages/com.unity.ugui/Runtime/TMP/TMP_InputField.cs
 0.1 kb	 0.0% Packages/com.unity.ugui/Runtime/TMP/TMP_FontAsset.cs
 0.1 kb	 0.0% Packages/com.unity.ugui/Runtime/TMP/TMP_CoroutineTween.cs
 0.1 kb	 0.0% Packages/com.unity.ugui/Runtime/TMP/TMP_Character.cs
 0.1 kb	 0.0% Packages/com.unity.render-pipelines.universal/Shaders/Shaders.cs
 0.1 kb	 0.0% Packages/com.unity.inputsystem/InputSystem/Plugins/XR/Devices/GoogleVR.cs
 0.1 kb	 0.0% Packages/com.unity.inputsystem/InputSystem/Editor/DownloadableSample.cs
 0.1 kb	 0.0% Packages/com.unity.inputsystem/InputSystem/Devices/Sensor.cs
 0.1 kb	 0.0% Packages/com.unity.inputsystem/InputSystem/Devices/Pointer.cs
 0.1 kb	 0.0% Packages/com.unity.inputsystem/InputSystem/Devices/Mouse.cs
 0.1 kb	 0.0% Packages/com.unity.inputsystem/InputSystem/Devices/Keyboard.cs
 0.1 kb	 0.0% Packages/com.unity.inputsystem/InputSystem/Devices/Joystick.cs
 0.1 kb	 0.0% Packages/com.unity.inputsystem/InputSystem/Devices/Gamepad.cs
 0.1 kb	 0.0% Packages/com.unity.collections/Unity.Collections/xxHash3.AVX2.cs
 0.1 kb	 0.0% Packages/com.unity.burst/Runtime/Intrinsics/Arm/NEON_AArch64_rdma.cs
 0.1 kb	 0.0% Packages/com.unity.burst/Runtime/Intrinsics/Arm/NEON_AArch64_dotprod.cs
 0.1 kb	 0.0% Packages/com.unity.burst/Runtime/Intrinsics/Arm/NEON_AArch64_crypto.cs
 0.1 kb	 0.0% Assets/_Project/Core/Match/WaveSpawner.cs
 0.1 kb	 0.0% Assets/_Project/Core/Match/SlowStack.cs
 0.1 kb	 0.0% Assets/_Project/Core/Match/SlotManager.cs
 0.1 kb	 0.0% Assets/_Project/Core/Match/GoalHealth.cs
 0.1 kb	 0.0% Assets/_Project/Core/Match/EnemyPath.cs
 0.1 kb	 0.0% Assets/_Project/Core/Match/DamageSystem.cs
 0.1 kb	 0.0% Assets/_Project/Core/Match/AttackPlan.cs
 0.1 kb	 0.0% Assets/_Project/Core/Json/JsonValue.cs
 0.1 kb	 0.0% Assets/_Project/Core/Json/JsonParser.cs
 0.1 kb	 0.0% Packages/com.unity.ugui/Runtime/UGUI/UI/Core/Utility/VertexHelper.cs
 0.1 kb	 0.0% Packages/com.unity.ugui/Runtime/UGUI/UI/Core/ToggleGroup.cs
 0.1 kb	 0.0% Packages/com.unity.ugui/Runtime/UGUI/UI/Core/SpriteState.cs
 0.1 kb	 0.0% Packages/com.unity.ugui/Runtime/UGUI/UI/Core/Selectable.cs
 0.1 kb	 0.0% Packages/com.unity.ugui/Runtime/UGUI/UI/Core/Scrollbar.cs
 0.1 kb	 0.0% Packages/com.unity.ugui/Runtime/UGUI/UI/Core/ScrollRect.cs
 0.1 kb	 0.0% Packages/com.unity.ugui/Runtime/UGUI/UI/Core/RectMask2D.cs
 0.1 kb	 0.0% Packages/com.unity.ugui/Runtime/UGUI/UI/Core/Navigation.cs
 0.1 kb	 0.0% Packages/com.unity.ugui/Runtime/UGUI/UI/Core/Layout/LayoutGroup.cs
 0.1 kb	 0.0% Packages/com.unity.ugui/Runtime/UGUI/UI/Core/Layout/CanvasScaler.cs
 0.1 kb	 0.0% Packages/com.unity.ugui/Runtime/UGUI/UI/Core/InputField.cs
 0.1 kb	 0.0% Packages/com.unity.ugui/Runtime/UGUI/UI/Core/IMaskable.cs
 0.1 kb	 0.0% Packages/com.unity.ugui/Runtime/UGUI/UI/Core/ColorBlock.cs
 0.1 kb	 0.0% Packages/com.unity.inputsystem/InputSystem/Plugins/XR/Devices/OpenVR.cs
 0.1 kb	 0.0% Packages/com.unity.inputsystem/InputSystem/Plugins/HID/HID.cs
 0.1 kb	 0.0% Packages/com.unity.collections/Unity.Collections/xxHash3.cs
 0.1 kb	 0.0% Packages/com.unity.collections/Unity.Collections/Unicode.cs
 0.1 kb	 0.0% Packages/com.unity.collections/Unity.Collections/Memory.cs
 0.1 kb	 0.0% Packages/com.unity.collections/Unity.Collections/Jobs/IJobFilter.cs
 0.1 kb	 0.0% Packages/com.unity.collections/Unity.Collections/BitField.cs
 0.1 kb	 0.0% Packages/com.unity.burst/Runtime/NoAliasAttribute.cs
 0.1 kb	 0.0% Packages/com.unity.burst/Runtime/FunctionPointer.cs
 0.1 kb	 0.0% Packages/com.unity.burst/Runtime/Editor/BurstLoader.cs
 0.1 kb	 0.0% Packages/com.unity.burst/Runtime/CompilerServices/Constant.cs
 0.1 kb	 0.0% Packages/com.unity.burst/Runtime/CompilerServices/Aliasing.cs
 0.1 kb	 0.0% Packages/com.unity.burst/Runtime/BurstString.Float.cs
 0.1 kb	 0.0% Packages/com.unity.burst/Runtime/BurstCompiler.cs
 0.1 kb	 0.0% Assets/_Project/Unity/MatchView.cs
 0.1 kb	 0.0% Assets/_Project/Unity/MapSelect.cs
 0.1 kb	 0.0% Assets/_Project/Unity/MapProgress.cs
 0.1 kb	 0.0% Assets/_Project/Unity/BakedConfig.cs
 0.1 kb	 0.0% Assets/_Project/Unity/AudioService.cs
 0.1 kb	 0.0% Packages/com.unity.ugui/Runtime/UGUI/UI/Core/Culling/IClipRegion.cs
 0.1 kb	 0.0% Packages/com.unity.ugui/Runtime/TMP/TextMeshPro.cs
 0.1 kb	 0.0% Packages/com.unity.ugui/Runtime/TMP/TMP_TextInfo.cs
 0.1 kb	 0.0% Packages/com.unity.ugui/Runtime/TMP/TMP_SubMesh.cs
 0.1 kb	 0.0% Packages/com.unity.ugui/Runtime/TMP/TMP_Style.cs
 0.1 kb	 0.0% Packages/com.unity.ugui/Runtime/TMP/TMP_Sprite.cs
 0.1 kb	 0.0% Packages/com.unity.ugui/Runtime/TMP/TMP_Settings.cs
 0.1 kb	 0.0% Packages/com.unity.ugui/Runtime/TMP/TMP_MeshInfo.cs
 0.1 kb	 0.0% Packages/com.unity.ugui/Runtime/TMP/TMP_LineInfo.cs
 0.1 kb	 0.0% Packages/com.unity.ugui/Runtime/TMP/TMP_Dropdown.cs
 0.1 kb	 0.0% Packages/com.unity.ugui/Runtime/TMP/TMP_Asset.cs
 0.1 kb	 0.0% Packages/com.unity.ugui/Runtime/TMP/FastAction.cs
 0.1 kb	 0.0% Packages/com.unity.inputsystem/InputSystem/Devices/Pen.cs
 0.1 kb	 0.0% Packages/com.unity.burst/Runtime/Intrinsics/Common.cs
 0.1 kb	 0.0% Packages/com.unity.burst/Runtime/Intrinsics/Arm/NEON_ctor.cs
 0.1 kb	 0.0% Packages/com.unity.burst/Runtime/Intrinsics/Arm/NEON_AArch64.cs
 0.1 kb	 0.0% Assets/_Project/Core/Match/Enemy.cs
 0.1 kb	 0.0% Packages/com.unity.ugui/Runtime/UGUI/UI/Core/VertexModifiers/Shadow.cs
 0.1 kb	 0.0% Packages/com.unity.ugui/Runtime/UGUI/UI/Core/VertexModifiers/Outline.cs
 0.1 kb	 0.0% Packages/com.unity.ugui/Runtime/UGUI/UI/Core/Toggle.cs
 0.1 kb	 0.0% Packages/com.unity.ugui/Runtime/UGUI/UI/Core/Slider.cs
 0.1 kb	 0.0% Packages/com.unity.ugui/Runtime/UGUI/UI/Core/RawImage.cs
 0.1 kb	 0.0% Packages/com.unity.ugui/Runtime/UGUI/UI/Core/Image.cs
 0.1 kb	 0.0% Packages/com.unity.ugui/Runtime/UGUI/UI/Core/IMask.cs
 0.1 kb	 0.0% Packages/com.unity.ugui/Runtime/UGUI/UI/Core/Graphic.cs
 0.1 kb	 0.0% Packages/com.unity.ugui/Runtime/UGUI/UI/Core/FontData.cs
 0.1 kb	 0.0% Packages/com.unity.ugui/Runtime/UGUI/UI/Core/Dropdown.cs
 0.1 kb	 0.0% Packages/com.unity.ugui/Runtime/UGUI/UI/Core/Culling/Clipping.cs
 0.1 kb	 0.0% Packages/com.unity.ugui/Runtime/UGUI/UI/Core/Button.cs
 0.1 kb	 0.0% Packages/com.unity.burst/Runtime/SharedStatic.cs
 0.1 kb	 0.0% Packages/com.unity.burst/Runtime/Intrinsics/x86/Ssse3.cs
 0.1 kb	 0.0% Packages/com.unity.burst/Runtime/Intrinsics/x86/Sse4_2.cs
 0.1 kb	 0.0% Packages/com.unity.burst/Runtime/Intrinsics/x86/Sse4_1.cs
 0.1 kb	 0.0% Packages/com.unity.burst/Runtime/Intrinsics/x86/Popcnt.cs
 0.1 kb	 0.0% Packages/com.unity.burst/Runtime/Intrinsics/x86/Common.cs
 0.1 kb	 0.0% Packages/com.unity.burst/Runtime/CompilerServices/Hint.cs
 0.1 kb	 0.0% Packages/com.unity.burst/Runtime/BurstString.cs
 0.1 kb	 0.0% Packages/com.unity.burst/Runtime/BurstRuntime.cs
 0.1 kb	 0.0% Assets/_Project/Unity/Pitch.cs
 0.1 kb	 0.0% Assets/_Project/Unity/PerfHud.cs
 0.1 kb	 0.0% Assets/_Project/Unity/Icons.cs
 0.1 kb	 0.0% Packages/com.unity.ugui/Runtime/TMP/TMP_Text.cs
 0.1 kb	 0.0% Packages/com.unity.inputsystem/InputSystem/Plugins/UI/UISupport.cs
 0.1 kb	 0.0% Packages/com.unity.burst/Runtime/Intrinsics/x86/Sse3.cs
 0.1 kb	 0.0% Packages/com.unity.burst/Runtime/Intrinsics/x86/Sse2.cs
 0.1 kb	 0.0% Packages/com.unity.burst/Runtime/Intrinsics/x86/Sse.cs
 0.1 kb	 0.0% Packages/com.unity.burst/Runtime/Intrinsics/x86/Fma.cs
 0.1 kb	 0.0% Packages/com.unity.burst/Runtime/Intrinsics/x86/F16C.cs
 0.1 kb	 0.0% Packages/com.unity.burst/Runtime/Intrinsics/x86/Csr.cs
 0.1 kb	 0.0% Packages/com.unity.burst/Runtime/Intrinsics/x86/Bmi2.cs
 0.1 kb	 0.0% Packages/com.unity.burst/Runtime/Intrinsics/x86/Bmi1.cs
 0.1 kb	 0.0% Packages/com.unity.burst/Runtime/Intrinsics/x86/Avx2.cs
 0.1 kb	 0.0% Packages/com.unity.burst/Runtime/Intrinsics/x86/Avx.cs
 0.1 kb	 0.0% Packages/com.unity.burst/Runtime/Intrinsics/v64.cs
 0.1 kb	 0.0% Packages/com.unity.burst/Runtime/Intrinsics/v256.cs
 0.1 kb	 0.0% Packages/com.unity.burst/Runtime/Intrinsics/v128.cs
 0.1 kb	 0.0% Packages/com.unity.burst/Runtime/Intrinsics/Arm/NEON.cs
 0.1 kb	 0.0% Assets/_Project/Core/Match/Vec2.cs
 0.1 kb	 0.0% Packages/com.unity.ugui/Runtime/UGUI/UI/Core/Text.cs
 0.1 kb	 0.0% Packages/com.unity.ugui/Runtime/UGUI/UI/Core/Misc.cs
 0.1 kb	 0.0% Packages/com.unity.ugui/Runtime/UGUI/UI/Core/Mask.cs
 0.1 kb	 0.0% Assets/_Project/Unity/Hud.cs
 0.1 kb	 0.0% Assets/_Project/Unity/Draw.cs
 0.1 kb	 0.0% Assets/Resources/PerformanceTestRunSettings.json
-------------------------------------------------------------------------------
Unloading 0 Unused Serialized files (Serialized files now loaded: 0)
Unloading 266 unused Assets / (1.3 MB). Loaded Objects now: 4710.
Memory consumption went from 238.1 MB to 236.8 MB.
Total: 10.281833 ms (FindLiveObjects: 0.175500 ms CreateObjectMapping: 0.223292 ms MarkObjects: 9.071250 ms  DeleteObjects: 0.811458 ms)

Build Finished, Result: Success.
##utp:{"success":true,"type":"PlayerBuildInfo","version":2,"phase":"Immediate","time":1787539207575,"processId":9273,"steps":[{"description":"Preprocess Player","duration":180},{"description":"Prepare For Build","duration":9},{"description":"ProducePlayerScriptAssemblies","duration":635},{"description":"Verify Build setup","duration":59},{"description":"Prepare assets for target platform","duration":197},{"description":"Prepare splash screen","duration":1},{"description":"Build scripts DLLs","duration":3},{"description":"Building scenes","duration":139},{"description":"Build GlobalGameManagers file","duration":90},{"description":"Writing asset files","duration":799},{"description":"Building Resources/unity_builtin_extra","duration":101},{"description":"Write data build dirty tracking information","duration":46},{"description":"Postprocess built player","duration":2594}],"duration":4853}
Unloading 0 Unused Serialized files (Serialized files now loaded: 0)
Loaded scene 'Temp/__Backupscenes/0.backup'
	Deserialize:            0.671 ms
	Integration:            162.660 ms
	Integration of assets:  0.001 ms
	Thread Wait Time:       0.015 ms
	Total Operation Time:   163.347 ms
Unloading 0 unused Assets / (0 B). Loaded Objects now: 4705.
Memory consumption went from 231.3 MB to 231.3 MB.
Total: 5.673125 ms (FindLiveObjects: 0.131459 ms CreateObjectMapping: 0.207125 ms MarkObjects: 5.329042 ms  DeleteObjects: 0.005042 ms)

Launching external process: /Applications/Unity/Hub/Editor/6000.5.4f1/Unity.app/Contents/Resources/Scripting/il2cpp/build/deploy/Analytics
[BuildScript] OK — 1023 MB, 6s → ../ios-build
UnityEngine.Debug:ExtractStackTraceNoAlloc (byte*,int,string)
UnityEngine.StackTraceUtility:ExtractStackTrace () (at /Users/bokken/build/output/unity/unity/Runtime/Export/Scripting/StackTrace.cs:35)
UnityEngine.DebugLogHandler:Internal_Log (UnityEngine.LogType,UnityEngine.LogOption,string,UnityEngine.Object)
UnityEngine.DebugLogHandler:LogFormat (UnityEngine.LogType,UnityEngine.Object,string,object[])
UnityEngine.Logger:Log (UnityEngine.LogType,object)
UnityEngine.Debug:Log (object)
LaMuralla.EditorTools.BuildScript:BuildIOS () (at Assets/_Project/Editor/BuildScript.cs:55)

(Filename: Assets/_Project/Editor/BuildScript.cs Line: 55)

MonoPathRemapper: Attempts to remap: 72151; Successful remaps: 5110
Thread 0x36606f000 may have been prematurely finalized
Serialized file version minimum: 23, current 23
AcceleratorClientConnectionCallback - disconnected - :0
Importing 'GUID: 00000000000000004000000000000000 - Path: ProjectSettings/ProjectSettings.asset' with importer (LibraryAssetImporter)
Imported 'GUID: 00000000000000004000000000000000' -> (Import Result ID: 'd8a3d8e203a28c6f8ef4cc5a7cb82d17') in 0.010 seconds [static dependencies only]. Details - ImportResultOutputID=276a810dac73e1f29404d5e5f692e214 DependenciesID=58139967ebc7a8f206d255c6d6c3a7ef StaticDependenciesID=520da1c42192f23aa0daec21b2d1daa9 
Asset Pipeline Refresh (id=8120dae53d30646899049d96cc676635): Total: 0.055 seconds - Initiated by StopAssetImportingV2(NoUpdateAssetOptions)
Thread 0x36a447000 may have been prematurely finalized
Shutting down MSBuild server...
Shutting down VB/C# compiler server...
Input System module state changed to: ShutdownInProgress.
Input Polling Thread exited.
Input System module state changed to: Shutdown.
VB/C# compiler server shut down successfully.
[Physics::Module] Cleanup current backend.
[Physics::Module] Id: 0xf2b8ea05
[Licensing::IpcConnector] LicenseClient-tuantu-notifications channel disconnected successfully.
[Licensing::IpcConnector] LicenseClient-tuantu channel disconnected successfully.
Thread 0x1760df000 may have been prematurely finalized
Thread 0x176283000 may have been prematurely finalized
Thread 0x17639b000 may have been prematurely finalized
Thread 0x1761f7000 may have been prematurely finalized
Thread 0x176053000 may have been prematurely finalized
Thread 0x17630f000 may have been prematurely finalized
Thread 0x17616b000 may have been prematurely finalized
Thread 0x176427000 may have been prematurely finalized
MSBuild server shut down successfully.
AcceleratorClientConnectionCallback - disconnected - :0
Thread 0x327e87000 may have been prematurely finalized
Cleanup mono
CodeReloadManager destroyed
info: Microsoft.Hosting.Lifetime[0]
      Application is shutting down...
info: Unity.ILPP.Runner.PostProcessingAssemblyLoadContext[0]
      ALC ILPP context 2 is unloading
debugger-agent: Unable to listen on 39
[usbmuxd] Stop listen thread
[usbmuxd] Error: 
[usbmuxd] Listen thread exiting
